method,condition,seed,attack_level,total_reward,success,final_distance,episode_length,action_smoothness,action_magnitude,safety_violation,recovery_used,first_success_step,episode_idx,recovery_version,benchmark_layer,env
sac_her,clean,0,0.0,-150.0,0.0,0.34225606690255594,150,0.2863060235977173,1.6470431089401245,0.0,0.0,,0,none,B0,sac_her_pickandplace_randomized_2M
sac_her,clean,0,0.0,-150.0,0.0,0.3884547695970575,150,0.03208175301551819,1.124679446220398,0.0,0.0,,1,none,B0,sac_her_pickandplace_randomized_2M
sac_her,clean,0,0.0,-150.0,0.0,0.2364647540081676,150,0.03144163638353348,1.5791763067245483,0.0,0.0,,2,none,B0,sac_her_pickandplace_randomized_2M
sac_her,clean,0,0.0,-150.0,0.0,0.32139788047057627,150,0.036423251032829285,1.7030833959579468,0.0,0.0,,3,none,B0,sac_her_pickandplace_randomized_2M
sac_her,clean,0,0.0,-150.0,0.0,0.3833991408667048,150,0.027185456827282906,1.1839581727981567,0.0,0.0,,4,none,B0,sac_her_pickandplace_randomized_2M
sac_her,clean,0,0.0,-150.0,0.0,0.2566632391824746,150,0.0613529346883297,1.5477852821350098,0.0,0.0,,5,none,B0,sac_her_pickandplace_randomized_2M
sac_her,clean,0,0.0,-37.0,1.0,0.04566855303440728,150,1.0078222751617432,1.444461464881897,1.0,0.0,8.0,6,none,B0,sac_her_pickandplace_randomized_2M
sac_her,clean,0,0.0,-10.0,1.0,0.029057915493689794,150,0.16572584211826324,0.5868955254554749,0.0,0.0,10.0,7,none,B0,sac_her_pickandplace_randomized_2M
sac_her,clean,0,0.0,-150.0,0.0,0.2058833233297693,150,0.03461861610412598,1.353649616241455,0.0,0.0,,8,none,B0,sac_her_pickandplace_randomized_2M
sac_her,clean,0,0.0,-22.0,1.0,0.017353601626259794,150,0.66324383020401,1.0878347158432007,0.0,0.0,16.0,9,none,B0,sac_her_pickandplace_randomized_2M
sac_her,clean,0,0.0,-150.0,0.0,0.3129097043258147,150,0.02355801686644554,1.1547861099243164,0.0,0.0,,10,none,B0,sac_her_pickandplace_randomized_2M
sac_her,clean,0,0.0,-150.0,0.0,0.8328418353932158,150,0.19500000774860382,1.6562697887420654,0.0,0.0,,11,none,B0,sac_her_pickandplace_randomized_2M
sac_her,clean,0,0.0,-150.0,0.0,0.37996503207555216,150,0.02621803991496563,1.3840314149856567,0.0,0.0,,12,none,B0,sac_her_pickandplace_randomized_2M
sac_her,clean,0,0.0,-24.0,1.0,0.010998477765103825,150,0.384858101606369,1.0043444633483887,0.0,0.0,14.0,13,none,B0,sac_her_pickandplace_randomized_2M
sac_her,clean,0,0.0,-12.0,1.0,0.027745579709626968,150,0.20774349570274353,0.8781957030296326,0.0,0.0,12.0,14,none,B0,sac_her_pickandplace_randomized_2M
sac_her,clean,0,0.0,-150.0,0.0,0.4111389638095413,150,0.07779992371797562,1.2377671003341675,0.0,0.0,,15,none,B0,sac_her_pickandplace_randomized_2M
sac_her,clean,0,0.0,-24.0,1.0,0.003259162872674151,150,0.47150179743766785,0.9501603245735168,1.0,0.0,9.0,16,none,B0,sac_her_pickandplace_randomized_2M
sac_her,clean,0,0.0,-150.0,0.0,0.22003168886387892,150,0.056656140834093094,1.0891461372375488,0.0,0.0,,17,none,B0,sac_her_pickandplace_randomized_2M
sac_her,clean,0,0.0,-11.0,1.0,0.010000852862072687,150,0.15460336208343506,1.2209968566894531,0.0,0.0,11.0,18,none,B0,sac_her_pickandplace_randomized_2M
sac_her,clean,0,0.0,-34.0,1.0,0.02018893637486013,150,0.6923753619194031,1.5404393672943115,0.0,0.0,34.0,19,none,B0,sac_her_pickandplace_randomized_2M
sac_her,clean,0,0.0,-19.0,1.0,0.03396518395932463,150,0.2695198953151703,1.089561939239502,1.0,0.0,19.0,20,none,B0,sac_her_pickandplace_randomized_2M
sac_her,clean,0,0.0,-150.0,0.0,0.508012960487553,150,0.03252978250384331,1.2533987760543823,0.0,0.0,,21,none,B0,sac_her_pickandplace_randomized_2M
sac_her,clean,0,0.0,-138.0,0.0,0.05024086956194614,150,0.8157521486282349,1.2282741069793701,0.0,0.0,11.0,22,none,B0,sac_her_pickandplace_randomized_2M
sac_her,clean,0,0.0,-150.0,0.0,0.4219135440886297,150,0.024549657478928566,1.5896008014678955,0.0,0.0,,23,none,B0,sac_her_pickandplace_randomized_2M
sac_her,clean,0,0.0,-150.0,0.0,0.4796817585036592,150,0.03135763108730316,1.2330601215362549,0.0,0.0,,24,none,B0,sac_her_pickandplace_randomized_2M
sac_her,clean,0,0.0,-150.0,0.0,0.4596373729419731,150,0.02150743082165718,1.472008466720581,0.0,0.0,,25,none,B0,sac_her_pickandplace_randomized_2M
sac_her,clean,0,0.0,-150.0,0.0,0.3386463014797066,150,0.026318958029150963,1.486309289932251,0.0,0.0,,26,none,B0,sac_her_pickandplace_randomized_2M
sac_her,clean,0,0.0,-150.0,0.0,0.30983779921133026,150,0.06994431465864182,1.4931700229644775,0.0,0.0,,27,none,B0,sac_her_pickandplace_randomized_2M
sac_her,clean,0,0.0,-150.0,0.0,0.47063832770219616,150,0.033004287630319595,1.148504376411438,0.0,0.0,,28,none,B0,sac_her_pickandplace_randomized_2M
sac_her,clean,0,0.0,-150.0,0.0,0.23759751265200518,150,0.03773857653141022,1.5427039861679077,0.0,0.0,,29,none,B0,sac_her_pickandplace_randomized_2M
sac_her_recovery_v2,clean,0,0.0,-30.0,1.0,0.005990914421943802,150,0.49295878410339355,1.2709753513336182,1.0,1.0,30.0,30,v2,B2,sac_her_pickandplace_randomized_2M
sac_her_recovery_v2,clean,0,0.0,-150.0,0.0,0.3884547695970575,150,0.054993823170661926,1.13262939453125,0.0,1.0,,31,v2,B2,sac_her_pickandplace_randomized_2M
sac_her_recovery_v2,clean,0,0.0,-150.0,0.0,0.2364647540081676,150,0.057922497391700745,1.5707889795303345,0.0,1.0,,32,v2,B2,sac_her_pickandplace_randomized_2M
sac_her_recovery_v2,clean,0,0.0,-150.0,0.0,0.32139788047057627,150,0.15498793125152588,1.6737263202667236,0.0,1.0,,33,v2,B2,sac_her_pickandplace_randomized_2M
sac_her_recovery_v2,clean,0,0.0,-150.0,0.0,0.3833991408667048,150,0.04867186397314072,1.1900476217269897,0.0,1.0,,34,v2,B2,sac_her_pickandplace_randomized_2M
sac_her_recovery_v2,clean,0,0.0,-150.0,0.0,0.2566632391824746,150,0.13113343715667725,1.5414141416549683,1.0,1.0,,35,v2,B2,sac_her_pickandplace_randomized_2M
sac_her_recovery_v2,clean,0,0.0,-12.0,1.0,0.02855738685481238,150,0.2815396785736084,0.987427294254303,0.0,1.0,12.0,36,v2,B2,sac_her_pickandplace_randomized_2M
sac_her_recovery_v2,clean,0,0.0,-10.0,1.0,0.029057915493689794,150,0.16572584211826324,0.5868955254554749,0.0,0.0,10.0,37,v2,B2,sac_her_pickandplace_randomized_2M
sac_her_recovery_v2,clean,0,0.0,-150.0,0.0,0.2058833233297693,150,0.05597236007452011,1.3285088539123535,0.0,1.0,,38,v2,B2,sac_her_pickandplace_randomized_2M
sac_her_recovery_v2,clean,0,0.0,-14.0,1.0,0.026335076749796137,150,1.9617440700531006,1.238610029220581,0.0,1.0,14.0,39,v2,B2,sac_her_pickandplace_randomized_2M
sac_her_recovery_v2,clean,0,0.0,-150.0,0.0,0.3129097043258147,150,0.03646035119891167,1.158879280090332,0.0,1.0,,40,v2,B2,sac_her_pickandplace_randomized_2M
sac_her_recovery_v2,clean,0,0.0,-150.0,0.0,0.19921278072782703,150,0.31419968605041504,1.1274056434631348,1.0,1.0,,41,v2,B2,sac_her_pickandplace_randomized_2M
sac_her_recovery_v2,clean,0,0.0,-150.0,0.0,0.37996503207555216,150,0.0652228519320488,1.390350341796875,0.0,1.0,,42,v2,B2,sac_her_pickandplace_randomized_2M
sac_her_recovery_v2,clean,0,0.0,-21.0,1.0,0.012020647484428904,150,0.388427734375,1.1497639417648315,1.0,1.0,20.0,43,v2,B2,sac_her_pickandplace_randomized_2M
sac_her_recovery_v2,clean,0,0.0,-12.0,1.0,0.02878534041214266,150,1.2741166353225708,1.3566664457321167,0.0,1.0,12.0,44,v2,B2,sac_her_pickandplace_randomized_2M
sac_her_recovery_v2,clean,0,0.0,-150.0,0.0,0.4111389638095413,150,0.11119480431079865,1.249765396118164,0.0,1.0,,45,v2,B2,sac_her_pickandplace_randomized_2M
sac_her_recovery_v2,clean,0,0.0,-24.0,1.0,0.003259162872674151,150,0.47150179743766785,0.9501603245735168,1.0,0.0,9.0,46,v2,B2,sac_her_pickandplace_randomized_2M
sac_her_recovery_v2,clean,0,0.0,-150.0,0.0,0.22003168886387892,150,0.07254863530397415,1.0805597305297852,0.0,1.0,,47,v2,B2,sac_her_pickandplace_randomized_2M
sac_her_recovery_v2,clean,0,0.0,-11.0,1.0,0.010000852862072687,150,0.15460336208343506,1.2209968566894531,0.0,0.0,11.0,48,v2,B2,sac_her_pickandplace_randomized_2M
sac_her_recovery_v2,clean,0,0.0,-26.0,1.0,0.006012943556688768,150,1.1504346132278442,0.833937406539917,0.0,1.0,26.0,49,v2,B2,sac_her_pickandplace_randomized_2M
sac_her_recovery_v2,clean,0,0.0,-13.0,1.0,0.038364730375349626,150,1.0214309692382812,0.8966733813285828,0.0,1.0,13.0,50,v2,B2,sac_her_pickandplace_randomized_2M
sac_her_recovery_v2,clean,0,0.0,-150.0,0.0,0.508012960487553,150,0.05682580918073654,1.252847671508789,0.0,1.0,,51,v2,B2,sac_her_pickandplace_randomized_2M
sac_her_recovery_v2,clean,0,0.0,-138.0,0.0,0.05024086956194614,150,0.6883348226547241,1.0478559732437134,0.0,1.0,11.0,52,v2,B2,sac_her_pickandplace_randomized_2M
sac_her_recovery_v2,clean,0,0.0,-150.0,0.0,0.4219135440886297,150,0.051994241774082184,1.592166781425476,0.0,1.0,,53,v2,B2,sac_her_pickandplace_randomized_2M
sac_her_recovery_v2,clean,0,0.0,-150.0,0.0,0.4796817585036592,150,0.05433432012796402,1.2281692028045654,0.0,1.0,,54,v2,B2,sac_her_pickandplace_randomized_2M
sac_her_recovery_v2,clean,0,0.0,-150.0,0.0,0.4596373729419731,150,0.03214852884411812,1.471224308013916,0.0,1.0,,55,v2,B2,sac_her_pickandplace_randomized_2M
sac_her_recovery_v2,clean,0,0.0,-150.0,0.0,0.3386463014797066,150,0.09015645831823349,1.489525318145752,0.0,1.0,,56,v2,B2,sac_her_pickandplace_randomized_2M
sac_her_recovery_v2,clean,0,0.0,-150.0,0.0,0.30983779921133026,150,0.2011173665523529,1.4434734582901,0.0,1.0,,57,v2,B2,sac_her_pickandplace_randomized_2M
sac_her_recovery_v2,clean,0,0.0,-150.0,0.0,0.47063832770219616,150,0.06228943541646004,1.158226490020752,0.0,1.0,,58,v2,B2,sac_her_pickandplace_randomized_2M
sac_her_recovery_v2,clean,0,0.0,-150.0,0.0,0.23759751265200518,150,0.06435801833868027,1.5429316759109497,0.0,1.0,,59,v2,B2,sac_her_pickandplace_randomized_2M
sac_her_recovery_v3,clean,0,0.0,-37.0,1.0,0.042194084834072554,150,1.0133517980575562,0.9946857690811157,0.0,1.0,37.0,60,v3,B3,sac_her_pickandplace_randomized_2M
sac_her_recovery_v3,clean,0,0.0,-150.0,0.0,0.3884547695970575,150,0.058835554867982864,1.153686285018921,0.0,1.0,,61,v3,B3,sac_her_pickandplace_randomized_2M
sac_her_recovery_v3,clean,0,0.0,-150.0,0.0,0.2364647540081676,150,0.06647440046072006,1.5593235492706299,0.0,1.0,,62,v3,B3,sac_her_pickandplace_randomized_2M
sac_her_recovery_v3,clean,0,0.0,-150.0,0.0,0.32139788047057627,150,0.09333237260580063,1.6635551452636719,0.0,1.0,,63,v3,B3,sac_her_pickandplace_randomized_2M
sac_her_recovery_v3,clean,0,0.0,-150.0,0.0,0.3833991408667048,150,0.05062012001872063,1.2043466567993164,0.0,1.0,,64,v3,B3,sac_her_pickandplace_randomized_2M
sac_her_recovery_v3,clean,0,0.0,-150.0,0.0,0.2566632391824746,150,0.32095855474472046,1.3894670009613037,1.0,1.0,,65,v3,B3,sac_her_pickandplace_randomized_2M
sac_her_recovery_v3,clean,0,0.0,-27.0,1.0,0.03977297079145597,150,0.4113917946815491,0.9527707695960999,0.0,1.0,13.0,66,v3,B3,sac_her_pickandplace_randomized_2M
sac_her_recovery_v3,clean,0,0.0,-10.0,1.0,0.029057915493689794,150,0.16572584211826324,0.5868955254554749,0.0,0.0,10.0,67,v3,B3,sac_her_pickandplace_randomized_2M
sac_her_recovery_v3,clean,0,0.0,-150.0,0.0,0.2058833233297693,150,0.05597512796521187,1.3121920824050903,0.0,1.0,,68,v3,B3,sac_her_pickandplace_randomized_2M
sac_her_recovery_v3,clean,0,0.0,-17.0,1.0,0.003638958522037194,150,0.2386685013771057,1.0060107707977295,0.0,1.0,17.0,69,v3,B3,sac_her_pickandplace_randomized_2M
sac_her_recovery_v3,clean,0,0.0,-150.0,0.0,0.3129097043258147,150,0.03620907664299011,1.1692957878112793,0.0,1.0,,70,v3,B3,sac_her_pickandplace_randomized_2M
sac_her_recovery_v3,clean,0,0.0,-150.0,0.0,0.06462374850692763,150,0.9425836205482483,1.3173500299453735,1.0,1.0,,71,v3,B3,sac_her_pickandplace_randomized_2M
sac_her_recovery_v3,clean,0,0.0,-150.0,0.0,0.37996503207555216,150,0.06772436201572418,1.5180683135986328,0.0,1.0,,72,v3,B3,sac_her_pickandplace_randomized_2M
sac_her_recovery_v3,clean,0,0.0,-21.0,1.0,0.014012030933967431,150,0.37899458408355713,1.3415734767913818,0.0,1.0,21.0,73,v3,B3,sac_her_pickandplace_randomized_2M
sac_her_recovery_v3,clean,0,0.0,-13.0,1.0,0.013585309205555477,150,0.262891948223114,1.372921347618103,0.0,1.0,13.0,74,v3,B3,sac_her_pickandplace_randomized_2M
sac_her_recovery_v3,clean,0,0.0,-150.0,0.0,0.4111389638095413,150,0.11334174871444702,1.2722487449645996,0.0,1.0,,75,v3,B3,sac_her_pickandplace_randomized_2M
sac_her_recovery_v3,clean,0,0.0,-24.0,1.0,0.003259162872674151,150,0.47150179743766785,0.9501603245735168,1.0,0.0,9.0,76,v3,B3,sac_her_pickandplace_randomized_2M
sac_her_recovery_v3,clean,0,0.0,-150.0,0.0,0.22003168886387892,150,0.07617533206939697,1.0384187698364258,0.0,1.0,,77,v3,B3,sac_her_pickandplace_randomized_2M
sac_her_recovery_v3,clean,0,0.0,-11.0,1.0,0.010000852862072687,150,0.15460336208343506,1.2209968566894531,0.0,0.0,11.0,78,v3,B3,sac_her_pickandplace_randomized_2M
sac_her_recovery_v3,clean,0,0.0,-149.0,0.0,0.05950304084041686,150,0.45869746804237366,0.9702904224395752,1.0,1.0,13.0,79,v3,B3,sac_her_pickandplace_randomized_2M
sac_her_recovery_v3,clean,0,0.0,-61.0,1.0,0.014788867600459001,150,0.9987366795539856,1.392455816268921,0.0,1.0,61.0,80,v3,B3,sac_her_pickandplace_randomized_2M
sac_her_recovery_v3,clean,0,0.0,-150.0,0.0,0.508012960487553,150,0.05423792079091072,1.243406057357788,0.0,1.0,,81,v3,B3,sac_her_pickandplace_randomized_2M
sac_her_recovery_v3,clean,0,0.0,-138.0,0.0,0.05024086956194614,150,0.6532842516899109,1.0086965560913086,0.0,1.0,11.0,82,v3,B3,sac_her_pickandplace_randomized_2M
sac_her_recovery_v3,clean,0,0.0,-150.0,0.0,0.4219135440886297,150,0.051784709095954895,1.600765347480774,0.0,1.0,,83,v3,B3,sac_her_pickandplace_randomized_2M
sac_her_recovery_v3,clean,0,0.0,-150.0,0.0,0.4796817585036592,150,0.05661603435873985,1.2221972942352295,0.0,1.0,,84,v3,B3,sac_her_pickandplace_randomized_2M
sac_her_recovery_v3,clean,0,0.0,-150.0,0.0,0.4596373729419731,150,0.027031850069761276,1.4646344184875488,0.0,1.0,,85,v3,B3,sac_her_pickandplace_randomized_2M
sac_her_recovery_v3,clean,0,0.0,-150.0,0.0,0.3386463014797066,150,0.11601909250020981,1.4810463190078735,0.0,1.0,,86,v3,B3,sac_her_pickandplace_randomized_2M
sac_her_recovery_v3,clean,0,0.0,-150.0,0.0,0.30983779921133026,150,0.1693112552165985,1.441956639289856,0.0,1.0,,87,v3,B3,sac_her_pickandplace_randomized_2M
sac_her_recovery_v3,clean,0,0.0,-150.0,0.0,0.47063832770219616,150,0.06483900547027588,1.1792486906051636,0.0,1.0,,88,v3,B3,sac_her_pickandplace_randomized_2M
sac_her_recovery_v3,clean,0,0.0,-150.0,0.0,0.23759751265200518,150,0.06534545868635178,1.541839361190796,0.0,1.0,,89,v3,B3,sac_her_pickandplace_randomized_2M
sac_her,sensor_dropout,0,0.0,-150.0,0.0,0.35492253605282875,150,9.675463097380543e-09,1.480755090713501,0.0,0.0,,90,none,B1,sac_her_pickandplace_randomized_2M
sac_her,sensor_dropout,0,0.0,-150.0,0.0,0.3884547695970575,150,2.6535067476629592e-09,1.0563559532165527,0.0,0.0,,91,none,B1,sac_her_pickandplace_randomized_2M
sac_her,sensor_dropout,0,0.0,-150.0,0.0,0.2364647540081676,150,6.6578453861154685e-09,1.467212438583374,0.0,0.0,,92,none,B1,sac_her_pickandplace_randomized_2M
sac_her,sensor_dropout,0,0.0,-150.0,0.0,0.32139788047057627,150,6.693801513080189e-09,1.4159053564071655,0.0,0.0,,93,none,B1,sac_her_pickandplace_randomized_2M
sac_her,sensor_dropout,0,0.0,-150.0,0.0,0.3833991408667048,150,3.2251543657935144e-09,1.3899308443069458,0.0,0.0,,94,none,B1,sac_her_pickandplace_randomized_2M
sac_her,sensor_dropout,0,0.0,-150.0,0.0,0.2566632391824746,150,1.3857486269586161e-09,1.6524324417114258,0.0,0.0,,95,none,B1,sac_her_pickandplace_randomized_2M
sac_her,sensor_dropout,0,0.0,-150.0,0.0,0.13273061973338474,150,3.200249398815913e-09,1.8166923522949219,0.0,0.0,,96,none,B1,sac_her_pickandplace_randomized_2M
sac_her,sensor_dropout,0,0.0,-150.0,0.0,0.20660185637840017,150,6.210153724595102e-09,1.6653814315795898,0.0,0.0,,97,none,B1,sac_her_pickandplace_randomized_2M
sac_her,sensor_dropout,0,0.0,-150.0,0.0,0.2058833233297693,150,0.0,1.66864812374115,0.0,0.0,,98,none,B1,sac_her_pickandplace_randomized_2M
sac_her,sensor_dropout,0,0.0,-150.0,0.0,0.8963894207921478,150,0.048958610743284225,1.6253575086593628,0.0,0.0,,99,none,B1,sac_her_pickandplace_randomized_2M
sac_her,sensor_dropout,0,0.0,-150.0,0.0,0.3129097043258147,150,2.530019305169162e-09,1.0036171674728394,0.0,0.0,,100,none,B1,sac_her_pickandplace_randomized_2M
sac_her,sensor_dropout,0,0.0,-150.0,0.0,0.20015079772617977,150,2.4001869380896323e-09,1.8778018951416016,0.0,0.0,,101,none,B1,sac_her_pickandplace_randomized_2M
sac_her,sensor_dropout,0,0.0,-150.0,0.0,0.37996503207555216,150,5.426286975307448e-09,1.3704463243484497,0.0,0.0,,102,none,B1,sac_her_pickandplace_randomized_2M
sac_her,sensor_dropout,0,0.0,-150.0,0.0,0.17888574983757888,150,3.600280518156751e-09,1.7037094831466675,0.0,0.0,,103,none,B1,sac_her_pickandplace_randomized_2M
sac_her,sensor_dropout,0,0.0,-150.0,0.0,0.3299495069220616,150,0.0008899933309294283,1.9629027843475342,0.0,0.0,,104,none,B1,sac_her_pickandplace_randomized_2M
sac_her,sensor_dropout,0,0.0,-150.0,0.0,0.4111389638095413,150,3.149848604167005e-09,1.3290765285491943,0.0,0.0,,105,none,B1,sac_her_pickandplace_randomized_2M
sac_her,sensor_dropout,0,0.0,-150.0,0.0,0.18608245483895902,150,8.000623497039783e-10,1.6962101459503174,0.0,0.0,,106,none,B1,sac_her_pickandplace_randomized_2M
sac_her,sensor_dropout,0,0.0,-150.0,0.0,0.22003168886387892,150,5.337081443457237e-09,1.0122637748718262,0.0,0.0,,107,none,B1,sac_her_pickandplace_randomized_2M
sac_her,sensor_dropout,0,0.0,-150.0,0.0,0.2521079292661852,150,1.6001246994079565e-09,1.7803047895431519,0.0,0.0,,108,none,B1,sac_her_pickandplace_randomized_2M
sac_her,sensor_dropout,0,0.0,-150.0,0.0,0.2634386735484078,150,2.0001558187487944e-09,1.4825806617736816,0.0,0.0,,109,none,B1,sac_her_pickandplace_randomized_2M
sac_her,sensor_dropout,0,0.0,-150.0,0.0,0.22897168846032803,150,0.010717415250837803,1.7860945463180542,0.0,0.0,,110,none,B1,sac_her_pickandplace_randomized_2M
sac_her,sensor_dropout,0,0.0,-150.0,0.0,0.508012960487553,150,5.184996432205935e-09,1.0114014148712158,0.0,0.0,,111,none,B1,sac_her_pickandplace_randomized_2M
sac_her,sensor_dropout,0,0.0,-150.0,0.0,0.1498067725970526,150,1.8331731688192576e-09,1.5538341999053955,0.0,0.0,,112,none,B1,sac_her_pickandplace_randomized_2M
sac_her,sensor_dropout,0,0.0,-150.0,0.0,0.4219135440886297,150,0.0,1.602280616760254,0.0,0.0,,113,none,B1,sac_her_pickandplace_randomized_2M
sac_her,sensor_dropout,0,0.0,-150.0,0.0,0.4859638945815088,150,0.0025819509755820036,0.5092889666557312,0.0,0.0,,114,none,B1,sac_her_pickandplace_randomized_2M
sac_her,sensor_dropout,0,0.0,-150.0,0.0,0.4596373729419731,150,1.6001246994079565e-09,1.5385066270828247,0.0,0.0,,115,none,B1,sac_her_pickandplace_randomized_2M
sac_her,sensor_dropout,0,0.0,-150.0,0.0,0.3386463014797066,150,4.800373876179265e-09,1.6827620267868042,0.0,0.0,,116,none,B1,sac_her_pickandplace_randomized_2M
sac_her,sensor_dropout,0,0.0,-150.0,0.0,0.30983779921133026,150,8.000623497039783e-10,1.9572932720184326,0.0,0.0,,117,none,B1,sac_her_pickandplace_randomized_2M
sac_her,sensor_dropout,0,0.0,-150.0,0.0,0.47063832770219616,150,1.7889938419557438e-09,1.4897595643997192,0.0,0.0,,118,none,B1,sac_her_pickandplace_randomized_2M
sac_her,sensor_dropout,0,0.0,-150.0,0.0,0.23759751265200518,150,3.322908392888735e-09,1.5574284791946411,0.0,0.0,,119,none,B1,sac_her_pickandplace_randomized_2M
sac_her_recovery_v2,sensor_dropout,0,0.0,-150.0,0.0,0.35492253605282875,150,0.019101647660136223,1.4803115129470825,0.0,1.0,,120,v2,B2,sac_her_pickandplace_randomized_2M
sac_her_recovery_v2,sensor_dropout,0,0.0,-150.0,0.0,0.3884547695970575,150,0.014714138582348824,1.0569268465042114,0.0,1.0,,121,v2,B2,sac_her_pickandplace_randomized_2M
sac_her_recovery_v2,sensor_dropout,0,0.0,-150.0,0.0,0.2364647540081676,150,0.031163867563009262,1.4653130769729614,0.0,1.0,,122,v2,B2,sac_her_pickandplace_randomized_2M
sac_her_recovery_v2,sensor_dropout,0,0.0,-150.0,0.0,0.32139788047057627,150,0.018201777711510658,1.4165067672729492,0.0,1.0,,123,v2,B2,sac_her_pickandplace_randomized_2M
sac_her_recovery_v2,sensor_dropout,0,0.0,-150.0,0.0,0.3833991408667048,150,0.030226003378629684,1.388607382774353,0.0,1.0,,124,v2,B2,sac_her_pickandplace_randomized_2M
sac_her_recovery_v2,sensor_dropout,0,0.0,-150.0,0.0,0.2566632391824746,150,0.023776352405548096,1.6499717235565186,0.0,1.0,,125,v2,B2,sac_her_pickandplace_randomized_2M
sac_her_recovery_v2,sensor_dropout,0,0.0,-150.0,0.0,0.13273061973338474,150,0.009613054804503918,0.6867138743400574,0.0,1.0,,126,v2,B2,sac_her_pickandplace_randomized_2M
sac_her_recovery_v2,sensor_dropout,0,0.0,-150.0,0.0,0.20660185637840017,150,0.026249300688505173,1.6611136198043823,0.0,1.0,,127,v2,B2,sac_her_pickandplace_randomized_2M
sac_her_recovery_v2,sensor_dropout,0,0.0,-150.0,0.0,0.2058833233297693,150,0.021500227972865105,1.6643866300582886,0.0,1.0,,128,v2,B2,sac_her_pickandplace_randomized_2M
sac_her_recovery_v2,sensor_dropout,0,0.0,-150.0,0.0,0.283310148765113,150,0.06398465484380722,1.3142075538635254,1.0,1.0,,129,v2,B2,sac_her_pickandplace_randomized_2M
sac_her_recovery_v2,sensor_dropout,0,0.0,-150.0,0.0,0.3129097043258147,150,0.022895807400345802,1.0037389993667603,0.0,1.0,,130,v2,B2,sac_her_pickandplace_randomized_2M
sac_her_recovery_v2,sensor_dropout,0,0.0,-150.0,0.0,0.20015079772617977,150,0.017763787880539894,1.0182952880859375,0.0,1.0,,131,v2,B2,sac_her_pickandplace_randomized_2M
sac_her_recovery_v2,sensor_dropout,0,0.0,-150.0,0.0,0.37996503207555216,150,0.026819661259651184,1.370758295059204,0.0,1.0,,132,v2,B2,sac_her_pickandplace_randomized_2M
sac_her_recovery_v2,sensor_dropout,0,0.0,-150.0,0.0,0.17888574983757888,150,0.02147187851369381,1.6983144283294678,0.0,1.0,,133,v2,B2,sac_her_pickandplace_randomized_2M
sac_her_recovery_v2,sensor_dropout,0,0.0,-150.0,0.0,0.6494147943541326,150,0.18459424376487732,1.559128999710083,1.0,1.0,,134,v2,B2,sac_her_pickandplace_randomized_2M
sac_her_recovery_v2,sensor_dropout,0,0.0,-150.0,0.0,0.4111389638095413,150,0.026847228407859802,1.330267071723938,0.0,1.0,,135,v2,B2,sac_her_pickandplace_randomized_2M
sac_her_recovery_v2,sensor_dropout,0,0.0,-150.0,0.0,0.18608245483895902,150,0.027695585042238235,1.6911048889160156,0.0,1.0,,136,v2,B2,sac_her_pickandplace_randomized_2M
sac_her_recovery_v2,sensor_dropout,0,0.0,-150.0,0.0,0.22003168886387892,150,0.019076017662882805,1.0128496885299683,0.0,1.0,,137,v2,B2,sac_her_pickandplace_randomized_2M
sac_her_recovery_v2,sensor_dropout,0,0.0,-150.0,0.0,0.2521079292661852,150,0.015404589474201202,1.7766581773757935,0.0,1.0,,138,v2,B2,sac_her_pickandplace_randomized_2M
sac_her_recovery_v2,sensor_dropout,0,0.0,-150.0,0.0,0.2634386735484078,150,0.01857439987361431,1.479522466659546,0.0,1.0,,139,v2,B2,sac_her_pickandplace_randomized_2M
sac_her_recovery_v2,sensor_dropout,0,0.0,-150.0,0.0,0.22897168846032803,150,0.07881742715835571,1.704094409942627,0.0,1.0,,140,v2,B2,sac_her_pickandplace_randomized_2M
sac_her_recovery_v2,sensor_dropout,0,0.0,-150.0,0.0,0.508012960487553,150,0.01761791668832302,1.0141198635101318,0.0,1.0,,141,v2,B2,sac_her_pickandplace_randomized_2M
sac_her_recovery_v2,sensor_dropout,0,0.0,-150.0,0.0,0.1498067725970526,150,0.022563377395272255,1.548468828201294,0.0,1.0,,142,v2,B2,sac_her_pickandplace_randomized_2M
sac_her_recovery_v2,sensor_dropout,0,0.0,-150.0,0.0,0.4219135440886297,150,0.020099947229027748,1.6023885011672974,0.0,1.0,,143,v2,B2,sac_her_pickandplace_randomized_2M
sac_her_recovery_v2,sensor_dropout,0,0.0,-150.0,0.0,0.4837744971503076,150,0.07424279302358627,0.5250811576843262,0.0,1.0,,144,v2,B2,sac_her_pickandplace_randomized_2M
sac_her_recovery_v2,sensor_dropout,0,0.0,-150.0,0.0,0.4596373729419731,150,0.033375177532434464,1.5358840227127075,0.0,1.0,,145,v2,B2,sac_her_pickandplace_randomized_2M
sac_her_recovery_v2,sensor_dropout,0,0.0,-150.0,0.0,0.3386463014797066,150,0.026813801378011703,1.6811140775680542,0.0,1.0,,146,v2,B2,sac_her_pickandplace_randomized_2M
sac_her_recovery_v2,sensor_dropout,0,0.0,-150.0,0.0,0.30983779921133026,150,0.007291696034371853,1.39838445186615,0.0,1.0,,147,v2,B2,sac_her_pickandplace_randomized_2M
sac_her_recovery_v2,sensor_dropout,0,0.0,-150.0,0.0,0.47063832770219616,150,0.03068155236542225,1.489295244216919,0.0,1.0,,148,v2,B2,sac_her_pickandplace_randomized_2M
sac_her_recovery_v2,sensor_dropout,0,0.0,-150.0,0.0,0.23759751265200518,150,0.025970084592700005,1.5549654960632324,0.0,1.0,,149,v2,B2,sac_her_pickandplace_randomized_2M
sac_her_recovery_v3,sensor_dropout,0,0.0,-150.0,0.0,0.35492253605282875,150,0.019101647660136223,1.4763189554214478,0.0,1.0,,150,v3,B3,sac_her_pickandplace_randomized_2M
sac_her_recovery_v3,sensor_dropout,0,0.0,-150.0,0.0,0.3884547695970575,150,0.014714138582348824,1.0580686330795288,0.0,1.0,,151,v3,B3,sac_her_pickandplace_randomized_2M
sac_her_recovery_v3,sensor_dropout,0,0.0,-150.0,0.0,0.2364647540081676,150,0.031163867563009262,1.4615147113800049,0.0,1.0,,152,v3,B3,sac_her_pickandplace_randomized_2M
sac_her_recovery_v3,sensor_dropout,0,0.0,-150.0,0.0,0.32139788047057627,150,0.018201777711510658,1.4177093505859375,0.0,1.0,,153,v3,B3,sac_her_pickandplace_randomized_2M
sac_her_recovery_v3,sensor_dropout,0,0.0,-150.0,0.0,0.3833991408667048,150,0.030226003378629684,1.385960340499878,0.0,1.0,,154,v3,B3,sac_her_pickandplace_randomized_2M
sac_her_recovery_v3,sensor_dropout,0,0.0,-150.0,0.0,0.2566632391824746,150,0.023776352405548096,1.6450501680374146,0.0,1.0,,155,v3,B3,sac_her_pickandplace_randomized_2M
sac_her_recovery_v3,sensor_dropout,0,0.0,-150.0,0.0,0.13273061973338474,150,0.009613054804503918,0.6867138743400574,0.0,1.0,,156,v3,B3,sac_her_pickandplace_randomized_2M
sac_her_recovery_v3,sensor_dropout,0,0.0,-150.0,0.0,0.20660185637840017,150,0.026249300688505173,1.6227023601531982,0.0,1.0,,157,v3,B3,sac_her_pickandplace_randomized_2M
sac_her_recovery_v3,sensor_dropout,0,0.0,-150.0,0.0,0.2058833233297693,150,0.021500227972865105,1.6558634042739868,0.0,1.0,,158,v3,B3,sac_her_pickandplace_randomized_2M
sac_her_recovery_v3,sensor_dropout,0,0.0,-150.0,0.0,0.24824349311153082,150,0.07491201907396317,1.649329662322998,0.0,1.0,,159,v3,B3,sac_her_pickandplace_randomized_2M
sac_her_recovery_v3,sensor_dropout,0,0.0,-150.0,0.0,0.3129097043258147,150,0.022895807400345802,1.0039829015731812,0.0,1.0,,160,v3,B3,sac_her_pickandplace_randomized_2M
sac_her_recovery_v3,sensor_dropout,0,0.0,-150.0,0.0,0.20015079772617977,150,0.017763787880539894,1.0182952880859375,0.0,1.0,,161,v3,B3,sac_her_pickandplace_randomized_2M
sac_her_recovery_v3,sensor_dropout,0,0.0,-150.0,0.0,0.37996503207555216,150,0.026819661259651184,1.3713818788528442,0.0,1.0,,162,v3,B3,sac_her_pickandplace_randomized_2M
sac_her_recovery_v3,sensor_dropout,0,0.0,-150.0,0.0,0.17888574983757888,150,0.02147187851369381,1.6497575044631958,0.0,1.0,,163,v3,B3,sac_her_pickandplace_randomized_2M
sac_her_recovery_v3,sensor_dropout,0,0.0,-150.0,0.0,0.17129059226896995,150,0.08947506546974182,1.2864999771118164,0.0,1.0,,164,v3,B3,sac_her_pickandplace_randomized_2M
sac_her_recovery_v3,sensor_dropout,0,0.0,-150.0,0.0,0.4111389638095413,150,0.026847228407859802,1.3326481580734253,0.0,1.0,,165,v3,B3,sac_her_pickandplace_randomized_2M
sac_her_recovery_v3,sensor_dropout,0,0.0,-150.0,0.0,0.18608245483895902,150,0.027695585042238235,1.645156979560852,0.0,1.0,,166,v3,B3,sac_her_pickandplace_randomized_2M
sac_her_recovery_v3,sensor_dropout,0,0.0,-150.0,0.0,0.22003168886387892,150,0.019076017662882805,1.014021635055542,0.0,1.0,,167,v3,B3,sac_her_pickandplace_randomized_2M
sac_her_recovery_v3,sensor_dropout,0,0.0,-150.0,0.0,0.2521079292661852,150,0.015404589474201202,1.7438371181488037,0.0,1.0,,168,v3,B3,sac_her_pickandplace_randomized_2M
sac_her_recovery_v3,sensor_dropout,0,0.0,-150.0,0.0,0.2634386735484078,150,0.01857439987361431,1.451999545097351,0.0,1.0,,169,v3,B3,sac_her_pickandplace_randomized_2M
sac_her_recovery_v3,sensor_dropout,0,0.0,-150.0,0.0,0.22897168846032803,150,0.04411964863538742,1.6571357250213623,0.0,1.0,,170,v3,B3,sac_her_pickandplace_randomized_2M
sac_her_recovery_v3,sensor_dropout,0,0.0,-150.0,0.0,0.508012960487553,150,0.01761791668832302,1.019556999206543,0.0,1.0,,171,v3,B3,sac_her_pickandplace_randomized_2M
sac_her_recovery_v3,sensor_dropout,0,0.0,-150.0,0.0,0.1498067725970526,150,0.022563377395272255,1.5001808404922485,0.0,1.0,,172,v3,B3,sac_her_pickandplace_randomized_2M
sac_her_recovery_v3,sensor_dropout,0,0.0,-150.0,0.0,0.4219135440886297,150,0.020099947229027748,1.6026043891906738,0.0,1.0,,173,v3,B3,sac_her_pickandplace_randomized_2M
sac_her_recovery_v3,sensor_dropout,0,0.0,-150.0,0.0,0.4844371910874537,150,0.05005674809217453,0.6688279509544373,0.0,1.0,,174,v3,B3,sac_her_pickandplace_randomized_2M
sac_her_recovery_v3,sensor_dropout,0,0.0,-150.0,0.0,0.4596373729419731,150,0.033375177532434464,1.530638575553894,0.0,1.0,,175,v3,B3,sac_her_pickandplace_randomized_2M
sac_her_recovery_v3,sensor_dropout,0,0.0,-150.0,0.0,0.3386463014797066,150,0.026813801378011703,1.6778184175491333,0.0,1.0,,176,v3,B3,sac_her_pickandplace_randomized_2M
sac_her_recovery_v3,sensor_dropout,0,0.0,-150.0,0.0,0.30983779921133026,150,0.007291696034371853,1.39838445186615,0.0,1.0,,177,v3,B3,sac_her_pickandplace_randomized_2M
sac_her_recovery_v3,sensor_dropout,0,0.0,-150.0,0.0,0.47063832770219616,150,0.03068155236542225,1.4883664846420288,0.0,1.0,,178,v3,B3,sac_her_pickandplace_randomized_2M
sac_her_recovery_v3,sensor_dropout,0,0.0,-150.0,0.0,0.23759751265200518,150,0.025970084592700005,1.5500396490097046,0.0,1.0,,179,v3,B3,sac_her_pickandplace_randomized_2M
sac_her,sensor_bias,0,0.1,-150.0,0.0,0.35492253605282875,150,0.12953540682792664,1.179398536682129,0.0,0.0,,180,none,B1,sac_her_pickandplace_randomized_2M
sac_her,sensor_bias,0,0.1,-150.0,0.0,0.3884547695970575,150,0.007068337872624397,1.8542394638061523,0.0,0.0,,181,none,B1,sac_her_pickandplace_randomized_2M
sac_her,sensor_bias,0,0.1,-150.0,0.0,0.2364647540081676,150,0.030041823163628578,1.5757642984390259,0.0,0.0,,182,none,B1,sac_her_pickandplace_randomized_2M
sac_her,sensor_bias,0,0.1,-150.0,0.0,0.32139788047057627,150,0.039977237582206726,1.6568169593811035,0.0,0.0,,183,none,B1,sac_her_pickandplace_randomized_2M
sac_her,sensor_bias,0,0.1,-150.0,0.0,0.3833991408667048,150,0.010428743436932564,1.6466577053070068,0.0,0.0,,184,none,B1,sac_her_pickandplace_randomized_2M
sac_her,sensor_bias,0,0.1,-150.0,0.0,0.2566632391824746,150,0.06040843948721886,1.2154079675674438,0.0,0.0,,185,none,B1,sac_her_pickandplace_randomized_2M
sac_her,sensor_bias,0,0.1,-150.0,0.0,0.13273061973338474,150,0.5649648308753967,1.2105802297592163,0.0,0.0,,186,none,B1,sac_her_pickandplace_randomized_2M
sac_her,sensor_bias,0,0.1,-150.0,0.0,0.22948886375665634,150,0.09543997794389725,1.5838600397109985,0.0,0.0,,187,none,B1,sac_her_pickandplace_randomized_2M
sac_her,sensor_bias,0,0.1,-150.0,0.0,0.2058833233297693,150,0.0692671686410904,1.3336414098739624,0.0,0.0,,188,none,B1,sac_her_pickandplace_randomized_2M
sac_her,sensor_bias,0,0.1,-150.0,0.0,0.6530026154121429,150,0.2137700468301773,1.650967001914978,1.0,0.0,,189,none,B1,sac_her_pickandplace_randomized_2M
sac_her,sensor_bias,0,0.1,-150.0,0.0,0.3129097043258147,150,0.017490023747086525,1.3326778411865234,0.0,0.0,,190,none,B1,sac_her_pickandplace_randomized_2M
sac_her,sensor_bias,0,0.1,-150.0,0.0,0.8545281657451502,150,0.2179805338382721,1.8977844715118408,0.0,0.0,,191,none,B1,sac_her_pickandplace_randomized_2M
sac_her,sensor_bias,0,0.1,-150.0,0.0,0.37996503207555216,150,0.037913087755441666,1.5561883449554443,0.0,0.0,,192,none,B1,sac_her_pickandplace_randomized_2M
sac_her,sensor_bias,0,0.1,-23.0,1.0,0.015691572231737252,150,0.5152133703231812,1.147343397140503,0.0,0.0,23.0,193,none,B1,sac_her_pickandplace_randomized_2M
sac_her,sensor_bias,0,0.1,-150.0,0.0,0.1497907056490024,150,0.06661554425954819,1.057293176651001,0.0,0.0,,194,none,B1,sac_her_pickandplace_randomized_2M
sac_her,sensor_bias,0,0.1,-150.0,0.0,0.4111389638095413,150,0.016096236184239388,1.2061785459518433,0.0,0.0,,195,none,B1,sac_her_pickandplace_randomized_2M
sac_her,sensor_bias,0,0.1,-150.0,0.0,0.18608245483895902,150,0.35913166403770447,0.43316254019737244,0.0,0.0,,196,none,B1,sac_her_pickandplace_randomized_2M
sac_her,sensor_bias,0,0.1,-150.0,0.0,0.22003168886387892,150,0.02569901943206787,1.2667691707611084,0.0,0.0,,197,none,B1,sac_her_pickandplace_randomized_2M
sac_her,sensor_bias,0,0.1,-150.0,0.0,0.2521079292661852,150,1.3534183502197266,1.2778290510177612,0.0,0.0,,198,none,B1,sac_her_pickandplace_randomized_2M
sac_her,sensor_bias,0,0.1,-150.0,0.0,0.19456446711774164,150,2.423809766769409,1.5893441438674927,0.0,0.0,,199,none,B1,sac_her_pickandplace_randomized_2M
sac_her,sensor_bias,0,0.1,-150.0,0.0,0.3250544835740189,150,1.8731683492660522,1.3324190378189087,0.0,0.0,,200,none,B1,sac_her_pickandplace_randomized_2M
sac_her,sensor_bias,0,0.1,-150.0,0.0,0.508012960487553,150,0.010358184576034546,1.7604455947875977,0.0,0.0,,201,none,B1,sac_her_pickandplace_randomized_2M
sac_her,sensor_bias,0,0.1,-150.0,0.0,0.1498067725970526,150,0.03066566400229931,0.7993423938751221,0.0,0.0,,202,none,B1,sac_her_pickandplace_randomized_2M
sac_her,sensor_bias,0,0.1,-150.0,0.0,0.4219135440886297,150,0.023103026673197746,1.571894884109497,0.0,0.0,,203,none,B1,sac_her_pickandplace_randomized_2M
sac_her,sensor_bias,0,0.1,-150.0,0.0,0.5282717455354856,150,0.05113610252737999,1.5826468467712402,0.0,0.0,,204,none,B1,sac_her_pickandplace_randomized_2M
sac_her,sensor_bias,0,0.1,-150.0,0.0,0.4596373729419731,150,0.02854010835289955,1.5115020275115967,0.0,0.0,,205,none,B1,sac_her_pickandplace_randomized_2M
sac_her,sensor_bias,0,0.1,-150.0,0.0,0.3386463014797066,150,0.015319712460041046,1.4498411417007446,0.0,0.0,,206,none,B1,sac_her_pickandplace_randomized_2M
sac_her,sensor_bias,0,0.1,-150.0,0.0,0.30983779921133026,150,0.1117098480463028,1.6941174268722534,0.0,0.0,,207,none,B1,sac_her_pickandplace_randomized_2M
sac_her,sensor_bias,0,0.1,-150.0,0.0,0.47063832770219616,150,0.01741904951632023,1.5381962060928345,0.0,0.0,,208,none,B1,sac_her_pickandplace_randomized_2M
sac_her,sensor_bias,0,0.1,-150.0,0.0,0.23759751265200518,150,0.013681799173355103,1.7176482677459717,0.0,0.0,,209,none,B1,sac_her_pickandplace_randomized_2M
sac_her_recovery_v2,sensor_bias,0,0.1,-150.0,0.0,0.41522052169415696,150,0.26209813356399536,1.5090713500976562,0.0,1.0,,210,v2,B2,sac_her_pickandplace_randomized_2M
sac_her_recovery_v2,sensor_bias,0,0.1,-150.0,0.0,0.3884547695970575,150,0.05088800564408302,1.5849324464797974,0.0,1.0,,211,v2,B2,sac_her_pickandplace_randomized_2M
sac_her_recovery_v2,sensor_bias,0,0.1,-150.0,0.0,0.2364647540081676,150,0.48628291487693787,1.5695499181747437,0.0,1.0,,212,v2,B2,sac_her_pickandplace_randomized_2M
sac_her_recovery_v2,sensor_bias,0,0.1,-150.0,0.0,0.32139788047057627,150,0.4578897953033447,1.721153974533081,0.0,1.0,,213,v2,B2,sac_her_pickandplace_randomized_2M
sac_her_recovery_v2,sensor_bias,0,0.1,-150.0,0.0,0.3833991408667048,150,0.046440985053777695,1.7192771434783936,0.0,1.0,,214,v2,B2,sac_her_pickandplace_randomized_2M
sac_her_recovery_v2,sensor_bias,0,0.1,-150.0,0.0,0.2566632391824746,150,0.08153649419546127,1.5262463092803955,0.0,1.0,,215,v2,B2,sac_her_pickandplace_randomized_2M
sac_her_recovery_v2,sensor_bias,0,0.1,-150.0,0.0,0.13273061973338474,150,0.09134296327829361,1.3552916049957275,0.0,1.0,,216,v2,B2,sac_her_pickandplace_randomized_2M
sac_her_recovery_v2,sensor_bias,0,0.1,-150.0,0.0,0.20660185637840017,150,1.8733996152877808,1.2215808629989624,0.0,1.0,,217,v2,B2,sac_her_pickandplace_randomized_2M
sac_her_recovery_v2,sensor_bias,0,0.1,-150.0,0.0,0.2058833233297693,150,0.0734887570142746,1.2588533163070679,0.0,1.0,,218,v2,B2,sac_her_pickandplace_randomized_2M
sac_her_recovery_v2,sensor_bias,0,0.1,-150.0,0.0,0.16761008947602418,150,1.2858372926712036,1.155948519706726,0.0,1.0,,219,v2,B2,sac_her_pickandplace_randomized_2M
sac_her_recovery_v2,sensor_bias,0,0.1,-150.0,0.0,0.3129097043258147,150,0.0386812724173069,1.2312970161437988,0.0,1.0,,220,v2,B2,sac_her_pickandplace_randomized_2M
sac_her_recovery_v2,sensor_bias,0,0.1,-150.0,0.0,0.20015079772617977,150,0.1071997657418251,1.1602391004562378,0.0,1.0,,221,v2,B2,sac_her_pickandplace_randomized_2M
sac_her_recovery_v2,sensor_bias,0,0.1,-150.0,0.0,0.37996503207555216,150,0.038725826889276505,1.601636528968811,0.0,1.0,,222,v2,B2,sac_her_pickandplace_randomized_2M
sac_her_recovery_v2,sensor_bias,0,0.1,-150.0,0.0,0.17888574983757888,150,0.14716795086860657,1.515159249305725,0.0,1.0,,223,v2,B2,sac_her_pickandplace_randomized_2M
sac_her_recovery_v2,sensor_bias,0,0.1,-150.0,0.0,0.15461481136609606,150,1.1483949422836304,1.1989161968231201,0.0,1.0,,224,v2,B2,sac_her_pickandplace_randomized_2M
sac_her_recovery_v2,sensor_bias,0,0.1,-150.0,0.0,0.4111389638095413,150,0.04208683595061302,1.468688726425171,0.0,1.0,,225,v2,B2,sac_her_pickandplace_randomized_2M
sac_her_recovery_v2,sensor_bias,0,0.1,-150.0,0.0,0.18608245483895902,150,0.43034061789512634,1.4960474967956543,0.0,1.0,,226,v2,B2,sac_her_pickandplace_randomized_2M
sac_her_recovery_v2,sensor_bias,0,0.1,-150.0,0.0,0.22003168886387892,150,1.0601048469543457,1.547630786895752,0.0,1.0,,227,v2,B2,sac_her_pickandplace_randomized_2M
sac_her_recovery_v2,sensor_bias,0,0.1,-150.0,0.0,0.2521079292661852,150,2.225025177001953,1.642425775527954,0.0,1.0,,228,v2,B2,sac_her_pickandplace_randomized_2M
sac_her_recovery_v2,sensor_bias,0,0.1,-150.0,0.0,0.2634386735484078,150,0.5493841767311096,0.7662717700004578,0.0,1.0,,229,v2,B2,sac_her_pickandplace_randomized_2M
sac_her_recovery_v2,sensor_bias,0,0.1,-150.0,0.0,0.1604367988897489,150,0.09946189820766449,1.3470780849456787,0.0,1.0,,230,v2,B2,sac_her_pickandplace_randomized_2M
sac_her_recovery_v2,sensor_bias,0,0.1,-150.0,0.0,0.508012960487553,150,0.10473267734050751,1.6550050973892212,0.0,1.0,,231,v2,B2,sac_her_pickandplace_randomized_2M
sac_her_recovery_v2,sensor_bias,0,0.1,-150.0,0.0,0.1498067725970526,150,0.11222521960735321,1.3496140241622925,0.0,1.0,,232,v2,B2,sac_her_pickandplace_randomized_2M
sac_her_recovery_v2,sensor_bias,0,0.1,-150.0,0.0,0.4219135440886297,150,0.06057564541697502,1.3256866931915283,0.0,1.0,,233,v2,B2,sac_her_pickandplace_randomized_2M
sac_her_recovery_v2,sensor_bias,0,0.1,-150.0,0.0,0.4796817585036592,150,0.049441687762737274,1.7038956880569458,0.0,1.0,,234,v2,B2,sac_her_pickandplace_randomized_2M
sac_her_recovery_v2,sensor_bias,0,0.1,-150.0,0.0,0.4596373729419731,150,0.15015564858913422,0.7281239032745361,0.0,1.0,,235,v2,B2,sac_her_pickandplace_randomized_2M
sac_her_recovery_v2,sensor_bias,0,0.1,-150.0,0.0,0.3386463014797066,150,0.08217897266149521,1.4416064023971558,0.0,1.0,,236,v2,B2,sac_her_pickandplace_randomized_2M
sac_her_recovery_v2,sensor_bias,0,0.1,-150.0,0.0,0.30983779921133026,150,0.06899276375770569,0.5440682172775269,0.0,1.0,,237,v2,B2,sac_her_pickandplace_randomized_2M
sac_her_recovery_v2,sensor_bias,0,0.1,-150.0,0.0,0.47063832770219616,150,0.04874799773097038,1.1600948572158813,0.0,1.0,,238,v2,B2,sac_her_pickandplace_randomized_2M
sac_her_recovery_v2,sensor_bias,0,0.1,-150.0,0.0,0.23759751265200518,150,0.11510252207517624,1.3430534601211548,0.0,1.0,,239,v2,B2,sac_her_pickandplace_randomized_2M
sac_her_recovery_v3,sensor_bias,0,0.1,-150.0,0.0,0.35492253605282875,150,0.6165456175804138,1.1802273988723755,1.0,1.0,,240,v3,B3,sac_her_pickandplace_randomized_2M
sac_her_recovery_v3,sensor_bias,0,0.1,-150.0,0.0,0.3884547695970575,150,0.054334856569767,1.3883461952209473,0.0,1.0,,241,v3,B3,sac_her_pickandplace_randomized_2M
sac_her_recovery_v3,sensor_bias,0,0.1,-150.0,0.0,0.2364647540081676,150,0.06038424000144005,1.6812310218811035,0.0,1.0,,242,v3,B3,sac_her_pickandplace_randomized_2M
sac_her_recovery_v3,sensor_bias,0,0.1,-150.0,0.0,0.32139788047057627,150,0.13566511869430542,1.554432988166809,0.0,1.0,,243,v3,B3,sac_her_pickandplace_randomized_2M
sac_her_recovery_v3,sensor_bias,0,0.1,-150.0,0.0,0.3833991408667048,150,0.03494082763791084,1.2367775440216064,0.0,1.0,,244,v3,B3,sac_her_pickandplace_randomized_2M
sac_her_recovery_v3,sensor_bias,0,0.1,-150.0,0.0,0.2566632391824746,150,0.06296361237764359,1.6165838241577148,0.0,1.0,,245,v3,B3,sac_her_pickandplace_randomized_2M
sac_her_recovery_v3,sensor_bias,0,0.1,-150.0,0.0,0.13273061973338474,150,0.05425402522087097,1.4954689741134644,0.0,1.0,,246,v3,B3,sac_her_pickandplace_randomized_2M
sac_her_recovery_v3,sensor_bias,0,0.1,-150.0,0.0,0.20660185637840017,150,0.07548045367002487,1.4124623537063599,0.0,1.0,,247,v3,B3,sac_her_pickandplace_randomized_2M
sac_her_recovery_v3,sensor_bias,0,0.1,-150.0,0.0,0.2058833233297693,150,0.12242724001407623,1.4924296140670776,0.0,1.0,,248,v3,B3,sac_her_pickandplace_randomized_2M
sac_her_recovery_v3,sensor_bias,0,0.1,-150.0,0.0,0.16761008947602418,150,0.06978973001241684,1.2659004926681519,0.0,1.0,,249,v3,B3,sac_her_pickandplace_randomized_2M
sac_her_recovery_v3,sensor_bias,0,0.1,-150.0,0.0,0.3129097043258147,150,0.03552597761154175,1.556311845779419,0.0,1.0,,250,v3,B3,sac_her_pickandplace_randomized_2M
sac_her_recovery_v3,sensor_bias,0,0.1,-150.0,0.0,0.20015079772617977,150,0.0674009770154953,1.2713744640350342,0.0,1.0,,251,v3,B3,sac_her_pickandplace_randomized_2M
sac_her_recovery_v3,sensor_bias,0,0.1,-150.0,0.0,0.37996503207555216,150,0.07678435742855072,1.545634388923645,0.0,1.0,,252,v3,B3,sac_her_pickandplace_randomized_2M
sac_her_recovery_v3,sensor_bias,0,0.1,-150.0,0.0,0.17888574983757888,150,0.5759331583976746,0.820892870426178,0.0,1.0,,253,v3,B3,sac_her_pickandplace_randomized_2M
sac_her_recovery_v3,sensor_bias,0,0.1,-150.0,0.0,0.15461481136609606,150,0.08368529379367828,1.3520232439041138,0.0,1.0,,254,v3,B3,sac_her_pickandplace_randomized_2M
sac_her_recovery_v3,sensor_bias,0,0.1,-150.0,0.0,0.4111389638095413,150,0.07802373170852661,1.2896339893341064,0.0,1.0,,255,v3,B3,sac_her_pickandplace_randomized_2M
sac_her_recovery_v3,sensor_bias,0,0.1,-150.0,0.0,0.18608245483895902,150,2.663236618041992,1.636596918106079,1.0,1.0,,256,v3,B3,sac_her_pickandplace_randomized_2M
sac_her_recovery_v3,sensor_bias,0,0.1,-150.0,0.0,0.22003168886387892,150,0.055583011358976364,1.6555527448654175,0.0,1.0,,257,v3,B3,sac_her_pickandplace_randomized_2M
sac_her_recovery_v3,sensor_bias,0,0.1,-150.0,0.0,0.2521079292661852,150,0.2862529158592224,1.4217008352279663,0.0,1.0,,258,v3,B3,sac_her_pickandplace_randomized_2M
sac_her_recovery_v3,sensor_bias,0,0.1,-150.0,0.0,0.160388661059918,150,0.12297993898391724,1.1605324745178223,0.0,1.0,,259,v3,B3,sac_her_pickandplace_randomized_2M
sac_her_recovery_v3,sensor_bias,0,0.1,-150.0,0.0,0.1604367988897489,150,0.06915857642889023,1.1557512283325195,0.0,1.0,,260,v3,B3,sac_her_pickandplace_randomized_2M
sac_her_recovery_v3,sensor_bias,0,0.1,-150.0,0.0,0.508012960487553,150,0.06748155504465103,1.515244960784912,0.0,1.0,,261,v3,B3,sac_her_pickandplace_randomized_2M
sac_her_recovery_v3,sensor_bias,0,0.1,-150.0,0.0,0.17914107965663875,150,0.16494669020175934,1.1208360195159912,0.0,1.0,,262,v3,B3,sac_her_pickandplace_randomized_2M
sac_her_recovery_v3,sensor_bias,0,0.1,-150.0,0.0,0.4219135440886297,150,0.2228935807943344,1.6642327308654785,0.0,1.0,,263,v3,B3,sac_her_pickandplace_randomized_2M
sac_her_recovery_v3,sensor_bias,0,0.1,-150.0,0.0,0.4796817585036592,150,0.05659753084182739,1.4425432682037354,0.0,1.0,,264,v3,B3,sac_her_pickandplace_randomized_2M
sac_her_recovery_v3,sensor_bias,0,0.1,-150.0,0.0,0.4596373729419731,150,0.04097246378660202,1.4175633192062378,0.0,1.0,,265,v3,B3,sac_her_pickandplace_randomized_2M
sac_her_recovery_v3,sensor_bias,0,0.1,-150.0,0.0,0.3386463014797066,150,0.0640479251742363,0.8922529816627502,0.0,1.0,,266,v3,B3,sac_her_pickandplace_randomized_2M
sac_her_recovery_v3,sensor_bias,0,0.1,-150.0,0.0,0.30983779921133026,150,1.4173911809921265,1.2496201992034912,0.0,1.0,,267,v3,B3,sac_her_pickandplace_randomized_2M
sac_her_recovery_v3,sensor_bias,0,0.1,-150.0,0.0,0.47063832770219616,150,0.06289476156234741,1.3103375434875488,0.0,1.0,,268,v3,B3,sac_her_pickandplace_randomized_2M
sac_her_recovery_v3,sensor_bias,0,0.1,-150.0,0.0,0.23759751265200518,150,0.34930872917175293,1.416720986366272,0.0,1.0,,269,v3,B3,sac_her_pickandplace_randomized_2M
sac_her,action_clipping,0,0.3,-150.0,0.0,0.35492253605282875,150,0.6667838096618652,0.5269458293914795,0.0,0.0,,270,none,B1,sac_her_pickandplace_randomized_2M
sac_her,action_clipping,0,0.3,-150.0,0.0,0.3884547695970575,150,0.004632090218365192,0.5903953909873962,0.0,0.0,,271,none,B1,sac_her_pickandplace_randomized_2M
sac_her,action_clipping,0,0.3,-150.0,0.0,0.2364647540081676,150,0.02462613768875599,0.5430498123168945,0.0,0.0,,272,none,B1,sac_her_pickandplace_randomized_2M
sac_her,action_clipping,0,0.3,-150.0,0.0,0.32139788047057627,150,0.005342820193618536,0.5803819894790649,0.0,0.0,,273,none,B1,sac_her_pickandplace_randomized_2M
sac_her,action_clipping,0,0.3,-150.0,0.0,0.3833991408667048,150,0.01952826976776123,0.5064157843589783,0.0,0.0,,274,none,B1,sac_her_pickandplace_randomized_2M
sac_her,action_clipping,0,0.3,-150.0,0.0,0.2566632391824746,150,0.026704560965299606,0.5735659003257751,0.0,0.0,,275,none,B1,sac_her_pickandplace_randomized_2M
sac_her,action_clipping,0,0.3,-28.0,1.0,0.02520429366118529,150,0.31646329164505005,0.41606608033180237,0.0,0.0,28.0,276,none,B1,sac_her_pickandplace_randomized_2M
sac_her,action_clipping,0,0.3,-33.0,1.0,0.03235620379695049,150,0.21899186074733734,0.3675576150417328,0.0,0.0,33.0,277,none,B1,sac_her_pickandplace_randomized_2M
sac_her,action_clipping,0,0.3,-150.0,0.0,0.2058833233297693,150,0.012529850006103516,0.5780335068702698,0.0,0.0,,278,none,B1,sac_her_pickandplace_randomized_2M
sac_her,action_clipping,0,0.3,-55.0,1.0,0.03329813888326148,150,0.6673024892807007,0.563761830329895,0.0,0.0,55.0,279,none,B1,sac_her_pickandplace_randomized_2M
sac_her,action_clipping,0,0.3,-150.0,0.0,0.3129097043258147,150,0.01206749863922596,0.5205088257789612,0.0,0.0,,280,none,B1,sac_her_pickandplace_randomized_2M
sac_her,action_clipping,0,0.3,-59.0,1.0,0.030502847274034857,150,0.20777662098407745,0.4421535134315491,0.0,0.0,59.0,281,none,B1,sac_her_pickandplace_randomized_2M
sac_her,action_clipping,0,0.3,-150.0,0.0,0.37996503207555216,150,0.014544099569320679,0.5686433911323547,0.0,0.0,,282,none,B1,sac_her_pickandplace_randomized_2M
sac_her,action_clipping,0,0.3,-27.0,1.0,0.017738227701940862,150,0.10177942365407944,0.3990556597709656,0.0,0.0,27.0,283,none,B1,sac_her_pickandplace_randomized_2M
sac_her,action_clipping,0,0.3,-150.0,0.0,0.06866241007002934,150,0.9520692825317383,0.5796964764595032,0.0,0.0,,284,none,B1,sac_her_pickandplace_randomized_2M
sac_her,action_clipping,0,0.3,-150.0,0.0,0.4111389638095413,150,0.02368810586631298,0.5444383025169373,0.0,0.0,,285,none,B1,sac_her_pickandplace_randomized_2M
sac_her,action_clipping,0,0.3,-150.0,0.0,0.07718052791672671,150,0.07214940339326859,0.4613648056983948,0.0,0.0,,286,none,B1,sac_her_pickandplace_randomized_2M
sac_her,action_clipping,0,0.3,-150.0,0.0,0.22003168886387892,150,0.025638723745942116,0.5425010919570923,0.0,0.0,,287,none,B1,sac_her_pickandplace_randomized_2M
sac_her,action_clipping,0,0.3,-34.0,1.0,0.006414791274274775,150,0.14607341587543488,0.4680003821849823,0.0,0.0,34.0,288,none,B1,sac_her_pickandplace_randomized_2M
sac_her,action_clipping,0,0.3,-150.0,0.0,0.2634386735484078,150,0.7941384315490723,0.5863456130027771,0.0,0.0,,289,none,B1,sac_her_pickandplace_randomized_2M
sac_her,action_clipping,0,0.3,-30.0,1.0,0.010163664155247354,150,0.524671733379364,0.5412209033966064,0.0,0.0,30.0,290,none,B1,sac_her_pickandplace_randomized_2M
sac_her,action_clipping,0,0.3,-150.0,0.0,0.508012960487553,150,0.014510945416986942,0.5266298651695251,0.0,0.0,,291,none,B1,sac_her_pickandplace_randomized_2M
sac_her,action_clipping,0,0.3,-72.0,1.0,0.003345634167139067,150,0.5024423599243164,0.5497896075248718,0.0,0.0,72.0,292,none,B1,sac_her_pickandplace_randomized_2M
sac_her,action_clipping,0,0.3,-150.0,0.0,0.4219135440886297,150,0.00828818790614605,0.5764023065567017,0.0,0.0,,293,none,B1,sac_her_pickandplace_randomized_2M
sac_her,action_clipping,0,0.3,-150.0,0.0,0.4796817585036592,150,0.01622612588107586,0.5541380643844604,0.0,0.0,,294,none,B1,sac_her_pickandplace_randomized_2M
sac_her,action_clipping,0,0.3,-150.0,0.0,0.4596373729419731,150,0.009524929337203503,0.5657709836959839,0.0,0.0,,295,none,B1,sac_her_pickandplace_randomized_2M
sac_her,action_clipping,0,0.3,-150.0,0.0,0.3386463014797066,150,0.0042712814174592495,0.5965082049369812,0.0,0.0,,296,none,B1,sac_her_pickandplace_randomized_2M
sac_her,action_clipping,0,0.3,-150.0,0.0,0.30983779921133026,150,0.01162480004131794,0.5837745666503906,0.0,0.0,,297,none,B1,sac_her_pickandplace_randomized_2M
sac_her,action_clipping,0,0.3,-150.0,0.0,0.47063832770219616,150,0.017351916059851646,0.5399367213249207,0.0,0.0,,298,none,B1,sac_her_pickandplace_randomized_2M
sac_her,action_clipping,0,0.3,-150.0,0.0,0.23759751265200518,150,0.008319158107042313,0.5736502408981323,0.0,0.0,,299,none,B1,sac_her_pickandplace_randomized_2M
sac_her_recovery_v2,action_clipping,0,0.3,-150.0,0.0,0.35492253605282875,150,0.669592559337616,0.5320415496826172,0.0,1.0,,300,v2,B2,sac_her_pickandplace_randomized_2M
sac_her_recovery_v2,action_clipping,0,0.3,-150.0,0.0,0.3884547695970575,150,0.01989877223968506,0.5957108736038208,0.0,1.0,,301,v2,B2,sac_her_pickandplace_randomized_2M
sac_her_recovery_v2,action_clipping,0,0.3,-150.0,0.0,0.2364647540081676,150,0.05562461167573929,0.5466668605804443,0.0,1.0,,302,v2,B2,sac_her_pickandplace_randomized_2M
sac_her_recovery_v2,action_clipping,0,0.3,-150.0,0.0,0.32139788047057627,150,0.030848093330860138,0.5931218862533569,0.0,1.0,,303,v2,B2,sac_her_pickandplace_randomized_2M
sac_her_recovery_v2,action_clipping,0,0.3,-150.0,0.0,0.3833991408667048,150,0.03581412509083748,0.5115050077438354,0.0,1.0,,304,v2,B2,sac_her_pickandplace_randomized_2M
sac_her_recovery_v2,action_clipping,0,0.3,-150.0,0.0,0.2566632391824746,150,0.04701255261898041,0.5756946206092834,0.0,1.0,,305,v2,B2,sac_her_pickandplace_randomized_2M
sac_her_recovery_v2,action_clipping,0,0.3,-51.0,1.0,0.04518484113924147,150,0.5264337658882141,0.5516784191131592,0.0,1.0,38.0,306,v2,B2,sac_her_pickandplace_randomized_2M
sac_her_recovery_v2,action_clipping,0,0.3,-30.0,1.0,0.003619697264414769,150,0.15930646657943726,0.3849472999572754,0.0,1.0,30.0,307,v2,B2,sac_her_pickandplace_randomized_2M
sac_her_recovery_v2,action_clipping,0,0.3,-150.0,0.0,0.2058833233297693,150,0.02542794868350029,0.5790337324142456,0.0,1.0,,308,v2,B2,sac_her_pickandplace_randomized_2M
sac_her_recovery_v2,action_clipping,0,0.3,-54.0,1.0,0.012174996863283187,150,0.6278826594352722,0.5812169313430786,0.0,1.0,54.0,309,v2,B2,sac_her_pickandplace_randomized_2M
sac_her_recovery_v2,action_clipping,0,0.3,-150.0,0.0,0.3129097043258147,150,0.025077439844608307,0.5224851369857788,0.0,1.0,,310,v2,B2,sac_her_pickandplace_randomized_2M
sac_her_recovery_v2,action_clipping,0,0.3,-43.0,1.0,0.027599521628381883,150,0.19937855005264282,0.41618239879608154,0.0,1.0,43.0,311,v2,B2,sac_her_pickandplace_randomized_2M
sac_her_recovery_v2,action_clipping,0,0.3,-150.0,0.0,0.37996503207555216,150,0.03579447418451309,0.5755218267440796,0.0,1.0,,312,v2,B2,sac_her_pickandplace_randomized_2M
sac_her_recovery_v2,action_clipping,0,0.3,-29.0,1.0,0.015404305071926938,150,0.13017982244491577,0.406261682510376,0.0,1.0,29.0,313,v2,B2,sac_her_pickandplace_randomized_2M
sac_her_recovery_v2,action_clipping,0,0.3,-26.0,1.0,0.019880828446025928,150,0.580157995223999,0.5447819232940674,0.0,1.0,26.0,314,v2,B2,sac_her_pickandplace_randomized_2M
sac_her_recovery_v2,action_clipping,0,0.3,-150.0,0.0,0.4111389638095413,150,0.034269656985998154,0.5871728658676147,0.0,1.0,,315,v2,B2,sac_her_pickandplace_randomized_2M
sac_her_recovery_v2,action_clipping,0,0.3,-28.0,1.0,0.04309230169515618,150,0.388469934463501,0.5220134854316711,0.0,1.0,28.0,316,v2,B2,sac_her_pickandplace_randomized_2M
sac_her_recovery_v2,action_clipping,0,0.3,-150.0,0.0,0.22003168886387892,150,0.03617336228489876,0.5424731373786926,0.0,1.0,,317,v2,B2,sac_her_pickandplace_randomized_2M
sac_her_recovery_v2,action_clipping,0,0.3,-34.0,1.0,0.0072088225458208505,150,0.6006678342819214,0.562507688999176,0.0,1.0,34.0,318,v2,B2,sac_her_pickandplace_randomized_2M
sac_her_recovery_v2,action_clipping,0,0.3,-150.0,0.0,0.2634386735484078,150,0.8077298402786255,0.5932640433311462,0.0,1.0,,319,v2,B2,sac_her_pickandplace_randomized_2M
sac_her_recovery_v2,action_clipping,0,0.3,-32.0,1.0,0.009964744322203149,150,0.3447921574115753,0.4784923195838928,0.0,1.0,32.0,320,v2,B2,sac_her_pickandplace_randomized_2M
sac_her_recovery_v2,action_clipping,0,0.3,-150.0,0.0,0.508012960487553,150,0.031049881130456924,0.5310566425323486,0.0,1.0,,321,v2,B2,sac_her_pickandplace_randomized_2M
sac_her_recovery_v2,action_clipping,0,0.3,-49.0,1.0,0.027237366870734185,150,0.2984502911567688,0.4795997738838196,0.0,1.0,42.0,322,v2,B2,sac_her_pickandplace_randomized_2M
sac_her_recovery_v2,action_clipping,0,0.3,-150.0,0.0,0.4219135440886297,150,0.03202369064092636,0.585315465927124,0.0,1.0,,323,v2,B2,sac_her_pickandplace_randomized_2M
sac_her_recovery_v2,action_clipping,0,0.3,-150.0,0.0,0.4796817585036592,150,0.034461669623851776,0.559248685836792,0.0,1.0,,324,v2,B2,sac_her_pickandplace_randomized_2M
sac_her_recovery_v2,action_clipping,0,0.3,-150.0,0.0,0.4596373729419731,150,0.022988704964518547,0.5719709396362305,0.0,1.0,,325,v2,B2,sac_her_pickandplace_randomized_2M
sac_her_recovery_v2,action_clipping,0,0.3,-150.0,0.0,0.3386463014797066,150,0.02137443982064724,0.602012038230896,0.0,1.0,,326,v2,B2,sac_her_pickandplace_randomized_2M
sac_her_recovery_v2,action_clipping,0,0.3,-150.0,0.0,0.30983779921133026,150,0.03169577568769455,0.5930405855178833,0.0,1.0,,327,v2,B2,sac_her_pickandplace_randomized_2M
sac_her_recovery_v2,action_clipping,0,0.3,-150.0,0.0,0.47063832770219616,150,0.03611385077238083,0.5440584421157837,0.0,1.0,,328,v2,B2,sac_her_pickandplace_randomized_2M
sac_her_recovery_v2,action_clipping,0,0.3,-150.0,0.0,0.23759751265200518,150,0.02322431094944477,0.5793742537498474,0.0,1.0,,329,v2,B2,sac_her_pickandplace_randomized_2M
sac_her_recovery_v3,action_clipping,0,0.3,-150.0,0.0,0.35492253605282875,150,0.4863462448120117,0.5982644557952881,0.0,1.0,,330,v3,B3,sac_her_pickandplace_randomized_2M
sac_her_recovery_v3,action_clipping,0,0.3,-150.0,0.0,0.3884547695970575,150,0.018603287637233734,0.6035292744636536,0.0,1.0,,331,v3,B3,sac_her_pickandplace_randomized_2M
sac_her_recovery_v3,action_clipping,0,0.3,-150.0,0.0,0.2364647540081676,150,0.05581379681825638,0.5513154864311218,0.0,1.0,,332,v3,B3,sac_her_pickandplace_randomized_2M
sac_her_recovery_v3,action_clipping,0,0.3,-150.0,0.0,0.32139788047057627,150,0.02888459898531437,0.6128582954406738,0.0,1.0,,333,v3,B3,sac_her_pickandplace_randomized_2M
sac_her_recovery_v3,action_clipping,0,0.3,-150.0,0.0,0.3833991408667048,150,0.03443998843431473,0.520416259765625,0.0,1.0,,334,v3,B3,sac_her_pickandplace_randomized_2M
sac_her_recovery_v3,action_clipping,0,0.3,-150.0,0.0,0.2566632391824746,150,0.04648791626095772,0.5783824324607849,0.0,1.0,,335,v3,B3,sac_her_pickandplace_randomized_2M
sac_her_recovery_v3,action_clipping,0,0.3,-43.0,1.0,0.02469688281641216,150,0.288894921541214,0.5071245431900024,0.0,1.0,43.0,336,v3,B3,sac_her_pickandplace_randomized_2M
sac_her_recovery_v3,action_clipping,0,0.3,-59.0,1.0,0.0027194427472850813,150,0.1691555231809616,0.43873682618141174,0.0,1.0,59.0,337,v3,B3,sac_her_pickandplace_randomized_2M
sac_her_recovery_v3,action_clipping,0,0.3,-150.0,0.0,0.2058833233297693,150,0.025919724255800247,0.561091423034668,0.0,1.0,,338,v3,B3,sac_her_pickandplace_randomized_2M
sac_her_recovery_v3,action_clipping,0,0.3,-53.0,1.0,0.011429674561812049,150,0.5574582815170288,0.6022496819496155,0.0,1.0,53.0,339,v3,B3,sac_her_pickandplace_randomized_2M
sac_her_recovery_v3,action_clipping,0,0.3,-150.0,0.0,0.3129097043258147,150,0.025588706135749817,0.5216307640075684,0.0,1.0,,340,v3,B3,sac_her_pickandplace_randomized_2M
sac_her_recovery_v3,action_clipping,0,0.3,-132.0,1.0,0.046108109336876806,150,0.4019625782966614,0.5963072776794434,0.0,1.0,132.0,341,v3,B3,sac_her_pickandplace_randomized_2M
sac_her_recovery_v3,action_clipping,0,0.3,-150.0,0.0,0.37996503207555216,150,0.034786541014909744,0.5883339643478394,0.0,1.0,,342,v3,B3,sac_her_pickandplace_randomized_2M
sac_her_recovery_v3,action_clipping,0,0.3,-79.0,1.0,0.019408632881128627,150,0.4541512429714203,0.5385023951530457,0.0,1.0,79.0,343,v3,B3,sac_her_pickandplace_randomized_2M
sac_her_recovery_v3,action_clipping,0,0.3,-59.0,1.0,0.01000761462946353,150,0.5709767937660217,0.5879702568054199,0.0,1.0,59.0,344,v3,B3,sac_her_pickandplace_randomized_2M
sac_her_recovery_v3,action_clipping,0,0.3,-150.0,0.0,0.4111389638095413,150,0.034194499254226685,0.5930746793746948,0.0,1.0,,345,v3,B3,sac_her_pickandplace_randomized_2M
sac_her_recovery_v3,action_clipping,0,0.3,-150.0,0.0,0.14168266125074594,150,0.5201779007911682,0.5709068775177002,0.0,1.0,,346,v3,B3,sac_her_pickandplace_randomized_2M
sac_her_recovery_v3,action_clipping,0,0.3,-150.0,0.0,0.22003168886387892,150,0.039471447467803955,0.557361900806427,0.0,1.0,,347,v3,B3,sac_her_pickandplace_randomized_2M
sac_her_recovery_v3,action_clipping,0,0.3,-78.0,1.0,0.017280943615985245,150,0.2883684039115906,0.5863808393478394,0.0,1.0,78.0,348,v3,B3,sac_her_pickandplace_randomized_2M
sac_her_recovery_v3,action_clipping,0,0.3,-150.0,0.0,0.2634386735484078,150,0.6611452698707581,0.6038048267364502,0.0,1.0,,349,v3,B3,sac_her_pickandplace_randomized_2M
sac_her_recovery_v3,action_clipping,0,0.3,-52.0,1.0,0.006601791010582569,150,0.1504586786031723,0.4539918899536133,0.0,1.0,52.0,350,v3,B3,sac_her_pickandplace_randomized_2M
sac_her_recovery_v3,action_clipping,0,0.3,-150.0,0.0,0.508012960487553,150,0.027054844424128532,0.5633009076118469,0.0,1.0,,351,v3,B3,sac_her_pickandplace_randomized_2M
sac_her_recovery_v3,action_clipping,0,0.3,-66.0,1.0,0.017555262296851833,150,0.1599884182214737,0.48884597420692444,0.0,1.0,66.0,352,v3,B3,sac_her_pickandplace_randomized_2M
sac_her_recovery_v3,action_clipping,0,0.3,-150.0,0.0,0.4219135440886297,150,0.030883362516760826,0.6002511382102966,0.0,1.0,,353,v3,B3,sac_her_pickandplace_randomized_2M
sac_her_recovery_v3,action_clipping,0,0.3,-150.0,0.0,0.4796817585036592,150,0.036663953214883804,0.5228343605995178,0.0,1.0,,354,v3,B3,sac_her_pickandplace_randomized_2M
sac_her_recovery_v3,action_clipping,0,0.3,-150.0,0.0,0.4596373729419731,150,0.022053692489862442,0.5862290263175964,0.0,1.0,,355,v3,B3,sac_her_pickandplace_randomized_2M
sac_her_recovery_v3,action_clipping,0,0.3,-150.0,0.0,0.3386463014797066,150,0.020838234573602676,0.6127049922943115,0.0,1.0,,356,v3,B3,sac_her_pickandplace_randomized_2M
sac_her_recovery_v3,action_clipping,0,0.3,-150.0,0.0,0.30983779921133026,150,0.03119993768632412,0.609625518321991,0.0,1.0,,357,v3,B3,sac_her_pickandplace_randomized_2M
sac_her_recovery_v3,action_clipping,0,0.3,-150.0,0.0,0.47063832770219616,150,0.03395495191216469,0.5534346103668213,0.0,1.0,,358,v3,B3,sac_her_pickandplace_randomized_2M
sac_her_recovery_v3,action_clipping,0,0.3,-150.0,0.0,0.23759751265200518,150,0.01755250059068203,0.6046358346939087,0.0,1.0,,359,v3,B3,sac_her_pickandplace_randomized_2M
sac_her,action_delay,0,0.0,-20.0,1.0,0.022625317052484443,150,0.5200964212417603,0.9454571604728699,0.0,0.0,20.0,360,none,B1,sac_her_pickandplace_randomized_2M
sac_her,action_delay,0,0.0,-150.0,0.0,0.3884547695970575,150,0.04133295640349388,1.1232138872146606,0.0,0.0,,361,none,B1,sac_her_pickandplace_randomized_2M
sac_her,action_delay,0,0.0,-150.0,0.0,0.2364647540081676,150,0.037060681730508804,1.5719704627990723,0.0,0.0,,362,none,B1,sac_her_pickandplace_randomized_2M
sac_her,action_delay,0,0.0,-150.0,0.0,0.32139788047057627,150,0.04620255529880524,1.6877825260162354,0.0,0.0,,363,none,B1,sac_her_pickandplace_randomized_2M
sac_her,action_delay,0,0.0,-150.0,0.0,0.3833991408667048,150,0.038844265043735504,1.189706802368164,0.0,0.0,,364,none,B1,sac_her_pickandplace_randomized_2M
sac_her,action_delay,0,0.0,-150.0,0.0,0.2566632391824746,150,0.07275378704071045,1.5344033241271973,0.0,0.0,,365,none,B1,sac_her_pickandplace_randomized_2M
sac_her,action_delay,0,0.0,-27.0,1.0,0.024745971621147604,150,1.0869382619857788,1.2269117832183838,0.0,0.0,27.0,366,none,B1,sac_her_pickandplace_randomized_2M
sac_her,action_delay,0,0.0,-54.0,1.0,0.010953242846231679,150,0.8812796473503113,1.1183302402496338,0.0,0.0,31.0,367,none,B1,sac_her_pickandplace_randomized_2M
sac_her,action_delay,0,0.0,-150.0,0.0,0.2058833233297693,150,0.03930717706680298,1.298490047454834,0.0,0.0,,368,none,B1,sac_her_pickandplace_randomized_2M
sac_her,action_delay,0,0.0,-75.0,1.0,0.02627227966205713,150,1.1801655292510986,1.6147003173828125,1.0,0.0,75.0,369,none,B1,sac_her_pickandplace_randomized_2M
sac_her,action_delay,0,0.0,-150.0,0.0,0.3129097043258147,150,0.030364353209733963,1.1529273986816406,0.0,0.0,,370,none,B1,sac_her_pickandplace_randomized_2M
sac_her,action_delay,0,0.0,-22.0,1.0,0.013330318045900888,150,0.48438560962677,1.3009800910949707,0.0,0.0,21.0,371,none,B1,sac_her_pickandplace_randomized_2M
sac_her,action_delay,0,0.0,-150.0,0.0,0.37996503207555216,150,0.04205017536878586,1.5206023454666138,0.0,0.0,,372,none,B1,sac_her_pickandplace_randomized_2M
sac_her,action_delay,0,0.0,-102.0,0.0,0.12531980821919195,150,1.1294043064117432,1.6519169807434082,1.0,0.0,23.0,373,none,B1,sac_her_pickandplace_randomized_2M
sac_her,action_delay,0,0.0,-60.0,1.0,0.012251658202912732,150,0.6328577399253845,1.324528455734253,1.0,0.0,60.0,374,none,B1,sac_her_pickandplace_randomized_2M
sac_her,action_delay,0,0.0,-150.0,0.0,0.4111389638095413,150,0.09225146472454071,1.256623387336731,0.0,0.0,,375,none,B1,sac_her_pickandplace_randomized_2M
sac_her,action_delay,0,0.0,-13.0,1.0,0.02909262175739567,150,0.40597692131996155,1.318421483039856,0.0,0.0,13.0,376,none,B1,sac_her_pickandplace_randomized_2M
sac_her,action_delay,0,0.0,-150.0,0.0,0.22003168886387892,150,0.06391401588916779,1.0206186771392822,0.0,0.0,,377,none,B1,sac_her_pickandplace_randomized_2M
sac_her,action_delay,0,0.0,-149.0,0.0,0.5177812117332029,150,0.19419582188129425,1.8211464881896973,0.0,0.0,14.0,378,none,B1,sac_her_pickandplace_randomized_2M
sac_her,action_delay,0,0.0,-150.0,0.0,0.6913745406034678,150,0.23067441582679749,1.609809160232544,0.0,0.0,,379,none,B1,sac_her_pickandplace_randomized_2M
sac_her,action_delay,0,0.0,-23.0,1.0,0.011917072419484993,150,0.8577104806900024,1.162158727645874,0.0,0.0,12.0,380,none,B1,sac_her_pickandplace_randomized_2M
sac_her,action_delay,0,0.0,-150.0,0.0,0.508012960487553,150,0.03913170099258423,1.240106463432312,0.0,0.0,,381,none,B1,sac_her_pickandplace_randomized_2M
sac_her,action_delay,0,0.0,-123.0,0.0,0.15528124056557732,150,1.0204793214797974,1.7036107778549194,0.0,0.0,22.0,382,none,B1,sac_her_pickandplace_randomized_2M
sac_her,action_delay,0,0.0,-150.0,0.0,0.4219135440886297,150,0.030020063742995262,1.5650056600570679,0.0,0.0,,383,none,B1,sac_her_pickandplace_randomized_2M
sac_her,action_delay,0,0.0,-150.0,0.0,0.4796817585036592,150,0.03877004608511925,1.2088594436645508,0.0,0.0,,384,none,B1,sac_her_pickandplace_randomized_2M
sac_her,action_delay,0,0.0,-150.0,0.0,0.4596373729419731,150,0.027720697224140167,1.4473689794540405,0.0,0.0,,385,none,B1,sac_her_pickandplace_randomized_2M
sac_her,action_delay,0,0.0,-150.0,0.0,0.3386463014797066,150,0.03627871349453926,1.4752968549728394,0.0,0.0,,386,none,B1,sac_her_pickandplace_randomized_2M
sac_her,action_delay,0,0.0,-150.0,0.0,0.30983779921133026,150,0.19644978642463684,1.518885850906372,0.0,0.0,,387,none,B1,sac_her_pickandplace_randomized_2M
sac_her,action_delay,0,0.0,-150.0,0.0,0.47063832770219616,150,0.04910820350050926,1.1576788425445557,0.0,0.0,,388,none,B1,sac_her_pickandplace_randomized_2M
sac_her,action_delay,0,0.0,-150.0,0.0,0.23759751265200518,150,0.044067639857530594,1.5311380624771118,0.0,0.0,,389,none,B1,sac_her_pickandplace_randomized_2M
sac_her_recovery_v2,action_delay,0,0.0,-150.0,0.0,0.5592931078480309,150,0.5670516490936279,1.690434217453003,1.0,1.0,,390,v2,B2,sac_her_pickandplace_randomized_2M
sac_her_recovery_v2,action_delay,0,0.0,-150.0,0.0,0.3884547695970575,150,0.06480450183153152,1.1308166980743408,0.0,1.0,,391,v2,B2,sac_her_pickandplace_randomized_2M
sac_her_recovery_v2,action_delay,0,0.0,-150.0,0.0,0.2364647540081676,150,0.06665363907814026,1.5626459121704102,0.0,1.0,,392,v2,B2,sac_her_pickandplace_randomized_2M
sac_her_recovery_v2,action_delay,0,0.0,-150.0,0.0,0.32139788047057627,150,0.14125540852546692,1.6583784818649292,0.0,1.0,,393,v2,B2,sac_her_pickandplace_randomized_2M
sac_her_recovery_v2,action_delay,0,0.0,-150.0,0.0,0.3833991408667048,150,0.05941097065806389,1.1962302923202515,0.0,1.0,,394,v2,B2,sac_her_pickandplace_randomized_2M
sac_her_recovery_v2,action_delay,0,0.0,-150.0,0.0,0.2566632391824746,150,0.10182520002126694,1.529757022857666,0.0,1.0,,395,v2,B2,sac_her_pickandplace_randomized_2M
sac_her_recovery_v2,action_delay,0,0.0,-133.0,0.0,0.6326898227300564,150,1.1927387714385986,1.5360187292099,1.0,1.0,12.0,396,v2,B2,sac_her_pickandplace_randomized_2M
sac_her_recovery_v2,action_delay,0,0.0,-132.0,1.0,0.0179536979403133,150,0.9764711260795593,1.4416725635528564,1.0,1.0,96.0,397,v2,B2,sac_her_pickandplace_randomized_2M
sac_her_recovery_v2,action_delay,0,0.0,-150.0,0.0,0.2058833233297693,150,0.059944793581962585,1.3033349514007568,0.0,1.0,,398,v2,B2,sac_her_pickandplace_randomized_2M
sac_her_recovery_v2,action_delay,0,0.0,-145.0,1.0,0.048701772265837544,150,0.9113518595695496,1.5186020135879517,0.0,1.0,33.0,399,v2,B2,sac_her_pickandplace_randomized_2M
sac_her_recovery_v2,action_delay,0,0.0,-150.0,0.0,0.3129097043258147,150,0.042242176830768585,1.1567046642303467,0.0,1.0,,400,v2,B2,sac_her_pickandplace_randomized_2M
sac_her_recovery_v2,action_delay,0,0.0,-58.0,1.0,0.016427929572245918,150,0.41863134503364563,1.416073203086853,0.0,1.0,58.0,401,v2,B2,sac_her_pickandplace_randomized_2M
sac_her_recovery_v2,action_delay,0,0.0,-150.0,0.0,0.37996503207555216,150,0.07468042522668839,1.5194233655929565,0.0,1.0,,402,v2,B2,sac_her_pickandplace_randomized_2M
sac_her_recovery_v2,action_delay,0,0.0,-11.0,1.0,0.00260871229734624,150,0.26388853788375854,0.7675978541374207,0.0,1.0,10.0,403,v2,B2,sac_her_pickandplace_randomized_2M
sac_her_recovery_v2,action_delay,0,0.0,-103.0,1.0,0.025723009363038885,150,0.739165723323822,1.3283424377441406,0.0,1.0,59.0,404,v2,B2,sac_her_pickandplace_randomized_2M
sac_her_recovery_v2,action_delay,0,0.0,-150.0,0.0,0.4111389638095413,150,0.12371592223644257,1.265705943107605,0.0,1.0,,405,v2,B2,sac_her_pickandplace_randomized_2M
sac_her_recovery_v2,action_delay,0,0.0,-34.0,1.0,0.018149350283239878,150,0.8862597346305847,1.4829130172729492,0.0,1.0,34.0,406,v2,B2,sac_her_pickandplace_randomized_2M
sac_her_recovery_v2,action_delay,0,0.0,-150.0,0.0,0.22003168886387892,150,0.08329500257968903,0.9271295070648193,0.0,1.0,,407,v2,B2,sac_her_pickandplace_randomized_2M
sac_her_recovery_v2,action_delay,0,0.0,-141.0,0.0,0.42850911035851724,150,0.9604488015174866,1.4868385791778564,1.0,1.0,36.0,408,v2,B2,sac_her_pickandplace_randomized_2M
sac_her_recovery_v2,action_delay,0,0.0,-150.0,0.0,0.7787600680244616,150,0.944450855255127,1.6187282800674438,1.0,1.0,,409,v2,B2,sac_her_pickandplace_randomized_2M
sac_her_recovery_v2,action_delay,0,0.0,-23.0,1.0,0.0259677641531959,150,0.8941162824630737,1.129335641860962,0.0,1.0,23.0,410,v2,B2,sac_her_pickandplace_randomized_2M
sac_her_recovery_v2,action_delay,0,0.0,-150.0,0.0,0.508012960487553,150,0.06097115948796272,1.2391782999038696,0.0,1.0,,411,v2,B2,sac_her_pickandplace_randomized_2M
sac_her_recovery_v2,action_delay,0,0.0,-87.0,1.0,0.04219943600570635,150,0.440399169921875,1.1687469482421875,0.0,1.0,87.0,412,v2,B2,sac_her_pickandplace_randomized_2M
sac_her_recovery_v2,action_delay,0,0.0,-150.0,0.0,0.4219135440886297,150,0.06202071160078049,1.5649738311767578,0.0,1.0,,413,v2,B2,sac_her_pickandplace_randomized_2M
sac_her_recovery_v2,action_delay,0,0.0,-150.0,0.0,0.4796817585036592,150,0.06007395312190056,1.2011785507202148,0.0,1.0,,414,v2,B2,sac_her_pickandplace_randomized_2M
sac_her_recovery_v2,action_delay,0,0.0,-150.0,0.0,0.4596373729419731,150,0.040695853531360626,1.4514538049697876,0.0,1.0,,415,v2,B2,sac_her_pickandplace_randomized_2M
sac_her_recovery_v2,action_delay,0,0.0,-150.0,0.0,0.3386463014797066,150,0.22741195559501648,1.413577675819397,0.0,1.0,,416,v2,B2,sac_her_pickandplace_randomized_2M
sac_her_recovery_v2,action_delay,0,0.0,-150.0,0.0,0.30983779921133026,150,0.31577247381210327,1.4477075338363647,0.0,1.0,,417,v2,B2,sac_her_pickandplace_randomized_2M
sac_her_recovery_v2,action_delay,0,0.0,-150.0,0.0,0.47063832770219616,150,0.07666530460119247,1.1671631336212158,0.0,1.0,,418,v2,B2,sac_her_pickandplace_randomized_2M
sac_her_recovery_v2,action_delay,0,0.0,-150.0,0.0,0.23759751265200518,150,0.06953933089971542,1.5325562953948975,0.0,1.0,,419,v2,B2,sac_her_pickandplace_randomized_2M
sac_her_recovery_v3,action_delay,0,0.0,-150.0,0.0,0.35492253605282875,150,0.49933722615242004,1.576088309288025,1.0,1.0,,420,v3,B3,sac_her_pickandplace_randomized_2M
sac_her_recovery_v3,action_delay,0,0.0,-150.0,0.0,0.3884547695970575,150,0.06722693145275116,1.1514381170272827,0.0,1.0,,421,v3,B3,sac_her_pickandplace_randomized_2M
sac_her_recovery_v3,action_delay,0,0.0,-150.0,0.0,0.2364647540081676,150,0.0723041519522667,1.5536569356918335,0.0,1.0,,422,v3,B3,sac_her_pickandplace_randomized_2M
sac_her_recovery_v3,action_delay,0,0.0,-150.0,0.0,0.32139788047057627,150,0.10541070997714996,1.6511421203613281,0.0,1.0,,423,v3,B3,sac_her_pickandplace_randomized_2M
sac_her_recovery_v3,action_delay,0,0.0,-150.0,0.0,0.3833991408667048,150,0.06080826371908188,1.2119762897491455,0.0,1.0,,424,v3,B3,sac_her_pickandplace_randomized_2M
sac_her_recovery_v3,action_delay,0,0.0,-150.0,0.0,0.2566632391824746,150,0.33104464411735535,1.378528118133545,1.0,1.0,,425,v3,B3,sac_her_pickandplace_randomized_2M
sac_her_recovery_v3,action_delay,0,0.0,-150.0,0.0,0.7013060858018046,150,0.1795453280210495,1.527227520942688,0.0,1.0,,426,v3,B3,sac_her_pickandplace_randomized_2M
sac_her_recovery_v3,action_delay,0,0.0,-46.0,1.0,0.02184317855301778,150,0.7743303179740906,1.041134238243103,0.0,1.0,46.0,427,v3,B3,sac_her_pickandplace_randomized_2M
sac_her_recovery_v3,action_delay,0,0.0,-150.0,0.0,0.2058833233297693,150,0.06194746494293213,1.3191934823989868,0.0,1.0,,428,v3,B3,sac_her_pickandplace_randomized_2M
sac_her_recovery_v3,action_delay,0,0.0,-69.0,1.0,0.010285447257168626,150,0.4552825391292572,0.9488460421562195,0.0,1.0,69.0,429,v3,B3,sac_her_pickandplace_randomized_2M
sac_her_recovery_v3,action_delay,0,0.0,-150.0,0.0,0.3129097043258147,150,0.04158392548561096,1.1655913591384888,0.0,1.0,,430,v3,B3,sac_her_pickandplace_randomized_2M
sac_her_recovery_v3,action_delay,0,0.0,-150.0,0.0,0.20015079772617977,150,0.37117743492126465,1.2530791759490967,0.0,1.0,,431,v3,B3,sac_her_pickandplace_randomized_2M
sac_her_recovery_v3,action_delay,0,0.0,-150.0,0.0,0.37996503207555216,150,0.07880698889493942,1.52143394947052,0.0,1.0,,432,v3,B3,sac_her_pickandplace_randomized_2M
sac_her_recovery_v3,action_delay,0,0.0,-137.0,0.0,0.0787680568578048,150,0.5038569569587708,0.9466251730918884,0.0,1.0,12.0,433,v3,B3,sac_her_pickandplace_randomized_2M
sac_her_recovery_v3,action_delay,0,0.0,-150.0,0.0,0.15461481136609606,150,0.35521969199180603,1.134722113609314,0.0,1.0,,434,v3,B3,sac_her_pickandplace_randomized_2M
sac_her_recovery_v3,action_delay,0,0.0,-150.0,0.0,0.4111389638095413,150,0.12296029180288315,1.283030390739441,0.0,1.0,,435,v3,B3,sac_her_pickandplace_randomized_2M
sac_her_recovery_v3,action_delay,0,0.0,-150.0,0.0,0.18608245483895902,150,0.39064887166023254,1.2237128019332886,0.0,1.0,,436,v3,B3,sac_her_pickandplace_randomized_2M
sac_her_recovery_v3,action_delay,0,0.0,-150.0,0.0,0.22003168886387892,150,0.08631976693868637,1.0296878814697266,0.0,1.0,,437,v3,B3,sac_her_pickandplace_randomized_2M
sac_her_recovery_v3,action_delay,0,0.0,-150.0,0.0,0.2916731986432331,150,0.2800714671611786,1.4173880815505981,1.0,1.0,,438,v3,B3,sac_her_pickandplace_randomized_2M
sac_her_recovery_v3,action_delay,0,0.0,-150.0,0.0,0.22713286345576855,150,0.5162780284881592,1.3717432022094727,0.0,1.0,,439,v3,B3,sac_her_pickandplace_randomized_2M
sac_her_recovery_v3,action_delay,0,0.0,-150.0,0.0,0.1604367988897489,150,0.3524971902370453,1.212386965751648,0.0,1.0,,440,v3,B3,sac_her_pickandplace_randomized_2M
sac_her_recovery_v3,action_delay,0,0.0,-150.0,0.0,0.508012960487553,150,0.058603499084711075,1.2266641855239868,0.0,1.0,,441,v3,B3,sac_her_pickandplace_randomized_2M
sac_her_recovery_v3,action_delay,0,0.0,-150.0,0.0,0.3995047633613535,150,0.3877696692943573,1.4204976558685303,0.0,1.0,,442,v3,B3,sac_her_pickandplace_randomized_2M
sac_her_recovery_v3,action_delay,0,0.0,-150.0,0.0,0.4219135440886297,150,0.05692974105477333,1.5747194290161133,0.0,1.0,,443,v3,B3,sac_her_pickandplace_randomized_2M
sac_her_recovery_v3,action_delay,0,0.0,-150.0,0.0,0.4796817585036592,150,0.061952143907547,1.1544666290283203,0.0,1.0,,444,v3,B3,sac_her_pickandplace_randomized_2M
sac_her_recovery_v3,action_delay,0,0.0,-150.0,0.0,0.4596373729419731,150,0.03559054434299469,1.4457453489303589,0.0,1.0,,445,v3,B3,sac_her_pickandplace_randomized_2M
sac_her_recovery_v3,action_delay,0,0.0,-150.0,0.0,0.3386463014797066,150,0.12418078631162643,1.5052056312561035,0.0,1.0,,446,v3,B3,sac_her_pickandplace_randomized_2M
sac_her_recovery_v3,action_delay,0,0.0,-150.0,0.0,0.30983779921133026,150,0.24825407564640045,1.4535006284713745,0.0,1.0,,447,v3,B3,sac_her_pickandplace_randomized_2M
sac_her_recovery_v3,action_delay,0,0.0,-150.0,0.0,0.47063832770219616,150,0.07981564849615097,1.1891355514526367,0.0,1.0,,448,v3,B3,sac_her_pickandplace_randomized_2M
sac_her_recovery_v3,action_delay,0,0.0,-150.0,0.0,0.23759751265200518,150,0.08763665705919266,1.4966121912002563,0.0,1.0,,449,v3,B3,sac_her_pickandplace_randomized_2M
sac_her,action_reversal,0,0.0,-150.0,0.0,0.35492253605282875,150,0.058515701442956924,1.4769976139068604,0.0,0.0,,450,none,B1,sac_her_pickandplace_randomized_2M
sac_her,action_reversal,0,0.0,-150.0,0.0,0.3884547695970575,150,0.05401826277375221,0.9139260649681091,0.0,0.0,,451,none,B1,sac_her_pickandplace_randomized_2M
sac_her,action_reversal,0,0.0,-150.0,0.0,0.2364647540081676,150,0.0289692934602499,0.6385520100593567,0.0,0.0,,452,none,B1,sac_her_pickandplace_randomized_2M
sac_her,action_reversal,0,0.0,-150.0,0.0,0.9199222245098447,150,0.11291299015283585,1.2198195457458496,0.0,0.0,,453,none,B1,sac_her_pickandplace_randomized_2M
sac_her,action_reversal,0,0.0,-150.0,0.0,0.3833991408667048,150,0.03308902680873871,1.396062970161438,0.0,0.0,,454,none,B1,sac_her_pickandplace_randomized_2M
sac_her,action_reversal,0,0.0,-150.0,0.0,0.2566632391824746,150,0.054745469242334366,0.7246565818786621,0.0,0.0,,455,none,B1,sac_her_pickandplace_randomized_2M
sac_her,action_reversal,0,0.0,-150.0,0.0,0.13273061973338474,150,0.08458870649337769,1.3354690074920654,0.0,0.0,,456,none,B1,sac_her_pickandplace_randomized_2M
sac_her,action_reversal,0,0.0,-150.0,0.0,0.20660185637840017,150,0.053042784333229065,1.6209319829940796,0.0,0.0,,457,none,B1,sac_her_pickandplace_randomized_2M
sac_her,action_reversal,0,0.0,-150.0,0.0,0.2058833233297693,150,0.035616159439086914,0.9748506546020508,0.0,0.0,,458,none,B1,sac_her_pickandplace_randomized_2M
sac_her,action_reversal,0,0.0,-150.0,0.0,0.16761008947602418,150,0.0234458576887846,1.5716817378997803,0.0,0.0,,459,none,B1,sac_her_pickandplace_randomized_2M
sac_her,action_reversal,0,0.0,-150.0,0.0,0.3129097043258147,150,0.006095164455473423,0.8756389617919922,0.0,0.0,,460,none,B1,sac_her_pickandplace_randomized_2M
sac_her,action_reversal,0,0.0,-150.0,0.0,0.20015079772617977,150,0.0537051185965538,1.4579943418502808,0.0,0.0,,461,none,B1,sac_her_pickandplace_randomized_2M
sac_her,action_reversal,0,0.0,-150.0,0.0,0.37996503207555216,150,0.03427175059914589,1.4118378162384033,0.0,0.0,,462,none,B1,sac_her_pickandplace_randomized_2M
sac_her,action_reversal,0,0.0,-150.0,0.0,0.17888574983757888,150,0.06087130308151245,1.4856469631195068,0.0,0.0,,463,none,B1,sac_her_pickandplace_randomized_2M
sac_her,action_reversal,0,0.0,-150.0,0.0,0.15461481136609606,150,0.026339607313275337,1.4351527690887451,0.0,0.0,,464,none,B1,sac_her_pickandplace_randomized_2M
sac_her,action_reversal,0,0.0,-150.0,0.0,0.4111389638095413,150,0.032996561378240585,1.3751505613327026,0.0,0.0,,465,none,B1,sac_her_pickandplace_randomized_2M
sac_her,action_reversal,0,0.0,-150.0,0.0,0.18608245483895902,150,0.06064709275960922,1.2705250978469849,0.0,0.0,,466,none,B1,sac_her_pickandplace_randomized_2M
sac_her,action_reversal,0,0.0,-150.0,0.0,0.22003168886387892,150,0.011976215057075024,0.9786317944526672,0.0,0.0,,467,none,B1,sac_her_pickandplace_randomized_2M
sac_her,action_reversal,0,0.0,-150.0,0.0,0.2521079292661852,150,0.1258319914340973,1.246962070465088,0.0,0.0,,468,none,B1,sac_her_pickandplace_randomized_2M
sac_her,action_reversal,0,0.0,-150.0,0.0,0.2634386735484078,150,0.06225151941180229,1.7173563241958618,0.0,0.0,,469,none,B1,sac_her_pickandplace_randomized_2M
sac_her,action_reversal,0,0.0,-150.0,0.0,0.1604367988897489,150,0.048866014927625656,1.4068058729171753,0.0,0.0,,470,none,B1,sac_her_pickandplace_randomized_2M
sac_her,action_reversal,0,0.0,-150.0,0.0,0.508012960487553,150,0.010800216346979141,0.7876328825950623,0.0,0.0,,471,none,B1,sac_her_pickandplace_randomized_2M
sac_her,action_reversal,0,0.0,-150.0,0.0,0.1498067725970526,150,0.09553056210279465,1.3795489072799683,0.0,0.0,,472,none,B1,sac_her_pickandplace_randomized_2M
sac_her,action_reversal,0,0.0,-150.0,0.0,0.4219135440886297,150,0.03503473475575447,0.7484172582626343,0.0,0.0,,473,none,B1,sac_her_pickandplace_randomized_2M
sac_her,action_reversal,0,0.0,-150.0,0.0,0.4796817585036592,150,0.013025674037635326,0.840227484703064,0.0,0.0,,474,none,B1,sac_her_pickandplace_randomized_2M
sac_her,action_reversal,0,0.0,-150.0,0.0,0.4596373729419731,150,0.029668638482689857,1.0887482166290283,0.0,0.0,,475,none,B1,sac_her_pickandplace_randomized_2M
sac_her,action_reversal,0,0.0,-150.0,0.0,0.3386463014797066,150,0.04421968758106232,1.1896860599517822,0.0,0.0,,476,none,B1,sac_her_pickandplace_randomized_2M
sac_her,action_reversal,0,0.0,-150.0,0.0,0.30983779921133026,150,0.10126710683107376,1.1147173643112183,0.0,0.0,,477,none,B1,sac_her_pickandplace_randomized_2M
sac_her,action_reversal,0,0.0,-150.0,0.0,0.47063832770219616,150,0.026921333745121956,1.4604018926620483,0.0,0.0,,478,none,B1,sac_her_pickandplace_randomized_2M
sac_her,action_reversal,0,0.0,-150.0,0.0,0.23759751265200518,150,0.011233525350689888,1.0212754011154175,0.0,0.0,,479,none,B1,sac_her_pickandplace_randomized_2M
sac_her_recovery_v2,action_reversal,0,0.0,-150.0,0.0,0.35492253605282875,150,0.0772932767868042,1.4752436876296997,0.0,1.0,,480,v2,B2,sac_her_pickandplace_randomized_2M
sac_her_recovery_v2,action_reversal,0,0.0,-150.0,0.0,0.3884547695970575,150,0.08511282503604889,0.8926900029182434,0.0,1.0,,481,v2,B2,sac_her_pickandplace_randomized_2M
sac_her_recovery_v2,action_reversal,0,0.0,-150.0,0.0,0.2364647540081676,150,0.03579143434762955,0.6376993656158447,0.0,1.0,,482,v2,B2,sac_her_pickandplace_randomized_2M
sac_her_recovery_v2,action_reversal,0,0.0,-150.0,0.0,0.3111456055350892,150,0.23544076085090637,1.1006059646606445,1.0,1.0,,483,v2,B2,sac_her_pickandplace_randomized_2M
sac_her_recovery_v2,action_reversal,0,0.0,-150.0,0.0,0.3833991408667048,150,0.06184256076812744,1.3975220918655396,0.0,1.0,,484,v2,B2,sac_her_pickandplace_randomized_2M
sac_her_recovery_v2,action_reversal,0,0.0,-150.0,0.0,0.2566632391824746,150,0.08459398150444031,0.7574336528778076,0.0,1.0,,485,v2,B2,sac_her_pickandplace_randomized_2M
sac_her_recovery_v2,action_reversal,0,0.0,-150.0,0.0,0.13273061973338474,150,0.09596191346645355,1.3332139253616333,0.0,1.0,,486,v2,B2,sac_her_pickandplace_randomized_2M
sac_her_recovery_v2,action_reversal,0,0.0,-150.0,0.0,0.20660185637840017,150,0.06750385463237762,1.6170148849487305,0.0,1.0,,487,v2,B2,sac_her_pickandplace_randomized_2M
sac_her_recovery_v2,action_reversal,0,0.0,-150.0,0.0,0.2058833233297693,150,0.06470669060945511,0.9960318803787231,0.0,1.0,,488,v2,B2,sac_her_pickandplace_randomized_2M
sac_her_recovery_v2,action_reversal,0,0.0,-150.0,0.0,0.16761008947602418,150,0.06996261328458786,1.4560434818267822,0.0,1.0,,489,v2,B2,sac_her_pickandplace_randomized_2M
sac_her_recovery_v2,action_reversal,0,0.0,-150.0,0.0,0.3129097043258147,150,0.033243246376514435,0.8860454559326172,0.0,1.0,,490,v2,B2,sac_her_pickandplace_randomized_2M
sac_her_recovery_v2,action_reversal,0,0.0,-150.0,0.0,0.20015079772617977,150,0.0893494039773941,1.453128695487976,0.0,1.0,,491,v2,B2,sac_her_pickandplace_randomized_2M
sac_her_recovery_v2,action_reversal,0,0.0,-150.0,0.0,0.37996503207555216,150,0.06453942507505417,1.416174292564392,0.0,1.0,,492,v2,B2,sac_her_pickandplace_randomized_2M
sac_her_recovery_v2,action_reversal,0,0.0,-150.0,0.0,0.17888574983757888,150,0.07718933373689651,1.4824748039245605,0.0,1.0,,493,v2,B2,sac_her_pickandplace_randomized_2M
sac_her_recovery_v2,action_reversal,0,0.0,-150.0,0.0,0.15461481136609606,150,0.05046208202838898,1.3070741891860962,0.0,1.0,,494,v2,B2,sac_her_pickandplace_randomized_2M
sac_her_recovery_v2,action_reversal,0,0.0,-150.0,0.0,0.4111389638095413,150,0.05504420027136803,1.3795076608657837,0.0,1.0,,495,v2,B2,sac_her_pickandplace_randomized_2M
sac_her_recovery_v2,action_reversal,0,0.0,-150.0,0.0,0.18608245483895902,150,0.0851590484380722,1.2698737382888794,0.0,1.0,,496,v2,B2,sac_her_pickandplace_randomized_2M
sac_her_recovery_v2,action_reversal,0,0.0,-150.0,0.0,0.22003168886387892,150,0.04069983586668968,0.976671576499939,0.0,1.0,,497,v2,B2,sac_her_pickandplace_randomized_2M
sac_her_recovery_v2,action_reversal,0,0.0,-150.0,0.0,0.2521079292661852,150,0.14619258046150208,1.2247096300125122,0.0,1.0,,498,v2,B2,sac_her_pickandplace_randomized_2M
sac_her_recovery_v2,action_reversal,0,0.0,-150.0,0.0,0.2634386735484078,150,0.10828948765993118,1.6024672985076904,0.0,1.0,,499,v2,B2,sac_her_pickandplace_randomized_2M
sac_her_recovery_v2,action_reversal,0,0.0,-150.0,0.0,0.1604367988897489,150,0.08940357714891434,1.5382912158966064,0.0,1.0,,500,v2,B2,sac_her_pickandplace_randomized_2M
sac_her_recovery_v2,action_reversal,0,0.0,-150.0,0.0,0.508012960487553,150,0.028429239988327026,0.7918657660484314,0.0,1.0,,501,v2,B2,sac_her_pickandplace_randomized_2M
sac_her_recovery_v2,action_reversal,0,0.0,-150.0,0.0,0.1498067725970526,150,0.1282472461462021,1.3579275608062744,0.0,1.0,,502,v2,B2,sac_her_pickandplace_randomized_2M
sac_her_recovery_v2,action_reversal,0,0.0,-150.0,0.0,0.4219135440886297,150,0.0602143295109272,0.7424761652946472,0.0,1.0,,503,v2,B2,sac_her_pickandplace_randomized_2M
sac_her_recovery_v2,action_reversal,0,0.0,-150.0,0.0,0.4796817585036592,150,0.026905808597803116,0.8419353365898132,0.0,1.0,,504,v2,B2,sac_her_pickandplace_randomized_2M
sac_her_recovery_v2,action_reversal,0,0.0,-150.0,0.0,0.4596373729419731,150,0.05172525718808174,1.0887428522109985,0.0,1.0,,505,v2,B2,sac_her_pickandplace_randomized_2M
sac_her_recovery_v2,action_reversal,0,0.0,-150.0,0.0,0.3386463014797066,150,0.06945118308067322,1.1917359828948975,0.0,1.0,,506,v2,B2,sac_her_pickandplace_randomized_2M
sac_her_recovery_v2,action_reversal,0,0.0,-150.0,0.0,0.30983779921133026,150,0.11396976560354233,1.1109586954116821,0.0,1.0,,507,v2,B2,sac_her_pickandplace_randomized_2M
sac_her_recovery_v2,action_reversal,0,0.0,-150.0,0.0,0.47063832770219616,150,0.05091339722275734,1.4606202840805054,0.0,1.0,,508,v2,B2,sac_her_pickandplace_randomized_2M
sac_her_recovery_v2,action_reversal,0,0.0,-150.0,0.0,0.23759751265200518,150,0.0399298220872879,0.901041567325592,0.0,1.0,,509,v2,B2,sac_her_pickandplace_randomized_2M
sac_her_recovery_v3,action_reversal,0,0.0,-150.0,0.0,0.35492253605282875,150,0.08137405663728714,1.4686391353607178,0.0,1.0,,510,v3,B3,sac_her_pickandplace_randomized_2M
sac_her_recovery_v3,action_reversal,0,0.0,-150.0,0.0,0.3884547695970575,150,0.08827529847621918,0.8670838475227356,0.0,1.0,,511,v3,B3,sac_her_pickandplace_randomized_2M
sac_her_recovery_v3,action_reversal,0,0.0,-150.0,0.0,0.2364647540081676,150,0.037778615951538086,0.6538785696029663,0.0,1.0,,512,v3,B3,sac_her_pickandplace_randomized_2M
sac_her_recovery_v3,action_reversal,0,0.0,-150.0,0.0,0.32139788047057627,150,0.049562763422727585,0.9336628317832947,0.0,1.0,,513,v3,B3,sac_her_pickandplace_randomized_2M
sac_her_recovery_v3,action_reversal,0,0.0,-150.0,0.0,0.3833991408667048,150,0.06304667145013809,1.4017008543014526,0.0,1.0,,514,v3,B3,sac_her_pickandplace_randomized_2M
sac_her_recovery_v3,action_reversal,0,0.0,-150.0,0.0,0.2566632391824746,150,0.08371664583683014,0.9308009743690491,0.0,1.0,,515,v3,B3,sac_her_pickandplace_randomized_2M
sac_her_recovery_v3,action_reversal,0,0.0,-150.0,0.0,0.13273061973338474,150,0.09139461815357208,1.3284472227096558,0.0,1.0,,516,v3,B3,sac_her_pickandplace_randomized_2M
sac_her_recovery_v3,action_reversal,0,0.0,-150.0,0.0,0.20660185637840017,150,0.0700821578502655,1.5787811279296875,0.0,1.0,,517,v3,B3,sac_her_pickandplace_randomized_2M
sac_her_recovery_v3,action_reversal,0,0.0,-150.0,0.0,0.2058833233297693,150,0.06616636365652084,1.0376909971237183,0.0,1.0,,518,v3,B3,sac_her_pickandplace_randomized_2M
sac_her_recovery_v3,action_reversal,0,0.0,-150.0,0.0,0.16761008947602418,150,0.06713533401489258,1.3764400482177734,0.0,1.0,,519,v3,B3,sac_her_pickandplace_randomized_2M
sac_her_recovery_v3,action_reversal,0,0.0,-150.0,0.0,0.3129097043258147,150,0.0353117361664772,0.9330745339393616,0.0,1.0,,520,v3,B3,sac_her_pickandplace_randomized_2M
sac_her_recovery_v3,action_reversal,0,0.0,-150.0,0.0,0.20015079772617977,150,0.0685243010520935,1.3851324319839478,0.0,1.0,,521,v3,B3,sac_her_pickandplace_randomized_2M
sac_her_recovery_v3,action_reversal,0,0.0,-150.0,0.0,0.37996503207555216,150,0.06337521970272064,1.4227787256240845,0.0,1.0,,522,v3,B3,sac_her_pickandplace_randomized_2M
sac_her_recovery_v3,action_reversal,0,0.0,-150.0,0.0,0.17888574983757888,150,0.07947905361652374,1.4754189252853394,0.0,1.0,,523,v3,B3,sac_her_pickandplace_randomized_2M
sac_her_recovery_v3,action_reversal,0,0.0,-150.0,0.0,0.15461481136609606,150,0.04937744140625,1.2980461120605469,0.0,1.0,,524,v3,B3,sac_her_pickandplace_randomized_2M
sac_her_recovery_v3,action_reversal,0,0.0,-150.0,0.0,0.4111389638095413,150,0.0521957129240036,1.3951488733291626,0.0,1.0,,525,v3,B3,sac_her_pickandplace_randomized_2M
sac_her_recovery_v3,action_reversal,0,0.0,-150.0,0.0,0.18608245483895902,150,0.030474666506052017,0.9807674288749695,0.0,1.0,,526,v3,B3,sac_her_pickandplace_randomized_2M
sac_her_recovery_v3,action_reversal,0,0.0,-150.0,0.0,0.22003168886387892,150,0.04302401468157768,0.9776552319526672,0.0,1.0,,527,v3,B3,sac_her_pickandplace_randomized_2M
sac_her_recovery_v3,action_reversal,0,0.0,-150.0,0.0,0.2521079292661852,150,0.1217748373746872,1.2061189413070679,0.0,1.0,,528,v3,B3,sac_her_pickandplace_randomized_2M
sac_her_recovery_v3,action_reversal,0,0.0,-150.0,0.0,0.2634386735484078,150,0.08615158498287201,1.5479400157928467,0.0,1.0,,529,v3,B3,sac_her_pickandplace_randomized_2M
sac_her_recovery_v3,action_reversal,0,0.0,-150.0,0.0,0.1604367988897489,150,0.08265499025583267,1.4693973064422607,0.0,1.0,,530,v3,B3,sac_her_pickandplace_randomized_2M
sac_her_recovery_v3,action_reversal,0,0.0,-150.0,0.0,0.508012960487553,150,0.029398014768958092,0.8025369048118591,0.0,1.0,,531,v3,B3,sac_her_pickandplace_randomized_2M
sac_her_recovery_v3,action_reversal,0,0.0,-150.0,0.0,0.1498067725970526,150,0.10445037484169006,1.3206301927566528,0.0,1.0,,532,v3,B3,sac_her_pickandplace_randomized_2M
sac_her_recovery_v3,action_reversal,0,0.0,-150.0,0.0,0.4219135440886297,150,0.06440377980470657,0.7576976418495178,0.0,1.0,,533,v3,B3,sac_her_pickandplace_randomized_2M
sac_her_recovery_v3,action_reversal,0,0.0,-150.0,0.0,0.4796817585036592,150,0.028518110513687134,0.846146821975708,0.0,1.0,,534,v3,B3,sac_her_pickandplace_randomized_2M
sac_her_recovery_v3,action_reversal,0,0.0,-150.0,0.0,0.4596373729419731,150,0.05268607661128044,1.0901697874069214,0.0,1.0,,535,v3,B3,sac_her_pickandplace_randomized_2M
sac_her_recovery_v3,action_reversal,0,0.0,-150.0,0.0,0.3386463014797066,150,0.06911184638738632,1.1943376064300537,0.0,1.0,,536,v3,B3,sac_her_pickandplace_randomized_2M
sac_her_recovery_v3,action_reversal,0,0.0,-150.0,0.0,0.30983779921133026,150,0.1114056333899498,1.1074275970458984,0.0,1.0,,537,v3,B3,sac_her_pickandplace_randomized_2M
sac_her_recovery_v3,action_reversal,0,0.0,-150.0,0.0,0.47063832770219616,150,0.04896317794919014,1.4700604677200317,0.0,1.0,,538,v3,B3,sac_her_pickandplace_randomized_2M
sac_her_recovery_v3,action_reversal,0,0.0,-150.0,0.0,0.23759751265200518,150,0.071865513920784,1.1495115756988525,0.0,1.0,,539,v3,B3,sac_her_pickandplace_randomized_2M
sac_her,goal_spoof_immediate,0,0.1,-150.0,0.0,0.8929051599127334,150,0.21823465824127197,1.844698429107666,0.0,0.0,,540,none,B1,sac_her_pickandplace_randomized_2M
sac_her,goal_spoof_immediate,0,0.1,-150.0,0.0,0.3884547695970575,150,0.0285856481641531,0.817292332649231,0.0,0.0,,541,none,B1,sac_her_pickandplace_randomized_2M
sac_her,goal_spoof_immediate,0,0.1,-150.0,0.0,0.2364647540081676,150,0.055007416754961014,1.3787568807601929,0.0,0.0,,542,none,B1,sac_her_pickandplace_randomized_2M
sac_her,goal_spoof_immediate,0,0.1,-150.0,0.0,0.32139788047057627,150,0.03409803658723831,1.7152551412582397,0.0,0.0,,543,none,B1,sac_her_pickandplace_randomized_2M
sac_her,goal_spoof_immediate,0,0.1,-150.0,0.0,0.3833991408667048,150,0.025830579921603203,1.2265706062316895,0.0,0.0,,544,none,B1,sac_her_pickandplace_randomized_2M
sac_her,goal_spoof_immediate,0,0.1,-150.0,0.0,0.2566632391824746,150,0.0892951488494873,0.939554750919342,0.0,0.0,,545,none,B1,sac_her_pickandplace_randomized_2M
sac_her,goal_spoof_immediate,0,0.1,-137.0,0.0,0.08188413802839048,150,0.8942758440971375,1.4954062700271606,1.0,0.0,50.0,546,none,B1,sac_her_pickandplace_randomized_2M
sac_her,goal_spoof_immediate,0,0.1,-150.0,0.0,0.20446517211192497,150,2.002182960510254,1.7410372495651245,0.0,0.0,,547,none,B1,sac_her_pickandplace_randomized_2M
sac_her,goal_spoof_immediate,0,0.1,-150.0,0.0,0.2058833233297693,150,0.021290358155965805,1.3112335205078125,0.0,0.0,,548,none,B1,sac_her_pickandplace_randomized_2M
sac_her,goal_spoof_immediate,0,0.1,-141.0,0.0,0.05173028677162312,150,0.7250182628631592,1.2435595989227295,1.0,0.0,30.0,549,none,B1,sac_her_pickandplace_randomized_2M
sac_her,goal_spoof_immediate,0,0.1,-150.0,0.0,0.3129097043258147,150,0.02472328208386898,1.4359591007232666,0.0,0.0,,550,none,B1,sac_her_pickandplace_randomized_2M
sac_her,goal_spoof_immediate,0,0.1,-145.0,0.0,0.06581876611352827,150,0.38887178897857666,1.487085223197937,0.0,0.0,27.0,551,none,B1,sac_her_pickandplace_randomized_2M
sac_her,goal_spoof_immediate,0,0.1,-150.0,0.0,0.37996503207555216,150,0.022797182202339172,1.282870888710022,0.0,0.0,,552,none,B1,sac_her_pickandplace_randomized_2M
sac_her,goal_spoof_immediate,0,0.1,-150.0,0.0,0.1759775012057678,150,2.269249439239502,1.705816626548767,1.0,0.0,,553,none,B1,sac_her_pickandplace_randomized_2M
sac_her,goal_spoof_immediate,0,0.1,-150.0,0.0,0.12683299570442694,150,0.3058144450187683,0.4798736572265625,0.0,0.0,,554,none,B1,sac_her_pickandplace_randomized_2M
sac_her,goal_spoof_immediate,0,0.1,-150.0,0.0,0.4111389638095413,150,0.03262045979499817,1.1506829261779785,0.0,0.0,,555,none,B1,sac_her_pickandplace_randomized_2M
sac_her,goal_spoof_immediate,0,0.1,-150.0,0.0,0.08842881273145577,150,1.7065190076828003,1.0781164169311523,0.0,0.0,,556,none,B1,sac_her_pickandplace_randomized_2M
sac_her,goal_spoof_immediate,0,0.1,-150.0,0.0,0.22003168886387892,150,0.062129825353622437,1.2211307287216187,0.0,0.0,,557,none,B1,sac_her_pickandplace_randomized_2M
sac_her,goal_spoof_immediate,0,0.1,-147.0,0.0,0.5162593144894047,150,0.49269533157348633,1.4672194719314575,0.0,0.0,34.0,558,none,B1,sac_her_pickandplace_randomized_2M
sac_her,goal_spoof_immediate,0,0.1,-150.0,0.0,0.05254930610648702,150,0.5695931315422058,0.9384424090385437,1.0,0.0,,559,none,B1,sac_her_pickandplace_randomized_2M
sac_her,goal_spoof_immediate,0,0.1,-150.0,0.0,0.1660565278656782,150,0.1775517761707306,0.9951662421226501,1.0,0.0,,560,none,B1,sac_her_pickandplace_randomized_2M
sac_her,goal_spoof_immediate,0,0.1,-150.0,0.0,0.508012960487553,150,0.05993581935763359,1.4049248695373535,0.0,0.0,,561,none,B1,sac_her_pickandplace_randomized_2M
sac_her,goal_spoof_immediate,0,0.1,-150.0,0.0,0.14233505209414857,150,1.5727440118789673,1.6297454833984375,0.0,0.0,,562,none,B1,sac_her_pickandplace_randomized_2M
sac_her,goal_spoof_immediate,0,0.1,-150.0,0.0,0.4219135440886297,150,0.027224889025092125,1.5925298929214478,0.0,0.0,,563,none,B1,sac_her_pickandplace_randomized_2M
sac_her,goal_spoof_immediate,0,0.1,-150.0,0.0,0.4796817585036592,150,0.025963636115193367,1.2879512310028076,0.0,0.0,,564,none,B1,sac_her_pickandplace_randomized_2M
sac_her,goal_spoof_immediate,0,0.1,-150.0,0.0,0.4596373729419731,150,0.021124565973877907,1.5949516296386719,0.0,0.0,,565,none,B1,sac_her_pickandplace_randomized_2M
sac_her,goal_spoof_immediate,0,0.1,-150.0,0.0,0.3386463014797066,150,0.045470356941223145,1.5278719663619995,0.0,0.0,,566,none,B1,sac_her_pickandplace_randomized_2M
sac_her,goal_spoof_immediate,0,0.1,-150.0,0.0,0.5525600056649352,150,0.5801690816879272,1.5640535354614258,1.0,0.0,,567,none,B1,sac_her_pickandplace_randomized_2M
sac_her,goal_spoof_immediate,0,0.1,-150.0,0.0,0.47063832770219616,150,0.04927300289273262,1.1303434371948242,0.0,0.0,,568,none,B1,sac_her_pickandplace_randomized_2M
sac_her,goal_spoof_immediate,0,0.1,-150.0,0.0,0.23759751265200518,150,0.044191937893629074,1.6101592779159546,0.0,0.0,,569,none,B1,sac_her_pickandplace_randomized_2M
sac_her_recovery_v2,goal_spoof_immediate,0,0.1,-150.0,0.0,0.7204398837728307,150,0.7271062731742859,1.5294893980026245,1.0,1.0,,570,v2,B2,sac_her_pickandplace_randomized_2M
sac_her_recovery_v2,goal_spoof_immediate,0,0.1,-150.0,0.0,0.3884547695970575,150,0.03338818624615669,1.3625686168670654,0.0,1.0,,571,v2,B2,sac_her_pickandplace_randomized_2M
sac_her_recovery_v2,goal_spoof_immediate,0,0.1,-150.0,0.0,0.2364647540081676,150,0.05906416103243828,1.1823616027832031,0.0,1.0,,572,v2,B2,sac_her_pickandplace_randomized_2M
sac_her_recovery_v2,goal_spoof_immediate,0,0.1,-150.0,0.0,0.32139788047057627,150,0.8009615540504456,1.6565171480178833,1.0,1.0,,573,v2,B2,sac_her_pickandplace_randomized_2M
sac_her_recovery_v2,goal_spoof_immediate,0,0.1,-150.0,0.0,0.3833991408667048,150,0.051619987934827805,1.522131085395813,0.0,1.0,,574,v2,B2,sac_her_pickandplace_randomized_2M
sac_her_recovery_v2,goal_spoof_immediate,0,0.1,-150.0,0.0,0.2566632391824746,150,0.11687012761831284,1.2416620254516602,0.0,1.0,,575,v2,B2,sac_her_pickandplace_randomized_2M
sac_her_recovery_v2,goal_spoof_immediate,0,0.1,-150.0,0.0,0.07938915596500785,150,0.18593767285346985,1.4231674671173096,0.0,0.0,,576,v2,B2,sac_her_pickandplace_randomized_2M
sac_her_recovery_v2,goal_spoof_immediate,0,0.1,-150.0,0.0,0.19503639331386427,150,0.5476658344268799,1.3133479356765747,0.0,1.0,,577,v2,B2,sac_her_pickandplace_randomized_2M
sac_her_recovery_v2,goal_spoof_immediate,0,0.1,-150.0,0.0,0.2058833233297693,150,0.11305595189332962,1.3426893949508667,0.0,1.0,,578,v2,B2,sac_her_pickandplace_randomized_2M
sac_her_recovery_v2,goal_spoof_immediate,0,0.1,-145.0,0.0,0.078715883988476,150,1.873791217803955,1.4565995931625366,0.0,1.0,11.0,579,v2,B2,sac_her_pickandplace_randomized_2M
sac_her_recovery_v2,goal_spoof_immediate,0,0.1,-150.0,0.0,0.3129097043258147,150,0.0426347479224205,1.3646974563598633,0.0,1.0,,580,v2,B2,sac_her_pickandplace_randomized_2M
sac_her_recovery_v2,goal_spoof_immediate,0,0.1,-150.0,0.0,0.0980675974657632,150,1.8465399742126465,1.0270428657531738,0.0,1.0,,581,v2,B2,sac_her_pickandplace_randomized_2M
sac_her_recovery_v2,goal_spoof_immediate,0,0.1,-150.0,0.0,0.37996503207555216,150,0.0756877139210701,1.119350552558899,0.0,1.0,,582,v2,B2,sac_her_pickandplace_randomized_2M
sac_her_recovery_v2,goal_spoof_immediate,0,0.1,-140.0,0.0,0.10621319007344703,150,1.349513292312622,1.2678608894348145,1.0,1.0,17.0,583,v2,B2,sac_her_pickandplace_randomized_2M
sac_her_recovery_v2,goal_spoof_immediate,0,0.1,-150.0,0.0,0.2041781106625659,150,0.4983865022659302,1.3069363832473755,1.0,1.0,,584,v2,B2,sac_her_pickandplace_randomized_2M
sac_her_recovery_v2,goal_spoof_immediate,0,0.1,-150.0,0.0,0.4111389638095413,150,0.06611639261245728,1.1759612560272217,0.0,1.0,,585,v2,B2,sac_her_pickandplace_randomized_2M
sac_her_recovery_v2,goal_spoof_immediate,0,0.1,-148.0,0.0,0.15776718888653088,150,0.2795378267765045,0.9079211354255676,1.0,1.0,14.0,586,v2,B2,sac_her_pickandplace_randomized_2M
sac_her_recovery_v2,goal_spoof_immediate,0,0.1,-150.0,0.0,0.22003168886387892,150,0.07274987548589706,1.3212722539901733,0.0,1.0,,587,v2,B2,sac_her_pickandplace_randomized_2M
sac_her_recovery_v2,goal_spoof_immediate,0,0.1,-150.0,0.0,0.06324054588337939,150,0.6855055093765259,1.0781267881393433,1.0,1.0,,588,v2,B2,sac_her_pickandplace_randomized_2M
sac_her_recovery_v2,goal_spoof_immediate,0,0.1,-150.0,0.0,0.12054816658680916,150,0.7258725762367249,1.1614089012145996,1.0,1.0,,589,v2,B2,sac_her_pickandplace_randomized_2M
sac_her_recovery_v2,goal_spoof_immediate,0,0.1,-150.0,0.0,0.19680612986408672,150,0.617398738861084,1.2936564683914185,0.0,1.0,,590,v2,B2,sac_her_pickandplace_randomized_2M
sac_her_recovery_v2,goal_spoof_immediate,0,0.1,-150.0,0.0,0.508012960487553,150,0.05317182093858719,0.8543780446052551,0.0,1.0,,591,v2,B2,sac_her_pickandplace_randomized_2M
sac_her_recovery_v2,goal_spoof_immediate,0,0.1,-150.0,0.0,0.06516046672377099,150,1.9375193119049072,1.4279403686523438,1.0,0.0,,592,v2,B2,sac_her_pickandplace_randomized_2M
sac_her_recovery_v2,goal_spoof_immediate,0,0.1,-150.0,0.0,0.4219135440886297,150,0.06255438923835754,1.4285303354263306,0.0,1.0,,593,v2,B2,sac_her_pickandplace_randomized_2M
sac_her_recovery_v2,goal_spoof_immediate,0,0.1,-150.0,0.0,0.4796817585036592,150,0.05061023682355881,0.7329116463661194,0.0,1.0,,594,v2,B2,sac_her_pickandplace_randomized_2M
sac_her_recovery_v2,goal_spoof_immediate,0,0.1,-150.0,0.0,0.4596373729419731,150,0.031492359936237335,1.4833592176437378,0.0,1.0,,595,v2,B2,sac_her_pickandplace_randomized_2M
sac_her_recovery_v2,goal_spoof_immediate,0,0.1,-150.0,0.0,0.3386463014797066,150,0.0503431037068367,1.5586974620819092,0.0,1.0,,596,v2,B2,sac_her_pickandplace_randomized_2M
sac_her_recovery_v2,goal_spoof_immediate,0,0.1,-150.0,0.0,0.30983779921133026,150,0.5804275274276733,1.572498083114624,0.0,1.0,,597,v2,B2,sac_her_pickandplace_randomized_2M
sac_her_recovery_v2,goal_spoof_immediate,0,0.1,-150.0,0.0,0.47063832770219616,150,0.056951120495796204,1.2892189025878906,0.0,1.0,,598,v2,B2,sac_her_pickandplace_randomized_2M
sac_her_recovery_v2,goal_spoof_immediate,0,0.1,-150.0,0.0,0.23759751265200518,150,0.07746811956167221,1.460324764251709,0.0,1.0,,599,v2,B2,sac_her_pickandplace_randomized_2M
sac_her_recovery_v3,goal_spoof_immediate,0,0.1,-150.0,0.0,0.563356853669599,150,0.16741999983787537,1.4480000734329224,1.0,1.0,,600,v3,B3,sac_her_pickandplace_randomized_2M
sac_her_recovery_v3,goal_spoof_immediate,0,0.1,-150.0,0.0,0.3884547695970575,150,0.05800187587738037,1.069827675819397,0.0,1.0,,601,v3,B3,sac_her_pickandplace_randomized_2M
sac_her_recovery_v3,goal_spoof_immediate,0,0.1,-150.0,0.0,0.20504704582474126,150,0.629143476486206,1.2231677770614624,0.0,1.0,,602,v3,B3,sac_her_pickandplace_randomized_2M
sac_her_recovery_v3,goal_spoof_immediate,0,0.1,-150.0,0.0,0.32139788047057627,150,0.05813021957874298,1.588474154472351,0.0,1.0,,603,v3,B3,sac_her_pickandplace_randomized_2M
sac_her_recovery_v3,goal_spoof_immediate,0,0.1,-150.0,0.0,0.3833991408667048,150,0.05153162404894829,1.4900046586990356,0.0,1.0,,604,v3,B3,sac_her_pickandplace_randomized_2M
sac_her_recovery_v3,goal_spoof_immediate,0,0.1,-150.0,0.0,0.2566632391824746,150,0.07464922964572906,1.3811300992965698,0.0,1.0,,605,v3,B3,sac_her_pickandplace_randomized_2M
sac_her_recovery_v3,goal_spoof_immediate,0,0.1,-150.0,0.0,0.11323708717534765,150,2.093987226486206,1.521638035774231,0.0,1.0,,606,v3,B3,sac_her_pickandplace_randomized_2M
sac_her_recovery_v3,goal_spoof_immediate,0,0.1,-150.0,0.0,0.11413717995448192,150,0.8608314394950867,0.5323047637939453,0.0,0.0,,607,v3,B3,sac_her_pickandplace_randomized_2M
sac_her_recovery_v3,goal_spoof_immediate,0,0.1,-150.0,0.0,0.2058833233297693,150,0.07461505383253098,1.3478373289108276,0.0,1.0,,608,v3,B3,sac_her_pickandplace_randomized_2M
sac_her_recovery_v3,goal_spoof_immediate,0,0.1,-150.0,0.0,0.2585452301932321,150,0.18019716441631317,1.17522394657135,0.0,1.0,,609,v3,B3,sac_her_pickandplace_randomized_2M
sac_her_recovery_v3,goal_spoof_immediate,0,0.1,-150.0,0.0,0.3129097043258147,150,0.04214520379900932,1.2255557775497437,0.0,1.0,,610,v3,B3,sac_her_pickandplace_randomized_2M
sac_her_recovery_v3,goal_spoof_immediate,0,0.1,-150.0,0.0,0.15905207292956766,150,0.1916302591562271,0.9549211859703064,0.0,1.0,,611,v3,B3,sac_her_pickandplace_randomized_2M
sac_her_recovery_v3,goal_spoof_immediate,0,0.1,-150.0,0.0,0.37996503207555216,150,0.05887722969055176,1.495435357093811,0.0,1.0,,612,v3,B3,sac_her_pickandplace_randomized_2M
sac_her_recovery_v3,goal_spoof_immediate,0,0.1,-150.0,0.0,0.10864145743033143,150,0.5603007078170776,1.4395349025726318,0.0,1.0,,613,v3,B3,sac_her_pickandplace_randomized_2M
sac_her_recovery_v3,goal_spoof_immediate,0,0.1,-26.0,1.0,0.029361743207149404,150,0.8193038105964661,0.5448241233825684,0.0,1.0,26.0,614,v3,B3,sac_her_pickandplace_randomized_2M
sac_her_recovery_v3,goal_spoof_immediate,0,0.1,-150.0,0.0,0.4111389638095413,150,0.09103836119174957,1.479131817817688,0.0,1.0,,615,v3,B3,sac_her_pickandplace_randomized_2M
sac_her_recovery_v3,goal_spoof_immediate,0,0.1,-150.0,0.0,0.1254708655263441,150,0.8417127132415771,0.5673419237136841,1.0,1.0,,616,v3,B3,sac_her_pickandplace_randomized_2M
sac_her_recovery_v3,goal_spoof_immediate,0,0.1,-150.0,0.0,0.22003168886387892,150,0.045808639377355576,0.8360385894775391,0.0,1.0,,617,v3,B3,sac_her_pickandplace_randomized_2M
sac_her_recovery_v3,goal_spoof_immediate,0,0.1,-150.0,0.0,0.7775510753627314,150,0.2666098475456238,1.6243019104003906,1.0,1.0,,618,v3,B3,sac_her_pickandplace_randomized_2M
sac_her_recovery_v3,goal_spoof_immediate,0,0.1,-148.0,0.0,0.07527151460497385,150,0.5513729453086853,0.8229822516441345,0.0,1.0,38.0,619,v3,B3,sac_her_pickandplace_randomized_2M
sac_her_recovery_v3,goal_spoof_immediate,0,0.1,-150.0,0.0,0.17372785073866148,150,0.20080891251564026,1.239380955696106,0.0,1.0,,620,v3,B3,sac_her_pickandplace_randomized_2M
sac_her_recovery_v3,goal_spoof_immediate,0,0.1,-150.0,0.0,0.508012960487553,150,0.05199770629405975,1.335964322090149,0.0,1.0,,621,v3,B3,sac_her_pickandplace_randomized_2M
sac_her_recovery_v3,goal_spoof_immediate,0,0.1,-149.0,0.0,0.15732891882555225,150,0.2552550733089447,1.343783974647522,0.0,1.0,17.0,622,v3,B3,sac_her_pickandplace_randomized_2M
sac_her_recovery_v3,goal_spoof_immediate,0,0.1,-150.0,0.0,0.4219135440886297,150,0.055489007383584976,1.3242253065109253,0.0,1.0,,623,v3,B3,sac_her_pickandplace_randomized_2M
sac_her_recovery_v3,goal_spoof_immediate,0,0.1,-150.0,0.0,0.4796817585036592,150,0.058671899139881134,1.3647239208221436,0.0,1.0,,624,v3,B3,sac_her_pickandplace_randomized_2M
sac_her_recovery_v3,goal_spoof_immediate,0,0.1,-150.0,0.0,0.4596373729419731,150,0.04325059801340103,1.4592890739440918,0.0,1.0,,625,v3,B3,sac_her_pickandplace_randomized_2M
sac_her_recovery_v3,goal_spoof_immediate,0,0.1,-150.0,0.0,0.3386463014797066,150,0.05775062367320061,1.4294638633728027,0.0,1.0,,626,v3,B3,sac_her_pickandplace_randomized_2M
sac_her_recovery_v3,goal_spoof_immediate,0,0.1,-150.0,0.0,0.30983779921133026,150,0.41659972071647644,1.5081970691680908,0.0,1.0,,627,v3,B3,sac_her_pickandplace_randomized_2M
sac_her_recovery_v3,goal_spoof_immediate,0,0.1,-150.0,0.0,0.47063832770219616,150,0.06517215818166733,1.254830002784729,0.0,1.0,,628,v3,B3,sac_her_pickandplace_randomized_2M
sac_her_recovery_v3,goal_spoof_immediate,0,0.1,-150.0,0.0,0.23759751265200518,150,0.05451606214046478,1.569149136543274,0.0,1.0,,629,v3,B3,sac_her_pickandplace_randomized_2M
sac_her,goal_spoof_midep,0,0.1,-150.0,0.0,0.34225606690255594,150,0.29052311182022095,1.527704119682312,0.0,0.0,,630,none,B1,sac_her_pickandplace_randomized_2M
sac_her,goal_spoof_midep,0,0.1,-150.0,0.0,0.3884547695970575,150,0.035613466054201126,1.2407972812652588,0.0,0.0,,631,none,B1,sac_her_pickandplace_randomized_2M
sac_her,goal_spoof_midep,0,0.1,-150.0,0.0,0.2364647540081676,150,0.04856894910335541,1.4225431680679321,0.0,0.0,,632,none,B1,sac_her_pickandplace_randomized_2M
sac_her,goal_spoof_midep,0,0.1,-150.0,0.0,0.32139788047057627,150,0.05239171162247658,1.6908003091812134,0.0,0.0,,633,none,B1,sac_her_pickandplace_randomized_2M
sac_her,goal_spoof_midep,0,0.1,-150.0,0.0,0.3833991408667048,150,0.03020326793193817,1.1395988464355469,0.0,0.0,,634,none,B1,sac_her_pickandplace_randomized_2M
sac_her,goal_spoof_midep,0,0.1,-150.0,0.0,0.2566632391824746,150,0.057634659111499786,1.5899513959884644,0.0,0.0,,635,none,B1,sac_her_pickandplace_randomized_2M
sac_her,goal_spoof_midep,0,0.1,-125.0,0.0,0.05431236320288314,150,1.5389256477355957,1.3710278272628784,1.0,0.0,8.0,636,none,B1,sac_her_pickandplace_randomized_2M
sac_her,goal_spoof_midep,0,0.1,-97.0,0.0,0.5460157332573626,150,0.29993048310279846,1.2512257099151611,0.0,0.0,10.0,637,none,B1,sac_her_pickandplace_randomized_2M
sac_her,goal_spoof_midep,0,0.1,-150.0,0.0,0.2058833233297693,150,0.06945320218801498,1.2412147521972656,0.0,0.0,,638,none,B1,sac_her_pickandplace_randomized_2M
sac_her,goal_spoof_midep,0,0.1,-22.0,1.0,0.017353601626259794,150,0.6717122793197632,1.379824161529541,0.0,0.0,16.0,639,none,B1,sac_her_pickandplace_randomized_2M
sac_her,goal_spoof_midep,0,0.1,-150.0,0.0,0.3129097043258147,150,0.03250127285718918,1.3119746446609497,0.0,0.0,,640,none,B1,sac_her_pickandplace_randomized_2M
sac_her,goal_spoof_midep,0,0.1,-150.0,0.0,0.8328418353932158,150,0.1955697387456894,1.6384170055389404,0.0,0.0,,641,none,B1,sac_her_pickandplace_randomized_2M
sac_her,goal_spoof_midep,0,0.1,-150.0,0.0,0.37996503207555216,150,0.03434840589761734,1.249877691268921,0.0,0.0,,642,none,B1,sac_her_pickandplace_randomized_2M
sac_her,goal_spoof_midep,0,0.1,-110.0,0.0,0.07074290211265663,150,0.5429061055183411,0.9981805682182312,0.0,0.0,14.0,643,none,B1,sac_her_pickandplace_randomized_2M
sac_her,goal_spoof_midep,0,0.1,-23.0,1.0,0.03624414647462866,150,0.4514724910259247,1.1833915710449219,1.0,0.0,12.0,644,none,B1,sac_her_pickandplace_randomized_2M
sac_her,goal_spoof_midep,0,0.1,-150.0,0.0,0.4111389638095413,150,0.0711018368601799,1.43161940574646,0.0,0.0,,645,none,B1,sac_her_pickandplace_randomized_2M
sac_her,goal_spoof_midep,0,0.1,-113.0,0.0,0.09072576412063167,150,1.8919833898544312,1.3784234523773193,1.0,0.0,9.0,646,none,B1,sac_her_pickandplace_randomized_2M
sac_her,goal_spoof_midep,0,0.1,-150.0,0.0,0.22003168886387892,150,0.04932989552617073,0.984176516532898,0.0,0.0,,647,none,B1,sac_her_pickandplace_randomized_2M
sac_her,goal_spoof_midep,0,0.1,-11.0,1.0,0.045124952205354965,150,0.29490482807159424,1.1185561418533325,1.0,0.0,11.0,648,none,B1,sac_her_pickandplace_randomized_2M
sac_her,goal_spoof_midep,0,0.1,-120.0,1.0,0.03188559929288749,150,1.637076735496521,1.4658023118972778,1.0,0.0,34.0,649,none,B1,sac_her_pickandplace_randomized_2M
sac_her,goal_spoof_midep,0,0.1,-104.0,0.0,0.1185500238981016,150,1.0011026859283447,1.194996953010559,1.0,0.0,19.0,650,none,B1,sac_her_pickandplace_randomized_2M
sac_her,goal_spoof_midep,0,0.1,-150.0,0.0,0.508012960487553,150,0.04085344821214676,1.4160642623901367,0.0,0.0,,651,none,B1,sac_her_pickandplace_randomized_2M
sac_her,goal_spoof_midep,0,0.1,-138.0,0.0,0.05024086956194614,150,0.5243472456932068,1.4547548294067383,0.0,0.0,11.0,652,none,B1,sac_her_pickandplace_randomized_2M
sac_her,goal_spoof_midep,0,0.1,-150.0,0.0,0.4219135440886297,150,0.037626300007104874,1.4717592000961304,0.0,0.0,,653,none,B1,sac_her_pickandplace_randomized_2M
sac_her,goal_spoof_midep,0,0.1,-150.0,0.0,0.4796817585036592,150,0.03484751284122467,1.0917372703552246,0.0,0.0,,654,none,B1,sac_her_pickandplace_randomized_2M
sac_her,goal_spoof_midep,0,0.1,-150.0,0.0,0.4596373729419731,150,0.022455403581261635,1.4655394554138184,0.0,0.0,,655,none,B1,sac_her_pickandplace_randomized_2M
sac_her,goal_spoof_midep,0,0.1,-150.0,0.0,0.3386463014797066,150,0.0555611215531826,1.3451215028762817,0.0,0.0,,656,none,B1,sac_her_pickandplace_randomized_2M
sac_her,goal_spoof_midep,0,0.1,-150.0,0.0,0.30983779921133026,150,0.05397474020719528,1.7080342769622803,0.0,0.0,,657,none,B1,sac_her_pickandplace_randomized_2M
sac_her,goal_spoof_midep,0,0.1,-150.0,0.0,0.47063832770219616,150,0.04509647563099861,1.2457458972930908,0.0,0.0,,658,none,B1,sac_her_pickandplace_randomized_2M
sac_her,goal_spoof_midep,0,0.1,-150.0,0.0,0.23759751265200518,150,0.03847974166274071,1.5714086294174194,0.0,0.0,,659,none,B1,sac_her_pickandplace_randomized_2M
sac_her_recovery_v2,goal_spoof_midep,0,0.1,-109.0,0.0,0.06594202837391855,150,1.344921350479126,1.3057938814163208,1.0,1.0,30.0,660,v2,B2,sac_her_pickandplace_randomized_2M
sac_her_recovery_v2,goal_spoof_midep,0,0.1,-150.0,0.0,0.3884547695970575,150,0.05842364579439163,1.196711778640747,0.0,1.0,,661,v2,B2,sac_her_pickandplace_randomized_2M
sac_her_recovery_v2,goal_spoof_midep,0,0.1,-150.0,0.0,0.2364647540081676,150,0.06091665104031563,1.528609037399292,0.0,1.0,,662,v2,B2,sac_her_pickandplace_randomized_2M
sac_her_recovery_v2,goal_spoof_midep,0,0.1,-150.0,0.0,0.32139788047057627,150,0.1608646959066391,1.6121009588241577,0.0,1.0,,663,v2,B2,sac_her_pickandplace_randomized_2M
sac_her_recovery_v2,goal_spoof_midep,0,0.1,-150.0,0.0,0.3833991408667048,150,0.05992504209280014,1.1542153358459473,0.0,1.0,,664,v2,B2,sac_her_pickandplace_randomized_2M
sac_her_recovery_v2,goal_spoof_midep,0,0.1,-150.0,0.0,0.2566632391824746,150,0.12881653010845184,1.594578504562378,1.0,1.0,,665,v2,B2,sac_her_pickandplace_randomized_2M
sac_her_recovery_v2,goal_spoof_midep,0,0.1,-94.0,0.0,0.05904672176889317,150,0.3973841965198517,1.3196178674697876,0.0,1.0,12.0,666,v2,B2,sac_her_pickandplace_randomized_2M
sac_her_recovery_v2,goal_spoof_midep,0,0.1,-96.0,0.0,0.06866613124675039,150,1.2454227209091187,1.1299117803573608,1.0,0.0,10.0,667,v2,B2,sac_her_pickandplace_randomized_2M
sac_her_recovery_v2,goal_spoof_midep,0,0.1,-150.0,0.0,0.2058833233297693,150,0.05738475173711777,1.2572200298309326,0.0,1.0,,668,v2,B2,sac_her_pickandplace_randomized_2M
sac_her_recovery_v2,goal_spoof_midep,0,0.1,-102.0,0.0,0.09813172298152036,150,1.653663992881775,1.5658434629440308,0.0,1.0,14.0,669,v2,B2,sac_her_pickandplace_randomized_2M
sac_her_recovery_v2,goal_spoof_midep,0,0.1,-150.0,0.0,0.3129097043258147,150,0.04561983793973923,1.0681544542312622,0.0,1.0,,670,v2,B2,sac_her_pickandplace_randomized_2M
sac_her_recovery_v2,goal_spoof_midep,0,0.1,-150.0,0.0,0.19921278072782703,150,0.40334048867225647,1.3106193542480469,1.0,1.0,,671,v2,B2,sac_her_pickandplace_randomized_2M
sac_her_recovery_v2,goal_spoof_midep,0,0.1,-150.0,0.0,0.37996503207555216,150,0.07556233555078506,1.2502459287643433,0.0,1.0,,672,v2,B2,sac_her_pickandplace_randomized_2M
sac_her_recovery_v2,goal_spoof_midep,0,0.1,-108.0,0.0,0.5502700828403674,150,1.2047652006149292,1.424966812133789,1.0,1.0,20.0,673,v2,B2,sac_her_pickandplace_randomized_2M
sac_her_recovery_v2,goal_spoof_midep,0,0.1,-12.0,1.0,0.02878534041214266,150,0.5162943601608276,1.210503101348877,0.0,1.0,12.0,674,v2,B2,sac_her_pickandplace_randomized_2M
sac_her_recovery_v2,goal_spoof_midep,0,0.1,-150.0,0.0,0.4111389638095413,150,0.10993305593729019,1.2669925689697266,0.0,1.0,,675,v2,B2,sac_her_pickandplace_randomized_2M
sac_her_recovery_v2,goal_spoof_midep,0,0.1,-111.0,0.0,0.07738731939613179,150,0.9429506659507751,1.1983110904693604,1.0,0.0,9.0,676,v2,B2,sac_her_pickandplace_randomized_2M
sac_her_recovery_v2,goal_spoof_midep,0,0.1,-150.0,0.0,0.22003168886387892,150,0.08867891877889633,1.0658692121505737,0.0,1.0,,677,v2,B2,sac_her_pickandplace_randomized_2M
sac_her_recovery_v2,goal_spoof_midep,0,0.1,-98.0,0.0,0.11977490276989286,150,0.34778687357902527,1.299223780632019,0.0,0.0,11.0,678,v2,B2,sac_her_pickandplace_randomized_2M
sac_her_recovery_v2,goal_spoof_midep,0,0.1,-103.0,0.0,0.08716640675294365,150,0.6795956492424011,1.0470584630966187,0.0,1.0,26.0,679,v2,B2,sac_her_pickandplace_randomized_2M
sac_her_recovery_v2,goal_spoof_midep,0,0.1,-13.0,1.0,0.038364730375349626,150,0.48669132590293884,1.1347270011901855,0.0,1.0,13.0,680,v2,B2,sac_her_pickandplace_randomized_2M
sac_her_recovery_v2,goal_spoof_midep,0,0.1,-150.0,0.0,0.508012960487553,150,0.059329088777303696,1.259549617767334,0.0,1.0,,681,v2,B2,sac_her_pickandplace_randomized_2M
sac_her_recovery_v2,goal_spoof_midep,0,0.1,-138.0,0.0,0.05024086956194614,150,0.5138749480247498,1.422545313835144,0.0,1.0,11.0,682,v2,B2,sac_her_pickandplace_randomized_2M
sac_her_recovery_v2,goal_spoof_midep,0,0.1,-150.0,0.0,0.4219135440886297,150,0.3981575071811676,1.6011295318603516,0.0,1.0,,683,v2,B2,sac_her_pickandplace_randomized_2M
sac_her_recovery_v2,goal_spoof_midep,0,0.1,-150.0,0.0,0.4796817585036592,150,0.054979875683784485,1.049116611480713,0.0,1.0,,684,v2,B2,sac_her_pickandplace_randomized_2M
sac_her_recovery_v2,goal_spoof_midep,0,0.1,-150.0,0.0,0.4596373729419731,150,0.03313194960355759,1.5079681873321533,0.0,1.0,,685,v2,B2,sac_her_pickandplace_randomized_2M
sac_her_recovery_v2,goal_spoof_midep,0,0.1,-150.0,0.0,0.3386463014797066,150,0.09949776530265808,1.5095763206481934,0.0,1.0,,686,v2,B2,sac_her_pickandplace_randomized_2M
sac_her_recovery_v2,goal_spoof_midep,0,0.1,-150.0,0.0,0.30983779921133026,150,0.20066173374652863,1.4534540176391602,0.0,1.0,,687,v2,B2,sac_her_pickandplace_randomized_2M
sac_her_recovery_v2,goal_spoof_midep,0,0.1,-150.0,0.0,0.47063832770219616,150,0.08243311941623688,1.1331942081451416,0.0,1.0,,688,v2,B2,sac_her_pickandplace_randomized_2M
sac_her_recovery_v2,goal_spoof_midep,0,0.1,-150.0,0.0,0.23759751265200518,150,0.06382544338703156,1.508633017539978,0.0,1.0,,689,v2,B2,sac_her_pickandplace_randomized_2M
sac_her_recovery_v3,goal_spoof_midep,0,0.1,-37.0,1.0,0.036535681941877445,150,2.1104798316955566,1.5787471532821655,1.0,1.0,37.0,690,v3,B3,sac_her_pickandplace_randomized_2M
sac_her_recovery_v3,goal_spoof_midep,0,0.1,-150.0,0.0,0.3884547695970575,150,0.062324147671461105,1.2257466316223145,0.0,1.0,,691,v3,B3,sac_her_pickandplace_randomized_2M
sac_her_recovery_v3,goal_spoof_midep,0,0.1,-150.0,0.0,0.2364647540081676,150,0.1010047048330307,1.2816933393478394,0.0,1.0,,692,v3,B3,sac_her_pickandplace_randomized_2M
sac_her_recovery_v3,goal_spoof_midep,0,0.1,-150.0,0.0,0.32139788047057627,150,0.10172493755817413,1.51710844039917,0.0,1.0,,693,v3,B3,sac_her_pickandplace_randomized_2M
sac_her_recovery_v3,goal_spoof_midep,0,0.1,-150.0,0.0,0.3833991408667048,150,0.05214633420109749,1.1257991790771484,0.0,1.0,,694,v3,B3,sac_her_pickandplace_randomized_2M
sac_her_recovery_v3,goal_spoof_midep,0,0.1,-150.0,0.0,0.2566632391824746,150,0.20089223980903625,1.4832160472869873,1.0,1.0,,695,v3,B3,sac_her_pickandplace_randomized_2M
sac_her_recovery_v3,goal_spoof_midep,0,0.1,-95.0,0.0,0.11640467760567581,150,0.8237774968147278,1.0421844720840454,1.0,1.0,13.0,696,v3,B3,sac_her_pickandplace_randomized_2M
sac_her_recovery_v3,goal_spoof_midep,0,0.1,-95.0,0.0,0.4709406931757548,150,0.41766276955604553,1.2325835227966309,0.0,1.0,10.0,697,v3,B3,sac_her_pickandplace_randomized_2M
sac_her_recovery_v3,goal_spoof_midep,0,0.1,-150.0,0.0,0.2058833233297693,150,0.05621295049786568,1.3523393869400024,0.0,1.0,,698,v3,B3,sac_her_pickandplace_randomized_2M
sac_her_recovery_v3,goal_spoof_midep,0,0.1,-17.0,1.0,0.003638958522037194,150,0.2975636422634125,1.3638688325881958,0.0,1.0,17.0,699,v3,B3,sac_her_pickandplace_randomized_2M
sac_her_recovery_v3,goal_spoof_midep,0,0.1,-150.0,0.0,0.3129097043258147,150,0.0491635762155056,1.4065971374511719,0.0,1.0,,700,v3,B3,sac_her_pickandplace_randomized_2M
sac_her_recovery_v3,goal_spoof_midep,0,0.1,-150.0,0.0,0.07765373494492803,150,0.9019068479537964,1.2346930503845215,1.0,1.0,,701,v3,B3,sac_her_pickandplace_randomized_2M
sac_her_recovery_v3,goal_spoof_midep,0,0.1,-150.0,0.0,0.37996503207555216,150,0.06810558587312698,1.4505462646484375,0.0,1.0,,702,v3,B3,sac_her_pickandplace_randomized_2M
sac_her_recovery_v3,goal_spoof_midep,0,0.1,-109.0,0.0,0.5081261133005007,150,1.5774390697479248,1.4670777320861816,1.0,1.0,21.0,703,v3,B3,sac_her_pickandplace_randomized_2M
sac_her_recovery_v3,goal_spoof_midep,0,0.1,-97.0,0.0,0.07047696503122425,150,0.4348798990249634,1.343226671218872,0.0,1.0,13.0,704,v3,B3,sac_her_pickandplace_randomized_2M
sac_her_recovery_v3,goal_spoof_midep,0,0.1,-150.0,0.0,0.4111389638095413,150,0.12110529839992523,1.358687400817871,0.0,1.0,,705,v3,B3,sac_her_pickandplace_randomized_2M
sac_her_recovery_v3,goal_spoof_midep,0,0.1,-110.0,0.0,0.06833728197077948,150,0.5629618763923645,1.178068995475769,1.0,0.0,9.0,706,v3,B3,sac_her_pickandplace_randomized_2M
sac_her_recovery_v3,goal_spoof_midep,0,0.1,-150.0,0.0,0.22003168886387892,150,0.07902202010154724,0.7729924917221069,0.0,1.0,,707,v3,B3,sac_her_pickandplace_randomized_2M
sac_her_recovery_v3,goal_spoof_midep,0,0.1,-97.0,0.0,0.07424008813350823,150,0.2605242133140564,1.2038352489471436,0.0,0.0,11.0,708,v3,B3,sac_her_pickandplace_randomized_2M
sac_her_recovery_v3,goal_spoof_midep,0,0.1,-149.0,0.0,0.11771629139155788,150,0.31127676367759705,0.9479174017906189,0.0,1.0,13.0,709,v3,B3,sac_her_pickandplace_randomized_2M
sac_her_recovery_v3,goal_spoof_midep,0,0.1,-61.0,1.0,0.04247084875169953,150,1.0162819623947144,1.3994008302688599,0.0,1.0,61.0,710,v3,B3,sac_her_pickandplace_randomized_2M
sac_her_recovery_v3,goal_spoof_midep,0,0.1,-150.0,0.0,0.508012960487553,150,0.060394804924726486,1.3481000661849976,0.0,1.0,,711,v3,B3,sac_her_pickandplace_randomized_2M
sac_her_recovery_v3,goal_spoof_midep,0,0.1,-138.0,0.0,0.6691273640457167,150,0.5863731503486633,1.2941763401031494,0.0,1.0,11.0,712,v3,B3,sac_her_pickandplace_randomized_2M
sac_her_recovery_v3,goal_spoof_midep,0,0.1,-150.0,0.0,0.4219135440886297,150,0.14321495592594147,1.5704556703567505,0.0,1.0,,713,v3,B3,sac_her_pickandplace_randomized_2M
sac_her_recovery_v3,goal_spoof_midep,0,0.1,-150.0,0.0,0.4796817585036592,150,0.06516222655773163,1.328078031539917,0.0,1.0,,714,v3,B3,sac_her_pickandplace_randomized_2M
sac_her_recovery_v3,goal_spoof_midep,0,0.1,-150.0,0.0,0.4596373729419731,150,0.029248539358377457,1.470699429512024,0.0,1.0,,715,v3,B3,sac_her_pickandplace_randomized_2M
sac_her_recovery_v3,goal_spoof_midep,0,0.1,-150.0,0.0,0.3386463014797066,150,0.14042562246322632,1.4568763971328735,0.0,1.0,,716,v3,B3,sac_her_pickandplace_randomized_2M
sac_her_recovery_v3,goal_spoof_midep,0,0.1,-150.0,0.0,0.30983779921133026,150,0.16197586059570312,1.401873230934143,0.0,1.0,,717,v3,B3,sac_her_pickandplace_randomized_2M
sac_her_recovery_v3,goal_spoof_midep,0,0.1,-150.0,0.0,0.47063832770219616,150,0.10270956158638,1.2098511457443237,0.0,1.0,,718,v3,B3,sac_her_pickandplace_randomized_2M
sac_her_recovery_v3,goal_spoof_midep,0,0.1,-150.0,0.0,0.23759751265200518,150,0.06573396176099777,1.536309003829956,0.0,1.0,,719,v3,B3,sac_her_pickandplace_randomized_2M
sac_her,object_pose_spoof,0,0.1,-150.0,0.0,0.8191618643017132,150,0.32458388805389404,1.642107605934143,0.0,0.0,,720,none,B1,sac_her_pickandplace_randomized_2M
sac_her,object_pose_spoof,0,0.1,-150.0,0.0,0.3884547695970575,150,0.02883271686732769,0.9155627489089966,0.0,0.0,,721,none,B1,sac_her_pickandplace_randomized_2M
sac_her,object_pose_spoof,0,0.1,-150.0,0.0,0.2364647540081676,150,0.04377331584692001,1.5809210538864136,0.0,0.0,,722,none,B1,sac_her_pickandplace_randomized_2M
sac_her,object_pose_spoof,0,0.1,-150.0,0.0,0.32139788047057627,150,0.03952806070446968,1.5269702672958374,0.0,0.0,,723,none,B1,sac_her_pickandplace_randomized_2M
sac_her,object_pose_spoof,0,0.1,-150.0,0.0,0.3833991408667048,150,0.022906005382537842,1.4512829780578613,0.0,0.0,,724,none,B1,sac_her_pickandplace_randomized_2M
sac_her,object_pose_spoof,0,0.1,-150.0,0.0,0.2566632391824746,150,1.1909898519515991,1.059299111366272,0.0,0.0,,725,none,B1,sac_her_pickandplace_randomized_2M
sac_her,object_pose_spoof,0,0.1,-150.0,0.0,0.07352949335484237,150,0.76816326379776,0.7061647772789001,0.0,0.0,,726,none,B1,sac_her_pickandplace_randomized_2M
sac_her,object_pose_spoof,0,0.1,-150.0,0.0,0.07483992395722709,150,0.21142074465751648,0.5311090350151062,0.0,0.0,,727,none,B1,sac_her_pickandplace_randomized_2M
sac_her,object_pose_spoof,0,0.1,-150.0,0.0,0.2058833233297693,150,0.02991238608956337,0.9623905420303345,0.0,0.0,,728,none,B1,sac_her_pickandplace_randomized_2M
sac_her,object_pose_spoof,0,0.1,-148.0,0.0,0.9193753883958261,150,0.22450369596481323,1.666152000427246,0.0,0.0,12.0,729,none,B1,sac_her_pickandplace_randomized_2M
sac_her,object_pose_spoof,0,0.1,-150.0,0.0,0.3129097043258147,150,0.019819287583231926,1.0269588232040405,0.0,0.0,,730,none,B1,sac_her_pickandplace_randomized_2M
sac_her,object_pose_spoof,0,0.1,-150.0,0.0,0.1122016302435594,150,2.20597767829895,1.4488877058029175,1.0,0.0,,731,none,B1,sac_her_pickandplace_randomized_2M
sac_her,object_pose_spoof,0,0.1,-150.0,0.0,0.37996503207555216,150,0.026525456458330154,1.3024559020996094,0.0,0.0,,732,none,B1,sac_her_pickandplace_randomized_2M
sac_her,object_pose_spoof,0,0.1,-150.0,0.0,0.1017263801069153,150,2.1620962619781494,1.2293775081634521,0.0,0.0,,733,none,B1,sac_her_pickandplace_randomized_2M
sac_her,object_pose_spoof,0,0.1,-150.0,0.0,0.8060825322227995,150,0.183397114276886,1.631356120109558,0.0,0.0,,734,none,B1,sac_her_pickandplace_randomized_2M
sac_her,object_pose_spoof,0,0.1,-150.0,0.0,0.4111389638095413,150,0.04030130058526993,1.2557393312454224,0.0,0.0,,735,none,B1,sac_her_pickandplace_randomized_2M
sac_her,object_pose_spoof,0,0.1,-145.0,0.0,0.06707169800787745,150,0.21792994439601898,1.3595776557922363,0.0,0.0,15.0,736,none,B1,sac_her_pickandplace_randomized_2M
sac_her,object_pose_spoof,0,0.1,-150.0,0.0,0.22003168886387892,150,0.0438217855989933,1.0191172361373901,0.0,0.0,,737,none,B1,sac_her_pickandplace_randomized_2M
sac_her,object_pose_spoof,0,0.1,-150.0,0.0,0.08170699919642997,150,1.721724510192871,1.3336436748504639,0.0,0.0,,738,none,B1,sac_her_pickandplace_randomized_2M
sac_her,object_pose_spoof,0,0.1,-150.0,0.0,0.17840593059152016,150,1.8763548135757446,1.3119052648544312,0.0,0.0,,739,none,B1,sac_her_pickandplace_randomized_2M
sac_her,object_pose_spoof,0,0.1,-16.0,1.0,0.025126734473368027,150,0.17956756055355072,0.7570765018463135,0.0,0.0,16.0,740,none,B1,sac_her_pickandplace_randomized_2M
sac_her,object_pose_spoof,0,0.1,-150.0,0.0,0.508012960487553,150,0.029770582914352417,1.1627522706985474,0.0,0.0,,741,none,B1,sac_her_pickandplace_randomized_2M
sac_her,object_pose_spoof,0,0.1,-10.0,1.0,0.04144111560246744,150,0.18349704146385193,0.9524235129356384,0.0,0.0,10.0,742,none,B1,sac_her_pickandplace_randomized_2M
sac_her,object_pose_spoof,0,0.1,-150.0,0.0,0.4219135440886297,150,0.019611239433288574,1.692863941192627,0.0,0.0,,743,none,B1,sac_her_pickandplace_randomized_2M
sac_her,object_pose_spoof,0,0.1,-150.0,0.0,0.4796817585036592,150,0.03231196478009224,1.1396220922470093,0.0,0.0,,744,none,B1,sac_her_pickandplace_randomized_2M
sac_her,object_pose_spoof,0,0.1,-150.0,0.0,0.4596373729419731,150,0.04256036505103111,1.179397463798523,0.0,0.0,,745,none,B1,sac_her_pickandplace_randomized_2M
sac_her,object_pose_spoof,0,0.1,-150.0,0.0,0.3386463014797066,150,0.09150493890047073,1.5581321716308594,0.0,0.0,,746,none,B1,sac_her_pickandplace_randomized_2M
sac_her,object_pose_spoof,0,0.1,-150.0,0.0,0.30983779921133026,150,0.09344685822725296,1.527533769607544,0.0,0.0,,747,none,B1,sac_her_pickandplace_randomized_2M
sac_her,object_pose_spoof,0,0.1,-150.0,0.0,0.47063832770219616,150,0.029473042115569115,1.1581417322158813,0.0,0.0,,748,none,B1,sac_her_pickandplace_randomized_2M
sac_her,object_pose_spoof,0,0.1,-150.0,0.0,0.23759751265200518,150,0.03982215374708176,1.372826099395752,0.0,0.0,,749,none,B1,sac_her_pickandplace_randomized_2M
sac_her_recovery_v2,object_pose_spoof,0,0.1,-143.0,0.0,0.09542092070681268,150,1.6005339622497559,1.1305886507034302,1.0,1.0,30.0,750,v2,B2,sac_her_pickandplace_randomized_2M
sac_her_recovery_v2,object_pose_spoof,0,0.1,-150.0,0.0,0.3884547695970575,150,0.07287640869617462,1.1904650926589966,0.0,1.0,,751,v2,B2,sac_her_pickandplace_randomized_2M
sac_her_recovery_v2,object_pose_spoof,0,0.1,-150.0,0.0,0.2364647540081676,150,0.07022727280855179,1.5676336288452148,0.0,1.0,,752,v2,B2,sac_her_pickandplace_randomized_2M
sac_her_recovery_v2,object_pose_spoof,0,0.1,-150.0,0.0,0.32139788047057627,150,0.154867023229599,1.7163138389587402,0.0,1.0,,753,v2,B2,sac_her_pickandplace_randomized_2M
sac_her_recovery_v2,object_pose_spoof,0,0.1,-150.0,0.0,0.3833991408667048,150,0.05862141773104668,1.094541072845459,0.0,1.0,,754,v2,B2,sac_her_pickandplace_randomized_2M
sac_her_recovery_v2,object_pose_spoof,0,0.1,-150.0,0.0,0.2566632391824746,150,0.09842276573181152,1.5065926313400269,0.0,1.0,,755,v2,B2,sac_her_pickandplace_randomized_2M
sac_her_recovery_v2,object_pose_spoof,0,0.1,-150.0,0.0,0.5964689813990107,150,0.28892409801483154,1.6228654384613037,1.0,1.0,,756,v2,B2,sac_her_pickandplace_randomized_2M
sac_her_recovery_v2,object_pose_spoof,0,0.1,-150.0,0.0,0.10873028306628164,150,0.6535741090774536,0.9053700566291809,0.0,0.0,,757,v2,B2,sac_her_pickandplace_randomized_2M
sac_her_recovery_v2,object_pose_spoof,0,0.1,-150.0,0.0,0.2058833233297693,150,0.051461074501276016,1.0872827768325806,0.0,1.0,,758,v2,B2,sac_her_pickandplace_randomized_2M
sac_her_recovery_v2,object_pose_spoof,0,0.1,-150.0,0.0,0.16761008947602418,150,1.9583240747451782,1.233636498451233,1.0,1.0,,759,v2,B2,sac_her_pickandplace_randomized_2M
sac_her_recovery_v2,object_pose_spoof,0,0.1,-150.0,0.0,0.3129097043258147,150,0.04899483546614647,0.6388726830482483,0.0,1.0,,760,v2,B2,sac_her_pickandplace_randomized_2M
sac_her_recovery_v2,object_pose_spoof,0,0.1,-31.0,1.0,0.03662943583267425,150,1.730089783668518,1.066864252090454,1.0,0.0,9.0,761,v2,B2,sac_her_pickandplace_randomized_2M
sac_her_recovery_v2,object_pose_spoof,0,0.1,-150.0,0.0,0.37996503207555216,150,0.058993302285671234,1.4851497411727905,1.0,1.0,,762,v2,B2,sac_her_pickandplace_randomized_2M
sac_her_recovery_v2,object_pose_spoof,0,0.1,-150.0,0.0,0.07283560380986773,150,1.7873680591583252,1.4120391607284546,0.0,1.0,,763,v2,B2,sac_her_pickandplace_randomized_2M
sac_her_recovery_v2,object_pose_spoof,0,0.1,-106.0,0.0,0.09712043867732172,150,1.266074538230896,1.1121822595596313,1.0,0.0,14.0,764,v2,B2,sac_her_pickandplace_randomized_2M
sac_her_recovery_v2,object_pose_spoof,0,0.1,-150.0,0.0,0.4111389638095413,150,0.11251915246248245,1.149789810180664,0.0,1.0,,765,v2,B2,sac_her_pickandplace_randomized_2M
sac_her_recovery_v2,object_pose_spoof,0,0.1,-150.0,0.0,0.10329636228674595,150,0.15296539664268494,0.7129227519035339,0.0,1.0,,766,v2,B2,sac_her_pickandplace_randomized_2M
sac_her_recovery_v2,object_pose_spoof,0,0.1,-150.0,0.0,0.22003168886387892,150,0.07305163145065308,0.8210340142250061,0.0,1.0,,767,v2,B2,sac_her_pickandplace_randomized_2M
sac_her_recovery_v2,object_pose_spoof,0,0.1,-150.0,0.0,0.0936079815240704,150,0.8683642745018005,1.4725518226623535,0.0,1.0,,768,v2,B2,sac_her_pickandplace_randomized_2M
sac_her_recovery_v2,object_pose_spoof,0,0.1,-150.0,0.0,0.07928482786461416,150,0.7157743573188782,0.611444890499115,1.0,0.0,,769,v2,B2,sac_her_pickandplace_randomized_2M
sac_her_recovery_v2,object_pose_spoof,0,0.1,-150.0,0.0,0.09097360191651446,150,0.23663491010665894,0.6965436339378357,0.0,1.0,,770,v2,B2,sac_her_pickandplace_randomized_2M
sac_her_recovery_v2,object_pose_spoof,0,0.1,-150.0,0.0,0.508012960487553,150,0.051956597715616226,1.4110909700393677,0.0,1.0,,771,v2,B2,sac_her_pickandplace_randomized_2M
sac_her_recovery_v2,object_pose_spoof,0,0.1,-150.0,0.0,0.05038346689167226,150,0.16630269587039948,0.6439839601516724,0.0,0.0,,772,v2,B2,sac_her_pickandplace_randomized_2M
sac_her_recovery_v2,object_pose_spoof,0,0.1,-150.0,0.0,0.4219135440886297,150,0.049509789794683456,1.6889485120773315,0.0,1.0,,773,v2,B2,sac_her_pickandplace_randomized_2M
sac_her_recovery_v2,object_pose_spoof,0,0.1,-150.0,0.0,0.4796817585036592,150,0.05538914352655411,1.3324768543243408,0.0,1.0,,774,v2,B2,sac_her_pickandplace_randomized_2M
sac_her_recovery_v2,object_pose_spoof,0,0.1,-150.0,0.0,0.4596373729419731,150,0.046019814908504486,1.3641890287399292,0.0,1.0,,775,v2,B2,sac_her_pickandplace_randomized_2M
sac_her_recovery_v2,object_pose_spoof,0,0.1,-150.0,0.0,0.3386463014797066,150,0.5141764879226685,1.518738031387329,0.0,1.0,,776,v2,B2,sac_her_pickandplace_randomized_2M
sac_her_recovery_v2,object_pose_spoof,0,0.1,-150.0,0.0,0.18031837385464744,150,1.2921277284622192,1.1823447942733765,0.0,1.0,,777,v2,B2,sac_her_pickandplace_randomized_2M
sac_her_recovery_v2,object_pose_spoof,0,0.1,-150.0,0.0,0.47063832770219616,150,0.05363579839468002,1.3097355365753174,0.0,1.0,,778,v2,B2,sac_her_pickandplace_randomized_2M
sac_her_recovery_v2,object_pose_spoof,0,0.1,-150.0,0.0,0.23759751265200518,150,0.09426295757293701,1.450953722000122,0.0,1.0,,779,v2,B2,sac_her_pickandplace_randomized_2M
sac_her_recovery_v3,object_pose_spoof,0,0.1,-150.0,0.0,0.4781294110579244,150,2.3840463161468506,1.694874882698059,1.0,1.0,,780,v3,B3,sac_her_pickandplace_randomized_2M
sac_her_recovery_v3,object_pose_spoof,0,0.1,-150.0,0.0,0.3884547695970575,150,0.056548699736595154,0.9574241042137146,0.0,1.0,,781,v3,B3,sac_her_pickandplace_randomized_2M
sac_her_recovery_v3,object_pose_spoof,0,0.1,-150.0,0.0,0.2364647540081676,150,0.06493811309337616,1.5902005434036255,0.0,1.0,,782,v3,B3,sac_her_pickandplace_randomized_2M
sac_her_recovery_v3,object_pose_spoof,0,0.1,-150.0,0.0,0.32139788047057627,150,0.055752068758010864,1.537814736366272,0.0,1.0,,783,v3,B3,sac_her_pickandplace_randomized_2M
sac_her_recovery_v3,object_pose_spoof,0,0.1,-150.0,0.0,0.3833991408667048,150,0.04617922753095627,1.5144214630126953,0.0,1.0,,784,v3,B3,sac_her_pickandplace_randomized_2M
sac_her_recovery_v3,object_pose_spoof,0,0.1,-150.0,0.0,0.2566632391824746,150,0.10608875751495361,1.5129549503326416,0.0,1.0,,785,v3,B3,sac_her_pickandplace_randomized_2M
sac_her_recovery_v3,object_pose_spoof,0,0.1,-147.0,0.0,0.7148316396087558,150,0.26280075311660767,1.3552885055541992,0.0,1.0,21.0,786,v3,B3,sac_her_pickandplace_randomized_2M
sac_her_recovery_v3,object_pose_spoof,0,0.1,-150.0,0.0,0.0636233268875871,150,0.6066925525665283,1.486802577972412,0.0,1.0,,787,v3,B3,sac_her_pickandplace_randomized_2M
sac_her_recovery_v3,object_pose_spoof,0,0.1,-150.0,0.0,0.2058833233297693,150,0.0662030428647995,0.9784561991691589,0.0,1.0,,788,v3,B3,sac_her_pickandplace_randomized_2M
sac_her_recovery_v3,object_pose_spoof,0,0.1,-147.0,0.0,0.8060212900123636,150,0.5014088153839111,1.697756290435791,1.0,1.0,11.0,789,v3,B3,sac_her_pickandplace_randomized_2M
sac_her_recovery_v3,object_pose_spoof,0,0.1,-150.0,0.0,0.3129097043258147,150,0.07471835613250732,1.0772379636764526,0.0,1.0,,790,v3,B3,sac_her_pickandplace_randomized_2M
sac_her_recovery_v3,object_pose_spoof,0,0.1,-150.0,0.0,0.16989906069704241,150,0.44698667526245117,1.2022652626037598,0.0,1.0,,791,v3,B3,sac_her_pickandplace_randomized_2M
sac_her_recovery_v3,object_pose_spoof,0,0.1,-150.0,0.0,0.37996503207555216,150,0.0510958768427372,1.412555456161499,0.0,1.0,,792,v3,B3,sac_her_pickandplace_randomized_2M
sac_her_recovery_v3,object_pose_spoof,0,0.1,-150.0,0.0,0.5461201743022769,150,0.17407815158367157,1.3728044033050537,0.0,1.0,,793,v3,B3,sac_her_pickandplace_randomized_2M
sac_her_recovery_v3,object_pose_spoof,0,0.1,-150.0,0.0,0.07700143261121405,150,0.3495050072669983,0.8434984087944031,0.0,1.0,,794,v3,B3,sac_her_pickandplace_randomized_2M
sac_her_recovery_v3,object_pose_spoof,0,0.1,-150.0,0.0,0.4111389638095413,150,0.10258109867572784,1.1591383218765259,0.0,1.0,,795,v3,B3,sac_her_pickandplace_randomized_2M
sac_her_recovery_v3,object_pose_spoof,0,0.1,-148.0,0.0,0.08039985339272376,150,0.2127726823091507,0.9772759079933167,0.0,0.0,11.0,796,v3,B3,sac_her_pickandplace_randomized_2M
sac_her_recovery_v3,object_pose_spoof,0,0.1,-150.0,0.0,0.22003168886387892,150,0.06507138907909393,0.6349799036979675,0.0,1.0,,797,v3,B3,sac_her_pickandplace_randomized_2M
sac_her_recovery_v3,object_pose_spoof,0,0.1,-150.0,0.0,0.23609983940025248,150,0.5707254409790039,1.3422417640686035,0.0,1.0,,798,v3,B3,sac_her_pickandplace_randomized_2M
sac_her_recovery_v3,object_pose_spoof,0,0.1,-150.0,0.0,0.11617999048455585,150,0.20981794595718384,1.1374247074127197,0.0,1.0,,799,v3,B3,sac_her_pickandplace_randomized_2M
sac_her_recovery_v3,object_pose_spoof,0,0.1,-54.0,0.0,0.057385013791292586,150,0.4208320379257202,0.9823006987571716,1.0,0.0,21.0,800,v3,B3,sac_her_pickandplace_randomized_2M
sac_her_recovery_v3,object_pose_spoof,0,0.1,-150.0,0.0,0.508012960487553,150,0.05022086575627327,1.0770357847213745,0.0,1.0,,801,v3,B3,sac_her_pickandplace_randomized_2M
sac_her_recovery_v3,object_pose_spoof,0,0.1,-15.0,1.0,0.022306216174919555,150,0.915056049823761,0.6632007956504822,0.0,1.0,13.0,802,v3,B3,sac_her_pickandplace_randomized_2M
sac_her_recovery_v3,object_pose_spoof,0,0.1,-150.0,0.0,0.4219135440886297,150,0.1651371270418167,1.5917494297027588,0.0,1.0,,803,v3,B3,sac_her_pickandplace_randomized_2M
sac_her_recovery_v3,object_pose_spoof,0,0.1,-150.0,0.0,0.4796817585036592,150,0.05222632735967636,0.9603875875473022,0.0,1.0,,804,v3,B3,sac_her_pickandplace_randomized_2M
sac_her_recovery_v3,object_pose_spoof,0,0.1,-150.0,0.0,0.4596373729419731,150,0.06136201694607735,1.0871429443359375,0.0,1.0,,805,v3,B3,sac_her_pickandplace_randomized_2M
sac_her_recovery_v3,object_pose_spoof,0,0.1,-150.0,0.0,0.3386463014797066,150,0.04712775722146034,1.537874698638916,0.0,1.0,,806,v3,B3,sac_her_pickandplace_randomized_2M
sac_her_recovery_v3,object_pose_spoof,0,0.1,-150.0,0.0,0.13419348792457422,150,1.3937090635299683,1.288507342338562,0.0,0.0,,807,v3,B3,sac_her_pickandplace_randomized_2M
sac_her_recovery_v3,object_pose_spoof,0,0.1,-150.0,0.0,0.47063832770219616,150,0.0557994581758976,1.3422716856002808,0.0,1.0,,808,v3,B3,sac_her_pickandplace_randomized_2M
sac_her_recovery_v3,object_pose_spoof,0,0.1,-150.0,0.0,0.23759751265200518,150,0.051391877233982086,1.3941888809204102,0.0,1.0,,809,v3,B3,sac_her_pickandplace_randomized_2M
sac_her,grip_state_falsification,0,0.0,-150.0,0.0,0.35492253605282875,150,2.340773105621338,1.4474472999572754,0.0,0.0,,810,none,B1,sac_her_pickandplace_randomized_2M
sac_her,grip_state_falsification,0,0.0,-150.0,0.0,0.3884547695970575,150,0.028080306947231293,1.214050054550171,0.0,0.0,,811,none,B1,sac_her_pickandplace_randomized_2M
sac_her,grip_state_falsification,0,0.0,-150.0,0.0,0.2364647540081676,150,0.021763309836387634,1.606512427330017,0.0,0.0,,812,none,B1,sac_her_pickandplace_randomized_2M
sac_her,grip_state_falsification,0,0.0,-150.0,0.0,0.32139788047057627,150,0.0370907224714756,1.6762027740478516,0.0,0.0,,813,none,B1,sac_her_pickandplace_randomized_2M
sac_her,grip_state_falsification,0,0.0,-150.0,0.0,0.3833991408667048,150,0.02880239114165306,1.22703218460083,0.0,0.0,,814,none,B1,sac_her_pickandplace_randomized_2M
sac_her,grip_state_falsification,0,0.0,-150.0,0.0,0.2566632391824746,150,0.051770761609077454,1.5837520360946655,0.0,0.0,,815,none,B1,sac_her_pickandplace_randomized_2M
sac_her,grip_state_falsification,0,0.0,-35.0,1.0,0.039895134911752304,150,0.5297631621360779,1.1468433141708374,1.0,0.0,34.0,816,none,B1,sac_her_pickandplace_randomized_2M
sac_her,grip_state_falsification,0,0.0,-144.0,0.0,0.547453982180449,150,0.5885980129241943,1.6606404781341553,1.0,0.0,12.0,817,none,B1,sac_her_pickandplace_randomized_2M
sac_her,grip_state_falsification,0,0.0,-150.0,0.0,0.2058833233297693,150,0.04355454817414284,1.239380121231079,0.0,0.0,,818,none,B1,sac_her_pickandplace_randomized_2M
sac_her,grip_state_falsification,0,0.0,-15.0,1.0,0.011709571136612184,150,0.22888708114624023,0.7545188665390015,0.0,0.0,15.0,819,none,B1,sac_her_pickandplace_randomized_2M
sac_her,grip_state_falsification,0,0.0,-150.0,0.0,0.3129097043258147,150,0.022026987746357918,1.1314104795455933,0.0,0.0,,820,none,B1,sac_her_pickandplace_randomized_2M
sac_her,grip_state_falsification,0,0.0,-150.0,0.0,0.676519938069509,150,0.1420326828956604,1.5553096532821655,0.0,0.0,,821,none,B1,sac_her_pickandplace_randomized_2M
sac_her,grip_state_falsification,0,0.0,-150.0,0.0,0.37996503207555216,150,0.02876466140151024,1.3363803625106812,0.0,0.0,,822,none,B1,sac_her_pickandplace_randomized_2M
sac_her,grip_state_falsification,0,0.0,-11.0,1.0,0.022237948313394686,150,1.465846061706543,0.9310349822044373,0.0,0.0,10.0,823,none,B1,sac_her_pickandplace_randomized_2M
sac_her,grip_state_falsification,0,0.0,-30.0,1.0,0.02592621745076142,150,0.43528661131858826,1.141472339630127,0.0,0.0,9.0,824,none,B1,sac_her_pickandplace_randomized_2M
sac_her,grip_state_falsification,0,0.0,-150.0,0.0,0.4111389638095413,150,0.04763178527355194,1.2832425832748413,0.0,0.0,,825,none,B1,sac_her_pickandplace_randomized_2M
sac_her,grip_state_falsification,0,0.0,-12.0,1.0,0.017079797898216134,150,1.801270604133606,1.1456140279769897,0.0,0.0,8.0,826,none,B1,sac_her_pickandplace_randomized_2M
sac_her,grip_state_falsification,0,0.0,-150.0,0.0,0.22003168886387892,150,0.061060577630996704,1.1853916645050049,0.0,0.0,,827,none,B1,sac_her_pickandplace_randomized_2M
sac_her,grip_state_falsification,0,0.0,-134.0,0.0,0.05966006170657198,150,1.7130898237228394,1.385154366493225,1.0,0.0,11.0,828,none,B1,sac_her_pickandplace_randomized_2M
sac_her,grip_state_falsification,0,0.0,-150.0,0.0,0.263900558282546,150,2.198873519897461,1.6125271320343018,0.0,0.0,,829,none,B1,sac_her_pickandplace_randomized_2M
sac_her,grip_state_falsification,0,0.0,-150.0,0.0,0.7899687387666645,150,0.18907149136066437,1.7462328672409058,1.0,0.0,,830,none,B1,sac_her_pickandplace_randomized_2M
sac_her,grip_state_falsification,0,0.0,-150.0,0.0,0.508012960487553,150,0.03131129592657089,1.3703958988189697,0.0,0.0,,831,none,B1,sac_her_pickandplace_randomized_2M
sac_her,grip_state_falsification,0,0.0,-150.0,0.0,0.6356679274284188,150,0.12432287633419037,1.5606803894042969,0.0,0.0,,832,none,B1,sac_her_pickandplace_randomized_2M
sac_her,grip_state_falsification,0,0.0,-150.0,0.0,0.4219135440886297,150,0.02753659337759018,1.591249704360962,0.0,0.0,,833,none,B1,sac_her_pickandplace_randomized_2M
sac_her,grip_state_falsification,0,0.0,-150.0,0.0,0.4796817585036592,150,0.02942499704658985,1.1801542043685913,0.0,0.0,,834,none,B1,sac_her_pickandplace_randomized_2M
sac_her,grip_state_falsification,0,0.0,-150.0,0.0,0.4596373729419731,150,0.02568741701543331,1.4172232151031494,0.0,0.0,,835,none,B1,sac_her_pickandplace_randomized_2M
sac_her,grip_state_falsification,0,0.0,-150.0,0.0,0.3386463014797066,150,0.031097911298274994,1.4056124687194824,0.0,0.0,,836,none,B1,sac_her_pickandplace_randomized_2M
sac_her,grip_state_falsification,0,0.0,-150.0,0.0,0.30983779921133026,150,0.03828722611069679,1.6747466325759888,0.0,0.0,,837,none,B1,sac_her_pickandplace_randomized_2M
sac_her,grip_state_falsification,0,0.0,-150.0,0.0,0.47063832770219616,150,0.03036837838590145,1.1822470426559448,0.0,0.0,,838,none,B1,sac_her_pickandplace_randomized_2M
sac_her,grip_state_falsification,0,0.0,-150.0,0.0,0.23759751265200518,150,0.021715592592954636,1.5521951913833618,0.0,0.0,,839,none,B1,sac_her_pickandplace_randomized_2M
sac_her_recovery_v2,grip_state_falsification,0,0.0,-150.0,0.0,0.31522075654704207,150,0.5802992582321167,1.4659613370895386,1.0,1.0,,840,v2,B2,sac_her_pickandplace_randomized_2M
sac_her_recovery_v2,grip_state_falsification,0,0.0,-150.0,0.0,0.3884547695970575,150,0.05341223254799843,1.2184646129608154,0.0,1.0,,841,v2,B2,sac_her_pickandplace_randomized_2M
sac_her_recovery_v2,grip_state_falsification,0,0.0,-150.0,0.0,0.2364647540081676,150,0.0519140399992466,1.600120186805725,0.0,1.0,,842,v2,B2,sac_her_pickandplace_randomized_2M
sac_her_recovery_v2,grip_state_falsification,0,0.0,-150.0,0.0,0.32139788047057627,150,0.231408029794693,1.652199149131775,0.0,1.0,,843,v2,B2,sac_her_pickandplace_randomized_2M
sac_her_recovery_v2,grip_state_falsification,0,0.0,-150.0,0.0,0.3833991408667048,150,0.04916265234351158,1.2376850843429565,0.0,1.0,,844,v2,B2,sac_her_pickandplace_randomized_2M
sac_her_recovery_v2,grip_state_falsification,0,0.0,-150.0,0.0,0.2566632391824746,150,0.08073139935731888,1.579628825187683,0.0,1.0,,845,v2,B2,sac_her_pickandplace_randomized_2M
sac_her_recovery_v2,grip_state_falsification,0,0.0,-35.0,1.0,0.039895134911752304,150,0.5297631621360779,1.1468433141708374,1.0,0.0,34.0,846,v2,B2,sac_her_pickandplace_randomized_2M
sac_her_recovery_v2,grip_state_falsification,0,0.0,-149.0,0.0,0.3825341239076849,150,1.1005291938781738,1.4656398296356201,0.0,1.0,12.0,847,v2,B2,sac_her_pickandplace_randomized_2M
sac_her_recovery_v2,grip_state_falsification,0,0.0,-150.0,0.0,0.2058833233297693,150,0.06859341263771057,1.2365295886993408,0.0,1.0,,848,v2,B2,sac_her_pickandplace_randomized_2M
sac_her_recovery_v2,grip_state_falsification,0,0.0,-14.0,1.0,0.0386387391080526,150,1.5509686470031738,1.2514013051986694,0.0,1.0,14.0,849,v2,B2,sac_her_pickandplace_randomized_2M
sac_her_recovery_v2,grip_state_falsification,0,0.0,-150.0,0.0,0.3129097043258147,150,0.03419988229870796,1.1350998878479004,0.0,1.0,,850,v2,B2,sac_her_pickandplace_randomized_2M
sac_her_recovery_v2,grip_state_falsification,0,0.0,-150.0,0.0,0.676519938069509,150,0.16219958662986755,1.4643330574035645,0.0,1.0,,851,v2,B2,sac_her_pickandplace_randomized_2M
sac_her_recovery_v2,grip_state_falsification,0,0.0,-150.0,0.0,0.37996503207555216,150,0.07258939743041992,1.5572173595428467,0.0,1.0,,852,v2,B2,sac_her_pickandplace_randomized_2M
sac_her_recovery_v2,grip_state_falsification,0,0.0,-11.0,1.0,0.022237948313394686,150,1.465846061706543,0.9310349822044373,0.0,0.0,10.0,853,v2,B2,sac_her_pickandplace_randomized_2M
sac_her_recovery_v2,grip_state_falsification,0,0.0,-30.0,1.0,0.02592621745076142,150,0.43528661131858826,1.141472339630127,0.0,0.0,9.0,854,v2,B2,sac_her_pickandplace_randomized_2M
sac_her_recovery_v2,grip_state_falsification,0,0.0,-150.0,0.0,0.4111389638095413,150,0.08122437447309494,1.2924896478652954,0.0,1.0,,855,v2,B2,sac_her_pickandplace_randomized_2M
sac_her_recovery_v2,grip_state_falsification,0,0.0,-12.0,1.0,0.017079797898216134,150,1.801270604133606,1.1456140279769897,0.0,0.0,8.0,856,v2,B2,sac_her_pickandplace_randomized_2M
sac_her_recovery_v2,grip_state_falsification,0,0.0,-150.0,0.0,0.22003168886387892,150,0.07833946496248245,1.1855332851409912,0.0,1.0,,857,v2,B2,sac_her_pickandplace_randomized_2M
sac_her_recovery_v2,grip_state_falsification,0,0.0,-15.0,1.0,0.017876028975977985,150,1.1913505792617798,0.8172141909599304,0.0,1.0,15.0,858,v2,B2,sac_her_pickandplace_randomized_2M
sac_her_recovery_v2,grip_state_falsification,0,0.0,-150.0,0.0,0.2634386735484078,150,2.1983442306518555,1.6087007522583008,0.0,1.0,,859,v2,B2,sac_her_pickandplace_randomized_2M
sac_her_recovery_v2,grip_state_falsification,0,0.0,-98.0,1.0,0.04398918328359004,150,0.4885633885860443,1.3949421644210815,1.0,1.0,98.0,860,v2,B2,sac_her_pickandplace_randomized_2M
sac_her_recovery_v2,grip_state_falsification,0,0.0,-150.0,0.0,0.508012960487553,150,0.056827839463949203,1.367282748222351,0.0,1.0,,861,v2,B2,sac_her_pickandplace_randomized_2M
sac_her_recovery_v2,grip_state_falsification,0,0.0,-150.0,0.0,0.6356679274284188,150,0.14784640073776245,1.543418526649475,1.0,1.0,,862,v2,B2,sac_her_pickandplace_randomized_2M
sac_her_recovery_v2,grip_state_falsification,0,0.0,-150.0,0.0,0.4219135440886297,150,0.05678596720099449,1.598150372505188,0.0,1.0,,863,v2,B2,sac_her_pickandplace_randomized_2M
sac_her_recovery_v2,grip_state_falsification,0,0.0,-150.0,0.0,0.4796817585036592,150,0.05463092029094696,1.1739091873168945,0.0,1.0,,864,v2,B2,sac_her_pickandplace_randomized_2M
sac_her_recovery_v2,grip_state_falsification,0,0.0,-150.0,0.0,0.4596373729419731,150,0.04438446834683418,1.4178768396377563,0.0,1.0,,865,v2,B2,sac_her_pickandplace_randomized_2M
sac_her_recovery_v2,grip_state_falsification,0,0.0,-150.0,0.0,0.3386463014797066,150,0.057601891458034515,1.424424409866333,0.0,1.0,,866,v2,B2,sac_her_pickandplace_randomized_2M
sac_her_recovery_v2,grip_state_falsification,0,0.0,-150.0,0.0,0.30983779921133026,150,0.23632951080799103,1.50163733959198,0.0,1.0,,867,v2,B2,sac_her_pickandplace_randomized_2M
sac_her_recovery_v2,grip_state_falsification,0,0.0,-150.0,0.0,0.47063832770219616,150,0.059376366436481476,1.1909340620040894,0.0,1.0,,868,v2,B2,sac_her_pickandplace_randomized_2M
sac_her_recovery_v2,grip_state_falsification,0,0.0,-150.0,0.0,0.23759751265200518,150,0.041956380009651184,1.548712968826294,0.0,1.0,,869,v2,B2,sac_her_pickandplace_randomized_2M
sac_her_recovery_v3,grip_state_falsification,0,0.0,-150.0,0.0,0.2099749636010561,150,0.48674681782722473,1.169281244277954,1.0,1.0,,870,v3,B3,sac_her_pickandplace_randomized_2M
sac_her_recovery_v3,grip_state_falsification,0,0.0,-150.0,0.0,0.3884547695970575,150,0.058668483048677444,1.2448062896728516,0.0,1.0,,871,v3,B3,sac_her_pickandplace_randomized_2M
sac_her_recovery_v3,grip_state_falsification,0,0.0,-150.0,0.0,0.2364647540081676,150,0.05441825091838837,1.5861324071884155,0.0,1.0,,872,v3,B3,sac_her_pickandplace_randomized_2M
sac_her_recovery_v3,grip_state_falsification,0,0.0,-150.0,0.0,0.32139788047057627,150,0.1273789256811142,1.5856895446777344,0.0,1.0,,873,v3,B3,sac_her_pickandplace_randomized_2M
sac_her_recovery_v3,grip_state_falsification,0,0.0,-150.0,0.0,0.3833991408667048,150,0.051557157188653946,1.2551723718643188,0.0,1.0,,874,v3,B3,sac_her_pickandplace_randomized_2M
sac_her_recovery_v3,grip_state_falsification,0,0.0,-150.0,0.0,0.2566632391824746,150,0.09534395486116409,1.566206693649292,0.0,1.0,,875,v3,B3,sac_her_pickandplace_randomized_2M
sac_her_recovery_v3,grip_state_falsification,0,0.0,-35.0,1.0,0.039895134911752304,150,0.5297631621360779,1.1468433141708374,1.0,0.0,34.0,876,v3,B3,sac_her_pickandplace_randomized_2M
sac_her_recovery_v3,grip_state_falsification,0,0.0,-149.0,0.0,0.053415009146761214,150,0.899869441986084,1.059748888015747,1.0,1.0,12.0,877,v3,B3,sac_her_pickandplace_randomized_2M
sac_her_recovery_v3,grip_state_falsification,0,0.0,-150.0,0.0,0.2058833233297693,150,0.06850742548704147,1.2561084032058716,0.0,1.0,,878,v3,B3,sac_her_pickandplace_randomized_2M
sac_her_recovery_v3,grip_state_falsification,0,0.0,-134.0,1.0,0.036496763463069924,150,0.5487542748451233,1.3369396924972534,0.0,1.0,134.0,879,v3,B3,sac_her_pickandplace_randomized_2M
sac_her_recovery_v3,grip_state_falsification,0,0.0,-150.0,0.0,0.3129097043258147,150,0.032962918281555176,1.1442084312438965,0.0,1.0,,880,v3,B3,sac_her_pickandplace_randomized_2M
sac_her_recovery_v3,grip_state_falsification,0,0.0,-150.0,0.0,0.676519938069509,150,0.12897631525993347,1.512465476989746,0.0,1.0,,881,v3,B3,sac_her_pickandplace_randomized_2M
sac_her_recovery_v3,grip_state_falsification,0,0.0,-150.0,0.0,0.37996503207555216,150,0.07124749571084976,1.5558791160583496,0.0,1.0,,882,v3,B3,sac_her_pickandplace_randomized_2M
sac_her_recovery_v3,grip_state_falsification,0,0.0,-11.0,1.0,0.022237948313394686,150,1.465846061706543,0.9310349822044373,0.0,0.0,10.0,883,v3,B3,sac_her_pickandplace_randomized_2M
sac_her_recovery_v3,grip_state_falsification,0,0.0,-30.0,1.0,0.02592621745076142,150,0.43528661131858826,1.141472339630127,0.0,0.0,9.0,884,v3,B3,sac_her_pickandplace_randomized_2M
sac_her_recovery_v3,grip_state_falsification,0,0.0,-150.0,0.0,0.4111389638095413,150,0.08474951982498169,1.311466097831726,0.0,1.0,,885,v3,B3,sac_her_pickandplace_randomized_2M
sac_her_recovery_v3,grip_state_falsification,0,0.0,-12.0,1.0,0.017079797898216134,150,1.801270604133606,1.1456140279769897,0.0,0.0,8.0,886,v3,B3,sac_her_pickandplace_randomized_2M
sac_her_recovery_v3,grip_state_falsification,0,0.0,-150.0,0.0,0.22003168886387892,150,0.07095148414373398,1.1562994718551636,0.0,1.0,,887,v3,B3,sac_her_pickandplace_randomized_2M
sac_her_recovery_v3,grip_state_falsification,0,0.0,-150.0,0.0,0.2521079292661852,150,0.1931152492761612,1.297035574913025,0.0,1.0,,888,v3,B3,sac_her_pickandplace_randomized_2M
sac_her_recovery_v3,grip_state_falsification,0,0.0,-150.0,0.0,0.2634386735484078,150,0.290414035320282,1.2534421682357788,0.0,1.0,,889,v3,B3,sac_her_pickandplace_randomized_2M
sac_her_recovery_v3,grip_state_falsification,0,0.0,-149.0,0.0,0.7320868895194053,150,0.37712982296943665,1.5505661964416504,1.0,1.0,11.0,890,v3,B3,sac_her_pickandplace_randomized_2M
sac_her_recovery_v3,grip_state_falsification,0,0.0,-150.0,0.0,0.508012960487553,150,0.05644645914435387,1.364359736442566,0.0,1.0,,891,v3,B3,sac_her_pickandplace_randomized_2M
sac_her_recovery_v3,grip_state_falsification,0,0.0,-150.0,0.0,0.6356679274284188,150,0.14933665096759796,1.5450787544250488,1.0,1.0,,892,v3,B3,sac_her_pickandplace_randomized_2M
sac_her_recovery_v3,grip_state_falsification,0,0.0,-150.0,0.0,0.4219135440886297,150,0.05451934039592743,1.6191309690475464,0.0,1.0,,893,v3,B3,sac_her_pickandplace_randomized_2M
sac_her_recovery_v3,grip_state_falsification,0,0.0,-150.0,0.0,0.4796817585036592,150,0.055788859724998474,1.1645225286483765,0.0,1.0,,894,v3,B3,sac_her_pickandplace_randomized_2M
sac_her_recovery_v3,grip_state_falsification,0,0.0,-150.0,0.0,0.4596373729419731,150,0.03919697180390358,1.4265167713165283,0.0,1.0,,895,v3,B3,sac_her_pickandplace_randomized_2M
sac_her_recovery_v3,grip_state_falsification,0,0.0,-150.0,0.0,0.3386463014797066,150,0.05542730167508125,1.497220516204834,0.0,1.0,,896,v3,B3,sac_her_pickandplace_randomized_2M
sac_her_recovery_v3,grip_state_falsification,0,0.0,-150.0,0.0,0.30983779921133026,150,0.15236690640449524,1.4709060192108154,0.0,1.0,,897,v3,B3,sac_her_pickandplace_randomized_2M
sac_her_recovery_v3,grip_state_falsification,0,0.0,-150.0,0.0,0.47063832770219616,150,0.06250514090061188,1.212463140487671,0.0,1.0,,898,v3,B3,sac_her_pickandplace_randomized_2M
sac_her_recovery_v3,grip_state_falsification,0,0.0,-150.0,0.0,0.23759751265200518,150,0.041968733072280884,1.540366768836975,0.0,1.0,,899,v3,B3,sac_her_pickandplace_randomized_2M
sac_her,contact_dropout,0,0.0,-150.0,0.0,0.35492253605282875,150,0.047411538660526276,1.5688859224319458,0.0,0.0,,900,none,B1,sac_her_pickandplace_randomized_2M
sac_her,contact_dropout,0,0.0,-150.0,0.0,0.3884547695970575,150,0.22586315870285034,1.534879446029663,0.0,0.0,,901,none,B1,sac_her_pickandplace_randomized_2M
sac_her,contact_dropout,0,0.0,-150.0,0.0,0.2364647540081676,150,0.1294642984867096,1.214107871055603,0.0,0.0,,902,none,B1,sac_her_pickandplace_randomized_2M
sac_her,contact_dropout,0,0.0,-150.0,0.0,0.32139788047057627,150,0.0296507328748703,1.6368474960327148,0.0,0.0,,903,none,B1,sac_her_pickandplace_randomized_2M
sac_her,contact_dropout,0,0.0,-150.0,0.0,0.3833991408667048,150,0.0092531843110919,1.641211986541748,0.0,0.0,,904,none,B1,sac_her_pickandplace_randomized_2M
sac_her,contact_dropout,0,0.0,-150.0,0.0,0.2566632391824746,150,0.02942105196416378,1.642683506011963,0.0,0.0,,905,none,B1,sac_her_pickandplace_randomized_2M
sac_her,contact_dropout,0,0.0,-150.0,0.0,0.13273061973338474,150,0.02712469920516014,1.3952362537384033,0.0,0.0,,906,none,B1,sac_her_pickandplace_randomized_2M
sac_her,contact_dropout,0,0.0,-150.0,0.0,0.20660185637840017,150,0.02301262505352497,1.6318705081939697,0.0,0.0,,907,none,B1,sac_her_pickandplace_randomized_2M
sac_her,contact_dropout,0,0.0,-150.0,0.0,0.2058833233297693,150,0.1035943254828453,1.425988793373108,0.0,0.0,,908,none,B1,sac_her_pickandplace_randomized_2M
sac_her,contact_dropout,0,0.0,-150.0,0.0,0.19282381085748415,150,0.0772218257188797,1.4159908294677734,0.0,0.0,,909,none,B1,sac_her_pickandplace_randomized_2M
sac_her,contact_dropout,0,0.0,-150.0,0.0,0.3129097043258147,150,0.01827593520283699,1.7050375938415527,0.0,0.0,,910,none,B1,sac_her_pickandplace_randomized_2M
sac_her,contact_dropout,0,0.0,-150.0,0.0,0.20015079772617977,150,0.012978180311620235,1.4230763912200928,0.0,0.0,,911,none,B1,sac_her_pickandplace_randomized_2M
sac_her,contact_dropout,0,0.0,-150.0,0.0,0.37996503207555216,150,0.09225691854953766,1.465087890625,0.0,0.0,,912,none,B1,sac_her_pickandplace_randomized_2M
sac_her,contact_dropout,0,0.0,-150.0,0.0,0.17888574983757888,150,0.029606472700834274,1.4475420713424683,0.0,0.0,,913,none,B1,sac_her_pickandplace_randomized_2M
sac_her,contact_dropout,0,0.0,-150.0,0.0,0.21033944511356514,150,0.10116861015558243,1.620663046836853,0.0,0.0,,914,none,B1,sac_her_pickandplace_randomized_2M
sac_her,contact_dropout,0,0.0,-150.0,0.0,0.4111389638095413,150,0.07284891605377197,1.547569990158081,0.0,0.0,,915,none,B1,sac_her_pickandplace_randomized_2M
sac_her,contact_dropout,0,0.0,-150.0,0.0,0.18608245483895902,150,0.09209930896759033,1.6155412197113037,0.0,0.0,,916,none,B1,sac_her_pickandplace_randomized_2M
sac_her,contact_dropout,0,0.0,-150.0,0.0,0.22003168886387892,150,0.03161713108420372,1.4094431400299072,0.0,0.0,,917,none,B1,sac_her_pickandplace_randomized_2M
sac_her,contact_dropout,0,0.0,-150.0,0.0,0.2521079292661852,150,0.05071202293038368,1.8636246919631958,0.0,0.0,,918,none,B1,sac_her_pickandplace_randomized_2M
sac_her,contact_dropout,0,0.0,-150.0,0.0,0.2634386735484078,150,0.1553070843219757,1.637184500694275,0.0,0.0,,919,none,B1,sac_her_pickandplace_randomized_2M
sac_her,contact_dropout,0,0.0,-150.0,0.0,0.1604367988897489,150,0.03789343684911728,1.6321710348129272,0.0,0.0,,920,none,B1,sac_her_pickandplace_randomized_2M
sac_her,contact_dropout,0,0.0,-150.0,0.0,0.508012960487553,150,0.036764878779649734,0.814854085445404,0.0,0.0,,921,none,B1,sac_her_pickandplace_randomized_2M
sac_her,contact_dropout,0,0.0,-150.0,0.0,0.1498067725970526,150,0.0507475920021534,1.6039820909500122,0.0,0.0,,922,none,B1,sac_her_pickandplace_randomized_2M
sac_her,contact_dropout,0,0.0,-150.0,0.0,0.4219135440886297,150,0.009261260740458965,1.758893609046936,0.0,0.0,,923,none,B1,sac_her_pickandplace_randomized_2M
sac_her,contact_dropout,0,0.0,-150.0,0.0,0.4796817585036592,150,0.15461045503616333,0.85677570104599,0.0,0.0,,924,none,B1,sac_her_pickandplace_randomized_2M
sac_her,contact_dropout,0,0.0,-150.0,0.0,0.4596373729419731,150,0.023118769749999046,1.5786939859390259,0.0,0.0,,925,none,B1,sac_her_pickandplace_randomized_2M
sac_her,contact_dropout,0,0.0,-150.0,0.0,0.3386463014797066,150,0.003974540624767542,1.9704535007476807,0.0,0.0,,926,none,B1,sac_her_pickandplace_randomized_2M
sac_her,contact_dropout,0,0.0,-150.0,0.0,0.30983779921133026,150,0.012976886704564095,1.8521158695220947,0.0,0.0,,927,none,B1,sac_her_pickandplace_randomized_2M
sac_her,contact_dropout,0,0.0,-150.0,0.0,0.5181620134206536,150,0.032450757920742035,1.4809101819992065,0.0,0.0,,928,none,B1,sac_her_pickandplace_randomized_2M
sac_her,contact_dropout,0,0.0,-150.0,0.0,0.23759751265200518,150,0.003967393189668655,1.9193379878997803,0.0,0.0,,929,none,B1,sac_her_pickandplace_randomized_2M
sac_her_recovery_v2,contact_dropout,0,0.0,-150.0,0.0,0.35492253605282875,150,0.5596903562545776,1.5858741998672485,0.0,1.0,,930,v2,B2,sac_her_pickandplace_randomized_2M
sac_her_recovery_v2,contact_dropout,0,0.0,-150.0,0.0,0.3884547695970575,150,0.23738789558410645,1.5265755653381348,0.0,1.0,,931,v2,B2,sac_her_pickandplace_randomized_2M
sac_her_recovery_v2,contact_dropout,0,0.0,-150.0,0.0,0.2364647540081676,150,0.18575572967529297,1.1979973316192627,0.0,1.0,,932,v2,B2,sac_her_pickandplace_randomized_2M
sac_her_recovery_v2,contact_dropout,0,0.0,-150.0,0.0,0.32139788047057627,150,0.049365755170583725,1.6345868110656738,0.0,1.0,,933,v2,B2,sac_her_pickandplace_randomized_2M
sac_her_recovery_v2,contact_dropout,0,0.0,-150.0,0.0,0.3833991408667048,150,0.9461970925331116,1.5236902236938477,0.0,1.0,,934,v2,B2,sac_her_pickandplace_randomized_2M
sac_her_recovery_v2,contact_dropout,0,0.0,-150.0,0.0,0.2566632391824746,150,0.10244376212358475,1.5544506311416626,0.0,1.0,,935,v2,B2,sac_her_pickandplace_randomized_2M
sac_her_recovery_v2,contact_dropout,0,0.0,-150.0,0.0,0.13273061973338474,150,0.7173020243644714,1.1752612590789795,0.0,1.0,,936,v2,B2,sac_her_pickandplace_randomized_2M
sac_her_recovery_v2,contact_dropout,0,0.0,-150.0,0.0,0.20660185637840017,150,0.04954904690384865,1.6232914924621582,0.0,1.0,,937,v2,B2,sac_her_pickandplace_randomized_2M
sac_her_recovery_v2,contact_dropout,0,0.0,-150.0,0.0,0.2058833233297693,150,0.12521518766880035,1.4119782447814941,0.0,1.0,,938,v2,B2,sac_her_pickandplace_randomized_2M
sac_her_recovery_v2,contact_dropout,0,0.0,-150.0,0.0,0.1539772703870527,150,0.28394198417663574,1.5616079568862915,0.0,1.0,,939,v2,B2,sac_her_pickandplace_randomized_2M
sac_her_recovery_v2,contact_dropout,0,0.0,-150.0,0.0,0.3129097043258147,150,0.32064348459243774,1.674033284187317,0.0,1.0,,940,v2,B2,sac_her_pickandplace_randomized_2M
sac_her_recovery_v2,contact_dropout,0,0.0,-150.0,0.0,0.20015079772617977,150,0.04094191640615463,1.4150183200836182,0.0,1.0,,941,v2,B2,sac_her_pickandplace_randomized_2M
sac_her_recovery_v2,contact_dropout,0,0.0,-150.0,0.0,0.37996503207555216,150,0.15809355676174164,1.4761269092559814,0.0,1.0,,942,v2,B2,sac_her_pickandplace_randomized_2M
sac_her_recovery_v2,contact_dropout,0,0.0,-150.0,0.0,0.17888574983757888,150,0.058480698615312576,1.4437446594238281,0.0,1.0,,943,v2,B2,sac_her_pickandplace_randomized_2M
sac_her_recovery_v2,contact_dropout,0,0.0,-150.0,0.0,0.15335720237146372,150,0.4875869154930115,1.4765247106552124,0.0,1.0,,944,v2,B2,sac_her_pickandplace_randomized_2M
sac_her_recovery_v2,contact_dropout,0,0.0,-150.0,0.0,0.4111389638095413,150,0.5737912654876709,1.5960155725479126,1.0,1.0,,945,v2,B2,sac_her_pickandplace_randomized_2M
sac_her_recovery_v2,contact_dropout,0,0.0,-150.0,0.0,0.18608245483895902,150,0.1298287957906723,1.6025372743606567,0.0,1.0,,946,v2,B2,sac_her_pickandplace_randomized_2M
sac_her_recovery_v2,contact_dropout,0,0.0,-150.0,0.0,0.22003168886387892,150,0.05299481749534607,1.4098618030548096,0.0,1.0,,947,v2,B2,sac_her_pickandplace_randomized_2M
sac_her_recovery_v2,contact_dropout,0,0.0,-150.0,0.0,0.2521079292661852,150,0.40450596809387207,1.4053810834884644,0.0,1.0,,948,v2,B2,sac_her_pickandplace_randomized_2M
sac_her_recovery_v2,contact_dropout,0,0.0,-150.0,0.0,0.2634386735484078,150,0.17110861837863922,1.6339442729949951,0.0,1.0,,949,v2,B2,sac_her_pickandplace_randomized_2M
sac_her_recovery_v2,contact_dropout,0,0.0,-150.0,0.0,0.1604367988897489,150,0.09810777008533478,1.623537302017212,0.0,1.0,,950,v2,B2,sac_her_pickandplace_randomized_2M
sac_her_recovery_v2,contact_dropout,0,0.0,-150.0,0.0,0.508012960487553,150,0.0479409322142601,0.8422518968582153,0.0,1.0,,951,v2,B2,sac_her_pickandplace_randomized_2M
sac_her_recovery_v2,contact_dropout,0,0.0,-150.0,0.0,0.1498067725970526,150,0.22621062397956848,1.6472887992858887,0.0,1.0,,952,v2,B2,sac_her_pickandplace_randomized_2M
sac_her_recovery_v2,contact_dropout,0,0.0,-150.0,0.0,0.4219135440886297,150,0.04248802736401558,1.742034673690796,0.0,1.0,,953,v2,B2,sac_her_pickandplace_randomized_2M
sac_her_recovery_v2,contact_dropout,0,0.0,-150.0,0.0,0.4796817585036592,150,0.1687346249818802,0.9313747882843018,0.0,1.0,,954,v2,B2,sac_her_pickandplace_randomized_2M
sac_her_recovery_v2,contact_dropout,0,0.0,-150.0,0.0,0.4596373729419731,150,0.06126727536320686,1.5743999481201172,0.0,1.0,,955,v2,B2,sac_her_pickandplace_randomized_2M
sac_her_recovery_v2,contact_dropout,0,0.0,-150.0,0.0,0.3386463014797066,150,0.8503946661949158,1.654504656791687,0.0,1.0,,956,v2,B2,sac_her_pickandplace_randomized_2M
sac_her_recovery_v2,contact_dropout,0,0.0,-150.0,0.0,0.30983779921133026,150,0.024142783135175705,1.4331918954849243,0.0,1.0,,957,v2,B2,sac_her_pickandplace_randomized_2M
sac_her_recovery_v2,contact_dropout,0,0.0,-150.0,0.0,0.5181620134206536,150,1.1606451272964478,1.666738748550415,1.0,1.0,,958,v2,B2,sac_her_pickandplace_randomized_2M
sac_her_recovery_v2,contact_dropout,0,0.0,-150.0,0.0,0.23759751265200518,150,0.8070377707481384,1.5031789541244507,0.0,1.0,,959,v2,B2,sac_her_pickandplace_randomized_2M
sac_her_recovery_v3,contact_dropout,0,0.0,-150.0,0.0,0.35492253605282875,150,0.5529873371124268,1.545708179473877,0.0,1.0,,960,v3,B3,sac_her_pickandplace_randomized_2M
sac_her_recovery_v3,contact_dropout,0,0.0,-150.0,0.0,0.3884547695970575,150,0.21839848160743713,1.5167893171310425,0.0,1.0,,961,v3,B3,sac_her_pickandplace_randomized_2M
sac_her_recovery_v3,contact_dropout,0,0.0,-150.0,0.0,0.2364647540081676,150,0.19385391473770142,1.2031813859939575,0.0,1.0,,962,v3,B3,sac_her_pickandplace_randomized_2M
sac_her_recovery_v3,contact_dropout,0,0.0,-150.0,0.0,0.32139788047057627,150,0.043622225522994995,1.6331617832183838,0.0,1.0,,963,v3,B3,sac_her_pickandplace_randomized_2M
sac_her_recovery_v3,contact_dropout,0,0.0,-150.0,0.0,0.3833991408667048,150,0.3804128170013428,1.4666560888290405,0.0,1.0,,964,v3,B3,sac_her_pickandplace_randomized_2M
sac_her_recovery_v3,contact_dropout,0,0.0,-150.0,0.0,0.2566632391824746,150,0.06800130754709244,1.5743862390518188,0.0,1.0,,965,v3,B3,sac_her_pickandplace_randomized_2M
sac_her_recovery_v3,contact_dropout,0,0.0,-150.0,0.0,0.13273061973338474,150,0.3113480508327484,1.1412123441696167,0.0,1.0,,966,v3,B3,sac_her_pickandplace_randomized_2M
sac_her_recovery_v3,contact_dropout,0,0.0,-150.0,0.0,0.20660185637840017,150,0.0683521255850792,1.4402402639389038,0.0,1.0,,967,v3,B3,sac_her_pickandplace_randomized_2M
sac_her_recovery_v3,contact_dropout,0,0.0,-150.0,0.0,0.2058833233297693,150,0.14894038438796997,1.3692221641540527,0.0,1.0,,968,v3,B3,sac_her_pickandplace_randomized_2M
sac_her_recovery_v3,contact_dropout,0,0.0,-150.0,0.0,0.09735684130592019,150,0.1907084435224533,1.4560185670852661,0.0,1.0,,969,v3,B3,sac_her_pickandplace_randomized_2M
sac_her_recovery_v3,contact_dropout,0,0.0,-150.0,0.0,0.3129097043258147,150,0.3244321048259735,1.3529167175292969,0.0,1.0,,970,v3,B3,sac_her_pickandplace_randomized_2M
sac_her_recovery_v3,contact_dropout,0,0.0,-150.0,0.0,0.20015079772617977,150,0.10735820233821869,1.5036436319351196,0.0,1.0,,971,v3,B3,sac_her_pickandplace_randomized_2M
sac_her_recovery_v3,contact_dropout,0,0.0,-150.0,0.0,0.37996503207555216,150,0.11780659109354019,1.579431414604187,0.0,1.0,,972,v3,B3,sac_her_pickandplace_randomized_2M
sac_her_recovery_v3,contact_dropout,0,0.0,-150.0,0.0,0.17888574983757888,150,0.05995437502861023,1.4010530710220337,0.0,1.0,,973,v3,B3,sac_her_pickandplace_randomized_2M
sac_her_recovery_v3,contact_dropout,0,0.0,-150.0,0.0,0.15335720237146372,150,0.43901368975639343,1.470962643623352,0.0,1.0,,974,v3,B3,sac_her_pickandplace_randomized_2M
sac_her_recovery_v3,contact_dropout,0,0.0,-150.0,0.0,0.4111389638095413,150,0.1739259958267212,1.6285779476165771,1.0,1.0,,975,v3,B3,sac_her_pickandplace_randomized_2M
sac_her_recovery_v3,contact_dropout,0,0.0,-150.0,0.0,0.18608245483895902,150,0.2451082020998001,1.543711543083191,0.0,1.0,,976,v3,B3,sac_her_pickandplace_randomized_2M
sac_her_recovery_v3,contact_dropout,0,0.0,-150.0,0.0,0.22003168886387892,150,0.05257651209831238,1.4124404191970825,0.0,1.0,,977,v3,B3,sac_her_pickandplace_randomized_2M
sac_her_recovery_v3,contact_dropout,0,0.0,-150.0,0.0,0.2521079292661852,150,0.3483962118625641,1.390129804611206,0.0,1.0,,978,v3,B3,sac_her_pickandplace_randomized_2M
sac_her_recovery_v3,contact_dropout,0,0.0,-150.0,0.0,0.2634386735484078,150,0.12462589144706726,1.6053866147994995,0.0,1.0,,979,v3,B3,sac_her_pickandplace_randomized_2M
sac_her_recovery_v3,contact_dropout,0,0.0,-150.0,0.0,0.1604367988897489,150,0.0460239015519619,1.5981091260910034,0.0,1.0,,980,v3,B3,sac_her_pickandplace_randomized_2M
sac_her_recovery_v3,contact_dropout,0,0.0,-150.0,0.0,0.508012960487553,150,0.048703327775001526,0.9022451043128967,0.0,1.0,,981,v3,B3,sac_her_pickandplace_randomized_2M
sac_her_recovery_v3,contact_dropout,0,0.0,-150.0,0.0,0.1498067725970526,150,0.12685444951057434,1.4896917343139648,0.0,1.0,,982,v3,B3,sac_her_pickandplace_randomized_2M
sac_her_recovery_v3,contact_dropout,0,0.0,-150.0,0.0,0.4219135440886297,150,0.029108529910445213,1.7284104824066162,0.0,1.0,,983,v3,B3,sac_her_pickandplace_randomized_2M
sac_her_recovery_v3,contact_dropout,0,0.0,-150.0,0.0,0.4796817585036592,150,0.17406915128231049,0.9986433982849121,0.0,1.0,,984,v3,B3,sac_her_pickandplace_randomized_2M
sac_her_recovery_v3,contact_dropout,0,0.0,-150.0,0.0,0.4596373729419731,150,0.061306506395339966,1.5698496103286743,0.0,1.0,,985,v3,B3,sac_her_pickandplace_randomized_2M
sac_her_recovery_v3,contact_dropout,0,0.0,-150.0,0.0,0.3386463014797066,150,0.24276964366436005,1.5910329818725586,0.0,1.0,,986,v3,B3,sac_her_pickandplace_randomized_2M
sac_her_recovery_v3,contact_dropout,0,0.0,-150.0,0.0,0.30983779921133026,150,0.023518351837992668,1.4284071922302246,0.0,1.0,,987,v3,B3,sac_her_pickandplace_randomized_2M
sac_her_recovery_v3,contact_dropout,0,0.0,-150.0,0.0,0.5181620134206536,150,0.259352445602417,1.5240286588668823,0.0,1.0,,988,v3,B3,sac_her_pickandplace_randomized_2M
sac_her_recovery_v3,contact_dropout,0,0.0,-150.0,0.0,0.23759751265200518,150,0.26005104184150696,1.4368122816085815,0.0,1.0,,989,v3,B3,sac_her_pickandplace_randomized_2M
sac_her,clean,1,0.0,-36.0,1.0,0.012553558354633577,150,0.4150446057319641,1.268792986869812,1.0,0.0,36.0,990,none,B0,sac_her_pickandplace_randomized_2M
sac_her,clean,1,0.0,-7.0,1.0,0.01108071674340461,150,0.6751756072044373,0.7758134007453918,0.0,0.0,7.0,991,none,B0,sac_her_pickandplace_randomized_2M
sac_her,clean,1,0.0,-150.0,0.0,0.45612773087324826,150,0.016154270619153976,1.47243070602417,0.0,0.0,,992,none,B0,sac_her_pickandplace_randomized_2M
sac_her,clean,1,0.0,-36.0,1.0,0.028462448020740324,150,1.404353380203247,1.0806974172592163,1.0,0.0,36.0,993,none,B0,sac_her_pickandplace_randomized_2M
sac_her,clean,1,0.0,-79.0,1.0,0.015348823289963195,150,1.4822397232055664,1.4954264163970947,1.0,0.0,77.0,994,none,B0,sac_her_pickandplace_randomized_2M
sac_her,clean,1,0.0,-150.0,0.0,0.4533811987190141,150,0.028738107532262802,1.162825107574463,0.0,0.0,,995,none,B0,sac_her_pickandplace_randomized_2M
sac_her,clean,1,0.0,-150.0,0.0,0.3227130596495864,150,0.03133676201105118,1.2702231407165527,0.0,0.0,,996,none,B0,sac_her_pickandplace_randomized_2M
sac_her,clean,1,0.0,-150.0,0.0,0.6689049329428928,150,0.44819462299346924,1.4276071786880493,1.0,0.0,,997,none,B0,sac_her_pickandplace_randomized_2M
sac_her,clean,1,0.0,-150.0,0.0,0.3195959526341559,150,0.05433536320924759,1.5452486276626587,0.0,0.0,,998,none,B0,sac_her_pickandplace_randomized_2M
sac_her,clean,1,0.0,-150.0,0.0,0.07769038186186113,150,2.0018651485443115,1.1915889978408813,0.0,0.0,,999,none,B0,sac_her_pickandplace_randomized_2M
sac_her,clean,1,0.0,-7.0,1.0,0.011801056744992102,150,0.11096460372209549,1.1132198572158813,0.0,0.0,7.0,1000,none,B0,sac_her_pickandplace_randomized_2M
sac_her,clean,1,0.0,-150.0,0.0,0.4018677051907181,150,0.00987276528030634,0.6426001787185669,0.0,0.0,,1001,none,B0,sac_her_pickandplace_randomized_2M
sac_her,clean,1,0.0,-150.0,0.0,0.49186748817821174,150,0.014723862521350384,1.6269073486328125,0.0,0.0,,1002,none,B0,sac_her_pickandplace_randomized_2M
sac_her,clean,1,0.0,-8.0,1.0,0.008286832347346184,150,0.2997075617313385,0.5504847168922424,0.0,0.0,8.0,1003,none,B0,sac_her_pickandplace_randomized_2M
sac_her,clean,1,0.0,-11.0,1.0,0.02354034446489853,150,0.7158313989639282,1.4818576574325562,0.0,0.0,11.0,1004,none,B0,sac_her_pickandplace_randomized_2M
sac_her,clean,1,0.0,-131.0,0.0,0.08339749075710869,150,2.3332033157348633,1.5427902936935425,1.0,0.0,29.0,1005,none,B0,sac_her_pickandplace_randomized_2M
sac_her,clean,1,0.0,-10.0,1.0,0.015022454075336205,150,0.4527730643749237,0.8061705827713013,0.0,0.0,10.0,1006,none,B0,sac_her_pickandplace_randomized_2M
sac_her,clean,1,0.0,-150.0,0.0,0.33002427201774126,150,0.018505670130252838,0.5603294968605042,0.0,0.0,,1007,none,B0,sac_her_pickandplace_randomized_2M
sac_her,clean,1,0.0,-150.0,0.0,0.42064412920221217,150,0.042416613548994064,1.3872888088226318,0.0,0.0,,1008,none,B0,sac_her_pickandplace_randomized_2M
sac_her,clean,1,0.0,-150.0,0.0,0.27653502581117323,150,0.05570964515209198,1.139883041381836,0.0,0.0,,1009,none,B0,sac_her_pickandplace_randomized_2M
sac_her,clean,1,0.0,-12.0,1.0,0.02034979059797648,150,1.7978655099868774,1.343893051147461,0.0,0.0,12.0,1010,none,B0,sac_her_pickandplace_randomized_2M
sac_her,clean,1,0.0,-150.0,0.0,0.13468819514493977,150,0.2898540496826172,0.33203378319740295,0.0,0.0,,1011,none,B0,sac_her_pickandplace_randomized_2M
sac_her,clean,1,0.0,-150.0,0.0,0.05716607221182483,150,1.5383679866790771,1.3543542623519897,0.0,0.0,,1012,none,B0,sac_her_pickandplace_randomized_2M
sac_her,clean,1,0.0,-148.0,0.0,0.05329462402557926,150,0.20802344381809235,1.1508135795593262,0.0,0.0,7.0,1013,none,B0,sac_her_pickandplace_randomized_2M
sac_her,clean,1,0.0,-3.0,1.0,0.011951282463871483,150,0.06764314323663712,1.1982438564300537,0.0,0.0,3.0,1014,none,B0,sac_her_pickandplace_randomized_2M
sac_her,clean,1,0.0,-13.0,1.0,0.017958830561154833,150,1.2834521532058716,0.9473259449005127,1.0,0.0,13.0,1015,none,B0,sac_her_pickandplace_randomized_2M
sac_her,clean,1,0.0,-150.0,0.0,0.368293308242639,150,0.027722841128706932,0.8051515817642212,0.0,0.0,,1016,none,B0,sac_her_pickandplace_randomized_2M
sac_her,clean,1,0.0,-142.0,0.0,0.7007413366416381,150,0.9144020676612854,1.4585158824920654,0.0,0.0,20.0,1017,none,B0,sac_her_pickandplace_randomized_2M
sac_her,clean,1,0.0,-150.0,0.0,0.47198959199322243,150,0.01944994367659092,1.5659197568893433,0.0,0.0,,1018,none,B0,sac_her_pickandplace_randomized_2M
sac_her,clean,1,0.0,-150.0,0.0,0.4156038630093016,150,0.033409591764211655,0.9678075313568115,0.0,0.0,,1019,none,B0,sac_her_pickandplace_randomized_2M
sac_her_recovery_v2,clean,1,0.0,-52.0,1.0,0.03909867599152188,150,1.7916066646575928,1.4636989831924438,1.0,1.0,41.0,1020,v2,B2,sac_her_pickandplace_randomized_2M
sac_her_recovery_v2,clean,1,0.0,-7.0,1.0,0.01108071674340461,150,0.6751756072044373,0.7758134007453918,0.0,0.0,7.0,1021,v2,B2,sac_her_pickandplace_randomized_2M
sac_her_recovery_v2,clean,1,0.0,-150.0,0.0,0.45612773087324826,150,0.047808870673179626,1.4706389904022217,0.0,1.0,,1022,v2,B2,sac_her_pickandplace_randomized_2M
sac_her_recovery_v2,clean,1,0.0,-13.0,1.0,0.01194465621889978,150,0.33264222741127014,0.8643038868904114,1.0,1.0,13.0,1023,v2,B2,sac_her_pickandplace_randomized_2M
sac_her_recovery_v2,clean,1,0.0,-45.0,1.0,0.006993284613694441,150,1.589001178741455,1.1996190547943115,1.0,1.0,45.0,1024,v2,B2,sac_her_pickandplace_randomized_2M
sac_her_recovery_v2,clean,1,0.0,-150.0,0.0,0.4533811987190141,150,0.06404229253530502,1.181319236755371,0.0,1.0,,1025,v2,B2,sac_her_pickandplace_randomized_2M
sac_her_recovery_v2,clean,1,0.0,-150.0,0.0,0.3227130596495864,150,0.06547542661428452,1.2713427543640137,0.0,1.0,,1026,v2,B2,sac_her_pickandplace_randomized_2M
sac_her_recovery_v2,clean,1,0.0,-23.0,1.0,0.00498946486182248,150,0.2910333275794983,1.009474515914917,0.0,1.0,23.0,1027,v2,B2,sac_her_pickandplace_randomized_2M
sac_her_recovery_v2,clean,1,0.0,-150.0,0.0,0.3195959526341559,150,0.08525839447975159,1.542670726776123,0.0,1.0,,1028,v2,B2,sac_her_pickandplace_randomized_2M
sac_her_recovery_v2,clean,1,0.0,-150.0,0.0,0.07769038186186113,150,2.0018651485443115,1.1915889978408813,0.0,0.0,,1029,v2,B2,sac_her_pickandplace_randomized_2M
sac_her_recovery_v2,clean,1,0.0,-7.0,1.0,0.011801056744992102,150,0.11096460372209549,1.1132198572158813,0.0,0.0,7.0,1030,v2,B2,sac_her_pickandplace_randomized_2M
sac_her_recovery_v2,clean,1,0.0,-150.0,0.0,0.4018677051907181,150,0.03749435767531395,0.7038873434066772,0.0,1.0,,1031,v2,B2,sac_her_pickandplace_randomized_2M
sac_her_recovery_v2,clean,1,0.0,-150.0,0.0,0.49186748817821174,150,0.050951551645994186,1.6274996995925903,0.0,1.0,,1032,v2,B2,sac_her_pickandplace_randomized_2M
sac_her_recovery_v2,clean,1,0.0,-144.0,0.0,0.3460680308364735,150,0.8233382105827332,1.5216008424758911,1.0,1.0,51.0,1033,v2,B2,sac_her_pickandplace_randomized_2M
sac_her_recovery_v2,clean,1,0.0,-27.0,1.0,0.029159285225275028,150,2.1446738243103027,1.4960368871688843,1.0,1.0,12.0,1034,v2,B2,sac_her_pickandplace_randomized_2M
sac_her_recovery_v2,clean,1,0.0,-117.0,0.0,0.15902974723551985,150,1.9698508977890015,1.4488188028335571,1.0,1.0,27.0,1035,v2,B2,sac_her_pickandplace_randomized_2M
sac_her_recovery_v2,clean,1,0.0,-10.0,1.0,0.015022454075336205,150,0.4527730643749237,0.8061705827713013,0.0,0.0,10.0,1036,v2,B2,sac_her_pickandplace_randomized_2M
sac_her_recovery_v2,clean,1,0.0,-150.0,0.0,0.33002427201774126,150,0.02876889519393444,0.5410535335540771,0.0,1.0,,1037,v2,B2,sac_her_pickandplace_randomized_2M
sac_her_recovery_v2,clean,1,0.0,-150.0,0.0,0.42064412920221217,150,0.08243846893310547,1.393860101699829,0.0,1.0,,1038,v2,B2,sac_her_pickandplace_randomized_2M
sac_her_recovery_v2,clean,1,0.0,-150.0,0.0,0.27924715551601165,150,0.08038365095853806,1.1601788997650146,0.0,1.0,,1039,v2,B2,sac_her_pickandplace_randomized_2M
sac_her_recovery_v2,clean,1,0.0,-12.0,1.0,0.02034979059797648,150,1.7978655099868774,1.343893051147461,0.0,0.0,12.0,1040,v2,B2,sac_her_pickandplace_randomized_2M
sac_her_recovery_v2,clean,1,0.0,-150.0,0.0,0.13468819514493977,150,1.7176148891448975,0.9728956818580627,0.0,1.0,,1041,v2,B2,sac_her_pickandplace_randomized_2M
sac_her_recovery_v2,clean,1,0.0,-23.0,1.0,0.04407359143630825,150,0.8042615652084351,0.6587993502616882,0.0,1.0,23.0,1042,v2,B2,sac_her_pickandplace_randomized_2M
sac_her_recovery_v2,clean,1,0.0,-148.0,0.0,0.05329462402557926,150,0.20802344381809235,1.1508135795593262,0.0,0.0,7.0,1043,v2,B2,sac_her_pickandplace_randomized_2M
sac_her_recovery_v2,clean,1,0.0,-3.0,1.0,0.011951282463871483,150,0.06764314323663712,1.1982438564300537,0.0,0.0,3.0,1044,v2,B2,sac_her_pickandplace_randomized_2M
sac_her_recovery_v2,clean,1,0.0,-14.0,1.0,0.022297163751968527,150,0.19094495475292206,1.0379538536071777,1.0,1.0,14.0,1045,v2,B2,sac_her_pickandplace_randomized_2M
sac_her_recovery_v2,clean,1,0.0,-150.0,0.0,0.368293308242639,150,0.04714208096265793,0.8486036062240601,0.0,1.0,,1046,v2,B2,sac_her_pickandplace_randomized_2M
sac_her_recovery_v2,clean,1,0.0,-34.0,1.0,0.006966462334756348,150,0.4515767991542816,0.7683762311935425,0.0,1.0,34.0,1047,v2,B2,sac_her_pickandplace_randomized_2M
sac_her_recovery_v2,clean,1,0.0,-150.0,0.0,0.47198959199322243,150,0.04913782700896263,1.5707526206970215,0.0,1.0,,1048,v2,B2,sac_her_pickandplace_randomized_2M
sac_her_recovery_v2,clean,1,0.0,-150.0,0.0,0.4156038630093016,150,0.05244354531168938,0.9755657911300659,0.0,1.0,,1049,v2,B2,sac_her_pickandplace_randomized_2M
sac_her_recovery_v3,clean,1,0.0,-150.0,0.0,0.16155732264788417,150,0.6397241353988647,1.4674586057662964,1.0,1.0,,1050,v3,B3,sac_her_pickandplace_randomized_2M
sac_her_recovery_v3,clean,1,0.0,-7.0,1.0,0.01108071674340461,150,0.6751756072044373,0.7758134007453918,0.0,0.0,7.0,1051,v3,B3,sac_her_pickandplace_randomized_2M
sac_her_recovery_v3,clean,1,0.0,-150.0,0.0,0.45612773087324826,150,0.04693567752838135,1.4688314199447632,0.0,1.0,,1052,v3,B3,sac_her_pickandplace_randomized_2M
sac_her_recovery_v3,clean,1,0.0,-150.0,0.0,0.3042911997167348,150,0.32692164182662964,1.530150294303894,1.0,1.0,,1053,v3,B3,sac_her_pickandplace_randomized_2M
sac_her_recovery_v3,clean,1,0.0,-22.0,1.0,0.0406828394585427,150,0.3706008493900299,1.0953387022018433,1.0,1.0,22.0,1054,v3,B3,sac_her_pickandplace_randomized_2M
sac_her_recovery_v3,clean,1,0.0,-150.0,0.0,0.4533811987190141,150,0.06984826177358627,1.2173861265182495,0.0,1.0,,1055,v3,B3,sac_her_pickandplace_randomized_2M
sac_her_recovery_v3,clean,1,0.0,-150.0,0.0,0.3227130596495864,150,0.07072029262781143,1.2729547023773193,0.0,1.0,,1056,v3,B3,sac_her_pickandplace_randomized_2M
sac_her_recovery_v3,clean,1,0.0,-19.0,1.0,0.01516175307325786,150,0.2546067535877228,0.7928503155708313,0.0,1.0,19.0,1057,v3,B3,sac_her_pickandplace_randomized_2M
sac_her_recovery_v3,clean,1,0.0,-150.0,0.0,0.3195959526341559,150,0.09505146741867065,1.5308037996292114,0.0,1.0,,1058,v3,B3,sac_her_pickandplace_randomized_2M
sac_her_recovery_v3,clean,1,0.0,-150.0,0.0,0.07769038186186113,150,2.0018651485443115,1.1915889978408813,0.0,0.0,,1059,v3,B3,sac_her_pickandplace_randomized_2M
sac_her_recovery_v3,clean,1,0.0,-7.0,1.0,0.011801056744992102,150,0.11096460372209549,1.1132198572158813,0.0,0.0,7.0,1060,v3,B3,sac_her_pickandplace_randomized_2M
sac_her_recovery_v3,clean,1,0.0,-150.0,0.0,0.4018677051907181,150,0.03825625032186508,0.7970595359802246,0.0,1.0,,1061,v3,B3,sac_her_pickandplace_randomized_2M
sac_her_recovery_v3,clean,1,0.0,-150.0,0.0,0.49186748817821174,150,0.05237526074051857,1.6282086372375488,0.0,1.0,,1062,v3,B3,sac_her_pickandplace_randomized_2M
sac_her_recovery_v3,clean,1,0.0,-136.0,0.0,0.23922880361991136,150,0.45210808515548706,1.3369053602218628,0.0,1.0,47.0,1063,v3,B3,sac_her_pickandplace_randomized_2M
sac_her_recovery_v3,clean,1,0.0,-146.0,0.0,0.05999899612494236,150,0.46329811215400696,0.9475386738777161,1.0,1.0,12.0,1064,v3,B3,sac_her_pickandplace_randomized_2M
sac_her_recovery_v3,clean,1,0.0,-147.0,0.0,0.07248718949969576,150,1.2318756580352783,1.2484712600708008,1.0,1.0,61.0,1065,v3,B3,sac_her_pickandplace_randomized_2M
sac_her_recovery_v3,clean,1,0.0,-10.0,1.0,0.015022454075336205,150,0.4527730643749237,0.8061705827713013,0.0,0.0,10.0,1066,v3,B3,sac_her_pickandplace_randomized_2M
sac_her_recovery_v3,clean,1,0.0,-150.0,0.0,0.33002427201774126,150,0.03156750276684761,0.5573025941848755,0.0,1.0,,1067,v3,B3,sac_her_pickandplace_randomized_2M
sac_her_recovery_v3,clean,1,0.0,-150.0,0.0,0.42064412920221217,150,0.08573397994041443,1.406968355178833,0.0,1.0,,1068,v3,B3,sac_her_pickandplace_randomized_2M
sac_her_recovery_v3,clean,1,0.0,-150.0,0.0,0.27884317275391096,150,0.07896101474761963,1.1825110912322998,0.0,1.0,,1069,v3,B3,sac_her_pickandplace_randomized_2M
sac_her_recovery_v3,clean,1,0.0,-12.0,1.0,0.02034979059797648,150,1.7978655099868774,1.343893051147461,0.0,0.0,12.0,1070,v3,B3,sac_her_pickandplace_randomized_2M
sac_her_recovery_v3,clean,1,0.0,-150.0,0.0,0.13468819514493977,150,1.7081780433654785,0.9690321683883667,0.0,1.0,,1071,v3,B3,sac_her_pickandplace_randomized_2M
sac_her_recovery_v3,clean,1,0.0,-28.0,1.0,0.024642233005587495,150,0.31958726048469543,0.6720012426376343,1.0,1.0,28.0,1072,v3,B3,sac_her_pickandplace_randomized_2M
sac_her_recovery_v3,clean,1,0.0,-148.0,0.0,0.05329462402557926,150,0.20802344381809235,1.1508135795593262,0.0,0.0,7.0,1073,v3,B3,sac_her_pickandplace_randomized_2M
sac_her_recovery_v3,clean,1,0.0,-3.0,1.0,0.011951282463871483,150,0.06764314323663712,1.1982438564300537,0.0,0.0,3.0,1074,v3,B3,sac_her_pickandplace_randomized_2M
sac_her_recovery_v3,clean,1,0.0,-49.0,1.0,0.029589500081020494,150,0.5645476579666138,1.4309953451156616,1.0,1.0,13.0,1075,v3,B3,sac_her_pickandplace_randomized_2M
sac_her_recovery_v3,clean,1,0.0,-150.0,0.0,0.368293308242639,150,0.04113198444247246,0.8932928442955017,0.0,1.0,,1076,v3,B3,sac_her_pickandplace_randomized_2M
sac_her_recovery_v3,clean,1,0.0,-34.0,1.0,0.006966462334756348,150,0.4515767991542816,0.7683762311935425,0.0,1.0,34.0,1077,v3,B3,sac_her_pickandplace_randomized_2M
sac_her_recovery_v3,clean,1,0.0,-150.0,0.0,0.47198959199322243,150,0.047301385551691055,1.5757273435592651,0.0,1.0,,1078,v3,B3,sac_her_pickandplace_randomized_2M
sac_her_recovery_v3,clean,1,0.0,-150.0,0.0,0.4156038630093016,150,0.05353671312332153,0.9927256107330322,0.0,1.0,,1079,v3,B3,sac_her_pickandplace_randomized_2M
sac_her,sensor_dropout,1,0.0,-150.0,0.0,0.23329142221063473,150,8.000623497039783e-10,1.9208964109420776,0.0,0.0,,1080,none,B1,sac_her_pickandplace_randomized_2M
sac_her,sensor_dropout,1,0.0,-150.0,0.0,0.4744715932825123,150,0.04949577897787094,1.8036458492279053,0.0,0.0,,1081,none,B1,sac_her_pickandplace_randomized_2M
sac_her,sensor_dropout,1,0.0,-150.0,0.0,0.45612773087324826,150,2.4001869380896323e-09,1.6690409183502197,0.0,0.0,,1082,none,B1,sac_her_pickandplace_randomized_2M
sac_her,sensor_dropout,1,0.0,-150.0,0.0,0.3042911997167348,150,4.47248460488936e-09,1.629831075668335,0.0,0.0,,1083,none,B1,sac_her_pickandplace_randomized_2M
sac_her,sensor_dropout,1,0.0,-150.0,0.0,0.2525469650993401,150,8.944969209778719e-10,1.8155035972595215,0.0,0.0,,1084,none,B1,sac_her_pickandplace_randomized_2M
sac_her,sensor_dropout,1,0.0,-150.0,0.0,0.4533811987190141,150,5.4410125294168665e-09,1.2101716995239258,0.0,0.0,,1085,none,B1,sac_her_pickandplace_randomized_2M
sac_her,sensor_dropout,1,0.0,-150.0,0.0,0.3227130596495864,150,3.4411984373150517e-09,1.6674739122390747,0.0,0.0,,1086,none,B1,sac_her_pickandplace_randomized_2M
sac_her,sensor_dropout,1,0.0,-150.0,0.0,0.27484987058440674,150,4.0003117485198914e-10,1.9788386821746826,0.0,0.0,,1087,none,B1,sac_her_pickandplace_randomized_2M
sac_her,sensor_dropout,1,0.0,-150.0,0.0,0.3195959526341559,150,4.817013010693927e-09,1.6203395128250122,0.0,0.0,,1088,none,B1,sac_her_pickandplace_randomized_2M
sac_her,sensor_dropout,1,0.0,-150.0,0.0,0.17850534100260537,150,1.1314590375732791e-09,1.8716808557510376,0.0,0.0,,1089,none,B1,sac_her_pickandplace_randomized_2M
sac_her,sensor_dropout,1,0.0,-150.0,0.0,0.06546259809637854,150,0.0,1.9730644226074219,0.0,0.0,,1090,none,B1,sac_her_pickandplace_randomized_2M
sac_her,sensor_dropout,1,0.0,-150.0,0.0,0.4018677051907181,150,4.1572456588312434e-09,1.2586687803268433,0.0,0.0,,1091,none,B1,sac_her_pickandplace_randomized_2M
sac_her,sensor_dropout,1,0.0,-150.0,0.0,0.49186748817821174,150,1.6493707510889521e-09,1.648441195487976,0.0,0.0,,1092,none,B1,sac_her_pickandplace_randomized_2M
sac_her,sensor_dropout,1,0.0,-150.0,0.0,0.13967181980427637,150,4.0003117485198914e-10,1.9711464643478394,0.0,0.0,,1093,none,B1,sac_her_pickandplace_randomized_2M
sac_her,sensor_dropout,1,0.0,-150.0,0.0,0.24240733182156635,150,0.013265060260891914,1.7721484899520874,0.0,0.0,,1094,none,B1,sac_her_pickandplace_randomized_2M
sac_her,sensor_dropout,1,0.0,-150.0,0.0,0.21769527211149578,150,1.6001246994079565e-09,1.9491816759109497,0.0,0.0,,1095,none,B1,sac_her_pickandplace_randomized_2M
sac_her,sensor_dropout,1,0.0,-150.0,0.0,0.23648500022221447,150,6.040338007551327e-09,0.8616304397583008,0.0,0.0,,1096,none,B1,sac_her_pickandplace_randomized_2M
sac_her,sensor_dropout,1,0.0,-150.0,0.0,0.33002427201774126,150,6.066772861856862e-09,0.7107251286506653,0.0,0.0,,1097,none,B1,sac_her_pickandplace_randomized_2M
sac_her,sensor_dropout,1,0.0,-150.0,0.0,0.42064412920221217,150,2.8846658395309532e-09,1.484415054321289,0.0,0.0,,1098,none,B1,sac_her_pickandplace_randomized_2M
sac_her,sensor_dropout,1,0.0,-150.0,0.0,0.31168473289818416,150,1.7889938419557438e-09,1.4855318069458008,0.0,0.0,,1099,none,B1,sac_her_pickandplace_randomized_2M
sac_her,sensor_dropout,1,0.0,-150.0,0.0,0.2544801351742931,150,5.381868728449035e-09,1.521978497505188,0.0,0.0,,1100,none,B1,sac_her_pickandplace_randomized_2M
sac_her,sensor_dropout,1,0.0,-150.0,0.0,0.13468819514493977,150,1.0674162886914473e-08,0.8218565583229065,0.0,0.0,,1101,none,B1,sac_her_pickandplace_randomized_2M
sac_her,sensor_dropout,1,0.0,-150.0,0.0,0.13471008721429673,150,4.0003117485198914e-10,1.9796934127807617,0.0,0.0,,1102,none,B1,sac_her_pickandplace_randomized_2M
sac_her,sensor_dropout,1,0.0,-150.0,0.0,0.1440250317394531,150,4.0003117485198914e-10,1.9843508005142212,0.0,0.0,,1103,none,B1,sac_her_pickandplace_randomized_2M
sac_her,sensor_dropout,1,0.0,-150.0,0.0,0.06511388669640944,150,0.008990692906081676,0.8259283900260925,0.0,0.0,,1104,none,B1,sac_her_pickandplace_randomized_2M
sac_her,sensor_dropout,1,0.0,-150.0,0.0,0.16748649362533297,150,5.657295187866396e-10,1.9768235683441162,0.0,0.0,,1105,none,B1,sac_her_pickandplace_randomized_2M
sac_her,sensor_dropout,1,0.0,-150.0,0.0,0.368293308242639,150,2.0001558187487944e-09,1.1194912195205688,0.0,0.0,,1106,none,B1,sac_her_pickandplace_randomized_2M
sac_her,sensor_dropout,1,0.0,-150.0,0.0,0.221817399080589,150,2.0001558187487944e-09,1.8125057220458984,0.0,0.0,,1107,none,B1,sac_her_pickandplace_randomized_2M
sac_her,sensor_dropout,1,0.0,-150.0,0.0,0.47198959199322243,150,2.683490540889011e-09,1.5721369981765747,0.0,0.0,,1108,none,B1,sac_her_pickandplace_randomized_2M
sac_her,sensor_dropout,1,0.0,-150.0,0.0,0.4156038630093016,150,4.233531747388497e-09,1.1827621459960938,0.0,0.0,,1109,none,B1,sac_her_pickandplace_randomized_2M
sac_her_recovery_v2,sensor_dropout,1,0.0,-150.0,0.0,0.23329142221063473,150,0.009106229059398174,1.1815459728240967,0.0,1.0,,1110,v2,B2,sac_her_pickandplace_randomized_2M
sac_her_recovery_v2,sensor_dropout,1,0.0,-150.0,0.0,0.4744715932825123,150,0.06783837080001831,1.484865427017212,0.0,1.0,,1111,v2,B2,sac_her_pickandplace_randomized_2M
sac_her_recovery_v2,sensor_dropout,1,0.0,-150.0,0.0,0.45612773087324826,150,0.03162597492337227,1.6677550077438354,0.0,1.0,,1112,v2,B2,sac_her_pickandplace_randomized_2M
sac_her_recovery_v2,sensor_dropout,1,0.0,-150.0,0.0,0.3042911997167348,150,0.03434014692902565,1.628393530845642,0.0,1.0,,1113,v2,B2,sac_her_pickandplace_randomized_2M
sac_her_recovery_v2,sensor_dropout,1,0.0,-150.0,0.0,0.2525469650993401,150,0.009002923965454102,1.2737901210784912,0.0,1.0,,1114,v2,B2,sac_her_pickandplace_randomized_2M
sac_her_recovery_v2,sensor_dropout,1,0.0,-150.0,0.0,0.4533811987190141,150,0.021929452195763588,1.2119660377502441,0.0,1.0,,1115,v2,B2,sac_her_pickandplace_randomized_2M
sac_her_recovery_v2,sensor_dropout,1,0.0,-150.0,0.0,0.3227130596495864,150,0.022402223199605942,1.6656453609466553,0.0,1.0,,1116,v2,B2,sac_her_pickandplace_randomized_2M
sac_her_recovery_v2,sensor_dropout,1,0.0,-150.0,0.0,0.27484987058440674,150,0.017872940748929977,1.0258526802062988,0.0,1.0,,1117,v2,B2,sac_her_pickandplace_randomized_2M
sac_her_recovery_v2,sensor_dropout,1,0.0,-150.0,0.0,0.3195959526341559,150,0.009683428332209587,1.6193768978118896,0.0,1.0,,1118,v2,B2,sac_her_pickandplace_randomized_2M
sac_her_recovery_v2,sensor_dropout,1,0.0,-150.0,0.0,0.17850534100260537,150,0.017651930451393127,0.9121097922325134,0.0,1.0,,1119,v2,B2,sac_her_pickandplace_randomized_2M
sac_her_recovery_v2,sensor_dropout,1,0.0,-150.0,0.0,0.06546259809637854,150,0.012223764322698116,0.36022791266441345,0.0,1.0,,1120,v2,B2,sac_her_pickandplace_randomized_2M
sac_her_recovery_v2,sensor_dropout,1,0.0,-150.0,0.0,0.4018677051907181,150,0.01905362866818905,1.2592638731002808,0.0,1.0,,1121,v2,B2,sac_her_pickandplace_randomized_2M
sac_her_recovery_v2,sensor_dropout,1,0.0,-150.0,0.0,0.49186748817821174,150,0.03660246729850769,1.648998498916626,0.0,1.0,,1122,v2,B2,sac_her_pickandplace_randomized_2M
sac_her_recovery_v2,sensor_dropout,1,0.0,-150.0,0.0,0.13967181980427637,150,0.01573292165994644,0.7238147854804993,0.0,1.0,,1123,v2,B2,sac_her_pickandplace_randomized_2M
sac_her_recovery_v2,sensor_dropout,1,0.0,-150.0,0.0,0.19849305865356884,150,0.0653371810913086,1.0377939939498901,0.0,1.0,,1124,v2,B2,sac_her_pickandplace_randomized_2M
sac_her_recovery_v2,sensor_dropout,1,0.0,-150.0,0.0,0.21769527211149578,150,0.008825457654893398,1.105690360069275,0.0,1.0,,1125,v2,B2,sac_her_pickandplace_randomized_2M
sac_her_recovery_v2,sensor_dropout,1,0.0,-150.0,0.0,0.23648500022221447,150,0.015321824699640274,0.8625937700271606,0.0,1.0,,1126,v2,B2,sac_her_pickandplace_randomized_2M
sac_her_recovery_v2,sensor_dropout,1,0.0,-150.0,0.0,0.33002427201774126,150,0.020855339244008064,0.7134629487991333,0.0,1.0,,1127,v2,B2,sac_her_pickandplace_randomized_2M
sac_her_recovery_v2,sensor_dropout,1,0.0,-150.0,0.0,0.42064412920221217,150,0.022690948098897934,1.4859883785247803,0.0,1.0,,1128,v2,B2,sac_her_pickandplace_randomized_2M
sac_her_recovery_v2,sensor_dropout,1,0.0,-150.0,0.0,0.31168473289818416,150,0.02681601233780384,1.4846264123916626,0.0,1.0,,1129,v2,B2,sac_her_pickandplace_randomized_2M
sac_her_recovery_v2,sensor_dropout,1,0.0,-150.0,0.0,0.2544801351742931,150,0.03356298804283142,1.5203146934509277,0.0,1.0,,1130,v2,B2,sac_her_pickandplace_randomized_2M
sac_her_recovery_v2,sensor_dropout,1,0.0,-150.0,0.0,0.13468819514493977,150,0.01192878745496273,0.820867121219635,0.0,1.0,,1131,v2,B2,sac_her_pickandplace_randomized_2M
sac_her_recovery_v2,sensor_dropout,1,0.0,-150.0,0.0,0.13471008721429673,150,0.011871960014104843,0.699673056602478,0.0,1.0,,1132,v2,B2,sac_her_pickandplace_randomized_2M
sac_her_recovery_v2,sensor_dropout,1,0.0,-150.0,0.0,0.1440250317394531,150,0.012471704743802547,0.7454095482826233,0.0,1.0,,1133,v2,B2,sac_her_pickandplace_randomized_2M
sac_her_recovery_v2,sensor_dropout,1,0.0,-150.0,0.0,0.06304521966571437,150,0.01772022806107998,0.8112045526504517,0.0,1.0,,1134,v2,B2,sac_her_pickandplace_randomized_2M
sac_her_recovery_v2,sensor_dropout,1,0.0,-150.0,0.0,0.16748649362533297,150,0.01017753779888153,0.8602201342582703,0.0,1.0,,1135,v2,B2,sac_her_pickandplace_randomized_2M
sac_her_recovery_v2,sensor_dropout,1,0.0,-150.0,0.0,0.368293308242639,150,0.01388091966509819,1.1187318563461304,0.0,1.0,,1136,v2,B2,sac_her_pickandplace_randomized_2M
sac_her_recovery_v2,sensor_dropout,1,0.0,-150.0,0.0,0.221817399080589,150,0.015121618285775185,1.0762683153152466,0.0,1.0,,1137,v2,B2,sac_her_pickandplace_randomized_2M
sac_her_recovery_v2,sensor_dropout,1,0.0,-150.0,0.0,0.47198959199322243,150,0.027159027755260468,1.571426510810852,0.0,1.0,,1138,v2,B2,sac_her_pickandplace_randomized_2M
sac_her_recovery_v2,sensor_dropout,1,0.0,-150.0,0.0,0.4156038630093016,150,0.022463690489530563,1.181727647781372,0.0,1.0,,1139,v2,B2,sac_her_pickandplace_randomized_2M
sac_her_recovery_v3,sensor_dropout,1,0.0,-150.0,0.0,0.23329142221063473,150,0.009106229059398174,1.1815459728240967,0.0,1.0,,1140,v3,B3,sac_her_pickandplace_randomized_2M
sac_her_recovery_v3,sensor_dropout,1,0.0,-150.0,0.0,0.4744715932825123,150,0.038092292845249176,1.4803617000579834,0.0,1.0,,1141,v3,B3,sac_her_pickandplace_randomized_2M
sac_her_recovery_v3,sensor_dropout,1,0.0,-150.0,0.0,0.45612773087324826,150,0.03162597492337227,1.665183424949646,0.0,1.0,,1142,v3,B3,sac_her_pickandplace_randomized_2M
sac_her_recovery_v3,sensor_dropout,1,0.0,-150.0,0.0,0.3042911997167348,150,0.03434014692902565,1.6154565811157227,0.0,1.0,,1143,v3,B3,sac_her_pickandplace_randomized_2M
sac_her_recovery_v3,sensor_dropout,1,0.0,-150.0,0.0,0.2525469650993401,150,0.009002923965454102,1.2737901210784912,0.0,1.0,,1144,v3,B3,sac_her_pickandplace_randomized_2M
sac_her_recovery_v3,sensor_dropout,1,0.0,-150.0,0.0,0.4533811987190141,150,0.021929452195763588,1.2155547142028809,0.0,1.0,,1145,v3,B3,sac_her_pickandplace_randomized_2M
sac_her_recovery_v3,sensor_dropout,1,0.0,-150.0,0.0,0.3227130596495864,150,0.022402223199605942,1.6619881391525269,0.0,1.0,,1146,v3,B3,sac_her_pickandplace_randomized_2M
sac_her_recovery_v3,sensor_dropout,1,0.0,-150.0,0.0,0.27484987058440674,150,0.017872940748929977,1.0258526802062988,0.0,1.0,,1147,v3,B3,sac_her_pickandplace_randomized_2M
sac_her_recovery_v3,sensor_dropout,1,0.0,-150.0,0.0,0.3195959526341559,150,0.009683428332209587,1.6174520254135132,0.0,1.0,,1148,v3,B3,sac_her_pickandplace_randomized_2M
sac_her_recovery_v3,sensor_dropout,1,0.0,-150.0,0.0,0.17850534100260537,150,0.017651930451393127,0.9121097922325134,0.0,1.0,,1149,v3,B3,sac_her_pickandplace_randomized_2M
sac_her_recovery_v3,sensor_dropout,1,0.0,-150.0,0.0,0.06546259809637854,150,0.012223764322698116,0.36022791266441345,0.0,1.0,,1150,v3,B3,sac_her_pickandplace_randomized_2M
sac_her_recovery_v3,sensor_dropout,1,0.0,-150.0,0.0,0.4018677051907181,150,0.01905362866818905,1.2604539394378662,0.0,1.0,,1151,v3,B3,sac_her_pickandplace_randomized_2M
sac_her_recovery_v3,sensor_dropout,1,0.0,-150.0,0.0,0.49186748817821174,150,0.03660246729850769,1.6501133441925049,0.0,1.0,,1152,v3,B3,sac_her_pickandplace_randomized_2M
sac_her_recovery_v3,sensor_dropout,1,0.0,-150.0,0.0,0.13967181980427637,150,0.01573292165994644,0.7238147854804993,0.0,1.0,,1153,v3,B3,sac_her_pickandplace_randomized_2M
sac_her_recovery_v3,sensor_dropout,1,0.0,-150.0,0.0,0.12891569585744214,150,0.029647372663021088,0.6945039629936218,0.0,1.0,,1154,v3,B3,sac_her_pickandplace_randomized_2M
sac_her_recovery_v3,sensor_dropout,1,0.0,-150.0,0.0,0.21769527211149578,150,0.008825457654893398,1.105690360069275,0.0,1.0,,1155,v3,B3,sac_her_pickandplace_randomized_2M
sac_her_recovery_v3,sensor_dropout,1,0.0,-150.0,0.0,0.23648500022221447,150,0.015321824699640274,0.871263861656189,0.0,1.0,,1156,v3,B3,sac_her_pickandplace_randomized_2M
sac_her_recovery_v3,sensor_dropout,1,0.0,-150.0,0.0,0.33002427201774126,150,0.020855339244008064,0.7189384698867798,0.0,1.0,,1157,v3,B3,sac_her_pickandplace_randomized_2M
sac_her_recovery_v3,sensor_dropout,1,0.0,-150.0,0.0,0.42064412920221217,150,0.022690948098897934,1.4891350269317627,0.0,1.0,,1158,v3,B3,sac_her_pickandplace_randomized_2M
sac_her_recovery_v3,sensor_dropout,1,0.0,-150.0,0.0,0.31168473289818416,150,0.02681601233780384,1.4828157424926758,0.0,1.0,,1159,v3,B3,sac_her_pickandplace_randomized_2M
sac_her_recovery_v3,sensor_dropout,1,0.0,-150.0,0.0,0.2544801351742931,150,0.03356298804283142,1.5053400993347168,0.0,1.0,,1160,v3,B3,sac_her_pickandplace_randomized_2M
sac_her_recovery_v3,sensor_dropout,1,0.0,-150.0,0.0,0.13468819514493977,150,0.01192878745496273,0.818888247013092,0.0,1.0,,1161,v3,B3,sac_her_pickandplace_randomized_2M
sac_her_recovery_v3,sensor_dropout,1,0.0,-150.0,0.0,0.13471008721429673,150,0.011871960014104843,0.699673056602478,0.0,1.0,,1162,v3,B3,sac_her_pickandplace_randomized_2M
sac_her_recovery_v3,sensor_dropout,1,0.0,-150.0,0.0,0.1440250317394531,150,0.012471704743802547,0.7454095482826233,0.0,1.0,,1163,v3,B3,sac_her_pickandplace_randomized_2M
sac_her_recovery_v3,sensor_dropout,1,0.0,-150.0,0.0,0.19399228630491466,150,0.060331471264362335,1.3389675617218018,0.0,1.0,,1164,v3,B3,sac_her_pickandplace_randomized_2M
sac_her_recovery_v3,sensor_dropout,1,0.0,-150.0,0.0,0.16748649362533297,150,0.01017753779888153,0.8602201342582703,0.0,1.0,,1165,v3,B3,sac_her_pickandplace_randomized_2M
sac_her_recovery_v3,sensor_dropout,1,0.0,-150.0,0.0,0.368293308242639,150,0.01388091966509819,1.117213249206543,0.0,1.0,,1166,v3,B3,sac_her_pickandplace_randomized_2M
sac_her_recovery_v3,sensor_dropout,1,0.0,-150.0,0.0,0.221817399080589,150,0.015121618285775185,1.0762683153152466,0.0,1.0,,1167,v3,B3,sac_her_pickandplace_randomized_2M
sac_her_recovery_v3,sensor_dropout,1,0.0,-150.0,0.0,0.47198959199322243,150,0.027159027755260468,1.5700055360794067,0.0,1.0,,1168,v3,B3,sac_her_pickandplace_randomized_2M
sac_her_recovery_v3,sensor_dropout,1,0.0,-150.0,0.0,0.4156038630093016,150,0.022463690489530563,1.1796587705612183,0.0,1.0,,1169,v3,B3,sac_her_pickandplace_randomized_2M
sac_her,sensor_bias,1,0.1,-150.0,0.0,0.2339691724302256,150,1.729690432548523,1.4384753704071045,0.0,0.0,,1170,none,B1,sac_her_pickandplace_randomized_2M
sac_her,sensor_bias,1,0.1,-150.0,0.0,0.08429521114714446,150,0.6512376666069031,0.7623008489608765,0.0,0.0,,1171,none,B1,sac_her_pickandplace_randomized_2M
sac_her,sensor_bias,1,0.1,-150.0,0.0,0.45612773087324826,150,0.012303044088184834,1.6767336130142212,0.0,0.0,,1172,none,B1,sac_her_pickandplace_randomized_2M
sac_her,sensor_bias,1,0.1,-150.0,0.0,0.8446723303428706,150,0.08372374624013901,1.7087024450302124,0.0,0.0,,1173,none,B1,sac_her_pickandplace_randomized_2M
sac_her,sensor_bias,1,0.1,-150.0,0.0,0.2130974497706198,150,2.2077853679656982,1.6422910690307617,0.0,0.0,,1174,none,B1,sac_her_pickandplace_randomized_2M
sac_her,sensor_bias,1,0.1,-150.0,0.0,0.4533811987190141,150,0.016267750412225723,1.534434199333191,0.0,0.0,,1175,none,B1,sac_her_pickandplace_randomized_2M
sac_her,sensor_bias,1,0.1,-150.0,0.0,0.3227130596495864,150,0.03382723033428192,1.4921822547912598,0.0,0.0,,1176,none,B1,sac_her_pickandplace_randomized_2M
sac_her,sensor_bias,1,0.1,-150.0,0.0,0.27484987058440674,150,0.379772812128067,1.445939540863037,1.0,0.0,,1177,none,B1,sac_her_pickandplace_randomized_2M
sac_her,sensor_bias,1,0.1,-150.0,0.0,0.3195959526341559,150,0.04968388378620148,1.3948153257369995,0.0,0.0,,1178,none,B1,sac_her_pickandplace_randomized_2M
sac_her,sensor_bias,1,0.1,-150.0,0.0,0.17850534100260537,150,0.08624815195798874,0.9336651563644409,0.0,0.0,,1179,none,B1,sac_her_pickandplace_randomized_2M
sac_her,sensor_bias,1,0.1,-150.0,0.0,0.06546259809637854,150,0.03665241599082947,1.036438226699829,0.0,0.0,,1180,none,B1,sac_her_pickandplace_randomized_2M
sac_her,sensor_bias,1,0.1,-150.0,0.0,0.4018677051907181,150,0.018966704607009888,0.9858785271644592,0.0,0.0,,1181,none,B1,sac_her_pickandplace_randomized_2M
sac_her,sensor_bias,1,0.1,-150.0,0.0,0.49186748817821174,150,0.010194065049290657,1.9055362939834595,0.0,0.0,,1182,none,B1,sac_her_pickandplace_randomized_2M
sac_her,sensor_bias,1,0.1,-150.0,0.0,0.13967181980427637,150,0.1379098892211914,1.1342191696166992,0.0,0.0,,1183,none,B1,sac_her_pickandplace_randomized_2M
sac_her,sensor_bias,1,0.1,-150.0,0.0,0.15534333903314168,150,0.08456046134233475,1.5060979127883911,0.0,0.0,,1184,none,B1,sac_her_pickandplace_randomized_2M
sac_her,sensor_bias,1,0.1,-150.0,0.0,0.12378236366718895,150,1.5783355236053467,1.1444512605667114,0.0,0.0,,1185,none,B1,sac_her_pickandplace_randomized_2M
sac_her,sensor_bias,1,0.1,-150.0,0.0,0.23648500022221447,150,0.059461530297994614,0.8729943037033081,0.0,0.0,,1186,none,B1,sac_her_pickandplace_randomized_2M
sac_her,sensor_bias,1,0.1,-150.0,0.0,0.33002427201774126,150,0.02931281179189682,0.875944197177887,0.0,0.0,,1187,none,B1,sac_her_pickandplace_randomized_2M
sac_her,sensor_bias,1,0.1,-150.0,0.0,0.42064412920221217,150,0.025774406269192696,1.5119398832321167,0.0,0.0,,1188,none,B1,sac_her_pickandplace_randomized_2M
sac_her,sensor_bias,1,0.1,-150.0,0.0,0.3258954557855597,150,0.04753318428993225,1.905537724494934,0.0,0.0,,1189,none,B1,sac_her_pickandplace_randomized_2M
sac_her,sensor_bias,1,0.1,-150.0,0.0,0.2544801351742931,150,1.5097551345825195,1.105889916419983,0.0,0.0,,1190,none,B1,sac_her_pickandplace_randomized_2M
sac_her,sensor_bias,1,0.1,-150.0,0.0,0.1673144563031861,150,0.06312421709299088,1.5220640897750854,0.0,0.0,,1191,none,B1,sac_her_pickandplace_randomized_2M
sac_her,sensor_bias,1,0.1,-150.0,0.0,0.41941224006570454,150,1.348719596862793,1.4269155263900757,0.0,0.0,,1192,none,B1,sac_her_pickandplace_randomized_2M
sac_her,sensor_bias,1,0.1,-150.0,0.0,0.1440250317394531,150,0.05797410011291504,1.109038233757019,0.0,0.0,,1193,none,B1,sac_her_pickandplace_randomized_2M
sac_her,sensor_bias,1,0.1,-150.0,0.0,0.056318343114646306,150,0.038216814398765564,1.6744613647460938,0.0,0.0,,1194,none,B1,sac_her_pickandplace_randomized_2M
sac_her,sensor_bias,1,0.1,-150.0,0.0,0.16748649362533297,150,0.06805090606212616,1.0551515817642212,0.0,0.0,,1195,none,B1,sac_her_pickandplace_randomized_2M
sac_her,sensor_bias,1,0.1,-150.0,0.0,0.368293308242639,150,0.02810691110789776,1.160933256149292,0.0,0.0,,1196,none,B1,sac_her_pickandplace_randomized_2M
sac_her,sensor_bias,1,0.1,-150.0,0.0,0.221817399080589,150,1.1340914964675903,1.284631371498108,0.0,0.0,,1197,none,B1,sac_her_pickandplace_randomized_2M
sac_her,sensor_bias,1,0.1,-150.0,0.0,0.47198959199322243,150,0.0229704137891531,1.2814624309539795,0.0,0.0,,1198,none,B1,sac_her_pickandplace_randomized_2M
sac_her,sensor_bias,1,0.1,-150.0,0.0,0.4156038630093016,150,0.028549799695611,1.0326049327850342,0.0,0.0,,1199,none,B1,sac_her_pickandplace_randomized_2M
sac_her_recovery_v2,sensor_bias,1,0.1,-150.0,0.0,0.23329142221063473,150,0.2823822796344757,1.4828453063964844,0.0,1.0,,1200,v2,B2,sac_her_pickandplace_randomized_2M
sac_her_recovery_v2,sensor_bias,1,0.1,-150.0,0.0,0.08429521114714446,150,0.029299458488821983,0.523206353187561,0.0,1.0,,1201,v2,B2,sac_her_pickandplace_randomized_2M
sac_her_recovery_v2,sensor_bias,1,0.1,-150.0,0.0,0.45612773087324826,150,0.04720158874988556,1.7484291791915894,0.0,1.0,,1202,v2,B2,sac_her_pickandplace_randomized_2M
sac_her_recovery_v2,sensor_bias,1,0.1,-150.0,0.0,0.3042911997167348,150,0.5195009112358093,1.4177707433700562,1.0,1.0,,1203,v2,B2,sac_her_pickandplace_randomized_2M
sac_her_recovery_v2,sensor_bias,1,0.1,-150.0,0.0,0.2525469650993401,150,0.06697835773229599,1.3301000595092773,1.0,1.0,,1204,v2,B2,sac_her_pickandplace_randomized_2M
sac_her_recovery_v2,sensor_bias,1,0.1,-150.0,0.0,0.4533811987190141,150,0.04118712246417999,1.7302125692367554,0.0,1.0,,1205,v2,B2,sac_her_pickandplace_randomized_2M
sac_her_recovery_v2,sensor_bias,1,0.1,-150.0,0.0,0.3227130596495864,150,0.058526940643787384,1.0012197494506836,0.0,1.0,,1206,v2,B2,sac_her_pickandplace_randomized_2M
sac_her_recovery_v2,sensor_bias,1,0.1,-150.0,0.0,0.27484987058440674,150,2.029491901397705,1.1550565958023071,1.0,1.0,,1207,v2,B2,sac_her_pickandplace_randomized_2M
sac_her_recovery_v2,sensor_bias,1,0.1,-150.0,0.0,0.3195959526341559,150,0.09148447960615158,0.9556431174278259,0.0,1.0,,1208,v2,B2,sac_her_pickandplace_randomized_2M
sac_her_recovery_v2,sensor_bias,1,0.1,-150.0,0.0,0.14436945788510297,150,0.17872712016105652,1.3306516408920288,0.0,1.0,,1209,v2,B2,sac_her_pickandplace_randomized_2M
sac_her_recovery_v2,sensor_bias,1,0.1,-150.0,0.0,0.06546259809637854,150,0.05268187075853348,1.0081371068954468,0.0,1.0,,1210,v2,B2,sac_her_pickandplace_randomized_2M
sac_her_recovery_v2,sensor_bias,1,0.1,-150.0,0.0,0.4018677051907181,150,0.05820433050394058,1.122199296951294,0.0,1.0,,1211,v2,B2,sac_her_pickandplace_randomized_2M
sac_her_recovery_v2,sensor_bias,1,0.1,-150.0,0.0,0.49186748817821174,150,0.2591240406036377,1.712890863418579,0.0,1.0,,1212,v2,B2,sac_her_pickandplace_randomized_2M
sac_her_recovery_v2,sensor_bias,1,0.1,-150.0,0.0,0.13967181980427637,150,0.057024627923965454,1.668303370475769,0.0,1.0,,1213,v2,B2,sac_her_pickandplace_randomized_2M
sac_her_recovery_v2,sensor_bias,1,0.1,-150.0,0.0,0.19033430936549645,150,0.10139935463666916,1.253462553024292,0.0,1.0,,1214,v2,B2,sac_her_pickandplace_randomized_2M
sac_her_recovery_v2,sensor_bias,1,0.1,-150.0,0.0,0.21769527211149578,150,0.05030369758605957,1.5953458547592163,0.0,1.0,,1215,v2,B2,sac_her_pickandplace_randomized_2M
sac_her_recovery_v2,sensor_bias,1,0.1,-150.0,0.0,0.23648500022221447,150,0.06459739059209824,1.0247212648391724,0.0,1.0,,1216,v2,B2,sac_her_pickandplace_randomized_2M
sac_her_recovery_v2,sensor_bias,1,0.1,-150.0,0.0,0.33002427201774126,150,0.06260690838098526,1.1956467628479004,0.0,1.0,,1217,v2,B2,sac_her_pickandplace_randomized_2M
sac_her_recovery_v2,sensor_bias,1,0.1,-150.0,0.0,0.42064412920221217,150,0.06198718026280403,1.4130021333694458,1.0,1.0,,1218,v2,B2,sac_her_pickandplace_randomized_2M
sac_her_recovery_v2,sensor_bias,1,0.1,-150.0,0.0,0.31168473289818416,150,0.030537813901901245,1.5480098724365234,0.0,1.0,,1219,v2,B2,sac_her_pickandplace_randomized_2M
sac_her_recovery_v2,sensor_bias,1,0.1,-150.0,0.0,0.2544801351742931,150,0.7529205083847046,1.0920743942260742,0.0,1.0,,1220,v2,B2,sac_her_pickandplace_randomized_2M
sac_her_recovery_v2,sensor_bias,1,0.1,-150.0,0.0,0.13468819514493977,150,0.04681883752346039,1.1506149768829346,0.0,1.0,,1221,v2,B2,sac_her_pickandplace_randomized_2M
sac_her_recovery_v2,sensor_bias,1,0.1,-150.0,0.0,0.13471008721429673,150,0.09084948897361755,0.6871753334999084,0.0,1.0,,1222,v2,B2,sac_her_pickandplace_randomized_2M
sac_her_recovery_v2,sensor_bias,1,0.1,-150.0,0.0,0.1440250317394531,150,0.0876925140619278,1.4078688621520996,0.0,1.0,,1223,v2,B2,sac_her_pickandplace_randomized_2M
sac_her_recovery_v2,sensor_bias,1,0.1,-2.0,1.0,0.03651548183336668,150,0.06357318162918091,1.355156421661377,0.0,0.0,2.0,1224,v2,B2,sac_her_pickandplace_randomized_2M
sac_her_recovery_v2,sensor_bias,1,0.1,-150.0,0.0,0.16748649362533297,150,0.07464476674795151,1.5388373136520386,0.0,1.0,,1225,v2,B2,sac_her_pickandplace_randomized_2M
sac_her_recovery_v2,sensor_bias,1,0.1,-150.0,0.0,0.368293308242639,150,0.5542386174201965,1.609502911567688,0.0,1.0,,1226,v2,B2,sac_her_pickandplace_randomized_2M
sac_her_recovery_v2,sensor_bias,1,0.1,-150.0,0.0,0.221817399080589,150,1.4233646392822266,0.9206126928329468,0.0,1.0,,1227,v2,B2,sac_her_pickandplace_randomized_2M
sac_her_recovery_v2,sensor_bias,1,0.1,-150.0,0.0,0.47198959199322243,150,0.07420352846384048,1.150305986404419,0.0,1.0,,1228,v2,B2,sac_her_pickandplace_randomized_2M
sac_her_recovery_v2,sensor_bias,1,0.1,-150.0,0.0,0.4156038630093016,150,0.030826665461063385,1.7597918510437012,0.0,1.0,,1229,v2,B2,sac_her_pickandplace_randomized_2M
sac_her_recovery_v3,sensor_bias,1,0.1,-150.0,0.0,0.6016032462790473,150,0.3411250412464142,1.5424001216888428,1.0,1.0,,1230,v3,B3,sac_her_pickandplace_randomized_2M
sac_her_recovery_v3,sensor_bias,1,0.1,-150.0,0.0,0.08429521114714446,150,0.0862518772482872,1.5105652809143066,0.0,1.0,,1231,v3,B3,sac_her_pickandplace_randomized_2M
sac_her_recovery_v3,sensor_bias,1,0.1,-150.0,0.0,0.45612773087324826,150,0.044625282287597656,1.4868526458740234,0.0,1.0,,1232,v3,B3,sac_her_pickandplace_randomized_2M
sac_her_recovery_v3,sensor_bias,1,0.1,-150.0,0.0,0.22178139356925983,150,0.4192376136779785,1.174679160118103,0.0,1.0,,1233,v3,B3,sac_her_pickandplace_randomized_2M
sac_her_recovery_v3,sensor_bias,1,0.1,-150.0,0.0,0.24657256731156138,150,0.09684686362743378,1.2396011352539062,0.0,1.0,,1234,v3,B3,sac_her_pickandplace_randomized_2M
sac_her_recovery_v3,sensor_bias,1,0.1,-150.0,0.0,0.4533811987190141,150,0.04926413670182228,0.3169201612472534,0.0,1.0,,1235,v3,B3,sac_her_pickandplace_randomized_2M
sac_her_recovery_v3,sensor_bias,1,0.1,-150.0,0.0,0.3227130596495864,150,0.047561053186655045,1.590811014175415,0.0,1.0,,1236,v3,B3,sac_her_pickandplace_randomized_2M
sac_her_recovery_v3,sensor_bias,1,0.1,-150.0,0.0,0.27484987058440674,150,0.13478586077690125,1.5601543188095093,0.0,1.0,,1237,v3,B3,sac_her_pickandplace_randomized_2M
sac_her_recovery_v3,sensor_bias,1,0.1,-150.0,0.0,0.3195959526341559,150,0.0624198354780674,1.5534976720809937,0.0,1.0,,1238,v3,B3,sac_her_pickandplace_randomized_2M
sac_her_recovery_v3,sensor_bias,1,0.1,-150.0,0.0,0.17850534100260537,150,1.0090892314910889,1.1240684986114502,0.0,1.0,,1239,v3,B3,sac_her_pickandplace_randomized_2M
sac_her_recovery_v3,sensor_bias,1,0.1,-150.0,0.0,0.06546259809637854,150,0.07928334921598434,1.2573033571243286,0.0,1.0,,1240,v3,B3,sac_her_pickandplace_randomized_2M
sac_her_recovery_v3,sensor_bias,1,0.1,-150.0,0.0,0.4018677051907181,150,0.05419381707906723,1.304969072341919,0.0,1.0,,1241,v3,B3,sac_her_pickandplace_randomized_2M
sac_her_recovery_v3,sensor_bias,1,0.1,-150.0,0.0,0.49186748817821174,150,0.3173232674598694,1.6884989738464355,0.0,1.0,,1242,v3,B3,sac_her_pickandplace_randomized_2M
sac_her_recovery_v3,sensor_bias,1,0.1,-150.0,0.0,0.13967181980427637,150,0.04364709556102753,1.5980489253997803,0.0,1.0,,1243,v3,B3,sac_her_pickandplace_randomized_2M
sac_her_recovery_v3,sensor_bias,1,0.1,-150.0,0.0,0.19033430936549645,150,1.4009230136871338,1.3277846574783325,0.0,1.0,,1244,v3,B3,sac_her_pickandplace_randomized_2M
sac_her_recovery_v3,sensor_bias,1,0.1,-150.0,0.0,0.21769527211149578,150,1.4752568006515503,1.3421627283096313,0.0,1.0,,1245,v3,B3,sac_her_pickandplace_randomized_2M
sac_her_recovery_v3,sensor_bias,1,0.1,-150.0,0.0,0.23648500022221447,150,0.06735928356647491,1.6108750104904175,0.0,1.0,,1246,v3,B3,sac_her_pickandplace_randomized_2M
sac_her_recovery_v3,sensor_bias,1,0.1,-150.0,0.0,0.33002427201774126,150,0.04823245853185654,1.4085564613342285,0.0,1.0,,1247,v3,B3,sac_her_pickandplace_randomized_2M
sac_her_recovery_v3,sensor_bias,1,0.1,-150.0,0.0,0.42064412920221217,150,0.07531718164682388,1.6436930894851685,1.0,1.0,,1248,v3,B3,sac_her_pickandplace_randomized_2M
sac_her_recovery_v3,sensor_bias,1,0.1,-150.0,0.0,0.31168473289818416,150,0.06802009791135788,1.158650279045105,0.0,1.0,,1249,v3,B3,sac_her_pickandplace_randomized_2M
sac_her_recovery_v3,sensor_bias,1,0.1,-150.0,0.0,0.2544801351742931,150,0.3778207302093506,1.4590182304382324,1.0,1.0,,1250,v3,B3,sac_her_pickandplace_randomized_2M
sac_her_recovery_v3,sensor_bias,1,0.1,-150.0,0.0,0.13468819514493977,150,0.038502905517816544,1.58134925365448,0.0,1.0,,1251,v3,B3,sac_her_pickandplace_randomized_2M
sac_her_recovery_v3,sensor_bias,1,0.1,-150.0,0.0,0.05150675611621599,150,0.14141172170639038,1.1450424194335938,0.0,1.0,,1252,v3,B3,sac_her_pickandplace_randomized_2M
sac_her_recovery_v3,sensor_bias,1,0.1,-150.0,0.0,0.1440250317394531,150,2.129317045211792,1.7099229097366333,1.0,1.0,,1253,v3,B3,sac_her_pickandplace_randomized_2M
sac_her_recovery_v3,sensor_bias,1,0.1,-150.0,0.0,0.056318343114646306,150,0.13685718178749084,1.0300428867340088,0.0,1.0,,1254,v3,B3,sac_her_pickandplace_randomized_2M
sac_her_recovery_v3,sensor_bias,1,0.1,-150.0,0.0,0.1430037118257372,150,0.5132594704627991,1.1958119869232178,0.0,1.0,,1255,v3,B3,sac_her_pickandplace_randomized_2M
sac_her_recovery_v3,sensor_bias,1,0.1,-150.0,0.0,0.368293308242639,150,0.026440255343914032,1.5457375049591064,0.0,1.0,,1256,v3,B3,sac_her_pickandplace_randomized_2M
sac_her_recovery_v3,sensor_bias,1,0.1,-150.0,0.0,0.221817399080589,150,0.1124153658747673,0.6462832689285278,0.0,1.0,,1257,v3,B3,sac_her_pickandplace_randomized_2M
sac_her_recovery_v3,sensor_bias,1,0.1,-150.0,0.0,0.47198959199322243,150,0.07509837299585342,1.2724785804748535,0.0,1.0,,1258,v3,B3,sac_her_pickandplace_randomized_2M
sac_her_recovery_v3,sensor_bias,1,0.1,-150.0,0.0,0.4156038630093016,150,0.22517715394496918,1.194677472114563,0.0,1.0,,1259,v3,B3,sac_her_pickandplace_randomized_2M
sac_her,action_clipping,1,0.3,-51.0,1.0,0.037823968679340375,150,0.5148343443870544,0.4399425685405731,0.0,0.0,51.0,1260,none,B1,sac_her_pickandplace_randomized_2M
sac_her,action_clipping,1,0.3,-150.0,0.0,0.08009543378553909,150,0.9557255506515503,0.5714133977890015,0.0,0.0,,1261,none,B1,sac_her_pickandplace_randomized_2M
sac_her,action_clipping,1,0.3,-150.0,0.0,0.45612773087324826,150,0.001973105361685157,0.5970699787139893,0.0,0.0,,1262,none,B1,sac_her_pickandplace_randomized_2M
sac_her,action_clipping,1,0.3,-58.0,1.0,0.018807243397779318,150,0.18996280431747437,0.43113473057746887,0.0,0.0,58.0,1263,none,B1,sac_her_pickandplace_randomized_2M
sac_her,action_clipping,1,0.3,-34.0,1.0,0.02221592772332011,150,0.13263016939163208,0.5567847490310669,0.0,0.0,34.0,1264,none,B1,sac_her_pickandplace_randomized_2M
sac_her,action_clipping,1,0.3,-150.0,0.0,0.4533811987190141,150,0.013162324205040932,0.5486269593238831,0.0,0.0,,1265,none,B1,sac_her_pickandplace_randomized_2M
sac_her,action_clipping,1,0.3,-150.0,0.0,0.3227130596495864,150,0.02049287222325802,0.5371265411376953,0.0,0.0,,1266,none,B1,sac_her_pickandplace_randomized_2M
sac_her,action_clipping,1,0.3,-150.0,0.0,0.27484987058440674,150,0.9455746412277222,0.5882564783096313,0.0,0.0,,1267,none,B1,sac_her_pickandplace_randomized_2M
sac_her,action_clipping,1,0.3,-150.0,0.0,0.3195959526341559,150,0.03587217628955841,0.5705307126045227,0.0,0.0,,1268,none,B1,sac_her_pickandplace_randomized_2M
sac_her,action_clipping,1,0.3,-150.0,0.0,0.17850534100260537,150,0.6701433062553406,0.5770728588104248,0.0,0.0,,1269,none,B1,sac_her_pickandplace_randomized_2M
sac_her,action_clipping,1,0.3,-20.0,1.0,0.021747401519171865,150,0.83281409740448,0.5685480833053589,0.0,0.0,20.0,1270,none,B1,sac_her_pickandplace_randomized_2M
sac_her,action_clipping,1,0.3,-150.0,0.0,0.450871898786899,150,0.03926635533571243,0.3864304721355438,0.0,0.0,,1271,none,B1,sac_her_pickandplace_randomized_2M
sac_her,action_clipping,1,0.3,-150.0,0.0,0.49186748817821174,150,0.004026846028864384,0.5924504995346069,0.0,0.0,,1272,none,B1,sac_her_pickandplace_randomized_2M
sac_her,action_clipping,1,0.3,-22.0,1.0,0.006003974325609225,150,0.7086397409439087,0.5889328122138977,0.0,0.0,22.0,1273,none,B1,sac_her_pickandplace_randomized_2M
sac_her,action_clipping,1,0.3,-63.0,1.0,0.031575727231937564,150,0.5378996133804321,0.5777478218078613,0.0,0.0,31.0,1274,none,B1,sac_her_pickandplace_randomized_2M
sac_her,action_clipping,1,0.3,-146.0,0.0,0.0828755663776666,150,0.6535850167274475,0.5257697701454163,0.0,0.0,66.0,1275,none,B1,sac_her_pickandplace_randomized_2M
sac_her,action_clipping,1,0.3,-44.0,1.0,0.025668987854546486,150,0.086283840239048,0.47027111053466797,0.0,0.0,44.0,1276,none,B1,sac_her_pickandplace_randomized_2M
sac_her,action_clipping,1,0.3,-150.0,0.0,0.33002427201774126,150,0.018710706382989883,0.4582962095737457,0.0,0.0,,1277,none,B1,sac_her_pickandplace_randomized_2M
sac_her,action_clipping,1,0.3,-150.0,0.0,0.42064412920221217,150,0.02386220172047615,0.5403898358345032,0.0,0.0,,1278,none,B1,sac_her_pickandplace_randomized_2M
sac_her,action_clipping,1,0.3,-150.0,0.0,0.31168473289818416,150,0.012375175021588802,0.5374971032142639,0.0,0.0,,1279,none,B1,sac_her_pickandplace_randomized_2M
sac_her,action_clipping,1,0.3,-101.0,1.0,0.0384287917895854,150,0.37004438042640686,0.5406162142753601,0.0,0.0,101.0,1280,none,B1,sac_her_pickandplace_randomized_2M
sac_her,action_clipping,1,0.3,-150.0,0.0,0.13468819514493977,150,0.4514489769935608,0.41314661502838135,0.0,0.0,,1281,none,B1,sac_her_pickandplace_randomized_2M
sac_her,action_clipping,1,0.3,-24.0,1.0,0.03908081619969762,150,0.5767794847488403,0.505474328994751,0.0,0.0,24.0,1282,none,B1,sac_her_pickandplace_randomized_2M
sac_her,action_clipping,1,0.3,-18.0,1.0,0.01593059196720343,150,0.06581120193004608,0.47700342535972595,0.0,0.0,18.0,1283,none,B1,sac_her_pickandplace_randomized_2M
sac_her,action_clipping,1,0.3,-8.0,1.0,0.027394253605711745,150,0.0918126106262207,0.37501606345176697,0.0,0.0,8.0,1284,none,B1,sac_her_pickandplace_randomized_2M
sac_her,action_clipping,1,0.3,-30.0,1.0,0.012972966540101265,150,0.5934383273124695,0.5605242848396301,0.0,0.0,30.0,1285,none,B1,sac_her_pickandplace_randomized_2M
sac_her,action_clipping,1,0.3,-150.0,0.0,0.368293308242639,150,0.01878330670297146,0.49277496337890625,0.0,0.0,,1286,none,B1,sac_her_pickandplace_randomized_2M
sac_her,action_clipping,1,0.3,-32.0,1.0,0.008717664344164586,150,0.10841386020183563,0.38384902477264404,0.0,0.0,32.0,1287,none,B1,sac_her_pickandplace_randomized_2M
sac_her,action_clipping,1,0.3,-150.0,0.0,0.47198959199322243,150,0.0017851847223937511,0.5973256230354309,0.0,0.0,,1288,none,B1,sac_her_pickandplace_randomized_2M
sac_her,action_clipping,1,0.3,-150.0,0.0,0.4156038630093016,150,0.01034160703420639,0.5494810938835144,0.0,0.0,,1289,none,B1,sac_her_pickandplace_randomized_2M
sac_her_recovery_v2,action_clipping,1,0.3,-46.0,1.0,0.04537198607634164,150,0.17207401990890503,0.5052553415298462,0.0,1.0,46.0,1290,v2,B2,sac_her_pickandplace_randomized_2M
sac_her_recovery_v2,action_clipping,1,0.3,-34.0,1.0,0.023836582952055405,150,0.7978799343109131,0.5459315180778503,0.0,1.0,34.0,1291,v2,B2,sac_her_pickandplace_randomized_2M
sac_her_recovery_v2,action_clipping,1,0.3,-150.0,0.0,0.45612773087324826,150,0.02443947270512581,0.6029110550880432,0.0,1.0,,1292,v2,B2,sac_her_pickandplace_randomized_2M
sac_her_recovery_v2,action_clipping,1,0.3,-46.0,1.0,0.015447317778749078,150,0.17560918629169464,0.43988627195358276,0.0,1.0,46.0,1293,v2,B2,sac_her_pickandplace_randomized_2M
sac_her_recovery_v2,action_clipping,1,0.3,-40.0,1.0,0.033579814081735174,150,0.24518851935863495,0.5653514862060547,0.0,1.0,40.0,1294,v2,B2,sac_her_pickandplace_randomized_2M
sac_her_recovery_v2,action_clipping,1,0.3,-150.0,0.0,0.4533811987190141,150,0.03607134148478508,0.5536788702011108,0.0,1.0,,1295,v2,B2,sac_her_pickandplace_randomized_2M
sac_her_recovery_v2,action_clipping,1,0.3,-150.0,0.0,0.3227130596495864,150,0.04576550051569939,0.5422181487083435,0.0,1.0,,1296,v2,B2,sac_her_pickandplace_randomized_2M
sac_her_recovery_v2,action_clipping,1,0.3,-150.0,0.0,0.27484987058440674,150,0.9663064479827881,0.5983114242553711,0.0,1.0,,1297,v2,B2,sac_her_pickandplace_randomized_2M
sac_her_recovery_v2,action_clipping,1,0.3,-150.0,0.0,0.3195959526341559,150,0.05995909124612808,0.5742688179016113,0.0,1.0,,1298,v2,B2,sac_her_pickandplace_randomized_2M
sac_her_recovery_v2,action_clipping,1,0.3,-150.0,0.0,0.17850534100260537,150,0.6676247715950012,0.5661705732345581,0.0,1.0,,1299,v2,B2,sac_her_pickandplace_randomized_2M
sac_her_recovery_v2,action_clipping,1,0.3,-22.0,1.0,0.01673087920839676,150,0.7565538883209229,0.5468217730522156,0.0,1.0,22.0,1300,v2,B2,sac_her_pickandplace_randomized_2M
sac_her_recovery_v2,action_clipping,1,0.3,-150.0,0.0,0.4116509987079274,150,0.0849851593375206,0.4224068820476532,0.0,1.0,,1301,v2,B2,sac_her_pickandplace_randomized_2M
sac_her_recovery_v2,action_clipping,1,0.3,-150.0,0.0,0.49186748817821174,150,0.026579054072499275,0.5993626117706299,0.0,1.0,,1302,v2,B2,sac_her_pickandplace_randomized_2M
sac_her_recovery_v2,action_clipping,1,0.3,-24.0,1.0,0.016858967518080976,150,0.6532402038574219,0.5829081535339355,0.0,1.0,23.0,1303,v2,B2,sac_her_pickandplace_randomized_2M
sac_her_recovery_v2,action_clipping,1,0.3,-30.0,1.0,0.0138227055633503,150,0.5573543906211853,0.5442003607749939,0.0,1.0,30.0,1304,v2,B2,sac_her_pickandplace_randomized_2M
sac_her_recovery_v2,action_clipping,1,0.3,-75.0,1.0,0.018052786004177458,150,0.7904894351959229,0.589385449886322,0.0,1.0,75.0,1305,v2,B2,sac_her_pickandplace_randomized_2M
sac_her_recovery_v2,action_clipping,1,0.3,-148.0,0.0,0.701386341954708,150,0.22313329577445984,0.5963984131813049,0.0,1.0,65.0,1306,v2,B2,sac_her_pickandplace_randomized_2M
sac_her_recovery_v2,action_clipping,1,0.3,-150.0,0.0,0.33002427201774126,150,0.030840963125228882,0.4513455331325531,0.0,1.0,,1307,v2,B2,sac_her_pickandplace_randomized_2M
sac_her_recovery_v2,action_clipping,1,0.3,-150.0,0.0,0.42064412920221217,150,0.048959046602249146,0.5503065586090088,0.0,1.0,,1308,v2,B2,sac_her_pickandplace_randomized_2M
sac_her_recovery_v2,action_clipping,1,0.3,-150.0,0.0,0.31168473289818416,150,0.031972747296094894,0.541956901550293,0.0,1.0,,1309,v2,B2,sac_her_pickandplace_randomized_2M
sac_her_recovery_v2,action_clipping,1,0.3,-44.0,1.0,0.009218731723923249,150,0.14376018941402435,0.5452077388763428,0.0,1.0,44.0,1310,v2,B2,sac_her_pickandplace_randomized_2M
sac_her_recovery_v2,action_clipping,1,0.3,-150.0,0.0,0.13468819514493977,150,0.45031145215034485,0.4130973815917969,0.0,1.0,,1311,v2,B2,sac_her_pickandplace_randomized_2M
sac_her_recovery_v2,action_clipping,1,0.3,-29.0,1.0,0.008006643974471605,150,0.7189868688583374,0.5710940361022949,0.0,1.0,29.0,1312,v2,B2,sac_her_pickandplace_randomized_2M
sac_her_recovery_v2,action_clipping,1,0.3,-19.0,1.0,0.04188997610416577,150,0.07854900509119034,0.46723809838294983,0.0,1.0,19.0,1313,v2,B2,sac_her_pickandplace_randomized_2M
sac_her_recovery_v2,action_clipping,1,0.3,-8.0,1.0,0.006590890095021279,150,0.23138824105262756,0.35931718349456787,0.0,1.0,8.0,1314,v2,B2,sac_her_pickandplace_randomized_2M
sac_her_recovery_v2,action_clipping,1,0.3,-30.0,1.0,0.004616493629886346,150,0.11646529287099838,0.4208437502384186,0.0,1.0,30.0,1315,v2,B2,sac_her_pickandplace_randomized_2M
sac_her_recovery_v2,action_clipping,1,0.3,-150.0,0.0,0.368293308242639,150,0.03551188111305237,0.503046452999115,0.0,1.0,,1316,v2,B2,sac_her_pickandplace_randomized_2M
sac_her_recovery_v2,action_clipping,1,0.3,-31.0,1.0,0.008713301115750546,150,0.13321830332279205,0.38295337557792664,0.0,1.0,31.0,1317,v2,B2,sac_her_pickandplace_randomized_2M
sac_her_recovery_v2,action_clipping,1,0.3,-150.0,0.0,0.47198959199322243,150,0.022394713014364243,0.6013650298118591,0.0,1.0,,1318,v2,B2,sac_her_pickandplace_randomized_2M
sac_her_recovery_v2,action_clipping,1,0.3,-150.0,0.0,0.4156038630093016,150,0.02369779907166958,0.5538901686668396,0.0,1.0,,1319,v2,B2,sac_her_pickandplace_randomized_2M
sac_her_recovery_v3,action_clipping,1,0.3,-118.0,1.0,0.04253157425992972,150,0.42045989632606506,0.5822536945343018,0.0,1.0,118.0,1320,v3,B3,sac_her_pickandplace_randomized_2M
sac_her_recovery_v3,action_clipping,1,0.3,-144.0,0.0,0.7038743675516688,150,0.14584089815616608,0.6592499613761902,0.0,1.0,40.0,1321,v3,B3,sac_her_pickandplace_randomized_2M
sac_her_recovery_v3,action_clipping,1,0.3,-150.0,0.0,0.45612773087324826,150,0.02443947270512581,0.6145933270454407,0.0,1.0,,1322,v3,B3,sac_her_pickandplace_randomized_2M
sac_her_recovery_v3,action_clipping,1,0.3,-150.0,0.0,0.16235592931038978,150,0.22099913656711578,0.6602097749710083,0.0,1.0,,1323,v3,B3,sac_her_pickandplace_randomized_2M
sac_her_recovery_v3,action_clipping,1,0.3,-147.0,0.0,0.11049986826023803,150,0.4342491626739502,0.6258664727210999,0.0,1.0,75.0,1324,v3,B3,sac_her_pickandplace_randomized_2M
sac_her_recovery_v3,action_clipping,1,0.3,-150.0,0.0,0.4533811987190141,150,0.03695787489414215,0.5642098188400269,0.0,1.0,,1325,v3,B3,sac_her_pickandplace_randomized_2M
sac_her_recovery_v3,action_clipping,1,0.3,-150.0,0.0,0.3227130596495864,150,0.04878658056259155,0.5519733428955078,0.0,1.0,,1326,v3,B3,sac_her_pickandplace_randomized_2M
sac_her_recovery_v3,action_clipping,1,0.3,-113.0,1.0,0.019061056647727267,150,0.30303817987442017,0.6041345000267029,0.0,1.0,110.0,1327,v3,B3,sac_her_pickandplace_randomized_2M
sac_her_recovery_v3,action_clipping,1,0.3,-150.0,0.0,0.3195959526341559,150,0.06211476773023605,0.5806401371955872,0.0,1.0,,1328,v3,B3,sac_her_pickandplace_randomized_2M
sac_her_recovery_v3,action_clipping,1,0.3,-150.0,0.0,0.17850534100260537,150,0.6428470611572266,0.5791951417922974,0.0,1.0,,1329,v3,B3,sac_her_pickandplace_randomized_2M
sac_her_recovery_v3,action_clipping,1,0.3,-41.0,1.0,0.01864565312392253,150,0.12400910258293152,0.38654518127441406,0.0,1.0,41.0,1330,v3,B3,sac_her_pickandplace_randomized_2M
sac_her_recovery_v3,action_clipping,1,0.3,-150.0,0.0,0.4049831421768676,150,0.04955427721142769,0.5214213132858276,0.0,1.0,,1331,v3,B3,sac_her_pickandplace_randomized_2M
sac_her_recovery_v3,action_clipping,1,0.3,-150.0,0.0,0.49186748817821174,150,0.026326507329940796,0.6163016557693481,0.0,1.0,,1332,v3,B3,sac_her_pickandplace_randomized_2M
sac_her_recovery_v3,action_clipping,1,0.3,-48.0,1.0,0.02092906240495937,150,0.31539416313171387,0.5593998432159424,0.0,1.0,47.0,1333,v3,B3,sac_her_pickandplace_randomized_2M
sac_her_recovery_v3,action_clipping,1,0.3,-71.0,1.0,0.014234100746885569,150,0.4389492869377136,0.580089807510376,0.0,1.0,71.0,1334,v3,B3,sac_her_pickandplace_randomized_2M
sac_her_recovery_v3,action_clipping,1,0.3,-150.0,0.0,0.21769527211149578,150,0.055254820734262466,0.5884619355201721,0.0,1.0,,1335,v3,B3,sac_her_pickandplace_randomized_2M
sac_her_recovery_v3,action_clipping,1,0.3,-95.0,1.0,0.025108390055131324,150,0.16186989843845367,0.5633872747421265,0.0,1.0,95.0,1336,v3,B3,sac_her_pickandplace_randomized_2M
sac_her_recovery_v3,action_clipping,1,0.3,-150.0,0.0,0.33002427201774126,150,0.024620061740279198,0.5278920531272888,0.0,1.0,,1337,v3,B3,sac_her_pickandplace_randomized_2M
sac_her_recovery_v3,action_clipping,1,0.3,-150.0,0.0,0.42064412920221217,150,0.04043489322066307,0.5806128978729248,0.0,1.0,,1338,v3,B3,sac_her_pickandplace_randomized_2M
sac_her_recovery_v3,action_clipping,1,0.3,-150.0,0.0,0.31168473289818416,150,0.03160832077264786,0.5499301552772522,0.0,1.0,,1339,v3,B3,sac_her_pickandplace_randomized_2M
sac_her_recovery_v3,action_clipping,1,0.3,-77.0,1.0,0.01144257715535566,150,0.145133376121521,0.6082969307899475,0.0,1.0,77.0,1340,v3,B3,sac_her_pickandplace_randomized_2M
sac_her_recovery_v3,action_clipping,1,0.3,-150.0,0.0,0.13468819514493977,150,0.4586598575115204,0.42861998081207275,0.0,1.0,,1341,v3,B3,sac_her_pickandplace_randomized_2M
sac_her_recovery_v3,action_clipping,1,0.3,-57.0,1.0,0.00834105401207129,150,0.5800912380218506,0.5684525966644287,0.0,1.0,57.0,1342,v3,B3,sac_her_pickandplace_randomized_2M
sac_her_recovery_v3,action_clipping,1,0.3,-51.0,1.0,0.0014342754013538775,150,0.13066314160823822,0.5762403607368469,0.0,1.0,51.0,1343,v3,B3,sac_her_pickandplace_randomized_2M
sac_her_recovery_v3,action_clipping,1,0.3,-8.0,1.0,0.012884954728481996,150,0.0855911448597908,0.41612616181373596,0.0,1.0,8.0,1344,v3,B3,sac_her_pickandplace_randomized_2M
sac_her_recovery_v3,action_clipping,1,0.3,-62.0,1.0,0.03184709919827135,150,0.1601404845714569,0.5125347971916199,0.0,1.0,62.0,1345,v3,B3,sac_her_pickandplace_randomized_2M
sac_her_recovery_v3,action_clipping,1,0.3,-150.0,0.0,0.368293308242639,150,0.03327278047800064,0.5307533144950867,0.0,1.0,,1346,v3,B3,sac_her_pickandplace_randomized_2M
sac_her_recovery_v3,action_clipping,1,0.3,-97.0,0.0,0.350125183763059,150,0.30934375524520874,0.5979819893836975,0.0,1.0,82.0,1347,v3,B3,sac_her_pickandplace_randomized_2M
sac_her_recovery_v3,action_clipping,1,0.3,-150.0,0.0,0.47198959199322243,150,0.022737683728337288,0.6079449653625488,0.0,1.0,,1348,v3,B3,sac_her_pickandplace_randomized_2M
sac_her_recovery_v3,action_clipping,1,0.3,-150.0,0.0,0.4156038630093016,150,0.024126427248120308,0.5628796219825745,0.0,1.0,,1349,v3,B3,sac_her_pickandplace_randomized_2M
sac_her,action_delay,1,0.0,-150.0,0.0,0.051710783938839176,150,0.7805217504501343,1.2865344285964966,0.0,0.0,,1350,none,B1,sac_her_pickandplace_randomized_2M
sac_her,action_delay,1,0.0,-45.0,1.0,0.033005420717798925,150,0.6080608367919922,1.4645575284957886,0.0,0.0,20.0,1351,none,B1,sac_her_pickandplace_randomized_2M
sac_her,action_delay,1,0.0,-150.0,0.0,0.45612773087324826,150,0.0235733725130558,1.4589412212371826,0.0,0.0,,1352,none,B1,sac_her_pickandplace_randomized_2M
sac_her,action_delay,1,0.0,-150.0,0.0,0.5068731927028637,150,0.25435590744018555,1.3770172595977783,0.0,0.0,,1353,none,B1,sac_her_pickandplace_randomized_2M
sac_her,action_delay,1,0.0,-68.0,1.0,0.0059240065983516416,150,0.7208644151687622,1.393181562423706,0.0,0.0,19.0,1354,none,B1,sac_her_pickandplace_randomized_2M
sac_her,action_delay,1,0.0,-150.0,0.0,0.4533811987190141,150,0.04252547770738602,1.1797009706497192,0.0,0.0,,1355,none,B1,sac_her_pickandplace_randomized_2M
sac_her,action_delay,1,0.0,-150.0,0.0,0.3227130596495864,150,0.05094942823052406,1.2690755128860474,0.0,0.0,,1356,none,B1,sac_her_pickandplace_randomized_2M
sac_her,action_delay,1,0.0,-150.0,0.0,0.3293737322304394,150,0.27051374316215515,1.3998162746429443,0.0,0.0,,1357,none,B1,sac_her_pickandplace_randomized_2M
sac_her,action_delay,1,0.0,-150.0,0.0,0.3195959526341559,150,0.06468721479177475,1.5301766395568848,0.0,0.0,,1358,none,B1,sac_her_pickandplace_randomized_2M
sac_her,action_delay,1,0.0,-150.0,0.0,0.5431019711866405,150,0.3278307616710663,1.6799362897872925,0.0,0.0,,1359,none,B1,sac_her_pickandplace_randomized_2M
sac_her,action_delay,1,0.0,-20.0,1.0,0.015486670064600425,150,0.8019197583198547,1.0560142993927002,0.0,0.0,10.0,1360,none,B1,sac_her_pickandplace_randomized_2M
sac_her,action_delay,1,0.0,-150.0,0.0,0.4018677051907181,150,0.014183512888848782,0.605512261390686,0.0,0.0,,1361,none,B1,sac_her_pickandplace_randomized_2M
sac_her,action_delay,1,0.0,-150.0,0.0,0.49186748817821174,150,0.02408696338534355,1.6144065856933594,0.0,0.0,,1362,none,B1,sac_her_pickandplace_randomized_2M
sac_her,action_delay,1,0.0,-48.0,1.0,0.009558283068655657,150,0.5378431081771851,1.2720391750335693,0.0,0.0,22.0,1363,none,B1,sac_her_pickandplace_randomized_2M
sac_her,action_delay,1,0.0,-46.0,1.0,0.013720902690243232,150,0.516498863697052,1.2661635875701904,0.0,0.0,46.0,1364,none,B1,sac_her_pickandplace_randomized_2M
sac_her,action_delay,1,0.0,-150.0,0.0,0.06968803056714921,150,1.0929782390594482,1.4121067523956299,0.0,0.0,,1365,none,B1,sac_her_pickandplace_randomized_2M
sac_her,action_delay,1,0.0,-28.0,1.0,0.021072553675654557,150,0.32348382472991943,0.9348849654197693,0.0,0.0,27.0,1366,none,B1,sac_her_pickandplace_randomized_2M
sac_her,action_delay,1,0.0,-150.0,0.0,0.33002427201774126,150,0.02692001685500145,0.5617572069168091,0.0,0.0,,1367,none,B1,sac_her_pickandplace_randomized_2M
sac_her,action_delay,1,0.0,-150.0,0.0,0.4205672937313707,150,0.05857310816645622,1.386007308959961,0.0,0.0,,1368,none,B1,sac_her_pickandplace_randomized_2M
sac_her,action_delay,1,0.0,-150.0,0.0,0.2827970650890531,150,0.0630514919757843,1.1608887910842896,0.0,0.0,,1369,none,B1,sac_her_pickandplace_randomized_2M
sac_her,action_delay,1,0.0,-150.0,0.0,0.6630134186893865,150,0.26579004526138306,1.5279396772384644,0.0,0.0,,1370,none,B1,sac_her_pickandplace_randomized_2M
sac_her,action_delay,1,0.0,-150.0,0.0,0.13468819514493977,150,0.3258216381072998,0.5962561368942261,0.0,0.0,,1371,none,B1,sac_her_pickandplace_randomized_2M
sac_her,action_delay,1,0.0,-12.0,1.0,0.013346374690033972,150,0.6969554424285889,0.9427988529205322,0.0,0.0,12.0,1372,none,B1,sac_her_pickandplace_randomized_2M
sac_her,action_delay,1,0.0,-31.0,1.0,0.012020064944669217,150,0.9393909573554993,1.2151199579238892,1.0,0.0,11.0,1373,none,B1,sac_her_pickandplace_randomized_2M
sac_her,action_delay,1,0.0,-5.0,1.0,0.01210855482564311,150,0.7533654570579529,1.4717708826065063,0.0,0.0,5.0,1374,none,B1,sac_her_pickandplace_randomized_2M
sac_her,action_delay,1,0.0,-54.0,1.0,0.014918312285407678,150,0.7429913282394409,1.1633341312408447,0.0,0.0,46.0,1375,none,B1,sac_her_pickandplace_randomized_2M
sac_her,action_delay,1,0.0,-150.0,0.0,0.368293308242639,150,0.01877339743077755,0.5925576686859131,0.0,0.0,,1376,none,B1,sac_her_pickandplace_randomized_2M
sac_her,action_delay,1,0.0,-73.0,1.0,0.006742562636328954,150,0.9023246169090271,1.6054905652999878,0.0,0.0,13.0,1377,none,B1,sac_her_pickandplace_randomized_2M
sac_her,action_delay,1,0.0,-150.0,0.0,0.47198959199322243,150,0.02708553522825241,1.5499241352081299,0.0,0.0,,1378,none,B1,sac_her_pickandplace_randomized_2M
sac_her,action_delay,1,0.0,-150.0,0.0,0.4156038630093016,150,0.04391937702894211,0.9759069681167603,0.0,0.0,,1379,none,B1,sac_her_pickandplace_randomized_2M
sac_her_recovery_v2,action_delay,1,0.0,-42.0,1.0,0.020215454117855136,150,0.491254061460495,1.379715919494629,1.0,1.0,42.0,1380,v2,B2,sac_her_pickandplace_randomized_2M
sac_her_recovery_v2,action_delay,1,0.0,-110.0,0.0,0.08715262425654606,150,1.0464321374893188,1.5196613073349,0.0,1.0,21.0,1381,v2,B2,sac_her_pickandplace_randomized_2M
sac_her_recovery_v2,action_delay,1,0.0,-150.0,0.0,0.45612773087324826,150,0.05562690645456314,1.4572328329086304,0.0,1.0,,1382,v2,B2,sac_her_pickandplace_randomized_2M
sac_her_recovery_v2,action_delay,1,0.0,-53.0,1.0,0.032984113408427926,150,0.879608690738678,1.1749869585037231,1.0,1.0,42.0,1383,v2,B2,sac_her_pickandplace_randomized_2M
sac_her_recovery_v2,action_delay,1,0.0,-150.0,0.0,0.2064843089714502,150,0.8249601721763611,1.5007479190826416,1.0,1.0,,1384,v2,B2,sac_her_pickandplace_randomized_2M
sac_her_recovery_v2,action_delay,1,0.0,-150.0,0.0,0.4533811987190141,150,0.07584429532289505,1.1967130899429321,0.0,1.0,,1385,v2,B2,sac_her_pickandplace_randomized_2M
sac_her_recovery_v2,action_delay,1,0.0,-150.0,0.0,0.3227130596495864,150,0.08314769715070724,1.2692773342132568,0.0,1.0,,1386,v2,B2,sac_her_pickandplace_randomized_2M
sac_her_recovery_v2,action_delay,1,0.0,-150.0,0.0,0.6445866635224003,150,0.25141990184783936,1.4115592241287231,1.0,1.0,,1387,v2,B2,sac_her_pickandplace_randomized_2M
sac_her_recovery_v2,action_delay,1,0.0,-150.0,0.0,0.3195959526341559,150,0.09771917760372162,1.5240341424942017,0.0,1.0,,1388,v2,B2,sac_her_pickandplace_randomized_2M
sac_her_recovery_v2,action_delay,1,0.0,-150.0,0.0,0.5431019711866405,150,0.306999146938324,1.625489592552185,0.0,1.0,,1389,v2,B2,sac_her_pickandplace_randomized_2M
sac_her_recovery_v2,action_delay,1,0.0,-44.0,1.0,0.0070115511492264675,150,0.9597023725509644,1.2171962261199951,0.0,1.0,11.0,1390,v2,B2,sac_her_pickandplace_randomized_2M
sac_her_recovery_v2,action_delay,1,0.0,-150.0,0.0,0.4018677051907181,150,0.0413777157664299,0.688823938369751,0.0,1.0,,1391,v2,B2,sac_her_pickandplace_randomized_2M
sac_her_recovery_v2,action_delay,1,0.0,-150.0,0.0,0.49186748817821174,150,0.05720080807805061,1.6157015562057495,0.0,1.0,,1392,v2,B2,sac_her_pickandplace_randomized_2M
sac_her_recovery_v2,action_delay,1,0.0,-79.0,1.0,0.03283882790816642,150,0.9305899143218994,1.38274085521698,1.0,1.0,41.0,1393,v2,B2,sac_her_pickandplace_randomized_2M
sac_her_recovery_v2,action_delay,1,0.0,-150.0,0.0,0.27668609663510013,150,0.6634334921836853,1.4142885208129883,0.0,1.0,,1394,v2,B2,sac_her_pickandplace_randomized_2M
sac_her_recovery_v2,action_delay,1,0.0,-146.0,0.0,0.3493869643469387,150,0.8960471153259277,1.3596068620681763,1.0,1.0,50.0,1395,v2,B2,sac_her_pickandplace_randomized_2M
sac_her_recovery_v2,action_delay,1,0.0,-127.0,0.0,0.138281659742536,150,0.7300160527229309,1.3464810848236084,1.0,1.0,48.0,1396,v2,B2,sac_her_pickandplace_randomized_2M
sac_her_recovery_v2,action_delay,1,0.0,-150.0,0.0,0.33002427201774126,150,0.03773302957415581,0.5556015968322754,0.0,1.0,,1397,v2,B2,sac_her_pickandplace_randomized_2M
sac_her_recovery_v2,action_delay,1,0.0,-150.0,0.0,0.3951704742165516,150,0.09779056161642075,1.4197235107421875,0.0,1.0,,1398,v2,B2,sac_her_pickandplace_randomized_2M
sac_her_recovery_v2,action_delay,1,0.0,-150.0,0.0,0.2816117232740518,150,0.08653340488672256,1.172163486480713,0.0,1.0,,1399,v2,B2,sac_her_pickandplace_randomized_2M
sac_her_recovery_v2,action_delay,1,0.0,-53.0,1.0,0.016085194174261016,150,0.615247905254364,1.0964943170547485,0.0,1.0,22.0,1400,v2,B2,sac_her_pickandplace_randomized_2M
sac_her_recovery_v2,action_delay,1,0.0,-150.0,0.0,0.13468819514493977,150,0.4104537069797516,0.643181562423706,0.0,1.0,,1401,v2,B2,sac_her_pickandplace_randomized_2M
sac_her_recovery_v2,action_delay,1,0.0,-31.0,1.0,0.010323724343203751,150,0.42066898941993713,1.2381607294082642,0.0,1.0,19.0,1402,v2,B2,sac_her_pickandplace_randomized_2M
sac_her_recovery_v2,action_delay,1,0.0,-149.0,0.0,0.5866914222169142,150,0.653407633304596,1.3905651569366455,1.0,1.0,24.0,1403,v2,B2,sac_her_pickandplace_randomized_2M
sac_her_recovery_v2,action_delay,1,0.0,-5.0,1.0,0.0035050333070909467,150,0.40049248933792114,1.0766704082489014,0.0,1.0,5.0,1404,v2,B2,sac_her_pickandplace_randomized_2M
sac_her_recovery_v2,action_delay,1,0.0,-150.0,0.0,0.23141938293144798,150,0.2962004244327545,1.4344147443771362,0.0,1.0,,1405,v2,B2,sac_her_pickandplace_randomized_2M
sac_her_recovery_v2,action_delay,1,0.0,-150.0,0.0,0.368293308242639,150,0.04744046926498413,0.8481878638267517,0.0,1.0,,1406,v2,B2,sac_her_pickandplace_randomized_2M
sac_her_recovery_v2,action_delay,1,0.0,-122.0,0.0,0.1737152280033543,150,1.0264246463775635,1.4659258127212524,0.0,1.0,63.0,1407,v2,B2,sac_her_pickandplace_randomized_2M
sac_her_recovery_v2,action_delay,1,0.0,-150.0,0.0,0.47198959199322243,150,0.05662039294838905,1.5550377368927002,0.0,1.0,,1408,v2,B2,sac_her_pickandplace_randomized_2M
sac_her_recovery_v2,action_delay,1,0.0,-150.0,0.0,0.4156038630093016,150,0.0630979910492897,0.9821584224700928,0.0,1.0,,1409,v2,B2,sac_her_pickandplace_randomized_2M
sac_her_recovery_v3,action_delay,1,0.0,-101.0,1.0,0.0206042786625629,150,0.4793488085269928,1.3668951988220215,1.0,1.0,101.0,1410,v3,B3,sac_her_pickandplace_randomized_2M
sac_her_recovery_v3,action_delay,1,0.0,-75.0,1.0,0.016936250111704198,150,0.761497437953949,1.420494556427002,0.0,1.0,29.0,1411,v3,B3,sac_her_pickandplace_randomized_2M
sac_her_recovery_v3,action_delay,1,0.0,-150.0,0.0,0.45612773087324826,150,0.05449289828538895,1.4515279531478882,0.0,1.0,,1412,v3,B3,sac_her_pickandplace_randomized_2M
sac_her_recovery_v3,action_delay,1,0.0,-150.0,0.0,0.22000266235884813,150,0.6158064007759094,1.6100077629089355,1.0,1.0,,1413,v3,B3,sac_her_pickandplace_randomized_2M
sac_her_recovery_v3,action_delay,1,0.0,-150.0,0.0,0.2525469650993401,150,0.4386056959629059,1.4280165433883667,1.0,1.0,,1414,v3,B3,sac_her_pickandplace_randomized_2M
sac_her_recovery_v3,action_delay,1,0.0,-150.0,0.0,0.4533811987190141,150,0.08031316101551056,1.2280434370040894,0.0,1.0,,1415,v3,B3,sac_her_pickandplace_randomized_2M
sac_her_recovery_v3,action_delay,1,0.0,-150.0,0.0,0.3227130596495864,150,0.08825565874576569,1.270540714263916,0.0,1.0,,1416,v3,B3,sac_her_pickandplace_randomized_2M
sac_her_recovery_v3,action_delay,1,0.0,-150.0,0.0,0.7213814195374124,150,0.23523177206516266,1.4341191053390503,1.0,1.0,,1417,v3,B3,sac_her_pickandplace_randomized_2M
sac_her_recovery_v3,action_delay,1,0.0,-150.0,0.0,0.3195959526341559,150,0.09713158756494522,1.512656807899475,0.0,1.0,,1418,v3,B3,sac_her_pickandplace_randomized_2M
sac_her_recovery_v3,action_delay,1,0.0,-150.0,0.0,0.5431019711866405,150,0.3079237937927246,1.6130610704421997,0.0,1.0,,1419,v3,B3,sac_her_pickandplace_randomized_2M
sac_her_recovery_v3,action_delay,1,0.0,-12.0,1.0,0.014470241425328578,150,0.11088845878839493,0.8686069846153259,0.0,1.0,12.0,1420,v3,B3,sac_her_pickandplace_randomized_2M
sac_her_recovery_v3,action_delay,1,0.0,-150.0,0.0,0.4018677051907181,150,0.043761152774095535,0.7797388434410095,0.0,1.0,,1421,v3,B3,sac_her_pickandplace_randomized_2M
sac_her_recovery_v3,action_delay,1,0.0,-150.0,0.0,0.49186748817821174,150,0.059497229754924774,1.6169997453689575,0.0,1.0,,1422,v3,B3,sac_her_pickandplace_randomized_2M
sac_her_recovery_v3,action_delay,1,0.0,-74.0,1.0,0.010759010838412766,150,0.3737952411174774,0.9867264032363892,0.0,1.0,74.0,1423,v3,B3,sac_her_pickandplace_randomized_2M
sac_her_recovery_v3,action_delay,1,0.0,-150.0,0.0,0.2026559440575603,150,0.4672947824001312,1.338664174079895,0.0,1.0,,1424,v3,B3,sac_her_pickandplace_randomized_2M
sac_her_recovery_v3,action_delay,1,0.0,-150.0,0.0,0.21769527211149578,150,0.23364293575286865,1.3446356058120728,0.0,1.0,,1425,v3,B3,sac_her_pickandplace_randomized_2M
sac_her_recovery_v3,action_delay,1,0.0,-137.0,0.0,0.19021158000869473,150,0.4160570502281189,1.2130837440490723,1.0,1.0,48.0,1426,v3,B3,sac_her_pickandplace_randomized_2M
sac_her_recovery_v3,action_delay,1,0.0,-150.0,0.0,0.33002427201774126,150,0.04179118573665619,0.6016818284988403,0.0,1.0,,1427,v3,B3,sac_her_pickandplace_randomized_2M
sac_her_recovery_v3,action_delay,1,0.0,-150.0,0.0,0.39048386856087286,150,0.0974968671798706,1.4234890937805176,0.0,1.0,,1428,v3,B3,sac_her_pickandplace_randomized_2M
sac_her_recovery_v3,action_delay,1,0.0,-150.0,0.0,0.28113087115009006,150,0.08673189580440521,1.188893437385559,0.0,1.0,,1429,v3,B3,sac_her_pickandplace_randomized_2M
sac_her_recovery_v3,action_delay,1,0.0,-51.0,1.0,0.012961140813053506,150,0.44607043266296387,1.0631746053695679,0.0,1.0,34.0,1430,v3,B3,sac_her_pickandplace_randomized_2M
sac_her_recovery_v3,action_delay,1,0.0,-150.0,0.0,0.13468819514493977,150,0.3065475821495056,0.5904914140701294,0.0,1.0,,1431,v3,B3,sac_her_pickandplace_randomized_2M
sac_her_recovery_v3,action_delay,1,0.0,-96.0,1.0,0.013417715747356113,150,0.7602195143699646,1.16545832157135,0.0,1.0,63.0,1432,v3,B3,sac_her_pickandplace_randomized_2M
sac_her_recovery_v3,action_delay,1,0.0,-148.0,0.0,0.10255252551054786,150,0.2968651354312897,0.8301982879638672,0.0,1.0,43.0,1433,v3,B3,sac_her_pickandplace_randomized_2M
sac_her_recovery_v3,action_delay,1,0.0,-5.0,1.0,0.04400242185051968,150,0.8270741105079651,1.4350337982177734,0.0,1.0,5.0,1434,v3,B3,sac_her_pickandplace_randomized_2M
sac_her_recovery_v3,action_delay,1,0.0,-150.0,0.0,0.11793576375357807,150,0.573371410369873,1.2623047828674316,1.0,1.0,,1435,v3,B3,sac_her_pickandplace_randomized_2M
sac_her_recovery_v3,action_delay,1,0.0,-150.0,0.0,0.368293308242639,150,0.05250629782676697,0.9373152852058411,0.0,1.0,,1436,v3,B3,sac_her_pickandplace_randomized_2M
sac_her_recovery_v3,action_delay,1,0.0,-146.0,0.0,0.31147296571652877,150,0.6735394597053528,1.3135452270507812,1.0,1.0,36.0,1437,v3,B3,sac_her_pickandplace_randomized_2M
sac_her_recovery_v3,action_delay,1,0.0,-150.0,0.0,0.47198959199322243,150,0.05529291555285454,1.561798095703125,0.0,1.0,,1438,v3,B3,sac_her_pickandplace_randomized_2M
sac_her_recovery_v3,action_delay,1,0.0,-150.0,0.0,0.4156038630093016,150,0.06363287568092346,1.0000762939453125,0.0,1.0,,1439,v3,B3,sac_her_pickandplace_randomized_2M
sac_her,action_reversal,1,0.0,-150.0,0.0,0.23329142221063473,150,0.10556582361459732,1.3037140369415283,0.0,0.0,,1440,none,B1,sac_her_pickandplace_randomized_2M
sac_her,action_reversal,1,0.0,-150.0,0.0,0.08429521114714446,150,0.0369279608130455,1.3948090076446533,0.0,0.0,,1441,none,B1,sac_her_pickandplace_randomized_2M
sac_her,action_reversal,1,0.0,-150.0,0.0,0.45612773087324826,150,0.032055869698524475,1.233000636100769,0.0,0.0,,1442,none,B1,sac_her_pickandplace_randomized_2M
sac_her,action_reversal,1,0.0,-150.0,0.0,0.3042911997167348,150,0.06478623300790787,1.469072937965393,0.0,0.0,,1443,none,B1,sac_her_pickandplace_randomized_2M
sac_her,action_reversal,1,0.0,-150.0,0.0,0.2525469650993401,150,0.06213078647851944,1.415130615234375,0.0,0.0,,1444,none,B1,sac_her_pickandplace_randomized_2M
sac_her,action_reversal,1,0.0,-150.0,0.0,0.4533811987190141,150,0.03556579723954201,1.3269710540771484,0.0,0.0,,1445,none,B1,sac_her_pickandplace_randomized_2M
sac_her,action_reversal,1,0.0,-150.0,0.0,0.3227130596495864,150,0.015735121443867683,1.2257111072540283,0.0,0.0,,1446,none,B1,sac_her_pickandplace_randomized_2M
sac_her,action_reversal,1,0.0,-150.0,0.0,0.27484987058440674,150,0.06361682713031769,1.5422518253326416,0.0,0.0,,1447,none,B1,sac_her_pickandplace_randomized_2M
sac_her,action_reversal,1,0.0,-150.0,0.0,0.3195959526341559,150,0.009969684295356274,0.9950758814811707,0.0,0.0,,1448,none,B1,sac_her_pickandplace_randomized_2M
sac_her,action_reversal,1,0.0,-150.0,0.0,0.17850534100260537,150,0.08938950300216675,1.323083519935608,0.0,0.0,,1449,none,B1,sac_her_pickandplace_randomized_2M
sac_her,action_reversal,1,0.0,-150.0,0.0,0.06546259809637854,150,0.06009461730718613,1.0689008235931396,0.0,0.0,,1450,none,B1,sac_her_pickandplace_randomized_2M
sac_her,action_reversal,1,0.0,-150.0,0.0,0.4018677051907181,150,0.005586152896285057,0.2409042865037918,0.0,0.0,,1451,none,B1,sac_her_pickandplace_randomized_2M
sac_her,action_reversal,1,0.0,-150.0,0.0,0.49186748817821174,150,0.026955144479870796,1.4237233400344849,0.0,0.0,,1452,none,B1,sac_her_pickandplace_randomized_2M
sac_her,action_reversal,1,0.0,-150.0,0.0,0.13967181980427637,150,0.05280555412173271,1.5688526630401611,0.0,0.0,,1453,none,B1,sac_her_pickandplace_randomized_2M
sac_her,action_reversal,1,0.0,-150.0,0.0,0.19033430936549645,150,0.02196873538196087,1.6034903526306152,0.0,0.0,,1454,none,B1,sac_her_pickandplace_randomized_2M
sac_her,action_reversal,1,0.0,-150.0,0.0,0.21769527211149578,150,0.07135259360074997,1.1170719861984253,0.0,0.0,,1455,none,B1,sac_her_pickandplace_randomized_2M
sac_her,action_reversal,1,0.0,-150.0,0.0,0.23648500022221447,150,0.27508416771888733,1.268690586090088,0.0,0.0,,1456,none,B1,sac_her_pickandplace_randomized_2M
sac_her,action_reversal,1,0.0,-150.0,0.0,0.33002427201774126,150,0.022630926221609116,0.8086290955543518,0.0,0.0,,1457,none,B1,sac_her_pickandplace_randomized_2M
sac_her,action_reversal,1,0.0,-150.0,0.0,0.42064412920221217,150,0.03525250777602196,1.2571417093276978,0.0,0.0,,1458,none,B1,sac_her_pickandplace_randomized_2M
sac_her,action_reversal,1,0.0,-150.0,0.0,0.31168473289818416,150,0.03536560758948326,1.2648624181747437,0.0,0.0,,1459,none,B1,sac_her_pickandplace_randomized_2M
sac_her,action_reversal,1,0.0,-150.0,0.0,0.2544801351742931,150,0.022523680701851845,1.6843255758285522,0.0,0.0,,1460,none,B1,sac_her_pickandplace_randomized_2M
sac_her,action_reversal,1,0.0,-150.0,0.0,0.13468819514493977,150,0.06603915989398956,1.2696309089660645,0.0,0.0,,1461,none,B1,sac_her_pickandplace_randomized_2M
sac_her,action_reversal,1,0.0,-150.0,0.0,0.13471008721429673,150,0.05881218612194061,1.6178454160690308,0.0,0.0,,1462,none,B1,sac_her_pickandplace_randomized_2M
sac_her,action_reversal,1,0.0,-150.0,0.0,0.1440250317394531,150,0.05273842811584473,1.7078770399093628,0.0,0.0,,1463,none,B1,sac_her_pickandplace_randomized_2M
sac_her,action_reversal,1,0.0,-150.0,0.0,0.056318343114646306,150,0.29280710220336914,0.6707228422164917,0.0,0.0,,1464,none,B1,sac_her_pickandplace_randomized_2M
sac_her,action_reversal,1,0.0,-150.0,0.0,0.16748649362533297,150,0.06955762207508087,1.4253952503204346,0.0,0.0,,1465,none,B1,sac_her_pickandplace_randomized_2M
sac_her,action_reversal,1,0.0,-150.0,0.0,0.368293308242639,150,0.05201883614063263,0.9725130200386047,0.0,0.0,,1466,none,B1,sac_her_pickandplace_randomized_2M
sac_her,action_reversal,1,0.0,-150.0,0.0,0.221817399080589,150,0.0393221341073513,1.411842703819275,0.0,0.0,,1467,none,B1,sac_her_pickandplace_randomized_2M
sac_her,action_reversal,1,0.0,-150.0,0.0,0.47198959199322243,150,0.019671767950057983,1.2831305265426636,0.0,0.0,,1468,none,B1,sac_her_pickandplace_randomized_2M
sac_her,action_reversal,1,0.0,-150.0,0.0,0.4156038630093016,150,0.037153519690036774,1.254345417022705,0.0,0.0,,1469,none,B1,sac_her_pickandplace_randomized_2M
sac_her_recovery_v2,action_reversal,1,0.0,-150.0,0.0,0.23329142221063473,150,0.08993078768253326,1.3634462356567383,0.0,1.0,,1470,v2,B2,sac_her_pickandplace_randomized_2M
sac_her_recovery_v2,action_reversal,1,0.0,-150.0,0.0,0.08429521114714446,150,0.06149789318442345,1.3198633193969727,0.0,1.0,,1471,v2,B2,sac_her_pickandplace_randomized_2M
sac_her_recovery_v2,action_reversal,1,0.0,-150.0,0.0,0.45612773087324826,150,0.06418991088867188,1.2344225645065308,0.0,1.0,,1472,v2,B2,sac_her_pickandplace_randomized_2M
sac_her_recovery_v2,action_reversal,1,0.0,-150.0,0.0,0.3042911997167348,150,0.27719107270240784,1.4821608066558838,0.0,1.0,,1473,v2,B2,sac_her_pickandplace_randomized_2M
sac_her_recovery_v2,action_reversal,1,0.0,-150.0,0.0,0.2525469650993401,150,0.07771781831979752,1.373201608657837,0.0,1.0,,1474,v2,B2,sac_her_pickandplace_randomized_2M
sac_her_recovery_v2,action_reversal,1,0.0,-150.0,0.0,0.4533811987190141,150,0.06848818063735962,1.3376530408859253,0.0,1.0,,1475,v2,B2,sac_her_pickandplace_randomized_2M
sac_her_recovery_v2,action_reversal,1,0.0,-150.0,0.0,0.3227130596495864,150,0.04392751678824425,1.2224534749984741,0.0,1.0,,1476,v2,B2,sac_her_pickandplace_randomized_2M
sac_her_recovery_v2,action_reversal,1,0.0,-150.0,0.0,0.27484987058440674,150,0.12744353711605072,1.417209267616272,0.0,1.0,,1477,v2,B2,sac_her_pickandplace_randomized_2M
sac_her_recovery_v2,action_reversal,1,0.0,-150.0,0.0,0.3195959526341559,150,0.04441799223423004,0.9692410230636597,0.0,1.0,,1478,v2,B2,sac_her_pickandplace_randomized_2M
sac_her_recovery_v2,action_reversal,1,0.0,-150.0,0.0,0.17850534100260537,150,0.11162007600069046,1.3132840394973755,0.0,1.0,,1479,v2,B2,sac_her_pickandplace_randomized_2M
sac_her_recovery_v2,action_reversal,1,0.0,-150.0,0.0,0.06546259809637854,150,0.07981696724891663,1.057364583015442,0.0,1.0,,1480,v2,B2,sac_her_pickandplace_randomized_2M
sac_her_recovery_v2,action_reversal,1,0.0,-150.0,0.0,0.4018677051907181,150,0.02530519850552082,0.2445308417081833,0.0,1.0,,1481,v2,B2,sac_her_pickandplace_randomized_2M
sac_her_recovery_v2,action_reversal,1,0.0,-150.0,0.0,0.49186748817821174,150,0.06288255006074905,1.429650902748108,0.0,1.0,,1482,v2,B2,sac_her_pickandplace_randomized_2M
sac_her_recovery_v2,action_reversal,1,0.0,-150.0,0.0,0.13967181980427637,150,0.08435901254415512,1.5540785789489746,0.0,1.0,,1483,v2,B2,sac_her_pickandplace_randomized_2M
sac_her_recovery_v2,action_reversal,1,0.0,-150.0,0.0,0.19033430936549645,150,0.03799758478999138,1.5179054737091064,0.0,1.0,,1484,v2,B2,sac_her_pickandplace_randomized_2M
sac_her_recovery_v2,action_reversal,1,0.0,-150.0,0.0,0.21769527211149578,150,0.08881177008152008,1.1135398149490356,0.0,1.0,,1485,v2,B2,sac_her_pickandplace_randomized_2M
sac_her_recovery_v2,action_reversal,1,0.0,-150.0,0.0,0.23648500022221447,150,0.3101314604282379,1.2703814506530762,0.0,1.0,,1486,v2,B2,sac_her_pickandplace_randomized_2M
sac_her_recovery_v2,action_reversal,1,0.0,-150.0,0.0,0.33002427201774126,150,0.047261886298656464,0.8140438795089722,0.0,1.0,,1487,v2,B2,sac_her_pickandplace_randomized_2M
sac_her_recovery_v2,action_reversal,1,0.0,-150.0,0.0,0.42064412920221217,150,0.04863438382744789,1.273857831954956,0.0,1.0,,1488,v2,B2,sac_her_pickandplace_randomized_2M
sac_her_recovery_v2,action_reversal,1,0.0,-150.0,0.0,0.31168473289818416,150,0.05774035304784775,1.2784053087234497,0.0,1.0,,1489,v2,B2,sac_her_pickandplace_randomized_2M
sac_her_recovery_v2,action_reversal,1,0.0,-150.0,0.0,0.2544801351742931,150,0.038306064903736115,1.6138136386871338,0.0,1.0,,1490,v2,B2,sac_her_pickandplace_randomized_2M
sac_her_recovery_v2,action_reversal,1,0.0,-150.0,0.0,0.13468819514493977,150,0.09537262469530106,1.2612384557724,0.0,1.0,,1491,v2,B2,sac_her_pickandplace_randomized_2M
sac_her_recovery_v2,action_reversal,1,0.0,-150.0,0.0,0.13471008721429673,150,0.07116628438234329,1.6141334772109985,0.0,1.0,,1492,v2,B2,sac_her_pickandplace_randomized_2M
sac_her_recovery_v2,action_reversal,1,0.0,-150.0,0.0,0.1440250317394531,150,0.21475829184055328,1.2131954431533813,0.0,1.0,,1493,v2,B2,sac_her_pickandplace_randomized_2M
sac_her_recovery_v2,action_reversal,1,0.0,-150.0,0.0,0.056318343114646306,150,0.30579155683517456,0.6714391112327576,0.0,1.0,,1494,v2,B2,sac_her_pickandplace_randomized_2M
sac_her_recovery_v2,action_reversal,1,0.0,-150.0,0.0,0.16748649362533297,150,0.06236783042550087,1.371147871017456,0.0,1.0,,1495,v2,B2,sac_her_pickandplace_randomized_2M
sac_her_recovery_v2,action_reversal,1,0.0,-150.0,0.0,0.368293308242639,150,0.07639864087104797,0.9738202095031738,0.0,1.0,,1496,v2,B2,sac_her_pickandplace_randomized_2M
sac_her_recovery_v2,action_reversal,1,0.0,-150.0,0.0,0.221817399080589,150,0.07270733267068863,1.3568304777145386,0.0,1.0,,1497,v2,B2,sac_her_pickandplace_randomized_2M
sac_her_recovery_v2,action_reversal,1,0.0,-150.0,0.0,0.47198959199322243,150,0.04575614631175995,1.279537558555603,0.0,1.0,,1498,v2,B2,sac_her_pickandplace_randomized_2M
sac_her_recovery_v2,action_reversal,1,0.0,-150.0,0.0,0.4156038630093016,150,0.07045646756887436,1.2528815269470215,0.0,1.0,,1499,v2,B2,sac_her_pickandplace_randomized_2M
sac_her_recovery_v3,action_reversal,1,0.0,-150.0,0.0,0.23329142221063473,150,0.06607194244861603,1.3562679290771484,0.0,1.0,,1500,v3,B3,sac_her_pickandplace_randomized_2M
sac_her_recovery_v3,action_reversal,1,0.0,-150.0,0.0,0.08429521114714446,150,0.05860969424247742,1.3133078813552856,0.0,1.0,,1501,v3,B3,sac_her_pickandplace_randomized_2M
sac_her_recovery_v3,action_reversal,1,0.0,-150.0,0.0,0.45612773087324826,150,0.05849184840917587,1.2377225160598755,0.0,1.0,,1502,v3,B3,sac_her_pickandplace_randomized_2M
sac_her_recovery_v3,action_reversal,1,0.0,-150.0,0.0,0.3042911997167348,150,0.0880073830485344,1.3932751417160034,0.0,1.0,,1503,v3,B3,sac_her_pickandplace_randomized_2M
sac_her_recovery_v3,action_reversal,1,0.0,-150.0,0.0,0.2525469650993401,150,0.05796843394637108,1.3608790636062622,0.0,1.0,,1504,v3,B3,sac_her_pickandplace_randomized_2M
sac_her_recovery_v3,action_reversal,1,0.0,-150.0,0.0,0.4533811987190141,150,0.06507685780525208,1.3451743125915527,0.0,1.0,,1505,v3,B3,sac_her_pickandplace_randomized_2M
sac_her_recovery_v3,action_reversal,1,0.0,-150.0,0.0,0.3227130596495864,150,0.04844354838132858,1.2168389558792114,0.0,1.0,,1506,v3,B3,sac_her_pickandplace_randomized_2M
sac_her_recovery_v3,action_reversal,1,0.0,-150.0,0.0,0.27484987058440674,150,0.08938853442668915,1.4038318395614624,0.0,1.0,,1507,v3,B3,sac_her_pickandplace_randomized_2M
sac_her_recovery_v3,action_reversal,1,0.0,-150.0,0.0,0.3195959526341559,150,0.046602215617895126,0.9314101934432983,0.0,1.0,,1508,v3,B3,sac_her_pickandplace_randomized_2M
sac_her_recovery_v3,action_reversal,1,0.0,-150.0,0.0,0.17850534100260537,150,0.11394429206848145,1.2998327016830444,0.0,1.0,,1509,v3,B3,sac_her_pickandplace_randomized_2M
sac_her_recovery_v3,action_reversal,1,0.0,-150.0,0.0,0.06546259809637854,150,0.07997671514749527,1.0229389667510986,0.0,1.0,,1510,v3,B3,sac_her_pickandplace_randomized_2M
sac_her_recovery_v3,action_reversal,1,0.0,-150.0,0.0,0.4018677051907181,150,0.029026707634329796,0.2633022964000702,0.0,1.0,,1511,v3,B3,sac_her_pickandplace_randomized_2M
sac_her_recovery_v3,action_reversal,1,0.0,-150.0,0.0,0.49186748817821174,150,0.0584254115819931,1.435971736907959,0.0,1.0,,1512,v3,B3,sac_her_pickandplace_randomized_2M
sac_her_recovery_v3,action_reversal,1,0.0,-150.0,0.0,0.13967181980427637,150,0.048560090363025665,1.5055277347564697,0.0,1.0,,1513,v3,B3,sac_her_pickandplace_randomized_2M
sac_her_recovery_v3,action_reversal,1,0.0,-150.0,0.0,0.19033430936549645,150,0.06456951051950455,1.4269765615463257,0.0,1.0,,1514,v3,B3,sac_her_pickandplace_randomized_2M
sac_her_recovery_v3,action_reversal,1,0.0,-150.0,0.0,0.21769527211149578,150,0.0893651694059372,1.1110197305679321,0.0,1.0,,1515,v3,B3,sac_her_pickandplace_randomized_2M
sac_her_recovery_v3,action_reversal,1,0.0,-150.0,0.0,0.23648500022221447,150,0.30008170008659363,1.2438942193984985,0.0,1.0,,1516,v3,B3,sac_her_pickandplace_randomized_2M
sac_her_recovery_v3,action_reversal,1,0.0,-150.0,0.0,0.33002427201774126,150,0.04821554198861122,0.8194645643234253,0.0,1.0,,1517,v3,B3,sac_her_pickandplace_randomized_2M
sac_her_recovery_v3,action_reversal,1,0.0,-150.0,0.0,0.42064412920221217,150,0.04556795954704285,1.2896000146865845,0.0,1.0,,1518,v3,B3,sac_her_pickandplace_randomized_2M
sac_her_recovery_v3,action_reversal,1,0.0,-150.0,0.0,0.31168473289818416,150,0.052887532860040665,1.3010722398757935,0.0,1.0,,1519,v3,B3,sac_her_pickandplace_randomized_2M
sac_her_recovery_v3,action_reversal,1,0.0,-150.0,0.0,0.2544801351742931,150,0.038306064903736115,1.6138136386871338,0.0,1.0,,1520,v3,B3,sac_her_pickandplace_randomized_2M
sac_her_recovery_v3,action_reversal,1,0.0,-150.0,0.0,0.13468819514493977,150,0.10806813091039658,1.2426546812057495,0.0,1.0,,1521,v3,B3,sac_her_pickandplace_randomized_2M
sac_her_recovery_v3,action_reversal,1,0.0,-150.0,0.0,0.13471008721429673,150,0.07065095752477646,1.5799428224563599,0.0,1.0,,1522,v3,B3,sac_her_pickandplace_randomized_2M
sac_her_recovery_v3,action_reversal,1,0.0,-150.0,0.0,0.1440250317394531,150,0.173361137509346,1.187862515449524,0.0,1.0,,1523,v3,B3,sac_her_pickandplace_randomized_2M
sac_her_recovery_v3,action_reversal,1,0.0,-150.0,0.0,0.056318343114646306,150,0.07476257532835007,1.2755295038223267,0.0,1.0,,1524,v3,B3,sac_her_pickandplace_randomized_2M
sac_her_recovery_v3,action_reversal,1,0.0,-150.0,0.0,0.16748649362533297,150,0.06721089780330658,1.365052342414856,0.0,1.0,,1525,v3,B3,sac_her_pickandplace_randomized_2M
sac_her_recovery_v3,action_reversal,1,0.0,-150.0,0.0,0.368293308242639,150,0.07891984283924103,0.9719640016555786,0.0,1.0,,1526,v3,B3,sac_her_pickandplace_randomized_2M
sac_her_recovery_v3,action_reversal,1,0.0,-150.0,0.0,0.221817399080589,150,0.19093258678913116,1.404296875,0.0,1.0,,1527,v3,B3,sac_her_pickandplace_randomized_2M
sac_her_recovery_v3,action_reversal,1,0.0,-150.0,0.0,0.47198959199322243,150,0.049131132662296295,1.274983286857605,0.0,1.0,,1528,v3,B3,sac_her_pickandplace_randomized_2M
sac_her_recovery_v3,action_reversal,1,0.0,-150.0,0.0,0.4156038630093016,150,0.06772512942552567,1.2471600770950317,0.0,1.0,,1529,v3,B3,sac_her_pickandplace_randomized_2M
sac_her,goal_spoof_immediate,1,0.1,-150.0,0.0,0.052485974104641356,150,2.1782193183898926,1.2956206798553467,0.0,0.0,,1530,none,B1,sac_her_pickandplace_randomized_2M
sac_her,goal_spoof_immediate,1,0.1,-149.0,0.0,0.05956167704611686,150,1.2457032203674316,1.0359525680541992,0.0,0.0,8.0,1531,none,B1,sac_her_pickandplace_randomized_2M
sac_her,goal_spoof_immediate,1,0.1,-150.0,0.0,0.45612773087324826,150,0.011557003483176231,1.6246545314788818,0.0,0.0,,1532,none,B1,sac_her_pickandplace_randomized_2M
sac_her,goal_spoof_immediate,1,0.1,-150.0,0.0,0.08738663890499368,150,0.2095351219177246,1.1406002044677734,0.0,0.0,,1533,none,B1,sac_her_pickandplace_randomized_2M
sac_her,goal_spoof_immediate,1,0.1,-150.0,0.0,0.06713430151878352,150,0.4241332411766052,1.5665640830993652,1.0,0.0,,1534,none,B1,sac_her_pickandplace_randomized_2M
sac_her,goal_spoof_immediate,1,0.1,-150.0,0.0,0.4533811987190141,150,0.026308050379157066,1.1530643701553345,0.0,0.0,,1535,none,B1,sac_her_pickandplace_randomized_2M
sac_her,goal_spoof_immediate,1,0.1,-150.0,0.0,0.3227130596495864,150,0.030589887872338295,1.123655080795288,0.0,0.0,,1536,none,B1,sac_her_pickandplace_randomized_2M
sac_her,goal_spoof_immediate,1,0.1,-76.0,1.0,0.03772157879364152,150,1.2394319772720337,1.3094338178634644,1.0,0.0,75.0,1537,none,B1,sac_her_pickandplace_randomized_2M
sac_her,goal_spoof_immediate,1,0.1,-150.0,0.0,0.3195959526341559,150,0.058107636868953705,1.4381086826324463,0.0,0.0,,1538,none,B1,sac_her_pickandplace_randomized_2M
sac_her,goal_spoof_immediate,1,0.1,-150.0,0.0,0.17850534100260537,150,0.026503747329115868,1.4081945419311523,0.0,0.0,,1539,none,B1,sac_her_pickandplace_randomized_2M
sac_her,goal_spoof_immediate,1,0.1,-147.0,0.0,0.07783853658744251,150,0.11805782467126846,1.39572274684906,0.0,0.0,7.0,1540,none,B1,sac_her_pickandplace_randomized_2M
sac_her,goal_spoof_immediate,1,0.1,-150.0,0.0,0.4018677051907181,150,0.03498316928744316,1.336646556854248,0.0,0.0,,1541,none,B1,sac_her_pickandplace_randomized_2M
sac_her,goal_spoof_immediate,1,0.1,-150.0,0.0,0.49186748817821174,150,0.01966780051589012,1.5834755897521973,0.0,0.0,,1542,none,B1,sac_her_pickandplace_randomized_2M
sac_her,goal_spoof_immediate,1,0.1,-143.0,0.0,0.08554705730474799,150,1.4302480220794678,1.1303308010101318,1.0,0.0,26.0,1543,none,B1,sac_her_pickandplace_randomized_2M
sac_her,goal_spoof_immediate,1,0.1,-9.0,1.0,0.034943389224026344,150,2.799532651901245,1.5581680536270142,1.0,0.0,9.0,1544,none,B1,sac_her_pickandplace_randomized_2M
sac_her,goal_spoof_immediate,1,0.1,-150.0,0.0,0.07222149953665642,150,0.1991153508424759,1.1744050979614258,0.0,0.0,,1545,none,B1,sac_her_pickandplace_randomized_2M
sac_her,goal_spoof_immediate,1,0.1,-150.0,0.0,0.23509731210805812,150,1.8590980768203735,1.1893393993377686,0.0,0.0,,1546,none,B1,sac_her_pickandplace_randomized_2M
sac_her,goal_spoof_immediate,1,0.1,-150.0,0.0,0.33002427201774126,150,0.029751457273960114,1.157140851020813,0.0,0.0,,1547,none,B1,sac_her_pickandplace_randomized_2M
sac_her,goal_spoof_immediate,1,0.1,-150.0,0.0,0.42064412920221217,150,0.0327475443482399,1.1985617876052856,0.0,0.0,,1548,none,B1,sac_her_pickandplace_randomized_2M
sac_her,goal_spoof_immediate,1,0.1,-150.0,0.0,0.31168473289818416,150,0.045207470655441284,1.1655241250991821,0.0,0.0,,1549,none,B1,sac_her_pickandplace_randomized_2M
sac_her,goal_spoof_immediate,1,0.1,-150.0,0.0,0.2548440440707102,150,1.947139859199524,1.2484159469604492,0.0,0.0,,1550,none,B1,sac_her_pickandplace_randomized_2M
sac_her,goal_spoof_immediate,1,0.1,-150.0,0.0,0.14697451065571118,150,0.131558358669281,1.023711085319519,0.0,0.0,,1551,none,B1,sac_her_pickandplace_randomized_2M
sac_her,goal_spoof_immediate,1,0.1,-150.0,0.0,0.06780456166407411,150,0.2752021253108978,0.7668834924697876,0.0,0.0,,1552,none,B1,sac_her_pickandplace_randomized_2M
sac_her,goal_spoof_immediate,1,0.1,-150.0,0.0,0.08763442258685375,150,0.10038202255964279,0.9728896021842957,0.0,0.0,,1553,none,B1,sac_her_pickandplace_randomized_2M
sac_her,goal_spoof_immediate,1,0.1,-147.0,0.0,0.443739179063567,150,0.3649788498878479,1.752156138420105,1.0,0.0,20.0,1554,none,B1,sac_her_pickandplace_randomized_2M
sac_her,goal_spoof_immediate,1,0.1,-12.0,1.0,0.02789904018646926,150,1.8152557611465454,1.6214290857315063,0.0,0.0,12.0,1555,none,B1,sac_her_pickandplace_randomized_2M
sac_her,goal_spoof_immediate,1,0.1,-150.0,0.0,0.368293308242639,150,0.018901197239756584,1.4240394830703735,0.0,0.0,,1556,none,B1,sac_her_pickandplace_randomized_2M
sac_her,goal_spoof_immediate,1,0.1,-150.0,0.0,0.221817399080589,150,1.104288101196289,0.7634220123291016,0.0,0.0,,1557,none,B1,sac_her_pickandplace_randomized_2M
sac_her,goal_spoof_immediate,1,0.1,-150.0,0.0,0.47198959199322243,150,0.01769917644560337,1.6524713039398193,0.0,0.0,,1558,none,B1,sac_her_pickandplace_randomized_2M
sac_her,goal_spoof_immediate,1,0.1,-150.0,0.0,0.41556800166836627,150,0.027448218315839767,1.0288525819778442,0.0,0.0,,1559,none,B1,sac_her_pickandplace_randomized_2M
sac_her_recovery_v2,goal_spoof_immediate,1,0.1,-150.0,0.0,0.06316401156540045,150,1.7600337266921997,1.176048755645752,1.0,1.0,,1560,v2,B2,sac_her_pickandplace_randomized_2M
sac_her_recovery_v2,goal_spoof_immediate,1,0.1,-150.0,0.0,0.08429521114714446,150,0.23466645181179047,0.5324308276176453,0.0,1.0,,1561,v2,B2,sac_her_pickandplace_randomized_2M
sac_her_recovery_v2,goal_spoof_immediate,1,0.1,-150.0,0.0,0.45612773087324826,150,0.04727654904127121,1.614524006843567,0.0,1.0,,1562,v2,B2,sac_her_pickandplace_randomized_2M
sac_her_recovery_v2,goal_spoof_immediate,1,0.1,-13.0,1.0,0.043544513626339855,150,2.256925582885742,1.3122538328170776,0.0,0.0,13.0,1563,v2,B2,sac_her_pickandplace_randomized_2M
sac_her_recovery_v2,goal_spoof_immediate,1,0.1,-150.0,0.0,0.06002137317857558,150,0.23757606744766235,1.1831954717636108,0.0,1.0,,1564,v2,B2,sac_her_pickandplace_randomized_2M
sac_her_recovery_v2,goal_spoof_immediate,1,0.1,-150.0,0.0,0.4533811987190141,150,0.0769670382142067,1.2616608142852783,0.0,1.0,,1565,v2,B2,sac_her_pickandplace_randomized_2M
sac_her_recovery_v2,goal_spoof_immediate,1,0.1,-150.0,0.0,0.14699616741810098,150,2.2224550247192383,1.3721728324890137,1.0,1.0,,1566,v2,B2,sac_her_pickandplace_randomized_2M
sac_her_recovery_v2,goal_spoof_immediate,1,0.1,-150.0,0.0,0.0787434884477871,150,0.19607283174991608,1.3361293077468872,0.0,1.0,,1567,v2,B2,sac_her_pickandplace_randomized_2M
sac_her_recovery_v2,goal_spoof_immediate,1,0.1,-150.0,0.0,0.3195959526341559,150,0.07529404759407043,1.337082862854004,0.0,1.0,,1568,v2,B2,sac_her_pickandplace_randomized_2M
sac_her_recovery_v2,goal_spoof_immediate,1,0.1,-150.0,0.0,0.17850534100260537,150,0.8773975968360901,0.7799781560897827,0.0,1.0,,1569,v2,B2,sac_her_pickandplace_randomized_2M
sac_her_recovery_v2,goal_spoof_immediate,1,0.1,-150.0,0.0,0.06546259809637854,150,0.1157243624329567,0.8430080413818359,0.0,1.0,,1570,v2,B2,sac_her_pickandplace_randomized_2M
sac_her_recovery_v2,goal_spoof_immediate,1,0.1,-150.0,0.0,0.4018677051907181,150,0.08916980773210526,1.215323567390442,0.0,1.0,,1571,v2,B2,sac_her_pickandplace_randomized_2M
sac_her_recovery_v2,goal_spoof_immediate,1,0.1,-150.0,0.0,0.49186748817821174,150,0.05646936222910881,1.5440902709960938,0.0,1.0,,1572,v2,B2,sac_her_pickandplace_randomized_2M
sac_her_recovery_v2,goal_spoof_immediate,1,0.1,-150.0,0.0,0.06671038794713993,150,0.11902008950710297,0.7979224920272827,0.0,0.0,,1573,v2,B2,sac_her_pickandplace_randomized_2M
sac_her_recovery_v2,goal_spoof_immediate,1,0.1,-150.0,0.0,0.06468098149554542,150,0.16581879556179047,1.2106248140335083,1.0,0.0,,1574,v2,B2,sac_her_pickandplace_randomized_2M
sac_her_recovery_v2,goal_spoof_immediate,1,0.1,-150.0,0.0,0.21769527211149578,150,0.10513630509376526,1.5934405326843262,0.0,1.0,,1575,v2,B2,sac_her_pickandplace_randomized_2M
sac_her_recovery_v2,goal_spoof_immediate,1,0.1,-150.0,0.0,0.06832127640407161,150,0.14350749552249908,0.9423805475234985,0.0,0.0,,1576,v2,B2,sac_her_pickandplace_randomized_2M
sac_her_recovery_v2,goal_spoof_immediate,1,0.1,-150.0,0.0,0.33002427201774126,150,0.04261244460940361,0.9727621674537659,0.0,1.0,,1577,v2,B2,sac_her_pickandplace_randomized_2M
sac_her_recovery_v2,goal_spoof_immediate,1,0.1,-150.0,0.0,0.42064412920221217,150,0.07042697072029114,1.1617664098739624,0.0,1.0,,1578,v2,B2,sac_her_pickandplace_randomized_2M
sac_her_recovery_v2,goal_spoof_immediate,1,0.1,-150.0,0.0,0.31168473289818416,150,1.1251007318496704,1.1376789808273315,0.0,1.0,,1579,v2,B2,sac_her_pickandplace_randomized_2M
sac_her_recovery_v2,goal_spoof_immediate,1,0.1,-150.0,0.0,0.2544801351742931,150,0.11134151369333267,0.996081531047821,0.0,1.0,,1580,v2,B2,sac_her_pickandplace_randomized_2M
sac_her_recovery_v2,goal_spoof_immediate,1,0.1,-150.0,0.0,0.12558183647114457,150,0.5215110778808594,0.783121645450592,1.0,1.0,,1581,v2,B2,sac_her_pickandplace_randomized_2M
sac_her_recovery_v2,goal_spoof_immediate,1,0.1,-11.0,1.0,0.019194038072498375,150,1.4057948589324951,1.204853892326355,1.0,0.0,11.0,1582,v2,B2,sac_her_pickandplace_randomized_2M
sac_her_recovery_v2,goal_spoof_immediate,1,0.1,-149.0,0.0,0.1209356814160297,150,0.6127340793609619,0.9134594798088074,1.0,1.0,57.0,1583,v2,B2,sac_her_pickandplace_randomized_2M
sac_her_recovery_v2,goal_spoof_immediate,1,0.1,-148.0,0.0,0.06657721186655284,150,0.1784553825855255,0.37415504455566406,0.0,1.0,2.0,1584,v2,B2,sac_her_pickandplace_randomized_2M
sac_her_recovery_v2,goal_spoof_immediate,1,0.1,-147.0,0.0,0.05954277572527132,150,0.9454616904258728,1.4551953077316284,1.0,1.0,13.0,1585,v2,B2,sac_her_pickandplace_randomized_2M
sac_her_recovery_v2,goal_spoof_immediate,1,0.1,-150.0,0.0,0.368293308242639,150,0.05176268145442009,0.8021631836891174,0.0,1.0,,1586,v2,B2,sac_her_pickandplace_randomized_2M
sac_her_recovery_v2,goal_spoof_immediate,1,0.1,-20.0,1.0,0.016640763205120694,150,1.088706374168396,0.9547464847564697,0.0,1.0,20.0,1587,v2,B2,sac_her_pickandplace_randomized_2M
sac_her_recovery_v2,goal_spoof_immediate,1,0.1,-150.0,0.0,0.47198959199322243,150,0.05001848191022873,1.5944865942001343,0.0,1.0,,1588,v2,B2,sac_her_pickandplace_randomized_2M
sac_her_recovery_v2,goal_spoof_immediate,1,0.1,-150.0,0.0,0.4156038630093016,150,0.05123657360672951,0.9000123143196106,0.0,1.0,,1589,v2,B2,sac_her_pickandplace_randomized_2M
sac_her_recovery_v3,goal_spoof_immediate,1,0.1,-150.0,0.0,0.12612716662677922,150,0.3337884545326233,1.1445876359939575,1.0,1.0,,1590,v3,B3,sac_her_pickandplace_randomized_2M
sac_her_recovery_v3,goal_spoof_immediate,1,0.1,-12.0,1.0,0.04693385489700449,150,0.1829572170972824,1.398775577545166,0.0,1.0,12.0,1591,v3,B3,sac_her_pickandplace_randomized_2M
sac_her_recovery_v3,goal_spoof_immediate,1,0.1,-150.0,0.0,0.45612773087324826,150,0.047362200915813446,1.4850953817367554,0.0,1.0,,1592,v3,B3,sac_her_pickandplace_randomized_2M
sac_her_recovery_v3,goal_spoof_immediate,1,0.1,-150.0,0.0,0.34703043658044347,150,0.035930875688791275,1.4196120500564575,0.0,1.0,,1593,v3,B3,sac_her_pickandplace_randomized_2M
sac_her_recovery_v3,goal_spoof_immediate,1,0.1,-150.0,0.0,0.20336813500160317,150,0.38483157753944397,1.3233224153518677,0.0,1.0,,1594,v3,B3,sac_her_pickandplace_randomized_2M
sac_her_recovery_v3,goal_spoof_immediate,1,0.1,-150.0,0.0,0.4533811987190141,150,0.0716891810297966,1.2356075048446655,0.0,1.0,,1595,v3,B3,sac_her_pickandplace_randomized_2M
sac_her_recovery_v3,goal_spoof_immediate,1,0.1,-150.0,0.0,0.3227130596495864,150,0.06055759638547897,1.5653488636016846,0.0,1.0,,1596,v3,B3,sac_her_pickandplace_randomized_2M
sac_her_recovery_v3,goal_spoof_immediate,1,0.1,-150.0,0.0,0.41238575430888125,150,0.21634617447853088,1.3563261032104492,0.0,1.0,,1597,v3,B3,sac_her_pickandplace_randomized_2M
sac_her_recovery_v3,goal_spoof_immediate,1,0.1,-150.0,0.0,0.3195959526341559,150,0.09920617938041687,1.3960976600646973,0.0,1.0,,1598,v3,B3,sac_her_pickandplace_randomized_2M
sac_her_recovery_v3,goal_spoof_immediate,1,0.1,-148.0,0.0,0.0843096451005331,150,2.206437349319458,1.2270406484603882,1.0,0.0,8.0,1599,v3,B3,sac_her_pickandplace_randomized_2M
sac_her_recovery_v3,goal_spoof_immediate,1,0.1,-11.0,1.0,0.0006269959319893427,150,0.09646241366863251,0.1365833431482315,0.0,1.0,11.0,1600,v3,B3,sac_her_pickandplace_randomized_2M
sac_her_recovery_v3,goal_spoof_immediate,1,0.1,-150.0,0.0,0.4018677051907181,150,0.0729558914899826,0.6811251640319824,0.0,1.0,,1601,v3,B3,sac_her_pickandplace_randomized_2M
sac_her_recovery_v3,goal_spoof_immediate,1,0.1,-150.0,0.0,0.49186748817821174,150,0.0527966283261776,1.5753271579742432,0.0,1.0,,1602,v3,B3,sac_her_pickandplace_randomized_2M
sac_her_recovery_v3,goal_spoof_immediate,1,0.1,-64.0,1.0,0.04010404128077867,150,1.624853253364563,1.3276093006134033,0.0,0.0,8.0,1603,v3,B3,sac_her_pickandplace_randomized_2M
sac_her_recovery_v3,goal_spoof_immediate,1,0.1,-150.0,0.0,0.17694742240274272,150,0.7319414019584656,1.1849037408828735,0.0,1.0,,1604,v3,B3,sac_her_pickandplace_randomized_2M
sac_her_recovery_v3,goal_spoof_immediate,1,0.1,-150.0,0.0,0.21769527211149578,150,0.28929880261421204,1.3379695415496826,0.0,1.0,,1605,v3,B3,sac_her_pickandplace_randomized_2M
sac_her_recovery_v3,goal_spoof_immediate,1,0.1,-147.0,0.0,0.4307911247854868,150,0.266341894865036,1.3983389139175415,0.0,1.0,15.0,1606,v3,B3,sac_her_pickandplace_randomized_2M
sac_her_recovery_v3,goal_spoof_immediate,1,0.1,-150.0,0.0,0.33002427201774126,150,0.04730312153697014,1.020159125328064,0.0,1.0,,1607,v3,B3,sac_her_pickandplace_randomized_2M
sac_her_recovery_v3,goal_spoof_immediate,1,0.1,-150.0,0.0,0.3945720566230943,150,0.09157437086105347,1.4925870895385742,1.0,1.0,,1608,v3,B3,sac_her_pickandplace_randomized_2M
sac_her_recovery_v3,goal_spoof_immediate,1,0.1,-150.0,0.0,0.31168473289818416,150,0.08302532136440277,1.1770739555358887,0.0,1.0,,1609,v3,B3,sac_her_pickandplace_randomized_2M
sac_her_recovery_v3,goal_spoof_immediate,1,0.1,-150.0,0.0,0.20748229774228263,150,0.21468494832515717,1.4219437837600708,0.0,1.0,,1610,v3,B3,sac_her_pickandplace_randomized_2M
sac_her_recovery_v3,goal_spoof_immediate,1,0.1,-150.0,0.0,0.13468819514493977,150,0.0783667117357254,0.25980329513549805,0.0,1.0,,1611,v3,B3,sac_her_pickandplace_randomized_2M
sac_her_recovery_v3,goal_spoof_immediate,1,0.1,-150.0,0.0,0.13471008721429673,150,0.4846959412097931,1.1028400659561157,0.0,1.0,,1612,v3,B3,sac_her_pickandplace_randomized_2M
sac_her_recovery_v3,goal_spoof_immediate,1,0.1,-150.0,0.0,0.055437068031331374,150,0.15597595274448395,0.9664618968963623,0.0,1.0,,1613,v3,B3,sac_her_pickandplace_randomized_2M
sac_her_recovery_v3,goal_spoof_immediate,1,0.1,-2.0,1.0,0.03544852558259972,150,0.34334826469421387,0.9767950177192688,0.0,0.0,2.0,1614,v3,B3,sac_her_pickandplace_randomized_2M
sac_her_recovery_v3,goal_spoof_immediate,1,0.1,-150.0,0.0,0.08966217675423813,150,1.2999626398086548,0.8880283832550049,0.0,1.0,,1615,v3,B3,sac_her_pickandplace_randomized_2M
sac_her_recovery_v3,goal_spoof_immediate,1,0.1,-150.0,0.0,0.368293308242639,150,0.053328290581703186,1.12495756149292,0.0,1.0,,1616,v3,B3,sac_her_pickandplace_randomized_2M
sac_her_recovery_v3,goal_spoof_immediate,1,0.1,-142.0,1.0,0.049974775707349456,150,0.6212420463562012,1.135663628578186,0.0,1.0,17.0,1617,v3,B3,sac_her_pickandplace_randomized_2M
sac_her_recovery_v3,goal_spoof_immediate,1,0.1,-150.0,0.0,0.47198959199322243,150,0.04436144605278969,1.600890040397644,0.0,1.0,,1618,v3,B3,sac_her_pickandplace_randomized_2M
sac_her_recovery_v3,goal_spoof_immediate,1,0.1,-150.0,0.0,0.4156038630093016,150,0.05674825608730316,1.178249478340149,0.0,1.0,,1619,v3,B3,sac_her_pickandplace_randomized_2M
sac_her,goal_spoof_midep,1,0.1,-36.0,1.0,0.012553558354633577,150,1.830254316329956,1.534237265586853,1.0,0.0,36.0,1620,none,B1,sac_her_pickandplace_randomized_2M
sac_her,goal_spoof_midep,1,0.1,-7.0,1.0,0.01108071674340461,150,0.16857118904590607,0.8418188691139221,0.0,0.0,7.0,1621,none,B1,sac_her_pickandplace_randomized_2M
sac_her,goal_spoof_midep,1,0.1,-150.0,0.0,0.45612773087324826,150,0.018888233229517937,1.4571599960327148,0.0,0.0,,1622,none,B1,sac_her_pickandplace_randomized_2M
sac_her,goal_spoof_midep,1,0.1,-36.0,1.0,0.03940657757866906,150,1.6728068590164185,1.1555826663970947,1.0,0.0,36.0,1623,none,B1,sac_her_pickandplace_randomized_2M
sac_her,goal_spoof_midep,1,0.1,-149.0,0.0,0.10535406832471197,150,2.0195889472961426,1.7530972957611084,1.0,0.0,128.0,1624,none,B1,sac_her_pickandplace_randomized_2M
sac_her,goal_spoof_midep,1,0.1,-150.0,0.0,0.4533811987190141,150,0.031373437494039536,1.127657413482666,0.0,0.0,,1625,none,B1,sac_her_pickandplace_randomized_2M
sac_her,goal_spoof_midep,1,0.1,-150.0,0.0,0.2321742375616455,150,0.9215438365936279,1.434801459312439,1.0,0.0,,1626,none,B1,sac_her_pickandplace_randomized_2M
sac_her,goal_spoof_midep,1,0.1,-150.0,0.0,0.6689049329428928,150,0.4465779662132263,1.4646413326263428,1.0,0.0,,1627,none,B1,sac_her_pickandplace_randomized_2M
sac_her,goal_spoof_midep,1,0.1,-150.0,0.0,0.3195959526341559,150,0.05753875523805618,1.4823863506317139,0.0,0.0,,1628,none,B1,sac_her_pickandplace_randomized_2M
sac_her,goal_spoof_midep,1,0.1,-150.0,0.0,0.07769038186186113,150,0.7577727437019348,0.8459923267364502,0.0,0.0,,1629,none,B1,sac_her_pickandplace_randomized_2M
sac_her,goal_spoof_midep,1,0.1,-7.0,1.0,0.048072660733968875,150,0.210074782371521,0.9691458940505981,0.0,0.0,7.0,1630,none,B1,sac_her_pickandplace_randomized_2M
sac_her,goal_spoof_midep,1,0.1,-150.0,0.0,0.4018677051907181,150,0.04170248657464981,0.997163712978363,0.0,0.0,,1631,none,B1,sac_her_pickandplace_randomized_2M
sac_her,goal_spoof_midep,1,0.1,-150.0,0.0,0.49186748817821174,150,0.015580210834741592,1.6073553562164307,0.0,0.0,,1632,none,B1,sac_her_pickandplace_randomized_2M
sac_her,goal_spoof_midep,1,0.1,-8.0,1.0,0.008286832347346184,150,1.1981139183044434,0.877143144607544,0.0,0.0,8.0,1633,none,B1,sac_her_pickandplace_randomized_2M
sac_her,goal_spoof_midep,1,0.1,-11.0,1.0,0.02354034446489853,150,0.7607109546661377,1.545575499534607,1.0,0.0,11.0,1634,none,B1,sac_her_pickandplace_randomized_2M
sac_her,goal_spoof_midep,1,0.1,-137.0,0.0,0.09274080770951941,150,0.8100943565368652,1.2562577724456787,1.0,0.0,29.0,1635,none,B1,sac_her_pickandplace_randomized_2M
sac_her,goal_spoof_midep,1,0.1,-91.0,0.0,0.6488869865552865,150,0.5990052819252014,1.4514853954315186,0.0,0.0,10.0,1636,none,B1,sac_her_pickandplace_randomized_2M
sac_her,goal_spoof_midep,1,0.1,-150.0,0.0,0.33002427201774126,150,0.037960562855005264,0.7188864946365356,0.0,0.0,,1637,none,B1,sac_her_pickandplace_randomized_2M
sac_her,goal_spoof_midep,1,0.1,-150.0,0.0,0.42064412920221217,150,0.04696297645568848,1.3193011283874512,0.0,0.0,,1638,none,B1,sac_her_pickandplace_randomized_2M
sac_her,goal_spoof_midep,1,0.1,-150.0,0.0,0.27653502581117323,150,0.05695700645446777,1.1252681016921997,0.0,0.0,,1639,none,B1,sac_her_pickandplace_randomized_2M
sac_her,goal_spoof_midep,1,0.1,-12.0,1.0,0.02034979059797648,150,0.6866480112075806,1.1866734027862549,0.0,0.0,12.0,1640,none,B1,sac_her_pickandplace_randomized_2M
sac_her,goal_spoof_midep,1,0.1,-150.0,0.0,0.13468819514493977,150,0.3117062747478485,1.0813325643539429,0.0,0.0,,1641,none,B1,sac_her_pickandplace_randomized_2M
sac_her,goal_spoof_midep,1,0.1,-150.0,0.0,0.05716607221182483,150,1.320805311203003,1.089709997177124,0.0,0.0,,1642,none,B1,sac_her_pickandplace_randomized_2M
sac_her,goal_spoof_midep,1,0.1,-148.0,0.0,0.05329462402557926,150,0.21192076802253723,1.3467528820037842,0.0,0.0,7.0,1643,none,B1,sac_her_pickandplace_randomized_2M
sac_her,goal_spoof_midep,1,0.1,-91.0,0.0,0.08649138294239889,150,1.1900361776351929,1.2891336679458618,1.0,0.0,3.0,1644,none,B1,sac_her_pickandplace_randomized_2M
sac_her,goal_spoof_midep,1,0.1,-98.0,0.0,0.07379704567879757,150,0.607724666595459,1.138007402420044,1.0,0.0,13.0,1645,none,B1,sac_her_pickandplace_randomized_2M
sac_her,goal_spoof_midep,1,0.1,-150.0,0.0,0.368293308242639,150,0.03482097014784813,1.0273584127426147,0.0,0.0,,1646,none,B1,sac_her_pickandplace_randomized_2M
sac_her,goal_spoof_midep,1,0.1,-143.0,0.0,0.08082065263661939,150,0.716350793838501,1.4846582412719727,0.0,0.0,20.0,1647,none,B1,sac_her_pickandplace_randomized_2M
sac_her,goal_spoof_midep,1,0.1,-150.0,0.0,0.47198959199322243,150,0.017592426389455795,1.5890662670135498,0.0,0.0,,1648,none,B1,sac_her_pickandplace_randomized_2M
sac_her,goal_spoof_midep,1,0.1,-150.0,0.0,0.4156038630093016,150,0.03538287431001663,1.0772947072982788,0.0,0.0,,1649,none,B1,sac_her_pickandplace_randomized_2M
sac_her_recovery_v2,goal_spoof_midep,1,0.1,-130.0,0.0,0.09021470447208874,150,0.8359507322311401,1.009675145149231,1.0,1.0,41.0,1650,v2,B2,sac_her_pickandplace_randomized_2M
sac_her_recovery_v2,goal_spoof_midep,1,0.1,-95.0,0.0,0.681260346154328,150,0.2582203149795532,1.2542387247085571,0.0,1.0,7.0,1651,v2,B2,sac_her_pickandplace_randomized_2M
sac_her_recovery_v2,goal_spoof_midep,1,0.1,-150.0,0.0,0.45612773087324826,150,0.04815284162759781,1.52143394947052,0.0,1.0,,1652,v2,B2,sac_her_pickandplace_randomized_2M
sac_her_recovery_v2,goal_spoof_midep,1,0.1,-13.0,1.0,0.01194465621889978,150,0.4218861162662506,1.291934847831726,1.0,1.0,13.0,1653,v2,B2,sac_her_pickandplace_randomized_2M
sac_her_recovery_v2,goal_spoof_midep,1,0.1,-45.0,1.0,0.02576643696698704,150,0.9688218832015991,1.549886703491211,1.0,1.0,45.0,1654,v2,B2,sac_her_pickandplace_randomized_2M
sac_her_recovery_v2,goal_spoof_midep,1,0.1,-150.0,0.0,0.4533811987190141,150,0.07097283005714417,1.2794517278671265,0.0,1.0,,1655,v2,B2,sac_her_pickandplace_randomized_2M
sac_her_recovery_v2,goal_spoof_midep,1,0.1,-150.0,0.0,0.5941521461433567,150,0.48914557695388794,1.3892993927001953,1.0,1.0,,1656,v2,B2,sac_her_pickandplace_randomized_2M
sac_her_recovery_v2,goal_spoof_midep,1,0.1,-110.0,0.0,0.08285060834543001,150,0.39678001403808594,1.3108439445495605,0.0,1.0,23.0,1657,v2,B2,sac_her_pickandplace_randomized_2M
sac_her_recovery_v2,goal_spoof_midep,1,0.1,-150.0,0.0,0.3195959526341559,150,0.10367187857627869,1.163049578666687,0.0,1.0,,1658,v2,B2,sac_her_pickandplace_randomized_2M
sac_her_recovery_v2,goal_spoof_midep,1,0.1,-150.0,0.0,0.2302999551099568,150,1.2988275289535522,1.1164432764053345,0.0,1.0,,1659,v2,B2,sac_her_pickandplace_randomized_2M
sac_her_recovery_v2,goal_spoof_midep,1,0.1,-96.0,0.0,0.08553748780172722,150,1.3176192045211792,1.237266182899475,1.0,0.0,7.0,1660,v2,B2,sac_her_pickandplace_randomized_2M
sac_her_recovery_v2,goal_spoof_midep,1,0.1,-150.0,0.0,0.4018677051907181,150,0.06971346586942673,1.1240125894546509,0.0,1.0,,1661,v2,B2,sac_her_pickandplace_randomized_2M
sac_her_recovery_v2,goal_spoof_midep,1,0.1,-150.0,0.0,0.49186748817821174,150,0.05433544144034386,1.6655662059783936,0.0,1.0,,1662,v2,B2,sac_her_pickandplace_randomized_2M
sac_her_recovery_v2,goal_spoof_midep,1,0.1,-144.0,0.0,0.3460680308364735,150,0.7340050339698792,1.5168248414993286,1.0,1.0,51.0,1663,v2,B2,sac_her_pickandplace_randomized_2M
sac_her_recovery_v2,goal_spoof_midep,1,0.1,-114.0,0.0,0.10224874025241383,150,1.2426319122314453,1.2949215173721313,1.0,1.0,12.0,1664,v2,B2,sac_her_pickandplace_randomized_2M
sac_her_recovery_v2,goal_spoof_midep,1,0.1,-130.0,0.0,0.08554309759247095,150,0.864284336566925,1.3657079935073853,1.0,1.0,27.0,1665,v2,B2,sac_her_pickandplace_randomized_2M
sac_her_recovery_v2,goal_spoof_midep,1,0.1,-10.0,1.0,0.015040891244718415,150,1.5986347198486328,1.25799560546875,1.0,0.0,10.0,1666,v2,B2,sac_her_pickandplace_randomized_2M
sac_her_recovery_v2,goal_spoof_midep,1,0.1,-150.0,0.0,0.33002427201774126,150,0.042998891323804855,0.9037007689476013,0.0,1.0,,1667,v2,B2,sac_her_pickandplace_randomized_2M
sac_her_recovery_v2,goal_spoof_midep,1,0.1,-150.0,0.0,0.42064412920221217,150,0.08496395498514175,1.3519362211227417,0.0,1.0,,1668,v2,B2,sac_her_pickandplace_randomized_2M
sac_her_recovery_v2,goal_spoof_midep,1,0.1,-150.0,0.0,0.27924715551601165,150,0.0918077677488327,1.1551318168640137,0.0,1.0,,1669,v2,B2,sac_her_pickandplace_randomized_2M
sac_her_recovery_v2,goal_spoof_midep,1,0.1,-28.0,1.0,0.041866848769946764,150,1.0015829801559448,1.268097996711731,0.0,0.0,12.0,1670,v2,B2,sac_her_pickandplace_randomized_2M
sac_her_recovery_v2,goal_spoof_midep,1,0.1,-150.0,0.0,0.13468819514493977,150,0.6895830035209656,1.2026289701461792,0.0,1.0,,1671,v2,B2,sac_her_pickandplace_randomized_2M
sac_her_recovery_v2,goal_spoof_midep,1,0.1,-23.0,1.0,0.03829967959110717,150,0.542066752910614,1.0376535654067993,0.0,1.0,23.0,1672,v2,B2,sac_her_pickandplace_randomized_2M
sac_her_recovery_v2,goal_spoof_midep,1,0.1,-148.0,0.0,0.05329462402557926,150,0.22973942756652832,1.3157143592834473,0.0,0.0,7.0,1673,v2,B2,sac_her_pickandplace_randomized_2M
sac_her_recovery_v2,goal_spoof_midep,1,0.1,-89.0,0.0,0.07691011786482836,150,0.2008526623249054,1.0209994316101074,1.0,0.0,3.0,1674,v2,B2,sac_her_pickandplace_randomized_2M
sac_her_recovery_v2,goal_spoof_midep,1,0.1,-14.0,1.0,0.022297163751968527,150,0.3659563660621643,0.9320510029792786,1.0,1.0,14.0,1675,v2,B2,sac_her_pickandplace_randomized_2M
sac_her_recovery_v2,goal_spoof_midep,1,0.1,-150.0,0.0,0.368293308242639,150,0.046510789543390274,0.842495858669281,0.0,1.0,,1676,v2,B2,sac_her_pickandplace_randomized_2M
sac_her_recovery_v2,goal_spoof_midep,1,0.1,-116.0,0.0,0.07692102275240958,150,0.4412311911582947,1.0619059801101685,0.0,1.0,34.0,1677,v2,B2,sac_her_pickandplace_randomized_2M
sac_her_recovery_v2,goal_spoof_midep,1,0.1,-150.0,0.0,0.47198959199322243,150,0.04996345192193985,1.5144137144088745,0.0,1.0,,1678,v2,B2,sac_her_pickandplace_randomized_2M
sac_her_recovery_v2,goal_spoof_midep,1,0.1,-150.0,0.0,0.4156038630093016,150,0.05816638097167015,1.0355861186981201,0.0,1.0,,1679,v2,B2,sac_her_pickandplace_randomized_2M
sac_her_recovery_v3,goal_spoof_midep,1,0.1,-150.0,0.0,0.13446906115396434,150,0.39509689807891846,1.2870348691940308,1.0,1.0,,1680,v3,B3,sac_her_pickandplace_randomized_2M
sac_her_recovery_v3,goal_spoof_midep,1,0.1,-94.0,0.0,0.06410986854146873,150,0.4910057485103607,1.011164903640747,0.0,1.0,7.0,1681,v3,B3,sac_her_pickandplace_randomized_2M
sac_her_recovery_v3,goal_spoof_midep,1,0.1,-150.0,0.0,0.45612773087324826,150,0.049364909529685974,1.552344560623169,0.0,1.0,,1682,v3,B3,sac_her_pickandplace_randomized_2M
sac_her_recovery_v3,goal_spoof_midep,1,0.1,-150.0,0.0,0.3042911997167348,150,0.3339328169822693,1.520230770111084,1.0,1.0,,1683,v3,B3,sac_her_pickandplace_randomized_2M
sac_her_recovery_v3,goal_spoof_midep,1,0.1,-22.0,1.0,0.0406828394585427,150,0.3751506805419922,1.3438301086425781,1.0,1.0,22.0,1684,v3,B3,sac_her_pickandplace_randomized_2M
sac_her_recovery_v3,goal_spoof_midep,1,0.1,-150.0,0.0,0.4533811987190141,150,0.0788533166050911,1.3381937742233276,0.0,1.0,,1685,v3,B3,sac_her_pickandplace_randomized_2M
sac_her_recovery_v3,goal_spoof_midep,1,0.1,-150.0,0.0,0.3227130596495864,150,0.07823559641838074,1.2193814516067505,0.0,1.0,,1686,v3,B3,sac_her_pickandplace_randomized_2M
sac_her_recovery_v3,goal_spoof_midep,1,0.1,-19.0,1.0,0.022123107609686016,150,1.6288114786148071,1.224605917930603,0.0,1.0,19.0,1687,v3,B3,sac_her_pickandplace_randomized_2M
sac_her_recovery_v3,goal_spoof_midep,1,0.1,-150.0,0.0,0.3195959526341559,150,0.09218444675207138,1.5371180772781372,0.0,1.0,,1688,v3,B3,sac_her_pickandplace_randomized_2M
sac_her_recovery_v3,goal_spoof_midep,1,0.1,-150.0,0.0,0.2529923929735594,150,0.9479132294654846,1.3868876695632935,1.0,1.0,,1689,v3,B3,sac_her_pickandplace_randomized_2M
sac_her_recovery_v3,goal_spoof_midep,1,0.1,-77.0,0.0,0.6306548111851569,150,0.3822263777256012,1.3495961427688599,1.0,1.0,7.0,1690,v3,B3,sac_her_pickandplace_randomized_2M
sac_her_recovery_v3,goal_spoof_midep,1,0.1,-150.0,0.0,0.4018677051907181,150,0.0695127621293068,1.031297206878662,0.0,1.0,,1691,v3,B3,sac_her_pickandplace_randomized_2M
sac_her_recovery_v3,goal_spoof_midep,1,0.1,-150.0,0.0,0.49186748817821174,150,0.05409560725092888,1.578076958656311,0.0,1.0,,1692,v3,B3,sac_her_pickandplace_randomized_2M
sac_her_recovery_v3,goal_spoof_midep,1,0.1,-132.0,0.0,0.05011248197407276,150,0.47179967164993286,1.1130249500274658,1.0,1.0,47.0,1693,v3,B3,sac_her_pickandplace_randomized_2M
sac_her_recovery_v3,goal_spoof_midep,1,0.1,-146.0,0.0,0.09459509854381422,150,0.3511028289794922,1.1452547311782837,1.0,1.0,12.0,1694,v3,B3,sac_her_pickandplace_randomized_2M
sac_her_recovery_v3,goal_spoof_midep,1,0.1,-150.0,0.0,0.12335494124872107,150,0.6627452373504639,1.3996418714523315,1.0,1.0,,1695,v3,B3,sac_her_pickandplace_randomized_2M
sac_her_recovery_v3,goal_spoof_midep,1,0.1,-10.0,1.0,0.044147893012324003,150,0.6667467951774597,1.1512056589126587,0.0,0.0,10.0,1696,v3,B3,sac_her_pickandplace_randomized_2M
sac_her_recovery_v3,goal_spoof_midep,1,0.1,-150.0,0.0,0.33002427201774126,150,0.04661969840526581,1.1048393249511719,0.0,1.0,,1697,v3,B3,sac_her_pickandplace_randomized_2M
sac_her_recovery_v3,goal_spoof_midep,1,0.1,-150.0,0.0,0.42064412920221217,150,0.08747264742851257,1.281372308731079,0.0,1.0,,1698,v3,B3,sac_her_pickandplace_randomized_2M
sac_her_recovery_v3,goal_spoof_midep,1,0.1,-150.0,0.0,0.27884317275391096,150,0.0806875005364418,1.1752021312713623,0.0,1.0,,1699,v3,B3,sac_her_pickandplace_randomized_2M
sac_her_recovery_v3,goal_spoof_midep,1,0.1,-28.0,0.0,0.16808983883764925,150,1.771133303642273,1.4474340677261353,1.0,1.0,12.0,1700,v3,B3,sac_her_pickandplace_randomized_2M
sac_her_recovery_v3,goal_spoof_midep,1,0.1,-150.0,0.0,0.6531354557725831,150,0.7608036994934082,1.2951176166534424,1.0,1.0,,1701,v3,B3,sac_her_pickandplace_randomized_2M
sac_her_recovery_v3,goal_spoof_midep,1,0.1,-115.0,0.0,0.13609500331016838,150,0.56215900182724,0.9645947217941284,1.0,1.0,28.0,1702,v3,B3,sac_her_pickandplace_randomized_2M
sac_her_recovery_v3,goal_spoof_midep,1,0.1,-148.0,0.0,0.05329462402557926,150,0.2297864556312561,1.278175711631775,0.0,0.0,7.0,1703,v3,B3,sac_her_pickandplace_randomized_2M
sac_her_recovery_v3,goal_spoof_midep,1,0.1,-91.0,0.0,0.10716124415929008,150,0.5621054768562317,1.3176542520523071,0.0,0.0,3.0,1704,v3,B3,sac_her_pickandplace_randomized_2M
sac_her_recovery_v3,goal_spoof_midep,1,0.1,-49.0,1.0,0.029589500081020494,150,0.6211962699890137,1.162294864654541,1.0,1.0,13.0,1705,v3,B3,sac_her_pickandplace_randomized_2M
sac_her_recovery_v3,goal_spoof_midep,1,0.1,-150.0,0.0,0.368293308242639,150,0.05145101249217987,1.125331163406372,0.0,1.0,,1706,v3,B3,sac_her_pickandplace_randomized_2M
sac_her_recovery_v3,goal_spoof_midep,1,0.1,-34.0,1.0,0.006966462334756348,150,0.3438461720943451,1.1204992532730103,0.0,1.0,34.0,1707,v3,B3,sac_her_pickandplace_randomized_2M
sac_her_recovery_v3,goal_spoof_midep,1,0.1,-150.0,0.0,0.47198959199322243,150,0.04662628099322319,1.5613443851470947,0.0,1.0,,1708,v3,B3,sac_her_pickandplace_randomized_2M
sac_her_recovery_v3,goal_spoof_midep,1,0.1,-150.0,0.0,0.4156038630093016,150,0.05482495576143265,1.0823631286621094,0.0,1.0,,1709,v3,B3,sac_her_pickandplace_randomized_2M
sac_her,object_pose_spoof,1,0.1,-150.0,0.0,0.07138379824556837,150,0.1913706362247467,1.4331259727478027,0.0,0.0,,1710,none,B1,sac_her_pickandplace_randomized_2M
sac_her,object_pose_spoof,1,0.1,-147.0,0.0,0.1479060723129371,150,2.4144906997680664,1.5694479942321777,1.0,0.0,11.0,1711,none,B1,sac_her_pickandplace_randomized_2M
sac_her,object_pose_spoof,1,0.1,-150.0,0.0,0.45612773087324826,150,0.019037287682294846,1.5618550777435303,0.0,0.0,,1712,none,B1,sac_her_pickandplace_randomized_2M
sac_her,object_pose_spoof,1,0.1,-150.0,0.0,0.5716379528606164,150,0.31069374084472656,1.2833006381988525,0.0,0.0,,1713,none,B1,sac_her_pickandplace_randomized_2M
sac_her,object_pose_spoof,1,0.1,-147.0,0.0,0.07389118050178091,150,0.25613680481910706,0.7393755316734314,1.0,0.0,14.0,1714,none,B1,sac_her_pickandplace_randomized_2M
sac_her,object_pose_spoof,1,0.1,-150.0,0.0,0.4533811987190141,150,0.027914104983210564,1.1703191995620728,0.0,0.0,,1715,none,B1,sac_her_pickandplace_randomized_2M
sac_her,object_pose_spoof,1,0.1,-150.0,0.0,0.3227130596495864,150,0.03848433494567871,1.5196162462234497,0.0,0.0,,1716,none,B1,sac_her_pickandplace_randomized_2M
sac_her,object_pose_spoof,1,0.1,-150.0,0.0,0.08240011129368577,150,0.9148774743080139,0.6168866157531738,0.0,0.0,,1717,none,B1,sac_her_pickandplace_randomized_2M
sac_her,object_pose_spoof,1,0.1,-150.0,0.0,0.3195959526341559,150,0.06280460953712463,1.2629764080047607,0.0,0.0,,1718,none,B1,sac_her_pickandplace_randomized_2M
sac_her,object_pose_spoof,1,0.1,-150.0,0.0,0.17850534100260537,150,0.032302506268024445,1.5022176504135132,0.0,0.0,,1719,none,B1,sac_her_pickandplace_randomized_2M
sac_her,object_pose_spoof,1,0.1,-150.0,0.0,0.09036506950782108,150,0.721082329750061,1.3283352851867676,0.0,0.0,,1720,none,B1,sac_her_pickandplace_randomized_2M
sac_her,object_pose_spoof,1,0.1,-150.0,0.0,0.4018677051907181,150,0.030933015048503876,1.1744085550308228,0.0,0.0,,1721,none,B1,sac_her_pickandplace_randomized_2M
sac_her,object_pose_spoof,1,0.1,-150.0,0.0,0.49186748817821174,150,0.0177192110568285,1.63954496383667,0.0,0.0,,1722,none,B1,sac_her_pickandplace_randomized_2M
sac_her,object_pose_spoof,1,0.1,-124.0,0.0,0.07810309091819784,150,2.527039051055908,1.5335044860839844,1.0,0.0,9.0,1723,none,B1,sac_her_pickandplace_randomized_2M
sac_her,object_pose_spoof,1,0.1,-150.0,0.0,0.10685110245752681,150,0.5195990204811096,0.8750573992729187,1.0,0.0,,1724,none,B1,sac_her_pickandplace_randomized_2M
sac_her,object_pose_spoof,1,0.1,-150.0,0.0,0.12193146378188327,150,1.216779112815857,1.3582011461257935,0.0,0.0,,1725,none,B1,sac_her_pickandplace_randomized_2M
sac_her,object_pose_spoof,1,0.1,-150.0,0.0,0.10876237250275302,150,1.7320973873138428,1.4882986545562744,1.0,0.0,,1726,none,B1,sac_her_pickandplace_randomized_2M
sac_her,object_pose_spoof,1,0.1,-150.0,0.0,0.33002427201774126,150,0.03512336313724518,1.1936078071594238,0.0,0.0,,1727,none,B1,sac_her_pickandplace_randomized_2M
sac_her,object_pose_spoof,1,0.1,-150.0,0.0,0.4204575329810071,150,0.06320144236087799,1.2877659797668457,0.0,0.0,,1728,none,B1,sac_her_pickandplace_randomized_2M
sac_her,object_pose_spoof,1,0.1,-150.0,0.0,0.31168473289818416,150,0.021473556756973267,1.272393822669983,0.0,0.0,,1729,none,B1,sac_her_pickandplace_randomized_2M
sac_her,object_pose_spoof,1,0.1,-142.0,0.0,0.09115785783873147,150,0.6170405149459839,1.5140259265899658,0.0,0.0,32.0,1730,none,B1,sac_her_pickandplace_randomized_2M
sac_her,object_pose_spoof,1,0.1,-150.0,0.0,0.13468819514493977,150,1.609371542930603,1.0160636901855469,0.0,0.0,,1731,none,B1,sac_her_pickandplace_randomized_2M
sac_her,object_pose_spoof,1,0.1,-150.0,0.0,0.11249332515190967,150,0.18423376977443695,0.9701395630836487,0.0,0.0,,1732,none,B1,sac_her_pickandplace_randomized_2M
sac_her,object_pose_spoof,1,0.1,-150.0,0.0,0.09021782417291635,150,0.13595035672187805,1.0199356079101562,0.0,0.0,,1733,none,B1,sac_her_pickandplace_randomized_2M
sac_her,object_pose_spoof,1,0.1,-150.0,0.0,0.5621515630117478,150,0.10845545679330826,1.7077624797821045,1.0,0.0,,1734,none,B1,sac_her_pickandplace_randomized_2M
sac_her,object_pose_spoof,1,0.1,-150.0,0.0,0.13839096671552634,150,1.4237308502197266,1.6186466217041016,1.0,0.0,,1735,none,B1,sac_her_pickandplace_randomized_2M
sac_her,object_pose_spoof,1,0.1,-150.0,0.0,0.368293308242639,150,0.023315230384469032,1.0041269063949585,0.0,0.0,,1736,none,B1,sac_her_pickandplace_randomized_2M
sac_her,object_pose_spoof,1,0.1,-150.0,0.0,0.40843529377944465,150,0.36055368185043335,1.0832186937332153,0.0,0.0,,1737,none,B1,sac_her_pickandplace_randomized_2M
sac_her,object_pose_spoof,1,0.1,-150.0,0.0,0.47198959199322243,150,0.01766667515039444,1.3859894275665283,0.0,0.0,,1738,none,B1,sac_her_pickandplace_randomized_2M
sac_her,object_pose_spoof,1,0.1,-150.0,0.0,0.4156038630093016,150,0.03127912059426308,1.0235589742660522,0.0,0.0,,1739,none,B1,sac_her_pickandplace_randomized_2M
sac_her_recovery_v2,object_pose_spoof,1,0.1,-146.0,0.0,0.13334696455102893,150,0.3995474874973297,1.109911322593689,1.0,1.0,19.0,1740,v2,B2,sac_her_pickandplace_randomized_2M
sac_her_recovery_v2,object_pose_spoof,1,0.1,-7.0,1.0,0.044149623287345105,150,0.0911506861448288,1.2360364198684692,0.0,0.0,7.0,1741,v2,B2,sac_her_pickandplace_randomized_2M
sac_her_recovery_v2,object_pose_spoof,1,0.1,-150.0,0.0,0.45612773087324826,150,0.15680986642837524,1.740318775177002,0.0,1.0,,1742,v2,B2,sac_her_pickandplace_randomized_2M
sac_her_recovery_v2,object_pose_spoof,1,0.1,-150.0,0.0,0.500896052031706,150,0.5108952522277832,1.5976041555404663,1.0,1.0,,1743,v2,B2,sac_her_pickandplace_randomized_2M
sac_her_recovery_v2,object_pose_spoof,1,0.1,-112.0,1.0,0.04037066836775813,150,1.7699867486953735,1.4607460498809814,1.0,1.0,33.0,1744,v2,B2,sac_her_pickandplace_randomized_2M
sac_her_recovery_v2,object_pose_spoof,1,0.1,-150.0,0.0,0.4533811987190141,150,0.06241803616285324,1.2856247425079346,0.0,1.0,,1745,v2,B2,sac_her_pickandplace_randomized_2M
sac_her_recovery_v2,object_pose_spoof,1,0.1,-150.0,0.0,0.3227130596495864,150,0.08186283707618713,1.1833455562591553,0.0,1.0,,1746,v2,B2,sac_her_pickandplace_randomized_2M
sac_her_recovery_v2,object_pose_spoof,1,0.1,-150.0,0.0,0.26678126024679805,150,1.9531766176223755,1.5135009288787842,1.0,1.0,,1747,v2,B2,sac_her_pickandplace_randomized_2M
sac_her_recovery_v2,object_pose_spoof,1,0.1,-150.0,0.0,0.3195959526341559,150,0.21518494188785553,1.1852941513061523,0.0,1.0,,1748,v2,B2,sac_her_pickandplace_randomized_2M
sac_her_recovery_v2,object_pose_spoof,1,0.1,-150.0,0.0,0.07885453870893741,150,0.49943777918815613,0.8774102926254272,0.0,1.0,,1749,v2,B2,sac_her_pickandplace_randomized_2M
sac_her_recovery_v2,object_pose_spoof,1,0.1,-137.0,0.0,0.09464640153405648,150,1.5223978757858276,1.3588216304779053,1.0,1.0,7.0,1750,v2,B2,sac_her_pickandplace_randomized_2M
sac_her_recovery_v2,object_pose_spoof,1,0.1,-150.0,0.0,0.4018677051907181,150,0.09847739338874817,1.373085379600525,0.0,1.0,,1751,v2,B2,sac_her_pickandplace_randomized_2M
sac_her_recovery_v2,object_pose_spoof,1,0.1,-150.0,0.0,0.49186748817821174,150,0.05299968272447586,1.6029555797576904,0.0,1.0,,1752,v2,B2,sac_her_pickandplace_randomized_2M
sac_her_recovery_v2,object_pose_spoof,1,0.1,-145.0,0.0,0.07432967799224506,150,0.2256389856338501,0.4462966024875641,0.0,1.0,10.0,1753,v2,B2,sac_her_pickandplace_randomized_2M
sac_her_recovery_v2,object_pose_spoof,1,0.1,-148.0,0.0,0.05201558379825237,150,1.2887380123138428,1.011860728263855,0.0,1.0,19.0,1754,v2,B2,sac_her_pickandplace_randomized_2M
sac_her_recovery_v2,object_pose_spoof,1,0.1,-144.0,0.0,0.08324907656157295,150,0.9992450475692749,0.7724126577377319,0.0,1.0,26.0,1755,v2,B2,sac_her_pickandplace_randomized_2M
sac_her_recovery_v2,object_pose_spoof,1,0.1,-150.0,0.0,0.6545386215388493,150,0.23844051361083984,1.5754706859588623,1.0,1.0,,1756,v2,B2,sac_her_pickandplace_randomized_2M
sac_her_recovery_v2,object_pose_spoof,1,0.1,-150.0,0.0,0.33002427201774126,150,0.07984120398759842,1.171343207359314,0.0,1.0,,1757,v2,B2,sac_her_pickandplace_randomized_2M
sac_her_recovery_v2,object_pose_spoof,1,0.1,-150.0,0.0,0.42064412920221217,150,0.09618161618709564,1.4290688037872314,0.0,1.0,,1758,v2,B2,sac_her_pickandplace_randomized_2M
sac_her_recovery_v2,object_pose_spoof,1,0.1,-150.0,0.0,0.28099992792259954,150,0.0999341607093811,1.3762667179107666,0.0,1.0,,1759,v2,B2,sac_her_pickandplace_randomized_2M
sac_her_recovery_v2,object_pose_spoof,1,0.1,-150.0,0.0,0.08049939913748122,150,0.4042404592037201,1.1314584016799927,1.0,1.0,,1760,v2,B2,sac_her_pickandplace_randomized_2M
sac_her_recovery_v2,object_pose_spoof,1,0.1,-150.0,0.0,0.18794601452870727,150,2.0310566425323486,1.6644744873046875,0.0,1.0,,1761,v2,B2,sac_her_pickandplace_randomized_2M
sac_her_recovery_v2,object_pose_spoof,1,0.1,-150.0,0.0,0.08837447074144156,150,0.25697997212409973,1.3339245319366455,0.0,1.0,,1762,v2,B2,sac_her_pickandplace_randomized_2M
sac_her_recovery_v2,object_pose_spoof,1,0.1,-150.0,0.0,0.11083628479136438,150,1.8334242105484009,1.4326395988464355,0.0,1.0,,1763,v2,B2,sac_her_pickandplace_randomized_2M
sac_her_recovery_v2,object_pose_spoof,1,0.1,-148.0,0.0,0.13998979864342612,150,0.7936033010482788,1.5820599794387817,0.0,1.0,2.0,1764,v2,B2,sac_her_pickandplace_randomized_2M
sac_her_recovery_v2,object_pose_spoof,1,0.1,-150.0,0.0,0.06267746564716475,150,0.15728837251663208,1.0866868495941162,0.0,0.0,,1765,v2,B2,sac_her_pickandplace_randomized_2M
sac_her_recovery_v2,object_pose_spoof,1,0.1,-150.0,0.0,0.368293308242639,150,0.025181574746966362,1.3275628089904785,0.0,1.0,,1766,v2,B2,sac_her_pickandplace_randomized_2M
sac_her_recovery_v2,object_pose_spoof,1,0.1,-144.0,0.0,0.5507949195055746,150,0.4746854603290558,1.514018177986145,1.0,1.0,28.0,1767,v2,B2,sac_her_pickandplace_randomized_2M
sac_her_recovery_v2,object_pose_spoof,1,0.1,-150.0,0.0,0.47198959199322243,150,0.042005185037851334,1.6246070861816406,0.0,1.0,,1768,v2,B2,sac_her_pickandplace_randomized_2M
sac_her_recovery_v2,object_pose_spoof,1,0.1,-150.0,0.0,0.4156038630093016,150,0.050244107842445374,1.0211224555969238,0.0,1.0,,1769,v2,B2,sac_her_pickandplace_randomized_2M
sac_her_recovery_v3,object_pose_spoof,1,0.1,-11.0,1.0,0.017818052278199267,150,0.21881406009197235,1.2843513488769531,0.0,0.0,11.0,1770,v3,B3,sac_her_pickandplace_randomized_2M
sac_her_recovery_v3,object_pose_spoof,1,0.1,-150.0,0.0,0.5153339516114629,150,0.11884161829948425,1.4936658143997192,1.0,1.0,,1771,v3,B3,sac_her_pickandplace_randomized_2M
sac_her_recovery_v3,object_pose_spoof,1,0.1,-150.0,0.0,0.45612773087324826,150,0.04460933431982994,1.5683350563049316,0.0,1.0,,1772,v3,B3,sac_her_pickandplace_randomized_2M
sac_her_recovery_v3,object_pose_spoof,1,0.1,-150.0,0.0,0.3042911997167348,150,0.3083488941192627,1.5439255237579346,1.0,1.0,,1773,v3,B3,sac_her_pickandplace_randomized_2M
sac_her_recovery_v3,object_pose_spoof,1,0.1,-150.0,0.0,0.1972064660150802,150,0.38472798466682434,1.4393393993377686,0.0,1.0,,1774,v3,B3,sac_her_pickandplace_randomized_2M
sac_her_recovery_v3,object_pose_spoof,1,0.1,-150.0,0.0,0.4533811987190141,150,0.0680001974105835,1.3218082189559937,0.0,1.0,,1775,v3,B3,sac_her_pickandplace_randomized_2M
sac_her_recovery_v3,object_pose_spoof,1,0.1,-150.0,0.0,0.7131507303887366,150,0.49617284536361694,1.6894084215164185,1.0,1.0,,1776,v3,B3,sac_her_pickandplace_randomized_2M
sac_her_recovery_v3,object_pose_spoof,1,0.1,-150.0,0.0,0.10201584692806188,150,0.3175993263721466,0.9503928422927856,0.0,1.0,,1777,v3,B3,sac_her_pickandplace_randomized_2M
sac_her_recovery_v3,object_pose_spoof,1,0.1,-150.0,0.0,0.3195959526341559,150,0.1061573252081871,1.5379986763000488,0.0,1.0,,1778,v3,B3,sac_her_pickandplace_randomized_2M
sac_her_recovery_v3,object_pose_spoof,1,0.1,-150.0,0.0,0.17850534100260537,150,1.1392818689346313,0.795052170753479,0.0,1.0,,1779,v3,B3,sac_her_pickandplace_randomized_2M
sac_her_recovery_v3,object_pose_spoof,1,0.1,-150.0,0.0,0.11822340972128706,150,0.22565099596977234,1.1011340618133545,0.0,1.0,,1780,v3,B3,sac_her_pickandplace_randomized_2M
sac_her_recovery_v3,object_pose_spoof,1,0.1,-150.0,0.0,0.4018677051907181,150,0.07715727388858795,1.2433849573135376,0.0,1.0,,1781,v3,B3,sac_her_pickandplace_randomized_2M
sac_her_recovery_v3,object_pose_spoof,1,0.1,-150.0,0.0,0.49186748817821174,150,0.04779285192489624,1.5740864276885986,0.0,1.0,,1782,v3,B3,sac_her_pickandplace_randomized_2M
sac_her_recovery_v3,object_pose_spoof,1,0.1,-147.0,0.0,0.09560370679143267,150,1.2812483310699463,0.8922283053398132,0.0,1.0,13.0,1783,v3,B3,sac_her_pickandplace_randomized_2M
sac_her_recovery_v3,object_pose_spoof,1,0.1,-31.0,1.0,0.041787840387613504,150,1.7251924276351929,1.2942930459976196,0.0,0.0,31.0,1784,v3,B3,sac_her_pickandplace_randomized_2M
sac_her_recovery_v3,object_pose_spoof,1,0.1,-150.0,0.0,0.09977743186177254,150,1.737364649772644,1.0460209846496582,0.0,1.0,,1785,v3,B3,sac_her_pickandplace_randomized_2M
sac_her_recovery_v3,object_pose_spoof,1,0.1,-150.0,0.0,0.0867037900037423,150,0.20827153325080872,1.4161924123764038,0.0,0.0,,1786,v3,B3,sac_her_pickandplace_randomized_2M
sac_her_recovery_v3,object_pose_spoof,1,0.1,-150.0,0.0,0.33002427201774126,150,0.04303896054625511,1.2043124437332153,0.0,1.0,,1787,v3,B3,sac_her_pickandplace_randomized_2M
sac_her_recovery_v3,object_pose_spoof,1,0.1,-150.0,0.0,0.40184436874307533,150,0.08355415612459183,1.2820727825164795,0.0,1.0,,1788,v3,B3,sac_her_pickandplace_randomized_2M
sac_her_recovery_v3,object_pose_spoof,1,0.1,-150.0,0.0,0.2685301831417435,150,0.09952472150325775,1.3132383823394775,0.0,1.0,,1789,v3,B3,sac_her_pickandplace_randomized_2M
sac_her_recovery_v3,object_pose_spoof,1,0.1,-150.0,0.0,0.2544801351742931,150,0.372195303440094,1.488520860671997,1.0,1.0,,1790,v3,B3,sac_her_pickandplace_randomized_2M
sac_her_recovery_v3,object_pose_spoof,1,0.1,-150.0,0.0,0.1702405885575018,150,1.1911253929138184,1.2803055047988892,1.0,1.0,,1791,v3,B3,sac_her_pickandplace_randomized_2M
sac_her_recovery_v3,object_pose_spoof,1,0.1,-150.0,0.0,0.17210251043758926,150,0.404448002576828,1.2068886756896973,0.0,1.0,,1792,v3,B3,sac_her_pickandplace_randomized_2M
sac_her_recovery_v3,object_pose_spoof,1,0.1,-112.0,1.0,0.018311567523983358,150,1.0229392051696777,1.2056976556777954,0.0,1.0,10.0,1793,v3,B3,sac_her_pickandplace_randomized_2M
sac_her_recovery_v3,object_pose_spoof,1,0.1,-145.0,0.0,0.9525553840611679,150,0.3459242880344391,1.6313775777816772,1.0,1.0,5.0,1794,v3,B3,sac_her_pickandplace_randomized_2M
sac_her_recovery_v3,object_pose_spoof,1,0.1,-150.0,0.0,0.08525395831316858,150,0.15053877234458923,1.278985619544983,0.0,0.0,,1795,v3,B3,sac_her_pickandplace_randomized_2M
sac_her_recovery_v3,object_pose_spoof,1,0.1,-150.0,0.0,0.368293308242639,150,0.022414857521653175,1.3803048133850098,0.0,1.0,,1796,v3,B3,sac_her_pickandplace_randomized_2M
sac_her_recovery_v3,object_pose_spoof,1,0.1,-149.0,0.0,0.13362454311117303,150,0.4065374732017517,1.263569712638855,1.0,1.0,76.0,1797,v3,B3,sac_her_pickandplace_randomized_2M
sac_her_recovery_v3,object_pose_spoof,1,0.1,-150.0,0.0,0.47198959199322243,150,0.12382279336452484,1.4007220268249512,0.0,1.0,,1798,v3,B3,sac_her_pickandplace_randomized_2M
sac_her_recovery_v3,object_pose_spoof,1,0.1,-150.0,0.0,0.4156038630093016,150,0.05141402408480644,1.0781707763671875,0.0,1.0,,1799,v3,B3,sac_her_pickandplace_randomized_2M
sac_her,grip_state_falsification,1,0.0,-91.0,1.0,0.0170050161473408,150,1.0603268146514893,1.6274594068527222,1.0,0.0,9.0,1800,none,B1,sac_her_pickandplace_randomized_2M
sac_her,grip_state_falsification,1,0.0,-150.0,0.0,0.47960143954333734,150,0.19673748314380646,1.8120654821395874,0.0,0.0,,1801,none,B1,sac_her_pickandplace_randomized_2M
sac_her,grip_state_falsification,1,0.0,-150.0,0.0,0.45612773087324826,150,0.01790683902800083,1.4259862899780273,0.0,0.0,,1802,none,B1,sac_her_pickandplace_randomized_2M
sac_her,grip_state_falsification,1,0.0,-33.0,1.0,0.01769296374867565,150,0.44993242621421814,1.1898648738861084,0.0,0.0,33.0,1803,none,B1,sac_her_pickandplace_randomized_2M
sac_her,grip_state_falsification,1,0.0,-148.0,0.0,0.6987350321478363,150,0.45823803544044495,1.7124159336090088,1.0,0.0,16.0,1804,none,B1,sac_her_pickandplace_randomized_2M
sac_her,grip_state_falsification,1,0.0,-150.0,0.0,0.4533811987190141,150,0.02377578802406788,1.1784169673919678,0.0,0.0,,1805,none,B1,sac_her_pickandplace_randomized_2M
sac_her,grip_state_falsification,1,0.0,-150.0,0.0,0.3227130596495864,150,0.03927145525813103,1.3060351610183716,0.0,0.0,,1806,none,B1,sac_her_pickandplace_randomized_2M
sac_her,grip_state_falsification,1,0.0,-150.0,0.0,0.27484987058440674,150,0.11533719301223755,1.3779913187026978,0.0,0.0,,1807,none,B1,sac_her_pickandplace_randomized_2M
sac_her,grip_state_falsification,1,0.0,-150.0,0.0,0.3195959526341559,150,0.05591661483049393,1.5970078706741333,0.0,0.0,,1808,none,B1,sac_her_pickandplace_randomized_2M
sac_her,grip_state_falsification,1,0.0,-150.0,0.0,0.17850534100260537,150,1.2361804246902466,1.2097316980361938,0.0,0.0,,1809,none,B1,sac_her_pickandplace_randomized_2M
sac_her,grip_state_falsification,1,0.0,-20.0,1.0,0.0040627990949219355,150,0.31504133343696594,1.2983152866363525,0.0,0.0,8.0,1810,none,B1,sac_her_pickandplace_randomized_2M
sac_her,grip_state_falsification,1,0.0,-150.0,0.0,0.41830103359185294,150,0.04302332550287247,0.5616191625595093,0.0,0.0,,1811,none,B1,sac_her_pickandplace_randomized_2M
sac_her,grip_state_falsification,1,0.0,-150.0,0.0,0.49186748817821174,150,0.01516007911413908,1.6165169477462769,0.0,0.0,,1812,none,B1,sac_her_pickandplace_randomized_2M
sac_her,grip_state_falsification,1,0.0,-148.0,0.0,1.0486178944970217,150,0.22453835606575012,1.6640467643737793,0.0,0.0,7.0,1813,none,B1,sac_her_pickandplace_randomized_2M
sac_her,grip_state_falsification,1,0.0,-147.0,0.0,0.05963141468355543,150,0.25231003761291504,1.1367801427841187,0.0,0.0,22.0,1814,none,B1,sac_her_pickandplace_randomized_2M
sac_her,grip_state_falsification,1,0.0,-150.0,0.0,0.21769527211149578,150,0.08850304782390594,1.461735486984253,0.0,0.0,,1815,none,B1,sac_her_pickandplace_randomized_2M
sac_her,grip_state_falsification,1,0.0,-150.0,0.0,0.051587122762457395,150,0.635006308555603,1.0074589252471924,0.0,0.0,,1816,none,B1,sac_her_pickandplace_randomized_2M
sac_her,grip_state_falsification,1,0.0,-150.0,0.0,0.33002427201774126,150,0.03139551356434822,1.0102458000183105,0.0,0.0,,1817,none,B1,sac_her_pickandplace_randomized_2M
sac_her,grip_state_falsification,1,0.0,-150.0,0.0,0.42064412920221217,150,0.036666471511125565,1.4293224811553955,0.0,0.0,,1818,none,B1,sac_her_pickandplace_randomized_2M
sac_her,grip_state_falsification,1,0.0,-150.0,0.0,0.3011904933422104,150,0.05481824278831482,1.1501715183258057,0.0,0.0,,1819,none,B1,sac_her_pickandplace_randomized_2M
sac_her,grip_state_falsification,1,0.0,-19.0,1.0,0.017387053400528724,150,0.21844704449176788,1.0073953866958618,0.0,0.0,19.0,1820,none,B1,sac_her_pickandplace_randomized_2M
sac_her,grip_state_falsification,1,0.0,-150.0,0.0,0.11262847743285047,150,1.0456680059432983,1.2156919240951538,1.0,0.0,,1821,none,B1,sac_her_pickandplace_randomized_2M
sac_her,grip_state_falsification,1,0.0,-7.0,1.0,0.020221452473648444,150,1.4505822658538818,1.1805819272994995,0.0,0.0,7.0,1822,none,B1,sac_her_pickandplace_randomized_2M
sac_her,grip_state_falsification,1,0.0,-7.0,1.0,0.04886917341589414,150,0.11589444428682327,0.9492591619491577,1.0,0.0,7.0,1823,none,B1,sac_her_pickandplace_randomized_2M
sac_her,grip_state_falsification,1,0.0,-3.0,1.0,0.006652203193114981,150,0.25682857632637024,1.236424207687378,0.0,0.0,3.0,1824,none,B1,sac_her_pickandplace_randomized_2M
sac_her,grip_state_falsification,1,0.0,-48.0,1.0,0.018013022479792973,150,0.7664464712142944,1.2605366706848145,0.0,0.0,9.0,1825,none,B1,sac_her_pickandplace_randomized_2M
sac_her,grip_state_falsification,1,0.0,-150.0,0.0,0.368293308242639,150,0.023762555792927742,0.7329141497612,0.0,0.0,,1826,none,B1,sac_her_pickandplace_randomized_2M
sac_her,grip_state_falsification,1,0.0,-150.0,0.0,0.7988198527747125,150,0.21878883242607117,1.4572139978408813,0.0,0.0,,1827,none,B1,sac_her_pickandplace_randomized_2M
sac_her,grip_state_falsification,1,0.0,-150.0,0.0,0.47198959199322243,150,0.024221109226346016,1.5584423542022705,0.0,0.0,,1828,none,B1,sac_her_pickandplace_randomized_2M
sac_her,grip_state_falsification,1,0.0,-150.0,0.0,0.4156038630093016,150,0.027599763125181198,0.911364734172821,0.0,0.0,,1829,none,B1,sac_her_pickandplace_randomized_2M
sac_her_recovery_v2,grip_state_falsification,1,0.0,-150.0,0.0,0.9221898924573816,150,0.8048252463340759,1.7135303020477295,1.0,1.0,,1830,v2,B2,sac_her_pickandplace_randomized_2M
sac_her_recovery_v2,grip_state_falsification,1,0.0,-150.0,0.0,0.47960143954333734,150,0.7362229824066162,1.604872465133667,1.0,1.0,,1831,v2,B2,sac_her_pickandplace_randomized_2M
sac_her_recovery_v2,grip_state_falsification,1,0.0,-150.0,0.0,0.45612773087324826,150,0.04877520725131035,1.4252315759658813,0.0,1.0,,1832,v2,B2,sac_her_pickandplace_randomized_2M
sac_her_recovery_v2,grip_state_falsification,1,0.0,-150.0,0.0,0.7950479592133365,150,0.8503288626670837,1.6503074169158936,1.0,1.0,,1833,v2,B2,sac_her_pickandplace_randomized_2M
sac_her_recovery_v2,grip_state_falsification,1,0.0,-51.0,1.0,0.02334171180058907,150,0.31501302123069763,1.015450358390808,0.0,1.0,51.0,1834,v2,B2,sac_her_pickandplace_randomized_2M
sac_her_recovery_v2,grip_state_falsification,1,0.0,-150.0,0.0,0.4533811987190141,150,0.059053145349025726,1.1894572973251343,0.0,1.0,,1835,v2,B2,sac_her_pickandplace_randomized_2M
sac_her_recovery_v2,grip_state_falsification,1,0.0,-150.0,0.0,0.3227130596495864,150,0.07090762257575989,1.3037320375442505,0.0,1.0,,1836,v2,B2,sac_her_pickandplace_randomized_2M
sac_her_recovery_v2,grip_state_falsification,1,0.0,-150.0,0.0,0.27484987058440674,150,0.15537171065807343,1.3798549175262451,0.0,1.0,,1837,v2,B2,sac_her_pickandplace_randomized_2M
sac_her_recovery_v2,grip_state_falsification,1,0.0,-150.0,0.0,0.3195959526341559,150,0.08403831720352173,1.5940301418304443,0.0,1.0,,1838,v2,B2,sac_her_pickandplace_randomized_2M
sac_her_recovery_v2,grip_state_falsification,1,0.0,-150.0,0.0,0.17850534100260537,150,1.2532411813735962,1.2220587730407715,0.0,1.0,,1839,v2,B2,sac_her_pickandplace_randomized_2M
sac_her_recovery_v2,grip_state_falsification,1,0.0,-8.0,1.0,0.008172840573001449,150,0.1078982800245285,0.9375379681587219,0.0,1.0,8.0,1840,v2,B2,sac_her_pickandplace_randomized_2M
sac_her_recovery_v2,grip_state_falsification,1,0.0,-150.0,0.0,0.4127018868536114,150,0.10658218711614609,0.5935117602348328,0.0,1.0,,1841,v2,B2,sac_her_pickandplace_randomized_2M
sac_her_recovery_v2,grip_state_falsification,1,0.0,-150.0,0.0,0.49186748817821174,150,0.05292673036456108,1.6167887449264526,0.0,1.0,,1842,v2,B2,sac_her_pickandplace_randomized_2M
sac_her_recovery_v2,grip_state_falsification,1,0.0,-148.0,0.0,1.0486178944970217,150,0.23931562900543213,1.5711297988891602,1.0,1.0,7.0,1843,v2,B2,sac_her_pickandplace_randomized_2M
sac_her_recovery_v2,grip_state_falsification,1,0.0,-147.0,0.0,0.05963141468355543,150,0.25231003761291504,1.1367801427841187,0.0,0.0,22.0,1844,v2,B2,sac_her_pickandplace_randomized_2M
sac_her_recovery_v2,grip_state_falsification,1,0.0,-150.0,0.0,0.21769527211149578,150,0.2618124485015869,1.3376951217651367,0.0,1.0,,1845,v2,B2,sac_her_pickandplace_randomized_2M
sac_her_recovery_v2,grip_state_falsification,1,0.0,-150.0,0.0,0.051587122762457395,150,0.635006308555603,1.0074589252471924,0.0,0.0,,1846,v2,B2,sac_her_pickandplace_randomized_2M
sac_her_recovery_v2,grip_state_falsification,1,0.0,-150.0,0.0,0.33002427201774126,150,0.045200176537036896,1.0761663913726807,0.0,1.0,,1847,v2,B2,sac_her_pickandplace_randomized_2M
sac_her_recovery_v2,grip_state_falsification,1,0.0,-150.0,0.0,0.42064412920221217,150,0.08175623416900635,1.4296389818191528,0.0,1.0,,1848,v2,B2,sac_her_pickandplace_randomized_2M
sac_her_recovery_v2,grip_state_falsification,1,0.0,-150.0,0.0,0.297856520706102,150,0.12314926832914352,1.1687575578689575,1.0,1.0,,1849,v2,B2,sac_her_pickandplace_randomized_2M
sac_her_recovery_v2,grip_state_falsification,1,0.0,-16.0,1.0,0.003647675033938179,150,0.13630148768424988,0.38741445541381836,0.0,1.0,16.0,1850,v2,B2,sac_her_pickandplace_randomized_2M
sac_her_recovery_v2,grip_state_falsification,1,0.0,-150.0,0.0,0.13468819514493977,150,0.8834262490272522,1.04717218875885,0.0,1.0,,1851,v2,B2,sac_her_pickandplace_randomized_2M
sac_her_recovery_v2,grip_state_falsification,1,0.0,-7.0,1.0,0.020221452473648444,150,1.4505822658538818,1.1805819272994995,0.0,0.0,7.0,1852,v2,B2,sac_her_pickandplace_randomized_2M
sac_her_recovery_v2,grip_state_falsification,1,0.0,-15.0,1.0,0.025893289676963673,150,1.830403208732605,1.2611602544784546,1.0,1.0,15.0,1853,v2,B2,sac_her_pickandplace_randomized_2M
sac_her_recovery_v2,grip_state_falsification,1,0.0,-3.0,1.0,0.006652203193114981,150,0.25682857632637024,1.236424207687378,0.0,0.0,3.0,1854,v2,B2,sac_her_pickandplace_randomized_2M
sac_her_recovery_v2,grip_state_falsification,1,0.0,-38.0,1.0,0.01565947304748908,150,0.46686676144599915,0.8933402299880981,0.0,1.0,9.0,1855,v2,B2,sac_her_pickandplace_randomized_2M
sac_her_recovery_v2,grip_state_falsification,1,0.0,-150.0,0.0,0.368293308242639,150,0.032147713005542755,0.5776056051254272,0.0,1.0,,1856,v2,B2,sac_her_pickandplace_randomized_2M
sac_her_recovery_v2,grip_state_falsification,1,0.0,-150.0,0.0,0.7988198527747125,150,0.1892126351594925,1.4487050771713257,1.0,1.0,,1857,v2,B2,sac_her_pickandplace_randomized_2M
sac_her_recovery_v2,grip_state_falsification,1,0.0,-150.0,0.0,0.47198959199322243,150,0.050185926258563995,1.5600390434265137,0.0,1.0,,1858,v2,B2,sac_her_pickandplace_randomized_2M
sac_her_recovery_v2,grip_state_falsification,1,0.0,-150.0,0.0,0.4156038630093016,150,0.04831533879041672,0.9242023825645447,0.0,1.0,,1859,v2,B2,sac_her_pickandplace_randomized_2M
sac_her_recovery_v3,grip_state_falsification,1,0.0,-150.0,0.0,0.23329142221063473,150,0.2980019450187683,1.2717058658599854,0.0,1.0,,1860,v3,B3,sac_her_pickandplace_randomized_2M
sac_her_recovery_v3,grip_state_falsification,1,0.0,-150.0,0.0,0.47960143954333734,150,0.40533092617988586,1.529765009880066,1.0,1.0,,1861,v3,B3,sac_her_pickandplace_randomized_2M
sac_her_recovery_v3,grip_state_falsification,1,0.0,-150.0,0.0,0.45612773087324826,150,0.04767576605081558,1.4510363340377808,0.0,1.0,,1862,v3,B3,sac_her_pickandplace_randomized_2M
sac_her_recovery_v3,grip_state_falsification,1,0.0,-150.0,0.0,0.3042911997167348,150,0.355567991733551,1.5071476697921753,1.0,1.0,,1863,v3,B3,sac_her_pickandplace_randomized_2M
sac_her_recovery_v3,grip_state_falsification,1,0.0,-51.0,1.0,0.02334171180058907,150,0.31501302123069763,1.015450358390808,0.0,1.0,51.0,1864,v3,B3,sac_her_pickandplace_randomized_2M
sac_her_recovery_v3,grip_state_falsification,1,0.0,-150.0,0.0,0.4533811987190141,150,0.06690645962953568,1.2311546802520752,0.0,1.0,,1865,v3,B3,sac_her_pickandplace_randomized_2M
sac_her_recovery_v3,grip_state_falsification,1,0.0,-150.0,0.0,0.3227130596495864,150,0.07864663749933243,1.3057376146316528,0.0,1.0,,1866,v3,B3,sac_her_pickandplace_randomized_2M
sac_her_recovery_v3,grip_state_falsification,1,0.0,-35.0,1.0,0.009764957695484185,150,0.4269910156726837,1.4527300596237183,0.0,1.0,35.0,1867,v3,B3,sac_her_pickandplace_randomized_2M
sac_her_recovery_v3,grip_state_falsification,1,0.0,-150.0,0.0,0.3195959526341559,150,0.10884242504835129,1.583348035812378,0.0,1.0,,1868,v3,B3,sac_her_pickandplace_randomized_2M
sac_her_recovery_v3,grip_state_falsification,1,0.0,-150.0,0.0,0.17850534100260537,150,1.2279984951019287,1.205951452255249,0.0,1.0,,1869,v3,B3,sac_her_pickandplace_randomized_2M
sac_her_recovery_v3,grip_state_falsification,1,0.0,-8.0,1.0,0.008172840573001449,150,0.10720624774694443,0.9285640716552734,0.0,1.0,8.0,1870,v3,B3,sac_her_pickandplace_randomized_2M
sac_her_recovery_v3,grip_state_falsification,1,0.0,-150.0,0.0,0.4018677051907181,150,0.04241853207349777,0.6397117376327515,0.0,1.0,,1871,v3,B3,sac_her_pickandplace_randomized_2M
sac_her_recovery_v3,grip_state_falsification,1,0.0,-150.0,0.0,0.49186748817821174,150,0.055037178099155426,1.6164758205413818,0.0,1.0,,1872,v3,B3,sac_her_pickandplace_randomized_2M
sac_her_recovery_v3,grip_state_falsification,1,0.0,-148.0,0.0,1.0486178944970217,150,0.2761377990245819,1.616021990776062,1.0,1.0,7.0,1873,v3,B3,sac_her_pickandplace_randomized_2M
sac_her_recovery_v3,grip_state_falsification,1,0.0,-147.0,0.0,0.05963141468355543,150,0.25231003761291504,1.1367801427841187,0.0,0.0,22.0,1874,v3,B3,sac_her_pickandplace_randomized_2M
sac_her_recovery_v3,grip_state_falsification,1,0.0,-150.0,0.0,0.21769527211149578,150,0.29068440198898315,1.2718762159347534,0.0,1.0,,1875,v3,B3,sac_her_pickandplace_randomized_2M
sac_her_recovery_v3,grip_state_falsification,1,0.0,-150.0,0.0,0.051587122762457395,150,0.635006308555603,1.0074589252471924,0.0,0.0,,1876,v3,B3,sac_her_pickandplace_randomized_2M
sac_her_recovery_v3,grip_state_falsification,1,0.0,-150.0,0.0,0.33002427201774126,150,0.045739274471998215,1.0952609777450562,0.0,1.0,,1877,v3,B3,sac_her_pickandplace_randomized_2M
sac_her_recovery_v3,grip_state_falsification,1,0.0,-150.0,0.0,0.42064412920221217,150,0.0859803855419159,1.441501259803772,0.0,1.0,,1878,v3,B3,sac_her_pickandplace_randomized_2M
sac_her_recovery_v3,grip_state_falsification,1,0.0,-150.0,0.0,0.31168473289818416,150,0.10812121629714966,1.4892386198043823,1.0,1.0,,1879,v3,B3,sac_her_pickandplace_randomized_2M
sac_her_recovery_v3,grip_state_falsification,1,0.0,-16.0,1.0,0.003647675033938179,150,0.13630148768424988,0.38741445541381836,0.0,1.0,16.0,1880,v3,B3,sac_her_pickandplace_randomized_2M
sac_her_recovery_v3,grip_state_falsification,1,0.0,-150.0,0.0,0.10164646946926004,150,0.18561089038848877,1.2563812732696533,0.0,1.0,,1881,v3,B3,sac_her_pickandplace_randomized_2M
sac_her_recovery_v3,grip_state_falsification,1,0.0,-7.0,1.0,0.020221452473648444,150,1.4505822658538818,1.1805819272994995,0.0,0.0,7.0,1882,v3,B3,sac_her_pickandplace_randomized_2M
sac_her_recovery_v3,grip_state_falsification,1,0.0,-35.0,1.0,0.0013628415289342504,150,0.3200831711292267,1.1415479183197021,0.0,1.0,35.0,1883,v3,B3,sac_her_pickandplace_randomized_2M
sac_her_recovery_v3,grip_state_falsification,1,0.0,-3.0,1.0,0.006652203193114981,150,0.25682857632637024,1.236424207687378,0.0,0.0,3.0,1884,v3,B3,sac_her_pickandplace_randomized_2M
sac_her_recovery_v3,grip_state_falsification,1,0.0,-148.0,0.0,0.1231765274858567,150,0.46229544281959534,1.1248482465744019,1.0,1.0,9.0,1885,v3,B3,sac_her_pickandplace_randomized_2M
sac_her_recovery_v3,grip_state_falsification,1,0.0,-150.0,0.0,0.368293308242639,150,0.04804973304271698,0.774919867515564,0.0,1.0,,1886,v3,B3,sac_her_pickandplace_randomized_2M
sac_her_recovery_v3,grip_state_falsification,1,0.0,-150.0,0.0,0.7988198527747125,150,0.19103188812732697,1.4515466690063477,1.0,1.0,,1887,v3,B3,sac_her_pickandplace_randomized_2M
sac_her_recovery_v3,grip_state_falsification,1,0.0,-150.0,0.0,0.47198959199322243,150,0.04656033217906952,1.5529087781906128,0.0,1.0,,1888,v3,B3,sac_her_pickandplace_randomized_2M
sac_her_recovery_v3,grip_state_falsification,1,0.0,-150.0,0.0,0.4156038630093016,150,0.05379144474864006,0.9607369899749756,0.0,1.0,,1889,v3,B3,sac_her_pickandplace_randomized_2M
sac_her,contact_dropout,1,0.0,-150.0,0.0,0.959515128032895,150,0.11388001590967178,1.906347632408142,0.0,0.0,,1890,none,B1,sac_her_pickandplace_randomized_2M
sac_her,contact_dropout,1,0.0,-150.0,0.0,0.08429521114714446,150,0.05366219952702522,1.4419993162155151,0.0,0.0,,1891,none,B1,sac_her_pickandplace_randomized_2M
sac_her,contact_dropout,1,0.0,-150.0,0.0,0.45612773087324826,150,0.00481480872258544,1.908321499824524,0.0,0.0,,1892,none,B1,sac_her_pickandplace_randomized_2M
sac_her,contact_dropout,1,0.0,-150.0,0.0,0.3042911997167348,150,0.017399977892637253,1.451006293296814,0.0,0.0,,1893,none,B1,sac_her_pickandplace_randomized_2M
sac_her,contact_dropout,1,0.0,-150.0,0.0,0.8398277427732048,150,0.0847020372748375,1.887091875076294,0.0,0.0,,1894,none,B1,sac_her_pickandplace_randomized_2M
sac_her,contact_dropout,1,0.0,-150.0,0.0,0.4533811987190141,150,0.07930610328912735,1.5540685653686523,0.0,0.0,,1895,none,B1,sac_her_pickandplace_randomized_2M
sac_her,contact_dropout,1,0.0,-150.0,0.0,0.3227130596495864,150,0.04586614668369293,1.526388168334961,0.0,0.0,,1896,none,B1,sac_her_pickandplace_randomized_2M
sac_her,contact_dropout,1,0.0,-150.0,0.0,0.27484987058440674,150,0.03151359409093857,1.693029522895813,0.0,0.0,,1897,none,B1,sac_her_pickandplace_randomized_2M
sac_her,contact_dropout,1,0.0,-150.0,0.0,0.3195959526341559,150,0.077547088265419,1.744377851486206,0.0,0.0,,1898,none,B1,sac_her_pickandplace_randomized_2M
sac_her,contact_dropout,1,0.0,-150.0,0.0,0.17850534100260537,150,0.02079618163406849,1.7605098485946655,0.0,0.0,,1899,none,B1,sac_her_pickandplace_randomized_2M
sac_her,contact_dropout,1,0.0,-150.0,0.0,0.06546259809637854,150,0.4986380636692047,1.1800687313079834,0.0,0.0,,1900,none,B1,sac_her_pickandplace_randomized_2M
sac_her,contact_dropout,1,0.0,-150.0,0.0,0.4018677051907181,150,0.024404017254710197,1.4439682960510254,0.0,0.0,,1901,none,B1,sac_her_pickandplace_randomized_2M
sac_her,contact_dropout,1,0.0,-150.0,0.0,0.49186748817821174,150,0.0063345301896333694,1.8627411127090454,0.0,0.0,,1902,none,B1,sac_her_pickandplace_randomized_2M
sac_her,contact_dropout,1,0.0,-150.0,0.0,0.13967181980427637,150,0.03850129619240761,1.4409271478652954,0.0,0.0,,1903,none,B1,sac_her_pickandplace_randomized_2M
sac_her,contact_dropout,1,0.0,-150.0,0.0,0.19028546994400328,150,0.06719206273555756,1.350140929222107,0.0,0.0,,1904,none,B1,sac_her_pickandplace_randomized_2M
sac_her,contact_dropout,1,0.0,-150.0,0.0,0.21769527211149578,150,0.024117929860949516,1.8308621644973755,0.0,0.0,,1905,none,B1,sac_her_pickandplace_randomized_2M
sac_her,contact_dropout,1,0.0,-150.0,0.0,0.23648500022221447,150,0.05338141322135925,1.7230037450790405,0.0,0.0,,1906,none,B1,sac_her_pickandplace_randomized_2M
sac_her,contact_dropout,1,0.0,-150.0,0.0,0.33002427201774126,150,0.01697571948170662,1.5374442338943481,0.0,0.0,,1907,none,B1,sac_her_pickandplace_randomized_2M
sac_her,contact_dropout,1,0.0,-150.0,0.0,0.42064412920221217,150,0.06355123221874237,1.6561144590377808,0.0,0.0,,1908,none,B1,sac_her_pickandplace_randomized_2M
sac_her,contact_dropout,1,0.0,-150.0,0.0,0.31168473289818416,150,0.057165708392858505,1.5702508687973022,0.0,0.0,,1909,none,B1,sac_her_pickandplace_randomized_2M
sac_her,contact_dropout,1,0.0,-150.0,0.0,0.2544801351742931,150,0.10934074223041534,1.69871187210083,0.0,0.0,,1910,none,B1,sac_her_pickandplace_randomized_2M
sac_her,contact_dropout,1,0.0,-150.0,0.0,0.13468819514493977,150,0.413217693567276,1.6467057466506958,0.0,0.0,,1911,none,B1,sac_her_pickandplace_randomized_2M
sac_her,contact_dropout,1,0.0,-150.0,0.0,0.13471008721429673,150,0.05764211714267731,1.626511812210083,0.0,0.0,,1912,none,B1,sac_her_pickandplace_randomized_2M
sac_her,contact_dropout,1,0.0,-150.0,0.0,0.1440250317394531,150,0.0872737392783165,1.7306616306304932,0.0,0.0,,1913,none,B1,sac_her_pickandplace_randomized_2M
sac_her,contact_dropout,1,0.0,-3.0,1.0,0.018804438576476807,150,0.04474850371479988,1.062732458114624,0.0,0.0,3.0,1914,none,B1,sac_her_pickandplace_randomized_2M
sac_her,contact_dropout,1,0.0,-150.0,0.0,0.16748649362533297,150,0.12911711633205414,1.2899969816207886,0.0,0.0,,1915,none,B1,sac_her_pickandplace_randomized_2M
sac_her,contact_dropout,1,0.0,-150.0,0.0,0.368293308242639,150,0.014297517016530037,1.5921311378479004,0.0,0.0,,1916,none,B1,sac_her_pickandplace_randomized_2M
sac_her,contact_dropout,1,0.0,-150.0,0.0,0.221817399080589,150,0.12347349524497986,1.7553088665008545,0.0,0.0,,1917,none,B1,sac_her_pickandplace_randomized_2M
sac_her,contact_dropout,1,0.0,-150.0,0.0,0.47198959199322243,150,0.0076516298577189445,1.7537400722503662,0.0,0.0,,1918,none,B1,sac_her_pickandplace_randomized_2M
sac_her,contact_dropout,1,0.0,-150.0,0.0,0.4156038630093016,150,0.01197150070220232,1.6111397743225098,0.0,0.0,,1919,none,B1,sac_her_pickandplace_randomized_2M
sac_her_recovery_v2,contact_dropout,1,0.0,-150.0,0.0,0.26398757570415043,150,0.09180613607168198,1.2987072467803955,0.0,1.0,,1920,v2,B2,sac_her_pickandplace_randomized_2M
sac_her_recovery_v2,contact_dropout,1,0.0,-150.0,0.0,0.08429521114714446,150,0.0756906121969223,1.434077262878418,0.0,1.0,,1921,v2,B2,sac_her_pickandplace_randomized_2M
sac_her_recovery_v2,contact_dropout,1,0.0,-150.0,0.0,0.45612773087324826,150,0.7776109576225281,1.6395612955093384,0.0,1.0,,1922,v2,B2,sac_her_pickandplace_randomized_2M
sac_her_recovery_v2,contact_dropout,1,0.0,-150.0,0.0,0.3042911997167348,150,0.05326533317565918,1.4588032960891724,0.0,1.0,,1923,v2,B2,sac_her_pickandplace_randomized_2M
sac_her_recovery_v2,contact_dropout,1,0.0,-150.0,0.0,0.8555808254901518,150,0.643352746963501,1.735446810722351,1.0,1.0,,1924,v2,B2,sac_her_pickandplace_randomized_2M
sac_her_recovery_v2,contact_dropout,1,0.0,-150.0,0.0,0.4533811987190141,150,0.33650243282318115,1.571656346321106,1.0,1.0,,1925,v2,B2,sac_her_pickandplace_randomized_2M
sac_her_recovery_v2,contact_dropout,1,0.0,-150.0,0.0,0.3227130596495864,150,0.07385177165269852,1.5515847206115723,0.0,1.0,,1926,v2,B2,sac_her_pickandplace_randomized_2M
sac_her_recovery_v2,contact_dropout,1,0.0,-150.0,0.0,0.27484987058440674,150,0.05716188624501228,1.6689109802246094,0.0,1.0,,1927,v2,B2,sac_her_pickandplace_randomized_2M
sac_her_recovery_v2,contact_dropout,1,0.0,-150.0,0.0,0.3195959526341559,150,0.2613412141799927,1.563354253768921,0.0,1.0,,1928,v2,B2,sac_her_pickandplace_randomized_2M
sac_her_recovery_v2,contact_dropout,1,0.0,-150.0,0.0,0.17850534100260537,150,0.2843025326728821,1.2719812393188477,0.0,1.0,,1929,v2,B2,sac_her_pickandplace_randomized_2M
sac_her_recovery_v2,contact_dropout,1,0.0,-150.0,0.0,0.06546259809637854,150,0.5768558382987976,1.1860601902008057,0.0,1.0,,1930,v2,B2,sac_her_pickandplace_randomized_2M
sac_her_recovery_v2,contact_dropout,1,0.0,-150.0,0.0,0.4018677051907181,150,0.049387525767087936,1.4755511283874512,0.0,1.0,,1931,v2,B2,sac_her_pickandplace_randomized_2M
sac_her_recovery_v2,contact_dropout,1,0.0,-150.0,0.0,0.49186748817821174,150,0.6078937649726868,1.775387167930603,0.0,1.0,,1932,v2,B2,sac_her_pickandplace_randomized_2M
sac_her_recovery_v2,contact_dropout,1,0.0,-150.0,0.0,0.13967181980427637,150,0.07327257841825485,1.4394711256027222,0.0,1.0,,1933,v2,B2,sac_her_pickandplace_randomized_2M
sac_her_recovery_v2,contact_dropout,1,0.0,-150.0,0.0,0.17918254033840988,150,0.2577608823776245,1.3878912925720215,0.0,1.0,,1934,v2,B2,sac_her_pickandplace_randomized_2M
sac_her_recovery_v2,contact_dropout,1,0.0,-150.0,0.0,0.21769527211149578,150,0.19982925057411194,1.2478363513946533,0.0,1.0,,1935,v2,B2,sac_her_pickandplace_randomized_2M
sac_her_recovery_v2,contact_dropout,1,0.0,-150.0,0.0,0.23648500022221447,150,0.340455561876297,1.40911066532135,0.0,1.0,,1936,v2,B2,sac_her_pickandplace_randomized_2M
sac_her_recovery_v2,contact_dropout,1,0.0,-150.0,0.0,0.33002427201774126,150,0.0355411022901535,1.5380200147628784,0.0,1.0,,1937,v2,B2,sac_her_pickandplace_randomized_2M
sac_her_recovery_v2,contact_dropout,1,0.0,-150.0,0.0,0.42064412920221217,150,0.10905835777521133,1.647040843963623,1.0,1.0,,1938,v2,B2,sac_her_pickandplace_randomized_2M
sac_her_recovery_v2,contact_dropout,1,0.0,-150.0,0.0,0.31168473289818416,150,0.10661058872938156,1.531108021736145,0.0,1.0,,1939,v2,B2,sac_her_pickandplace_randomized_2M
sac_her_recovery_v2,contact_dropout,1,0.0,-150.0,0.0,0.2544801351742931,150,0.3384477496147156,1.6494351625442505,0.0,1.0,,1940,v2,B2,sac_her_pickandplace_randomized_2M
sac_her_recovery_v2,contact_dropout,1,0.0,-150.0,0.0,0.13468819514493977,150,0.4083225727081299,1.6360795497894287,0.0,1.0,,1941,v2,B2,sac_her_pickandplace_randomized_2M
sac_her_recovery_v2,contact_dropout,1,0.0,-150.0,0.0,0.13471008721429673,150,0.21354764699935913,1.573847770690918,0.0,1.0,,1942,v2,B2,sac_her_pickandplace_randomized_2M
sac_her_recovery_v2,contact_dropout,1,0.0,-150.0,0.0,0.1440250317394531,150,0.11092045158147812,1.692562222480774,0.0,1.0,,1943,v2,B2,sac_her_pickandplace_randomized_2M
sac_her_recovery_v2,contact_dropout,1,0.0,-3.0,1.0,0.018804438576476807,150,0.04474850371479988,1.062732458114624,0.0,0.0,3.0,1944,v2,B2,sac_her_pickandplace_randomized_2M
sac_her_recovery_v2,contact_dropout,1,0.0,-150.0,0.0,0.16748649362533297,150,0.19935907423496246,1.3110498189926147,0.0,1.0,,1945,v2,B2,sac_her_pickandplace_randomized_2M
sac_her_recovery_v2,contact_dropout,1,0.0,-150.0,0.0,0.368293308242639,150,0.04429901763796806,1.5896095037460327,0.0,1.0,,1946,v2,B2,sac_her_pickandplace_randomized_2M
sac_her_recovery_v2,contact_dropout,1,0.0,-150.0,0.0,0.221817399080589,150,0.7799218893051147,1.4595540761947632,0.0,1.0,,1947,v2,B2,sac_her_pickandplace_randomized_2M
sac_her_recovery_v2,contact_dropout,1,0.0,-150.0,0.0,0.47198959199322243,150,0.039038680493831635,1.7521601915359497,0.0,1.0,,1948,v2,B2,sac_her_pickandplace_randomized_2M
sac_her_recovery_v2,contact_dropout,1,0.0,-150.0,0.0,0.4156038630093016,150,0.773914635181427,1.3982839584350586,0.0,1.0,,1949,v2,B2,sac_her_pickandplace_randomized_2M
sac_her_recovery_v3,contact_dropout,1,0.0,-150.0,0.0,0.26398757570415043,150,0.2529536485671997,1.2877291440963745,0.0,1.0,,1950,v3,B3,sac_her_pickandplace_randomized_2M
sac_her_recovery_v3,contact_dropout,1,0.0,-150.0,0.0,0.08429521114714446,150,0.08682302385568619,1.3757565021514893,0.0,1.0,,1951,v3,B3,sac_her_pickandplace_randomized_2M
sac_her_recovery_v3,contact_dropout,1,0.0,-150.0,0.0,0.45612773087324826,150,0.36906325817108154,1.5760648250579834,0.0,1.0,,1952,v3,B3,sac_her_pickandplace_randomized_2M
sac_her_recovery_v3,contact_dropout,1,0.0,-150.0,0.0,0.3042911997167348,150,0.10154251009225845,1.4729069471359253,0.0,1.0,,1953,v3,B3,sac_her_pickandplace_randomized_2M
sac_her_recovery_v3,contact_dropout,1,0.0,-150.0,0.0,0.5924135560677144,150,0.45898008346557617,1.5780450105667114,1.0,1.0,,1954,v3,B3,sac_her_pickandplace_randomized_2M
sac_her_recovery_v3,contact_dropout,1,0.0,-150.0,0.0,0.4533811987190141,150,0.28925830125808716,1.614930272102356,1.0,1.0,,1955,v3,B3,sac_her_pickandplace_randomized_2M
sac_her_recovery_v3,contact_dropout,1,0.0,-150.0,0.0,0.3227130596495864,150,0.06391867995262146,1.6006392240524292,0.0,1.0,,1956,v3,B3,sac_her_pickandplace_randomized_2M
sac_her_recovery_v3,contact_dropout,1,0.0,-150.0,0.0,0.27484987058440674,150,0.0727640762925148,1.627882719039917,0.0,1.0,,1957,v3,B3,sac_her_pickandplace_randomized_2M
sac_her_recovery_v3,contact_dropout,1,0.0,-150.0,0.0,0.3195959526341559,150,0.21529680490493774,1.5430127382278442,0.0,1.0,,1958,v3,B3,sac_her_pickandplace_randomized_2M
sac_her_recovery_v3,contact_dropout,1,0.0,-150.0,0.0,0.17850534100260537,150,0.2703903019428253,1.2693527936935425,0.0,1.0,,1959,v3,B3,sac_her_pickandplace_randomized_2M
sac_her_recovery_v3,contact_dropout,1,0.0,-150.0,0.0,0.06546259809637854,150,0.5345674157142639,1.1533070802688599,0.0,1.0,,1960,v3,B3,sac_her_pickandplace_randomized_2M
sac_her_recovery_v3,contact_dropout,1,0.0,-150.0,0.0,0.4018677051907181,150,0.05067965015769005,1.4702155590057373,0.0,1.0,,1961,v3,B3,sac_her_pickandplace_randomized_2M
sac_her_recovery_v3,contact_dropout,1,0.0,-150.0,0.0,0.49186748817821174,150,0.38347941637039185,1.7522615194320679,0.0,1.0,,1962,v3,B3,sac_her_pickandplace_randomized_2M
sac_her_recovery_v3,contact_dropout,1,0.0,-150.0,0.0,0.13967181980427637,150,0.15532264113426208,1.3216896057128906,0.0,1.0,,1963,v3,B3,sac_her_pickandplace_randomized_2M
sac_her_recovery_v3,contact_dropout,1,0.0,-150.0,0.0,0.13207454641885114,150,0.07720272243022919,1.5095123052597046,0.0,1.0,,1964,v3,B3,sac_her_pickandplace_randomized_2M
sac_her_recovery_v3,contact_dropout,1,0.0,-150.0,0.0,0.21769527211149578,150,0.1665467917919159,1.2342783212661743,0.0,1.0,,1965,v3,B3,sac_her_pickandplace_randomized_2M
sac_her_recovery_v3,contact_dropout,1,0.0,-150.0,0.0,0.23648500022221447,150,0.23566558957099915,1.3358278274536133,0.0,1.0,,1966,v3,B3,sac_her_pickandplace_randomized_2M
sac_her_recovery_v3,contact_dropout,1,0.0,-150.0,0.0,0.33002427201774126,150,0.03496434539556503,1.5405486822128296,0.0,1.0,,1967,v3,B3,sac_her_pickandplace_randomized_2M
sac_her_recovery_v3,contact_dropout,1,0.0,-150.0,0.0,0.42064412920221217,150,0.071109838783741,1.6842197179794312,1.0,1.0,,1968,v3,B3,sac_her_pickandplace_randomized_2M
sac_her_recovery_v3,contact_dropout,1,0.0,-150.0,0.0,0.31168473289818416,150,0.09811653196811676,1.495437502861023,0.0,1.0,,1969,v3,B3,sac_her_pickandplace_randomized_2M
sac_her_recovery_v3,contact_dropout,1,0.0,-150.0,0.0,0.2544801351742931,150,0.2115468978881836,1.5677201747894287,0.0,1.0,,1970,v3,B3,sac_her_pickandplace_randomized_2M
sac_her_recovery_v3,contact_dropout,1,0.0,-150.0,0.0,0.13468819514493977,150,0.3977157175540924,1.6181401014328003,0.0,1.0,,1971,v3,B3,sac_her_pickandplace_randomized_2M
sac_her_recovery_v3,contact_dropout,1,0.0,-150.0,0.0,0.13471008721429673,150,0.14501212537288666,1.4684547185897827,0.0,1.0,,1972,v3,B3,sac_her_pickandplace_randomized_2M
sac_her_recovery_v3,contact_dropout,1,0.0,-150.0,0.0,0.1440250317394531,150,0.08698344230651855,1.5141578912734985,0.0,1.0,,1973,v3,B3,sac_her_pickandplace_randomized_2M
sac_her_recovery_v3,contact_dropout,1,0.0,-3.0,1.0,0.018804438576476807,150,0.04474850371479988,1.062732458114624,0.0,0.0,3.0,1974,v3,B3,sac_her_pickandplace_randomized_2M
sac_her_recovery_v3,contact_dropout,1,0.0,-150.0,0.0,0.16748649362533297,150,0.23172147572040558,1.2711330652236938,0.0,1.0,,1975,v3,B3,sac_her_pickandplace_randomized_2M
sac_her_recovery_v3,contact_dropout,1,0.0,-150.0,0.0,0.368293308242639,150,0.0442337766289711,1.5818670988082886,0.0,1.0,,1976,v3,B3,sac_her_pickandplace_randomized_2M
sac_her_recovery_v3,contact_dropout,1,0.0,-150.0,0.0,0.221817399080589,150,0.07189925760030746,1.1323984861373901,0.0,1.0,,1977,v3,B3,sac_her_pickandplace_randomized_2M
sac_her_recovery_v3,contact_dropout,1,0.0,-150.0,0.0,0.47198959199322243,150,0.03869905322790146,1.7481896877288818,0.0,1.0,,1978,v3,B3,sac_her_pickandplace_randomized_2M
sac_her_recovery_v3,contact_dropout,1,0.0,-150.0,0.0,0.4156038630093016,150,0.32330748438835144,1.3423858880996704,0.0,1.0,,1979,v3,B3,sac_her_pickandplace_randomized_2M
sac_her,clean,2,0.0,-68.0,0.0,0.05298693949993973,150,2.043074131011963,1.4099034070968628,1.0,0.0,12.0,1980,none,B0,sac_her_pickandplace_randomized_2M
sac_her,clean,2,0.0,-97.0,1.0,0.01675681225950901,150,1.296878695487976,1.6323351860046387,1.0,0.0,97.0,1981,none,B0,sac_her_pickandplace_randomized_2M
sac_her,clean,2,0.0,-12.0,1.0,0.00493122461997436,150,0.286163866519928,1.022403597831726,0.0,0.0,12.0,1982,none,B0,sac_her_pickandplace_randomized_2M
sac_her,clean,2,0.0,-150.0,0.0,0.3794429424862267,150,0.04221099615097046,1.2085596323013306,0.0,0.0,,1983,none,B0,sac_her_pickandplace_randomized_2M
sac_her,clean,2,0.0,0.0,1.0,0.01457087919313422,150,0.13251495361328125,0.4129084646701813,0.0,0.0,0.0,1984,none,B0,sac_her_pickandplace_randomized_2M
sac_her,clean,2,0.0,-150.0,0.0,0.21002951048284235,150,0.029637902975082397,0.5282924771308899,0.0,0.0,,1985,none,B0,sac_her_pickandplace_randomized_2M
sac_her,clean,2,0.0,-150.0,0.0,0.38428870871081183,150,0.029068216681480408,0.9840108156204224,0.0,0.0,,1986,none,B0,sac_her_pickandplace_randomized_2M
sac_her,clean,2,0.0,-150.0,0.0,0.3003642952314868,150,0.028524404391646385,0.995194673538208,0.0,0.0,,1987,none,B0,sac_her_pickandplace_randomized_2M
sac_her,clean,2,0.0,-12.0,1.0,0.009974731869196592,150,0.23016157746315002,1.2788010835647583,1.0,0.0,12.0,1988,none,B0,sac_her_pickandplace_randomized_2M
sac_her,clean,2,0.0,-18.0,1.0,0.012885502395822899,150,0.2555621564388275,1.4872779846191406,0.0,0.0,18.0,1989,none,B0,sac_her_pickandplace_randomized_2M
sac_her,clean,2,0.0,-16.0,1.0,0.014860186404095128,150,0.45009157061576843,0.7472248077392578,0.0,0.0,9.0,1990,none,B0,sac_her_pickandplace_randomized_2M
sac_her,clean,2,0.0,-16.0,1.0,0.027051173571178946,150,0.24563680589199066,1.4207987785339355,0.0,0.0,7.0,1991,none,B0,sac_her_pickandplace_randomized_2M
sac_her,clean,2,0.0,-17.0,1.0,0.018860155344617584,150,0.27031075954437256,0.6894014477729797,0.0,0.0,17.0,1992,none,B0,sac_her_pickandplace_randomized_2M
sac_her,clean,2,0.0,-150.0,0.0,0.5138989605869597,150,0.020249148830771446,1.5489070415496826,0.0,0.0,,1993,none,B0,sac_her_pickandplace_randomized_2M
sac_her,clean,2,0.0,-26.0,1.0,0.04366382288791724,150,1.3879979848861694,1.213861107826233,0.0,0.0,8.0,1994,none,B0,sac_her_pickandplace_randomized_2M
sac_her,clean,2,0.0,-150.0,0.0,0.31798075647877266,150,0.0271683931350708,1.4315180778503418,0.0,0.0,,1995,none,B0,sac_her_pickandplace_randomized_2M
sac_her,clean,2,0.0,-12.0,1.0,0.006097423350563406,150,0.223974347114563,1.1464487314224243,0.0,0.0,12.0,1996,none,B0,sac_her_pickandplace_randomized_2M
sac_her,clean,2,0.0,0.0,1.0,0.001967491119999534,150,1.261951208114624,1.4240834712982178,0.0,0.0,0.0,1997,none,B0,sac_her_pickandplace_randomized_2M
sac_her,clean,2,0.0,-150.0,0.0,0.10901823525907746,150,0.8180442452430725,0.6382371187210083,0.0,0.0,,1998,none,B0,sac_her_pickandplace_randomized_2M
sac_her,clean,2,0.0,-150.0,0.0,0.3725494666153298,150,0.03362129256129265,1.319732427597046,0.0,0.0,,1999,none,B0,sac_her_pickandplace_randomized_2M
sac_her,clean,2,0.0,-29.0,1.0,0.01774631656613343,150,0.4541608691215515,0.9291537404060364,0.0,0.0,29.0,2000,none,B0,sac_her_pickandplace_randomized_2M
sac_her,clean,2,0.0,-121.0,0.0,0.31316899881298244,150,1.7674047946929932,1.4690649509429932,1.0,0.0,10.0,2001,none,B0,sac_her_pickandplace_randomized_2M
sac_her,clean,2,0.0,-150.0,0.0,0.05327825950118331,150,2.2464849948883057,1.512730360031128,0.0,0.0,,2002,none,B0,sac_her_pickandplace_randomized_2M
sac_her,clean,2,0.0,-150.0,0.0,0.19175564889873178,150,0.02993665263056755,1.2279415130615234,0.0,0.0,,2003,none,B0,sac_her_pickandplace_randomized_2M
sac_her,clean,2,0.0,-10.0,1.0,0.0033357840166015596,150,0.13629591464996338,0.9390909671783447,0.0,0.0,10.0,2004,none,B0,sac_her_pickandplace_randomized_2M
sac_her,clean,2,0.0,-19.0,1.0,0.01628937111936971,150,0.22613784670829773,1.0523974895477295,0.0,0.0,19.0,2005,none,B0,sac_her_pickandplace_randomized_2M
sac_her,clean,2,0.0,-150.0,0.0,0.4294161905946126,150,0.040552668273448944,1.1362640857696533,0.0,0.0,,2006,none,B0,sac_her_pickandplace_randomized_2M
sac_her,clean,2,0.0,-41.0,1.0,0.03347460770212424,150,1.0785009860992432,0.8109569549560547,0.0,0.0,41.0,2007,none,B0,sac_her_pickandplace_randomized_2M
sac_her,clean,2,0.0,-150.0,0.0,0.27278451630956135,150,0.043054286390542984,1.1835343837738037,0.0,0.0,,2008,none,B0,sac_her_pickandplace_randomized_2M
sac_her,clean,2,0.0,-150.0,0.0,0.4479705673575392,150,0.033247075974941254,1.404485821723938,0.0,0.0,,2009,none,B0,sac_her_pickandplace_randomized_2M
sac_her_recovery_v2,clean,2,0.0,-68.0,0.0,0.05298693949993973,150,2.043074131011963,1.4099034070968628,1.0,0.0,12.0,2010,v2,B2,sac_her_pickandplace_randomized_2M
sac_her_recovery_v2,clean,2,0.0,-13.0,1.0,0.008529117749109711,150,0.18377144634723663,1.0570919513702393,0.0,1.0,13.0,2011,v2,B2,sac_her_pickandplace_randomized_2M
sac_her_recovery_v2,clean,2,0.0,-149.0,0.0,0.37646065397345296,150,0.8793420195579529,1.5990638732910156,1.0,1.0,19.0,2012,v2,B2,sac_her_pickandplace_randomized_2M
sac_her_recovery_v2,clean,2,0.0,-150.0,0.0,0.3794429424862267,150,0.07081088423728943,1.2114672660827637,0.0,1.0,,2013,v2,B2,sac_her_pickandplace_randomized_2M
sac_her_recovery_v2,clean,2,0.0,0.0,1.0,0.01457087919313422,150,0.13251495361328125,0.4129084646701813,0.0,0.0,0.0,2014,v2,B2,sac_her_pickandplace_randomized_2M
sac_her_recovery_v2,clean,2,0.0,-150.0,0.0,0.21002951048284235,150,0.03441178798675537,0.5270142555236816,0.0,1.0,,2015,v2,B2,sac_her_pickandplace_randomized_2M
sac_her_recovery_v2,clean,2,0.0,-150.0,0.0,0.38428870871081183,150,0.04261637106537819,0.9974454641342163,0.0,1.0,,2016,v2,B2,sac_her_pickandplace_randomized_2M
sac_her_recovery_v2,clean,2,0.0,-150.0,0.0,0.3003642952314868,150,0.042207419872283936,0.9980068206787109,0.0,1.0,,2017,v2,B2,sac_her_pickandplace_randomized_2M
sac_her_recovery_v2,clean,2,0.0,-12.0,1.0,0.009974731869196592,150,0.23016157746315002,1.2788010835647583,1.0,0.0,12.0,2018,v2,B2,sac_her_pickandplace_randomized_2M
sac_her_recovery_v2,clean,2,0.0,-18.0,1.0,0.013395571494218583,150,0.24205055832862854,1.0876606702804565,0.0,1.0,18.0,2019,v2,B2,sac_her_pickandplace_randomized_2M
sac_her_recovery_v2,clean,2,0.0,-24.0,1.0,0.016689547444317,150,0.287109911441803,1.021519422531128,0.0,1.0,11.0,2020,v2,B2,sac_her_pickandplace_randomized_2M
sac_her_recovery_v2,clean,2,0.0,-16.0,1.0,0.006805604857334356,150,0.24081452190876007,0.6365112662315369,0.0,1.0,7.0,2021,v2,B2,sac_her_pickandplace_randomized_2M
sac_her_recovery_v2,clean,2,0.0,-19.0,1.0,0.037562515025589945,150,1.4231762886047363,1.2359675168991089,1.0,1.0,19.0,2022,v2,B2,sac_her_pickandplace_randomized_2M
sac_her_recovery_v2,clean,2,0.0,-150.0,0.0,0.5138989605869597,150,0.052824098616838455,1.5517117977142334,0.0,1.0,,2023,v2,B2,sac_her_pickandplace_randomized_2M
sac_her_recovery_v2,clean,2,0.0,-26.0,1.0,0.04366382288791724,150,1.3879979848861694,1.213861107826233,0.0,0.0,8.0,2024,v2,B2,sac_her_pickandplace_randomized_2M
sac_her_recovery_v2,clean,2,0.0,-150.0,0.0,0.31798075647877266,150,0.06464064121246338,1.4357967376708984,0.0,1.0,,2025,v2,B2,sac_her_pickandplace_randomized_2M
sac_her_recovery_v2,clean,2,0.0,-12.0,1.0,0.006097423350563406,150,0.223974347114563,1.1464487314224243,0.0,0.0,12.0,2026,v2,B2,sac_her_pickandplace_randomized_2M
sac_her_recovery_v2,clean,2,0.0,0.0,1.0,0.013614957308545547,150,1.134637713432312,1.3706762790679932,0.0,1.0,0.0,2027,v2,B2,sac_her_pickandplace_randomized_2M
sac_her_recovery_v2,clean,2,0.0,-150.0,0.0,0.10901823525907746,150,0.8225299715995789,0.6376531720161438,0.0,1.0,,2028,v2,B2,sac_her_pickandplace_randomized_2M
sac_her_recovery_v2,clean,2,0.0,-150.0,0.0,0.3725494666153298,150,0.06703565269708633,1.33454167842865,0.0,1.0,,2029,v2,B2,sac_her_pickandplace_randomized_2M
sac_her_recovery_v2,clean,2,0.0,-44.0,1.0,0.016339517215197902,150,0.354356974363327,0.6630415320396423,0.0,1.0,44.0,2030,v2,B2,sac_her_pickandplace_randomized_2M
sac_her_recovery_v2,clean,2,0.0,-121.0,0.0,0.31316899881298244,150,1.2955173254013062,1.5008196830749512,1.0,1.0,10.0,2031,v2,B2,sac_her_pickandplace_randomized_2M
sac_her_recovery_v2,clean,2,0.0,-149.0,0.0,0.6404808065335239,150,1.3094322681427002,1.7500475645065308,1.0,1.0,15.0,2032,v2,B2,sac_her_pickandplace_randomized_2M
sac_her_recovery_v2,clean,2,0.0,-150.0,0.0,0.19175564889873178,150,0.04023030772805214,1.1977694034576416,0.0,1.0,,2033,v2,B2,sac_her_pickandplace_randomized_2M
sac_her_recovery_v2,clean,2,0.0,-10.0,1.0,0.0033357840166015596,150,0.13629591464996338,0.9390909671783447,0.0,0.0,10.0,2034,v2,B2,sac_her_pickandplace_randomized_2M
sac_her_recovery_v2,clean,2,0.0,-16.0,1.0,0.02709433379632696,150,0.8344841003417969,0.9908872246742249,0.0,1.0,16.0,2035,v2,B2,sac_her_pickandplace_randomized_2M
sac_her_recovery_v2,clean,2,0.0,-150.0,0.0,0.4294161905946126,150,0.07333754003047943,1.1492382287979126,0.0,1.0,,2036,v2,B2,sac_her_pickandplace_randomized_2M
sac_her_recovery_v2,clean,2,0.0,-26.0,1.0,0.02668682905015527,150,0.2633928954601288,0.9096456170082092,0.0,1.0,26.0,2037,v2,B2,sac_her_pickandplace_randomized_2M
sac_her_recovery_v2,clean,2,0.0,-150.0,0.0,0.27278451630956135,150,0.06883832067251205,1.1880766153335571,0.0,1.0,,2038,v2,B2,sac_her_pickandplace_randomized_2M
sac_her_recovery_v2,clean,2,0.0,-150.0,0.0,0.4479705673575392,150,0.07493772357702255,1.4076846837997437,0.0,1.0,,2039,v2,B2,sac_her_pickandplace_randomized_2M
sac_her_recovery_v3,clean,2,0.0,-68.0,0.0,0.05298693949993973,150,2.043074131011963,1.4099034070968628,1.0,0.0,12.0,2040,v3,B3,sac_her_pickandplace_randomized_2M
sac_her_recovery_v3,clean,2,0.0,-64.0,1.0,0.018552506046486256,150,0.5489349961280823,1.447609305381775,1.0,1.0,64.0,2041,v3,B3,sac_her_pickandplace_randomized_2M
sac_her_recovery_v3,clean,2,0.0,-150.0,0.0,0.17148513269454285,150,0.2684863209724426,1.1612346172332764,0.0,1.0,,2042,v3,B3,sac_her_pickandplace_randomized_2M
sac_her_recovery_v3,clean,2,0.0,-150.0,0.0,0.3794429424862267,150,0.07344052940607071,1.2060984373092651,0.0,1.0,,2043,v3,B3,sac_her_pickandplace_randomized_2M
sac_her_recovery_v3,clean,2,0.0,0.0,1.0,0.01457087919313422,150,0.13251495361328125,0.4129084646701813,0.0,0.0,0.0,2044,v3,B3,sac_her_pickandplace_randomized_2M
sac_her_recovery_v3,clean,2,0.0,-150.0,0.0,0.21002951048284235,150,0.03381060063838959,0.5283843874931335,0.0,1.0,,2045,v3,B3,sac_her_pickandplace_randomized_2M
sac_her_recovery_v3,clean,2,0.0,-150.0,0.0,0.38428870871081183,150,0.04331778362393379,1.015709400177002,0.0,1.0,,2046,v3,B3,sac_her_pickandplace_randomized_2M
sac_her_recovery_v3,clean,2,0.0,-150.0,0.0,0.3003642952314868,150,0.04338395595550537,1.008293628692627,0.0,1.0,,2047,v3,B3,sac_her_pickandplace_randomized_2M
sac_her_recovery_v3,clean,2,0.0,-12.0,1.0,0.009974731869196592,150,0.23016157746315002,1.2788010835647583,1.0,0.0,12.0,2048,v3,B3,sac_her_pickandplace_randomized_2M
sac_her_recovery_v3,clean,2,0.0,-19.0,1.0,0.041616001531604614,150,0.3401803970336914,1.5570576190948486,0.0,1.0,19.0,2049,v3,B3,sac_her_pickandplace_randomized_2M
sac_her_recovery_v3,clean,2,0.0,-11.0,1.0,0.02300421088640675,150,0.4214974343776703,0.69270259141922,0.0,1.0,11.0,2050,v3,B3,sac_her_pickandplace_randomized_2M
sac_her_recovery_v3,clean,2,0.0,-15.0,1.0,0.01631279411668485,150,0.33218228816986084,1.3706861734390259,0.0,1.0,7.0,2051,v3,B3,sac_her_pickandplace_randomized_2M
sac_her_recovery_v3,clean,2,0.0,-149.0,0.0,0.06767168784221243,150,0.6768631935119629,1.1504863500595093,1.0,1.0,67.0,2052,v3,B3,sac_her_pickandplace_randomized_2M
sac_her_recovery_v3,clean,2,0.0,-150.0,0.0,0.5138989605869597,150,0.05490899085998535,1.5548781156539917,0.0,1.0,,2053,v3,B3,sac_her_pickandplace_randomized_2M
sac_her_recovery_v3,clean,2,0.0,-26.0,1.0,0.04366382288791724,150,1.3879979848861694,1.213861107826233,0.0,0.0,8.0,2054,v3,B3,sac_her_pickandplace_randomized_2M
sac_her_recovery_v3,clean,2,0.0,-150.0,0.0,0.31798075647877266,150,0.06705870479345322,1.4397461414337158,0.0,1.0,,2055,v3,B3,sac_her_pickandplace_randomized_2M
sac_her_recovery_v3,clean,2,0.0,-12.0,1.0,0.006097423350563406,150,0.223974347114563,1.1464487314224243,0.0,0.0,12.0,2056,v3,B3,sac_her_pickandplace_randomized_2M
sac_her_recovery_v3,clean,2,0.0,0.0,1.0,0.00754602153362165,150,0.1439361572265625,1.1653008460998535,0.0,1.0,0.0,2057,v3,B3,sac_her_pickandplace_randomized_2M
sac_her_recovery_v3,clean,2,0.0,-150.0,0.0,0.10901823525907746,150,0.7692754864692688,0.6352788805961609,0.0,1.0,,2058,v3,B3,sac_her_pickandplace_randomized_2M
sac_her_recovery_v3,clean,2,0.0,-150.0,0.0,0.3725494666153298,150,0.07143773138523102,1.352504014968872,0.0,1.0,,2059,v3,B3,sac_her_pickandplace_randomized_2M
sac_her_recovery_v3,clean,2,0.0,-44.0,1.0,0.0012391058689375624,150,0.3333205580711365,1.0395326614379883,0.0,1.0,44.0,2060,v3,B3,sac_her_pickandplace_randomized_2M
sac_her_recovery_v3,clean,2,0.0,-121.0,0.0,0.31316899881298244,150,1.2233880758285522,1.4855753183364868,1.0,1.0,10.0,2061,v3,B3,sac_her_pickandplace_randomized_2M
sac_her_recovery_v3,clean,2,0.0,-74.0,1.0,0.013382322417891297,150,0.5895791053771973,1.2078641653060913,0.0,1.0,74.0,2062,v3,B3,sac_her_pickandplace_randomized_2M
sac_her_recovery_v3,clean,2,0.0,-150.0,0.0,0.19175564889873178,150,0.04082420468330383,1.0995798110961914,0.0,1.0,,2063,v3,B3,sac_her_pickandplace_randomized_2M
sac_her_recovery_v3,clean,2,0.0,-10.0,1.0,0.0033357840166015596,150,0.13629591464996338,0.9390909671783447,0.0,0.0,10.0,2064,v3,B3,sac_her_pickandplace_randomized_2M
sac_her_recovery_v3,clean,2,0.0,-35.0,1.0,0.0193698252410329,150,1.123274564743042,1.1220829486846924,0.0,1.0,35.0,2065,v3,B3,sac_her_pickandplace_randomized_2M
sac_her_recovery_v3,clean,2,0.0,-150.0,0.0,0.4294161905946126,150,0.07544256746768951,1.1739904880523682,0.0,1.0,,2066,v3,B3,sac_her_pickandplace_randomized_2M
sac_her_recovery_v3,clean,2,0.0,-14.0,1.0,0.024448891321065543,150,0.16982243955135345,0.6053193807601929,0.0,1.0,14.0,2067,v3,B3,sac_her_pickandplace_randomized_2M
sac_her_recovery_v3,clean,2,0.0,-150.0,0.0,0.27278451630956135,150,0.06922053545713425,1.2043509483337402,0.0,1.0,,2068,v3,B3,sac_her_pickandplace_randomized_2M
sac_her_recovery_v3,clean,2,0.0,-150.0,0.0,0.4479705673575392,150,0.0806153193116188,1.4155117273330688,0.0,1.0,,2069,v3,B3,sac_her_pickandplace_randomized_2M
sac_her,sensor_dropout,2,0.0,-150.0,0.0,0.19971723941907216,150,1.9597445888308584e-09,1.8408005237579346,0.0,0.0,,2070,none,B1,sac_her_pickandplace_randomized_2M
sac_her,sensor_dropout,2,0.0,-150.0,0.0,0.15162937642806948,150,7.376210309217868e-09,1.594246745109558,0.0,0.0,,2071,none,B1,sac_her_pickandplace_randomized_2M
sac_her,sensor_dropout,2,0.0,-150.0,0.0,0.17148513269454285,150,9.209409235211297e-09,1.71300208568573,0.0,0.0,,2072,none,B1,sac_her_pickandplace_randomized_2M
sac_her,sensor_dropout,2,0.0,-150.0,0.0,0.3794429424862267,150,3.688105154608934e-09,1.3968439102172852,0.0,0.0,,2073,none,B1,sac_her_pickandplace_randomized_2M
sac_her,sensor_dropout,2,0.0,0.0,1.0,0.02565594358237976,150,2.298004231349182e-09,1.507568120956421,0.0,0.0,0.0,2074,none,B1,sac_her_pickandplace_randomized_2M
sac_her,sensor_dropout,2,0.0,-150.0,0.0,0.21002951048284235,150,2.9935591783214477e-09,0.9133663177490234,0.0,0.0,,2075,none,B1,sac_her_pickandplace_randomized_2M
sac_her,sensor_dropout,2,0.0,-150.0,0.0,0.38428870871081183,150,8.000623497039783e-10,1.3985096216201782,0.0,0.0,,2076,none,B1,sac_her_pickandplace_randomized_2M
sac_her,sensor_dropout,2,0.0,-150.0,0.0,0.3003642952314868,150,1.8331731688192576e-09,1.1568996906280518,0.0,0.0,,2077,none,B1,sac_her_pickandplace_randomized_2M
sac_her,sensor_dropout,2,0.0,-150.0,0.0,0.22757028676256252,150,8.000623497039783e-10,1.927914023399353,0.0,0.0,,2078,none,B1,sac_her_pickandplace_randomized_2M
sac_her,sensor_dropout,2,0.0,-150.0,0.0,0.3207580451471808,150,0.002408126834779978,1.7223819494247437,0.0,0.0,,2079,none,B1,sac_her_pickandplace_randomized_2M
sac_her,sensor_dropout,2,0.0,-150.0,0.0,0.12288898787804942,150,1.4967795891607238e-09,1.608041524887085,0.0,0.0,,2080,none,B1,sac_her_pickandplace_randomized_2M
sac_her,sensor_dropout,2,0.0,-150.0,0.0,0.8165375674275669,150,0.019055642187595367,1.8816505670547485,0.0,0.0,,2081,none,B1,sac_her_pickandplace_randomized_2M
sac_her,sensor_dropout,2,0.0,-150.0,0.0,0.2877492579366268,150,2.530019305169162e-09,1.7476383447647095,0.0,0.0,,2082,none,B1,sac_her_pickandplace_randomized_2M
sac_her,sensor_dropout,2,0.0,-150.0,0.0,0.5138989605869597,150,4.0003117485198914e-10,1.509298324584961,0.0,0.0,,2083,none,B1,sac_her_pickandplace_randomized_2M
sac_her,sensor_dropout,2,0.0,-150.0,0.0,0.14520401968415733,150,0.0,1.9761828184127808,0.0,0.0,,2084,none,B1,sac_her_pickandplace_randomized_2M
sac_her,sensor_dropout,2,0.0,-150.0,0.0,0.31798075647877266,150,1.6001246994079565e-09,1.8717482089996338,0.0,0.0,,2085,none,B1,sac_her_pickandplace_randomized_2M
sac_her,sensor_dropout,2,0.0,-150.0,0.0,0.17517581158379572,150,0.0,1.938425064086914,0.0,0.0,,2086,none,B1,sac_her_pickandplace_randomized_2M
sac_her,sensor_dropout,2,0.0,0.0,1.0,0.04344607546062929,150,5.657295187866396e-10,1.9631785154342651,0.0,0.0,0.0,2087,none,B1,sac_her_pickandplace_randomized_2M
sac_her,sensor_dropout,2,0.0,-150.0,0.0,0.10901823525907746,150,1.9597445888308584e-09,1.3458625078201294,0.0,0.0,,2088,none,B1,sac_her_pickandplace_randomized_2M
sac_her,sensor_dropout,2,0.0,-150.0,0.0,0.3725494666153298,150,3.600280518156751e-09,1.544520378112793,0.0,0.0,,2089,none,B1,sac_her_pickandplace_randomized_2M
sac_her,sensor_dropout,2,0.0,-150.0,0.0,0.22101272675407632,150,8.000623497039783e-10,1.6748020648956299,0.0,0.0,,2090,none,B1,sac_her_pickandplace_randomized_2M
sac_her,sensor_dropout,2,0.0,-150.0,0.0,0.1914299157330289,150,3.2987415021779043e-09,1.7580528259277344,0.0,0.0,,2091,none,B1,sac_her_pickandplace_randomized_2M
sac_her,sensor_dropout,2,0.0,-150.0,0.0,0.24159742733129702,150,2.912270868904443e-09,1.7600178718566895,0.0,0.0,,2092,none,B1,sac_her_pickandplace_randomized_2M
sac_her,sensor_dropout,2,0.0,-150.0,0.0,0.19175564889873178,150,1.9597445888308584e-09,1.1611005067825317,0.0,0.0,,2093,none,B1,sac_her_pickandplace_randomized_2M
sac_her,sensor_dropout,2,0.0,-150.0,0.0,0.16656157640171473,150,4.25238999568478e-09,1.544702410697937,0.0,0.0,,2094,none,B1,sac_her_pickandplace_randomized_2M
sac_her,sensor_dropout,2,0.0,-150.0,0.0,0.5628299160681943,150,0.035080913454294205,1.7040507793426514,0.0,0.0,,2095,none,B1,sac_her_pickandplace_randomized_2M
sac_her,sensor_dropout,2,0.0,-150.0,0.0,0.4294161905946126,150,1.4423329197654766e-09,1.4439891576766968,0.0,0.0,,2096,none,B1,sac_her_pickandplace_randomized_2M
sac_her,sensor_dropout,2,0.0,-150.0,0.0,0.20403055295115488,150,6.5243113134272335e-09,1.4498213529586792,0.0,0.0,,2097,none,B1,sac_her_pickandplace_randomized_2M
sac_her,sensor_dropout,2,0.0,-150.0,0.0,0.27278451630956135,150,2.1542336803292983e-09,1.4319676160812378,0.0,0.0,,2098,none,B1,sac_her_pickandplace_randomized_2M
sac_her,sensor_dropout,2,0.0,-150.0,0.0,0.4479705673575392,150,4.000311637497589e-09,1.6006795167922974,0.0,0.0,,2099,none,B1,sac_her_pickandplace_randomized_2M
sac_her_recovery_v2,sensor_dropout,2,0.0,-150.0,0.0,0.19971723941907216,150,0.008476432412862778,1.015430212020874,0.0,1.0,,2100,v2,B2,sac_her_pickandplace_randomized_2M
sac_her_recovery_v2,sensor_dropout,2,0.0,-150.0,0.0,0.15162937642806948,150,0.041814107447862625,1.5830987691879272,0.0,1.0,,2101,v2,B2,sac_her_pickandplace_randomized_2M
sac_her_recovery_v2,sensor_dropout,2,0.0,-150.0,0.0,0.17148513269454285,150,0.03880162537097931,1.701594591140747,0.0,1.0,,2102,v2,B2,sac_her_pickandplace_randomized_2M
sac_her_recovery_v2,sensor_dropout,2,0.0,-150.0,0.0,0.3794429424862267,150,0.02103590779006481,1.3969945907592773,0.0,1.0,,2103,v2,B2,sac_her_pickandplace_randomized_2M
sac_her_recovery_v2,sensor_dropout,2,0.0,0.0,1.0,0.02565594358237976,150,0.02032393589615822,1.4983729124069214,0.0,1.0,0.0,2104,v2,B2,sac_her_pickandplace_randomized_2M
sac_her_recovery_v2,sensor_dropout,2,0.0,-150.0,0.0,0.21002951048284235,150,0.011089771054685116,0.9140085577964783,0.0,1.0,,2105,v2,B2,sac_her_pickandplace_randomized_2M
sac_her_recovery_v2,sensor_dropout,2,0.0,-150.0,0.0,0.38428870871081183,150,0.027825258672237396,1.3960208892822266,0.0,1.0,,2106,v2,B2,sac_her_pickandplace_randomized_2M
sac_her_recovery_v2,sensor_dropout,2,0.0,-150.0,0.0,0.3003642952314868,150,0.02145026996731758,1.155961513519287,0.0,1.0,,2107,v2,B2,sac_her_pickandplace_randomized_2M
sac_her_recovery_v2,sensor_dropout,2,0.0,-150.0,0.0,0.22757028676256252,150,0.012118501588702202,1.038217544555664,0.0,1.0,,2108,v2,B2,sac_her_pickandplace_randomized_2M
sac_her_recovery_v2,sensor_dropout,2,0.0,-150.0,0.0,0.3207580451471808,150,0.11498872190713882,1.6705023050308228,0.0,1.0,,2109,v2,B2,sac_her_pickandplace_randomized_2M
sac_her_recovery_v2,sensor_dropout,2,0.0,-150.0,0.0,0.12288898787804942,150,0.027509842067956924,1.6014174222946167,0.0,1.0,,2110,v2,B2,sac_her_pickandplace_randomized_2M
sac_her_recovery_v2,sensor_dropout,2,0.0,-150.0,0.0,0.2517734698715318,150,0.0685618668794632,1.689849853515625,0.0,1.0,,2111,v2,B2,sac_her_pickandplace_randomized_2M
sac_her_recovery_v2,sensor_dropout,2,0.0,-150.0,0.0,0.2877492579366268,150,0.01457939576357603,1.7442901134490967,0.0,1.0,,2112,v2,B2,sac_her_pickandplace_randomized_2M
sac_her_recovery_v2,sensor_dropout,2,0.0,-150.0,0.0,0.5138989605869597,150,0.034469664096832275,1.509684443473816,0.0,1.0,,2113,v2,B2,sac_her_pickandplace_randomized_2M
sac_her_recovery_v2,sensor_dropout,2,0.0,-150.0,0.0,0.14520401968415733,150,0.01640167646110058,0.7510231733322144,0.0,1.0,,2114,v2,B2,sac_her_pickandplace_randomized_2M
sac_her_recovery_v2,sensor_dropout,2,0.0,-150.0,0.0,0.31798075647877266,150,0.008553496561944485,1.428788185119629,0.0,1.0,,2115,v2,B2,sac_her_pickandplace_randomized_2M
sac_her_recovery_v2,sensor_dropout,2,0.0,-150.0,0.0,0.17517581158379572,150,0.012192904949188232,0.8971298336982727,0.0,1.0,,2116,v2,B2,sac_her_pickandplace_randomized_2M
sac_her_recovery_v2,sensor_dropout,2,0.0,0.0,1.0,0.04344607546062929,150,0.012224644422531128,0.2521493434906006,0.0,1.0,0.0,2117,v2,B2,sac_her_pickandplace_randomized_2M
sac_her_recovery_v2,sensor_dropout,2,0.0,-150.0,0.0,0.10901823525907746,150,0.012041192501783371,1.3405240774154663,0.0,1.0,,2118,v2,B2,sac_her_pickandplace_randomized_2M
sac_her_recovery_v2,sensor_dropout,2,0.0,-150.0,0.0,0.3725494666153298,150,0.016929524019360542,1.5432785749435425,0.0,1.0,,2119,v2,B2,sac_her_pickandplace_randomized_2M
sac_her_recovery_v2,sensor_dropout,2,0.0,-150.0,0.0,0.22101272675407632,150,0.02585725300014019,1.6703037023544312,0.0,1.0,,2120,v2,B2,sac_her_pickandplace_randomized_2M
sac_her_recovery_v2,sensor_dropout,2,0.0,-150.0,0.0,0.1914299157330289,150,0.025484954938292503,1.752713680267334,0.0,1.0,,2121,v2,B2,sac_her_pickandplace_randomized_2M
sac_her_recovery_v2,sensor_dropout,2,0.0,-150.0,0.0,0.24159742733129702,150,0.02545243501663208,1.7551727294921875,0.0,1.0,,2122,v2,B2,sac_her_pickandplace_randomized_2M
sac_her_recovery_v2,sensor_dropout,2,0.0,-150.0,0.0,0.19175564889873178,150,0.010679196566343307,1.1597517728805542,0.0,1.0,,2123,v2,B2,sac_her_pickandplace_randomized_2M
sac_her_recovery_v2,sensor_dropout,2,0.0,-150.0,0.0,0.16656157640171473,150,0.018735773861408234,1.5399564504623413,0.0,1.0,,2124,v2,B2,sac_her_pickandplace_randomized_2M
sac_her_recovery_v2,sensor_dropout,2,0.0,-150.0,0.0,0.2272207778030207,150,0.01869659125804901,1.1386100053787231,0.0,1.0,,2125,v2,B2,sac_her_pickandplace_randomized_2M
sac_her_recovery_v2,sensor_dropout,2,0.0,-150.0,0.0,0.4294161905946126,150,0.029431022703647614,1.4443882703781128,0.0,1.0,,2126,v2,B2,sac_her_pickandplace_randomized_2M
sac_her_recovery_v2,sensor_dropout,2,0.0,-150.0,0.0,0.20403055295115488,150,0.02473369985818863,1.4468276500701904,0.0,1.0,,2127,v2,B2,sac_her_pickandplace_randomized_2M
sac_her_recovery_v2,sensor_dropout,2,0.0,-150.0,0.0,0.27278451630956135,150,0.011894858442246914,1.4297024011611938,0.0,1.0,,2128,v2,B2,sac_her_pickandplace_randomized_2M
sac_her_recovery_v2,sensor_dropout,2,0.0,-150.0,0.0,0.4479705673575392,150,0.011512935161590576,1.6012588739395142,0.0,1.0,,2129,v2,B2,sac_her_pickandplace_randomized_2M
sac_her_recovery_v3,sensor_dropout,2,0.0,-150.0,0.0,0.19971723941907216,150,0.008476432412862778,1.015430212020874,0.0,1.0,,2130,v3,B3,sac_her_pickandplace_randomized_2M
sac_her_recovery_v3,sensor_dropout,2,0.0,-150.0,0.0,0.15162937642806948,150,0.020907055586576462,1.5385067462921143,0.0,1.0,,2131,v3,B3,sac_her_pickandplace_randomized_2M
sac_her_recovery_v3,sensor_dropout,2,0.0,-150.0,0.0,0.17148513269454285,150,0.019400818273425102,1.6559637784957886,0.0,1.0,,2132,v3,B3,sac_her_pickandplace_randomized_2M
sac_her_recovery_v3,sensor_dropout,2,0.0,-150.0,0.0,0.3794429424862267,150,0.02103590779006481,1.3972961902618408,0.0,1.0,,2133,v3,B3,sac_her_pickandplace_randomized_2M
sac_her_recovery_v3,sensor_dropout,2,0.0,0.0,1.0,0.02565594358237976,150,0.02032393589615822,1.4156155586242676,0.0,1.0,0.0,2134,v3,B3,sac_her_pickandplace_randomized_2M
sac_her_recovery_v3,sensor_dropout,2,0.0,-150.0,0.0,0.21002951048284235,150,0.011089771054685116,0.9152929782867432,0.0,1.0,,2135,v3,B3,sac_her_pickandplace_randomized_2M
sac_her_recovery_v3,sensor_dropout,2,0.0,-150.0,0.0,0.38428870871081183,150,0.027825258672237396,1.3910433053970337,0.0,1.0,,2136,v3,B3,sac_her_pickandplace_randomized_2M
sac_her_recovery_v3,sensor_dropout,2,0.0,-150.0,0.0,0.3003642952314868,150,0.02145026996731758,1.1540850400924683,0.0,1.0,,2137,v3,B3,sac_her_pickandplace_randomized_2M
sac_her_recovery_v3,sensor_dropout,2,0.0,-150.0,0.0,0.22757028676256252,150,0.012118501588702202,1.038217544555664,0.0,1.0,,2138,v3,B3,sac_her_pickandplace_randomized_2M
sac_her_recovery_v3,sensor_dropout,2,0.0,-150.0,0.0,0.3207580451471808,150,0.03902512788772583,1.6446539163589478,0.0,1.0,,2139,v3,B3,sac_her_pickandplace_randomized_2M
sac_her_recovery_v3,sensor_dropout,2,0.0,-150.0,0.0,0.12288898787804942,150,0.027509842067956924,1.5418016910552979,0.0,1.0,,2140,v3,B3,sac_her_pickandplace_randomized_2M
sac_her_recovery_v3,sensor_dropout,2,0.0,-150.0,0.0,0.2517734698715318,150,0.03457692265510559,1.6839568614959717,0.0,1.0,,2141,v3,B3,sac_her_pickandplace_randomized_2M
sac_her_recovery_v3,sensor_dropout,2,0.0,-150.0,0.0,0.2877492579366268,150,0.01457939576357603,1.7141560316085815,0.0,1.0,,2142,v3,B3,sac_her_pickandplace_randomized_2M
sac_her_recovery_v3,sensor_dropout,2,0.0,-150.0,0.0,0.5138989605869597,150,0.034469664096832275,1.5104566812515259,0.0,1.0,,2143,v3,B3,sac_her_pickandplace_randomized_2M
sac_her_recovery_v3,sensor_dropout,2,0.0,-150.0,0.0,0.14520401968415733,150,0.01640167646110058,0.7510231733322144,0.0,1.0,,2144,v3,B3,sac_her_pickandplace_randomized_2M
sac_her_recovery_v3,sensor_dropout,2,0.0,-150.0,0.0,0.31798075647877266,150,0.008553496561944485,1.428788185119629,0.0,1.0,,2145,v3,B3,sac_her_pickandplace_randomized_2M
sac_her_recovery_v3,sensor_dropout,2,0.0,-150.0,0.0,0.17517581158379572,150,0.012192904949188232,0.8971298336982727,0.0,1.0,,2146,v3,B3,sac_her_pickandplace_randomized_2M
sac_her_recovery_v3,sensor_dropout,2,0.0,0.0,1.0,0.04344607546062929,150,0.012224644422531128,0.2521493434906006,0.0,1.0,0.0,2147,v3,B3,sac_her_pickandplace_randomized_2M
sac_her_recovery_v3,sensor_dropout,2,0.0,-150.0,0.0,0.10901823525907746,150,0.012041192501783371,1.3298470973968506,0.0,1.0,,2148,v3,B3,sac_her_pickandplace_randomized_2M
sac_her_recovery_v3,sensor_dropout,2,0.0,-150.0,0.0,0.3725494666153298,150,0.016929524019360542,1.5407952070236206,0.0,1.0,,2149,v3,B3,sac_her_pickandplace_randomized_2M
sac_her_recovery_v3,sensor_dropout,2,0.0,-150.0,0.0,0.22101272675407632,150,0.02585725300014019,1.6298177242279053,0.0,1.0,,2150,v3,B3,sac_her_pickandplace_randomized_2M
sac_her_recovery_v3,sensor_dropout,2,0.0,-150.0,0.0,0.1914299157330289,150,0.025484954938292503,1.742034912109375,0.0,1.0,,2151,v3,B3,sac_her_pickandplace_randomized_2M
sac_her_recovery_v3,sensor_dropout,2,0.0,-150.0,0.0,0.24159742733129702,150,0.02545243501663208,1.7115668058395386,0.0,1.0,,2152,v3,B3,sac_her_pickandplace_randomized_2M
sac_her_recovery_v3,sensor_dropout,2,0.0,-150.0,0.0,0.19175564889873178,150,0.010679196566343307,1.1570541858673096,0.0,1.0,,2153,v3,B3,sac_her_pickandplace_randomized_2M
sac_her_recovery_v3,sensor_dropout,2,0.0,-150.0,0.0,0.16656157640171473,150,0.018735773861408234,1.4972426891326904,0.0,1.0,,2154,v3,B3,sac_her_pickandplace_randomized_2M
sac_her_recovery_v3,sensor_dropout,2,0.0,-150.0,0.0,0.2272207778030207,150,0.01869659125804901,1.1386100053787231,0.0,1.0,,2155,v3,B3,sac_her_pickandplace_randomized_2M
sac_her_recovery_v3,sensor_dropout,2,0.0,-150.0,0.0,0.4294161905946126,150,0.029431022703647614,1.4451861381530762,0.0,1.0,,2156,v3,B3,sac_her_pickandplace_randomized_2M
sac_her_recovery_v3,sensor_dropout,2,0.0,-150.0,0.0,0.20403055295115488,150,0.02473369985818863,1.4198830127716064,0.0,1.0,,2157,v3,B3,sac_her_pickandplace_randomized_2M
sac_her_recovery_v3,sensor_dropout,2,0.0,-150.0,0.0,0.27278451630956135,150,0.011894858442246914,1.4251718521118164,0.0,1.0,,2158,v3,B3,sac_her_pickandplace_randomized_2M
sac_her_recovery_v3,sensor_dropout,2,0.0,-150.0,0.0,0.4479705673575392,150,0.011512935161590576,1.6024174690246582,0.0,1.0,,2159,v3,B3,sac_her_pickandplace_randomized_2M
sac_her,sensor_bias,2,0.1,-150.0,0.0,0.19971723941907216,150,0.14655563235282898,1.543799877166748,0.0,0.0,,2160,none,B1,sac_her_pickandplace_randomized_2M
sac_her,sensor_bias,2,0.1,-150.0,0.0,0.15162937642806948,150,0.3622278869152069,1.1016086339950562,0.0,0.0,,2161,none,B1,sac_her_pickandplace_randomized_2M
sac_her,sensor_bias,2,0.1,-150.0,0.0,0.17553351826617253,150,0.05256225913763046,1.6738146543502808,0.0,0.0,,2162,none,B1,sac_her_pickandplace_randomized_2M
sac_her,sensor_bias,2,0.1,-150.0,0.0,0.3794429424862267,150,0.045248597860336304,1.5077719688415527,0.0,0.0,,2163,none,B1,sac_her_pickandplace_randomized_2M
sac_her,sensor_bias,2,0.1,0.0,1.0,0.02565594358237976,150,0.036798350512981415,1.333217978477478,0.0,0.0,0.0,2164,none,B1,sac_her_pickandplace_randomized_2M
sac_her,sensor_bias,2,0.1,-150.0,0.0,0.21002951048284235,150,0.039263252168893814,1.1914409399032593,0.0,0.0,,2165,none,B1,sac_her_pickandplace_randomized_2M
sac_her,sensor_bias,2,0.1,-150.0,0.0,0.38428870871081183,150,0.01949973963201046,1.2905665636062622,0.0,0.0,,2166,none,B1,sac_her_pickandplace_randomized_2M
sac_her,sensor_bias,2,0.1,-150.0,0.0,0.3003642952314868,150,0.01632927730679512,1.4170938730239868,0.0,0.0,,2167,none,B1,sac_her_pickandplace_randomized_2M
sac_her,sensor_bias,2,0.1,-150.0,0.0,0.22757028676256252,150,0.09302505105733871,1.2791492938995361,0.0,0.0,,2168,none,B1,sac_her_pickandplace_randomized_2M
sac_her,sensor_bias,2,0.1,-150.0,0.0,0.6981844161036757,150,0.23139429092407227,1.5712862014770508,0.0,0.0,,2169,none,B1,sac_her_pickandplace_randomized_2M
sac_her,sensor_bias,2,0.1,-150.0,0.0,0.12288898787804942,150,0.05458878353238106,1.4013735055923462,0.0,0.0,,2170,none,B1,sac_her_pickandplace_randomized_2M
sac_her,sensor_bias,2,0.1,-150.0,0.0,0.22284137960824982,150,0.05593053996562958,1.7695788145065308,0.0,0.0,,2171,none,B1,sac_her_pickandplace_randomized_2M
sac_her,sensor_bias,2,0.1,-150.0,0.0,0.2877492579366268,150,1.9162083864212036,1.4744893312454224,0.0,0.0,,2172,none,B1,sac_her_pickandplace_randomized_2M
sac_her,sensor_bias,2,0.1,-150.0,0.0,0.5138989605869597,150,0.01478884182870388,1.549986720085144,0.0,0.0,,2173,none,B1,sac_her_pickandplace_randomized_2M
sac_her,sensor_bias,2,0.1,-150.0,0.0,0.14520401968415733,150,0.02703007496893406,1.591243028640747,0.0,0.0,,2174,none,B1,sac_her_pickandplace_randomized_2M
sac_her,sensor_bias,2,0.1,-150.0,0.0,0.31798075647877266,150,0.04221820458769798,1.635392189025879,0.0,0.0,,2175,none,B1,sac_her_pickandplace_randomized_2M
sac_her,sensor_bias,2,0.1,-150.0,0.0,0.17517581158379572,150,0.049386512488126755,1.4193965196609497,0.0,0.0,,2176,none,B1,sac_her_pickandplace_randomized_2M
sac_her,sensor_bias,2,0.1,0.0,1.0,0.04344607546062929,150,0.03130989521741867,1.155489206314087,0.0,0.0,0.0,2177,none,B1,sac_her_pickandplace_randomized_2M
sac_her,sensor_bias,2,0.1,-150.0,0.0,0.10901823525907746,150,0.05925598368048668,1.091844916343689,0.0,0.0,,2178,none,B1,sac_her_pickandplace_randomized_2M
sac_her,sensor_bias,2,0.1,-150.0,0.0,0.3725494666153298,150,0.06971362978219986,1.2542649507522583,0.0,0.0,,2179,none,B1,sac_her_pickandplace_randomized_2M
sac_her,sensor_bias,2,0.1,-150.0,0.0,0.22101272675407632,150,0.02871553972363472,1.4805082082748413,0.0,0.0,,2180,none,B1,sac_her_pickandplace_randomized_2M
sac_her,sensor_bias,2,0.1,-150.0,0.0,0.1914299157330289,150,0.03311289846897125,1.8465602397918701,0.0,0.0,,2181,none,B1,sac_her_pickandplace_randomized_2M
sac_her,sensor_bias,2,0.1,-150.0,0.0,0.1148696554403043,150,1.080994963645935,1.6187996864318848,0.0,0.0,,2182,none,B1,sac_her_pickandplace_randomized_2M
sac_her,sensor_bias,2,0.1,-150.0,0.0,0.19175564889873178,150,0.02845229022204876,1.6709802150726318,0.0,0.0,,2183,none,B1,sac_her_pickandplace_randomized_2M
sac_her,sensor_bias,2,0.1,-150.0,0.0,0.16656157640171473,150,1.3414454460144043,1.179199457168579,0.0,0.0,,2184,none,B1,sac_her_pickandplace_randomized_2M
sac_her,sensor_bias,2,0.1,-150.0,0.0,0.7125633456187805,150,0.12473729997873306,1.8007038831710815,0.0,0.0,,2185,none,B1,sac_her_pickandplace_randomized_2M
sac_her,sensor_bias,2,0.1,-150.0,0.0,0.4294161905946126,150,0.05957122892141342,1.3718833923339844,0.0,0.0,,2186,none,B1,sac_her_pickandplace_randomized_2M
sac_her,sensor_bias,2,0.1,-150.0,0.0,0.26523038402266125,150,0.0627964660525322,1.1727443933486938,0.0,0.0,,2187,none,B1,sac_her_pickandplace_randomized_2M
sac_her,sensor_bias,2,0.1,-150.0,0.0,0.27278451630956135,150,0.007834985852241516,1.9020028114318848,0.0,0.0,,2188,none,B1,sac_her_pickandplace_randomized_2M
sac_her,sensor_bias,2,0.1,-150.0,0.0,0.4479705673575392,150,0.019032511860132217,1.6846215724945068,0.0,0.0,,2189,none,B1,sac_her_pickandplace_randomized_2M
sac_her_recovery_v2,sensor_bias,2,0.1,-150.0,0.0,0.19971723941907216,150,0.055505696684122086,1.4488286972045898,0.0,1.0,,2190,v2,B2,sac_her_pickandplace_randomized_2M
sac_her_recovery_v2,sensor_bias,2,0.1,-150.0,0.0,0.06042710336780041,150,0.5311411619186401,0.9789893627166748,1.0,1.0,,2191,v2,B2,sac_her_pickandplace_randomized_2M
sac_her_recovery_v2,sensor_bias,2,0.1,-150.0,0.0,0.17148513269454285,150,2.3888673782348633,1.5950251817703247,0.0,1.0,,2192,v2,B2,sac_her_pickandplace_randomized_2M
sac_her_recovery_v2,sensor_bias,2,0.1,-150.0,0.0,0.3794429424862267,150,0.06644795835018158,1.1256623268127441,0.0,1.0,,2193,v2,B2,sac_her_pickandplace_randomized_2M
sac_her_recovery_v2,sensor_bias,2,0.1,0.0,1.0,0.02565594358237976,150,0.05567029491066933,0.8969957232475281,0.0,1.0,0.0,2194,v2,B2,sac_her_pickandplace_randomized_2M
sac_her_recovery_v2,sensor_bias,2,0.1,-150.0,0.0,0.21002951048284235,150,0.052572380751371384,1.7140690088272095,0.0,1.0,,2195,v2,B2,sac_her_pickandplace_randomized_2M
sac_her_recovery_v2,sensor_bias,2,0.1,-150.0,0.0,0.38428870871081183,150,0.029200630262494087,1.137763500213623,0.0,1.0,,2196,v2,B2,sac_her_pickandplace_randomized_2M
sac_her_recovery_v2,sensor_bias,2,0.1,-150.0,0.0,0.3532265697759236,150,0.242990180850029,1.5241339206695557,0.0,1.0,,2197,v2,B2,sac_her_pickandplace_randomized_2M
sac_her_recovery_v2,sensor_bias,2,0.1,-150.0,0.0,0.22757028676256252,150,1.6302374601364136,1.3772207498550415,0.0,1.0,,2198,v2,B2,sac_her_pickandplace_randomized_2M
sac_her_recovery_v2,sensor_bias,2,0.1,-150.0,0.0,0.2738117894582931,150,1.5265973806381226,1.0149476528167725,0.0,1.0,,2199,v2,B2,sac_her_pickandplace_randomized_2M
sac_her_recovery_v2,sensor_bias,2,0.1,-150.0,0.0,0.12288898787804942,150,0.8177063465118408,0.7609878778457642,0.0,1.0,,2200,v2,B2,sac_her_pickandplace_randomized_2M
sac_her_recovery_v2,sensor_bias,2,0.1,-150.0,0.0,0.16025546327625328,150,0.3528597950935364,1.2110023498535156,0.0,1.0,,2201,v2,B2,sac_her_pickandplace_randomized_2M
sac_her_recovery_v2,sensor_bias,2,0.1,-150.0,0.0,0.24261203760444497,150,0.1824982911348343,1.3468273878097534,0.0,1.0,,2202,v2,B2,sac_her_pickandplace_randomized_2M
sac_her_recovery_v2,sensor_bias,2,0.1,-150.0,0.0,0.5138989605869597,150,0.014721201732754707,1.5718340873718262,0.0,1.0,,2203,v2,B2,sac_her_pickandplace_randomized_2M
sac_her_recovery_v2,sensor_bias,2,0.1,-150.0,0.0,0.14520401968415733,150,1.343776822090149,0.7724519371986389,0.0,1.0,,2204,v2,B2,sac_her_pickandplace_randomized_2M
sac_her_recovery_v2,sensor_bias,2,0.1,-150.0,0.0,0.31798075647877266,150,0.22213035821914673,1.1315536499023438,0.0,1.0,,2205,v2,B2,sac_her_pickandplace_randomized_2M
sac_her_recovery_v2,sensor_bias,2,0.1,-150.0,0.0,0.17517581158379572,150,1.5939557552337646,1.5431015491485596,0.0,1.0,,2206,v2,B2,sac_her_pickandplace_randomized_2M
sac_her_recovery_v2,sensor_bias,2,0.1,0.0,1.0,0.04344607546062929,150,0.06871961057186127,0.6961017847061157,0.0,1.0,0.0,2207,v2,B2,sac_her_pickandplace_randomized_2M
sac_her_recovery_v2,sensor_bias,2,0.1,-150.0,0.0,0.6202778693297851,150,0.08246900886297226,1.5955686569213867,0.0,1.0,,2208,v2,B2,sac_her_pickandplace_randomized_2M
sac_her_recovery_v2,sensor_bias,2,0.1,-150.0,0.0,0.3725494666153298,150,0.055451955646276474,1.3600181341171265,0.0,1.0,,2209,v2,B2,sac_her_pickandplace_randomized_2M
sac_her_recovery_v2,sensor_bias,2,0.1,-150.0,0.0,0.22101272675407632,150,1.6585330963134766,1.4462825059890747,0.0,1.0,,2210,v2,B2,sac_her_pickandplace_randomized_2M
sac_her_recovery_v2,sensor_bias,2,0.1,-150.0,0.0,0.1914299157330289,150,0.5533185005187988,1.1265543699264526,0.0,1.0,,2211,v2,B2,sac_her_pickandplace_randomized_2M
sac_her_recovery_v2,sensor_bias,2,0.1,-150.0,0.0,0.10622727373459696,150,0.1744903326034546,1.21978759765625,0.0,0.0,,2212,v2,B2,sac_her_pickandplace_randomized_2M
sac_her_recovery_v2,sensor_bias,2,0.1,-150.0,0.0,0.19175564889873178,150,0.04888851195573807,1.3983155488967896,0.0,1.0,,2213,v2,B2,sac_her_pickandplace_randomized_2M
sac_her_recovery_v2,sensor_bias,2,0.1,-150.0,0.0,0.1671411180884407,150,0.11435651034116745,0.9835798144340515,0.0,1.0,,2214,v2,B2,sac_her_pickandplace_randomized_2M
sac_her_recovery_v2,sensor_bias,2,0.1,-150.0,0.0,0.2272207778030207,150,1.9194667339324951,1.40253746509552,0.0,1.0,,2215,v2,B2,sac_her_pickandplace_randomized_2M
sac_her_recovery_v2,sensor_bias,2,0.1,-150.0,0.0,0.4294161905946126,150,0.044611625373363495,1.5486780405044556,0.0,1.0,,2216,v2,B2,sac_her_pickandplace_randomized_2M
sac_her_recovery_v2,sensor_bias,2,0.1,-150.0,0.0,0.19391481497547053,150,0.21104712784290314,1.2824676036834717,0.0,1.0,,2217,v2,B2,sac_her_pickandplace_randomized_2M
sac_her_recovery_v2,sensor_bias,2,0.1,-150.0,0.0,0.27278451630956135,150,0.04006160795688629,1.5494451522827148,0.0,1.0,,2218,v2,B2,sac_her_pickandplace_randomized_2M
sac_her_recovery_v2,sensor_bias,2,0.1,-150.0,0.0,0.4479705673575392,150,0.13666634261608124,1.4176877737045288,1.0,1.0,,2219,v2,B2,sac_her_pickandplace_randomized_2M
sac_her_recovery_v3,sensor_bias,2,0.1,-150.0,0.0,0.1579777212520101,150,0.14099575579166412,1.0502967834472656,0.0,1.0,,2220,v3,B3,sac_her_pickandplace_randomized_2M
sac_her_recovery_v3,sensor_bias,2,0.1,-150.0,0.0,0.15162937642806948,150,0.16328343749046326,1.0431530475616455,0.0,1.0,,2221,v3,B3,sac_her_pickandplace_randomized_2M
sac_her_recovery_v3,sensor_bias,2,0.1,-150.0,0.0,0.17148513269454285,150,1.6571898460388184,1.606242060661316,0.0,1.0,,2222,v3,B3,sac_her_pickandplace_randomized_2M
sac_her_recovery_v3,sensor_bias,2,0.1,-150.0,0.0,0.3794429424862267,150,0.2528086304664612,1.5709744691848755,0.0,1.0,,2223,v3,B3,sac_her_pickandplace_randomized_2M
sac_her_recovery_v3,sensor_bias,2,0.1,0.0,1.0,0.02565594358237976,150,0.07273939996957779,1.4089784622192383,0.0,1.0,0.0,2224,v3,B3,sac_her_pickandplace_randomized_2M
sac_her_recovery_v3,sensor_bias,2,0.1,-150.0,0.0,0.21002951048284235,150,0.0390370637178421,0.8911564350128174,0.0,1.0,,2225,v3,B3,sac_her_pickandplace_randomized_2M
sac_her_recovery_v3,sensor_bias,2,0.1,-150.0,0.0,0.38428870871081183,150,0.07919935882091522,1.587264895439148,0.0,1.0,,2226,v3,B3,sac_her_pickandplace_randomized_2M
sac_her_recovery_v3,sensor_bias,2,0.1,-150.0,0.0,0.3003642952314868,150,0.02792290598154068,1.730290174484253,0.0,1.0,,2227,v3,B3,sac_her_pickandplace_randomized_2M
sac_her_recovery_v3,sensor_bias,2,0.1,-150.0,0.0,0.22757028676256252,150,1.8768513202667236,1.5156325101852417,0.0,1.0,,2228,v3,B3,sac_her_pickandplace_randomized_2M
sac_her_recovery_v3,sensor_bias,2,0.1,-150.0,0.0,0.2738117894582931,150,0.20369486510753632,1.4285637140274048,1.0,1.0,,2229,v3,B3,sac_her_pickandplace_randomized_2M
sac_her_recovery_v3,sensor_bias,2,0.1,-150.0,0.0,0.12288898787804942,150,0.10465891659259796,1.4291174411773682,0.0,1.0,,2230,v3,B3,sac_her_pickandplace_randomized_2M
sac_her_recovery_v3,sensor_bias,2,0.1,-150.0,0.0,0.22284137960824982,150,0.39835721254348755,1.299013614654541,0.0,1.0,,2231,v3,B3,sac_her_pickandplace_randomized_2M
sac_her_recovery_v3,sensor_bias,2,0.1,-150.0,0.0,0.2877492579366268,150,0.07238979637622833,1.3903388977050781,0.0,1.0,,2232,v3,B3,sac_her_pickandplace_randomized_2M
sac_her_recovery_v3,sensor_bias,2,0.1,-150.0,0.0,0.5138989605869597,150,0.05122026801109314,1.5682563781738281,0.0,1.0,,2233,v3,B3,sac_her_pickandplace_randomized_2M
sac_her_recovery_v3,sensor_bias,2,0.1,-150.0,0.0,0.14520401968415733,150,0.09709910303354263,1.1494377851486206,0.0,1.0,,2234,v3,B3,sac_her_pickandplace_randomized_2M
sac_her_recovery_v3,sensor_bias,2,0.1,-150.0,0.0,0.3071968919207735,150,0.13505710661411285,1.5053975582122803,0.0,1.0,,2235,v3,B3,sac_her_pickandplace_randomized_2M
sac_her_recovery_v3,sensor_bias,2,0.1,-150.0,0.0,0.16493710870532802,150,0.07204707711935043,1.5305041074752808,0.0,1.0,,2236,v3,B3,sac_her_pickandplace_randomized_2M
sac_her_recovery_v3,sensor_bias,2,0.1,0.0,1.0,0.04344607546062929,150,0.06011033430695534,1.1567771434783936,0.0,1.0,0.0,2237,v3,B3,sac_her_pickandplace_randomized_2M
sac_her_recovery_v3,sensor_bias,2,0.1,-150.0,0.0,0.10901823525907746,150,0.4036971628665924,1.003973126411438,0.0,1.0,,2238,v3,B3,sac_her_pickandplace_randomized_2M
sac_her_recovery_v3,sensor_bias,2,0.1,-150.0,0.0,0.3725494666153298,150,0.044655296951532364,1.3847215175628662,0.0,1.0,,2239,v3,B3,sac_her_pickandplace_randomized_2M
sac_her_recovery_v3,sensor_bias,2,0.1,-150.0,0.0,0.16653674391870704,150,0.5828058123588562,1.3124271631240845,0.0,1.0,,2240,v3,B3,sac_her_pickandplace_randomized_2M
sac_her_recovery_v3,sensor_bias,2,0.1,-150.0,0.0,0.1914299157330289,150,0.0928814560174942,1.4354262351989746,0.0,1.0,,2241,v3,B3,sac_her_pickandplace_randomized_2M
sac_her_recovery_v3,sensor_bias,2,0.1,-150.0,0.0,0.5260221160269944,150,0.14140787720680237,1.5984632968902588,0.0,1.0,,2242,v3,B3,sac_her_pickandplace_randomized_2M
sac_her_recovery_v3,sensor_bias,2,0.1,-150.0,0.0,0.19175564889873178,150,0.06203290447592735,1.2068727016448975,0.0,1.0,,2243,v3,B3,sac_her_pickandplace_randomized_2M
sac_her_recovery_v3,sensor_bias,2,0.1,-150.0,0.0,0.16656157640171473,150,0.07857540249824524,0.9918127655982971,0.0,1.0,,2244,v3,B3,sac_her_pickandplace_randomized_2M
sac_her_recovery_v3,sensor_bias,2,0.1,-150.0,0.0,0.12204377475845707,150,0.21407058835029602,1.3761767148971558,0.0,1.0,,2245,v3,B3,sac_her_pickandplace_randomized_2M
sac_her_recovery_v3,sensor_bias,2,0.1,-150.0,0.0,0.4294161905946126,150,0.07428611814975739,1.4104290008544922,1.0,1.0,,2246,v3,B3,sac_her_pickandplace_randomized_2M
sac_her_recovery_v3,sensor_bias,2,0.1,-150.0,0.0,0.20403055295115488,150,0.08509320020675659,1.0416991710662842,0.0,1.0,,2247,v3,B3,sac_her_pickandplace_randomized_2M
sac_her_recovery_v3,sensor_bias,2,0.1,-150.0,0.0,0.27278451630956135,150,0.04642908647656441,1.1721569299697876,0.0,1.0,,2248,v3,B3,sac_her_pickandplace_randomized_2M
sac_her_recovery_v3,sensor_bias,2,0.1,-150.0,0.0,0.4479705673575392,150,0.29762598872184753,1.6464766263961792,0.0,1.0,,2249,v3,B3,sac_her_pickandplace_randomized_2M
sac_her,action_clipping,2,0.3,-32.0,1.0,0.02650996924343386,150,0.5943547487258911,0.552480161190033,0.0,0.0,32.0,2250,none,B1,sac_her_pickandplace_randomized_2M
sac_her,action_clipping,2,0.3,-31.0,1.0,0.034461145395637126,150,0.6121571063995361,0.5544784665107727,0.0,0.0,31.0,2251,none,B1,sac_her_pickandplace_randomized_2M
sac_her,action_clipping,2,0.3,-36.0,1.0,0.008429198474935354,150,0.7235407829284668,0.5886717438697815,0.0,0.0,36.0,2252,none,B1,sac_her_pickandplace_randomized_2M
sac_her,action_clipping,2,0.3,-150.0,0.0,0.3794429424862267,150,0.01770065538585186,0.5257120132446289,0.0,0.0,,2253,none,B1,sac_her_pickandplace_randomized_2M
sac_her,action_clipping,2,0.3,0.0,1.0,0.010881295108399575,150,0.06289108097553253,0.41064316034317017,0.0,0.0,0.0,2254,none,B1,sac_her_pickandplace_randomized_2M
sac_her,action_clipping,2,0.3,-150.0,0.0,0.21002951048284235,150,0.01685783453285694,0.4760691225528717,0.0,0.0,,2255,none,B1,sac_her_pickandplace_randomized_2M
sac_her,action_clipping,2,0.3,-150.0,0.0,0.38428870871081183,150,0.01732664369046688,0.517451822757721,0.0,0.0,,2256,none,B1,sac_her_pickandplace_randomized_2M
sac_her,action_clipping,2,0.3,-150.0,0.0,0.3003642952314868,150,0.015801625326275826,0.4750712513923645,0.0,0.0,,2257,none,B1,sac_her_pickandplace_randomized_2M
sac_her,action_clipping,2,0.3,-47.0,1.0,0.030500087854115773,150,0.14294281601905823,0.39558273553848267,0.0,0.0,47.0,2258,none,B1,sac_her_pickandplace_randomized_2M
sac_her,action_clipping,2,0.3,-62.0,1.0,0.03615619605844823,150,0.5661230683326721,0.5681205987930298,0.0,0.0,62.0,2259,none,B1,sac_her_pickandplace_randomized_2M
sac_her,action_clipping,2,0.3,-30.0,1.0,0.004724256510429135,150,0.6596963405609131,0.5834910869598389,0.0,0.0,30.0,2260,none,B1,sac_her_pickandplace_randomized_2M
sac_her,action_clipping,2,0.3,-27.0,1.0,0.019336477234340673,150,0.6618965864181519,0.5532394647598267,0.0,0.0,27.0,2261,none,B1,sac_her_pickandplace_randomized_2M
sac_her,action_clipping,2,0.3,-150.0,0.0,0.37988560599786525,150,0.7399402856826782,0.5018735527992249,0.0,0.0,,2262,none,B1,sac_her_pickandplace_randomized_2M
sac_her,action_clipping,2,0.3,-150.0,0.0,0.5138989605869597,150,0.011636033654212952,0.5756554007530212,0.0,0.0,,2263,none,B1,sac_her_pickandplace_randomized_2M
sac_her,action_clipping,2,0.3,-24.0,1.0,0.004495349537403999,150,0.5973860025405884,0.5423015356063843,0.0,0.0,24.0,2264,none,B1,sac_her_pickandplace_randomized_2M
sac_her,action_clipping,2,0.3,-150.0,0.0,0.31798075647877266,150,0.009211638011038303,0.5413492918014526,0.0,0.0,,2265,none,B1,sac_her_pickandplace_randomized_2M
sac_her,action_clipping,2,0.3,-34.0,1.0,0.01525248339484809,150,0.09807861596345901,0.40206030011177063,0.0,0.0,34.0,2266,none,B1,sac_her_pickandplace_randomized_2M
sac_her,action_clipping,2,0.3,0.0,1.0,0.0217605295640481,150,0.10388942062854767,0.553769052028656,0.0,0.0,0.0,2267,none,B1,sac_her_pickandplace_randomized_2M
sac_her,action_clipping,2,0.3,-150.0,0.0,0.10901823525907746,150,0.5262406468391418,0.450883686542511,0.0,0.0,,2268,none,B1,sac_her_pickandplace_randomized_2M
sac_her,action_clipping,2,0.3,-150.0,0.0,0.3725494666153298,150,0.008093257434666157,0.5840585827827454,0.0,0.0,,2269,none,B1,sac_her_pickandplace_randomized_2M
sac_her,action_clipping,2,0.3,-31.0,1.0,0.024075998568804657,150,0.12238357961177826,0.389021098613739,0.0,0.0,31.0,2270,none,B1,sac_her_pickandplace_randomized_2M
sac_her,action_clipping,2,0.3,-147.0,0.0,0.06264125178588638,150,0.6360315084457397,0.5144557952880859,0.0,0.0,34.0,2271,none,B1,sac_her_pickandplace_randomized_2M
sac_her,action_clipping,2,0.3,-150.0,0.0,0.2414536788352769,150,0.6916295886039734,0.5941901803016663,0.0,0.0,,2272,none,B1,sac_her_pickandplace_randomized_2M
sac_her,action_clipping,2,0.3,-150.0,0.0,0.19175564889873178,150,0.02615406922996044,0.5236536860466003,0.0,0.0,,2273,none,B1,sac_her_pickandplace_randomized_2M
sac_her,action_clipping,2,0.3,-23.0,1.0,0.013571562535697466,150,0.7328058481216431,0.582277774810791,0.0,0.0,23.0,2274,none,B1,sac_her_pickandplace_randomized_2M
sac_her,action_clipping,2,0.3,-47.0,1.0,0.012021844900917525,150,0.17340677976608276,0.42709431052207947,0.0,0.0,47.0,2275,none,B1,sac_her_pickandplace_randomized_2M
sac_her,action_clipping,2,0.3,-150.0,0.0,0.4294161905946126,150,0.012181929312646389,0.5583986639976501,0.0,0.0,,2276,none,B1,sac_her_pickandplace_randomized_2M
sac_her,action_clipping,2,0.3,-33.0,1.0,0.026810848915277557,150,0.520490825176239,0.4689718186855316,0.0,0.0,33.0,2277,none,B1,sac_her_pickandplace_randomized_2M
sac_her,action_clipping,2,0.3,-150.0,0.0,0.27278451630956135,150,0.017009615898132324,0.565194308757782,0.0,0.0,,2278,none,B1,sac_her_pickandplace_randomized_2M
sac_her,action_clipping,2,0.3,-150.0,0.0,0.4479705673575392,150,0.015400810167193413,0.5313726663589478,0.0,0.0,,2279,none,B1,sac_her_pickandplace_randomized_2M
sac_her_recovery_v2,action_clipping,2,0.3,-35.0,1.0,0.027635372547228455,150,0.7062966227531433,0.5675532221794128,0.0,1.0,35.0,2280,v2,B2,sac_her_pickandplace_randomized_2M
sac_her_recovery_v2,action_clipping,2,0.3,-44.0,1.0,0.005002143663384571,150,0.6797632575035095,0.5728479623794556,0.0,1.0,44.0,2281,v2,B2,sac_her_pickandplace_randomized_2M
sac_her_recovery_v2,action_clipping,2,0.3,-43.0,1.0,0.004945257952192773,150,0.6508904099464417,0.574902355670929,0.0,1.0,43.0,2282,v2,B2,sac_her_pickandplace_randomized_2M
sac_her_recovery_v2,action_clipping,2,0.3,-150.0,0.0,0.3794429424862267,150,0.03889000788331032,0.5146451592445374,0.0,1.0,,2283,v2,B2,sac_her_pickandplace_randomized_2M
sac_her_recovery_v2,action_clipping,2,0.3,0.0,1.0,0.002216260101887271,150,0.06573983281850815,0.45245301723480225,0.0,1.0,0.0,2284,v2,B2,sac_her_pickandplace_randomized_2M
sac_her_recovery_v2,action_clipping,2,0.3,-150.0,0.0,0.21002951048284235,150,0.02821248024702072,0.48130014538764954,0.0,1.0,,2285,v2,B2,sac_her_pickandplace_randomized_2M
sac_her_recovery_v2,action_clipping,2,0.3,-150.0,0.0,0.38428870871081183,150,0.027632098644971848,0.5187684893608093,0.0,1.0,,2286,v2,B2,sac_her_pickandplace_randomized_2M
sac_her_recovery_v2,action_clipping,2,0.3,-150.0,0.0,0.3003642952314868,150,0.02830449305474758,0.479096382856369,0.0,1.0,,2287,v2,B2,sac_her_pickandplace_randomized_2M
sac_her_recovery_v2,action_clipping,2,0.3,-52.0,1.0,0.009275352481138786,150,0.4238196909427643,0.5098056197166443,0.0,1.0,52.0,2288,v2,B2,sac_her_pickandplace_randomized_2M
sac_her_recovery_v2,action_clipping,2,0.3,-110.0,1.0,0.03532333948340651,150,0.5706512928009033,0.5654114484786987,0.0,1.0,110.0,2289,v2,B2,sac_her_pickandplace_randomized_2M
sac_her_recovery_v2,action_clipping,2,0.3,-34.0,1.0,0.0045624052709322275,150,0.6466196775436401,0.5872541069984436,0.0,1.0,34.0,2290,v2,B2,sac_her_pickandplace_randomized_2M
sac_her_recovery_v2,action_clipping,2,0.3,-28.0,1.0,0.016579763961020143,150,0.697852611541748,0.5493170022964478,0.0,1.0,28.0,2291,v2,B2,sac_her_pickandplace_randomized_2M
sac_her_recovery_v2,action_clipping,2,0.3,-148.0,0.0,0.4861658638988265,150,0.24905328452587128,0.5873119235038757,0.0,1.0,55.0,2292,v2,B2,sac_her_pickandplace_randomized_2M
sac_her_recovery_v2,action_clipping,2,0.3,-150.0,0.0,0.5138989605869597,150,0.03192336484789848,0.5816057920455933,0.0,1.0,,2293,v2,B2,sac_her_pickandplace_randomized_2M
sac_her_recovery_v2,action_clipping,2,0.3,-21.0,1.0,0.0059863615642534685,150,0.12288729846477509,0.32126277685165405,0.0,1.0,21.0,2294,v2,B2,sac_her_pickandplace_randomized_2M
sac_her_recovery_v2,action_clipping,2,0.3,-150.0,0.0,0.31798075647877266,150,0.03567075356841087,0.5493545532226562,0.0,1.0,,2295,v2,B2,sac_her_pickandplace_randomized_2M
sac_her_recovery_v2,action_clipping,2,0.3,-38.0,1.0,0.0054619520137585515,150,0.7035825848579407,0.5887740254402161,0.0,1.0,38.0,2296,v2,B2,sac_her_pickandplace_randomized_2M
sac_her_recovery_v2,action_clipping,2,0.3,0.0,1.0,0.023627409657310375,150,0.19781287014484406,0.386601060628891,0.0,1.0,0.0,2297,v2,B2,sac_her_pickandplace_randomized_2M
sac_her_recovery_v2,action_clipping,2,0.3,-150.0,0.0,0.10901823525907746,150,0.4590436816215515,0.4466428756713867,0.0,1.0,,2298,v2,B2,sac_her_pickandplace_randomized_2M
sac_her_recovery_v2,action_clipping,2,0.3,-150.0,0.0,0.3725494666153298,150,0.02844824269413948,0.5872997045516968,0.0,1.0,,2299,v2,B2,sac_her_pickandplace_randomized_2M
sac_her_recovery_v2,action_clipping,2,0.3,-39.0,1.0,0.019541450493633795,150,0.6729087829589844,0.5714184641838074,0.0,1.0,39.0,2300,v2,B2,sac_her_pickandplace_randomized_2M
sac_her_recovery_v2,action_clipping,2,0.3,-150.0,0.0,0.06730690937324188,150,0.5931752920150757,0.5671995282173157,0.0,1.0,,2301,v2,B2,sac_her_pickandplace_randomized_2M
sac_her_recovery_v2,action_clipping,2,0.3,-33.0,1.0,0.01709796904913422,150,0.16442114114761353,0.393234521150589,0.0,1.0,33.0,2302,v2,B2,sac_her_pickandplace_randomized_2M
sac_her_recovery_v2,action_clipping,2,0.3,-150.0,0.0,0.19175564889873178,150,0.035865988582372665,0.5216166377067566,0.0,1.0,,2303,v2,B2,sac_her_pickandplace_randomized_2M
sac_her_recovery_v2,action_clipping,2,0.3,-19.0,1.0,0.002183217517822712,150,0.12201016396284103,0.3842034339904785,0.0,1.0,19.0,2304,v2,B2,sac_her_pickandplace_randomized_2M
sac_her_recovery_v2,action_clipping,2,0.3,-43.0,1.0,0.011723587812959827,150,0.11705723404884338,0.5634400248527527,0.0,1.0,43.0,2305,v2,B2,sac_her_pickandplace_randomized_2M
sac_her_recovery_v2,action_clipping,2,0.3,-150.0,0.0,0.4294161905946126,150,0.035215944051742554,0.5606114864349365,0.0,1.0,,2306,v2,B2,sac_her_pickandplace_randomized_2M
sac_her_recovery_v2,action_clipping,2,0.3,-150.0,0.0,0.13676600000249528,150,0.2836199700832367,0.5949434638023376,0.0,1.0,,2307,v2,B2,sac_her_pickandplace_randomized_2M
sac_her_recovery_v2,action_clipping,2,0.3,-150.0,0.0,0.27278451630956135,150,0.03136308491230011,0.558881402015686,0.0,1.0,,2308,v2,B2,sac_her_pickandplace_randomized_2M
sac_her_recovery_v2,action_clipping,2,0.3,-150.0,0.0,0.4479705673575392,150,0.042161472141742706,0.5402686595916748,0.0,1.0,,2309,v2,B2,sac_her_pickandplace_randomized_2M
sac_her_recovery_v3,action_clipping,2,0.3,-59.0,1.0,0.02578828618958883,150,0.7625871896743774,0.5861388444900513,0.0,1.0,59.0,2310,v3,B3,sac_her_pickandplace_randomized_2M
sac_her_recovery_v3,action_clipping,2,0.3,-144.0,1.0,0.04555732540940271,150,0.5085560083389282,0.5705575346946716,0.0,1.0,143.0,2311,v3,B3,sac_her_pickandplace_randomized_2M
sac_her_recovery_v3,action_clipping,2,0.3,-60.0,1.0,0.012228496590214983,150,0.12001453340053558,0.4574686288833618,0.0,1.0,60.0,2312,v3,B3,sac_her_pickandplace_randomized_2M
sac_her_recovery_v3,action_clipping,2,0.3,-150.0,0.0,0.3794429424862267,150,0.0315445177257061,0.46714192628860474,0.0,1.0,,2313,v3,B3,sac_her_pickandplace_randomized_2M
sac_her_recovery_v3,action_clipping,2,0.3,0.0,1.0,0.013266252009224478,150,0.06195226311683655,0.33713310956954956,0.0,1.0,0.0,2314,v3,B3,sac_her_pickandplace_randomized_2M
sac_her_recovery_v3,action_clipping,2,0.3,-150.0,0.0,0.21002951048284235,150,0.039132773876190186,0.4836083948612213,0.0,1.0,,2315,v3,B3,sac_her_pickandplace_randomized_2M
sac_her_recovery_v3,action_clipping,2,0.3,-150.0,0.0,0.38428870871081183,150,0.027287693694233894,0.5252170562744141,0.0,1.0,,2316,v3,B3,sac_her_pickandplace_randomized_2M
sac_her_recovery_v3,action_clipping,2,0.3,-150.0,0.0,0.3003642952314868,150,0.02884219028055668,0.486970990896225,0.0,1.0,,2317,v3,B3,sac_her_pickandplace_randomized_2M
sac_her_recovery_v3,action_clipping,2,0.3,-117.0,1.0,0.013261585976048823,150,0.32085371017456055,0.5876864790916443,0.0,1.0,117.0,2318,v3,B3,sac_her_pickandplace_randomized_2M
sac_her_recovery_v3,action_clipping,2,0.3,-150.0,0.0,0.05181248178069378,150,0.3413292467594147,0.6180101633071899,0.0,1.0,,2319,v3,B3,sac_her_pickandplace_randomized_2M
sac_her_recovery_v3,action_clipping,2,0.3,-60.0,1.0,0.002612146204080327,150,0.5580999255180359,0.577577531337738,0.0,1.0,60.0,2320,v3,B3,sac_her_pickandplace_randomized_2M
sac_her_recovery_v3,action_clipping,2,0.3,-37.0,1.0,0.02620893799030692,150,0.509742796421051,0.5635469555854797,0.0,1.0,37.0,2321,v3,B3,sac_her_pickandplace_randomized_2M
sac_her_recovery_v3,action_clipping,2,0.3,-150.0,0.0,0.1668513084061011,150,0.20553460717201233,0.6827583909034729,0.0,1.0,,2322,v3,B3,sac_her_pickandplace_randomized_2M
sac_her_recovery_v3,action_clipping,2,0.3,-150.0,0.0,0.5138989605869597,150,0.031392913311719894,0.5967085957527161,0.0,1.0,,2323,v3,B3,sac_her_pickandplace_randomized_2M
sac_her_recovery_v3,action_clipping,2,0.3,-18.0,1.0,0.01721265444397804,150,0.08845330029726028,0.3891829550266266,0.0,1.0,17.0,2324,v3,B3,sac_her_pickandplace_randomized_2M
sac_her_recovery_v3,action_clipping,2,0.3,-150.0,0.0,0.31798075647877266,150,0.03582822158932686,0.5662150979042053,0.0,1.0,,2325,v3,B3,sac_her_pickandplace_randomized_2M
sac_her_recovery_v3,action_clipping,2,0.3,-74.0,1.0,0.021407792609928172,150,0.12840281426906586,0.4717758297920227,0.0,1.0,74.0,2326,v3,B3,sac_her_pickandplace_randomized_2M
sac_her_recovery_v3,action_clipping,2,0.3,0.0,1.0,0.0026674958701381,150,0.11777555197477341,0.45175567269325256,0.0,1.0,0.0,2327,v3,B3,sac_her_pickandplace_randomized_2M
sac_her_recovery_v3,action_clipping,2,0.3,-150.0,0.0,0.10901823525907746,150,0.04573049023747444,0.47605782747268677,0.0,1.0,,2328,v3,B3,sac_her_pickandplace_randomized_2M
sac_her_recovery_v3,action_clipping,2,0.3,-150.0,0.0,0.3725494666153298,150,0.029258273541927338,0.5959873795509338,0.0,1.0,,2329,v3,B3,sac_her_pickandplace_randomized_2M
sac_her_recovery_v3,action_clipping,2,0.3,-77.0,1.0,0.01485468426586363,150,0.4933694899082184,0.6030611991882324,0.0,1.0,77.0,2330,v3,B3,sac_her_pickandplace_randomized_2M
sac_her_recovery_v3,action_clipping,2,0.3,-85.0,1.0,0.025569024284956905,150,0.5814489722251892,0.5771309733390808,0.0,1.0,45.0,2331,v3,B3,sac_her_pickandplace_randomized_2M
sac_her_recovery_v3,action_clipping,2,0.3,-23.0,1.0,0.00958214634088734,150,0.12913165986537933,0.41973260045051575,0.0,1.0,23.0,2332,v3,B3,sac_her_pickandplace_randomized_2M
sac_her_recovery_v3,action_clipping,2,0.3,-150.0,0.0,0.19175564889873178,150,0.03446825221180916,0.5280738472938538,0.0,1.0,,2333,v3,B3,sac_her_pickandplace_randomized_2M
sac_her_recovery_v3,action_clipping,2,0.3,-150.0,0.0,0.05252002048172987,150,0.8930387496948242,0.5228148102760315,0.0,1.0,,2334,v3,B3,sac_her_pickandplace_randomized_2M
sac_her_recovery_v3,action_clipping,2,0.3,-84.0,1.0,0.03058206483476727,150,0.398636132478714,0.6091359853744507,0.0,1.0,84.0,2335,v3,B3,sac_her_pickandplace_randomized_2M
sac_her_recovery_v3,action_clipping,2,0.3,-150.0,0.0,0.4294161905946126,150,0.03553639352321625,0.5643649101257324,0.0,1.0,,2336,v3,B3,sac_her_pickandplace_randomized_2M
sac_her_recovery_v3,action_clipping,2,0.3,-150.0,0.0,0.08999687987329608,150,0.43588128685951233,0.5981020331382751,0.0,1.0,,2337,v3,B3,sac_her_pickandplace_randomized_2M
sac_her_recovery_v3,action_clipping,2,0.3,-150.0,0.0,0.27278451630956135,150,0.024895427748560905,0.5866385102272034,0.0,1.0,,2338,v3,B3,sac_her_pickandplace_randomized_2M
sac_her_recovery_v3,action_clipping,2,0.3,-150.0,0.0,0.4479705673575392,150,0.04527966305613518,0.5532105565071106,0.0,1.0,,2339,v3,B3,sac_her_pickandplace_randomized_2M
sac_her,action_delay,2,0.0,-98.0,1.0,0.03081521977249719,150,0.8788034319877625,1.570327639579773,1.0,0.0,14.0,2340,none,B1,sac_her_pickandplace_randomized_2M
sac_her,action_delay,2,0.0,-40.0,1.0,0.026956770018309758,150,0.8916701674461365,1.3501819372177124,0.0,0.0,26.0,2341,none,B1,sac_her_pickandplace_randomized_2M
sac_her,action_delay,2,0.0,-14.0,1.0,0.0064733906810947785,150,0.38528770208358765,1.1695222854614258,0.0,0.0,14.0,2342,none,B1,sac_her_pickandplace_randomized_2M
sac_her,action_delay,2,0.0,-150.0,0.0,0.3794429424862267,150,0.04773084819316864,1.2047256231307983,0.0,0.0,,2343,none,B1,sac_her_pickandplace_randomized_2M
sac_her,action_delay,2,0.0,0.0,1.0,0.024029800195406875,150,0.7883188128471375,0.9727401733398438,0.0,0.0,0.0,2344,none,B1,sac_her_pickandplace_randomized_2M
sac_her,action_delay,2,0.0,-150.0,0.0,0.21002951048284235,150,0.036737602204084396,0.5302383303642273,0.0,0.0,,2345,none,B1,sac_her_pickandplace_randomized_2M
sac_her,action_delay,2,0.0,-150.0,0.0,0.38428870871081183,150,0.037515729665756226,0.9982514381408691,0.0,0.0,,2346,none,B1,sac_her_pickandplace_randomized_2M
sac_her,action_delay,2,0.0,-150.0,0.0,0.3003642952314868,150,0.03585214167833328,0.9956398606300354,0.0,0.0,,2347,none,B1,sac_her_pickandplace_randomized_2M
sac_her,action_delay,2,0.0,-69.0,1.0,0.015558094077692979,150,1.2944165468215942,1.624582290649414,0.0,0.0,69.0,2348,none,B1,sac_her_pickandplace_randomized_2M
sac_her,action_delay,2,0.0,-27.0,1.0,0.0025241451474988194,150,0.3722628057003021,1.480137586593628,0.0,0.0,27.0,2349,none,B1,sac_her_pickandplace_randomized_2M
sac_her,action_delay,2,0.0,-121.0,1.0,0.009506098324030357,150,1.007240653038025,1.7009687423706055,1.0,0.0,12.0,2350,none,B1,sac_her_pickandplace_randomized_2M
sac_her,action_delay,2,0.0,-13.0,1.0,0.024172230008810823,150,0.1573273092508316,1.0371628999710083,0.0,0.0,13.0,2351,none,B1,sac_her_pickandplace_randomized_2M
sac_her,action_delay,2,0.0,-148.0,0.0,0.46912945884484586,150,0.1756906658411026,1.5179710388183594,0.0,0.0,13.0,2352,none,B1,sac_her_pickandplace_randomized_2M
sac_her,action_delay,2,0.0,-150.0,0.0,0.5138989605869597,150,0.031064776703715324,1.5398029088974,0.0,0.0,,2353,none,B1,sac_her_pickandplace_randomized_2M
sac_her,action_delay,2,0.0,-34.0,1.0,0.023691755022662978,150,0.570869505405426,1.1762325763702393,0.0,0.0,34.0,2354,none,B1,sac_her_pickandplace_randomized_2M
sac_her,action_delay,2,0.0,-150.0,0.0,0.31798075647877266,150,0.0383039265871048,1.422309160232544,0.0,0.0,,2355,none,B1,sac_her_pickandplace_randomized_2M
sac_her,action_delay,2,0.0,-13.0,1.0,0.006173549990026164,150,0.20646794140338898,1.001957654953003,0.0,0.0,13.0,2356,none,B1,sac_her_pickandplace_randomized_2M
sac_her,action_delay,2,0.0,0.0,1.0,0.005954562719471375,150,0.0875634029507637,0.952910840511322,0.0,0.0,0.0,2357,none,B1,sac_her_pickandplace_randomized_2M
sac_her,action_delay,2,0.0,-150.0,0.0,0.10901823525907746,150,0.5454928874969482,0.9202516674995422,0.0,0.0,,2358,none,B1,sac_her_pickandplace_randomized_2M
sac_her,action_delay,2,0.0,-150.0,0.0,0.3725494666153298,150,0.046908821910619736,1.3241968154907227,0.0,0.0,,2359,none,B1,sac_her_pickandplace_randomized_2M
sac_her,action_delay,2,0.0,-48.0,1.0,0.02326326893292368,150,0.4227730929851532,1.5709738731384277,0.0,0.0,48.0,2360,none,B1,sac_her_pickandplace_randomized_2M
sac_her,action_delay,2,0.0,-128.0,0.0,0.05714361427519395,150,1.0684120655059814,1.6509214639663696,1.0,0.0,13.0,2361,none,B1,sac_her_pickandplace_randomized_2M
sac_her,action_delay,2,0.0,-138.0,0.0,0.4596590420276612,150,0.39523839950561523,1.5411921739578247,0.0,0.0,18.0,2362,none,B1,sac_her_pickandplace_randomized_2M
sac_her,action_delay,2,0.0,-150.0,0.0,0.19175564889873178,150,0.05648145079612732,1.1667078733444214,0.0,0.0,,2363,none,B1,sac_her_pickandplace_randomized_2M
sac_her,action_delay,2,0.0,-20.0,1.0,0.028264610008354733,150,0.7064442038536072,1.1041045188903809,0.0,0.0,19.0,2364,none,B1,sac_her_pickandplace_randomized_2M
sac_her,action_delay,2,0.0,-150.0,0.0,0.2272207778030207,150,1.3831056356430054,1.6626002788543701,0.0,0.0,,2365,none,B1,sac_her_pickandplace_randomized_2M
sac_her,action_delay,2,0.0,-150.0,0.0,0.4294161905946126,150,0.05339881777763367,1.1551806926727295,0.0,0.0,,2366,none,B1,sac_her_pickandplace_randomized_2M
sac_her,action_delay,2,0.0,-23.0,1.0,0.01791769722200232,150,0.37562060356140137,1.05517578125,0.0,0.0,23.0,2367,none,B1,sac_her_pickandplace_randomized_2M
sac_her,action_delay,2,0.0,-150.0,0.0,0.27278451630956135,150,0.05877154320478439,1.1790515184402466,0.0,0.0,,2368,none,B1,sac_her_pickandplace_randomized_2M
sac_her,action_delay,2,0.0,-150.0,0.0,0.4479705673575392,150,0.048745084553956985,1.3958396911621094,0.0,0.0,,2369,none,B1,sac_her_pickandplace_randomized_2M
sac_her_recovery_v2,action_delay,2,0.0,-74.0,0.0,0.09354278740481846,150,0.8842947483062744,1.2871859073638916,1.0,1.0,23.0,2370,v2,B2,sac_her_pickandplace_randomized_2M
sac_her_recovery_v2,action_delay,2,0.0,-148.0,0.0,0.18237098950708752,150,0.5430424213409424,1.29105544090271,0.0,1.0,74.0,2371,v2,B2,sac_her_pickandplace_randomized_2M
sac_her_recovery_v2,action_delay,2,0.0,-31.0,1.0,0.006185046421383583,150,0.9416190385818481,1.188809871673584,0.0,1.0,23.0,2372,v2,B2,sac_her_pickandplace_randomized_2M
sac_her_recovery_v2,action_delay,2,0.0,-150.0,0.0,0.3794429424862267,150,0.0751495361328125,1.2095175981521606,0.0,1.0,,2373,v2,B2,sac_her_pickandplace_randomized_2M
sac_her_recovery_v2,action_delay,2,0.0,0.0,1.0,0.011776814439438591,150,0.7913892865180969,1.1019911766052246,0.0,1.0,0.0,2374,v2,B2,sac_her_pickandplace_randomized_2M
sac_her_recovery_v2,action_delay,2,0.0,-150.0,0.0,0.21002951048284235,150,0.04169763997197151,0.5292789340019226,0.0,1.0,,2375,v2,B2,sac_her_pickandplace_randomized_2M
sac_her_recovery_v2,action_delay,2,0.0,-150.0,0.0,0.38428870871081183,150,0.0504499152302742,1.0066801309585571,0.0,1.0,,2376,v2,B2,sac_her_pickandplace_randomized_2M
sac_her_recovery_v2,action_delay,2,0.0,-150.0,0.0,0.3003642952314868,150,0.049313101917505264,0.9983792304992676,0.0,1.0,,2377,v2,B2,sac_her_pickandplace_randomized_2M
sac_her_recovery_v2,action_delay,2,0.0,-40.0,1.0,0.010313381831047002,150,0.9794562458992004,1.63249933719635,0.0,1.0,38.0,2378,v2,B2,sac_her_pickandplace_randomized_2M
sac_her_recovery_v2,action_delay,2,0.0,-150.0,0.0,0.23604461982109995,150,0.6890660524368286,1.3807449340820312,1.0,1.0,,2379,v2,B2,sac_her_pickandplace_randomized_2M
sac_her_recovery_v2,action_delay,2,0.0,-58.0,1.0,0.025539671114788443,150,0.8089064955711365,1.2789133787155151,0.0,1.0,26.0,2380,v2,B2,sac_her_pickandplace_randomized_2M
sac_her_recovery_v2,action_delay,2,0.0,-13.0,1.0,0.02667140758835485,150,0.23142936825752258,0.6666380763053894,0.0,1.0,13.0,2381,v2,B2,sac_her_pickandplace_randomized_2M
sac_her_recovery_v2,action_delay,2,0.0,-149.0,0.0,0.4770971123037579,150,0.3212067186832428,1.646447777748108,1.0,1.0,30.0,2382,v2,B2,sac_her_pickandplace_randomized_2M
sac_her_recovery_v2,action_delay,2,0.0,-150.0,0.0,0.5138989605869597,150,0.06004250794649124,1.542078971862793,0.0,1.0,,2383,v2,B2,sac_her_pickandplace_randomized_2M
sac_her_recovery_v2,action_delay,2,0.0,-41.0,1.0,0.010378142633981648,150,0.5325728058815002,1.156677484512329,0.0,1.0,41.0,2384,v2,B2,sac_her_pickandplace_randomized_2M
sac_her_recovery_v2,action_delay,2,0.0,-150.0,0.0,0.31798075647877266,150,0.07663898169994354,1.4288742542266846,0.0,1.0,,2385,v2,B2,sac_her_pickandplace_randomized_2M
sac_her_recovery_v2,action_delay,2,0.0,-16.0,1.0,0.009128167086962404,150,0.3549466133117676,1.015701174736023,1.0,1.0,16.0,2386,v2,B2,sac_her_pickandplace_randomized_2M
sac_her_recovery_v2,action_delay,2,0.0,0.0,1.0,0.010468490840718141,150,0.09613993763923645,0.9592208862304688,0.0,1.0,0.0,2387,v2,B2,sac_her_pickandplace_randomized_2M
sac_her_recovery_v2,action_delay,2,0.0,-150.0,0.0,0.10901823525907746,150,0.5407457947731018,0.9090338349342346,0.0,1.0,,2388,v2,B2,sac_her_pickandplace_randomized_2M
sac_her_recovery_v2,action_delay,2,0.0,-150.0,0.0,0.3725494666153298,150,0.07981318235397339,1.335861086845398,0.0,1.0,,2389,v2,B2,sac_her_pickandplace_randomized_2M
sac_her_recovery_v2,action_delay,2,0.0,-150.0,0.0,0.5420470211464422,150,0.2735176980495453,1.527151107788086,1.0,1.0,,2390,v2,B2,sac_her_pickandplace_randomized_2M
sac_her_recovery_v2,action_delay,2,0.0,-135.0,0.0,0.1900582003407201,150,0.9182502627372742,1.4599204063415527,1.0,1.0,32.0,2391,v2,B2,sac_her_pickandplace_randomized_2M
sac_her_recovery_v2,action_delay,2,0.0,-53.0,1.0,0.019219234430158286,150,0.5120757222175598,1.2283834218978882,1.0,1.0,37.0,2392,v2,B2,sac_her_pickandplace_randomized_2M
sac_her_recovery_v2,action_delay,2,0.0,-150.0,0.0,0.19175564889873178,150,0.06279053539037704,1.1158819198608398,0.0,1.0,,2393,v2,B2,sac_her_pickandplace_randomized_2M
sac_her_recovery_v2,action_delay,2,0.0,-21.0,1.0,0.02424028827767726,150,0.33923956751823425,1.1345701217651367,0.0,1.0,21.0,2394,v2,B2,sac_her_pickandplace_randomized_2M
sac_her_recovery_v2,action_delay,2,0.0,-148.0,0.0,0.33947911460576513,150,0.28188323974609375,1.4112097024917603,0.0,1.0,18.0,2395,v2,B2,sac_her_pickandplace_randomized_2M
sac_her_recovery_v2,action_delay,2,0.0,-150.0,0.0,0.4294161905946126,150,0.08455957472324371,1.1674606800079346,0.0,1.0,,2396,v2,B2,sac_her_pickandplace_randomized_2M
sac_her_recovery_v2,action_delay,2,0.0,-16.0,1.0,0.008641885651322623,150,0.7789193987846375,1.4550976753234863,0.0,1.0,16.0,2397,v2,B2,sac_her_pickandplace_randomized_2M
sac_her_recovery_v2,action_delay,2,0.0,-150.0,0.0,0.27278451630956135,150,0.07556439191102982,1.177140712738037,0.0,1.0,,2398,v2,B2,sac_her_pickandplace_randomized_2M
sac_her_recovery_v2,action_delay,2,0.0,-150.0,0.0,0.4479705673575392,150,0.09012118726968765,1.3981430530548096,0.0,1.0,,2399,v2,B2,sac_her_pickandplace_randomized_2M
sac_her_recovery_v3,action_delay,2,0.0,-131.0,0.0,0.17521086683654535,150,0.7861954569816589,1.2738484144210815,0.0,1.0,25.0,2400,v3,B3,sac_her_pickandplace_randomized_2M
sac_her_recovery_v3,action_delay,2,0.0,-150.0,0.0,0.15162937642806948,150,0.5376971364021301,1.0973680019378662,0.0,1.0,,2401,v3,B3,sac_her_pickandplace_randomized_2M
sac_her_recovery_v3,action_delay,2,0.0,-68.0,1.0,0.01646088776501528,150,0.6576271057128906,1.2597028017044067,0.0,1.0,30.0,2402,v3,B3,sac_her_pickandplace_randomized_2M
sac_her_recovery_v3,action_delay,2,0.0,-150.0,0.0,0.3794429424862267,150,0.07044095546007156,1.0857552289962769,0.0,1.0,,2403,v3,B3,sac_her_pickandplace_randomized_2M
sac_her_recovery_v3,action_delay,2,0.0,0.0,1.0,0.0038409479293563284,150,0.6298368573188782,0.9546571969985962,0.0,1.0,0.0,2404,v3,B3,sac_her_pickandplace_randomized_2M
sac_her_recovery_v3,action_delay,2,0.0,-150.0,0.0,0.21002951048284235,150,0.04054618254303932,0.5287646651268005,0.0,1.0,,2405,v3,B3,sac_her_pickandplace_randomized_2M
sac_her_recovery_v3,action_delay,2,0.0,-150.0,0.0,0.38428870871081183,150,0.050930097699165344,1.0248003005981445,0.0,1.0,,2406,v3,B3,sac_her_pickandplace_randomized_2M
sac_her_recovery_v3,action_delay,2,0.0,-150.0,0.0,0.3003642952314868,150,0.05034267529845238,1.0074174404144287,0.0,1.0,,2407,v3,B3,sac_her_pickandplace_randomized_2M
sac_her_recovery_v3,action_delay,2,0.0,-35.0,1.0,0.011276372122369413,150,0.6439349055290222,0.999355673789978,0.0,1.0,35.0,2408,v3,B3,sac_her_pickandplace_randomized_2M
sac_her_recovery_v3,action_delay,2,0.0,-150.0,0.0,0.2738117894582931,150,0.3575401306152344,1.4762557744979858,1.0,1.0,,2409,v3,B3,sac_her_pickandplace_randomized_2M
sac_her_recovery_v3,action_delay,2,0.0,-149.0,0.0,0.1746908713386003,150,0.4217316210269928,1.2114899158477783,0.0,1.0,46.0,2410,v3,B3,sac_her_pickandplace_randomized_2M
sac_her_recovery_v3,action_delay,2,0.0,-14.0,1.0,0.014093439143998883,150,0.7291918992996216,1.4421247243881226,0.0,1.0,14.0,2411,v3,B3,sac_her_pickandplace_randomized_2M
sac_her_recovery_v3,action_delay,2,0.0,-150.0,0.0,0.2877492579366268,150,0.27744290232658386,1.3680990934371948,1.0,1.0,,2412,v3,B3,sac_her_pickandplace_randomized_2M
sac_her_recovery_v3,action_delay,2,0.0,-150.0,0.0,0.5138989605869597,150,0.06015891581773758,1.5458406209945679,0.0,1.0,,2413,v3,B3,sac_her_pickandplace_randomized_2M
sac_her_recovery_v3,action_delay,2,0.0,-39.0,1.0,0.005893202797647263,150,0.30565789341926575,1.3508046865463257,0.0,1.0,39.0,2414,v3,B3,sac_her_pickandplace_randomized_2M
sac_her_recovery_v3,action_delay,2,0.0,-150.0,0.0,0.31798075647877266,150,0.08033712953329086,1.4291149377822876,0.0,1.0,,2415,v3,B3,sac_her_pickandplace_randomized_2M
sac_her_recovery_v3,action_delay,2,0.0,-17.0,1.0,0.013171765315011411,150,0.23452912271022797,1.037720799446106,0.0,1.0,17.0,2416,v3,B3,sac_her_pickandplace_randomized_2M
sac_her_recovery_v3,action_delay,2,0.0,0.0,1.0,0.0021313300823171096,150,0.22443467378616333,0.9387485980987549,0.0,1.0,0.0,2417,v3,B3,sac_her_pickandplace_randomized_2M
sac_her_recovery_v3,action_delay,2,0.0,-150.0,0.0,0.10863976893413971,150,0.5398510694503784,0.8908835649490356,0.0,1.0,,2418,v3,B3,sac_her_pickandplace_randomized_2M
sac_her_recovery_v3,action_delay,2,0.0,-150.0,0.0,0.3725494666153298,150,0.08123856037855148,1.3533331155776978,0.0,1.0,,2419,v3,B3,sac_her_pickandplace_randomized_2M
sac_her_recovery_v3,action_delay,2,0.0,-150.0,0.0,0.22101272675407632,150,0.5082635283470154,1.3099994659423828,0.0,1.0,,2420,v3,B3,sac_her_pickandplace_randomized_2M
sac_her_recovery_v3,action_delay,2,0.0,-150.0,0.0,0.085682398993638,150,0.6348267793655396,1.2609403133392334,0.0,1.0,,2421,v3,B3,sac_her_pickandplace_randomized_2M
sac_her_recovery_v3,action_delay,2,0.0,-150.0,0.0,0.19831423906656215,150,0.6273508071899414,1.1681092977523804,0.0,1.0,,2422,v3,B3,sac_her_pickandplace_randomized_2M
sac_her_recovery_v3,action_delay,2,0.0,-150.0,0.0,0.19175564889873178,150,0.052412740886211395,0.6175686717033386,0.0,1.0,,2423,v3,B3,sac_her_pickandplace_randomized_2M
sac_her_recovery_v3,action_delay,2,0.0,-25.0,1.0,0.014809703091915555,150,0.2919667959213257,0.5506789088249207,0.0,1.0,25.0,2424,v3,B3,sac_her_pickandplace_randomized_2M
sac_her_recovery_v3,action_delay,2,0.0,-150.0,0.0,0.08677520830819992,150,0.5080062747001648,1.375059962272644,0.0,1.0,,2425,v3,B3,sac_her_pickandplace_randomized_2M
sac_her_recovery_v3,action_delay,2,0.0,-150.0,0.0,0.4294161905946126,150,0.08660908788442612,1.1898287534713745,0.0,1.0,,2426,v3,B3,sac_her_pickandplace_randomized_2M
sac_her_recovery_v3,action_delay,2,0.0,-16.0,1.0,0.01800948410668037,150,0.18652330338954926,0.9088168144226074,0.0,1.0,16.0,2427,v3,B3,sac_her_pickandplace_randomized_2M
sac_her_recovery_v3,action_delay,2,0.0,-150.0,0.0,0.27278451630956135,150,0.07766322046518326,1.2009539604187012,0.0,1.0,,2428,v3,B3,sac_her_pickandplace_randomized_2M
sac_her_recovery_v3,action_delay,2,0.0,-150.0,0.0,0.4479705673575392,150,0.09424847364425659,1.4054375886917114,0.0,1.0,,2429,v3,B3,sac_her_pickandplace_randomized_2M
sac_her,action_reversal,2,0.0,-150.0,0.0,0.19971723941907216,150,0.12528260052204132,1.1679811477661133,0.0,0.0,,2430,none,B1,sac_her_pickandplace_randomized_2M
sac_her,action_reversal,2,0.0,-150.0,0.0,0.15162937642806948,150,0.06546548008918762,1.4977525472640991,0.0,0.0,,2431,none,B1,sac_her_pickandplace_randomized_2M
sac_her,action_reversal,2,0.0,-150.0,0.0,0.17148513269454285,150,0.05630548298358917,1.2936075925827026,0.0,0.0,,2432,none,B1,sac_her_pickandplace_randomized_2M
sac_her,action_reversal,2,0.0,-150.0,0.0,0.3794429424862267,150,0.0063657453283667564,0.29921361804008484,0.0,0.0,,2433,none,B1,sac_her_pickandplace_randomized_2M
sac_her,action_reversal,2,0.0,0.0,1.0,0.02565594358237976,150,0.07356712222099304,0.6302054524421692,0.0,0.0,0.0,2434,none,B1,sac_her_pickandplace_randomized_2M
sac_her,action_reversal,2,0.0,-150.0,0.0,0.21002951048284235,150,0.007735387422144413,0.8997041583061218,0.0,0.0,,2435,none,B1,sac_her_pickandplace_randomized_2M
sac_her,action_reversal,2,0.0,-150.0,0.0,0.38428870871081183,150,0.04255923256278038,1.0911006927490234,0.0,0.0,,2436,none,B1,sac_her_pickandplace_randomized_2M
sac_her,action_reversal,2,0.0,-150.0,0.0,0.3003642952314868,150,0.03560785576701164,0.8504581451416016,0.0,0.0,,2437,none,B1,sac_her_pickandplace_randomized_2M
sac_her,action_reversal,2,0.0,-150.0,0.0,0.22757028676256252,150,0.04888380691409111,1.5557299852371216,0.0,0.0,,2438,none,B1,sac_her_pickandplace_randomized_2M
sac_her,action_reversal,2,0.0,-150.0,0.0,0.2738117894582931,150,0.023343637585639954,1.5934407711029053,0.0,0.0,,2439,none,B1,sac_her_pickandplace_randomized_2M
sac_her,action_reversal,2,0.0,-150.0,0.0,0.12288898787804942,150,0.06805834174156189,0.8737882375717163,0.0,0.0,,2440,none,B1,sac_her_pickandplace_randomized_2M
sac_her,action_reversal,2,0.0,-150.0,0.0,0.22284137960824982,150,0.1086166575551033,1.4810292720794678,0.0,0.0,,2441,none,B1,sac_her_pickandplace_randomized_2M
sac_her,action_reversal,2,0.0,-150.0,0.0,0.2877492579366268,150,0.12417083978652954,1.6248949766159058,0.0,0.0,,2442,none,B1,sac_her_pickandplace_randomized_2M
sac_her,action_reversal,2,0.0,-150.0,0.0,0.5138989605869597,150,0.02633364498615265,1.4748203754425049,0.0,0.0,,2443,none,B1,sac_her_pickandplace_randomized_2M
sac_her,action_reversal,2,0.0,-150.0,0.0,0.14520401968415733,150,0.03303714841604233,1.6598105430603027,0.0,0.0,,2444,none,B1,sac_her_pickandplace_randomized_2M
sac_her,action_reversal,2,0.0,-150.0,0.0,0.31798075647877266,150,0.03288082033395767,1.3087079524993896,0.0,0.0,,2445,none,B1,sac_her_pickandplace_randomized_2M
sac_her,action_reversal,2,0.0,-150.0,0.0,0.17517581158379572,150,0.05795009806752205,1.449502944946289,0.0,0.0,,2446,none,B1,sac_her_pickandplace_randomized_2M
sac_her,action_reversal,2,0.0,0.0,1.0,0.04344607546062929,150,0.05493709444999695,1.3660650253295898,0.0,0.0,0.0,2447,none,B1,sac_her_pickandplace_randomized_2M
sac_her,action_reversal,2,0.0,-150.0,0.0,0.10901823525907746,150,0.07134371995925903,1.176212191581726,0.0,0.0,,2448,none,B1,sac_her_pickandplace_randomized_2M
sac_her,action_reversal,2,0.0,-150.0,0.0,0.3725494666153298,150,0.04510752856731415,1.0786696672439575,0.0,0.0,,2449,none,B1,sac_her_pickandplace_randomized_2M
sac_her,action_reversal,2,0.0,-150.0,0.0,0.22101272675407632,150,0.04581908509135246,1.612705111503601,0.0,0.0,,2450,none,B1,sac_her_pickandplace_randomized_2M
sac_her,action_reversal,2,0.0,-150.0,0.0,0.1914299157330289,150,0.0759093388915062,1.45745050907135,0.0,0.0,,2451,none,B1,sac_her_pickandplace_randomized_2M
sac_her,action_reversal,2,0.0,-150.0,0.0,0.24159742733129702,150,0.04212285205721855,1.623407244682312,0.0,0.0,,2452,none,B1,sac_her_pickandplace_randomized_2M
sac_her,action_reversal,2,0.0,-150.0,0.0,0.19309571312465118,150,0.01664436236023903,1.0273160934448242,0.0,0.0,,2453,none,B1,sac_her_pickandplace_randomized_2M
sac_her,action_reversal,2,0.0,-150.0,0.0,0.16656157640171473,150,0.05356699600815773,1.3458499908447266,0.0,0.0,,2454,none,B1,sac_her_pickandplace_randomized_2M
sac_her,action_reversal,2,0.0,-150.0,0.0,0.2272207778030207,150,0.021829601377248764,1.6041423082351685,0.0,0.0,,2455,none,B1,sac_her_pickandplace_randomized_2M
sac_her,action_reversal,2,0.0,-150.0,0.0,0.4294161905946126,150,0.032132409512996674,1.3890198469161987,0.0,0.0,,2456,none,B1,sac_her_pickandplace_randomized_2M
sac_her,action_reversal,2,0.0,-150.0,0.0,0.20403055295115488,150,0.060975655913352966,1.3743170499801636,0.0,0.0,,2457,none,B1,sac_her_pickandplace_randomized_2M
sac_her,action_reversal,2,0.0,-150.0,0.0,0.27278451630956135,150,0.010447944514453411,0.9097163677215576,0.0,0.0,,2458,none,B1,sac_her_pickandplace_randomized_2M
sac_her,action_reversal,2,0.0,-150.0,0.0,0.4479705673575392,150,0.03438423573970795,0.7280272841453552,0.0,0.0,,2459,none,B1,sac_her_pickandplace_randomized_2M
sac_her_recovery_v2,action_reversal,2,0.0,-150.0,0.0,0.19971723941907216,150,0.1656983643770218,1.1516648530960083,0.0,1.0,,2460,v2,B2,sac_her_pickandplace_randomized_2M
sac_her_recovery_v2,action_reversal,2,0.0,-150.0,0.0,0.15162937642806948,150,0.09566836059093475,1.5551395416259766,0.0,1.0,,2461,v2,B2,sac_her_pickandplace_randomized_2M
sac_her_recovery_v2,action_reversal,2,0.0,-150.0,0.0,0.17148513269454285,150,0.07855071127414703,1.2363917827606201,0.0,1.0,,2462,v2,B2,sac_her_pickandplace_randomized_2M
sac_her_recovery_v2,action_reversal,2,0.0,-150.0,0.0,0.3794429424862267,150,0.023886580020189285,0.30174559354782104,0.0,1.0,,2463,v2,B2,sac_her_pickandplace_randomized_2M
sac_her_recovery_v2,action_reversal,2,0.0,0.0,1.0,0.02565594358237976,150,0.08682342618703842,0.6243992447853088,0.0,1.0,0.0,2464,v2,B2,sac_her_pickandplace_randomized_2M
sac_her_recovery_v2,action_reversal,2,0.0,-150.0,0.0,0.21002951048284235,150,0.04004541039466858,0.9016408324241638,0.0,1.0,,2465,v2,B2,sac_her_pickandplace_randomized_2M
sac_her_recovery_v2,action_reversal,2,0.0,-150.0,0.0,0.38428870871081183,150,0.0701841413974762,1.093325138092041,0.0,1.0,,2466,v2,B2,sac_her_pickandplace_randomized_2M
sac_her_recovery_v2,action_reversal,2,0.0,-150.0,0.0,0.3003642952314868,150,0.06424237042665482,0.8464478850364685,0.0,1.0,,2467,v2,B2,sac_her_pickandplace_randomized_2M
sac_her_recovery_v2,action_reversal,2,0.0,-150.0,0.0,0.22757028676256252,150,0.07767551392316818,1.5109903812408447,0.0,1.0,,2468,v2,B2,sac_her_pickandplace_randomized_2M
sac_her_recovery_v2,action_reversal,2,0.0,-150.0,0.0,0.2738117894582931,150,0.0376926027238369,1.5306566953659058,0.0,1.0,,2469,v2,B2,sac_her_pickandplace_randomized_2M
sac_her_recovery_v2,action_reversal,2,0.0,-150.0,0.0,0.12288898787804942,150,0.08573342114686966,0.871960461139679,0.0,1.0,,2470,v2,B2,sac_her_pickandplace_randomized_2M
sac_her_recovery_v2,action_reversal,2,0.0,-150.0,0.0,0.22284137960824982,150,0.13380618393421173,1.481792688369751,0.0,1.0,,2471,v2,B2,sac_her_pickandplace_randomized_2M
sac_her_recovery_v2,action_reversal,2,0.0,-150.0,0.0,0.2877492579366268,150,0.14546801149845123,1.243707537651062,0.0,1.0,,2472,v2,B2,sac_her_pickandplace_randomized_2M
sac_her_recovery_v2,action_reversal,2,0.0,-150.0,0.0,0.5138989605869597,150,0.06129107251763344,1.4763610363006592,0.0,1.0,,2473,v2,B2,sac_her_pickandplace_randomized_2M
sac_her_recovery_v2,action_reversal,2,0.0,-150.0,0.0,0.14520401968415733,150,0.09599091857671738,1.5956257581710815,0.0,1.0,,2474,v2,B2,sac_her_pickandplace_randomized_2M
sac_her_recovery_v2,action_reversal,2,0.0,-150.0,0.0,0.31798075647877266,150,0.05153382942080498,1.3286875486373901,0.0,1.0,,2475,v2,B2,sac_her_pickandplace_randomized_2M
sac_her_recovery_v2,action_reversal,2,0.0,-150.0,0.0,0.17517581158379572,150,0.08969428390264511,1.405094861984253,0.0,1.0,,2476,v2,B2,sac_her_pickandplace_randomized_2M
sac_her_recovery_v2,action_reversal,2,0.0,0.0,1.0,0.04344607546062929,150,0.12411301583051682,1.196262001991272,0.0,1.0,0.0,2477,v2,B2,sac_her_pickandplace_randomized_2M
sac_her_recovery_v2,action_reversal,2,0.0,-150.0,0.0,0.10901823525907746,150,0.09126593172550201,1.158821702003479,0.0,1.0,,2478,v2,B2,sac_her_pickandplace_randomized_2M
sac_her_recovery_v2,action_reversal,2,0.0,-150.0,0.0,0.3725494666153298,150,0.07850251346826553,1.1066975593566895,0.0,1.0,,2479,v2,B2,sac_her_pickandplace_randomized_2M
sac_her_recovery_v2,action_reversal,2,0.0,-150.0,0.0,0.22101272675407632,150,0.07739657163619995,1.4749577045440674,0.0,1.0,,2480,v2,B2,sac_her_pickandplace_randomized_2M
sac_her_recovery_v2,action_reversal,2,0.0,-150.0,0.0,0.1914299157330289,150,0.11109229177236557,1.3564265966415405,0.0,1.0,,2481,v2,B2,sac_her_pickandplace_randomized_2M
sac_her_recovery_v2,action_reversal,2,0.0,-150.0,0.0,0.24159742733129702,150,0.08350372314453125,1.603369951248169,0.0,1.0,,2482,v2,B2,sac_her_pickandplace_randomized_2M
sac_her_recovery_v2,action_reversal,2,0.0,-150.0,0.0,0.19181553397902837,150,0.07283161580562592,1.029775619506836,0.0,1.0,,2483,v2,B2,sac_her_pickandplace_randomized_2M
sac_her_recovery_v2,action_reversal,2,0.0,-150.0,0.0,0.16656157640171473,150,0.09452930837869644,1.285162091255188,0.0,1.0,,2484,v2,B2,sac_her_pickandplace_randomized_2M
sac_her_recovery_v2,action_reversal,2,0.0,-150.0,0.0,0.2272207778030207,150,0.07431460916996002,1.5034910440444946,0.0,1.0,,2485,v2,B2,sac_her_pickandplace_randomized_2M
sac_her_recovery_v2,action_reversal,2,0.0,-150.0,0.0,0.4294161905946126,150,0.04761932045221329,1.3963173627853394,0.0,1.0,,2486,v2,B2,sac_her_pickandplace_randomized_2M
sac_her_recovery_v2,action_reversal,2,0.0,-150.0,0.0,0.20403055295115488,150,0.07764866203069687,1.3726109266281128,0.0,1.0,,2487,v2,B2,sac_her_pickandplace_randomized_2M
sac_her_recovery_v2,action_reversal,2,0.0,-150.0,0.0,0.27278451630956135,150,0.03873155266046524,0.9073958396911621,0.0,1.0,,2488,v2,B2,sac_her_pickandplace_randomized_2M
sac_her_recovery_v2,action_reversal,2,0.0,-150.0,0.0,0.4479705673575392,150,0.07092669606208801,0.8715043067932129,0.0,1.0,,2489,v2,B2,sac_her_pickandplace_randomized_2M
sac_her_recovery_v3,action_reversal,2,0.0,-150.0,0.0,0.19971723941907216,150,0.1538001000881195,1.1451407670974731,0.0,1.0,,2490,v3,B3,sac_her_pickandplace_randomized_2M
sac_her_recovery_v3,action_reversal,2,0.0,-150.0,0.0,0.15162937642806948,150,0.062369268387556076,1.5542919635772705,0.0,1.0,,2491,v3,B3,sac_her_pickandplace_randomized_2M
sac_her_recovery_v3,action_reversal,2,0.0,-150.0,0.0,0.17148513269454285,150,0.07201514393091202,1.2254655361175537,0.0,1.0,,2492,v3,B3,sac_her_pickandplace_randomized_2M
sac_her_recovery_v3,action_reversal,2,0.0,-150.0,0.0,0.3794429424862267,150,0.027291396632790565,0.319609135389328,0.0,1.0,,2493,v3,B3,sac_her_pickandplace_randomized_2M
sac_her_recovery_v3,action_reversal,2,0.0,0.0,1.0,0.02565594358237976,150,0.08031637966632843,0.5996535420417786,0.0,1.0,0.0,2494,v3,B3,sac_her_pickandplace_randomized_2M
sac_her_recovery_v3,action_reversal,2,0.0,-150.0,0.0,0.21002951048284235,150,0.04073931276798248,0.8990913033485413,0.0,1.0,,2495,v3,B3,sac_her_pickandplace_randomized_2M
sac_her_recovery_v3,action_reversal,2,0.0,-150.0,0.0,0.38428870871081183,150,0.07156198471784592,1.092715859413147,0.0,1.0,,2496,v3,B3,sac_her_pickandplace_randomized_2M
sac_her_recovery_v3,action_reversal,2,0.0,-150.0,0.0,0.3003642952314868,150,0.07126583904027939,0.8419705629348755,0.0,1.0,,2497,v3,B3,sac_her_pickandplace_randomized_2M
sac_her_recovery_v3,action_reversal,2,0.0,-150.0,0.0,0.22757028676256252,150,0.05612865462899208,1.4315977096557617,0.0,1.0,,2498,v3,B3,sac_her_pickandplace_randomized_2M
sac_her_recovery_v3,action_reversal,2,0.0,-150.0,0.0,0.2738117894582931,150,0.034719500690698624,1.4656648635864258,0.0,1.0,,2499,v3,B3,sac_her_pickandplace_randomized_2M
sac_her_recovery_v3,action_reversal,2,0.0,-150.0,0.0,0.12288898787804942,150,0.08817765861749649,0.8761930465698242,0.0,1.0,,2500,v3,B3,sac_her_pickandplace_randomized_2M
sac_her_recovery_v3,action_reversal,2,0.0,-150.0,0.0,0.22284137960824982,150,0.15220573544502258,1.4381810426712036,0.0,1.0,,2501,v3,B3,sac_her_pickandplace_randomized_2M
sac_her_recovery_v3,action_reversal,2,0.0,-150.0,0.0,0.2877492579366268,150,0.09614435583353043,1.2274765968322754,0.0,1.0,,2502,v3,B3,sac_her_pickandplace_randomized_2M
sac_her_recovery_v3,action_reversal,2,0.0,-150.0,0.0,0.5138989605869597,150,0.060847681015729904,1.482325792312622,0.0,1.0,,2503,v3,B3,sac_her_pickandplace_randomized_2M
sac_her_recovery_v3,action_reversal,2,0.0,-150.0,0.0,0.14520401968415733,150,0.07347601652145386,1.4229081869125366,0.0,1.0,,2504,v3,B3,sac_her_pickandplace_randomized_2M
sac_her_recovery_v3,action_reversal,2,0.0,-150.0,0.0,0.31798075647877266,150,0.04589228332042694,1.348491907119751,0.0,1.0,,2505,v3,B3,sac_her_pickandplace_randomized_2M
sac_her_recovery_v3,action_reversal,2,0.0,-150.0,0.0,0.17517581158379572,150,0.0606338307261467,1.3724545240402222,0.0,1.0,,2506,v3,B3,sac_her_pickandplace_randomized_2M
sac_her_recovery_v3,action_reversal,2,0.0,0.0,1.0,0.04344607546062929,150,0.12364824116230011,1.0366716384887695,0.0,1.0,0.0,2507,v3,B3,sac_her_pickandplace_randomized_2M
sac_her_recovery_v3,action_reversal,2,0.0,-150.0,0.0,0.10901823525907746,150,0.10058391839265823,1.1709212064743042,0.0,1.0,,2508,v3,B3,sac_her_pickandplace_randomized_2M
sac_her_recovery_v3,action_reversal,2,0.0,-150.0,0.0,0.3725494666153298,150,0.07739230990409851,1.1283148527145386,0.0,1.0,,2509,v3,B3,sac_her_pickandplace_randomized_2M
sac_her_recovery_v3,action_reversal,2,0.0,-150.0,0.0,0.22101272675407632,150,0.07885637879371643,1.4566675424575806,0.0,1.0,,2510,v3,B3,sac_her_pickandplace_randomized_2M
sac_her_recovery_v3,action_reversal,2,0.0,-150.0,0.0,0.1914299157330289,150,0.1033685952425003,1.3220813274383545,0.0,1.0,,2511,v3,B3,sac_her_pickandplace_randomized_2M
sac_her_recovery_v3,action_reversal,2,0.0,-150.0,0.0,0.24159742733129702,150,0.08539660274982452,1.5950771570205688,0.0,1.0,,2512,v3,B3,sac_her_pickandplace_randomized_2M
sac_her_recovery_v3,action_reversal,2,0.0,-150.0,0.0,0.19175564889873178,150,0.04604717344045639,1.0305031538009644,0.0,1.0,,2513,v3,B3,sac_her_pickandplace_randomized_2M
sac_her_recovery_v3,action_reversal,2,0.0,-150.0,0.0,0.16656157640171473,150,0.1203850507736206,1.277009129524231,0.0,1.0,,2514,v3,B3,sac_her_pickandplace_randomized_2M
sac_her_recovery_v3,action_reversal,2,0.0,-150.0,0.0,0.2272207778030207,150,0.07012376934289932,1.4515193700790405,0.0,1.0,,2515,v3,B3,sac_her_pickandplace_randomized_2M
sac_her_recovery_v3,action_reversal,2,0.0,-150.0,0.0,0.4294161905946126,150,0.044708672910928726,1.408531904220581,0.0,1.0,,2516,v3,B3,sac_her_pickandplace_randomized_2M
sac_her_recovery_v3,action_reversal,2,0.0,-150.0,0.0,0.20403055295115488,150,0.08248577266931534,1.3611741065979004,0.0,1.0,,2517,v3,B3,sac_her_pickandplace_randomized_2M
sac_her_recovery_v3,action_reversal,2,0.0,-150.0,0.0,0.27278451630956135,150,0.04368381202220917,0.9438401460647583,0.0,1.0,,2518,v3,B3,sac_her_pickandplace_randomized_2M
sac_her_recovery_v3,action_reversal,2,0.0,-150.0,0.0,0.4479705673575392,150,0.07021964341402054,1.1383557319641113,0.0,1.0,,2519,v3,B3,sac_her_pickandplace_randomized_2M
sac_her,goal_spoof_immediate,2,0.1,-150.0,0.0,0.19971723941907216,150,0.07212052494287491,1.588459849357605,0.0,0.0,,2520,none,B1,sac_her_pickandplace_randomized_2M
sac_her,goal_spoof_immediate,2,0.1,-150.0,0.0,0.14535149246156515,150,1.7233235836029053,1.2904231548309326,0.0,0.0,,2521,none,B1,sac_her_pickandplace_randomized_2M
sac_her,goal_spoof_immediate,2,0.1,-150.0,0.0,0.0944659045904998,150,0.356728732585907,1.4721843004226685,0.0,0.0,,2522,none,B1,sac_her_pickandplace_randomized_2M
sac_her,goal_spoof_immediate,2,0.1,-150.0,0.0,0.3794429424862267,150,0.03547927737236023,1.401604413986206,0.0,0.0,,2523,none,B1,sac_her_pickandplace_randomized_2M
sac_her,goal_spoof_immediate,2,0.1,-145.0,0.0,0.6648973508048736,150,0.44962039589881897,1.4431413412094116,1.0,0.0,0.0,2524,none,B1,sac_her_pickandplace_randomized_2M
sac_her,goal_spoof_immediate,2,0.1,-150.0,0.0,0.21002951048284235,150,0.0256215650588274,0.991573691368103,0.0,0.0,,2525,none,B1,sac_her_pickandplace_randomized_2M
sac_her,goal_spoof_immediate,2,0.1,-150.0,0.0,0.38428870871081183,150,0.042139410972595215,0.9102433323860168,0.0,0.0,,2526,none,B1,sac_her_pickandplace_randomized_2M
sac_her,goal_spoof_immediate,2,0.1,-150.0,0.0,0.3003642952314868,150,0.044460054486989975,1.0545055866241455,0.0,0.0,,2527,none,B1,sac_her_pickandplace_randomized_2M
sac_her,goal_spoof_immediate,2,0.1,-14.0,1.0,0.020371569174210628,150,1.3326811790466309,1.4430716037750244,0.0,0.0,14.0,2528,none,B1,sac_her_pickandplace_randomized_2M
sac_her,goal_spoof_immediate,2,0.1,-150.0,0.0,0.31453492326726507,150,0.43974846601486206,0.6589669585227966,0.0,0.0,,2529,none,B1,sac_her_pickandplace_randomized_2M
sac_her,goal_spoof_immediate,2,0.1,-150.0,0.0,0.05441058178863305,150,0.6901425123214722,1.357646107673645,0.0,0.0,,2530,none,B1,sac_her_pickandplace_randomized_2M
sac_her,goal_spoof_immediate,2,0.1,-150.0,0.0,0.22284137960824982,150,1.1640527248382568,0.9541009664535522,0.0,0.0,,2531,none,B1,sac_her_pickandplace_randomized_2M
sac_her,goal_spoof_immediate,2,0.1,-145.0,0.0,0.4239285659064524,150,0.3012615442276001,1.5982745885849,0.0,0.0,16.0,2532,none,B1,sac_her_pickandplace_randomized_2M
sac_her,goal_spoof_immediate,2,0.1,-150.0,0.0,0.5138989605869597,150,0.01592000387609005,1.6697674989700317,0.0,0.0,,2533,none,B1,sac_her_pickandplace_randomized_2M
sac_her,goal_spoof_immediate,2,0.1,-150.0,0.0,0.4735593552635367,150,0.2412160038948059,1.2227058410644531,1.0,0.0,,2534,none,B1,sac_her_pickandplace_randomized_2M
sac_her,goal_spoof_immediate,2,0.1,-150.0,0.0,0.31798075647877266,150,0.03376811742782593,1.416035771369934,0.0,0.0,,2535,none,B1,sac_her_pickandplace_randomized_2M
sac_her,goal_spoof_immediate,2,0.1,-150.0,0.0,0.1725972986580887,150,0.31659290194511414,0.5704613924026489,0.0,0.0,,2536,none,B1,sac_her_pickandplace_randomized_2M
sac_her,goal_spoof_immediate,2,0.1,-141.0,0.0,0.07342347443320088,150,0.12243324518203735,1.2078425884246826,0.0,0.0,0.0,2537,none,B1,sac_her_pickandplace_randomized_2M
sac_her,goal_spoof_immediate,2,0.1,-150.0,0.0,0.10901823525907746,150,0.07420310378074646,0.8618856072425842,0.0,0.0,,2538,none,B1,sac_her_pickandplace_randomized_2M
sac_her,goal_spoof_immediate,2,0.1,-150.0,0.0,0.3725494666153298,150,0.03908032923936844,1.3553040027618408,0.0,0.0,,2539,none,B1,sac_her_pickandplace_randomized_2M
sac_her,goal_spoof_immediate,2,0.1,-10.0,1.0,0.038803006563065096,150,0.21385741233825684,1.323914647102356,0.0,0.0,10.0,2540,none,B1,sac_her_pickandplace_randomized_2M
sac_her,goal_spoof_immediate,2,0.1,-146.0,0.0,0.0665314822101604,150,0.5209516286849976,0.6492113471031189,1.0,0.0,10.0,2541,none,B1,sac_her_pickandplace_randomized_2M
sac_her,goal_spoof_immediate,2,0.1,-150.0,0.0,0.44160183318248214,150,0.9488516449928284,1.5514802932739258,1.0,0.0,,2542,none,B1,sac_her_pickandplace_randomized_2M
sac_her,goal_spoof_immediate,2,0.1,-150.0,0.0,0.19175564889873178,150,0.2787838578224182,0.5996312499046326,0.0,0.0,,2543,none,B1,sac_her_pickandplace_randomized_2M
sac_her,goal_spoof_immediate,2,0.1,-150.0,0.0,0.07583048085465424,150,0.0874137282371521,1.421973705291748,0.0,0.0,,2544,none,B1,sac_her_pickandplace_randomized_2M
sac_her,goal_spoof_immediate,2,0.1,-150.0,0.0,0.5973890610127518,150,0.15350782871246338,1.6005041599273682,0.0,0.0,,2545,none,B1,sac_her_pickandplace_randomized_2M
sac_her,goal_spoof_immediate,2,0.1,-150.0,0.0,0.4294161905946126,150,0.02946263551712036,1.1271564960479736,0.0,0.0,,2546,none,B1,sac_her_pickandplace_randomized_2M
sac_her,goal_spoof_immediate,2,0.1,-150.0,0.0,0.4687138173063372,150,0.6603386402130127,1.5868982076644897,1.0,0.0,,2547,none,B1,sac_her_pickandplace_randomized_2M
sac_her,goal_spoof_immediate,2,0.1,-150.0,0.0,0.27278451630956135,150,0.0320216566324234,1.104805588722229,0.0,0.0,,2548,none,B1,sac_her_pickandplace_randomized_2M
sac_her,goal_spoof_immediate,2,0.1,-150.0,0.0,0.4479705673575392,150,0.029342206194996834,1.6170330047607422,0.0,0.0,,2549,none,B1,sac_her_pickandplace_randomized_2M
sac_her_recovery_v2,goal_spoof_immediate,2,0.1,-150.0,0.0,0.19971723941907216,150,0.09075427055358887,1.2237693071365356,0.0,1.0,,2550,v2,B2,sac_her_pickandplace_randomized_2M
sac_her_recovery_v2,goal_spoof_immediate,2,0.1,-150.0,0.0,0.08420018221260762,150,2.0105104446411133,1.5569136142730713,0.0,1.0,,2551,v2,B2,sac_her_pickandplace_randomized_2M
sac_her_recovery_v2,goal_spoof_immediate,2,0.1,-150.0,0.0,0.07182182384136815,150,0.5550482869148254,1.403300166130066,0.0,1.0,,2552,v2,B2,sac_her_pickandplace_randomized_2M
sac_her_recovery_v2,goal_spoof_immediate,2,0.1,-150.0,0.0,0.3794429424862267,150,0.05378289148211479,1.598169207572937,0.0,1.0,,2553,v2,B2,sac_her_pickandplace_randomized_2M
sac_her_recovery_v2,goal_spoof_immediate,2,0.1,0.0,1.0,0.02565594358237976,150,0.05318858101963997,1.0801366567611694,0.0,1.0,0.0,2554,v2,B2,sac_her_pickandplace_randomized_2M
sac_her_recovery_v2,goal_spoof_immediate,2,0.1,-150.0,0.0,0.21002951048284235,150,0.15722282230854034,0.48311468958854675,0.0,1.0,,2555,v2,B2,sac_her_pickandplace_randomized_2M
sac_her_recovery_v2,goal_spoof_immediate,2,0.1,-150.0,0.0,0.38428870871081183,150,0.048434097319841385,1.0758954286575317,0.0,1.0,,2556,v2,B2,sac_her_pickandplace_randomized_2M
sac_her_recovery_v2,goal_spoof_immediate,2,0.1,-150.0,0.0,0.3003642952314868,150,0.048252981156110764,0.9925262331962585,0.0,1.0,,2557,v2,B2,sac_her_pickandplace_randomized_2M
sac_her_recovery_v2,goal_spoof_immediate,2,0.1,-150.0,0.0,0.0878730404345299,150,0.703929603099823,1.5515892505645752,1.0,1.0,,2558,v2,B2,sac_her_pickandplace_randomized_2M
sac_her_recovery_v2,goal_spoof_immediate,2,0.1,-17.0,1.0,0.04777990909642526,150,0.5796188116073608,0.7230492234230042,1.0,1.0,17.0,2559,v2,B2,sac_her_pickandplace_randomized_2M
sac_her_recovery_v2,goal_spoof_immediate,2,0.1,-150.0,0.0,0.10626241745919265,150,0.25926125049591064,0.7803245782852173,0.0,1.0,,2560,v2,B2,sac_her_pickandplace_randomized_2M
sac_her_recovery_v2,goal_spoof_immediate,2,0.1,-150.0,0.0,0.22284137960824982,150,1.6947475671768188,1.0036845207214355,0.0,1.0,,2561,v2,B2,sac_her_pickandplace_randomized_2M
sac_her_recovery_v2,goal_spoof_immediate,2,0.1,-150.0,0.0,0.26481591613414,150,0.5050005912780762,1.4137277603149414,1.0,1.0,,2562,v2,B2,sac_her_pickandplace_randomized_2M
sac_her_recovery_v2,goal_spoof_immediate,2,0.1,-150.0,0.0,0.5138989605869597,150,0.05478387326002121,1.499849796295166,0.0,1.0,,2563,v2,B2,sac_her_pickandplace_randomized_2M
sac_her_recovery_v2,goal_spoof_immediate,2,0.1,-150.0,0.0,0.1404821618437904,150,0.5237656235694885,1.066149115562439,1.0,1.0,,2564,v2,B2,sac_her_pickandplace_randomized_2M
sac_her_recovery_v2,goal_spoof_immediate,2,0.1,-150.0,0.0,0.31798075647877266,150,0.06767172366380692,1.4080536365509033,0.0,1.0,,2565,v2,B2,sac_her_pickandplace_randomized_2M
sac_her_recovery_v2,goal_spoof_immediate,2,0.1,-150.0,0.0,0.17517581158379572,150,0.08710996806621552,0.9443707466125488,0.0,1.0,,2566,v2,B2,sac_her_pickandplace_randomized_2M
sac_her_recovery_v2,goal_spoof_immediate,2,0.1,0.0,1.0,0.04997340165295109,150,0.1335078924894333,1.1725411415100098,0.0,1.0,0.0,2567,v2,B2,sac_her_pickandplace_randomized_2M
sac_her_recovery_v2,goal_spoof_immediate,2,0.1,-150.0,0.0,0.1842178426045781,150,0.18280652165412903,0.9100738763809204,0.0,1.0,,2568,v2,B2,sac_her_pickandplace_randomized_2M
sac_her_recovery_v2,goal_spoof_immediate,2,0.1,-150.0,0.0,0.3725494666153298,150,0.060716014355421066,1.3150548934936523,0.0,1.0,,2569,v2,B2,sac_her_pickandplace_randomized_2M
sac_her_recovery_v2,goal_spoof_immediate,2,0.1,-150.0,0.0,0.2931993085216288,150,1.325812578201294,1.4103831052780151,1.0,1.0,,2570,v2,B2,sac_her_pickandplace_randomized_2M
sac_her_recovery_v2,goal_spoof_immediate,2,0.1,-146.0,0.0,0.0780057898874295,150,1.0117943286895752,1.4504742622375488,1.0,1.0,12.0,2571,v2,B2,sac_her_pickandplace_randomized_2M
sac_her_recovery_v2,goal_spoof_immediate,2,0.1,-27.0,1.0,0.04987422265161704,150,0.7290500998497009,0.8347989916801453,0.0,0.0,25.0,2572,v2,B2,sac_her_pickandplace_randomized_2M
sac_her_recovery_v2,goal_spoof_immediate,2,0.1,-150.0,0.0,0.19175564889873178,150,0.05121643468737602,1.4335497617721558,0.0,1.0,,2573,v2,B2,sac_her_pickandplace_randomized_2M
sac_her_recovery_v2,goal_spoof_immediate,2,0.1,-150.0,0.0,0.12321838161386078,150,2.7541322708129883,1.5222371816635132,1.0,1.0,,2574,v2,B2,sac_her_pickandplace_randomized_2M
sac_her_recovery_v2,goal_spoof_immediate,2,0.1,-29.0,1.0,0.039668675959303776,150,0.7054041624069214,1.3844988346099854,0.0,1.0,29.0,2575,v2,B2,sac_her_pickandplace_randomized_2M
sac_her_recovery_v2,goal_spoof_immediate,2,0.1,-150.0,0.0,0.4294161905946126,150,0.09253451228141785,1.1555700302124023,0.0,1.0,,2576,v2,B2,sac_her_pickandplace_randomized_2M
sac_her_recovery_v2,goal_spoof_immediate,2,0.1,-150.0,0.0,0.07879366151412823,150,1.8522213697433472,1.391136884689331,1.0,0.0,,2577,v2,B2,sac_her_pickandplace_randomized_2M
sac_her_recovery_v2,goal_spoof_immediate,2,0.1,-150.0,0.0,0.27278451630956135,150,0.07372836023569107,1.1478559970855713,0.0,1.0,,2578,v2,B2,sac_her_pickandplace_randomized_2M
sac_her_recovery_v2,goal_spoof_immediate,2,0.1,-150.0,0.0,0.4479705673575392,150,0.06867912411689758,1.436198115348816,0.0,1.0,,2579,v2,B2,sac_her_pickandplace_randomized_2M
sac_her_recovery_v3,goal_spoof_immediate,2,0.1,-150.0,0.0,0.06568141910376271,150,0.8917983174324036,1.3436869382858276,0.0,0.0,,2580,v3,B3,sac_her_pickandplace_randomized_2M
sac_her_recovery_v3,goal_spoof_immediate,2,0.1,-140.0,0.0,0.11413088811593,150,1.190351128578186,1.053685188293457,0.0,1.0,70.0,2581,v3,B3,sac_her_pickandplace_randomized_2M
sac_her_recovery_v3,goal_spoof_immediate,2,0.1,-146.0,0.0,0.15521825381557508,150,0.36618778109550476,1.0202209949493408,0.0,1.0,34.0,2582,v3,B3,sac_her_pickandplace_randomized_2M
sac_her_recovery_v3,goal_spoof_immediate,2,0.1,-150.0,0.0,0.3794429424862267,150,0.04919561743736267,1.370112657546997,0.0,1.0,,2583,v3,B3,sac_her_pickandplace_randomized_2M
sac_her_recovery_v3,goal_spoof_immediate,2,0.1,0.0,1.0,0.02565594358237976,150,0.10084626823663712,1.0403865575790405,0.0,1.0,0.0,2584,v3,B3,sac_her_pickandplace_randomized_2M
sac_her_recovery_v3,goal_spoof_immediate,2,0.1,-150.0,0.0,0.21002951048284235,150,0.046765122562646866,0.72026127576828,0.0,1.0,,2585,v3,B3,sac_her_pickandplace_randomized_2M
sac_her_recovery_v3,goal_spoof_immediate,2,0.1,-150.0,0.0,0.38428870871081183,150,0.038196757435798645,1.1605026721954346,0.0,1.0,,2586,v3,B3,sac_her_pickandplace_randomized_2M
sac_her_recovery_v3,goal_spoof_immediate,2,0.1,-150.0,0.0,0.3003642952314868,150,0.047759249806404114,1.1211864948272705,0.0,1.0,,2587,v3,B3,sac_her_pickandplace_randomized_2M
sac_her_recovery_v3,goal_spoof_immediate,2,0.1,-150.0,0.0,0.13177235593044614,150,0.36016586422920227,0.8676121830940247,0.0,1.0,,2588,v3,B3,sac_her_pickandplace_randomized_2M
sac_her_recovery_v3,goal_spoof_immediate,2,0.1,-150.0,0.0,0.2738117894582931,150,0.44296008348464966,1.4952832460403442,1.0,1.0,,2589,v3,B3,sac_her_pickandplace_randomized_2M
sac_her_recovery_v3,goal_spoof_immediate,2,0.1,-150.0,0.0,0.08830856892838586,150,0.24655847251415253,1.2688950300216675,0.0,1.0,,2590,v3,B3,sac_her_pickandplace_randomized_2M
sac_her_recovery_v3,goal_spoof_immediate,2,0.1,-150.0,0.0,0.057456013525975284,150,0.28141510486602783,1.4242209196090698,0.0,0.0,,2591,v3,B3,sac_her_pickandplace_randomized_2M
sac_her_recovery_v3,goal_spoof_immediate,2,0.1,-150.0,0.0,0.06198904860769042,150,0.35608944296836853,1.2231435775756836,1.0,1.0,,2592,v3,B3,sac_her_pickandplace_randomized_2M
sac_her_recovery_v3,goal_spoof_immediate,2,0.1,-150.0,0.0,0.5138989605869597,150,0.26522207260131836,1.5956101417541504,0.0,1.0,,2593,v3,B3,sac_her_pickandplace_randomized_2M
sac_her_recovery_v3,goal_spoof_immediate,2,0.1,-150.0,0.0,0.09199600046734988,150,0.24470622837543488,1.118970513343811,1.0,0.0,,2594,v3,B3,sac_her_pickandplace_randomized_2M
sac_her_recovery_v3,goal_spoof_immediate,2,0.1,-150.0,0.0,0.31798075647877266,150,0.06166145205497742,1.3126931190490723,0.0,1.0,,2595,v3,B3,sac_her_pickandplace_randomized_2M
sac_her_recovery_v3,goal_spoof_immediate,2,0.1,-20.0,1.0,0.03832585435681073,150,2.0138731002807617,1.1598567962646484,1.0,0.0,11.0,2596,v3,B3,sac_her_pickandplace_randomized_2M
sac_her_recovery_v3,goal_spoof_immediate,2,0.1,-137.0,0.0,0.27784324525441917,150,0.4156343638896942,1.2975376844406128,1.0,1.0,0.0,2597,v3,B3,sac_her_pickandplace_randomized_2M
sac_her_recovery_v3,goal_spoof_immediate,2,0.1,-150.0,0.0,0.12384225861282114,150,0.2847111225128174,0.9096742868423462,1.0,1.0,,2598,v3,B3,sac_her_pickandplace_randomized_2M
sac_her_recovery_v3,goal_spoof_immediate,2,0.1,-150.0,0.0,0.3725494666153298,150,0.062404170632362366,1.2452185153961182,0.0,1.0,,2599,v3,B3,sac_her_pickandplace_randomized_2M
sac_her_recovery_v3,goal_spoof_immediate,2,0.1,-150.0,0.0,0.3475037093368505,150,0.4209645986557007,1.406434178352356,1.0,1.0,,2600,v3,B3,sac_her_pickandplace_randomized_2M
sac_her_recovery_v3,goal_spoof_immediate,2,0.1,-150.0,0.0,0.1914299157330289,150,0.10078170150518417,0.35141199827194214,0.0,1.0,,2601,v3,B3,sac_her_pickandplace_randomized_2M
sac_her_recovery_v3,goal_spoof_immediate,2,0.1,-130.0,0.0,0.08405948872569369,150,0.552634596824646,0.8749103546142578,1.0,1.0,12.0,2602,v3,B3,sac_her_pickandplace_randomized_2M
sac_her_recovery_v3,goal_spoof_immediate,2,0.1,-150.0,0.0,0.19175564889873178,150,0.7762717008590698,0.7881196141242981,0.0,1.0,,2603,v3,B3,sac_her_pickandplace_randomized_2M
sac_her_recovery_v3,goal_spoof_immediate,2,0.1,-148.0,0.0,0.0715150743281629,150,1.4381470680236816,1.1373127698898315,1.0,0.0,7.0,2604,v3,B3,sac_her_pickandplace_randomized_2M
sac_her_recovery_v3,goal_spoof_immediate,2,0.1,-150.0,0.0,0.11202949757662108,150,1.676684021949768,1.1655912399291992,0.0,1.0,,2605,v3,B3,sac_her_pickandplace_randomized_2M
sac_her_recovery_v3,goal_spoof_immediate,2,0.1,-150.0,0.0,0.4294161905946126,150,0.07619351148605347,1.1448510885238647,0.0,1.0,,2606,v3,B3,sac_her_pickandplace_randomized_2M
sac_her_recovery_v3,goal_spoof_immediate,2,0.1,-150.0,0.0,0.46209773886495437,150,0.2617524564266205,1.4705965518951416,0.0,1.0,,2607,v3,B3,sac_her_pickandplace_randomized_2M
sac_her_recovery_v3,goal_spoof_immediate,2,0.1,-150.0,0.0,0.27278451630956135,150,0.06434082984924316,1.3220027685165405,0.0,1.0,,2608,v3,B3,sac_her_pickandplace_randomized_2M
sac_her_recovery_v3,goal_spoof_immediate,2,0.1,-150.0,0.0,0.4479705673575392,150,0.08476157486438751,1.5021281242370605,0.0,1.0,,2609,v3,B3,sac_her_pickandplace_randomized_2M
sac_her,goal_spoof_midep,2,0.1,-100.0,0.0,0.06324142416738902,150,0.8823651075363159,1.0110477209091187,1.0,0.0,12.0,2610,none,B1,sac_her_pickandplace_randomized_2M
sac_her,goal_spoof_midep,2,0.1,-150.0,0.0,1.0629236785171379,150,1.2344496250152588,1.7451364994049072,1.0,0.0,,2611,none,B1,sac_her_pickandplace_randomized_2M
sac_her,goal_spoof_midep,2,0.1,-97.0,0.0,0.10150310012659525,150,0.7450258135795593,1.2558788061141968,0.0,0.0,12.0,2612,none,B1,sac_her_pickandplace_randomized_2M
sac_her,goal_spoof_midep,2,0.1,-150.0,0.0,0.3794429424862267,150,0.04627373814582825,1.243597149848938,0.0,0.0,,2613,none,B1,sac_her_pickandplace_randomized_2M
sac_her,goal_spoof_midep,2,0.1,-86.0,0.0,0.512044276860503,150,0.37084588408470154,1.0875167846679688,0.0,0.0,0.0,2614,none,B1,sac_her_pickandplace_randomized_2M
sac_her,goal_spoof_midep,2,0.1,-150.0,0.0,0.21002951048284235,150,0.03995664417743683,0.6847578883171082,0.0,0.0,,2615,none,B1,sac_her_pickandplace_randomized_2M
sac_her,goal_spoof_midep,2,0.1,-150.0,0.0,0.38428870871081183,150,0.03712796792387962,1.0663959980010986,0.0,0.0,,2616,none,B1,sac_her_pickandplace_randomized_2M
sac_her,goal_spoof_midep,2,0.1,-150.0,0.0,0.3003642952314868,150,0.05574570596218109,1.1320083141326904,0.0,0.0,,2617,none,B1,sac_her_pickandplace_randomized_2M
sac_her,goal_spoof_midep,2,0.1,-48.0,0.0,0.12318074675482807,150,0.40096545219421387,1.2048852443695068,1.0,0.0,12.0,2618,none,B1,sac_her_pickandplace_randomized_2M
sac_her,goal_spoof_midep,2,0.1,-18.0,1.0,0.012885502395822899,150,0.2594411373138428,1.3600337505340576,0.0,0.0,18.0,2619,none,B1,sac_her_pickandplace_randomized_2M
sac_her,goal_spoof_midep,2,0.1,-100.0,0.0,0.10025210948182599,150,0.6289577484130859,1.0720125436782837,0.0,0.0,9.0,2620,none,B1,sac_her_pickandplace_randomized_2M
sac_her,goal_spoof_midep,2,0.1,-98.0,0.0,0.4529786602159503,150,0.4769003987312317,1.4129506349563599,0.0,0.0,7.0,2621,none,B1,sac_her_pickandplace_randomized_2M
sac_her,goal_spoof_midep,2,0.1,-17.0,1.0,0.018860155344617584,150,0.3059343099594116,1.123348355293274,0.0,0.0,17.0,2622,none,B1,sac_her_pickandplace_randomized_2M
sac_her,goal_spoof_midep,2,0.1,-150.0,0.0,0.5138989605869597,150,0.023424498736858368,1.6208477020263672,0.0,0.0,,2623,none,B1,sac_her_pickandplace_randomized_2M
sac_her,goal_spoof_midep,2,0.1,-110.0,0.0,0.07152737081067717,150,1.2232364416122437,1.236466884613037,0.0,0.0,8.0,2624,none,B1,sac_her_pickandplace_randomized_2M
sac_her,goal_spoof_midep,2,0.1,-150.0,0.0,0.31798075647877266,150,0.02776728942990303,0.8956027030944824,0.0,0.0,,2625,none,B1,sac_her_pickandplace_randomized_2M
sac_her,goal_spoof_midep,2,0.1,-91.0,0.0,0.08487925096244175,150,1.2465287446975708,1.3024511337280273,1.0,0.0,12.0,2626,none,B1,sac_her_pickandplace_randomized_2M
sac_her,goal_spoof_midep,2,0.1,-90.0,0.0,0.11536049261195151,150,1.7962584495544434,1.4717923402786255,1.0,0.0,0.0,2627,none,B1,sac_her_pickandplace_randomized_2M
sac_her,goal_spoof_midep,2,0.1,-150.0,0.0,0.10901823525907746,150,0.3693041503429413,1.0009170770645142,0.0,0.0,,2628,none,B1,sac_her_pickandplace_randomized_2M
sac_her,goal_spoof_midep,2,0.1,-150.0,0.0,0.3725494666153298,150,0.034361761063337326,1.2839012145996094,0.0,0.0,,2629,none,B1,sac_her_pickandplace_randomized_2M
sac_her,goal_spoof_midep,2,0.1,-29.0,1.0,0.01774631656613343,150,0.5011306405067444,0.8854423761367798,0.0,0.0,29.0,2630,none,B1,sac_her_pickandplace_randomized_2M
sac_her,goal_spoof_midep,2,0.1,-134.0,0.0,0.2419033141556048,150,2.0146963596343994,1.4924405813217163,1.0,0.0,10.0,2631,none,B1,sac_her_pickandplace_randomized_2M
sac_her,goal_spoof_midep,2,0.1,-147.0,0.0,0.07227387098307952,150,1.7376588582992554,1.34272038936615,0.0,0.0,64.0,2632,none,B1,sac_her_pickandplace_randomized_2M
sac_her,goal_spoof_midep,2,0.1,-150.0,0.0,0.19175564889873178,150,0.04135194793343544,1.3094910383224487,0.0,0.0,,2633,none,B1,sac_her_pickandplace_randomized_2M
sac_her,goal_spoof_midep,2,0.1,-99.0,0.0,0.0999026081253526,150,0.23435521125793457,1.1856648921966553,0.0,0.0,10.0,2634,none,B1,sac_her_pickandplace_randomized_2M
sac_her,goal_spoof_midep,2,0.1,-90.0,0.0,0.13815504915937213,150,1.5155668258666992,1.4399328231811523,1.0,0.0,19.0,2635,none,B1,sac_her_pickandplace_randomized_2M
sac_her,goal_spoof_midep,2,0.1,-150.0,0.0,0.4294161905946126,150,0.08662635833024979,1.2199190855026245,0.0,0.0,,2636,none,B1,sac_her_pickandplace_randomized_2M
sac_her,goal_spoof_midep,2,0.1,-120.0,0.0,0.7482818906196074,150,0.7013835310935974,1.4286688566207886,0.0,0.0,41.0,2637,none,B1,sac_her_pickandplace_randomized_2M
sac_her,goal_spoof_midep,2,0.1,-150.0,0.0,0.27278451630956135,150,0.044744059443473816,1.079332709312439,0.0,0.0,,2638,none,B1,sac_her_pickandplace_randomized_2M
sac_her,goal_spoof_midep,2,0.1,-150.0,0.0,0.4479705673575392,150,0.03604216128587723,1.4761073589324951,0.0,0.0,,2639,none,B1,sac_her_pickandplace_randomized_2M
sac_her_recovery_v2,goal_spoof_midep,2,0.1,-97.0,0.0,0.055788778487311314,150,1.9240171909332275,1.582026720046997,1.0,0.0,12.0,2640,v2,B2,sac_her_pickandplace_randomized_2M
sac_her_recovery_v2,goal_spoof_midep,2,0.1,-100.0,0.0,0.1294363541706758,150,0.32501012086868286,1.123317003250122,0.0,1.0,13.0,2641,v2,B2,sac_her_pickandplace_randomized_2M
sac_her_recovery_v2,goal_spoof_midep,2,0.1,-149.0,0.0,0.37646065397345296,150,1.0122581720352173,1.626512885093689,1.0,1.0,19.0,2642,v2,B2,sac_her_pickandplace_randomized_2M
sac_her_recovery_v2,goal_spoof_midep,2,0.1,-150.0,0.0,0.3794429424862267,150,0.07528873533010483,1.2288702726364136,0.0,1.0,,2643,v2,B2,sac_her_pickandplace_randomized_2M
sac_her_recovery_v2,goal_spoof_midep,2,0.1,-75.0,0.0,0.13487100508773772,150,1.3454267978668213,1.1311427354812622,1.0,1.0,0.0,2644,v2,B2,sac_her_pickandplace_randomized_2M
sac_her_recovery_v2,goal_spoof_midep,2,0.1,-150.0,0.0,0.21002951048284235,150,0.0578058622777462,0.9504520893096924,0.0,1.0,,2645,v2,B2,sac_her_pickandplace_randomized_2M
sac_her_recovery_v2,goal_spoof_midep,2,0.1,-150.0,0.0,0.38428870871081183,150,0.04821982607245445,0.980761706829071,0.0,1.0,,2646,v2,B2,sac_her_pickandplace_randomized_2M
sac_her_recovery_v2,goal_spoof_midep,2,0.1,-150.0,0.0,0.3003642952314868,150,0.044379014521837234,1.093333125114441,0.0,1.0,,2647,v2,B2,sac_her_pickandplace_randomized_2M
sac_her_recovery_v2,goal_spoof_midep,2,0.1,-75.0,0.0,0.10176997769904622,150,0.5036724805831909,1.2027956247329712,1.0,0.0,12.0,2648,v2,B2,sac_her_pickandplace_randomized_2M
sac_her_recovery_v2,goal_spoof_midep,2,0.1,-103.0,0.0,0.07963077406210414,150,0.4416421055793762,1.3042826652526855,0.0,1.0,18.0,2649,v2,B2,sac_her_pickandplace_randomized_2M
sac_her_recovery_v2,goal_spoof_midep,2,0.1,-106.0,0.0,0.5124121158182573,150,0.4301292300224304,1.3769822120666504,0.0,1.0,11.0,2650,v2,B2,sac_her_pickandplace_randomized_2M
sac_her_recovery_v2,goal_spoof_midep,2,0.1,-102.0,0.0,0.0775602788283022,150,1.4996916055679321,1.1072807312011719,1.0,1.0,7.0,2651,v2,B2,sac_her_pickandplace_randomized_2M
sac_her_recovery_v2,goal_spoof_midep,2,0.1,-19.0,1.0,0.037562515025589945,150,0.9146614670753479,1.1933528184890747,1.0,1.0,19.0,2652,v2,B2,sac_her_pickandplace_randomized_2M
sac_her_recovery_v2,goal_spoof_midep,2,0.1,-150.0,0.0,0.5138989605869597,150,0.05808470398187637,1.5271364450454712,0.0,1.0,,2653,v2,B2,sac_her_pickandplace_randomized_2M
sac_her_recovery_v2,goal_spoof_midep,2,0.1,-26.0,1.0,0.04366382288791724,150,1.8635780811309814,1.2907766103744507,0.0,0.0,8.0,2654,v2,B2,sac_her_pickandplace_randomized_2M
sac_her_recovery_v2,goal_spoof_midep,2,0.1,-150.0,0.0,0.31798075647877266,150,0.06351538747549057,1.4349786043167114,0.0,1.0,,2655,v2,B2,sac_her_pickandplace_randomized_2M
sac_her_recovery_v2,goal_spoof_midep,2,0.1,-100.0,0.0,0.1411641146019739,150,1.2118030786514282,1.4853380918502808,0.0,1.0,12.0,2656,v2,B2,sac_her_pickandplace_randomized_2M
sac_her_recovery_v2,goal_spoof_midep,2,0.1,-7.0,1.0,0.027753396925950198,150,0.8195744752883911,1.02479088306427,1.0,1.0,0.0,2657,v2,B2,sac_her_pickandplace_randomized_2M
sac_her_recovery_v2,goal_spoof_midep,2,0.1,-150.0,0.0,0.12606846527413074,150,0.4602700471878052,0.9026166796684265,0.0,1.0,,2658,v2,B2,sac_her_pickandplace_randomized_2M
sac_her_recovery_v2,goal_spoof_midep,2,0.1,-150.0,0.0,0.3725494666153298,150,0.06789682060480118,1.2837506532669067,0.0,1.0,,2659,v2,B2,sac_her_pickandplace_randomized_2M
sac_her_recovery_v2,goal_spoof_midep,2,0.1,-44.0,1.0,0.016339517215197902,150,0.4824090600013733,0.9194376468658447,0.0,1.0,44.0,2660,v2,B2,sac_her_pickandplace_randomized_2M
sac_her_recovery_v2,goal_spoof_midep,2,0.1,-134.0,0.0,0.10968101682106099,150,0.8026511073112488,1.246933937072754,1.0,0.0,10.0,2661,v2,B2,sac_her_pickandplace_randomized_2M
sac_her_recovery_v2,goal_spoof_midep,2,0.1,-149.0,0.0,0.6404808065335239,150,1.1579245328903198,1.734191656112671,1.0,1.0,15.0,2662,v2,B2,sac_her_pickandplace_randomized_2M
sac_her_recovery_v2,goal_spoof_midep,2,0.1,-150.0,0.0,0.19175564889873178,150,0.045848920941352844,1.3374351263046265,0.0,1.0,,2663,v2,B2,sac_her_pickandplace_randomized_2M
sac_her_recovery_v2,goal_spoof_midep,2,0.1,-99.0,0.0,0.10906414424545952,150,0.20766744017601013,1.2316021919250488,0.0,0.0,10.0,2664,v2,B2,sac_her_pickandplace_randomized_2M
sac_her_recovery_v2,goal_spoof_midep,2,0.1,-16.0,1.0,0.02709433379632696,150,1.5540847778320312,1.4868143796920776,0.0,1.0,16.0,2665,v2,B2,sac_her_pickandplace_randomized_2M
sac_her_recovery_v2,goal_spoof_midep,2,0.1,-150.0,0.0,0.4294161905946126,150,0.11334457993507385,1.214445948600769,0.0,1.0,,2666,v2,B2,sac_her_pickandplace_randomized_2M
sac_her_recovery_v2,goal_spoof_midep,2,0.1,-111.0,0.0,0.1217161853093307,150,0.5104687809944153,1.13080632686615,0.0,1.0,26.0,2667,v2,B2,sac_her_pickandplace_randomized_2M
sac_her_recovery_v2,goal_spoof_midep,2,0.1,-150.0,0.0,0.27278451630956135,150,0.0739051103591919,1.212131142616272,0.0,1.0,,2668,v2,B2,sac_her_pickandplace_randomized_2M
sac_her_recovery_v2,goal_spoof_midep,2,0.1,-150.0,0.0,0.4479705673575392,150,0.07639169692993164,1.3514220714569092,0.0,1.0,,2669,v2,B2,sac_her_pickandplace_randomized_2M
sac_her_recovery_v3,goal_spoof_midep,2,0.1,-100.0,0.0,0.06429455416482567,150,1.5127679109573364,1.3553884029388428,1.0,0.0,12.0,2670,v3,B3,sac_her_pickandplace_randomized_2M
sac_her_recovery_v3,goal_spoof_midep,2,0.1,-148.0,0.0,0.05734719295085584,150,0.5447589159011841,1.337684154510498,1.0,1.0,64.0,2671,v3,B3,sac_her_pickandplace_randomized_2M
sac_her_recovery_v3,goal_spoof_midep,2,0.1,-149.0,0.0,0.20085570490870053,150,0.3163391649723053,1.2870811223983765,0.0,1.0,76.0,2672,v3,B3,sac_her_pickandplace_randomized_2M
sac_her_recovery_v3,goal_spoof_midep,2,0.1,-150.0,0.0,0.3794429424862267,150,0.08978712558746338,1.2104969024658203,0.0,1.0,,2673,v3,B3,sac_her_pickandplace_randomized_2M
sac_her_recovery_v3,goal_spoof_midep,2,0.1,-79.0,0.0,0.08966512256261208,150,0.48312726616859436,0.8788831830024719,0.0,0.0,0.0,2674,v3,B3,sac_her_pickandplace_randomized_2M
sac_her_recovery_v3,goal_spoof_midep,2,0.1,-150.0,0.0,0.21002951048284235,150,0.05349736660718918,0.8172944188117981,0.0,1.0,,2675,v3,B3,sac_her_pickandplace_randomized_2M
sac_her_recovery_v3,goal_spoof_midep,2,0.1,-150.0,0.0,0.38428870871081183,150,0.04752707853913307,1.0620613098144531,0.0,1.0,,2676,v3,B3,sac_her_pickandplace_randomized_2M
sac_her_recovery_v3,goal_spoof_midep,2,0.1,-150.0,0.0,0.3003642952314868,150,0.048360079526901245,1.1462184190750122,0.0,1.0,,2677,v3,B3,sac_her_pickandplace_randomized_2M
sac_her_recovery_v3,goal_spoof_midep,2,0.1,-12.0,1.0,0.009974731869196592,150,0.23585420846939087,1.199357509613037,1.0,0.0,12.0,2678,v3,B3,sac_her_pickandplace_randomized_2M
sac_her_recovery_v3,goal_spoof_midep,2,0.1,-19.0,1.0,0.041616001531604614,150,0.4145333766937256,1.388224720954895,0.0,1.0,19.0,2679,v3,B3,sac_her_pickandplace_randomized_2M
sac_her_recovery_v3,goal_spoof_midep,2,0.1,-98.0,0.0,0.12101757814275475,150,0.4603167176246643,0.5627248287200928,0.0,1.0,11.0,2680,v3,B3,sac_her_pickandplace_randomized_2M
sac_her_recovery_v3,goal_spoof_midep,2,0.1,-15.0,1.0,0.01631279411668485,150,0.33338966965675354,1.4652551412582397,0.0,1.0,7.0,2681,v3,B3,sac_her_pickandplace_randomized_2M
sac_her_recovery_v3,goal_spoof_midep,2,0.1,-112.0,1.0,0.0396593800103346,150,0.6918234825134277,1.2250818014144897,1.0,1.0,67.0,2682,v3,B3,sac_her_pickandplace_randomized_2M
sac_her_recovery_v3,goal_spoof_midep,2,0.1,-150.0,0.0,0.5138989605869597,150,0.05683914199471474,1.518318772315979,0.0,1.0,,2683,v3,B3,sac_her_pickandplace_randomized_2M
sac_her_recovery_v3,goal_spoof_midep,2,0.1,-26.0,1.0,0.04366382288791724,150,1.1753568649291992,1.2095872163772583,0.0,0.0,8.0,2684,v3,B3,sac_her_pickandplace_randomized_2M
sac_her_recovery_v3,goal_spoof_midep,2,0.1,-150.0,0.0,0.31798075647877266,150,0.08282751590013504,1.3595640659332275,0.0,1.0,,2685,v3,B3,sac_her_pickandplace_randomized_2M
sac_her_recovery_v3,goal_spoof_midep,2,0.1,-91.0,0.0,0.06197723565585366,150,1.4879039525985718,1.2084810733795166,1.0,1.0,12.0,2686,v3,B3,sac_her_pickandplace_randomized_2M
sac_her_recovery_v3,goal_spoof_midep,2,0.1,-88.0,0.0,0.0714127507803894,150,0.3479842245578766,0.842574954032898,0.0,1.0,0.0,2687,v3,B3,sac_her_pickandplace_randomized_2M
sac_her_recovery_v3,goal_spoof_midep,2,0.1,-150.0,0.0,0.10901823525907746,150,0.33883705735206604,0.8170108795166016,0.0,1.0,,2688,v3,B3,sac_her_pickandplace_randomized_2M
sac_her_recovery_v3,goal_spoof_midep,2,0.1,-150.0,0.0,0.3725494666153298,150,0.07419432699680328,1.607951283454895,0.0,1.0,,2689,v3,B3,sac_her_pickandplace_randomized_2M
sac_her_recovery_v3,goal_spoof_midep,2,0.1,-123.0,0.0,0.059330981680043055,150,0.5560570359230042,1.1196576356887817,0.0,1.0,44.0,2690,v3,B3,sac_her_pickandplace_randomized_2M
sac_her_recovery_v3,goal_spoof_midep,2,0.1,-129.0,0.0,0.054322008996474894,150,0.8472100496292114,1.2987043857574463,1.0,0.0,10.0,2691,v3,B3,sac_her_pickandplace_randomized_2M
sac_her_recovery_v3,goal_spoof_midep,2,0.1,-150.0,0.0,0.18053428969427116,150,0.4619096517562866,1.1119743585586548,0.0,1.0,,2692,v3,B3,sac_her_pickandplace_randomized_2M
sac_her_recovery_v3,goal_spoof_midep,2,0.1,-150.0,0.0,0.19175564889873178,150,0.057057201862335205,0.9613035917282104,0.0,1.0,,2693,v3,B3,sac_her_pickandplace_randomized_2M
sac_her_recovery_v3,goal_spoof_midep,2,0.1,-99.0,0.0,0.06920235978503074,150,0.20908063650131226,0.7983967661857605,0.0,0.0,10.0,2694,v3,B3,sac_her_pickandplace_randomized_2M
sac_her_recovery_v3,goal_spoof_midep,2,0.1,-35.0,1.0,0.04557672773503991,150,0.7086159586906433,1.307033658027649,0.0,1.0,35.0,2695,v3,B3,sac_her_pickandplace_randomized_2M
sac_her_recovery_v3,goal_spoof_midep,2,0.1,-150.0,0.0,0.4294161905946126,150,0.08646506071090698,1.1973223686218262,0.0,1.0,,2696,v3,B3,sac_her_pickandplace_randomized_2M
sac_her_recovery_v3,goal_spoof_midep,2,0.1,-101.0,0.0,0.07947336516737546,150,1.2189288139343262,0.9142187237739563,0.0,1.0,14.0,2697,v3,B3,sac_her_pickandplace_randomized_2M
sac_her_recovery_v3,goal_spoof_midep,2,0.1,-150.0,0.0,0.27278451630956135,150,0.06551840156316757,1.2851535081863403,0.0,1.0,,2698,v3,B3,sac_her_pickandplace_randomized_2M
sac_her_recovery_v3,goal_spoof_midep,2,0.1,-150.0,0.0,0.4479705673575392,150,0.08276067674160004,1.4902000427246094,0.0,1.0,,2699,v3,B3,sac_her_pickandplace_randomized_2M
sac_her,object_pose_spoof,2,0.1,-150.0,0.0,0.5661510480758185,150,0.37261083722114563,1.3971136808395386,0.0,0.0,,2700,none,B1,sac_her_pickandplace_randomized_2M
sac_her,object_pose_spoof,2,0.1,-150.0,0.0,0.24182039429160151,150,0.20984068512916565,1.6924864053726196,0.0,0.0,,2701,none,B1,sac_her_pickandplace_randomized_2M
sac_her,object_pose_spoof,2,0.1,-11.0,1.0,0.03374871149128452,150,0.2992890775203705,1.6310691833496094,0.0,0.0,11.0,2702,none,B1,sac_her_pickandplace_randomized_2M
sac_her,object_pose_spoof,2,0.1,-150.0,0.0,0.3794429424862267,150,0.015328244306147099,1.6632788181304932,0.0,0.0,,2703,none,B1,sac_her_pickandplace_randomized_2M
sac_her,object_pose_spoof,2,0.1,0.0,1.0,0.016477636523394693,150,1.414546012878418,1.401615858078003,0.0,0.0,0.0,2704,none,B1,sac_her_pickandplace_randomized_2M
sac_her,object_pose_spoof,2,0.1,-150.0,0.0,0.21002951048284235,150,0.041447464376688004,1.1195425987243652,0.0,0.0,,2705,none,B1,sac_her_pickandplace_randomized_2M
sac_her,object_pose_spoof,2,0.1,-150.0,0.0,0.38428870871081183,150,0.02293013595044613,1.1527745723724365,0.0,0.0,,2706,none,B1,sac_her_pickandplace_randomized_2M
sac_her,object_pose_spoof,2,0.1,-150.0,0.0,0.3003642952314868,150,0.033417604863643646,1.1486724615097046,0.0,0.0,,2707,none,B1,sac_her_pickandplace_randomized_2M
sac_her,object_pose_spoof,2,0.1,-150.0,0.0,0.08097280948475793,150,0.1973525732755661,1.3841103315353394,1.0,0.0,,2708,none,B1,sac_her_pickandplace_randomized_2M
sac_her,object_pose_spoof,2,0.1,-150.0,0.0,0.07891167753964404,150,0.3299024701118469,1.3254673480987549,1.0,0.0,,2709,none,B1,sac_her_pickandplace_randomized_2M
sac_her,object_pose_spoof,2,0.1,-35.0,1.0,0.03057743353612039,150,1.7560080289840698,1.367067813873291,1.0,0.0,8.0,2710,none,B1,sac_her_pickandplace_randomized_2M
sac_her,object_pose_spoof,2,0.1,-150.0,0.0,0.09136140027937481,150,0.5121561288833618,1.3180503845214844,0.0,0.0,,2711,none,B1,sac_her_pickandplace_randomized_2M
sac_her,object_pose_spoof,2,0.1,-150.0,0.0,0.1045613814657351,150,0.370855450630188,1.5286211967468262,0.0,0.0,,2712,none,B1,sac_her_pickandplace_randomized_2M
sac_her,object_pose_spoof,2,0.1,-150.0,0.0,0.5138989605869597,150,0.02407466433942318,1.478937029838562,0.0,0.0,,2713,none,B1,sac_her_pickandplace_randomized_2M
sac_her,object_pose_spoof,2,0.1,-108.0,0.0,0.06503446636369965,150,1.3911582231521606,1.3112326860427856,0.0,0.0,53.0,2714,none,B1,sac_her_pickandplace_randomized_2M
sac_her,object_pose_spoof,2,0.1,-150.0,0.0,0.31798075647877266,150,0.02628161944448948,1.2423571348190308,0.0,0.0,,2715,none,B1,sac_her_pickandplace_randomized_2M
sac_her,object_pose_spoof,2,0.1,-150.0,0.0,0.7808728466572599,150,0.22060701251029968,1.7404943704605103,0.0,0.0,,2716,none,B1,sac_her_pickandplace_randomized_2M
sac_her,object_pose_spoof,2,0.1,0.0,1.0,0.04344607546062929,150,0.23797863721847534,1.2663706541061401,0.0,0.0,0.0,2717,none,B1,sac_her_pickandplace_randomized_2M
sac_her,object_pose_spoof,2,0.1,-150.0,0.0,0.10901823525907746,150,1.0261750221252441,1.219525933265686,0.0,0.0,,2718,none,B1,sac_her_pickandplace_randomized_2M
sac_her,object_pose_spoof,2,0.1,-150.0,0.0,0.3725494666153298,150,0.044919807463884354,1.2265303134918213,0.0,0.0,,2719,none,B1,sac_her_pickandplace_randomized_2M
sac_her,object_pose_spoof,2,0.1,-150.0,0.0,0.22101272675407632,150,2.845217227935791,1.7213554382324219,1.0,0.0,,2720,none,B1,sac_her_pickandplace_randomized_2M
sac_her,object_pose_spoof,2,0.1,-150.0,0.0,0.1914299157330289,150,1.6645570993423462,1.2417864799499512,0.0,0.0,,2721,none,B1,sac_her_pickandplace_randomized_2M
sac_her,object_pose_spoof,2,0.1,-140.0,0.0,0.10604887035763613,150,0.3873065114021301,1.0506985187530518,0.0,0.0,19.0,2722,none,B1,sac_her_pickandplace_randomized_2M
sac_her,object_pose_spoof,2,0.1,-150.0,0.0,0.19175564889873178,150,0.0793554037809372,1.468548059463501,0.0,0.0,,2723,none,B1,sac_her_pickandplace_randomized_2M
sac_her,object_pose_spoof,2,0.1,-111.0,0.0,0.5150877749755555,150,0.9179132580757141,1.4904512166976929,0.0,0.0,14.0,2724,none,B1,sac_her_pickandplace_randomized_2M
sac_her,object_pose_spoof,2,0.1,-147.0,0.0,0.056203480164218014,150,0.47665220499038696,1.6111211776733398,0.0,0.0,36.0,2725,none,B1,sac_her_pickandplace_randomized_2M
sac_her,object_pose_spoof,2,0.1,-150.0,0.0,0.4294161905946126,150,0.04800061881542206,1.157727599143982,0.0,0.0,,2726,none,B1,sac_her_pickandplace_randomized_2M
sac_her,object_pose_spoof,2,0.1,-150.0,0.0,0.8810760359194506,150,0.2858962118625641,1.6658509969711304,0.0,0.0,,2727,none,B1,sac_her_pickandplace_randomized_2M
sac_her,object_pose_spoof,2,0.1,-150.0,0.0,0.27278451630956135,150,0.027210092172026634,1.643436074256897,0.0,0.0,,2728,none,B1,sac_her_pickandplace_randomized_2M
sac_her,object_pose_spoof,2,0.1,-150.0,0.0,0.4479705673575392,150,0.05933903157711029,1.4610927104949951,0.0,0.0,,2729,none,B1,sac_her_pickandplace_randomized_2M
sac_her_recovery_v2,object_pose_spoof,2,0.1,-150.0,0.0,0.13996836146582659,150,0.15518058836460114,0.510428249835968,0.0,1.0,,2730,v2,B2,sac_her_pickandplace_randomized_2M
sac_her_recovery_v2,object_pose_spoof,2,0.1,-150.0,0.0,0.08461143752878492,150,0.12059333175420761,1.1463623046875,0.0,1.0,,2731,v2,B2,sac_her_pickandplace_randomized_2M
sac_her_recovery_v2,object_pose_spoof,2,0.1,-150.0,0.0,0.17672079095630694,150,1.0673147439956665,1.5223242044448853,0.0,1.0,,2732,v2,B2,sac_her_pickandplace_randomized_2M
sac_her_recovery_v2,object_pose_spoof,2,0.1,-150.0,0.0,0.3794429424862267,150,0.03952964022755623,0.7419657111167908,0.0,1.0,,2733,v2,B2,sac_her_pickandplace_randomized_2M
sac_her_recovery_v2,object_pose_spoof,2,0.1,0.0,1.0,0.02565594358237976,150,0.0484616756439209,0.26755645871162415,0.0,1.0,0.0,2734,v2,B2,sac_her_pickandplace_randomized_2M
sac_her_recovery_v2,object_pose_spoof,2,0.1,-150.0,0.0,0.21002951048284235,150,0.06914028525352478,0.9035811424255371,0.0,1.0,,2735,v2,B2,sac_her_pickandplace_randomized_2M
sac_her_recovery_v2,object_pose_spoof,2,0.1,-150.0,0.0,0.38428870871081183,150,0.03664437681436539,1.2375441789627075,0.0,1.0,,2736,v2,B2,sac_her_pickandplace_randomized_2M
sac_her_recovery_v2,object_pose_spoof,2,0.1,-150.0,0.0,0.3003642952314868,150,0.0607345886528492,1.103023648262024,0.0,1.0,,2737,v2,B2,sac_her_pickandplace_randomized_2M
sac_her_recovery_v2,object_pose_spoof,2,0.1,-150.0,0.0,0.10150600742275269,150,1.5345213413238525,0.9707129001617432,1.0,1.0,,2738,v2,B2,sac_her_pickandplace_randomized_2M
sac_her_recovery_v2,object_pose_spoof,2,0.1,-146.0,0.0,0.10461986759232993,150,1.5064762830734253,1.515531301498413,1.0,1.0,32.0,2739,v2,B2,sac_her_pickandplace_randomized_2M
sac_her_recovery_v2,object_pose_spoof,2,0.1,-150.0,0.0,0.13830661751267162,150,0.9094375371932983,0.6009258031845093,0.0,1.0,,2740,v2,B2,sac_her_pickandplace_randomized_2M
sac_her_recovery_v2,object_pose_spoof,2,0.1,-150.0,0.0,0.12452771503992159,150,2.1508708000183105,1.2253769636154175,1.0,1.0,,2741,v2,B2,sac_her_pickandplace_randomized_2M
sac_her_recovery_v2,object_pose_spoof,2,0.1,-19.0,1.0,0.03868889200280152,150,0.2676039934158325,1.3696563243865967,0.0,1.0,19.0,2742,v2,B2,sac_her_pickandplace_randomized_2M
sac_her_recovery_v2,object_pose_spoof,2,0.1,-150.0,0.0,0.5138989605869597,150,0.05393467843532562,1.5253549814224243,0.0,1.0,,2743,v2,B2,sac_her_pickandplace_randomized_2M
sac_her_recovery_v2,object_pose_spoof,2,0.1,-150.0,0.0,0.09054482745559354,150,0.3657202124595642,0.7454551458358765,0.0,0.0,,2744,v2,B2,sac_her_pickandplace_randomized_2M
sac_her_recovery_v2,object_pose_spoof,2,0.1,-150.0,0.0,0.30385714669084135,150,1.1655429601669312,1.0603948831558228,0.0,1.0,,2745,v2,B2,sac_her_pickandplace_randomized_2M
sac_her_recovery_v2,object_pose_spoof,2,0.1,-150.0,0.0,0.08175826731496519,150,0.43622511625289917,1.2000648975372314,0.0,1.0,,2746,v2,B2,sac_her_pickandplace_randomized_2M
sac_her_recovery_v2,object_pose_spoof,2,0.1,-147.0,0.0,0.09228218931858442,150,0.145549938082695,0.6458795070648193,0.0,1.0,0.0,2747,v2,B2,sac_her_pickandplace_randomized_2M
sac_her_recovery_v2,object_pose_spoof,2,0.1,-150.0,0.0,0.10901823525907746,150,0.0344884991645813,0.9522430300712585,0.0,1.0,,2748,v2,B2,sac_her_pickandplace_randomized_2M
sac_her_recovery_v2,object_pose_spoof,2,0.1,-150.0,0.0,0.3725494666153298,150,0.06421171128749847,1.1562939882278442,0.0,1.0,,2749,v2,B2,sac_her_pickandplace_randomized_2M
sac_her_recovery_v2,object_pose_spoof,2,0.1,-150.0,0.0,0.5522671987928535,150,0.8650690913200378,1.4154250621795654,1.0,1.0,,2750,v2,B2,sac_her_pickandplace_randomized_2M
sac_her_recovery_v2,object_pose_spoof,2,0.1,-150.0,0.0,0.08349231451784914,150,0.7693480253219604,0.9785140156745911,1.0,1.0,,2751,v2,B2,sac_her_pickandplace_randomized_2M
sac_her_recovery_v2,object_pose_spoof,2,0.1,-23.0,1.0,0.03141946418166841,150,0.4291894733905792,1.3978322744369507,0.0,1.0,23.0,2752,v2,B2,sac_her_pickandplace_randomized_2M
sac_her_recovery_v2,object_pose_spoof,2,0.1,-150.0,0.0,0.19175564889873178,150,0.07040907442569733,1.0401276350021362,0.0,1.0,,2753,v2,B2,sac_her_pickandplace_randomized_2M
sac_her_recovery_v2,object_pose_spoof,2,0.1,-150.0,0.0,0.47492775046116803,150,1.9200398921966553,1.5952997207641602,1.0,1.0,,2754,v2,B2,sac_her_pickandplace_randomized_2M
sac_her_recovery_v2,object_pose_spoof,2,0.1,-24.0,1.0,0.02460952694260723,150,0.710559606552124,1.19568932056427,1.0,1.0,24.0,2755,v2,B2,sac_her_pickandplace_randomized_2M
sac_her_recovery_v2,object_pose_spoof,2,0.1,-150.0,0.0,0.4294161905946126,150,0.11992698907852173,1.3108797073364258,0.0,1.0,,2756,v2,B2,sac_her_pickandplace_randomized_2M
sac_her_recovery_v2,object_pose_spoof,2,0.1,-149.0,0.0,0.580214097408874,150,0.40525707602500916,1.5545493364334106,1.0,1.0,9.0,2757,v2,B2,sac_her_pickandplace_randomized_2M
sac_her_recovery_v2,object_pose_spoof,2,0.1,-150.0,0.0,0.27278451630956135,150,0.07149101048707962,1.1676056385040283,0.0,1.0,,2758,v2,B2,sac_her_pickandplace_randomized_2M
sac_her_recovery_v2,object_pose_spoof,2,0.1,-150.0,0.0,0.4479705673575392,150,0.06824781000614166,1.5882090330123901,0.0,1.0,,2759,v2,B2,sac_her_pickandplace_randomized_2M
sac_her_recovery_v3,object_pose_spoof,2,0.1,-150.0,0.0,0.07152211708935327,150,1.1999623775482178,0.8974595069885254,0.0,1.0,,2760,v3,B3,sac_her_pickandplace_randomized_2M
sac_her_recovery_v3,object_pose_spoof,2,0.1,-150.0,0.0,0.07001225230631013,150,0.9823336005210876,0.8508080840110779,1.0,1.0,,2761,v3,B3,sac_her_pickandplace_randomized_2M
sac_her_recovery_v3,object_pose_spoof,2,0.1,-150.0,0.0,0.17148513269454285,150,0.36341285705566406,1.092505693435669,0.0,1.0,,2762,v3,B3,sac_her_pickandplace_randomized_2M
sac_her_recovery_v3,object_pose_spoof,2,0.1,-150.0,0.0,0.3794429424862267,150,0.07206238061189651,1.0852031707763672,0.0,1.0,,2763,v3,B3,sac_her_pickandplace_randomized_2M
sac_her_recovery_v3,object_pose_spoof,2,0.1,-142.0,0.0,0.37190393518229936,150,0.3849565088748932,1.4812302589416504,0.0,1.0,0.0,2764,v3,B3,sac_her_pickandplace_randomized_2M
sac_her_recovery_v3,object_pose_spoof,2,0.1,-150.0,0.0,0.21002951048284235,150,0.07310383021831512,1.2097804546356201,0.0,1.0,,2765,v3,B3,sac_her_pickandplace_randomized_2M
sac_her_recovery_v3,object_pose_spoof,2,0.1,-150.0,0.0,0.38428870871081183,150,0.04173518344759941,1.1440898180007935,0.0,1.0,,2766,v3,B3,sac_her_pickandplace_randomized_2M
sac_her_recovery_v3,object_pose_spoof,2,0.1,-150.0,0.0,0.3003642952314868,150,0.04788731783628464,1.2741390466690063,0.0,1.0,,2767,v3,B3,sac_her_pickandplace_randomized_2M
sac_her_recovery_v3,object_pose_spoof,2,0.1,-148.0,0.0,0.26326133634996657,150,0.5953748226165771,1.5411267280578613,1.0,1.0,12.0,2768,v3,B3,sac_her_pickandplace_randomized_2M
sac_her_recovery_v3,object_pose_spoof,2,0.1,-150.0,0.0,0.2187702388721897,150,0.440508633852005,1.3183499574661255,0.0,1.0,,2769,v3,B3,sac_her_pickandplace_randomized_2M
sac_her_recovery_v3,object_pose_spoof,2,0.1,-129.0,0.0,0.09582442124925925,150,0.3180356025695801,0.798174262046814,0.0,1.0,19.0,2770,v3,B3,sac_her_pickandplace_randomized_2M
sac_her_recovery_v3,object_pose_spoof,2,0.1,-150.0,0.0,0.08737298558859447,150,0.2980150878429413,1.2141883373260498,1.0,0.0,,2771,v3,B3,sac_her_pickandplace_randomized_2M
sac_her_recovery_v3,object_pose_spoof,2,0.1,-150.0,0.0,0.24571858033801308,150,0.30775609612464905,1.4962602853775024,0.0,1.0,,2772,v3,B3,sac_her_pickandplace_randomized_2M
sac_her_recovery_v3,object_pose_spoof,2,0.1,-150.0,0.0,0.5138989605869597,150,0.30172160267829895,1.6351380348205566,0.0,1.0,,2773,v3,B3,sac_her_pickandplace_randomized_2M
sac_her_recovery_v3,object_pose_spoof,2,0.1,-122.0,0.0,0.05529118003829921,150,0.6252914667129517,0.9983254075050354,0.0,0.0,21.0,2774,v3,B3,sac_her_pickandplace_randomized_2M
sac_her_recovery_v3,object_pose_spoof,2,0.1,-150.0,0.0,0.31798075647877266,150,0.07027250528335571,1.4744044542312622,0.0,1.0,,2775,v3,B3,sac_her_pickandplace_randomized_2M
sac_her_recovery_v3,object_pose_spoof,2,0.1,-150.0,0.0,0.4861455337904944,150,0.4938380718231201,1.409544825553894,1.0,1.0,,2776,v3,B3,sac_her_pickandplace_randomized_2M
sac_her_recovery_v3,object_pose_spoof,2,0.1,-136.0,0.0,0.13240310672128663,150,0.5238373279571533,0.746982753276825,1.0,1.0,0.0,2777,v3,B3,sac_her_pickandplace_randomized_2M
sac_her_recovery_v3,object_pose_spoof,2,0.1,-150.0,0.0,0.5718533058705552,150,0.1108301505446434,1.6224557161331177,0.0,1.0,,2778,v3,B3,sac_her_pickandplace_randomized_2M
sac_her_recovery_v3,object_pose_spoof,2,0.1,-150.0,0.0,0.3725494666153298,150,0.07921585440635681,1.2888834476470947,0.0,1.0,,2779,v3,B3,sac_her_pickandplace_randomized_2M
sac_her_recovery_v3,object_pose_spoof,2,0.1,-150.0,0.0,0.1589863267035459,150,0.488848477602005,1.081329345703125,1.0,1.0,,2780,v3,B3,sac_her_pickandplace_randomized_2M
sac_her_recovery_v3,object_pose_spoof,2,0.1,-150.0,0.0,0.19199202486842298,150,0.5544097423553467,0.9322174191474915,0.0,1.0,,2781,v3,B3,sac_her_pickandplace_randomized_2M
sac_her_recovery_v3,object_pose_spoof,2,0.1,-150.0,0.0,0.06440120201063398,150,1.48194420337677,1.0058236122131348,0.0,1.0,,2782,v3,B3,sac_her_pickandplace_randomized_2M
sac_her_recovery_v3,object_pose_spoof,2,0.1,-150.0,0.0,0.19035286800255174,150,0.08323173969984055,1.342876672744751,0.0,1.0,,2783,v3,B3,sac_her_pickandplace_randomized_2M
sac_her_recovery_v3,object_pose_spoof,2,0.1,-149.0,0.0,0.05467023458651312,150,0.2487598955631256,1.2354599237442017,0.0,1.0,22.0,2784,v3,B3,sac_her_pickandplace_randomized_2M
sac_her_recovery_v3,object_pose_spoof,2,0.1,-150.0,0.0,0.2272207778030207,150,2.219454526901245,1.346900224685669,1.0,1.0,,2785,v3,B3,sac_her_pickandplace_randomized_2M
sac_her_recovery_v3,object_pose_spoof,2,0.1,-150.0,0.0,0.4294161905946126,150,0.11972388625144958,1.2897446155548096,0.0,1.0,,2786,v3,B3,sac_her_pickandplace_randomized_2M
sac_her_recovery_v3,object_pose_spoof,2,0.1,-150.0,0.0,0.11521995944367786,150,0.8634868860244751,0.6583045721054077,0.0,0.0,,2787,v3,B3,sac_her_pickandplace_randomized_2M
sac_her_recovery_v3,object_pose_spoof,2,0.1,-150.0,0.0,0.27278451630956135,150,0.04436502605676651,1.278484582901001,0.0,1.0,,2788,v3,B3,sac_her_pickandplace_randomized_2M
sac_her_recovery_v3,object_pose_spoof,2,0.1,-150.0,0.0,0.4479705673575392,150,0.07783342897891998,1.3882267475128174,1.0,1.0,,2789,v3,B3,sac_her_pickandplace_randomized_2M
sac_her,grip_state_falsification,2,0.0,-150.0,0.0,0.695178011503374,150,0.15797537565231323,1.6061323881149292,0.0,0.0,,2790,none,B1,sac_her_pickandplace_randomized_2M
sac_her,grip_state_falsification,2,0.0,-9.0,1.0,0.008831599926617101,150,0.11393290013074875,1.185785174369812,0.0,0.0,9.0,2791,none,B1,sac_her_pickandplace_randomized_2M
sac_her,grip_state_falsification,2,0.0,-9.0,1.0,0.01779025290356677,150,0.41274163126945496,1.2738604545593262,0.0,0.0,8.0,2792,none,B1,sac_her_pickandplace_randomized_2M
sac_her,grip_state_falsification,2,0.0,-150.0,0.0,0.3794429424862267,150,0.044069062918424606,1.2397469282150269,0.0,0.0,,2793,none,B1,sac_her_pickandplace_randomized_2M
sac_her,grip_state_falsification,2,0.0,0.0,1.0,0.02565594358237976,150,0.9118298888206482,0.9151403903961182,0.0,0.0,0.0,2794,none,B1,sac_her_pickandplace_randomized_2M
sac_her,grip_state_falsification,2,0.0,-150.0,0.0,0.21002951048284235,150,0.03396792709827423,0.49257710576057434,0.0,0.0,,2795,none,B1,sac_her_pickandplace_randomized_2M
sac_her,grip_state_falsification,2,0.0,-150.0,0.0,0.38428870871081183,150,0.0274781696498394,0.9920054078102112,0.0,0.0,,2796,none,B1,sac_her_pickandplace_randomized_2M
sac_her,grip_state_falsification,2,0.0,-150.0,0.0,0.3003642952314868,150,0.02433588355779648,0.9532544016838074,0.0,0.0,,2797,none,B1,sac_her_pickandplace_randomized_2M
sac_her,grip_state_falsification,2,0.0,-12.0,1.0,0.022240726189219087,150,0.2841328978538513,0.7593052983283997,0.0,0.0,12.0,2798,none,B1,sac_her_pickandplace_randomized_2M
sac_her,grip_state_falsification,2,0.0,-44.0,1.0,0.015539787030803592,150,0.583658754825592,0.9090644121170044,0.0,0.0,44.0,2799,none,B1,sac_her_pickandplace_randomized_2M
sac_her,grip_state_falsification,2,0.0,-7.0,1.0,0.008457618024053745,150,0.5987843871116638,0.6611505150794983,0.0,0.0,7.0,2800,none,B1,sac_her_pickandplace_randomized_2M
sac_her,grip_state_falsification,2,0.0,-9.0,1.0,0.01050792610593654,150,1.1271790266036987,0.7473288178443909,0.0,0.0,9.0,2801,none,B1,sac_her_pickandplace_randomized_2M
sac_her,grip_state_falsification,2,0.0,-150.0,0.0,0.8698688761741741,150,0.13450972735881805,1.7656787633895874,0.0,0.0,,2802,none,B1,sac_her_pickandplace_randomized_2M
sac_her,grip_state_falsification,2,0.0,-150.0,0.0,0.5138989605869597,150,0.021636107936501503,1.551329493522644,0.0,0.0,,2803,none,B1,sac_her_pickandplace_randomized_2M
sac_her,grip_state_falsification,2,0.0,-7.0,1.0,0.02550189477235245,150,0.16846109926700592,0.7981041073799133,0.0,0.0,7.0,2804,none,B1,sac_her_pickandplace_randomized_2M
sac_her,grip_state_falsification,2,0.0,-150.0,0.0,0.31798075647877266,150,0.028809623792767525,1.492884874343872,0.0,0.0,,2805,none,B1,sac_her_pickandplace_randomized_2M
sac_her,grip_state_falsification,2,0.0,-13.0,1.0,0.04209640528000196,150,0.1792132705450058,0.7693879008293152,0.0,0.0,13.0,2806,none,B1,sac_her_pickandplace_randomized_2M
sac_her,grip_state_falsification,2,0.0,0.0,1.0,0.01840072680608693,150,0.2517905533313751,1.0032204389572144,0.0,0.0,0.0,2807,none,B1,sac_her_pickandplace_randomized_2M
sac_her,grip_state_falsification,2,0.0,-150.0,0.0,0.10901823525907746,150,1.3520183563232422,1.305331826210022,0.0,0.0,,2808,none,B1,sac_her_pickandplace_randomized_2M
sac_her,grip_state_falsification,2,0.0,-150.0,0.0,0.3725494666153298,150,0.028626810759305954,1.3708064556121826,0.0,0.0,,2809,none,B1,sac_her_pickandplace_randomized_2M
sac_her,grip_state_falsification,2,0.0,-28.0,1.0,0.019832224772614156,150,0.4296145737171173,1.0745621919631958,0.0,0.0,12.0,2810,none,B1,sac_her_pickandplace_randomized_2M
sac_her,grip_state_falsification,2,0.0,-150.0,0.0,0.9523677353687022,150,0.5127032995223999,1.5607610940933228,1.0,0.0,,2811,none,B1,sac_her_pickandplace_randomized_2M
sac_her,grip_state_falsification,2,0.0,-146.0,0.0,0.7187714918071791,150,0.44531863927841187,1.6391394138336182,0.0,0.0,15.0,2812,none,B1,sac_her_pickandplace_randomized_2M
sac_her,grip_state_falsification,2,0.0,-150.0,0.0,0.19175564889873178,150,0.030648499727249146,1.205355167388916,0.0,0.0,,2813,none,B1,sac_her_pickandplace_randomized_2M
sac_her,grip_state_falsification,2,0.0,-149.0,0.0,0.7762126866588626,150,0.1485854685306549,1.7583054304122925,0.0,0.0,8.0,2814,none,B1,sac_her_pickandplace_randomized_2M
sac_her,grip_state_falsification,2,0.0,-150.0,0.0,0.2272207778030207,150,1.2588468790054321,0.8534647822380066,0.0,0.0,,2815,none,B1,sac_her_pickandplace_randomized_2M
sac_her,grip_state_falsification,2,0.0,-150.0,0.0,0.4294161905946126,150,0.03959629312157631,1.1901146173477173,0.0,0.0,,2816,none,B1,sac_her_pickandplace_randomized_2M
sac_her,grip_state_falsification,2,0.0,-14.0,1.0,0.024646308399997274,150,1.6997801065444946,1.091148018836975,0.0,0.0,14.0,2817,none,B1,sac_her_pickandplace_randomized_2M
sac_her,grip_state_falsification,2,0.0,-150.0,0.0,0.27278451630956135,150,0.02962387353181839,1.3029032945632935,0.0,0.0,,2818,none,B1,sac_her_pickandplace_randomized_2M
sac_her,grip_state_falsification,2,0.0,-150.0,0.0,0.4479705673575392,150,0.030492324382066727,1.4837366342544556,0.0,0.0,,2819,none,B1,sac_her_pickandplace_randomized_2M
sac_her_recovery_v2,grip_state_falsification,2,0.0,-150.0,0.0,0.695178011503374,150,0.4753662645816803,1.6346986293792725,1.0,1.0,,2820,v2,B2,sac_her_pickandplace_randomized_2M
sac_her_recovery_v2,grip_state_falsification,2,0.0,-11.0,1.0,0.025016991830852514,150,1.6232819557189941,1.0266746282577515,1.0,1.0,11.0,2821,v2,B2,sac_her_pickandplace_randomized_2M
sac_her_recovery_v2,grip_state_falsification,2,0.0,-36.0,1.0,0.016855303623393998,150,0.38521337509155273,0.716991126537323,0.0,1.0,36.0,2822,v2,B2,sac_her_pickandplace_randomized_2M
sac_her_recovery_v2,grip_state_falsification,2,0.0,-150.0,0.0,0.3794429424862267,150,0.07342638820409775,1.2404005527496338,0.0,1.0,,2823,v2,B2,sac_her_pickandplace_randomized_2M
sac_her_recovery_v2,grip_state_falsification,2,0.0,0.0,1.0,0.02565594358237976,150,0.8522089123725891,0.8857592940330505,0.0,1.0,0.0,2824,v2,B2,sac_her_pickandplace_randomized_2M
sac_her_recovery_v2,grip_state_falsification,2,0.0,-150.0,0.0,0.21002951048284235,150,0.040330398827791214,0.49755918979644775,0.0,1.0,,2825,v2,B2,sac_her_pickandplace_randomized_2M
sac_her_recovery_v2,grip_state_falsification,2,0.0,-150.0,0.0,0.38428870871081183,150,0.04004683345556259,1.0074913501739502,0.0,1.0,,2826,v2,B2,sac_her_pickandplace_randomized_2M
sac_her_recovery_v2,grip_state_falsification,2,0.0,-150.0,0.0,0.3003642952314868,150,0.03870373219251633,0.9575819969177246,0.0,1.0,,2827,v2,B2,sac_her_pickandplace_randomized_2M
sac_her_recovery_v2,grip_state_falsification,2,0.0,-12.0,1.0,0.022240726189219087,150,0.2841328978538513,0.7593052983283997,0.0,0.0,12.0,2828,v2,B2,sac_her_pickandplace_randomized_2M
sac_her_recovery_v2,grip_state_falsification,2,0.0,-150.0,0.0,0.05595923829079953,150,1.0359958410263062,1.381804347038269,1.0,1.0,,2829,v2,B2,sac_her_pickandplace_randomized_2M
sac_her_recovery_v2,grip_state_falsification,2,0.0,-11.0,1.0,0.006013871844901654,150,0.7313735485076904,0.5904213190078735,0.0,1.0,11.0,2830,v2,B2,sac_her_pickandplace_randomized_2M
sac_her_recovery_v2,grip_state_falsification,2,0.0,-9.0,1.0,0.01050792610593654,150,1.1271790266036987,0.7473288178443909,0.0,0.0,9.0,2831,v2,B2,sac_her_pickandplace_randomized_2M
sac_her_recovery_v2,grip_state_falsification,2,0.0,-150.0,0.0,0.2787122497080539,150,1.4639170169830322,1.5056209564208984,1.0,1.0,,2832,v2,B2,sac_her_pickandplace_randomized_2M
sac_her_recovery_v2,grip_state_falsification,2,0.0,-150.0,0.0,0.5138989605869597,150,0.0555698536336422,1.553491473197937,0.0,1.0,,2833,v2,B2,sac_her_pickandplace_randomized_2M
sac_her_recovery_v2,grip_state_falsification,2,0.0,-7.0,1.0,0.02550189477235245,150,0.16846109926700592,0.7981041073799133,0.0,0.0,7.0,2834,v2,B2,sac_her_pickandplace_randomized_2M
sac_her_recovery_v2,grip_state_falsification,2,0.0,-150.0,0.0,0.31798075647877266,150,0.06431026756763458,1.4947023391723633,0.0,1.0,,2835,v2,B2,sac_her_pickandplace_randomized_2M
sac_her_recovery_v2,grip_state_falsification,2,0.0,-13.0,1.0,0.04209640528000196,150,0.1792132705450058,0.7693879008293152,0.0,0.0,13.0,2836,v2,B2,sac_her_pickandplace_randomized_2M
sac_her_recovery_v2,grip_state_falsification,2,0.0,0.0,1.0,0.01840072680608693,150,0.2517905533313751,1.0032204389572144,0.0,0.0,0.0,2837,v2,B2,sac_her_pickandplace_randomized_2M
sac_her_recovery_v2,grip_state_falsification,2,0.0,-150.0,0.0,0.10901823525907746,150,1.3614695072174072,1.2979694604873657,0.0,1.0,,2838,v2,B2,sac_her_pickandplace_randomized_2M
sac_her_recovery_v2,grip_state_falsification,2,0.0,-150.0,0.0,0.3725494666153298,150,0.061297863721847534,1.3765138387680054,0.0,1.0,,2839,v2,B2,sac_her_pickandplace_randomized_2M
sac_her_recovery_v2,grip_state_falsification,2,0.0,-12.0,1.0,0.01323529055127016,150,0.30686190724372864,0.9788584113121033,0.0,1.0,12.0,2840,v2,B2,sac_her_pickandplace_randomized_2M
sac_her_recovery_v2,grip_state_falsification,2,0.0,-146.0,0.0,0.05509834315891017,150,1.6422898769378662,1.4333573579788208,0.0,1.0,35.0,2841,v2,B2,sac_her_pickandplace_randomized_2M
sac_her_recovery_v2,grip_state_falsification,2,0.0,-51.0,1.0,0.0037189062909322667,150,0.7159196734428406,0.8494046926498413,1.0,1.0,15.0,2842,v2,B2,sac_her_pickandplace_randomized_2M
sac_her_recovery_v2,grip_state_falsification,2,0.0,-150.0,0.0,0.19175564889873178,150,0.040259093046188354,1.1587001085281372,0.0,1.0,,2843,v2,B2,sac_her_pickandplace_randomized_2M
sac_her_recovery_v2,grip_state_falsification,2,0.0,-149.0,0.0,0.7762126866588626,150,0.6963271498680115,1.6067506074905396,1.0,1.0,8.0,2844,v2,B2,sac_her_pickandplace_randomized_2M
sac_her_recovery_v2,grip_state_falsification,2,0.0,-19.0,1.0,0.031920366545324624,150,0.32406607270240784,0.9989935159683228,0.0,1.0,19.0,2845,v2,B2,sac_her_pickandplace_randomized_2M
sac_her_recovery_v2,grip_state_falsification,2,0.0,-150.0,0.0,0.4294161905946126,150,0.0730833113193512,1.2026699781417847,0.0,1.0,,2846,v2,B2,sac_her_pickandplace_randomized_2M
sac_her_recovery_v2,grip_state_falsification,2,0.0,-15.0,1.0,0.026453645852936192,150,0.2135334461927414,0.8324202299118042,0.0,1.0,15.0,2847,v2,B2,sac_her_pickandplace_randomized_2M
sac_her_recovery_v2,grip_state_falsification,2,0.0,-150.0,0.0,0.27278451630956135,150,0.054978594183921814,1.2902469635009766,0.0,1.0,,2848,v2,B2,sac_her_pickandplace_randomized_2M
sac_her_recovery_v2,grip_state_falsification,2,0.0,-150.0,0.0,0.4479705673575392,150,0.07095588743686676,1.4867948293685913,0.0,1.0,,2849,v2,B2,sac_her_pickandplace_randomized_2M
sac_her_recovery_v3,grip_state_falsification,2,0.0,-150.0,0.0,0.695178011503374,150,0.19727014005184174,1.6164692640304565,1.0,1.0,,2850,v3,B3,sac_her_pickandplace_randomized_2M
sac_her_recovery_v3,grip_state_falsification,2,0.0,-135.0,0.0,0.6469930729006936,150,0.6047099828720093,1.4537814855575562,1.0,1.0,30.0,2851,v3,B3,sac_her_pickandplace_randomized_2M
sac_her_recovery_v3,grip_state_falsification,2,0.0,-150.0,0.0,0.17148513269454285,150,0.20090894401073456,1.1861045360565186,0.0,1.0,,2852,v3,B3,sac_her_pickandplace_randomized_2M
sac_her_recovery_v3,grip_state_falsification,2,0.0,-150.0,0.0,0.3794429424862267,150,0.07619285583496094,1.2419075965881348,0.0,1.0,,2853,v3,B3,sac_her_pickandplace_randomized_2M
sac_her_recovery_v3,grip_state_falsification,2,0.0,0.0,1.0,0.02565594358237976,150,0.8439597487449646,0.8627665042877197,0.0,1.0,0.0,2854,v3,B3,sac_her_pickandplace_randomized_2M
sac_her_recovery_v3,grip_state_falsification,2,0.0,-150.0,0.0,0.21002951048284235,150,0.04157349839806557,0.5089109539985657,0.0,1.0,,2855,v3,B3,sac_her_pickandplace_randomized_2M
sac_her_recovery_v3,grip_state_falsification,2,0.0,-150.0,0.0,0.38428870871081183,150,0.04015740752220154,1.027051568031311,0.0,1.0,,2856,v3,B3,sac_her_pickandplace_randomized_2M
sac_her_recovery_v3,grip_state_falsification,2,0.0,-150.0,0.0,0.3003642952314868,150,0.040150776505470276,0.9662285447120667,0.0,1.0,,2857,v3,B3,sac_her_pickandplace_randomized_2M
sac_her_recovery_v3,grip_state_falsification,2,0.0,-12.0,1.0,0.022240726189219087,150,0.2841328978538513,0.7593052983283997,0.0,0.0,12.0,2858,v3,B3,sac_her_pickandplace_randomized_2M
sac_her_recovery_v3,grip_state_falsification,2,0.0,-150.0,0.0,0.23921182080958572,150,0.3304227888584137,1.3310621976852417,0.0,1.0,,2859,v3,B3,sac_her_pickandplace_randomized_2M
sac_her_recovery_v3,grip_state_falsification,2,0.0,-11.0,1.0,0.02301440535706419,150,0.24053391814231873,0.3644617199897766,0.0,1.0,11.0,2860,v3,B3,sac_her_pickandplace_randomized_2M
sac_her_recovery_v3,grip_state_falsification,2,0.0,-9.0,1.0,0.01050792610593654,150,1.1271790266036987,0.7473288178443909,0.0,0.0,9.0,2861,v3,B3,sac_her_pickandplace_randomized_2M
sac_her_recovery_v3,grip_state_falsification,2,0.0,-150.0,0.0,0.2877492579366268,150,0.30392220616340637,1.374372959136963,0.0,1.0,,2862,v3,B3,sac_her_pickandplace_randomized_2M
sac_her_recovery_v3,grip_state_falsification,2,0.0,-150.0,0.0,0.5138989605869597,150,0.05439120903611183,1.555978775024414,0.0,1.0,,2863,v3,B3,sac_her_pickandplace_randomized_2M
sac_her_recovery_v3,grip_state_falsification,2,0.0,-7.0,1.0,0.02550189477235245,150,0.16846109926700592,0.7981041073799133,0.0,0.0,7.0,2864,v3,B3,sac_her_pickandplace_randomized_2M
sac_her_recovery_v3,grip_state_falsification,2,0.0,-150.0,0.0,0.31798075647877266,150,0.06629582494497299,1.4978989362716675,0.0,1.0,,2865,v3,B3,sac_her_pickandplace_randomized_2M
sac_her_recovery_v3,grip_state_falsification,2,0.0,-13.0,1.0,0.04209640528000196,150,0.1792132705450058,0.7693879008293152,0.0,0.0,13.0,2866,v3,B3,sac_her_pickandplace_randomized_2M
sac_her_recovery_v3,grip_state_falsification,2,0.0,0.0,1.0,0.01840072680608693,150,0.2517905533313751,1.0032204389572144,0.0,0.0,0.0,2867,v3,B3,sac_her_pickandplace_randomized_2M
sac_her_recovery_v3,grip_state_falsification,2,0.0,-150.0,0.0,0.10901823525907746,150,1.3090685606002808,1.2774988412857056,0.0,1.0,,2868,v3,B3,sac_her_pickandplace_randomized_2M
sac_her_recovery_v3,grip_state_falsification,2,0.0,-150.0,0.0,0.3725494666153298,150,0.06428299844264984,1.3930387496948242,0.0,1.0,,2869,v3,B3,sac_her_pickandplace_randomized_2M
sac_her_recovery_v3,grip_state_falsification,2,0.0,-12.0,1.0,0.013084168347358902,150,0.1220000609755516,0.9405559301376343,0.0,1.0,12.0,2870,v3,B3,sac_her_pickandplace_randomized_2M
sac_her_recovery_v3,grip_state_falsification,2,0.0,-149.0,0.0,0.9717156297188184,150,0.8273425698280334,1.6746140718460083,1.0,1.0,51.0,2871,v3,B3,sac_her_pickandplace_randomized_2M
sac_her_recovery_v3,grip_state_falsification,2,0.0,-147.0,0.0,0.5189006822897142,150,0.42346474528312683,1.3525906801223755,0.0,1.0,15.0,2872,v3,B3,sac_her_pickandplace_randomized_2M
sac_her_recovery_v3,grip_state_falsification,2,0.0,-150.0,0.0,0.19175564889873178,150,0.05350827798247337,0.7757866978645325,0.0,1.0,,2873,v3,B3,sac_her_pickandplace_randomized_2M
sac_her_recovery_v3,grip_state_falsification,2,0.0,-149.0,0.0,0.7762126866588626,150,0.4019324779510498,1.5928866863250732,1.0,1.0,8.0,2874,v3,B3,sac_her_pickandplace_randomized_2M
sac_her_recovery_v3,grip_state_falsification,2,0.0,-150.0,0.0,0.49524915180649576,150,0.33997443318367004,1.4382350444793701,1.0,1.0,,2875,v3,B3,sac_her_pickandplace_randomized_2M
sac_her_recovery_v3,grip_state_falsification,2,0.0,-150.0,0.0,0.4294161905946126,150,0.07495047152042389,1.226588487625122,0.0,1.0,,2876,v3,B3,sac_her_pickandplace_randomized_2M
sac_her_recovery_v3,grip_state_falsification,2,0.0,-87.0,1.0,0.0173402643563967,150,0.5859276056289673,1.0425841808319092,0.0,1.0,75.0,2877,v3,B3,sac_her_pickandplace_randomized_2M
sac_her_recovery_v3,grip_state_falsification,2,0.0,-150.0,0.0,0.27278451630956135,150,0.06582235544919968,1.2602872848510742,0.0,1.0,,2878,v3,B3,sac_her_pickandplace_randomized_2M
sac_her_recovery_v3,grip_state_falsification,2,0.0,-150.0,0.0,0.4479705673575392,150,0.07440286874771118,1.4937593936920166,1.0,1.0,,2879,v3,B3,sac_her_pickandplace_randomized_2M
sac_her,contact_dropout,2,0.0,-150.0,0.0,0.19971723941907216,150,0.05214063823223114,1.8088923692703247,0.0,0.0,,2880,none,B1,sac_her_pickandplace_randomized_2M
sac_her,contact_dropout,2,0.0,-150.0,0.0,0.15162937642806948,150,0.05304380878806114,1.695159912109375,0.0,0.0,,2881,none,B1,sac_her_pickandplace_randomized_2M
sac_her,contact_dropout,2,0.0,-150.0,0.0,0.17148513269454285,150,0.10972752422094345,1.7289385795593262,0.0,0.0,,2882,none,B1,sac_her_pickandplace_randomized_2M
sac_her,contact_dropout,2,0.0,-150.0,0.0,0.3794429424862267,150,0.01600010134279728,1.1679272651672363,0.0,0.0,,2883,none,B1,sac_her_pickandplace_randomized_2M
sac_her,contact_dropout,2,0.0,0.0,1.0,0.02565594358237976,150,0.03859173506498337,1.4049139022827148,0.0,0.0,0.0,2884,none,B1,sac_her_pickandplace_randomized_2M
sac_her,contact_dropout,2,0.0,-150.0,0.0,0.21002951048284235,150,0.018391072750091553,1.5414056777954102,0.0,0.0,,2885,none,B1,sac_her_pickandplace_randomized_2M
sac_her,contact_dropout,2,0.0,-150.0,0.0,0.38428870871081183,150,0.009722261689603329,1.7708003520965576,0.0,0.0,,2886,none,B1,sac_her_pickandplace_randomized_2M
sac_her,contact_dropout,2,0.0,-150.0,0.0,0.3003642952314868,150,0.01872575283050537,1.694685459136963,0.0,0.0,,2887,none,B1,sac_her_pickandplace_randomized_2M
sac_her,contact_dropout,2,0.0,-150.0,0.0,0.22757028676256252,150,0.5988821983337402,1.7802612781524658,0.0,0.0,,2888,none,B1,sac_her_pickandplace_randomized_2M
sac_her,contact_dropout,2,0.0,-150.0,0.0,0.2738117894582931,150,0.16937768459320068,1.4940701723098755,0.0,0.0,,2889,none,B1,sac_her_pickandplace_randomized_2M
sac_her,contact_dropout,2,0.0,-150.0,0.0,0.12288898787804942,150,0.36105281114578247,1.107316255569458,0.0,0.0,,2890,none,B1,sac_her_pickandplace_randomized_2M
sac_her,contact_dropout,2,0.0,-150.0,0.0,0.8302601952138933,150,0.08374888449907303,1.8920440673828125,0.0,0.0,,2891,none,B1,sac_her_pickandplace_randomized_2M
sac_her,contact_dropout,2,0.0,-150.0,0.0,0.2877492579366268,150,0.07012777030467987,1.8028676509857178,0.0,0.0,,2892,none,B1,sac_her_pickandplace_randomized_2M
sac_her,contact_dropout,2,0.0,-150.0,0.0,0.5138989605869597,150,0.006513664033263922,1.764346957206726,0.0,0.0,,2893,none,B1,sac_her_pickandplace_randomized_2M
sac_her,contact_dropout,2,0.0,-150.0,0.0,0.14520401968415733,150,0.027647309005260468,1.8408628702163696,0.0,0.0,,2894,none,B1,sac_her_pickandplace_randomized_2M
sac_her,contact_dropout,2,0.0,-150.0,0.0,0.31798075647877266,150,0.06448516249656677,1.522974967956543,0.0,0.0,,2895,none,B1,sac_her_pickandplace_randomized_2M
sac_her,contact_dropout,2,0.0,-150.0,0.0,0.17517581158379572,150,0.04088783636689186,1.7734429836273193,0.0,0.0,,2896,none,B1,sac_her_pickandplace_randomized_2M
sac_her,contact_dropout,2,0.0,-2.0,1.0,0.04869629200683154,150,1.0171772241592407,1.2805187702178955,0.0,0.0,0.0,2897,none,B1,sac_her_pickandplace_randomized_2M
sac_her,contact_dropout,2,0.0,-150.0,0.0,0.10901823525907746,150,0.034295812249183655,1.6699131727218628,0.0,0.0,,2898,none,B1,sac_her_pickandplace_randomized_2M
sac_her,contact_dropout,2,0.0,-150.0,0.0,0.3725494666153298,150,0.03331782668828964,1.631098747253418,0.0,0.0,,2899,none,B1,sac_her_pickandplace_randomized_2M
sac_her,contact_dropout,2,0.0,-150.0,0.0,0.22101272675407632,150,0.04090939462184906,1.6535321474075317,0.0,0.0,,2900,none,B1,sac_her_pickandplace_randomized_2M
sac_her,contact_dropout,2,0.0,-150.0,0.0,0.1914299157330289,150,0.042846959084272385,1.6914384365081787,0.0,0.0,,2901,none,B1,sac_her_pickandplace_randomized_2M
sac_her,contact_dropout,2,0.0,-150.0,0.0,0.24159742733129702,150,0.011168522760272026,1.7591137886047363,0.0,0.0,,2902,none,B1,sac_her_pickandplace_randomized_2M
sac_her,contact_dropout,2,0.0,-150.0,0.0,0.19175564889873178,150,0.015635233372449875,1.622544527053833,0.0,0.0,,2903,none,B1,sac_her_pickandplace_randomized_2M
sac_her,contact_dropout,2,0.0,-150.0,0.0,0.16656157640171473,150,0.026217034086585045,1.7276098728179932,0.0,0.0,,2904,none,B1,sac_her_pickandplace_randomized_2M
sac_her,contact_dropout,2,0.0,-150.0,0.0,0.5599882193434231,150,0.17837056517601013,1.4727166891098022,0.0,0.0,,2905,none,B1,sac_her_pickandplace_randomized_2M
sac_her,contact_dropout,2,0.0,-150.0,0.0,0.4294161905946126,150,0.04006977379322052,1.565098524093628,0.0,0.0,,2906,none,B1,sac_her_pickandplace_randomized_2M
sac_her,contact_dropout,2,0.0,-150.0,0.0,0.20403055295115488,150,0.08953133970499039,1.7964229583740234,0.0,0.0,,2907,none,B1,sac_her_pickandplace_randomized_2M
sac_her,contact_dropout,2,0.0,-150.0,0.0,0.27278451630956135,150,0.15009336173534393,1.5159900188446045,0.0,0.0,,2908,none,B1,sac_her_pickandplace_randomized_2M
sac_her,contact_dropout,2,0.0,-150.0,0.0,0.4479705673575392,150,0.04890277981758118,1.5910567045211792,0.0,0.0,,2909,none,B1,sac_her_pickandplace_randomized_2M
sac_her_recovery_v2,contact_dropout,2,0.0,-150.0,0.0,0.19971723941907216,150,0.2842290997505188,1.1991117000579834,0.0,1.0,,2910,v2,B2,sac_her_pickandplace_randomized_2M
sac_her_recovery_v2,contact_dropout,2,0.0,-150.0,0.0,0.15162937642806948,150,0.137735053896904,1.696256160736084,0.0,1.0,,2911,v2,B2,sac_her_pickandplace_randomized_2M
sac_her_recovery_v2,contact_dropout,2,0.0,-150.0,0.0,0.17148513269454285,150,0.17309843003749847,1.7130365371704102,0.0,1.0,,2912,v2,B2,sac_her_pickandplace_randomized_2M
sac_her_recovery_v2,contact_dropout,2,0.0,-150.0,0.0,0.3794429424862267,150,0.05773589015007019,1.4392434358596802,0.0,1.0,,2913,v2,B2,sac_her_pickandplace_randomized_2M
sac_her_recovery_v2,contact_dropout,2,0.0,0.0,1.0,0.02565594358237976,150,0.05606256425380707,1.3691273927688599,0.0,1.0,0.0,2914,v2,B2,sac_her_pickandplace_randomized_2M
sac_her_recovery_v2,contact_dropout,2,0.0,-150.0,0.0,0.21002951048284235,150,0.04183662310242653,1.5396608114242554,0.0,1.0,,2915,v2,B2,sac_her_pickandplace_randomized_2M
sac_her_recovery_v2,contact_dropout,2,0.0,-150.0,0.0,0.38428870871081183,150,0.6902762055397034,1.6778026819229126,0.0,1.0,,2916,v2,B2,sac_her_pickandplace_randomized_2M
sac_her_recovery_v2,contact_dropout,2,0.0,-150.0,0.0,0.3003642952314868,150,0.33135464787483215,1.6619049310684204,0.0,1.0,,2917,v2,B2,sac_her_pickandplace_randomized_2M
sac_her_recovery_v2,contact_dropout,2,0.0,-150.0,0.0,0.22757028676256252,150,0.616796612739563,1.7738393545150757,0.0,1.0,,2918,v2,B2,sac_her_pickandplace_randomized_2M
sac_her_recovery_v2,contact_dropout,2,0.0,-150.0,0.0,0.2738117894582931,150,0.36899158358573914,1.5208258628845215,1.0,1.0,,2919,v2,B2,sac_her_pickandplace_randomized_2M
sac_her_recovery_v2,contact_dropout,2,0.0,-150.0,0.0,0.12288898787804942,150,0.38614609837532043,1.1072367429733276,0.0,1.0,,2920,v2,B2,sac_her_pickandplace_randomized_2M
sac_her_recovery_v2,contact_dropout,2,0.0,-150.0,0.0,0.30218986113025365,150,0.7294476628303528,1.562432050704956,0.0,1.0,,2921,v2,B2,sac_her_pickandplace_randomized_2M
sac_her_recovery_v2,contact_dropout,2,0.0,-150.0,0.0,0.2877492579366268,150,0.3642842471599579,1.4826205968856812,0.0,1.0,,2922,v2,B2,sac_her_pickandplace_randomized_2M
sac_her_recovery_v2,contact_dropout,2,0.0,-150.0,0.0,0.5138989605869597,150,0.8194593191146851,1.689110279083252,0.0,1.0,,2923,v2,B2,sac_her_pickandplace_randomized_2M
sac_her_recovery_v2,contact_dropout,2,0.0,-150.0,0.0,0.14520401968415733,150,0.3324854373931885,1.602569580078125,0.0,1.0,,2924,v2,B2,sac_her_pickandplace_randomized_2M
sac_her_recovery_v2,contact_dropout,2,0.0,-150.0,0.0,0.31798075647877266,150,0.8139771223068237,1.657104730606079,0.0,1.0,,2925,v2,B2,sac_her_pickandplace_randomized_2M
sac_her_recovery_v2,contact_dropout,2,0.0,-150.0,0.0,0.17517581158379572,150,0.5337151288986206,1.5756251811981201,0.0,1.0,,2926,v2,B2,sac_her_pickandplace_randomized_2M
sac_her_recovery_v2,contact_dropout,2,0.0,-2.0,1.0,0.04869629200683154,150,1.0867080688476562,1.2888737916946411,0.0,1.0,0.0,2927,v2,B2,sac_her_pickandplace_randomized_2M
sac_her_recovery_v2,contact_dropout,2,0.0,-150.0,0.0,0.10901823525907746,150,0.08456673473119736,1.657746434211731,0.0,1.0,,2928,v2,B2,sac_her_pickandplace_randomized_2M
sac_her_recovery_v2,contact_dropout,2,0.0,-150.0,0.0,0.3725494666153298,150,0.054411787539720535,1.525700330734253,0.0,1.0,,2929,v2,B2,sac_her_pickandplace_randomized_2M
sac_her_recovery_v2,contact_dropout,2,0.0,-150.0,0.0,0.22101272675407632,150,0.062370628118515015,1.6330710649490356,0.0,1.0,,2930,v2,B2,sac_her_pickandplace_randomized_2M
sac_her_recovery_v2,contact_dropout,2,0.0,-150.0,0.0,0.1914299157330289,150,0.07482058554887772,1.6860324144363403,0.0,1.0,,2931,v2,B2,sac_her_pickandplace_randomized_2M
sac_her_recovery_v2,contact_dropout,2,0.0,-150.0,0.0,0.24159742733129702,150,0.11364514380693436,1.613248348236084,0.0,1.0,,2932,v2,B2,sac_her_pickandplace_randomized_2M
sac_her_recovery_v2,contact_dropout,2,0.0,-150.0,0.0,0.19175564889873178,150,0.04378870502114296,1.6163851022720337,0.0,1.0,,2933,v2,B2,sac_her_pickandplace_randomized_2M
sac_her_recovery_v2,contact_dropout,2,0.0,-150.0,0.0,0.16656157640171473,150,0.5933130979537964,1.2825825214385986,0.0,1.0,,2934,v2,B2,sac_her_pickandplace_randomized_2M
sac_her_recovery_v2,contact_dropout,2,0.0,-150.0,0.0,0.5599882193434231,150,0.04707770422101021,1.713495135307312,0.0,1.0,,2935,v2,B2,sac_her_pickandplace_randomized_2M
sac_her_recovery_v2,contact_dropout,2,0.0,-150.0,0.0,0.4294161905946126,150,1.3083730936050415,1.7070485353469849,1.0,1.0,,2936,v2,B2,sac_her_pickandplace_randomized_2M
sac_her_recovery_v2,contact_dropout,2,0.0,-150.0,0.0,0.20403055295115488,150,0.21769168972969055,1.170350193977356,0.0,1.0,,2937,v2,B2,sac_her_pickandplace_randomized_2M
sac_her_recovery_v2,contact_dropout,2,0.0,-150.0,0.0,0.27278451630956135,150,0.11517829447984695,1.4797654151916504,0.0,1.0,,2938,v2,B2,sac_her_pickandplace_randomized_2M
sac_her_recovery_v2,contact_dropout,2,0.0,-150.0,0.0,0.4479705673575392,150,0.09765522927045822,1.5969921350479126,1.0,1.0,,2939,v2,B2,sac_her_pickandplace_randomized_2M
sac_her_recovery_v3,contact_dropout,2,0.0,-150.0,0.0,0.19971723941907216,150,0.1823229044675827,1.1617608070373535,0.0,1.0,,2940,v3,B3,sac_her_pickandplace_randomized_2M
sac_her_recovery_v3,contact_dropout,2,0.0,-150.0,0.0,0.15162937642806948,150,0.0903996005654335,1.629501223564148,0.0,1.0,,2941,v3,B3,sac_her_pickandplace_randomized_2M
sac_her_recovery_v3,contact_dropout,2,0.0,-150.0,0.0,0.17148513269454285,150,0.16131408512592316,1.19490647315979,0.0,1.0,,2942,v3,B3,sac_her_pickandplace_randomized_2M
sac_her_recovery_v3,contact_dropout,2,0.0,-150.0,0.0,0.3794429424862267,150,0.05259514972567558,1.4647692441940308,0.0,1.0,,2943,v3,B3,sac_her_pickandplace_randomized_2M
sac_her_recovery_v3,contact_dropout,2,0.0,0.0,1.0,0.02565594358237976,150,0.05459314212203026,1.310744047164917,0.0,1.0,0.0,2944,v3,B3,sac_her_pickandplace_randomized_2M
sac_her_recovery_v3,contact_dropout,2,0.0,-150.0,0.0,0.21002951048284235,150,0.04444995895028114,1.5373377799987793,0.0,1.0,,2945,v3,B3,sac_her_pickandplace_randomized_2M
sac_her_recovery_v3,contact_dropout,2,0.0,-150.0,0.0,0.38428870871081183,150,0.3549079895019531,1.30795156955719,0.0,1.0,,2946,v3,B3,sac_her_pickandplace_randomized_2M
sac_her_recovery_v3,contact_dropout,2,0.0,-150.0,0.0,0.3003642952314868,150,0.3007396161556244,1.3740959167480469,0.0,1.0,,2947,v3,B3,sac_her_pickandplace_randomized_2M
sac_her_recovery_v3,contact_dropout,2,0.0,-150.0,0.0,0.22757028676256252,150,0.5232483744621277,1.5522432327270508,0.0,1.0,,2948,v3,B3,sac_her_pickandplace_randomized_2M
sac_her_recovery_v3,contact_dropout,2,0.0,-150.0,0.0,0.2738117894582931,150,0.3003734052181244,1.4675532579421997,0.0,1.0,,2949,v3,B3,sac_her_pickandplace_randomized_2M
sac_her_recovery_v3,contact_dropout,2,0.0,-150.0,0.0,0.12288898787804942,150,0.41979774832725525,1.0577425956726074,0.0,1.0,,2950,v3,B3,sac_her_pickandplace_randomized_2M
sac_her_recovery_v3,contact_dropout,2,0.0,-150.0,0.0,0.24289656957170602,150,0.28095412254333496,1.3061270713806152,0.0,1.0,,2951,v3,B3,sac_her_pickandplace_randomized_2M
sac_her_recovery_v3,contact_dropout,2,0.0,-150.0,0.0,0.2877492579366268,150,0.3270811140537262,1.433693289756775,0.0,1.0,,2952,v3,B3,sac_her_pickandplace_randomized_2M
sac_her_recovery_v3,contact_dropout,2,0.0,-150.0,0.0,0.5138989605869597,150,0.4687207043170929,1.643964409828186,0.0,1.0,,2953,v3,B3,sac_her_pickandplace_randomized_2M
sac_her_recovery_v3,contact_dropout,2,0.0,-150.0,0.0,0.14520401968415733,150,0.3677479326725006,1.1395838260650635,0.0,1.0,,2954,v3,B3,sac_her_pickandplace_randomized_2M
sac_her_recovery_v3,contact_dropout,2,0.0,-150.0,0.0,0.31798075647877266,150,0.2591399550437927,1.5541476011276245,0.0,1.0,,2955,v3,B3,sac_her_pickandplace_randomized_2M
sac_her_recovery_v3,contact_dropout,2,0.0,-150.0,0.0,0.17517581158379572,150,0.2989885210990906,1.272207260131836,0.0,1.0,,2956,v3,B3,sac_her_pickandplace_randomized_2M
sac_her_recovery_v3,contact_dropout,2,0.0,-2.0,1.0,0.04869629200683154,150,1.0264790058135986,1.254279375076294,0.0,1.0,0.0,2957,v3,B3,sac_her_pickandplace_randomized_2M
sac_her_recovery_v3,contact_dropout,2,0.0,-150.0,0.0,0.10901823525907746,150,0.0861535295844078,1.5689057111740112,0.0,1.0,,2958,v3,B3,sac_her_pickandplace_randomized_2M
sac_her_recovery_v3,contact_dropout,2,0.0,-150.0,0.0,0.3725494666153298,150,0.04816846549510956,1.531028389930725,0.0,1.0,,2959,v3,B3,sac_her_pickandplace_randomized_2M
sac_her_recovery_v3,contact_dropout,2,0.0,-150.0,0.0,0.22101272675407632,150,0.09279478341341019,1.590410590171814,0.0,1.0,,2960,v3,B3,sac_her_pickandplace_randomized_2M
sac_her_recovery_v3,contact_dropout,2,0.0,-150.0,0.0,0.1914299157330289,150,0.08409734070301056,1.5602519512176514,0.0,1.0,,2961,v3,B3,sac_her_pickandplace_randomized_2M
sac_her_recovery_v3,contact_dropout,2,0.0,-150.0,0.0,0.24159742733129702,150,0.049893349409103394,1.5932062864303589,0.0,1.0,,2962,v3,B3,sac_her_pickandplace_randomized_2M
sac_her_recovery_v3,contact_dropout,2,0.0,-150.0,0.0,0.19175564889873178,150,0.043170347809791565,1.605448603630066,0.0,1.0,,2963,v3,B3,sac_her_pickandplace_randomized_2M
sac_her_recovery_v3,contact_dropout,2,0.0,-150.0,0.0,0.16656157640171473,150,0.1438915878534317,0.935769259929657,0.0,1.0,,2964,v3,B3,sac_her_pickandplace_randomized_2M
sac_her_recovery_v3,contact_dropout,2,0.0,-150.0,0.0,0.5599882193434231,150,0.04707770422101021,1.713495135307312,0.0,1.0,,2965,v3,B3,sac_her_pickandplace_randomized_2M
sac_her_recovery_v3,contact_dropout,2,0.0,-150.0,0.0,0.4294161905946126,150,0.1852235496044159,1.63307785987854,1.0,1.0,,2966,v3,B3,sac_her_pickandplace_randomized_2M
sac_her_recovery_v3,contact_dropout,2,0.0,-150.0,0.0,0.20403055295115488,150,0.2201535552740097,1.1714869737625122,0.0,1.0,,2967,v3,B3,sac_her_pickandplace_randomized_2M
sac_her_recovery_v3,contact_dropout,2,0.0,-150.0,0.0,0.27278451630956135,150,0.06003443896770477,1.4718118906021118,0.0,1.0,,2968,v3,B3,sac_her_pickandplace_randomized_2M
sac_her_recovery_v3,contact_dropout,2,0.0,-150.0,0.0,0.4479705673575392,150,0.0981535017490387,1.5900750160217285,1.0,1.0,,2969,v3,B3,sac_her_pickandplace_randomized_2M
sac_her,clean,3,0.0,-7.0,1.0,0.005389956545739592,150,0.2572457790374756,1.153557538986206,0.0,0.0,7.0,2970,none,B0,sac_her_pickandplace_randomized_2M
sac_her,clean,3,0.0,-9.0,1.0,0.012153610339712373,150,0.2902856767177582,1.1919736862182617,0.0,0.0,9.0,2971,none,B0,sac_her_pickandplace_randomized_2M
sac_her,clean,3,0.0,-17.0,1.0,0.010112145491050446,150,0.18362119793891907,0.37304380536079407,0.0,0.0,17.0,2972,none,B0,sac_her_pickandplace_randomized_2M
sac_her,clean,3,0.0,0.0,1.0,0.014978831500371815,150,1.688757061958313,0.9966320991516113,0.0,0.0,0.0,2973,none,B0,sac_her_pickandplace_randomized_2M
sac_her,clean,3,0.0,-7.0,1.0,0.013930128499332905,150,0.27829694747924805,1.0027871131896973,0.0,0.0,7.0,2974,none,B0,sac_her_pickandplace_randomized_2M
sac_her,clean,3,0.0,-148.0,0.0,0.4347969805145396,150,0.3225972652435303,1.5696269273757935,0.0,0.0,17.0,2975,none,B0,sac_her_pickandplace_randomized_2M
sac_her,clean,3,0.0,-20.0,1.0,0.02015726644594858,150,0.4008691906929016,0.9671420454978943,0.0,0.0,10.0,2976,none,B0,sac_her_pickandplace_randomized_2M
sac_her,clean,3,0.0,-150.0,0.0,0.26729827437850046,150,3.159482479095459,1.8535312414169312,1.0,0.0,,2977,none,B0,sac_her_pickandplace_randomized_2M
sac_her,clean,3,0.0,-145.0,0.0,0.1256834359794187,150,2.198895215988159,1.8420116901397705,1.0,0.0,26.0,2978,none,B0,sac_her_pickandplace_randomized_2M
sac_her,clean,3,0.0,-138.0,0.0,0.45572968256492713,150,0.37107348442077637,1.488071084022522,0.0,0.0,19.0,2979,none,B0,sac_her_pickandplace_randomized_2M
sac_her,clean,3,0.0,-150.0,0.0,0.21913733826878024,150,0.035838186740875244,1.3049243688583374,0.0,0.0,,2980,none,B0,sac_her_pickandplace_randomized_2M
sac_her,clean,3,0.0,-10.0,1.0,0.01987448493165103,150,0.134863942861557,1.2492674589157104,0.0,0.0,10.0,2981,none,B0,sac_her_pickandplace_randomized_2M
sac_her,clean,3,0.0,-22.0,1.0,0.044720013022011396,150,0.2644934058189392,1.6168826818466187,0.0,0.0,5.0,2982,none,B0,sac_her_pickandplace_randomized_2M
sac_her,clean,3,0.0,-150.0,0.0,0.2574102905370639,150,0.03474196419119835,1.067685604095459,0.0,0.0,,2983,none,B0,sac_her_pickandplace_randomized_2M
sac_her,clean,3,0.0,-150.0,0.0,0.1338297412238493,150,0.0421089306473732,1.4108641147613525,0.0,0.0,,2984,none,B0,sac_her_pickandplace_randomized_2M
sac_her,clean,3,0.0,-11.0,1.0,0.008675141698969685,150,0.2713335156440735,0.4828023314476013,0.0,0.0,11.0,2985,none,B0,sac_her_pickandplace_randomized_2M
sac_her,clean,3,0.0,-146.0,0.0,0.058277690302221,150,1.4688903093338013,1.303505301475525,0.0,0.0,8.0,2986,none,B0,sac_her_pickandplace_randomized_2M
sac_her,clean,3,0.0,-147.0,0.0,0.05078926123182315,150,1.251549482345581,1.2691699266433716,0.0,0.0,99.0,2987,none,B0,sac_her_pickandplace_randomized_2M
sac_her,clean,3,0.0,-16.0,1.0,0.0276827182931106,150,1.883557677268982,1.0827211141586304,0.0,0.0,16.0,2988,none,B0,sac_her_pickandplace_randomized_2M
sac_her,clean,3,0.0,-150.0,0.0,0.34809971692913483,150,0.02876140922307968,1.447238802909851,0.0,0.0,,2989,none,B0,sac_her_pickandplace_randomized_2M
sac_her,clean,3,0.0,-150.0,0.0,0.3281712652057657,150,0.05061625316739082,1.439052700996399,0.0,0.0,,2990,none,B0,sac_her_pickandplace_randomized_2M
sac_her,clean,3,0.0,-51.0,1.0,0.00676454013675733,150,1.6964154243469238,1.6795344352722168,1.0,0.0,5.0,2991,none,B0,sac_her_pickandplace_randomized_2M
sac_her,clean,3,0.0,-150.0,0.0,0.24502586869179394,150,0.03990732133388519,1.2106750011444092,0.0,0.0,,2992,none,B0,sac_her_pickandplace_randomized_2M
sac_her,clean,3,0.0,-23.0,1.0,0.004862500359908762,150,0.30208277702331543,1.1476627588272095,0.0,0.0,23.0,2993,none,B0,sac_her_pickandplace_randomized_2M
sac_her,clean,3,0.0,-14.0,1.0,0.010408141142834943,150,0.22136346995830536,0.41357308626174927,0.0,0.0,14.0,2994,none,B0,sac_her_pickandplace_randomized_2M
sac_her,clean,3,0.0,-7.0,1.0,0.002149988997018475,150,0.14903555810451508,1.1923644542694092,0.0,0.0,7.0,2995,none,B0,sac_her_pickandplace_randomized_2M
sac_her,clean,3,0.0,-15.0,1.0,0.022095743364375572,150,0.24955257773399353,0.7788233160972595,0.0,0.0,15.0,2996,none,B0,sac_her_pickandplace_randomized_2M
sac_her,clean,3,0.0,-2.0,1.0,0.01052994404488353,150,0.18221871554851532,1.248301386833191,0.0,0.0,2.0,2997,none,B0,sac_her_pickandplace_randomized_2M
sac_her,clean,3,0.0,-35.0,1.0,0.017100525573650792,150,0.6958843469619751,1.3743629455566406,1.0,0.0,8.0,2998,none,B0,sac_her_pickandplace_randomized_2M
sac_her,clean,3,0.0,-11.0,1.0,0.015053840526254454,150,1.4545624256134033,1.2304118871688843,0.0,0.0,11.0,2999,none,B0,sac_her_pickandplace_randomized_2M
sac_her_recovery_v2,clean,3,0.0,-7.0,1.0,0.005389956545739592,150,0.2572457790374756,1.153557538986206,0.0,0.0,7.0,3000,v2,B2,sac_her_pickandplace_randomized_2M
sac_her_recovery_v2,clean,3,0.0,-9.0,1.0,0.012153610339712373,150,0.2902856767177582,1.1919736862182617,0.0,0.0,9.0,3001,v2,B2,sac_her_pickandplace_randomized_2M
sac_her_recovery_v2,clean,3,0.0,-17.0,1.0,0.031948375781749985,150,0.19564418494701385,1.1398953199386597,0.0,1.0,17.0,3002,v2,B2,sac_her_pickandplace_randomized_2M
sac_her_recovery_v2,clean,3,0.0,0.0,1.0,0.014978831500371815,150,1.688757061958313,0.9966320991516113,0.0,0.0,0.0,3003,v2,B2,sac_her_pickandplace_randomized_2M
sac_her_recovery_v2,clean,3,0.0,-7.0,1.0,0.013930128499332905,150,0.27829694747924805,1.0027871131896973,0.0,0.0,7.0,3004,v2,B2,sac_her_pickandplace_randomized_2M
sac_her_recovery_v2,clean,3,0.0,-63.0,1.0,0.030791689271243785,150,1.5339804887771606,1.3267110586166382,0.0,1.0,63.0,3005,v2,B2,sac_her_pickandplace_randomized_2M
sac_her_recovery_v2,clean,3,0.0,-20.0,1.0,0.0073341031929215535,150,0.272627055644989,0.4780135154724121,0.0,1.0,20.0,3006,v2,B2,sac_her_pickandplace_randomized_2M
sac_her_recovery_v2,clean,3,0.0,-149.0,0.0,0.06480049843004843,150,2.0124731063842773,1.6125378608703613,1.0,1.0,28.0,3007,v2,B2,sac_her_pickandplace_randomized_2M
sac_her_recovery_v2,clean,3,0.0,-30.0,1.0,0.025959285439187327,150,0.5643402934074402,1.3614619970321655,1.0,1.0,26.0,3008,v2,B2,sac_her_pickandplace_randomized_2M
sac_her_recovery_v2,clean,3,0.0,-70.0,1.0,0.02986400820047994,150,1.2484411001205444,1.1370028257369995,1.0,1.0,70.0,3009,v2,B2,sac_her_pickandplace_randomized_2M
sac_her_recovery_v2,clean,3,0.0,-150.0,0.0,0.21913733826878024,150,0.04929881542921066,1.3065959215164185,0.0,1.0,,3010,v2,B2,sac_her_pickandplace_randomized_2M
sac_her_recovery_v2,clean,3,0.0,-10.0,1.0,0.01987448493165103,150,0.134863942861557,1.2492674589157104,0.0,0.0,10.0,3011,v2,B2,sac_her_pickandplace_randomized_2M
sac_her_recovery_v2,clean,3,0.0,-22.0,1.0,0.028061779129617135,150,1.3653510808944702,0.81588214635849,0.0,1.0,5.0,3012,v2,B2,sac_her_pickandplace_randomized_2M
sac_her_recovery_v2,clean,3,0.0,-150.0,0.0,0.2574102905370639,150,0.05694637820124626,1.0866292715072632,0.0,1.0,,3013,v2,B2,sac_her_pickandplace_randomized_2M
sac_her_recovery_v2,clean,3,0.0,-150.0,0.0,0.1338297412238493,150,0.05067924037575722,1.3980833292007446,0.0,1.0,,3014,v2,B2,sac_her_pickandplace_randomized_2M
sac_her_recovery_v2,clean,3,0.0,-11.0,1.0,0.005460395596966498,150,0.24349334836006165,0.447258859872818,0.0,1.0,11.0,3015,v2,B2,sac_her_pickandplace_randomized_2M
sac_her_recovery_v2,clean,3,0.0,-146.0,0.0,0.058277690302221,150,1.4688903093338013,1.303505301475525,0.0,0.0,8.0,3016,v2,B2,sac_her_pickandplace_randomized_2M
sac_her_recovery_v2,clean,3,0.0,-146.0,0.0,0.059791782148894544,150,1.184072494506836,1.218254566192627,1.0,1.0,57.0,3017,v2,B2,sac_her_pickandplace_randomized_2M
sac_her_recovery_v2,clean,3,0.0,-26.0,1.0,0.034283695651821135,150,0.42867544293403625,1.4138145446777344,0.0,1.0,26.0,3018,v2,B2,sac_her_pickandplace_randomized_2M
sac_her_recovery_v2,clean,3,0.0,-150.0,0.0,0.34809971692913483,150,0.06457189470529556,1.446828842163086,0.0,1.0,,3019,v2,B2,sac_her_pickandplace_randomized_2M
sac_her_recovery_v2,clean,3,0.0,-150.0,0.0,0.3281712652057657,150,0.07663503289222717,1.439657211303711,0.0,1.0,,3020,v2,B2,sac_her_pickandplace_randomized_2M
sac_her_recovery_v2,clean,3,0.0,-50.0,1.0,0.010091116443679356,150,0.4317987859249115,0.6402614116668701,1.0,1.0,5.0,3021,v2,B2,sac_her_pickandplace_randomized_2M
sac_her_recovery_v2,clean,3,0.0,-150.0,0.0,0.24502586869179394,150,0.0550047867000103,1.216673731803894,0.0,1.0,,3022,v2,B2,sac_her_pickandplace_randomized_2M
sac_her_recovery_v2,clean,3,0.0,-14.0,1.0,0.005810620649625765,150,0.2158532440662384,0.9941636323928833,0.0,1.0,14.0,3023,v2,B2,sac_her_pickandplace_randomized_2M
sac_her_recovery_v2,clean,3,0.0,-30.0,1.0,0.0054766899325858496,150,0.5720311403274536,1.2662822008132935,1.0,1.0,21.0,3024,v2,B2,sac_her_pickandplace_randomized_2M
sac_her_recovery_v2,clean,3,0.0,-11.0,1.0,0.00607119953564637,150,0.18456940352916718,0.898413896560669,0.0,1.0,11.0,3025,v2,B2,sac_her_pickandplace_randomized_2M
sac_her_recovery_v2,clean,3,0.0,-88.0,1.0,0.01869380428954266,150,0.5252742767333984,1.4160367250442505,0.0,1.0,88.0,3026,v2,B2,sac_her_pickandplace_randomized_2M
sac_her_recovery_v2,clean,3,0.0,-2.0,1.0,0.01052994404488353,150,0.18221871554851532,1.248301386833191,0.0,0.0,2.0,3027,v2,B2,sac_her_pickandplace_randomized_2M
sac_her_recovery_v2,clean,3,0.0,-18.0,1.0,0.031332735649725295,150,0.7424629330635071,1.1861151456832886,0.0,1.0,8.0,3028,v2,B2,sac_her_pickandplace_randomized_2M
sac_her_recovery_v2,clean,3,0.0,-11.0,1.0,0.015053840526254454,150,1.4545624256134033,1.2304118871688843,0.0,0.0,11.0,3029,v2,B2,sac_her_pickandplace_randomized_2M
sac_her_recovery_v3,clean,3,0.0,-7.0,1.0,0.005389956545739592,150,0.2572457790374756,1.153557538986206,0.0,0.0,7.0,3030,v3,B3,sac_her_pickandplace_randomized_2M
sac_her_recovery_v3,clean,3,0.0,-9.0,1.0,0.012153610339712373,150,0.2902856767177582,1.1919736862182617,0.0,0.0,9.0,3031,v3,B3,sac_her_pickandplace_randomized_2M
sac_her_recovery_v3,clean,3,0.0,-20.0,1.0,0.026981599468965684,150,0.19534820318222046,1.1147648096084595,0.0,1.0,20.0,3032,v3,B3,sac_her_pickandplace_randomized_2M
sac_her_recovery_v3,clean,3,0.0,0.0,1.0,0.014978831500371815,150,1.688757061958313,0.9966320991516113,0.0,0.0,0.0,3033,v3,B3,sac_her_pickandplace_randomized_2M
sac_her_recovery_v3,clean,3,0.0,-7.0,1.0,0.013930128499332905,150,0.27829694747924805,1.0027871131896973,0.0,0.0,7.0,3034,v3,B3,sac_her_pickandplace_randomized_2M
sac_her_recovery_v3,clean,3,0.0,-150.0,0.0,0.25870314616129386,150,0.2744658291339874,1.297633171081543,0.0,1.0,,3035,v3,B3,sac_her_pickandplace_randomized_2M
sac_her_recovery_v3,clean,3,0.0,-43.0,1.0,0.00731793556277807,150,0.1914646029472351,1.032155990600586,0.0,1.0,43.0,3036,v3,B3,sac_her_pickandplace_randomized_2M
sac_her_recovery_v3,clean,3,0.0,-18.0,1.0,0.007535592247185612,150,0.27555838227272034,0.9979682564735413,1.0,1.0,18.0,3037,v3,B3,sac_her_pickandplace_randomized_2M
sac_her_recovery_v3,clean,3,0.0,-30.0,1.0,0.014030488091953662,150,0.5301119089126587,1.4435524940490723,1.0,1.0,26.0,3038,v3,B3,sac_her_pickandplace_randomized_2M
sac_her_recovery_v3,clean,3,0.0,-150.0,0.0,0.279938516178967,150,0.184921532869339,1.3235944509506226,1.0,1.0,,3039,v3,B3,sac_her_pickandplace_randomized_2M
sac_her_recovery_v3,clean,3,0.0,-150.0,0.0,0.21913733826878024,150,0.050046972930431366,1.3018087148666382,0.0,1.0,,3040,v3,B3,sac_her_pickandplace_randomized_2M
sac_her_recovery_v3,clean,3,0.0,-10.0,1.0,0.01987448493165103,150,0.134863942861557,1.2492674589157104,0.0,0.0,10.0,3041,v3,B3,sac_her_pickandplace_randomized_2M
sac_her_recovery_v3,clean,3,0.0,-28.0,1.0,0.03508499695989288,150,1.3725221157073975,1.1117643117904663,0.0,1.0,5.0,3042,v3,B3,sac_her_pickandplace_randomized_2M
sac_her_recovery_v3,clean,3,0.0,-150.0,0.0,0.2574102905370639,150,0.05619538575410843,1.1304271221160889,0.0,1.0,,3043,v3,B3,sac_her_pickandplace_randomized_2M
sac_her_recovery_v3,clean,3,0.0,-150.0,0.0,0.1338297412238493,150,0.048905644565820694,1.3722864389419556,0.0,1.0,,3044,v3,B3,sac_her_pickandplace_randomized_2M
sac_her_recovery_v3,clean,3,0.0,-20.0,1.0,0.0041306330251091004,150,1.6695916652679443,1.6521283388137817,0.0,1.0,11.0,3045,v3,B3,sac_her_pickandplace_randomized_2M
sac_her_recovery_v3,clean,3,0.0,-146.0,0.0,0.058277690302221,150,1.4688903093338013,1.303505301475525,0.0,0.0,8.0,3046,v3,B3,sac_her_pickandplace_randomized_2M
sac_her_recovery_v3,clean,3,0.0,-143.0,0.0,0.054799334164042625,150,2.0769026279449463,1.362178921699524,1.0,1.0,18.0,3047,v3,B3,sac_her_pickandplace_randomized_2M
sac_her_recovery_v3,clean,3,0.0,-146.0,0.0,0.45198953254498125,150,0.5771223306655884,1.4424601793289185,1.0,1.0,28.0,3048,v3,B3,sac_her_pickandplace_randomized_2M
sac_her_recovery_v3,clean,3,0.0,-150.0,0.0,0.34809971692913483,150,0.06580954790115356,1.4438539743423462,0.0,1.0,,3049,v3,B3,sac_her_pickandplace_randomized_2M
sac_her_recovery_v3,clean,3,0.0,-150.0,0.0,0.3281712652057657,150,0.07736438512802124,1.4374369382858276,0.0,1.0,,3050,v3,B3,sac_her_pickandplace_randomized_2M
sac_her_recovery_v3,clean,3,0.0,-140.0,0.0,0.055711114418812366,150,0.8686414957046509,1.4077422618865967,1.0,1.0,5.0,3051,v3,B3,sac_her_pickandplace_randomized_2M
sac_her_recovery_v3,clean,3,0.0,-150.0,0.0,0.24502586869179394,150,0.05385182052850723,1.2251540422439575,0.0,1.0,,3052,v3,B3,sac_her_pickandplace_randomized_2M
sac_her_recovery_v3,clean,3,0.0,-149.0,0.0,0.5663128642896167,150,0.2538819909095764,1.1727256774902344,0.0,1.0,54.0,3053,v3,B3,sac_her_pickandplace_randomized_2M
sac_her_recovery_v3,clean,3,0.0,-134.0,0.0,0.18453755669945504,150,0.423764169216156,1.3781616687774658,1.0,1.0,19.0,3054,v3,B3,sac_her_pickandplace_randomized_2M
sac_her_recovery_v3,clean,3,0.0,-127.0,1.0,0.0016369114227864929,150,0.3086510896682739,1.0648844242095947,0.0,1.0,127.0,3055,v3,B3,sac_her_pickandplace_randomized_2M
sac_her_recovery_v3,clean,3,0.0,-50.0,1.0,0.022860853502962908,150,0.5828084945678711,1.0971421003341675,1.0,1.0,50.0,3056,v3,B3,sac_her_pickandplace_randomized_2M
sac_her_recovery_v3,clean,3,0.0,-2.0,1.0,0.01052994404488353,150,0.18221871554851532,1.248301386833191,0.0,0.0,2.0,3057,v3,B3,sac_her_pickandplace_randomized_2M
sac_her_recovery_v3,clean,3,0.0,-18.0,1.0,0.029632381038146707,150,0.9623076319694519,1.5015400648117065,0.0,1.0,8.0,3058,v3,B3,sac_her_pickandplace_randomized_2M
sac_her_recovery_v3,clean,3,0.0,-11.0,1.0,0.015053840526254454,150,1.4545624256134033,1.2304118871688843,0.0,0.0,11.0,3059,v3,B3,sac_her_pickandplace_randomized_2M
sac_her,sensor_dropout,3,0.0,-150.0,0.0,0.09219203592188295,150,4.000311637497589e-09,1.7796138525009155,0.0,0.0,,3060,none,B1,sac_her_pickandplace_randomized_2M
sac_her,sensor_dropout,3,0.0,-150.0,0.0,0.2163792081030696,150,0.005490479059517384,1.7081822156906128,0.0,0.0,,3061,none,B1,sac_her_pickandplace_randomized_2M
sac_her,sensor_dropout,3,0.0,-150.0,0.0,0.25936077352095194,150,0.0,1.9366129636764526,0.0,0.0,,3062,none,B1,sac_her_pickandplace_randomized_2M
sac_her,sensor_dropout,3,0.0,0.0,1.0,0.0499459820946752,150,2.3325623654812944e-09,1.423990249633789,0.0,0.0,0.0,3063,none,B1,sac_her_pickandplace_randomized_2M
sac_her,sensor_dropout,3,0.0,-150.0,0.0,0.09774689012162328,150,2.912270868904443e-09,1.8606605529785156,0.0,0.0,,3064,none,B1,sac_her_pickandplace_randomized_2M
sac_her,sensor_dropout,3,0.0,-150.0,0.0,0.25870314616129386,150,5.946890979657837e-09,1.439107894897461,0.0,0.0,,3065,none,B1,sac_her_pickandplace_randomized_2M
sac_her,sensor_dropout,3,0.0,-150.0,0.0,0.16981838535846655,150,4.0003117485198914e-10,1.9520835876464844,0.0,0.0,,3066,none,B1,sac_her_pickandplace_randomized_2M
sac_her,sensor_dropout,3,0.0,-150.0,0.0,0.26729827437850046,150,8.168867360325294e-09,1.675567626953125,0.0,0.0,,3067,none,B1,sac_her_pickandplace_randomized_2M
sac_her,sensor_dropout,3,0.0,-150.0,0.0,0.22097983497161036,150,8.000623497039783e-10,1.932254433631897,0.0,0.0,,3068,none,B1,sac_her_pickandplace_randomized_2M
sac_her,sensor_dropout,3,0.0,-150.0,0.0,0.279938516178967,150,1.7889938419557438e-09,1.724639892578125,0.0,0.0,,3069,none,B1,sac_her_pickandplace_randomized_2M
sac_her,sensor_dropout,3,0.0,-150.0,0.0,0.21913733826878024,150,2.2629180751465583e-09,1.414465069770813,0.0,0.0,,3070,none,B1,sac_her_pickandplace_randomized_2M
sac_her,sensor_dropout,3,0.0,-150.0,0.0,0.15291288639432632,150,4.3821222206474886e-09,1.1089234352111816,0.0,0.0,,3071,none,B1,sac_her_pickandplace_randomized_2M
sac_her,sensor_dropout,3,0.0,-150.0,0.0,0.06928466552476888,150,2.800218279475075e-09,1.7867944240570068,0.0,0.0,,3072,none,B1,sac_her_pickandplace_randomized_2M
sac_her,sensor_dropout,3,0.0,-150.0,0.0,0.2574102905370639,150,3.124343450622291e-09,0.8214052319526672,0.0,0.0,,3073,none,B1,sac_her_pickandplace_randomized_2M
sac_her,sensor_dropout,3,0.0,-150.0,0.0,0.1338297412238493,150,1.6971885008487675e-09,1.6777530908584595,0.0,0.0,,3074,none,B1,sac_her_pickandplace_randomized_2M
sac_her,sensor_dropout,3,0.0,-150.0,0.0,0.1459001673444926,150,8.000623497039783e-10,1.948385238647461,0.0,0.0,,3075,none,B1,sac_her_pickandplace_randomized_2M
sac_her,sensor_dropout,3,0.0,-150.0,0.0,0.5753286832901849,150,0.05157347396016121,1.1429051160812378,0.0,0.0,,3076,none,B1,sac_her_pickandplace_randomized_2M
sac_her,sensor_dropout,3,0.0,-150.0,0.0,0.5410649202608492,150,0.033993255347013474,1.2766304016113281,0.0,0.0,,3077,none,B1,sac_her_pickandplace_randomized_2M
sac_her,sensor_dropout,3,0.0,-150.0,0.0,0.1980756682670635,150,5.366981081778022e-09,1.5207293033599854,0.0,0.0,,3078,none,B1,sac_her_pickandplace_randomized_2M
sac_her,sensor_dropout,3,0.0,-150.0,0.0,0.34809971692913483,150,6.835735533172738e-09,1.0545653104782104,0.0,0.0,,3079,none,B1,sac_her_pickandplace_randomized_2M
sac_her,sensor_dropout,3,0.0,-150.0,0.0,0.3281712652057657,150,3.795028735709138e-09,1.3373059034347534,0.0,0.0,,3080,none,B1,sac_her_pickandplace_randomized_2M
sac_her,sensor_dropout,3,0.0,-150.0,0.0,0.07600829314675309,150,0.0,1.982879400253296,0.0,0.0,,3081,none,B1,sac_her_pickandplace_randomized_2M
sac_her,sensor_dropout,3,0.0,-150.0,0.0,0.24502586869179394,150,3.2987415021779043e-09,1.4364768266677856,0.0,0.0,,3082,none,B1,sac_her_pickandplace_randomized_2M
sac_her,sensor_dropout,3,0.0,-150.0,0.0,0.21034659601511566,150,4.9319153205829025e-09,1.4467494487762451,0.0,0.0,,3083,none,B1,sac_her_pickandplace_randomized_2M
sac_her,sensor_dropout,3,0.0,-150.0,0.0,0.16115165410293356,150,1.6001246994079565e-09,1.8840999603271484,0.0,0.0,,3084,none,B1,sac_her_pickandplace_randomized_2M
sac_her,sensor_dropout,3,0.0,-150.0,0.0,0.12365797619705617,150,1.7889938419557438e-09,1.799006700515747,0.0,0.0,,3085,none,B1,sac_her_pickandplace_randomized_2M
sac_her,sensor_dropout,3,0.0,-150.0,0.0,0.27465880273345766,150,9.086961405557759e-09,1.1554089784622192,0.0,0.0,,3086,none,B1,sac_her_pickandplace_randomized_2M
sac_her,sensor_dropout,3,0.0,-150.0,0.0,0.05844361201546392,150,6.800529916972664e-09,1.3413960933685303,0.0,0.0,,3087,none,B1,sac_her_pickandplace_randomized_2M
sac_her,sensor_dropout,3,0.0,-150.0,0.0,0.5897829840463621,150,0.057148221880197525,1.8231121301651,0.0,0.0,,3088,none,B1,sac_her_pickandplace_randomized_2M
sac_her,sensor_dropout,3,0.0,-150.0,0.0,0.2166593825132957,150,0.0,1.9781994819641113,0.0,0.0,,3089,none,B1,sac_her_pickandplace_randomized_2M
sac_her_recovery_v2,sensor_dropout,3,0.0,-150.0,0.0,0.09219203592188295,150,0.02072874829173088,1.7708227634429932,0.0,1.0,,3090,v2,B2,sac_her_pickandplace_randomized_2M
sac_her_recovery_v2,sensor_dropout,3,0.0,-150.0,0.0,0.1373142430875711,150,0.05833734571933746,0.7576449513435364,0.0,1.0,,3091,v2,B2,sac_her_pickandplace_randomized_2M
sac_her_recovery_v2,sensor_dropout,3,0.0,-150.0,0.0,0.25936077352095194,150,0.00979688297957182,1.1197370290756226,0.0,1.0,,3092,v2,B2,sac_her_pickandplace_randomized_2M
sac_her_recovery_v2,sensor_dropout,3,0.0,0.0,1.0,0.0499459820946752,150,0.01736060157418251,1.4161618947982788,0.0,1.0,0.0,3093,v2,B2,sac_her_pickandplace_randomized_2M
sac_her_recovery_v2,sensor_dropout,3,0.0,-150.0,0.0,0.09774689012162328,150,0.010817606002092361,0.5161728858947754,0.0,1.0,,3094,v2,B2,sac_her_pickandplace_randomized_2M
sac_her_recovery_v2,sensor_dropout,3,0.0,-150.0,0.0,0.25870314616129386,150,0.021369697526097298,1.4362553358078003,0.0,1.0,,3095,v2,B2,sac_her_pickandplace_randomized_2M
sac_her_recovery_v2,sensor_dropout,3,0.0,-150.0,0.0,0.16981838535846655,150,0.016213443130254745,0.8711517453193665,0.0,1.0,,3096,v2,B2,sac_her_pickandplace_randomized_2M
sac_her_recovery_v2,sensor_dropout,3,0.0,-150.0,0.0,0.26729827437850046,150,0.024819141253829002,1.6723028421401978,0.0,1.0,,3097,v2,B2,sac_her_pickandplace_randomized_2M
sac_her_recovery_v2,sensor_dropout,3,0.0,-150.0,0.0,0.22097983497161036,150,0.009204821661114693,1.121446132659912,0.0,1.0,,3098,v2,B2,sac_her_pickandplace_randomized_2M
sac_her_recovery_v2,sensor_dropout,3,0.0,-150.0,0.0,0.279938516178967,150,0.013952547684311867,1.7218127250671387,0.0,1.0,,3099,v2,B2,sac_her_pickandplace_randomized_2M
sac_her_recovery_v2,sensor_dropout,3,0.0,-150.0,0.0,0.21913733826878024,150,0.02086438424885273,1.4123399257659912,0.0,1.0,,3100,v2,B2,sac_her_pickandplace_randomized_2M
sac_her_recovery_v2,sensor_dropout,3,0.0,-150.0,0.0,0.15291288639432632,150,0.016508201137185097,1.1066277027130127,0.0,1.0,,3101,v2,B2,sac_her_pickandplace_randomized_2M
sac_her_recovery_v2,sensor_dropout,3,0.0,-150.0,0.0,0.06928466552476888,150,0.026921281591057777,1.7771919965744019,0.0,1.0,,3102,v2,B2,sac_her_pickandplace_randomized_2M
sac_her_recovery_v2,sensor_dropout,3,0.0,-150.0,0.0,0.2574102905370639,150,0.01632416993379593,0.8226991891860962,0.0,1.0,,3103,v2,B2,sac_her_pickandplace_randomized_2M
sac_her_recovery_v2,sensor_dropout,3,0.0,-150.0,0.0,0.1338297412238493,150,0.018929239362478256,1.6710290908813477,0.0,1.0,,3104,v2,B2,sac_her_pickandplace_randomized_2M
sac_her_recovery_v2,sensor_dropout,3,0.0,-150.0,0.0,0.1459001673444926,150,0.0124915586784482,0.7538784742355347,0.0,1.0,,3105,v2,B2,sac_her_pickandplace_randomized_2M
sac_her_recovery_v2,sensor_dropout,3,0.0,-150.0,0.0,0.13925074134205662,150,0.015659481287002563,0.7202560305595398,0.0,1.0,,3106,v2,B2,sac_her_pickandplace_randomized_2M
sac_her_recovery_v2,sensor_dropout,3,0.0,-150.0,0.0,0.5410649202608492,150,0.043131474405527115,1.2690037488937378,0.0,1.0,,3107,v2,B2,sac_her_pickandplace_randomized_2M
sac_her_recovery_v2,sensor_dropout,3,0.0,-150.0,0.0,0.1980756682670635,150,0.019601622596383095,1.5171935558319092,0.0,1.0,,3108,v2,B2,sac_her_pickandplace_randomized_2M
sac_her_recovery_v2,sensor_dropout,3,0.0,-150.0,0.0,0.34809971692913483,150,0.02838784083724022,1.0564197301864624,0.0,1.0,,3109,v2,B2,sac_her_pickandplace_randomized_2M
sac_her_recovery_v2,sensor_dropout,3,0.0,-150.0,0.0,0.3281712652057657,150,0.015281572006642818,1.337456464767456,0.0,1.0,,3110,v2,B2,sac_her_pickandplace_randomized_2M
sac_her_recovery_v2,sensor_dropout,3,0.0,-150.0,0.0,0.07600829314675309,150,0.01166204921901226,0.41209813952445984,0.0,1.0,,3111,v2,B2,sac_her_pickandplace_randomized_2M
sac_her_recovery_v2,sensor_dropout,3,0.0,-150.0,0.0,0.24502586869179394,150,0.021471930667757988,1.4343593120574951,0.0,1.0,,3112,v2,B2,sac_her_pickandplace_randomized_2M
sac_her_recovery_v2,sensor_dropout,3,0.0,-150.0,0.0,0.21034659601511566,150,0.02777966298162937,1.443834662437439,0.0,1.0,,3113,v2,B2,sac_her_pickandplace_randomized_2M
sac_her_recovery_v2,sensor_dropout,3,0.0,-150.0,0.0,0.16115165410293356,150,0.011802023276686668,0.8273249268531799,0.0,1.0,,3114,v2,B2,sac_her_pickandplace_randomized_2M
sac_her_recovery_v2,sensor_dropout,3,0.0,-150.0,0.0,0.12365797619705617,150,0.01881580427289009,1.791135311126709,0.0,1.0,,3115,v2,B2,sac_her_pickandplace_randomized_2M
sac_her_recovery_v2,sensor_dropout,3,0.0,-150.0,0.0,0.27465880273345766,150,0.011880477890372276,1.1554919481277466,0.0,1.0,,3116,v2,B2,sac_her_pickandplace_randomized_2M
sac_her_recovery_v2,sensor_dropout,3,0.0,-150.0,0.0,0.05844361201546392,150,0.019185515120625496,1.3344016075134277,0.0,1.0,,3117,v2,B2,sac_her_pickandplace_randomized_2M
sac_her_recovery_v2,sensor_dropout,3,0.0,-150.0,0.0,0.5897829840463621,150,0.03300957381725311,1.6310510635375977,0.0,1.0,,3118,v2,B2,sac_her_pickandplace_randomized_2M
sac_her_recovery_v2,sensor_dropout,3,0.0,-150.0,0.0,0.2166593825132957,150,0.017755176872015,1.0220872163772583,0.0,1.0,,3119,v2,B2,sac_her_pickandplace_randomized_2M
sac_her_recovery_v3,sensor_dropout,3,0.0,-150.0,0.0,0.09219203592188295,150,0.02072874829173088,1.69170343875885,0.0,1.0,,3120,v3,B3,sac_her_pickandplace_randomized_2M
sac_her_recovery_v3,sensor_dropout,3,0.0,-150.0,0.0,0.19867839980298327,150,0.020585622638463974,1.028313159942627,0.0,1.0,,3121,v3,B3,sac_her_pickandplace_randomized_2M
sac_her_recovery_v3,sensor_dropout,3,0.0,-150.0,0.0,0.25936077352095194,150,0.00979688297957182,1.1197370290756226,0.0,1.0,,3122,v3,B3,sac_her_pickandplace_randomized_2M
sac_her_recovery_v3,sensor_dropout,3,0.0,0.0,1.0,0.0499459820946752,150,0.01736060157418251,1.3457062244415283,0.0,1.0,0.0,3123,v3,B3,sac_her_pickandplace_randomized_2M
sac_her_recovery_v3,sensor_dropout,3,0.0,-150.0,0.0,0.09774689012162328,150,0.010817606002092361,0.5161728858947754,0.0,1.0,,3124,v3,B3,sac_her_pickandplace_randomized_2M
sac_her_recovery_v3,sensor_dropout,3,0.0,-150.0,0.0,0.25870314616129386,150,0.021369697526097298,1.4105831384658813,0.0,1.0,,3125,v3,B3,sac_her_pickandplace_randomized_2M
sac_her_recovery_v3,sensor_dropout,3,0.0,-150.0,0.0,0.16981838535846655,150,0.016213443130254745,0.8711517453193665,0.0,1.0,,3126,v3,B3,sac_her_pickandplace_randomized_2M
sac_her_recovery_v3,sensor_dropout,3,0.0,-150.0,0.0,0.26729827437850046,150,0.024819141253829002,1.642919659614563,0.0,1.0,,3127,v3,B3,sac_her_pickandplace_randomized_2M
sac_her_recovery_v3,sensor_dropout,3,0.0,-150.0,0.0,0.22097983497161036,150,0.009204821661114693,1.121446132659912,0.0,1.0,,3128,v3,B3,sac_her_pickandplace_randomized_2M
sac_her_recovery_v3,sensor_dropout,3,0.0,-150.0,0.0,0.279938516178967,150,0.013952547684311867,1.6963677406311035,0.0,1.0,,3129,v3,B3,sac_her_pickandplace_randomized_2M
sac_her_recovery_v3,sensor_dropout,3,0.0,-150.0,0.0,0.21913733826878024,150,0.02086438424885273,1.4080896377563477,0.0,1.0,,3130,v3,B3,sac_her_pickandplace_randomized_2M
sac_her_recovery_v3,sensor_dropout,3,0.0,-150.0,0.0,0.15291288639432632,150,0.016508201137185097,1.0859662294387817,0.0,1.0,,3131,v3,B3,sac_her_pickandplace_randomized_2M
sac_her_recovery_v3,sensor_dropout,3,0.0,-150.0,0.0,0.06928466552476888,150,0.026921281591057777,1.6907696723937988,0.0,1.0,,3132,v3,B3,sac_her_pickandplace_randomized_2M
sac_her_recovery_v3,sensor_dropout,3,0.0,-150.0,0.0,0.2574102905370639,150,0.01632416993379593,0.8252871632575989,0.0,1.0,,3133,v3,B3,sac_her_pickandplace_randomized_2M
sac_her_recovery_v3,sensor_dropout,3,0.0,-150.0,0.0,0.1338297412238493,150,0.018929239362478256,1.6575809717178345,0.0,1.0,,3134,v3,B3,sac_her_pickandplace_randomized_2M
sac_her_recovery_v3,sensor_dropout,3,0.0,-150.0,0.0,0.1459001673444926,150,0.0124915586784482,0.7538784742355347,0.0,1.0,,3135,v3,B3,sac_her_pickandplace_randomized_2M
sac_her_recovery_v3,sensor_dropout,3,0.0,-150.0,0.0,0.13925074134205662,150,0.015659481287002563,0.7202560305595398,0.0,1.0,,3136,v3,B3,sac_her_pickandplace_randomized_2M
sac_her_recovery_v3,sensor_dropout,3,0.0,-150.0,0.0,0.5410649202608492,150,0.042925119400024414,1.2753936052322388,0.0,1.0,,3137,v3,B3,sac_her_pickandplace_randomized_2M
sac_her_recovery_v3,sensor_dropout,3,0.0,-150.0,0.0,0.1980756682670635,150,0.019601622596383095,1.485372543334961,0.0,1.0,,3138,v3,B3,sac_her_pickandplace_randomized_2M
sac_her_recovery_v3,sensor_dropout,3,0.0,-150.0,0.0,0.34809971692913483,150,0.02838784083724022,1.0601284503936768,0.0,1.0,,3139,v3,B3,sac_her_pickandplace_randomized_2M
sac_her_recovery_v3,sensor_dropout,3,0.0,-150.0,0.0,0.3281712652057657,150,0.015281572006642818,1.3377575874328613,0.0,1.0,,3140,v3,B3,sac_her_pickandplace_randomized_2M
sac_her_recovery_v3,sensor_dropout,3,0.0,-150.0,0.0,0.07600829314675309,150,0.01166204921901226,0.41209813952445984,0.0,1.0,,3141,v3,B3,sac_her_pickandplace_randomized_2M
sac_her_recovery_v3,sensor_dropout,3,0.0,-150.0,0.0,0.24502586869179394,150,0.021471930667757988,1.430124282836914,0.0,1.0,,3142,v3,B3,sac_her_pickandplace_randomized_2M
sac_her_recovery_v3,sensor_dropout,3,0.0,-150.0,0.0,0.21034659601511566,150,0.02777966298162937,1.4176007509231567,0.0,1.0,,3143,v3,B3,sac_her_pickandplace_randomized_2M
sac_her_recovery_v3,sensor_dropout,3,0.0,-150.0,0.0,0.16115165410293356,150,0.011802023276686668,0.8273249268531799,0.0,1.0,,3144,v3,B3,sac_her_pickandplace_randomized_2M
sac_her_recovery_v3,sensor_dropout,3,0.0,-150.0,0.0,0.12365797619705617,150,0.01881580427289009,1.7202922105789185,0.0,1.0,,3145,v3,B3,sac_her_pickandplace_randomized_2M
sac_her_recovery_v3,sensor_dropout,3,0.0,-150.0,0.0,0.27465880273345766,150,0.011880477890372276,1.1562390327453613,0.0,1.0,,3146,v3,B3,sac_her_pickandplace_randomized_2M
sac_her_recovery_v3,sensor_dropout,3,0.0,-150.0,0.0,0.05844361201546392,150,0.019185515120625496,1.2714507579803467,0.0,1.0,,3147,v3,B3,sac_her_pickandplace_randomized_2M
sac_her_recovery_v3,sensor_dropout,3,0.0,-150.0,0.0,0.5897829840463621,150,0.03300957381725311,1.6310510635375977,0.0,1.0,,3148,v3,B3,sac_her_pickandplace_randomized_2M
sac_her_recovery_v3,sensor_dropout,3,0.0,-150.0,0.0,0.2166593825132957,150,0.017755176872015,1.0220872163772583,0.0,1.0,,3149,v3,B3,sac_her_pickandplace_randomized_2M
sac_her,sensor_bias,3,0.1,-150.0,0.0,0.09219203592188295,150,0.03435488045215607,1.1738146543502808,0.0,0.0,,3150,none,B1,sac_her_pickandplace_randomized_2M
sac_her,sensor_bias,3,0.1,-150.0,0.0,0.17131165158603956,150,1.7324626445770264,1.3934435844421387,0.0,0.0,,3151,none,B1,sac_her_pickandplace_randomized_2M
sac_her,sensor_bias,3,0.1,-150.0,0.0,0.25936077352095194,150,0.07361309975385666,1.5005756616592407,0.0,0.0,,3152,none,B1,sac_her_pickandplace_randomized_2M
sac_her,sensor_bias,3,0.1,0.0,1.0,0.0499459820946752,150,0.03344673663377762,0.911739706993103,0.0,0.0,0.0,3153,none,B1,sac_her_pickandplace_randomized_2M
sac_her,sensor_bias,3,0.1,-150.0,0.0,0.08984437244099126,150,0.09629159420728683,0.9475606083869934,0.0,0.0,,3154,none,B1,sac_her_pickandplace_randomized_2M
sac_her,sensor_bias,3,0.1,-150.0,0.0,0.25870314616129386,150,3.059091329574585,1.8796459436416626,1.0,0.0,,3155,none,B1,sac_her_pickandplace_randomized_2M
sac_her,sensor_bias,3,0.1,-150.0,0.0,0.16981838535846655,150,0.04937657713890076,1.157503366470337,0.0,0.0,,3156,none,B1,sac_her_pickandplace_randomized_2M
sac_her,sensor_bias,3,0.1,-14.0,1.0,0.0057612958202024,150,0.08453696966171265,1.0624637603759766,0.0,0.0,14.0,3157,none,B1,sac_her_pickandplace_randomized_2M
sac_her,sensor_bias,3,0.1,-150.0,0.0,0.22097983497161036,150,1.7656608819961548,1.6312044858932495,0.0,0.0,,3158,none,B1,sac_her_pickandplace_randomized_2M
sac_her,sensor_bias,3,0.1,-150.0,0.0,0.279938516178967,150,2.8074984550476074,1.7579748630523682,1.0,0.0,,3159,none,B1,sac_her_pickandplace_randomized_2M
sac_her,sensor_bias,3,0.1,-150.0,0.0,0.21913733826878024,150,0.0601547472178936,1.4955660104751587,0.0,0.0,,3160,none,B1,sac_her_pickandplace_randomized_2M
sac_her,sensor_bias,3,0.1,-150.0,0.0,0.15291288639432632,150,0.05204146355390549,1.2544033527374268,0.0,0.0,,3161,none,B1,sac_her_pickandplace_randomized_2M
sac_her,sensor_bias,3,0.1,-150.0,0.0,0.05810579891931372,150,0.17303811013698578,1.1053768396377563,0.0,0.0,,3162,none,B1,sac_her_pickandplace_randomized_2M
sac_her,sensor_bias,3,0.1,-150.0,0.0,0.2574102905370639,150,0.0180768221616745,1.9220134019851685,0.0,0.0,,3163,none,B1,sac_her_pickandplace_randomized_2M
sac_her,sensor_bias,3,0.1,-150.0,0.0,0.1338297412238493,150,0.057855527848005295,1.4522382020950317,0.0,0.0,,3164,none,B1,sac_her_pickandplace_randomized_2M
sac_her,sensor_bias,3,0.1,-150.0,0.0,0.1459001673444926,150,0.04368972033262253,1.7409371137619019,0.0,0.0,,3165,none,B1,sac_her_pickandplace_randomized_2M
sac_her,sensor_bias,3,0.1,-150.0,0.0,0.05839183584886807,150,0.22485315799713135,1.3195480108261108,0.0,0.0,,3166,none,B1,sac_her_pickandplace_randomized_2M
sac_her,sensor_bias,3,0.1,-150.0,0.0,0.18752370611649097,150,0.18368086218833923,0.6430671215057373,0.0,0.0,,3167,none,B1,sac_her_pickandplace_randomized_2M
sac_her,sensor_bias,3,0.1,-150.0,0.0,0.1980756682670635,150,0.03761227801442146,1.3454211950302124,0.0,0.0,,3168,none,B1,sac_her_pickandplace_randomized_2M
sac_her,sensor_bias,3,0.1,-150.0,0.0,0.34809971692913483,150,0.02973281219601631,1.5744056701660156,0.0,0.0,,3169,none,B1,sac_her_pickandplace_randomized_2M
sac_her,sensor_bias,3,0.1,-150.0,0.0,0.3281712652057657,150,0.02265428937971592,1.6044608354568481,0.0,0.0,,3170,none,B1,sac_her_pickandplace_randomized_2M
sac_her,sensor_bias,3,0.1,-150.0,0.0,0.5810665927532352,150,0.12435595691204071,1.8002952337265015,0.0,0.0,,3171,none,B1,sac_her_pickandplace_randomized_2M
sac_her,sensor_bias,3,0.1,-150.0,0.0,0.24502586869179394,150,0.02018830180168152,1.504571795463562,0.0,0.0,,3172,none,B1,sac_her_pickandplace_randomized_2M
sac_her,sensor_bias,3,0.1,-150.0,0.0,0.21034659601511566,150,0.8125249743461609,1.2920966148376465,0.0,0.0,,3173,none,B1,sac_her_pickandplace_randomized_2M
sac_her,sensor_bias,3,0.1,-150.0,0.0,0.16115165410293356,150,0.018931983038783073,1.0449947118759155,0.0,0.0,,3174,none,B1,sac_her_pickandplace_randomized_2M
sac_her,sensor_bias,3,0.1,-150.0,0.0,0.12365797619705617,150,0.14615124464035034,1.0592952966690063,0.0,0.0,,3175,none,B1,sac_her_pickandplace_randomized_2M
sac_her,sensor_bias,3,0.1,-150.0,0.0,0.27465880273345766,150,2.023286819458008,1.2578715085983276,0.0,0.0,,3176,none,B1,sac_her_pickandplace_randomized_2M
sac_her,sensor_bias,3,0.1,-150.0,0.0,0.09835818820635013,150,0.1507454365491867,1.5091253519058228,0.0,0.0,,3177,none,B1,sac_her_pickandplace_randomized_2M
sac_her,sensor_bias,3,0.1,-150.0,0.0,0.0973883123062769,150,0.08613411337137222,1.321598768234253,0.0,0.0,,3178,none,B1,sac_her_pickandplace_randomized_2M
sac_her,sensor_bias,3,0.1,-150.0,0.0,0.2166593825132957,150,0.04389675334095955,0.9334866404533386,0.0,0.0,,3179,none,B1,sac_her_pickandplace_randomized_2M
sac_her_recovery_v2,sensor_bias,3,0.1,-150.0,0.0,0.09219203592188295,150,0.11431574821472168,1.2963486909866333,0.0,1.0,,3180,v2,B2,sac_her_pickandplace_randomized_2M
sac_her_recovery_v2,sensor_bias,3,0.1,-150.0,0.0,0.17131165158603956,150,0.04337068647146225,1.0619537830352783,0.0,1.0,,3181,v2,B2,sac_her_pickandplace_randomized_2M
sac_her_recovery_v2,sensor_bias,3,0.1,-150.0,0.0,0.25936077352095194,150,0.4149225354194641,1.5541670322418213,0.0,1.0,,3182,v2,B2,sac_her_pickandplace_randomized_2M
sac_her_recovery_v2,sensor_bias,3,0.1,-147.0,0.0,0.05912019042058534,150,0.27459731698036194,1.54401433467865,0.0,1.0,0.0,3183,v2,B2,sac_her_pickandplace_randomized_2M
sac_her_recovery_v2,sensor_bias,3,0.1,-36.0,1.0,0.044633153816301355,150,0.3861461877822876,0.8961548805236816,0.0,1.0,36.0,3184,v2,B2,sac_her_pickandplace_randomized_2M
sac_her_recovery_v2,sensor_bias,3,0.1,-150.0,0.0,0.25870314616129386,150,0.6151919960975647,1.540434718132019,0.0,1.0,,3185,v2,B2,sac_her_pickandplace_randomized_2M
sac_her_recovery_v2,sensor_bias,3,0.1,-150.0,0.0,0.16031919497430688,150,0.11023123562335968,1.0446032285690308,0.0,1.0,,3186,v2,B2,sac_her_pickandplace_randomized_2M
sac_her_recovery_v2,sensor_bias,3,0.1,-150.0,0.0,0.4195329585398337,150,0.16285741329193115,1.4449353218078613,1.0,1.0,,3187,v2,B2,sac_her_pickandplace_randomized_2M
sac_her_recovery_v2,sensor_bias,3,0.1,-150.0,0.0,0.2599169236331965,150,0.9191333055496216,1.6346087455749512,1.0,1.0,,3188,v2,B2,sac_her_pickandplace_randomized_2M
sac_her_recovery_v2,sensor_bias,3,0.1,-150.0,0.0,0.279938516178967,150,0.31612318754196167,1.4767502546310425,0.0,1.0,,3189,v2,B2,sac_her_pickandplace_randomized_2M
sac_her_recovery_v2,sensor_bias,3,0.1,-150.0,0.0,0.21913733826878024,150,0.8648218512535095,1.5635606050491333,0.0,1.0,,3190,v2,B2,sac_her_pickandplace_randomized_2M
sac_her_recovery_v2,sensor_bias,3,0.1,-150.0,0.0,0.15291288639432632,150,0.07546961307525635,1.4982136487960815,0.0,1.0,,3191,v2,B2,sac_her_pickandplace_randomized_2M
sac_her_recovery_v2,sensor_bias,3,0.1,-150.0,0.0,0.06928466552476888,150,1.118146300315857,0.8220227360725403,0.0,1.0,,3192,v2,B2,sac_her_pickandplace_randomized_2M
sac_her_recovery_v2,sensor_bias,3,0.1,-150.0,0.0,0.2574102905370639,150,0.05229901149868965,1.394136905670166,0.0,1.0,,3193,v2,B2,sac_her_pickandplace_randomized_2M
sac_her_recovery_v2,sensor_bias,3,0.1,-150.0,0.0,0.16214468533548163,150,0.1186528205871582,1.4181979894638062,0.0,1.0,,3194,v2,B2,sac_her_pickandplace_randomized_2M
sac_her_recovery_v2,sensor_bias,3,0.1,-150.0,0.0,0.1459001673444926,150,0.07029277086257935,1.4415919780731201,0.0,1.0,,3195,v2,B2,sac_her_pickandplace_randomized_2M
sac_her_recovery_v2,sensor_bias,3,0.1,-150.0,0.0,0.13925074134205662,150,1.3992749452590942,1.2033461332321167,0.0,1.0,,3196,v2,B2,sac_her_pickandplace_randomized_2M
sac_her_recovery_v2,sensor_bias,3,0.1,-150.0,0.0,0.18622594566771983,150,2.3091323375701904,1.5647341012954712,0.0,1.0,,3197,v2,B2,sac_her_pickandplace_randomized_2M
sac_her_recovery_v2,sensor_bias,3,0.1,-150.0,0.0,0.500974062629169,150,0.2895098328590393,1.429906964302063,0.0,1.0,,3198,v2,B2,sac_her_pickandplace_randomized_2M
sac_her_recovery_v2,sensor_bias,3,0.1,-150.0,0.0,0.34809971692913483,150,0.08109759539365768,1.4547269344329834,0.0,1.0,,3199,v2,B2,sac_her_pickandplace_randomized_2M
sac_her_recovery_v2,sensor_bias,3,0.1,-150.0,0.0,0.3281712652057657,150,0.039058975875377655,1.476689100265503,0.0,1.0,,3200,v2,B2,sac_her_pickandplace_randomized_2M
sac_her_recovery_v2,sensor_bias,3,0.1,-150.0,0.0,0.07600829314675309,150,0.10321909934282303,1.136695384979248,0.0,1.0,,3201,v2,B2,sac_her_pickandplace_randomized_2M
sac_her_recovery_v2,sensor_bias,3,0.1,-150.0,0.0,0.24502586869179394,150,0.39330562949180603,1.570790410041809,0.0,1.0,,3202,v2,B2,sac_her_pickandplace_randomized_2M
sac_her_recovery_v2,sensor_bias,3,0.1,-150.0,0.0,0.21034659601511566,150,2.8613662719726562,1.5338480472564697,1.0,1.0,,3203,v2,B2,sac_her_pickandplace_randomized_2M
sac_her_recovery_v2,sensor_bias,3,0.1,-150.0,0.0,0.16115165410293356,150,0.06325692683458328,1.4226566553115845,0.0,1.0,,3204,v2,B2,sac_her_pickandplace_randomized_2M
sac_her_recovery_v2,sensor_bias,3,0.1,-150.0,0.0,0.12365797619705617,150,0.053318943828344345,1.0410913228988647,0.0,1.0,,3205,v2,B2,sac_her_pickandplace_randomized_2M
sac_her_recovery_v2,sensor_bias,3,0.1,-150.0,0.0,0.27465880273345766,150,0.27919507026672363,1.4396789073944092,0.0,1.0,,3206,v2,B2,sac_her_pickandplace_randomized_2M
sac_her_recovery_v2,sensor_bias,3,0.1,-150.0,0.0,0.05844361201546392,150,0.05146731808781624,1.4063835144042969,0.0,1.0,,3207,v2,B2,sac_her_pickandplace_randomized_2M
sac_her_recovery_v2,sensor_bias,3,0.1,-150.0,0.0,0.0973883123062769,150,0.10195902734994888,1.359643816947937,0.0,1.0,,3208,v2,B2,sac_her_pickandplace_randomized_2M
sac_her_recovery_v2,sensor_bias,3,0.1,-150.0,0.0,0.1779473255904334,150,0.13946300745010376,1.279876947402954,0.0,1.0,,3209,v2,B2,sac_her_pickandplace_randomized_2M
sac_her_recovery_v3,sensor_bias,3,0.1,-150.0,0.0,0.21232192636218375,150,0.2396564930677414,1.2282177209854126,1.0,1.0,,3210,v3,B3,sac_her_pickandplace_randomized_2M
sac_her_recovery_v3,sensor_bias,3,0.1,-150.0,0.0,0.17131165158603956,150,2.621945381164551,1.3935869932174683,0.0,1.0,,3211,v3,B3,sac_her_pickandplace_randomized_2M
sac_her_recovery_v3,sensor_bias,3,0.1,-150.0,0.0,0.22012779994345166,150,0.49200889468193054,1.365858554840088,0.0,1.0,,3212,v3,B3,sac_her_pickandplace_randomized_2M
sac_her_recovery_v3,sensor_bias,3,0.1,0.0,1.0,0.0499459820946752,150,0.0492912232875824,0.8311551809310913,0.0,1.0,0.0,3213,v3,B3,sac_her_pickandplace_randomized_2M
sac_her_recovery_v3,sensor_bias,3,0.1,-150.0,0.0,0.09774689012162328,150,0.19047914445400238,1.1210036277770996,0.0,1.0,,3214,v3,B3,sac_her_pickandplace_randomized_2M
sac_her_recovery_v3,sensor_bias,3,0.1,-150.0,0.0,0.25870314616129386,150,0.17785769701004028,1.1408636569976807,0.0,1.0,,3215,v3,B3,sac_her_pickandplace_randomized_2M
sac_her_recovery_v3,sensor_bias,3,0.1,-150.0,0.0,0.16981838535846655,150,1.218570590019226,1.043339490890503,0.0,1.0,,3216,v3,B3,sac_her_pickandplace_randomized_2M
sac_her_recovery_v3,sensor_bias,3,0.1,-150.0,0.0,0.25712323066190224,150,0.11295008659362793,1.414784550666809,0.0,1.0,,3217,v3,B3,sac_her_pickandplace_randomized_2M
sac_her_recovery_v3,sensor_bias,3,0.1,-150.0,0.0,0.16179952279423446,150,0.17518891394138336,1.092451572418213,0.0,1.0,,3218,v3,B3,sac_her_pickandplace_randomized_2M
sac_her_recovery_v3,sensor_bias,3,0.1,-150.0,0.0,0.279938516178967,150,0.04262017458677292,1.690381407737732,0.0,1.0,,3219,v3,B3,sac_her_pickandplace_randomized_2M
sac_her_recovery_v3,sensor_bias,3,0.1,-150.0,0.0,0.21913733826878024,150,0.34227070212364197,1.3771153688430786,0.0,1.0,,3220,v3,B3,sac_her_pickandplace_randomized_2M
sac_her_recovery_v3,sensor_bias,3,0.1,-150.0,0.0,0.15291288639432632,150,1.8193424940109253,1.2251795530319214,0.0,1.0,,3221,v3,B3,sac_her_pickandplace_randomized_2M
sac_her_recovery_v3,sensor_bias,3,0.1,-150.0,0.0,0.06928466552476888,150,0.08609788119792938,1.4827184677124023,0.0,1.0,,3222,v3,B3,sac_her_pickandplace_randomized_2M
sac_her_recovery_v3,sensor_bias,3,0.1,-150.0,0.0,0.2574102905370639,150,0.05644242838025093,1.3730672597885132,0.0,1.0,,3223,v3,B3,sac_her_pickandplace_randomized_2M
sac_her_recovery_v3,sensor_bias,3,0.1,-150.0,0.0,0.1338297412238493,150,0.1194661557674408,1.4174546003341675,0.0,1.0,,3224,v3,B3,sac_her_pickandplace_randomized_2M
sac_her_recovery_v3,sensor_bias,3,0.1,-150.0,0.0,0.1459001673444926,150,0.22358354926109314,0.5828447937965393,0.0,1.0,,3225,v3,B3,sac_her_pickandplace_randomized_2M
sac_her_recovery_v3,sensor_bias,3,0.1,-150.0,0.0,0.43927994170226714,150,0.1947215497493744,1.5682893991470337,0.0,1.0,,3226,v3,B3,sac_her_pickandplace_randomized_2M
sac_her_recovery_v3,sensor_bias,3,0.1,-150.0,0.0,0.18752370611649097,150,0.06148480996489525,1.2986043691635132,0.0,1.0,,3227,v3,B3,sac_her_pickandplace_randomized_2M
sac_her_recovery_v3,sensor_bias,3,0.1,-150.0,0.0,0.19834242540569413,150,0.06373358517885208,1.0345286130905151,0.0,1.0,,3228,v3,B3,sac_her_pickandplace_randomized_2M
sac_her_recovery_v3,sensor_bias,3,0.1,-150.0,0.0,0.34809971692913483,150,0.04594681039452553,1.6770259141921997,0.0,1.0,,3229,v3,B3,sac_her_pickandplace_randomized_2M
sac_her_recovery_v3,sensor_bias,3,0.1,-150.0,0.0,0.3281712652057657,150,0.06283149868249893,1.652974247932434,0.0,1.0,,3230,v3,B3,sac_her_pickandplace_randomized_2M
sac_her_recovery_v3,sensor_bias,3,0.1,-150.0,0.0,0.07600829314675309,150,0.07859940081834793,1.410807490348816,0.0,1.0,,3231,v3,B3,sac_her_pickandplace_randomized_2M
sac_her_recovery_v3,sensor_bias,3,0.1,-150.0,0.0,0.24502586869179394,150,0.02282760664820671,1.4314032793045044,0.0,1.0,,3232,v3,B3,sac_her_pickandplace_randomized_2M
sac_her_recovery_v3,sensor_bias,3,0.1,-150.0,0.0,0.21034659601511566,150,0.33235204219818115,1.2242456674575806,0.0,1.0,,3233,v3,B3,sac_her_pickandplace_randomized_2M
sac_her_recovery_v3,sensor_bias,3,0.1,-150.0,0.0,0.054764143534683896,150,1.9516675472259521,1.4940565824508667,1.0,1.0,,3234,v3,B3,sac_her_pickandplace_randomized_2M
sac_her_recovery_v3,sensor_bias,3,0.1,-12.0,1.0,0.01584390155236077,150,0.20290715992450714,1.024996042251587,0.0,1.0,12.0,3235,v3,B3,sac_her_pickandplace_randomized_2M
sac_her_recovery_v3,sensor_bias,3,0.1,-150.0,0.0,0.27465880273345766,150,0.15346486866474152,1.4706379175186157,0.0,1.0,,3236,v3,B3,sac_her_pickandplace_randomized_2M
sac_her_recovery_v3,sensor_bias,3,0.1,-150.0,0.0,0.05844361201546392,150,0.17045444250106812,0.9393697381019592,0.0,1.0,,3237,v3,B3,sac_her_pickandplace_randomized_2M
sac_her_recovery_v3,sensor_bias,3,0.1,-150.0,0.0,0.0973883123062769,150,0.08728329092264175,1.284209132194519,0.0,1.0,,3238,v3,B3,sac_her_pickandplace_randomized_2M
sac_her_recovery_v3,sensor_bias,3,0.1,-150.0,0.0,0.22069009063284264,150,0.43466222286224365,1.3596099615097046,1.0,1.0,,3239,v3,B3,sac_her_pickandplace_randomized_2M
sac_her,action_clipping,3,0.3,-63.0,1.0,0.020138015069476968,150,0.15476299822330475,0.5629715919494629,0.0,0.0,31.0,3240,none,B1,sac_her_pickandplace_randomized_2M
sac_her,action_clipping,3,0.3,-16.0,1.0,0.016884277510545293,150,0.0627596452832222,0.3558829128742218,0.0,0.0,16.0,3241,none,B1,sac_her_pickandplace_randomized_2M
sac_her,action_clipping,3,0.3,-59.0,1.0,0.0288077286956325,150,0.6791277527809143,0.5595922470092773,0.0,0.0,59.0,3242,none,B1,sac_her_pickandplace_randomized_2M
sac_her,action_clipping,3,0.3,0.0,1.0,0.019075278583456024,150,0.05119915306568146,0.3269764184951782,0.0,0.0,0.0,3243,none,B1,sac_her_pickandplace_randomized_2M
sac_her,action_clipping,3,0.3,-37.0,1.0,0.0202396478450934,150,0.4193194806575775,0.43140071630477905,0.0,0.0,37.0,3244,none,B1,sac_her_pickandplace_randomized_2M
sac_her,action_clipping,3,0.3,-75.0,1.0,0.011965166877313178,150,0.26465779542922974,0.5162559747695923,0.0,0.0,75.0,3245,none,B1,sac_her_pickandplace_randomized_2M
sac_her,action_clipping,3,0.3,-32.0,1.0,0.016741348876630043,150,0.09138012677431107,0.4722844064235687,0.0,0.0,32.0,3246,none,B1,sac_her_pickandplace_randomized_2M
sac_her,action_clipping,3,0.3,-150.0,0.0,0.26729827437850046,150,0.9583451151847839,0.5891290307044983,0.0,0.0,,3247,none,B1,sac_her_pickandplace_randomized_2M
sac_her,action_clipping,3,0.3,-45.0,1.0,0.026363097183485493,150,0.09005539119243622,0.45244938135147095,0.0,0.0,45.0,3248,none,B1,sac_her_pickandplace_randomized_2M
sac_her,action_clipping,3,0.3,-150.0,0.0,0.37900570142629886,150,0.8841585516929626,0.5848922729492188,0.0,0.0,,3249,none,B1,sac_her_pickandplace_randomized_2M
sac_her,action_clipping,3,0.3,-150.0,0.0,0.21913733826878024,150,0.011704101227223873,0.5711835622787476,0.0,0.0,,3250,none,B1,sac_her_pickandplace_randomized_2M
sac_her,action_clipping,3,0.3,-34.0,1.0,0.013490174264711555,150,0.6324940919876099,0.5745362639427185,0.0,0.0,34.0,3251,none,B1,sac_her_pickandplace_randomized_2M
sac_her,action_clipping,3,0.3,-35.0,1.0,0.027999498554934305,150,0.631574809551239,0.5579304099082947,0.0,0.0,35.0,3252,none,B1,sac_her_pickandplace_randomized_2M
sac_her,action_clipping,3,0.3,-150.0,0.0,0.2574102905370639,150,0.015157712623476982,0.5680668354034424,0.0,0.0,,3253,none,B1,sac_her_pickandplace_randomized_2M
sac_her,action_clipping,3,0.3,-150.0,0.0,0.1338297412238493,150,0.016012631356716156,0.5473186373710632,0.0,0.0,,3254,none,B1,sac_her_pickandplace_randomized_2M
sac_her,action_clipping,3,0.3,-26.0,1.0,0.02880242385683141,150,0.05793263018131256,0.3632687032222748,0.0,0.0,26.0,3255,none,B1,sac_her_pickandplace_randomized_2M
sac_her,action_clipping,3,0.3,-41.0,1.0,0.034820580833625235,150,0.6355750560760498,0.5631922483444214,0.0,0.0,41.0,3256,none,B1,sac_her_pickandplace_randomized_2M
sac_her,action_clipping,3,0.3,-27.0,1.0,0.03945925288801012,150,0.9055780172348022,0.5914087891578674,0.0,0.0,26.0,3257,none,B1,sac_her_pickandplace_randomized_2M
sac_her,action_clipping,3,0.3,-28.0,1.0,0.026346025481903953,150,0.07898643612861633,0.3736167252063751,0.0,0.0,28.0,3258,none,B1,sac_her_pickandplace_randomized_2M
sac_her,action_clipping,3,0.3,-150.0,0.0,0.34809971692913483,150,0.01299636997282505,0.5754593014717102,0.0,0.0,,3259,none,B1,sac_her_pickandplace_randomized_2M
sac_her,action_clipping,3,0.3,-150.0,0.0,0.3281712652057657,150,0.014135587960481644,0.5562940239906311,0.0,0.0,,3260,none,B1,sac_her_pickandplace_randomized_2M
sac_her,action_clipping,3,0.3,-17.0,1.0,0.04937822577348619,150,0.6778221130371094,0.5619314312934875,0.0,0.0,17.0,3261,none,B1,sac_her_pickandplace_randomized_2M
sac_her,action_clipping,3,0.3,-150.0,0.0,0.24502586869179394,150,0.00795206893235445,0.5514261722564697,0.0,0.0,,3262,none,B1,sac_her_pickandplace_randomized_2M
sac_her,action_clipping,3,0.3,-35.0,1.0,0.020432019356051937,150,0.659346342086792,0.5767796635627747,0.0,0.0,35.0,3263,none,B1,sac_her_pickandplace_randomized_2M
sac_her,action_clipping,3,0.3,-31.0,1.0,0.019780441434898325,150,0.13108108937740326,0.3827161192893982,0.0,0.0,31.0,3264,none,B1,sac_her_pickandplace_randomized_2M
sac_her,action_clipping,3,0.3,-31.0,1.0,0.00316944811577143,150,0.42455077171325684,0.52639240026474,0.0,0.0,31.0,3265,none,B1,sac_her_pickandplace_randomized_2M
sac_her,action_clipping,3,0.3,-43.0,1.0,0.011515172353389974,150,0.18699219822883606,0.4951765835285187,0.0,0.0,43.0,3266,none,B1,sac_her_pickandplace_randomized_2M
sac_her,action_clipping,3,0.3,-17.0,1.0,0.028361724312489744,150,0.109174944460392,0.3484947979450226,0.0,0.0,17.0,3267,none,B1,sac_her_pickandplace_randomized_2M
sac_her,action_clipping,3,0.3,-149.0,0.0,0.05404866124536783,150,0.9321706891059875,0.5659892559051514,0.0,0.0,119.0,3268,none,B1,sac_her_pickandplace_randomized_2M
sac_her,action_clipping,3,0.3,-31.0,1.0,0.0017841710362186806,150,0.6016569137573242,0.5467268824577332,0.0,0.0,31.0,3269,none,B1,sac_her_pickandplace_randomized_2M
sac_her_recovery_v2,action_clipping,3,0.3,-133.0,0.0,0.0907155737804937,150,0.5248739123344421,0.5651269555091858,0.0,1.0,19.0,3270,v2,B2,sac_her_pickandplace_randomized_2M
sac_her_recovery_v2,action_clipping,3,0.3,-56.0,1.0,0.028447909254293285,150,0.24724465608596802,0.5061445236206055,0.0,1.0,56.0,3271,v2,B2,sac_her_pickandplace_randomized_2M
sac_her_recovery_v2,action_clipping,3,0.3,-64.0,1.0,0.02611010283536374,150,0.26725268363952637,0.5630919337272644,0.0,1.0,64.0,3272,v2,B2,sac_her_pickandplace_randomized_2M
sac_her_recovery_v2,action_clipping,3,0.3,0.0,1.0,0.024572818694615826,150,0.05538085848093033,0.33433836698532104,0.0,1.0,0.0,3273,v2,B2,sac_her_pickandplace_randomized_2M
sac_her_recovery_v2,action_clipping,3,0.3,-34.0,1.0,0.03323224109860462,150,0.6017537117004395,0.47320663928985596,0.0,1.0,34.0,3274,v2,B2,sac_her_pickandplace_randomized_2M
sac_her_recovery_v2,action_clipping,3,0.3,-147.0,0.0,0.052490455883079185,150,0.32562482357025146,0.6102442741394043,0.0,1.0,140.0,3275,v2,B2,sac_her_pickandplace_randomized_2M
sac_her_recovery_v2,action_clipping,3,0.3,-24.0,1.0,0.009009431804247582,150,0.10068760812282562,0.4494328200817108,0.0,1.0,24.0,3276,v2,B2,sac_her_pickandplace_randomized_2M
sac_her_recovery_v2,action_clipping,3,0.3,-67.0,1.0,0.013258192365065015,150,0.5746345520019531,0.5698220729827881,0.0,1.0,67.0,3277,v2,B2,sac_her_pickandplace_randomized_2M
sac_her_recovery_v2,action_clipping,3,0.3,-46.0,1.0,0.02747964851632468,150,0.29741090536117554,0.5672491788864136,0.0,1.0,46.0,3278,v2,B2,sac_her_pickandplace_randomized_2M
sac_her_recovery_v2,action_clipping,3,0.3,-37.0,1.0,0.013974503013735389,150,0.6411211490631104,0.5735257863998413,0.0,1.0,37.0,3279,v2,B2,sac_her_pickandplace_randomized_2M
sac_her_recovery_v2,action_clipping,3,0.3,-150.0,0.0,0.21913733826878024,150,0.02013327367603779,0.5533350110054016,0.0,1.0,,3280,v2,B2,sac_her_pickandplace_randomized_2M
sac_her_recovery_v2,action_clipping,3,0.3,-33.0,1.0,0.012211007264213213,150,0.6640412211418152,0.5765659809112549,0.0,1.0,33.0,3281,v2,B2,sac_her_pickandplace_randomized_2M
sac_her_recovery_v2,action_clipping,3,0.3,-23.0,1.0,0.022325814862549562,150,0.5926274061203003,0.5244431495666504,0.0,1.0,23.0,3282,v2,B2,sac_her_pickandplace_randomized_2M
sac_her_recovery_v2,action_clipping,3,0.3,-150.0,0.0,0.2574102905370639,150,0.03309589624404907,0.5678899884223938,0.0,1.0,,3283,v2,B2,sac_her_pickandplace_randomized_2M
sac_her_recovery_v2,action_clipping,3,0.3,-150.0,0.0,0.1338297412238493,150,0.022829994559288025,0.5484682321548462,0.0,1.0,,3284,v2,B2,sac_her_pickandplace_randomized_2M
sac_her_recovery_v2,action_clipping,3,0.3,-88.0,1.0,0.029803826448095948,150,0.5411851406097412,0.4890863001346588,0.0,1.0,88.0,3285,v2,B2,sac_her_pickandplace_randomized_2M
sac_her_recovery_v2,action_clipping,3,0.3,-103.0,1.0,0.04099104545642345,150,0.7209686636924744,0.5755760669708252,0.0,1.0,103.0,3286,v2,B2,sac_her_pickandplace_randomized_2M
sac_her_recovery_v2,action_clipping,3,0.3,-30.0,1.0,0.04841544277980397,150,0.8967576026916504,0.5853681564331055,0.0,1.0,30.0,3287,v2,B2,sac_her_pickandplace_randomized_2M
sac_her_recovery_v2,action_clipping,3,0.3,-43.0,1.0,0.04377888003561934,150,0.6097569465637207,0.5545881986618042,0.0,1.0,33.0,3288,v2,B2,sac_her_pickandplace_randomized_2M
sac_her_recovery_v2,action_clipping,3,0.3,-150.0,0.0,0.34809971692913483,150,0.031322889029979706,0.5799763202667236,0.0,1.0,,3289,v2,B2,sac_her_pickandplace_randomized_2M
sac_her_recovery_v2,action_clipping,3,0.3,-150.0,0.0,0.3281712652057657,150,0.033989373594522476,0.5570212602615356,0.0,1.0,,3290,v2,B2,sac_her_pickandplace_randomized_2M
sac_her_recovery_v2,action_clipping,3,0.3,-17.0,1.0,0.04088941222808183,150,0.0681096538901329,0.42319461703300476,0.0,1.0,17.0,3291,v2,B2,sac_her_pickandplace_randomized_2M
sac_her_recovery_v2,action_clipping,3,0.3,-150.0,0.0,0.24502586869179394,150,0.021874267607927322,0.5505582094192505,0.0,1.0,,3292,v2,B2,sac_her_pickandplace_randomized_2M
sac_her_recovery_v2,action_clipping,3,0.3,-42.0,1.0,0.01870085985129864,150,0.5788143277168274,0.5680093169212341,0.0,1.0,42.0,3293,v2,B2,sac_her_pickandplace_randomized_2M
sac_her_recovery_v2,action_clipping,3,0.3,-18.0,1.0,0.016009295175765482,150,0.09271165728569031,0.4441033899784088,0.0,1.0,18.0,3294,v2,B2,sac_her_pickandplace_randomized_2M
sac_her_recovery_v2,action_clipping,3,0.3,-34.0,1.0,0.005405677401612457,150,0.5704766511917114,0.5514817833900452,0.0,1.0,34.0,3295,v2,B2,sac_her_pickandplace_randomized_2M
sac_her_recovery_v2,action_clipping,3,0.3,-46.0,1.0,0.023594676808741926,150,0.1860165297985077,0.440873920917511,0.0,1.0,44.0,3296,v2,B2,sac_her_pickandplace_randomized_2M
sac_her_recovery_v2,action_clipping,3,0.3,-13.0,1.0,0.020512501990184607,150,0.182434543967247,0.4162119925022125,0.0,1.0,13.0,3297,v2,B2,sac_her_pickandplace_randomized_2M
sac_her_recovery_v2,action_clipping,3,0.3,-28.0,1.0,0.015572863886869594,150,0.7158862352371216,0.5871347784996033,0.0,1.0,28.0,3298,v2,B2,sac_her_pickandplace_randomized_2M
sac_her_recovery_v2,action_clipping,3,0.3,-30.0,1.0,0.008984980342127616,150,0.5852854251861572,0.5440253615379333,0.0,1.0,30.0,3299,v2,B2,sac_her_pickandplace_randomized_2M
sac_her_recovery_v3,action_clipping,3,0.3,-43.0,1.0,0.003945813467869825,150,0.6261155009269714,0.5807274580001831,0.0,1.0,43.0,3300,v3,B3,sac_her_pickandplace_randomized_2M
sac_her_recovery_v3,action_clipping,3,0.3,-28.0,1.0,0.009457092908122203,150,0.15086181461811066,0.3050681948661804,0.0,1.0,28.0,3301,v3,B3,sac_her_pickandplace_randomized_2M
sac_her_recovery_v3,action_clipping,3,0.3,-150.0,0.0,0.16970429818866628,150,0.34056276082992554,0.6088737845420837,0.0,1.0,,3302,v3,B3,sac_her_pickandplace_randomized_2M
sac_her_recovery_v3,action_clipping,3,0.3,0.0,1.0,0.010843686677998518,150,0.20338405668735504,0.3488018810749054,0.0,1.0,0.0,3303,v3,B3,sac_her_pickandplace_randomized_2M
sac_her_recovery_v3,action_clipping,3,0.3,-18.0,1.0,0.026900644794085472,150,0.3191714584827423,0.3844383656978607,0.0,1.0,18.0,3304,v3,B3,sac_her_pickandplace_randomized_2M
sac_her_recovery_v3,action_clipping,3,0.3,-91.0,1.0,0.018625756710747763,150,0.23442059755325317,0.525024950504303,0.0,1.0,91.0,3305,v3,B3,sac_her_pickandplace_randomized_2M
sac_her_recovery_v3,action_clipping,3,0.3,-57.0,1.0,0.026030484375088127,150,0.1319001466035843,0.4495460093021393,0.0,1.0,57.0,3306,v3,B3,sac_her_pickandplace_randomized_2M
sac_her_recovery_v3,action_clipping,3,0.3,-27.0,1.0,0.00931099298468565,150,0.336390882730484,0.4621744751930237,0.0,1.0,27.0,3307,v3,B3,sac_her_pickandplace_randomized_2M
sac_her_recovery_v3,action_clipping,3,0.3,-79.0,1.0,0.04623538896207169,150,0.14959090948104858,0.5054648518562317,0.0,1.0,79.0,3308,v3,B3,sac_her_pickandplace_randomized_2M
sac_her_recovery_v3,action_clipping,3,0.3,-83.0,1.0,0.006554636161792338,150,0.1702091246843338,0.5854517817497253,0.0,1.0,83.0,3309,v3,B3,sac_her_pickandplace_randomized_2M
sac_her_recovery_v3,action_clipping,3,0.3,-150.0,0.0,0.21913733826878024,150,0.02082802541553974,0.5491002798080444,0.0,1.0,,3310,v3,B3,sac_her_pickandplace_randomized_2M
sac_her_recovery_v3,action_clipping,3,0.3,-69.0,1.0,0.009942592708879766,150,0.4440765976905823,0.564978301525116,0.0,1.0,69.0,3311,v3,B3,sac_her_pickandplace_randomized_2M
sac_her_recovery_v3,action_clipping,3,0.3,-50.0,1.0,0.025171269652970913,150,0.5365868210792542,0.5334084033966064,0.0,1.0,50.0,3312,v3,B3,sac_her_pickandplace_randomized_2M
sac_her_recovery_v3,action_clipping,3,0.3,-150.0,0.0,0.2574102905370639,150,0.032926809042692184,0.5682693719863892,0.0,1.0,,3313,v3,B3,sac_her_pickandplace_randomized_2M
sac_her_recovery_v3,action_clipping,3,0.3,-150.0,0.0,0.1338297412238493,150,0.022414423525333405,0.549605131149292,0.0,1.0,,3314,v3,B3,sac_her_pickandplace_randomized_2M
sac_her_recovery_v3,action_clipping,3,0.3,-59.0,1.0,0.00682774007547133,150,0.5751652121543884,0.5889759063720703,0.0,1.0,59.0,3315,v3,B3,sac_her_pickandplace_randomized_2M
sac_her_recovery_v3,action_clipping,3,0.3,-150.0,0.0,0.052920148994858605,150,0.5041936039924622,0.5508005619049072,0.0,1.0,,3316,v3,B3,sac_her_pickandplace_randomized_2M
sac_her_recovery_v3,action_clipping,3,0.3,-35.0,1.0,0.03642883741887444,150,0.8948043584823608,0.595964789390564,0.0,1.0,35.0,3317,v3,B3,sac_her_pickandplace_randomized_2M
sac_her_recovery_v3,action_clipping,3,0.3,-69.0,1.0,0.024299441583563335,150,0.18983355164527893,0.4693470299243927,0.0,1.0,69.0,3318,v3,B3,sac_her_pickandplace_randomized_2M
sac_her_recovery_v3,action_clipping,3,0.3,-150.0,0.0,0.34809971692913483,150,0.03137557953596115,0.5842396020889282,0.0,1.0,,3319,v3,B3,sac_her_pickandplace_randomized_2M
sac_her_recovery_v3,action_clipping,3,0.3,-150.0,0.0,0.3281712652057657,150,0.03202036768198013,0.5462507009506226,0.0,1.0,,3320,v3,B3,sac_her_pickandplace_randomized_2M
sac_her_recovery_v3,action_clipping,3,0.3,-16.0,1.0,0.005239539298854169,150,0.1505269557237625,0.5305069088935852,0.0,1.0,16.0,3321,v3,B3,sac_her_pickandplace_randomized_2M
sac_her_recovery_v3,action_clipping,3,0.3,-150.0,0.0,0.24502586869179394,150,0.021455727517604828,0.5517849922180176,0.0,1.0,,3322,v3,B3,sac_her_pickandplace_randomized_2M
sac_her_recovery_v3,action_clipping,3,0.3,-150.0,0.0,0.18656895637880694,150,0.1633574664592743,0.6770181059837341,0.0,1.0,,3323,v3,B3,sac_her_pickandplace_randomized_2M
sac_her_recovery_v3,action_clipping,3,0.3,-16.0,1.0,0.014091450194236977,150,0.06923523545265198,0.27555444836616516,0.0,1.0,16.0,3324,v3,B3,sac_her_pickandplace_randomized_2M
sac_her_recovery_v3,action_clipping,3,0.3,-62.0,1.0,0.010034112872078898,150,0.4945811927318573,0.5754567384719849,0.0,1.0,62.0,3325,v3,B3,sac_her_pickandplace_randomized_2M
sac_her_recovery_v3,action_clipping,3,0.3,-150.0,0.0,0.27465880273345766,150,0.08105023205280304,0.5707244873046875,0.0,1.0,,3326,v3,B3,sac_her_pickandplace_randomized_2M
sac_her_recovery_v3,action_clipping,3,0.3,-25.0,1.0,0.020776169735337364,150,0.5607860088348389,0.5202853679656982,0.0,1.0,25.0,3327,v3,B3,sac_her_pickandplace_randomized_2M
sac_her_recovery_v3,action_clipping,3,0.3,-39.0,1.0,0.01842004044212458,150,0.07547358423471451,0.46948617696762085,0.0,1.0,39.0,3328,v3,B3,sac_her_pickandplace_randomized_2M
sac_her_recovery_v3,action_clipping,3,0.3,-22.0,1.0,0.007161646740153048,150,0.5714748501777649,0.5271799564361572,0.0,1.0,22.0,3329,v3,B3,sac_her_pickandplace_randomized_2M
sac_her,action_delay,3,0.0,-60.0,1.0,0.016830481415594352,150,0.5631953477859497,1.6269989013671875,1.0,0.0,18.0,3330,none,B1,sac_her_pickandplace_randomized_2M
sac_her,action_delay,3,0.0,-149.0,0.0,0.6657066759186022,150,0.17270147800445557,1.5454061031341553,0.0,0.0,10.0,3331,none,B1,sac_her_pickandplace_randomized_2M
sac_her,action_delay,3,0.0,-144.0,0.0,0.09786688787073887,150,0.9548781514167786,1.7024487257003784,0.0,0.0,26.0,3332,none,B1,sac_her_pickandplace_randomized_2M
sac_her,action_delay,3,0.0,-145.0,0.0,0.9477253427044199,150,0.13067017495632172,1.8541837930679321,0.0,0.0,0.0,3333,none,B1,sac_her_pickandplace_randomized_2M
sac_her,action_delay,3,0.0,-9.0,1.0,0.01318619317921088,150,0.9618048667907715,1.633277416229248,0.0,0.0,9.0,3334,none,B1,sac_her_pickandplace_randomized_2M
sac_her,action_delay,3,0.0,-150.0,0.0,0.4474948166373294,150,0.48748281598091125,1.5482693910598755,0.0,0.0,,3335,none,B1,sac_her_pickandplace_randomized_2M
sac_her,action_delay,3,0.0,-32.0,1.0,0.014774813175589064,150,0.46346548199653625,1.5572876930236816,0.0,0.0,32.0,3336,none,B1,sac_her_pickandplace_randomized_2M
sac_her,action_delay,3,0.0,-150.0,0.0,1.086964835474119,150,0.33182764053344727,1.9272509813308716,0.0,0.0,,3337,none,B1,sac_her_pickandplace_randomized_2M
sac_her,action_delay,3,0.0,-149.0,0.0,0.7647551476611938,150,0.49320265650749207,1.5374804735183716,1.0,0.0,48.0,3338,none,B1,sac_her_pickandplace_randomized_2M
sac_her,action_delay,3,0.0,-150.0,0.0,0.6202257707381003,150,0.17335037887096405,1.530191421508789,0.0,0.0,,3339,none,B1,sac_her_pickandplace_randomized_2M
sac_her,action_delay,3,0.0,-150.0,0.0,0.21913733826878024,150,0.04180645942687988,1.2990220785140991,0.0,0.0,,3340,none,B1,sac_her_pickandplace_randomized_2M
sac_her,action_delay,3,0.0,-12.0,1.0,0.02851422230390726,150,0.11329071968793869,0.47500184178352356,0.0,0.0,12.0,3341,none,B1,sac_her_pickandplace_randomized_2M
sac_her,action_delay,3,0.0,-147.0,0.0,0.6495642275791448,150,0.3079281151294708,1.6992924213409424,0.0,0.0,16.0,3342,none,B1,sac_her_pickandplace_randomized_2M
sac_her,action_delay,3,0.0,-150.0,0.0,0.2574102905370639,150,0.0416368693113327,1.0902795791625977,0.0,0.0,,3343,none,B1,sac_her_pickandplace_randomized_2M
sac_her,action_delay,3,0.0,-150.0,0.0,0.1338297412238493,150,0.041213955730199814,1.3682410717010498,0.0,0.0,,3344,none,B1,sac_her_pickandplace_randomized_2M
sac_her,action_delay,3,0.0,-127.0,0.0,0.08052465489187055,150,0.9352673292160034,1.5832180976867676,1.0,0.0,12.0,3345,none,B1,sac_her_pickandplace_randomized_2M
sac_her,action_delay,3,0.0,-150.0,0.0,0.4719416933907753,150,0.17106352746486664,1.611304759979248,0.0,0.0,,3346,none,B1,sac_her_pickandplace_randomized_2M
sac_her,action_delay,3,0.0,-150.0,0.0,0.5778751608656655,150,0.22031377255916595,1.520346999168396,0.0,0.0,,3347,none,B1,sac_her_pickandplace_randomized_2M
sac_her,action_delay,3,0.0,-35.0,1.0,0.019821014036877128,150,1.1568078994750977,1.348156452178955,0.0,0.0,34.0,3348,none,B1,sac_her_pickandplace_randomized_2M
sac_her,action_delay,3,0.0,-150.0,0.0,0.34809971692913483,150,0.039905063807964325,1.4357330799102783,0.0,0.0,,3349,none,B1,sac_her_pickandplace_randomized_2M
sac_her,action_delay,3,0.0,-150.0,0.0,0.3281712652057657,150,0.056411731988191605,1.4243322610855103,0.0,0.0,,3350,none,B1,sac_her_pickandplace_randomized_2M
sac_her,action_delay,3,0.0,-86.0,1.0,0.028353883504013598,150,1.002168893814087,1.6639565229415894,1.0,0.0,7.0,3351,none,B1,sac_her_pickandplace_randomized_2M
sac_her,action_delay,3,0.0,-150.0,0.0,0.24502586869179394,150,0.045416608452796936,1.2057459354400635,0.0,0.0,,3352,none,B1,sac_her_pickandplace_randomized_2M
sac_her,action_delay,3,0.0,-150.0,0.0,0.4764391920494245,150,0.23194283246994019,1.391251802444458,0.0,0.0,,3353,none,B1,sac_her_pickandplace_randomized_2M
sac_her,action_delay,3,0.0,-150.0,0.0,0.4454014142930771,150,0.42631399631500244,1.7312028408050537,1.0,0.0,,3354,none,B1,sac_her_pickandplace_randomized_2M
sac_her,action_delay,3,0.0,-11.0,1.0,0.0011552249397207277,150,0.43858399987220764,1.221751093864441,0.0,0.0,11.0,3355,none,B1,sac_her_pickandplace_randomized_2M
sac_her,action_delay,3,0.0,-46.0,1.0,0.04408802326958249,150,0.9426543712615967,1.505872368812561,1.0,0.0,45.0,3356,none,B1,sac_her_pickandplace_randomized_2M
sac_her,action_delay,3,0.0,-5.0,1.0,0.03230914243688891,150,0.612195611000061,0.8637073040008545,0.0,0.0,5.0,3357,none,B1,sac_her_pickandplace_randomized_2M
sac_her,action_delay,3,0.0,-45.0,1.0,0.020877162760950578,150,0.9960538148880005,1.6923457384109497,0.0,0.0,9.0,3358,none,B1,sac_her_pickandplace_randomized_2M
sac_her,action_delay,3,0.0,-124.0,0.0,0.17279663052308233,150,1.0482876300811768,1.7062346935272217,0.0,0.0,48.0,3359,none,B1,sac_her_pickandplace_randomized_2M
sac_her_recovery_v2,action_delay,3,0.0,-13.0,1.0,0.026274826309462863,150,0.5650778412818909,1.0988643169403076,0.0,1.0,13.0,3360,v2,B2,sac_her_pickandplace_randomized_2M
sac_her_recovery_v2,action_delay,3,0.0,-148.0,0.0,0.5051607720923597,150,0.17400352656841278,1.224335789680481,1.0,1.0,13.0,3361,v2,B2,sac_her_pickandplace_randomized_2M
sac_her_recovery_v2,action_delay,3,0.0,-88.0,1.0,0.020302398019530193,150,0.9493283033370972,1.345292091369629,1.0,1.0,18.0,3362,v2,B2,sac_her_pickandplace_randomized_2M
sac_her_recovery_v2,action_delay,3,0.0,-145.0,0.0,0.9477253427044199,150,0.6724040508270264,1.6695462465286255,1.0,1.0,0.0,3363,v2,B2,sac_her_pickandplace_randomized_2M
sac_her_recovery_v2,action_delay,3,0.0,-150.0,0.0,0.20753016759797052,150,0.2408745288848877,1.3701006174087524,0.0,1.0,,3364,v2,B2,sac_her_pickandplace_randomized_2M
sac_her_recovery_v2,action_delay,3,0.0,-150.0,0.0,0.07982384858633403,150,1.050739049911499,1.4979323148727417,0.0,1.0,,3365,v2,B2,sac_her_pickandplace_randomized_2M
sac_her_recovery_v2,action_delay,3,0.0,-23.0,1.0,0.008119669577447319,150,0.6640435457229614,1.274945616722107,0.0,1.0,23.0,3366,v2,B2,sac_her_pickandplace_randomized_2M
sac_her_recovery_v2,action_delay,3,0.0,-150.0,0.0,0.7206362021372918,150,0.3632128834724426,1.432655692100525,1.0,1.0,,3367,v2,B2,sac_her_pickandplace_randomized_2M
sac_her_recovery_v2,action_delay,3,0.0,-148.0,0.0,0.8640804807194606,150,0.6026495099067688,1.5932859182357788,1.0,1.0,35.0,3368,v2,B2,sac_her_pickandplace_randomized_2M
sac_her_recovery_v2,action_delay,3,0.0,-46.0,1.0,0.014159316898583794,150,0.6660829186439514,1.1546032428741455,1.0,1.0,46.0,3369,v2,B2,sac_her_pickandplace_randomized_2M
sac_her_recovery_v2,action_delay,3,0.0,-150.0,0.0,0.21913733826878024,150,0.056506507098674774,1.2974450588226318,0.0,1.0,,3370,v2,B2,sac_her_pickandplace_randomized_2M
sac_her_recovery_v2,action_delay,3,0.0,-147.0,0.0,0.17269917392391665,150,0.6279324889183044,1.265511155128479,0.0,1.0,12.0,3371,v2,B2,sac_her_pickandplace_randomized_2M
sac_her_recovery_v2,action_delay,3,0.0,-17.0,1.0,0.0030097285789321792,150,0.34297558665275574,1.0438635349273682,0.0,1.0,17.0,3372,v2,B2,sac_her_pickandplace_randomized_2M
sac_her_recovery_v2,action_delay,3,0.0,-150.0,0.0,0.2574102905370639,150,0.06312882155179977,1.11224365234375,0.0,1.0,,3373,v2,B2,sac_her_pickandplace_randomized_2M
sac_her_recovery_v2,action_delay,3,0.0,-150.0,0.0,0.1338297412238493,150,0.04928075149655342,1.3575388193130493,0.0,1.0,,3374,v2,B2,sac_her_pickandplace_randomized_2M
sac_her_recovery_v2,action_delay,3,0.0,-22.0,1.0,0.0439271318442792,150,0.7298498153686523,1.0389283895492554,0.0,1.0,22.0,3375,v2,B2,sac_her_pickandplace_randomized_2M
sac_her_recovery_v2,action_delay,3,0.0,-146.0,0.0,0.45487239366696014,150,0.4257282614707947,1.5880345106124878,1.0,1.0,13.0,3376,v2,B2,sac_her_pickandplace_randomized_2M
sac_her_recovery_v2,action_delay,3,0.0,-150.0,0.0,0.3502431794229474,150,0.4829828143119812,1.3753637075424194,1.0,1.0,,3377,v2,B2,sac_her_pickandplace_randomized_2M
sac_her_recovery_v2,action_delay,3,0.0,-102.0,1.0,0.017276051491997214,150,0.5889619588851929,1.0288848876953125,0.0,1.0,14.0,3378,v2,B2,sac_her_pickandplace_randomized_2M
sac_her_recovery_v2,action_delay,3,0.0,-150.0,0.0,0.34809971692913483,150,0.07269711792469025,1.434950351715088,0.0,1.0,,3379,v2,B2,sac_her_pickandplace_randomized_2M
sac_her_recovery_v2,action_delay,3,0.0,-150.0,0.0,0.3281712652057657,150,0.0837182104587555,1.4234408140182495,0.0,1.0,,3380,v2,B2,sac_her_pickandplace_randomized_2M
sac_her_recovery_v2,action_delay,3,0.0,-9.0,1.0,0.0114157104966985,150,0.7532378435134888,1.4877655506134033,0.0,1.0,9.0,3381,v2,B2,sac_her_pickandplace_randomized_2M
sac_her_recovery_v2,action_delay,3,0.0,-150.0,0.0,0.24502586869179394,150,0.06046925485134125,1.2109323740005493,0.0,1.0,,3382,v2,B2,sac_her_pickandplace_randomized_2M
sac_her_recovery_v2,action_delay,3,0.0,-150.0,0.0,0.6291013514890774,150,0.30156219005584717,1.5725480318069458,0.0,1.0,,3383,v2,B2,sac_her_pickandplace_randomized_2M
sac_her_recovery_v2,action_delay,3,0.0,-135.0,1.0,0.03568319443521829,150,0.9372122287750244,1.4084208011627197,0.0,1.0,135.0,3384,v2,B2,sac_her_pickandplace_randomized_2M
sac_her_recovery_v2,action_delay,3,0.0,-23.0,1.0,0.044393147406744285,150,0.2381797879934311,0.8523632884025574,0.0,1.0,23.0,3385,v2,B2,sac_her_pickandplace_randomized_2M
sac_her_recovery_v2,action_delay,3,0.0,-53.0,1.0,0.008499912519575964,150,1.0323563814163208,1.5885729789733887,1.0,1.0,17.0,3386,v2,B2,sac_her_pickandplace_randomized_2M
sac_her_recovery_v2,action_delay,3,0.0,-5.0,1.0,0.03230914243688891,150,0.612195611000061,0.8637073040008545,0.0,0.0,5.0,3387,v2,B2,sac_her_pickandplace_randomized_2M
sac_her_recovery_v2,action_delay,3,0.0,-31.0,1.0,0.01773985431542883,150,0.4311906397342682,1.261362910270691,0.0,1.0,31.0,3388,v2,B2,sac_her_pickandplace_randomized_2M
sac_her_recovery_v2,action_delay,3,0.0,-150.0,0.0,0.7925405528059876,150,0.24071623384952545,1.6600842475891113,1.0,1.0,,3389,v2,B2,sac_her_pickandplace_randomized_2M
sac_her_recovery_v3,action_delay,3,0.0,-37.0,1.0,0.0027960195870695747,150,0.9079612493515015,1.3400226831436157,0.0,1.0,37.0,3390,v3,B3,sac_her_pickandplace_randomized_2M
sac_her_recovery_v3,action_delay,3,0.0,-148.0,0.0,0.5181361283315632,150,0.16047446429729462,1.1040441989898682,0.0,1.0,14.0,3391,v3,B3,sac_her_pickandplace_randomized_2M
sac_her_recovery_v3,action_delay,3,0.0,-22.0,1.0,0.014570757461092371,150,0.5115695595741272,1.1272709369659424,0.0,1.0,22.0,3392,v3,B3,sac_her_pickandplace_randomized_2M
sac_her_recovery_v3,action_delay,3,0.0,-145.0,0.0,0.9477253427044199,150,0.3936619162559509,1.64838445186615,1.0,1.0,0.0,3393,v3,B3,sac_her_pickandplace_randomized_2M
sac_her_recovery_v3,action_delay,3,0.0,-135.0,0.0,0.11087080675708583,150,0.7390540242195129,1.1309022903442383,0.0,1.0,97.0,3394,v3,B3,sac_her_pickandplace_randomized_2M
sac_her_recovery_v3,action_delay,3,0.0,-150.0,0.0,0.25870314616129386,150,0.750597357749939,1.6183642148971558,0.0,1.0,,3395,v3,B3,sac_her_pickandplace_randomized_2M
sac_her_recovery_v3,action_delay,3,0.0,-125.0,1.0,0.03754426067895538,150,0.7280260920524597,1.336894154548645,0.0,1.0,57.0,3396,v3,B3,sac_her_pickandplace_randomized_2M
sac_her_recovery_v3,action_delay,3,0.0,-53.0,1.0,0.018208984396164325,150,0.7847798466682434,1.2450921535491943,0.0,1.0,53.0,3397,v3,B3,sac_her_pickandplace_randomized_2M
sac_her_recovery_v3,action_delay,3,0.0,-150.0,0.0,0.1424312416422711,150,0.3039577901363373,1.2215276956558228,0.0,1.0,,3398,v3,B3,sac_her_pickandplace_randomized_2M
sac_her_recovery_v3,action_delay,3,0.0,-61.0,1.0,0.017000941688544977,150,0.738990306854248,1.4812595844268799,1.0,1.0,61.0,3399,v3,B3,sac_her_pickandplace_randomized_2M
sac_her_recovery_v3,action_delay,3,0.0,-150.0,0.0,0.21913733826878024,150,0.05743774399161339,1.2918649911880493,0.0,1.0,,3400,v3,B3,sac_her_pickandplace_randomized_2M
sac_her_recovery_v3,action_delay,3,0.0,-14.0,1.0,0.016559757348374275,150,0.11281841993331909,0.733435332775116,0.0,1.0,14.0,3401,v3,B3,sac_her_pickandplace_randomized_2M
sac_her_recovery_v3,action_delay,3,0.0,-150.0,0.0,0.12745909352500767,150,0.5109158754348755,1.0588706731796265,0.0,1.0,,3402,v3,B3,sac_her_pickandplace_randomized_2M
sac_her_recovery_v3,action_delay,3,0.0,-150.0,0.0,0.2574102905370639,150,0.059925634413957596,1.1269254684448242,0.0,1.0,,3403,v3,B3,sac_her_pickandplace_randomized_2M
sac_her_recovery_v3,action_delay,3,0.0,-150.0,0.0,0.1338297412238493,150,0.049983296543359756,1.324912667274475,0.0,1.0,,3404,v3,B3,sac_her_pickandplace_randomized_2M
sac_her_recovery_v3,action_delay,3,0.0,-150.0,0.0,0.5551344969900214,150,0.22138196229934692,1.464814305305481,0.0,1.0,,3405,v3,B3,sac_her_pickandplace_randomized_2M
sac_her_recovery_v3,action_delay,3,0.0,-145.0,0.0,0.25660720705729684,150,0.6151456832885742,1.358489751815796,1.0,1.0,82.0,3406,v3,B3,sac_her_pickandplace_randomized_2M
sac_her_recovery_v3,action_delay,3,0.0,-146.0,0.0,0.49639530592138764,150,0.6770496964454651,1.3904978036880493,0.0,1.0,120.0,3407,v3,B3,sac_her_pickandplace_randomized_2M
sac_her_recovery_v3,action_delay,3,0.0,-150.0,0.0,0.6555951126128403,150,0.27606773376464844,1.4861574172973633,1.0,1.0,,3408,v3,B3,sac_her_pickandplace_randomized_2M
sac_her_recovery_v3,action_delay,3,0.0,-150.0,0.0,0.34809971692913483,150,0.07499268651008606,1.433382272720337,0.0,1.0,,3409,v3,B3,sac_her_pickandplace_randomized_2M
sac_her_recovery_v3,action_delay,3,0.0,-150.0,0.0,0.3281712652057657,150,0.08177531510591507,1.4169847965240479,0.0,1.0,,3410,v3,B3,sac_her_pickandplace_randomized_2M
sac_her_recovery_v3,action_delay,3,0.0,-149.0,0.0,0.2750075808637329,150,0.2755669057369232,1.305940866470337,0.0,1.0,22.0,3411,v3,B3,sac_her_pickandplace_randomized_2M
sac_her_recovery_v3,action_delay,3,0.0,-150.0,0.0,0.24502586869179394,150,0.05828593671321869,1.2161442041397095,0.0,1.0,,3412,v3,B3,sac_her_pickandplace_randomized_2M
sac_her_recovery_v3,action_delay,3,0.0,-150.0,0.0,0.4362593982674028,150,0.40250808000564575,1.3700954914093018,0.0,1.0,,3413,v3,B3,sac_her_pickandplace_randomized_2M
sac_her_recovery_v3,action_delay,3,0.0,-39.0,1.0,0.03504349393927761,150,0.5781815052032471,1.0106048583984375,1.0,1.0,28.0,3414,v3,B3,sac_her_pickandplace_randomized_2M
sac_her_recovery_v3,action_delay,3,0.0,-101.0,1.0,0.021253374041910255,150,0.4318349063396454,1.0607175827026367,0.0,1.0,101.0,3415,v3,B3,sac_her_pickandplace_randomized_2M
sac_her_recovery_v3,action_delay,3,0.0,-145.0,0.0,0.4917116235391564,150,0.37267881631851196,1.6258127689361572,0.0,1.0,15.0,3416,v3,B3,sac_her_pickandplace_randomized_2M
sac_her_recovery_v3,action_delay,3,0.0,-5.0,1.0,0.03230914243688891,150,0.612195611000061,0.8637073040008545,0.0,0.0,5.0,3417,v3,B3,sac_her_pickandplace_randomized_2M
sac_her_recovery_v3,action_delay,3,0.0,-31.0,1.0,0.017957988333451656,150,0.45273035764694214,1.2656152248382568,0.0,1.0,31.0,3418,v3,B3,sac_her_pickandplace_randomized_2M
sac_her_recovery_v3,action_delay,3,0.0,-150.0,0.0,0.2166593825132957,150,0.24050140380859375,1.2276263236999512,0.0,1.0,,3419,v3,B3,sac_her_pickandplace_randomized_2M
sac_her,action_reversal,3,0.0,-150.0,0.0,0.09219203592188295,150,0.06614735722541809,1.2486324310302734,0.0,0.0,,3420,none,B1,sac_her_pickandplace_randomized_2M
sac_her,action_reversal,3,0.0,-150.0,0.0,0.17131165158603956,150,0.14846092462539673,1.456322431564331,0.0,0.0,,3421,none,B1,sac_her_pickandplace_randomized_2M
sac_her,action_reversal,3,0.0,-150.0,0.0,0.25936077352095194,150,0.057867128401994705,1.5373163223266602,0.0,0.0,,3422,none,B1,sac_her_pickandplace_randomized_2M
sac_her,action_reversal,3,0.0,0.0,1.0,0.0499459820946752,150,0.07783593982458115,1.347474455833435,0.0,0.0,0.0,3423,none,B1,sac_her_pickandplace_randomized_2M
sac_her,action_reversal,3,0.0,-150.0,0.0,0.09774689012162328,150,0.06512437760829926,1.3646857738494873,0.0,0.0,,3424,none,B1,sac_her_pickandplace_randomized_2M
sac_her,action_reversal,3,0.0,-150.0,0.0,0.25870314616129386,150,0.08024471998214722,1.521362543106079,0.0,0.0,,3425,none,B1,sac_her_pickandplace_randomized_2M
sac_her,action_reversal,3,0.0,-150.0,0.0,0.16981838535846655,150,0.018855435773730278,1.5671882629394531,0.0,0.0,,3426,none,B1,sac_her_pickandplace_randomized_2M
sac_her,action_reversal,3,0.0,-150.0,0.0,0.26729827437850046,150,0.16981038451194763,1.4247233867645264,0.0,0.0,,3427,none,B1,sac_her_pickandplace_randomized_2M
sac_her,action_reversal,3,0.0,-150.0,0.0,0.22097983497161036,150,0.05390682443976402,1.430613398551941,0.0,0.0,,3428,none,B1,sac_her_pickandplace_randomized_2M
sac_her,action_reversal,3,0.0,-150.0,0.0,0.279938516178967,150,0.08865969628095627,1.2627134323120117,0.0,0.0,,3429,none,B1,sac_her_pickandplace_randomized_2M
sac_her,action_reversal,3,0.0,-150.0,0.0,0.21913733826878024,150,0.03616758808493614,1.171243667602539,0.0,0.0,,3430,none,B1,sac_her_pickandplace_randomized_2M
sac_her,action_reversal,3,0.0,-150.0,0.0,0.15291288639432632,150,0.09405690431594849,1.1371550559997559,0.0,0.0,,3431,none,B1,sac_her_pickandplace_randomized_2M
sac_her,action_reversal,3,0.0,-150.0,0.0,0.06928466552476888,150,0.03980268910527229,1.0744000673294067,0.0,0.0,,3432,none,B1,sac_her_pickandplace_randomized_2M
sac_her,action_reversal,3,0.0,-150.0,0.0,0.40110992742408386,150,0.0891871452331543,1.123569369316101,0.0,0.0,,3433,none,B1,sac_her_pickandplace_randomized_2M
sac_her,action_reversal,3,0.0,-150.0,0.0,0.1338297412238493,150,0.013735296204686165,1.1186368465423584,0.0,0.0,,3434,none,B1,sac_her_pickandplace_randomized_2M
sac_her,action_reversal,3,0.0,-150.0,0.0,0.1459001673444926,150,0.14106011390686035,1.292341947555542,0.0,0.0,,3435,none,B1,sac_her_pickandplace_randomized_2M
sac_her,action_reversal,3,0.0,-150.0,0.0,0.13925074134205662,150,0.04709503799676895,1.3427578210830688,0.0,0.0,,3436,none,B1,sac_her_pickandplace_randomized_2M
sac_her,action_reversal,3,0.0,-150.0,0.0,0.18752370611649097,150,0.051228489726781845,1.5627726316452026,0.0,0.0,,3437,none,B1,sac_her_pickandplace_randomized_2M
sac_her,action_reversal,3,0.0,-150.0,0.0,0.1980756682670635,150,0.05463819205760956,1.4801404476165771,0.0,0.0,,3438,none,B1,sac_her_pickandplace_randomized_2M
sac_her,action_reversal,3,0.0,-150.0,0.0,0.34809971692913483,150,0.03515651822090149,1.4233131408691406,0.0,0.0,,3439,none,B1,sac_her_pickandplace_randomized_2M
sac_her,action_reversal,3,0.0,-150.0,0.0,0.3281712652057657,150,0.008770992048084736,0.8827568292617798,0.0,0.0,,3440,none,B1,sac_her_pickandplace_randomized_2M
sac_her,action_reversal,3,0.0,-150.0,0.0,0.07600829314675309,150,0.06217523291707039,1.383238673210144,0.0,0.0,,3441,none,B1,sac_her_pickandplace_randomized_2M
sac_her,action_reversal,3,0.0,-150.0,0.0,0.24502586869179394,150,0.0339471772313118,1.2870599031448364,0.0,0.0,,3442,none,B1,sac_her_pickandplace_randomized_2M
sac_her,action_reversal,3,0.0,-150.0,0.0,0.21034659601511566,150,0.11948005855083466,1.5629067420959473,0.0,0.0,,3443,none,B1,sac_her_pickandplace_randomized_2M
sac_her,action_reversal,3,0.0,-150.0,0.0,0.16115165410293356,150,0.09787451475858688,1.4328477382659912,0.0,0.0,,3444,none,B1,sac_her_pickandplace_randomized_2M
sac_her,action_reversal,3,0.0,-150.0,0.0,0.12365797619705617,150,0.12402374297380447,1.2302249670028687,0.0,0.0,,3445,none,B1,sac_her_pickandplace_randomized_2M
sac_her,action_reversal,3,0.0,-150.0,0.0,0.27465880273345766,150,0.05988684296607971,1.4745107889175415,0.0,0.0,,3446,none,B1,sac_her_pickandplace_randomized_2M
sac_her,action_reversal,3,0.0,-150.0,0.0,0.05844361201546392,150,0.05943931266665459,0.8721620440483093,0.0,0.0,,3447,none,B1,sac_her_pickandplace_randomized_2M
sac_her,action_reversal,3,0.0,-150.0,0.0,0.0973883123062769,150,0.028749452903866768,1.453640341758728,0.0,0.0,,3448,none,B1,sac_her_pickandplace_randomized_2M
sac_her,action_reversal,3,0.0,-150.0,0.0,0.2166593825132957,150,0.049742262810468674,1.6054803133010864,0.0,0.0,,3449,none,B1,sac_her_pickandplace_randomized_2M
sac_her_recovery_v2,action_reversal,3,0.0,-150.0,0.0,0.09219203592188295,150,0.11176881194114685,1.1692273616790771,0.0,1.0,,3450,v2,B2,sac_her_pickandplace_randomized_2M
sac_her_recovery_v2,action_reversal,3,0.0,-150.0,0.0,0.17131165158603956,150,0.19431927800178528,1.428884506225586,0.0,1.0,,3451,v2,B2,sac_her_pickandplace_randomized_2M
sac_her_recovery_v2,action_reversal,3,0.0,-150.0,0.0,0.25936077352095194,150,0.08693322539329529,1.507406234741211,0.0,1.0,,3452,v2,B2,sac_her_pickandplace_randomized_2M
sac_her_recovery_v2,action_reversal,3,0.0,0.0,1.0,0.0499459820946752,150,0.26080185174942017,1.0889694690704346,0.0,1.0,0.0,3453,v2,B2,sac_her_pickandplace_randomized_2M
sac_her_recovery_v2,action_reversal,3,0.0,-150.0,0.0,0.09774689012162328,150,0.11867102235555649,1.2858593463897705,0.0,1.0,,3454,v2,B2,sac_her_pickandplace_randomized_2M
sac_her_recovery_v2,action_reversal,3,0.0,-150.0,0.0,0.25870314616129386,150,0.17702749371528625,1.5134695768356323,0.0,1.0,,3455,v2,B2,sac_her_pickandplace_randomized_2M
sac_her_recovery_v2,action_reversal,3,0.0,-150.0,0.0,0.16981838535846655,150,0.06467009335756302,1.5412774085998535,0.0,1.0,,3456,v2,B2,sac_her_pickandplace_randomized_2M
sac_her_recovery_v2,action_reversal,3,0.0,-150.0,0.0,0.26729827437850046,150,0.19332924485206604,1.3876137733459473,0.0,1.0,,3457,v2,B2,sac_her_pickandplace_randomized_2M
sac_her_recovery_v2,action_reversal,3,0.0,-150.0,0.0,0.22097983497161036,150,0.08868830651044846,1.3902387619018555,0.0,1.0,,3458,v2,B2,sac_her_pickandplace_randomized_2M
sac_her_recovery_v2,action_reversal,3,0.0,-150.0,0.0,0.279938516178967,150,0.11143625527620316,1.2495197057724,0.0,1.0,,3459,v2,B2,sac_her_pickandplace_randomized_2M
sac_her_recovery_v2,action_reversal,3,0.0,-150.0,0.0,0.21913733826878024,150,0.06420369446277618,1.1865710020065308,0.0,1.0,,3460,v2,B2,sac_her_pickandplace_randomized_2M
sac_her_recovery_v2,action_reversal,3,0.0,-150.0,0.0,0.15291288639432632,150,0.1035323441028595,1.132229208946228,0.0,1.0,,3461,v2,B2,sac_her_pickandplace_randomized_2M
sac_her_recovery_v2,action_reversal,3,0.0,-150.0,0.0,0.06928466552476888,150,0.0657191276550293,1.0037986040115356,0.0,1.0,,3462,v2,B2,sac_her_pickandplace_randomized_2M
sac_her_recovery_v2,action_reversal,3,0.0,-150.0,0.0,0.6839303992329595,150,0.1415969431400299,1.3209072351455688,0.0,1.0,,3463,v2,B2,sac_her_pickandplace_randomized_2M
sac_her_recovery_v2,action_reversal,3,0.0,-150.0,0.0,0.1338297412238493,150,0.03841383755207062,1.0889852046966553,0.0,1.0,,3464,v2,B2,sac_her_pickandplace_randomized_2M
sac_her_recovery_v2,action_reversal,3,0.0,-150.0,0.0,0.1459001673444926,150,0.09538327902555466,1.136284589767456,0.0,1.0,,3465,v2,B2,sac_her_pickandplace_randomized_2M
sac_her_recovery_v2,action_reversal,3,0.0,-150.0,0.0,0.13925074134205662,150,0.05469966679811478,0.896228551864624,0.0,1.0,,3466,v2,B2,sac_her_pickandplace_randomized_2M
sac_her_recovery_v2,action_reversal,3,0.0,-150.0,0.0,0.18752370611649097,150,0.07543100416660309,1.4694403409957886,0.0,1.0,,3467,v2,B2,sac_her_pickandplace_randomized_2M
sac_her_recovery_v2,action_reversal,3,0.0,-150.0,0.0,0.1980756682670635,150,0.10242954641580582,1.4617022275924683,0.0,1.0,,3468,v2,B2,sac_her_pickandplace_randomized_2M
sac_her_recovery_v2,action_reversal,3,0.0,-150.0,0.0,0.34809971692913483,150,0.06756506860256195,1.4313573837280273,0.0,1.0,,3469,v2,B2,sac_her_pickandplace_randomized_2M
sac_her_recovery_v2,action_reversal,3,0.0,-150.0,0.0,0.3281712652057657,150,0.04183793440461159,0.8926682472229004,0.0,1.0,,3470,v2,B2,sac_her_pickandplace_randomized_2M
sac_her_recovery_v2,action_reversal,3,0.0,-150.0,0.0,0.07600829314675309,150,0.15599936246871948,1.267670750617981,0.0,1.0,,3471,v2,B2,sac_her_pickandplace_randomized_2M
sac_her_recovery_v2,action_reversal,3,0.0,-150.0,0.0,0.24502586869179394,150,0.06307437270879745,1.2981269359588623,0.0,1.0,,3472,v2,B2,sac_her_pickandplace_randomized_2M
sac_her_recovery_v2,action_reversal,3,0.0,-150.0,0.0,0.21034659601511566,150,0.3022531270980835,1.4954376220703125,0.0,1.0,,3473,v2,B2,sac_her_pickandplace_randomized_2M
sac_her_recovery_v2,action_reversal,3,0.0,-150.0,0.0,0.16115165410293356,150,0.11216532438993454,1.360424280166626,0.0,1.0,,3474,v2,B2,sac_her_pickandplace_randomized_2M
sac_her_recovery_v2,action_reversal,3,0.0,-150.0,0.0,0.12365797619705617,150,0.1532558798789978,1.1829886436462402,0.0,1.0,,3475,v2,B2,sac_her_pickandplace_randomized_2M
sac_her_recovery_v2,action_reversal,3,0.0,-150.0,0.0,0.27465880273345766,150,0.2531026005744934,1.368269681930542,0.0,1.0,,3476,v2,B2,sac_her_pickandplace_randomized_2M
sac_her_recovery_v2,action_reversal,3,0.0,-150.0,0.0,0.05844361201546392,150,0.06261418759822845,1.0422507524490356,0.0,1.0,,3477,v2,B2,sac_her_pickandplace_randomized_2M
sac_her_recovery_v2,action_reversal,3,0.0,-150.0,0.0,0.0973883123062769,150,0.054046329110860825,1.350466251373291,0.0,1.0,,3478,v2,B2,sac_her_pickandplace_randomized_2M
sac_her_recovery_v2,action_reversal,3,0.0,-150.0,0.0,0.2166593825132957,150,0.0816766768693924,1.599066972732544,0.0,1.0,,3479,v2,B2,sac_her_pickandplace_randomized_2M
sac_her_recovery_v3,action_reversal,3,0.0,-150.0,0.0,0.09219203592188295,150,0.10522861778736115,1.113166332244873,0.0,1.0,,3480,v3,B3,sac_her_pickandplace_randomized_2M
sac_her_recovery_v3,action_reversal,3,0.0,-150.0,0.0,0.17131165158603956,150,0.1939593255519867,1.4364280700683594,0.0,1.0,,3481,v3,B3,sac_her_pickandplace_randomized_2M
sac_her_recovery_v3,action_reversal,3,0.0,-150.0,0.0,0.25936077352095194,150,0.06338199228048325,1.4826486110687256,0.0,1.0,,3482,v3,B3,sac_her_pickandplace_randomized_2M
sac_her_recovery_v3,action_reversal,3,0.0,0.0,1.0,0.0499459820946752,150,0.26514044404029846,0.8423281311988831,0.0,1.0,0.0,3483,v3,B3,sac_her_pickandplace_randomized_2M
sac_her_recovery_v3,action_reversal,3,0.0,-150.0,0.0,0.09774689012162328,150,0.11969306319952011,1.2572784423828125,0.0,1.0,,3484,v3,B3,sac_her_pickandplace_randomized_2M
sac_her_recovery_v3,action_reversal,3,0.0,-150.0,0.0,0.25870314616129386,150,0.09268301725387573,1.3570046424865723,0.0,1.0,,3485,v3,B3,sac_her_pickandplace_randomized_2M
sac_her_recovery_v3,action_reversal,3,0.0,-150.0,0.0,0.16981838535846655,150,0.044427454471588135,1.661926031112671,0.0,1.0,,3486,v3,B3,sac_her_pickandplace_randomized_2M
sac_her_recovery_v3,action_reversal,3,0.0,-150.0,0.0,0.26729827437850046,150,0.06543545424938202,1.5478261709213257,0.0,1.0,,3487,v3,B3,sac_her_pickandplace_randomized_2M
sac_her_recovery_v3,action_reversal,3,0.0,-150.0,0.0,0.22097983497161036,150,0.07315126061439514,1.3761956691741943,0.0,1.0,,3488,v3,B3,sac_her_pickandplace_randomized_2M
sac_her_recovery_v3,action_reversal,3,0.0,-150.0,0.0,0.279938516178967,150,0.08948301523923874,1.237741470336914,0.0,1.0,,3489,v3,B3,sac_her_pickandplace_randomized_2M
sac_her_recovery_v3,action_reversal,3,0.0,-150.0,0.0,0.21913733826878024,150,0.06441781669855118,1.226558804512024,0.0,1.0,,3490,v3,B3,sac_her_pickandplace_randomized_2M
sac_her_recovery_v3,action_reversal,3,0.0,-150.0,0.0,0.15291288639432632,150,0.08794206380844116,1.1618266105651855,0.0,1.0,,3491,v3,B3,sac_her_pickandplace_randomized_2M
sac_her_recovery_v3,action_reversal,3,0.0,-150.0,0.0,0.06928466552476888,150,0.06549881398677826,0.9895995259284973,0.0,1.0,,3492,v3,B3,sac_her_pickandplace_randomized_2M
sac_her_recovery_v3,action_reversal,3,0.0,-150.0,0.0,0.2893481217921987,150,0.08910853415727615,1.1576728820800781,0.0,1.0,,3493,v3,B3,sac_her_pickandplace_randomized_2M
sac_her_recovery_v3,action_reversal,3,0.0,-150.0,0.0,0.1338297412238493,150,0.039431262761354446,1.0471222400665283,0.0,1.0,,3494,v3,B3,sac_her_pickandplace_randomized_2M
sac_her_recovery_v3,action_reversal,3,0.0,-150.0,0.0,0.1459001673444926,150,0.06188035011291504,0.9740702509880066,0.0,1.0,,3495,v3,B3,sac_her_pickandplace_randomized_2M
sac_her_recovery_v3,action_reversal,3,0.0,-150.0,0.0,0.13925074134205662,150,0.06906575709581375,1.2575687170028687,0.0,1.0,,3496,v3,B3,sac_her_pickandplace_randomized_2M
sac_her_recovery_v3,action_reversal,3,0.0,-150.0,0.0,0.18752370611649097,150,0.06828919053077698,1.4636054039001465,0.0,1.0,,3497,v3,B3,sac_her_pickandplace_randomized_2M
sac_her_recovery_v3,action_reversal,3,0.0,-150.0,0.0,0.1980756682670635,150,0.08911009132862091,1.3968932628631592,0.0,1.0,,3498,v3,B3,sac_her_pickandplace_randomized_2M
sac_her_recovery_v3,action_reversal,3,0.0,-150.0,0.0,0.34809971692913483,150,0.06477903574705124,1.4397428035736084,0.0,1.0,,3499,v3,B3,sac_her_pickandplace_randomized_2M
sac_her_recovery_v3,action_reversal,3,0.0,-150.0,0.0,0.3281712652057657,150,0.045977216213941574,0.9023557305335999,0.0,1.0,,3500,v3,B3,sac_her_pickandplace_randomized_2M
sac_her_recovery_v3,action_reversal,3,0.0,-150.0,0.0,0.07600829314675309,150,0.154843270778656,1.1691772937774658,0.0,1.0,,3501,v3,B3,sac_her_pickandplace_randomized_2M
sac_her_recovery_v3,action_reversal,3,0.0,-150.0,0.0,0.24502586869179394,150,0.06209740787744522,1.3210418224334717,0.0,1.0,,3502,v3,B3,sac_her_pickandplace_randomized_2M
sac_her_recovery_v3,action_reversal,3,0.0,-150.0,0.0,0.21034659601511566,150,0.08428553491830826,1.2359167337417603,0.0,1.0,,3503,v3,B3,sac_her_pickandplace_randomized_2M
sac_her_recovery_v3,action_reversal,3,0.0,-150.0,0.0,0.16115165410293356,150,0.06813005357980728,1.3166433572769165,0.0,1.0,,3504,v3,B3,sac_her_pickandplace_randomized_2M
sac_her_recovery_v3,action_reversal,3,0.0,-150.0,0.0,0.12365797619705617,150,0.12074026465415955,1.1296098232269287,0.0,1.0,,3505,v3,B3,sac_her_pickandplace_randomized_2M
sac_her_recovery_v3,action_reversal,3,0.0,-150.0,0.0,0.27465880273345766,150,0.10727802664041519,1.2274365425109863,0.0,1.0,,3506,v3,B3,sac_her_pickandplace_randomized_2M
sac_her_recovery_v3,action_reversal,3,0.0,-150.0,0.0,0.05844361201546392,150,0.04207809269428253,1.0142401456832886,0.0,1.0,,3507,v3,B3,sac_her_pickandplace_randomized_2M
sac_her_recovery_v3,action_reversal,3,0.0,-150.0,0.0,0.0973883123062769,150,0.053044091910123825,1.3158080577850342,0.0,1.0,,3508,v3,B3,sac_her_pickandplace_randomized_2M
sac_her_recovery_v3,action_reversal,3,0.0,-150.0,0.0,0.2166593825132957,150,0.056184787303209305,1.5590814352035522,0.0,1.0,,3509,v3,B3,sac_her_pickandplace_randomized_2M
sac_her,goal_spoof_immediate,3,0.1,-147.0,0.0,0.13553288692513402,150,1.4979522228240967,1.1763412952423096,0.0,0.0,12.0,3510,none,B1,sac_her_pickandplace_randomized_2M
sac_her,goal_spoof_immediate,3,0.1,-150.0,0.0,0.09253085698184386,150,0.8214523792266846,1.3454142808914185,0.0,0.0,,3511,none,B1,sac_her_pickandplace_randomized_2M
sac_her,goal_spoof_immediate,3,0.1,-150.0,0.0,0.06248398339329864,150,0.1925003081560135,1.3174725770950317,0.0,0.0,,3512,none,B1,sac_her_pickandplace_randomized_2M
sac_her,goal_spoof_immediate,3,0.1,-145.0,0.0,0.11932764166107612,150,2.0605032444000244,1.1229958534240723,0.0,0.0,0.0,3513,none,B1,sac_her_pickandplace_randomized_2M
sac_her,goal_spoof_immediate,3,0.1,-150.0,0.0,0.062337196952000205,150,0.14510783553123474,0.962087094783783,0.0,0.0,,3514,none,B1,sac_her_pickandplace_randomized_2M
sac_her,goal_spoof_immediate,3,0.1,-150.0,0.0,0.25870314616129386,150,0.08492054045200348,0.9874297976493835,0.0,0.0,,3515,none,B1,sac_her_pickandplace_randomized_2M
sac_her,goal_spoof_immediate,3,0.1,-150.0,0.0,0.11790249286597734,150,0.571331262588501,1.169739007949829,1.0,0.0,,3516,none,B1,sac_her_pickandplace_randomized_2M
sac_her,goal_spoof_immediate,3,0.1,-135.0,0.0,0.12102715108260695,150,1.730038046836853,1.5768208503723145,1.0,0.0,46.0,3517,none,B1,sac_her_pickandplace_randomized_2M
sac_her,goal_spoof_immediate,3,0.1,-138.0,0.0,0.11223629628277348,150,0.6780454516410828,1.2012534141540527,0.0,0.0,9.0,3518,none,B1,sac_her_pickandplace_randomized_2M
sac_her,goal_spoof_immediate,3,0.1,-150.0,0.0,0.0680597060006793,150,0.22047892212867737,1.3032506704330444,0.0,0.0,,3519,none,B1,sac_her_pickandplace_randomized_2M
sac_her,goal_spoof_immediate,3,0.1,-150.0,0.0,0.21913733826878024,150,0.03229544684290886,1.1947102546691895,0.0,0.0,,3520,none,B1,sac_her_pickandplace_randomized_2M
sac_her,goal_spoof_immediate,3,0.1,-150.0,0.0,0.13529523327858484,150,0.9123573303222656,1.1215187311172485,0.0,0.0,,3521,none,B1,sac_her_pickandplace_randomized_2M
sac_her,goal_spoof_immediate,3,0.1,-150.0,0.0,0.06928466552476888,150,1.2628653049468994,1.0415138006210327,0.0,0.0,,3522,none,B1,sac_her_pickandplace_randomized_2M
sac_her,goal_spoof_immediate,3,0.1,-150.0,0.0,0.2574102905370639,150,0.0883953720331192,1.528918981552124,0.0,0.0,,3523,none,B1,sac_her_pickandplace_randomized_2M
sac_her,goal_spoof_immediate,3,0.1,-150.0,0.0,0.1338297412238493,150,0.05008213222026825,1.203172206878662,0.0,0.0,,3524,none,B1,sac_her_pickandplace_randomized_2M
sac_her,goal_spoof_immediate,3,0.1,-141.0,0.0,0.07290496844530583,150,0.9561277031898499,1.162936806678772,1.0,0.0,8.0,3525,none,B1,sac_her_pickandplace_randomized_2M
sac_her,goal_spoof_immediate,3,0.1,-10.0,1.0,0.031925199253162236,150,0.13202068209648132,0.6839244365692139,0.0,0.0,10.0,3526,none,B1,sac_her_pickandplace_randomized_2M
sac_her,goal_spoof_immediate,3,0.1,-150.0,0.0,0.18752370611649097,150,0.06385514885187149,1.4170470237731934,0.0,0.0,,3527,none,B1,sac_her_pickandplace_randomized_2M
sac_her,goal_spoof_immediate,3,0.1,-150.0,0.0,0.5216209239386507,150,0.1829896718263626,1.6326134204864502,0.0,0.0,,3528,none,B1,sac_her_pickandplace_randomized_2M
sac_her,goal_spoof_immediate,3,0.1,-150.0,0.0,0.34809971692913483,150,0.01720329374074936,1.4560598134994507,0.0,0.0,,3529,none,B1,sac_her_pickandplace_randomized_2M
sac_her,goal_spoof_immediate,3,0.1,-150.0,0.0,0.3281712652057657,150,0.07107624411582947,1.414306879043579,0.0,0.0,,3530,none,B1,sac_her_pickandplace_randomized_2M
sac_her,goal_spoof_immediate,3,0.1,-148.0,0.0,0.11343608845253876,150,0.2804066240787506,1.054202914237976,1.0,0.0,5.0,3531,none,B1,sac_her_pickandplace_randomized_2M
sac_her,goal_spoof_immediate,3,0.1,-150.0,0.0,0.24502586869179394,150,0.03290731459856033,1.4117203950881958,0.0,0.0,,3532,none,B1,sac_her_pickandplace_randomized_2M
sac_her,goal_spoof_immediate,3,0.1,-150.0,0.0,0.5985163209063006,150,0.3441793620586395,1.73808753490448,0.0,0.0,,3533,none,B1,sac_her_pickandplace_randomized_2M
sac_her,goal_spoof_immediate,3,0.1,-6.0,1.0,0.022722240984080846,150,0.260252982378006,0.6098259091377258,0.0,0.0,6.0,3534,none,B1,sac_her_pickandplace_randomized_2M
sac_her,goal_spoof_immediate,3,0.1,-142.0,0.0,0.0925862548598185,150,0.9975751638412476,1.4047099351882935,0.0,0.0,6.0,3535,none,B1,sac_her_pickandplace_randomized_2M
sac_her,goal_spoof_immediate,3,0.1,-150.0,0.0,0.16187678856502838,150,1.905918002128601,1.64573335647583,1.0,0.0,,3536,none,B1,sac_her_pickandplace_randomized_2M
sac_her,goal_spoof_immediate,3,0.1,-146.0,0.0,0.08340251747209929,150,0.10748013108968735,0.8942584991455078,0.0,0.0,2.0,3537,none,B1,sac_her_pickandplace_randomized_2M
sac_her,goal_spoof_immediate,3,0.1,-28.0,1.0,0.026034973706283923,150,0.4969198703765869,0.8159119486808777,0.0,0.0,10.0,3538,none,B1,sac_her_pickandplace_randomized_2M
sac_her,goal_spoof_immediate,3,0.1,-139.0,0.0,0.06363537864875346,150,0.9720560312271118,1.1692674160003662,1.0,0.0,36.0,3539,none,B1,sac_her_pickandplace_randomized_2M
sac_her_recovery_v2,goal_spoof_immediate,3,0.1,-148.0,0.0,0.2065365746336898,150,0.5031712651252747,1.2595282793045044,1.0,1.0,18.0,3540,v2,B2,sac_her_pickandplace_randomized_2M
sac_her_recovery_v2,goal_spoof_immediate,3,0.1,-136.0,0.0,0.07788780232658253,150,0.44188588857650757,1.3677937984466553,0.0,1.0,44.0,3541,v2,B2,sac_her_pickandplace_randomized_2M
sac_her_recovery_v2,goal_spoof_immediate,3,0.1,-150.0,0.0,0.19050428409211484,150,0.3284419775009155,0.9749075174331665,0.0,1.0,,3542,v2,B2,sac_her_pickandplace_randomized_2M
sac_her_recovery_v2,goal_spoof_immediate,3,0.1,-138.0,0.0,0.13273484016311662,150,2.008267402648926,1.5987166166305542,0.0,1.0,0.0,3543,v2,B2,sac_her_pickandplace_randomized_2M
sac_her_recovery_v2,goal_spoof_immediate,3,0.1,-150.0,0.0,0.09774689012162328,150,0.09523855894804001,1.4487886428833008,0.0,1.0,,3544,v2,B2,sac_her_pickandplace_randomized_2M
sac_her_recovery_v2,goal_spoof_immediate,3,0.1,-147.0,0.0,0.0785210906647531,150,2.2679665088653564,1.7201167345046997,1.0,1.0,19.0,3545,v2,B2,sac_her_pickandplace_randomized_2M
sac_her_recovery_v2,goal_spoof_immediate,3,0.1,-148.0,0.0,0.08580423832362748,150,1.7579816579818726,1.383008599281311,0.0,1.0,19.0,3546,v2,B2,sac_her_pickandplace_randomized_2M
sac_her_recovery_v2,goal_spoof_immediate,3,0.1,-150.0,0.0,0.07086486911804406,150,1.3068410158157349,1.3345818519592285,1.0,1.0,,3547,v2,B2,sac_her_pickandplace_randomized_2M
sac_her_recovery_v2,goal_spoof_immediate,3,0.1,-66.0,1.0,0.018311015687640268,150,1.470899224281311,1.3169949054718018,1.0,1.0,22.0,3548,v2,B2,sac_her_pickandplace_randomized_2M
sac_her_recovery_v2,goal_spoof_immediate,3,0.1,-150.0,0.0,0.279938516178967,150,1.0962268114089966,0.8890078663825989,0.0,1.0,,3549,v2,B2,sac_her_pickandplace_randomized_2M
sac_her_recovery_v2,goal_spoof_immediate,3,0.1,-150.0,0.0,0.21913733826878024,150,0.04567880555987358,1.107750415802002,0.0,1.0,,3550,v2,B2,sac_her_pickandplace_randomized_2M
sac_her_recovery_v2,goal_spoof_immediate,3,0.1,-150.0,0.0,0.06501870462464428,150,0.16525781154632568,1.5070585012435913,0.0,1.0,,3551,v2,B2,sac_her_pickandplace_randomized_2M
sac_her_recovery_v2,goal_spoof_immediate,3,0.1,-150.0,0.0,0.06928466552476888,150,0.07313056290149689,1.4890384674072266,0.0,1.0,,3552,v2,B2,sac_her_pickandplace_randomized_2M
sac_her_recovery_v2,goal_spoof_immediate,3,0.1,-150.0,0.0,0.2574102905370639,150,0.05141197517514229,0.69298255443573,0.0,1.0,,3553,v2,B2,sac_her_pickandplace_randomized_2M
sac_her_recovery_v2,goal_spoof_immediate,3,0.1,-150.0,0.0,0.1338297412238493,150,0.13378114998340607,1.296924114227295,0.0,1.0,,3554,v2,B2,sac_her_pickandplace_randomized_2M
sac_her_recovery_v2,goal_spoof_immediate,3,0.1,-150.0,0.0,0.10516957645382509,150,0.10485289990901947,1.2155094146728516,0.0,1.0,,3555,v2,B2,sac_her_pickandplace_randomized_2M
sac_her_recovery_v2,goal_spoof_immediate,3,0.1,-150.0,0.0,0.13925074134205662,150,0.15063492953777313,1.3523426055908203,0.0,1.0,,3556,v2,B2,sac_her_pickandplace_randomized_2M
sac_her_recovery_v2,goal_spoof_immediate,3,0.1,-149.0,0.0,0.9373459487871854,150,0.24622829258441925,1.6940594911575317,1.0,1.0,16.0,3557,v2,B2,sac_her_pickandplace_randomized_2M
sac_her_recovery_v2,goal_spoof_immediate,3,0.1,-150.0,0.0,0.05877175083164183,150,0.15515215694904327,1.0077712535858154,0.0,0.0,,3558,v2,B2,sac_her_pickandplace_randomized_2M
sac_her_recovery_v2,goal_spoof_immediate,3,0.1,-150.0,0.0,0.34809971692913483,150,0.055744364857673645,1.535037636756897,0.0,1.0,,3559,v2,B2,sac_her_pickandplace_randomized_2M
sac_her_recovery_v2,goal_spoof_immediate,3,0.1,-150.0,0.0,0.3281712652057657,150,0.062227312475442886,1.1522749662399292,0.0,1.0,,3560,v2,B2,sac_her_pickandplace_randomized_2M
sac_her_recovery_v2,goal_spoof_immediate,3,0.1,-150.0,0.0,0.07600829314675309,150,2.3416426181793213,1.2261170148849487,0.0,1.0,,3561,v2,B2,sac_her_pickandplace_randomized_2M
sac_her_recovery_v2,goal_spoof_immediate,3,0.1,-150.0,0.0,0.24502586869179394,150,0.04271479696035385,1.4143929481506348,0.0,1.0,,3562,v2,B2,sac_her_pickandplace_randomized_2M
sac_her_recovery_v2,goal_spoof_immediate,3,0.1,-150.0,0.0,0.20019303807791808,150,0.7638184428215027,1.2088536024093628,0.0,1.0,,3563,v2,B2,sac_her_pickandplace_randomized_2M
sac_her_recovery_v2,goal_spoof_immediate,3,0.1,-147.0,0.0,0.4435965796296668,150,0.2699829936027527,1.3634847402572632,0.0,1.0,9.0,3564,v2,B2,sac_her_pickandplace_randomized_2M
sac_her_recovery_v2,goal_spoof_immediate,3,0.1,-150.0,0.0,0.09179645111240674,150,0.2860071063041687,1.0942866802215576,0.0,1.0,,3565,v2,B2,sac_her_pickandplace_randomized_2M
sac_her_recovery_v2,goal_spoof_immediate,3,0.1,-150.0,0.0,0.5203492487847566,150,0.8547474145889282,1.6060900688171387,0.0,1.0,,3566,v2,B2,sac_her_pickandplace_randomized_2M
sac_her_recovery_v2,goal_spoof_immediate,3,0.1,-147.0,0.0,0.08172769880749986,150,0.5433762073516846,0.8635691404342651,1.0,1.0,2.0,3567,v2,B2,sac_her_pickandplace_randomized_2M
sac_her_recovery_v2,goal_spoof_immediate,3,0.1,-143.0,0.0,0.07155578019292376,150,1.6891157627105713,1.3485023975372314,0.0,0.0,9.0,3568,v2,B2,sac_her_pickandplace_randomized_2M
sac_her_recovery_v2,goal_spoof_immediate,3,0.1,-150.0,0.0,0.08444125214395054,150,0.2148105949163437,1.0732542276382446,0.0,1.0,,3569,v2,B2,sac_her_pickandplace_randomized_2M
sac_her_recovery_v3,goal_spoof_immediate,3,0.1,-150.0,0.0,0.11342986933816719,150,0.18266618251800537,1.3895808458328247,0.0,1.0,,3570,v3,B3,sac_her_pickandplace_randomized_2M
sac_her_recovery_v3,goal_spoof_immediate,3,0.1,-150.0,0.0,0.07759572087751436,150,1.9068665504455566,1.4865185022354126,1.0,1.0,,3571,v3,B3,sac_her_pickandplace_randomized_2M
sac_her_recovery_v3,goal_spoof_immediate,3,0.1,-150.0,0.0,0.11805919961748673,150,0.6553949117660522,1.074388861656189,1.0,1.0,,3572,v3,B3,sac_her_pickandplace_randomized_2M
sac_her_recovery_v3,goal_spoof_immediate,3,0.1,-120.0,0.0,0.2694838076512646,150,0.7574472427368164,1.5560544729232788,1.0,1.0,0.0,3573,v3,B3,sac_her_pickandplace_randomized_2M
sac_her_recovery_v3,goal_spoof_immediate,3,0.1,-130.0,0.0,0.06689928457172688,150,0.36889249086380005,0.8083460330963135,0.0,1.0,12.0,3574,v3,B3,sac_her_pickandplace_randomized_2M
sac_her_recovery_v3,goal_spoof_immediate,3,0.1,-150.0,0.0,0.09240228741540323,150,1.5884391069412231,1.4658284187316895,0.0,0.0,,3575,v3,B3,sac_her_pickandplace_randomized_2M
sac_her_recovery_v3,goal_spoof_immediate,3,0.1,-150.0,0.0,0.13486970561501388,150,0.5732223391532898,1.0256078243255615,0.0,1.0,,3576,v3,B3,sac_her_pickandplace_randomized_2M
sac_her_recovery_v3,goal_spoof_immediate,3,0.1,-150.0,0.0,0.1634588083034841,150,0.47891905903816223,1.1666589975357056,1.0,1.0,,3577,v3,B3,sac_her_pickandplace_randomized_2M
sac_her_recovery_v3,goal_spoof_immediate,3,0.1,-150.0,0.0,0.0733604830925145,150,0.31771743297576904,1.3424328565597534,0.0,1.0,,3578,v3,B3,sac_her_pickandplace_randomized_2M
sac_her_recovery_v3,goal_spoof_immediate,3,0.1,-70.0,1.0,0.029130654872013877,150,0.4469464123249054,1.085832118988037,1.0,1.0,70.0,3579,v3,B3,sac_her_pickandplace_randomized_2M
sac_her_recovery_v3,goal_spoof_immediate,3,0.1,-150.0,0.0,0.21913733826878024,150,0.05729634314775467,1.077755093574524,0.0,1.0,,3580,v3,B3,sac_her_pickandplace_randomized_2M
sac_her_recovery_v3,goal_spoof_immediate,3,0.1,-147.0,0.0,0.08787183990039484,150,0.18758924305438995,1.2680782079696655,0.0,0.0,8.0,3581,v3,B3,sac_her_pickandplace_randomized_2M
sac_her_recovery_v3,goal_spoof_immediate,3,0.1,-150.0,0.0,0.09950849793220153,150,0.3569353222846985,0.6442123651504517,1.0,1.0,,3582,v3,B3,sac_her_pickandplace_randomized_2M
sac_her_recovery_v3,goal_spoof_immediate,3,0.1,-150.0,0.0,0.2574102905370639,150,0.056764326989650726,1.3467854261398315,0.0,1.0,,3583,v3,B3,sac_her_pickandplace_randomized_2M
sac_her_recovery_v3,goal_spoof_immediate,3,0.1,-150.0,0.0,0.1338297412238493,150,0.11749821901321411,1.3839597702026367,0.0,1.0,,3584,v3,B3,sac_her_pickandplace_randomized_2M
sac_her_recovery_v3,goal_spoof_immediate,3,0.1,-147.0,0.0,0.052939112881012426,150,0.2796246409416199,1.082344651222229,0.0,1.0,18.0,3585,v3,B3,sac_her_pickandplace_randomized_2M
sac_her_recovery_v3,goal_spoof_immediate,3,0.1,-113.0,1.0,0.04618906232522052,150,0.45203885436058044,1.0140460729599,0.0,1.0,110.0,3586,v3,B3,sac_her_pickandplace_randomized_2M
sac_her_recovery_v3,goal_spoof_immediate,3,0.1,-150.0,0.0,0.18752370611649097,150,0.053378745913505554,0.36708155274391174,0.0,1.0,,3587,v3,B3,sac_her_pickandplace_randomized_2M
sac_her_recovery_v3,goal_spoof_immediate,3,0.1,-148.0,0.0,0.4802678555665513,150,0.3790605366230011,1.6551454067230225,1.0,1.0,13.0,3588,v3,B3,sac_her_pickandplace_randomized_2M
sac_her_recovery_v3,goal_spoof_immediate,3,0.1,-150.0,0.0,0.34809971692913483,150,0.05058957263827324,1.2742174863815308,0.0,1.0,,3589,v3,B3,sac_her_pickandplace_randomized_2M
sac_her_recovery_v3,goal_spoof_immediate,3,0.1,-150.0,0.0,0.3281712652057657,150,0.06705004721879959,1.234650731086731,0.0,1.0,,3590,v3,B3,sac_her_pickandplace_randomized_2M
sac_her_recovery_v3,goal_spoof_immediate,3,0.1,-150.0,0.0,0.07600829314675309,150,0.16002319753170013,0.6611787676811218,0.0,1.0,,3591,v3,B3,sac_her_pickandplace_randomized_2M
sac_her_recovery_v3,goal_spoof_immediate,3,0.1,-150.0,0.0,0.24502586869179394,150,0.046218391507864,1.365809679031372,0.0,1.0,,3592,v3,B3,sac_her_pickandplace_randomized_2M
sac_her_recovery_v3,goal_spoof_immediate,3,0.1,-150.0,0.0,0.27806106466638425,150,0.35999172925949097,1.2554502487182617,0.0,1.0,,3593,v3,B3,sac_her_pickandplace_randomized_2M
sac_her_recovery_v3,goal_spoof_immediate,3,0.1,-150.0,0.0,0.16115165410293356,150,0.2006148248910904,1.211890697479248,0.0,1.0,,3594,v3,B3,sac_her_pickandplace_randomized_2M
sac_her_recovery_v3,goal_spoof_immediate,3,0.1,-150.0,0.0,0.0934060544263366,150,1.4074043035507202,1.5117751359939575,0.0,0.0,,3595,v3,B3,sac_her_pickandplace_randomized_2M
sac_her_recovery_v3,goal_spoof_immediate,3,0.1,-150.0,0.0,0.15570528385821783,150,0.36101120710372925,1.1783499717712402,0.0,1.0,,3596,v3,B3,sac_her_pickandplace_randomized_2M
sac_her_recovery_v3,goal_spoof_immediate,3,0.1,-148.0,0.0,0.06561640830670355,150,0.14646504819393158,1.2548686265945435,0.0,1.0,3.0,3597,v3,B3,sac_her_pickandplace_randomized_2M
sac_her_recovery_v3,goal_spoof_immediate,3,0.1,-10.0,1.0,0.00020042260260566967,150,0.08442213386297226,0.13570590317249298,0.0,1.0,10.0,3598,v3,B3,sac_her_pickandplace_randomized_2M
sac_her_recovery_v3,goal_spoof_immediate,3,0.1,-150.0,0.0,0.2166593825132957,150,0.21533451974391937,1.213667869567871,0.0,1.0,,3599,v3,B3,sac_her_pickandplace_randomized_2M
sac_her,goal_spoof_midep,3,0.1,-7.0,1.0,0.03486297362306968,150,0.48940128087997437,1.265309453010559,0.0,0.0,7.0,3600,none,B1,sac_her_pickandplace_randomized_2M
sac_her,goal_spoof_midep,3,0.1,-97.0,0.0,0.09951583615809106,150,0.3644235134124756,1.245877742767334,0.0,0.0,9.0,3601,none,B1,sac_her_pickandplace_randomized_2M
sac_her,goal_spoof_midep,3,0.1,-17.0,1.0,0.015668723435928275,150,1.7467694282531738,1.2089155912399292,1.0,0.0,17.0,3602,none,B1,sac_her_pickandplace_randomized_2M
sac_her,goal_spoof_midep,3,0.1,-3.0,1.0,0.03201148173933303,150,1.3676022291183472,0.9322969317436218,0.0,0.0,0.0,3603,none,B1,sac_her_pickandplace_randomized_2M
sac_her,goal_spoof_midep,3,0.1,-74.0,0.0,0.05068380424619899,150,1.1131863594055176,1.3848679065704346,1.0,0.0,7.0,3604,none,B1,sac_her_pickandplace_randomized_2M
sac_her,goal_spoof_midep,3,0.1,-148.0,0.0,0.4347969805145396,150,0.3230940103530884,1.591003179550171,0.0,0.0,17.0,3605,none,B1,sac_her_pickandplace_randomized_2M
sac_her,goal_spoof_midep,3,0.1,-103.0,0.0,0.4749884686109053,150,0.6515467762947083,1.2896345853805542,0.0,0.0,10.0,3606,none,B1,sac_her_pickandplace_randomized_2M
sac_her,goal_spoof_midep,3,0.1,-150.0,0.0,0.26729827437850046,150,3.176088571548462,1.8640450239181519,1.0,0.0,,3607,none,B1,sac_her_pickandplace_randomized_2M
sac_her,goal_spoof_midep,3,0.1,-145.0,0.0,0.12460212073475437,150,0.9945675730705261,1.4556901454925537,1.0,0.0,26.0,3608,none,B1,sac_her_pickandplace_randomized_2M
sac_her,goal_spoof_midep,3,0.1,-138.0,0.0,0.45572968256492713,150,0.37086623907089233,1.4227612018585205,0.0,0.0,19.0,3609,none,B1,sac_her_pickandplace_randomized_2M
sac_her,goal_spoof_midep,3,0.1,-150.0,0.0,0.21913733826878024,150,0.02769785188138485,1.5034464597702026,0.0,0.0,,3610,none,B1,sac_her_pickandplace_randomized_2M
sac_her,goal_spoof_midep,3,0.1,-10.0,1.0,0.04515658888364204,150,0.18099363148212433,1.2240644693374634,0.0,0.0,10.0,3611,none,B1,sac_her_pickandplace_randomized_2M
sac_her,goal_spoof_midep,3,0.1,-22.0,1.0,0.044720013022011396,150,0.2889818847179413,1.3866697549819946,0.0,0.0,5.0,3612,none,B1,sac_her_pickandplace_randomized_2M
sac_her,goal_spoof_midep,3,0.1,-150.0,0.0,0.2574102905370639,150,0.048051316291093826,1.1028999090194702,0.0,0.0,,3613,none,B1,sac_her_pickandplace_randomized_2M
sac_her,goal_spoof_midep,3,0.1,-150.0,0.0,0.12505952303784415,150,0.8645349144935608,1.37517249584198,0.0,0.0,,3614,none,B1,sac_her_pickandplace_randomized_2M
sac_her,goal_spoof_midep,3,0.1,-91.0,0.0,0.05416413333853143,150,0.9449082016944885,1.0220115184783936,0.0,0.0,11.0,3615,none,B1,sac_her_pickandplace_randomized_2M
sac_her,goal_spoof_midep,3,0.1,-146.0,0.0,0.4356804428214874,150,0.6706761121749878,1.5421134233474731,0.0,0.0,8.0,3616,none,B1,sac_her_pickandplace_randomized_2M
sac_her,goal_spoof_midep,3,0.1,-149.0,0.0,0.1049194502187578,150,0.6853882074356079,1.0391340255737305,1.0,0.0,69.0,3617,none,B1,sac_her_pickandplace_randomized_2M
sac_her,goal_spoof_midep,3,0.1,-102.0,0.0,0.5505990227287165,150,1.1151400804519653,1.5045053958892822,1.0,0.0,16.0,3618,none,B1,sac_her_pickandplace_randomized_2M
sac_her,goal_spoof_midep,3,0.1,-150.0,0.0,0.34809971692913483,150,0.02877563051879406,1.52971613407135,0.0,0.0,,3619,none,B1,sac_her_pickandplace_randomized_2M
sac_her,goal_spoof_midep,3,0.1,-150.0,0.0,0.3281712652057657,150,0.05063323304057121,1.3094044923782349,0.0,0.0,,3620,none,B1,sac_her_pickandplace_randomized_2M
sac_her,goal_spoof_midep,3,0.1,-139.0,0.0,0.12362425549238054,150,1.7520780563354492,1.4901970624923706,1.0,0.0,5.0,3621,none,B1,sac_her_pickandplace_randomized_2M
sac_her,goal_spoof_midep,3,0.1,-150.0,0.0,0.24502586869179394,150,0.06290867179632187,1.2552542686462402,0.0,0.0,,3622,none,B1,sac_her_pickandplace_randomized_2M
sac_her,goal_spoof_midep,3,0.1,-23.0,1.0,0.04784427465968037,150,0.6337289810180664,1.3026187419891357,0.0,0.0,23.0,3623,none,B1,sac_her_pickandplace_randomized_2M
sac_her,goal_spoof_midep,3,0.1,-100.0,0.0,0.5091437075588641,150,0.44077906012535095,1.1078015565872192,0.0,0.0,14.0,3624,none,B1,sac_her_pickandplace_randomized_2M
sac_her,goal_spoof_midep,3,0.1,-95.0,0.0,0.11818016309613211,150,0.40971770882606506,1.1687166690826416,0.0,0.0,7.0,3625,none,B1,sac_her_pickandplace_randomized_2M
sac_her,goal_spoof_midep,3,0.1,-15.0,1.0,0.022095743364375572,150,0.26810529828071594,0.8354766964912415,0.0,0.0,15.0,3626,none,B1,sac_her_pickandplace_randomized_2M
sac_her,goal_spoof_midep,3,0.1,-2.0,1.0,0.01052994404488353,150,0.2047015130519867,0.715733528137207,0.0,0.0,2.0,3627,none,B1,sac_her_pickandplace_randomized_2M
sac_her,goal_spoof_midep,3,0.1,-120.0,0.0,0.09493550529361497,150,0.920582115650177,1.300049066543579,1.0,0.0,8.0,3628,none,B1,sac_her_pickandplace_randomized_2M
sac_her,goal_spoof_midep,3,0.1,-20.0,1.0,0.04657523293973258,150,0.9973958730697632,1.2300256490707397,0.0,0.0,11.0,3629,none,B1,sac_her_pickandplace_randomized_2M
sac_her_recovery_v2,goal_spoof_midep,3,0.1,-96.0,0.0,0.09103006270529176,150,1.6142979860305786,1.401082992553711,1.0,1.0,7.0,3630,v2,B2,sac_her_pickandplace_randomized_2M
sac_her_recovery_v2,goal_spoof_midep,3,0.1,-85.0,1.0,0.046194399376238066,150,1.5565924644470215,1.4213409423828125,1.0,1.0,9.0,3631,v2,B2,sac_her_pickandplace_randomized_2M
sac_her_recovery_v2,goal_spoof_midep,3,0.1,-101.0,0.0,0.1202398747690029,150,0.5132034420967102,1.2517948150634766,0.0,1.0,17.0,3632,v2,B2,sac_her_pickandplace_randomized_2M
sac_her_recovery_v2,goal_spoof_midep,3,0.1,-86.0,0.0,0.08731404156861673,150,0.8186555504798889,1.1772725582122803,0.0,1.0,0.0,3633,v2,B2,sac_her_pickandplace_randomized_2M
sac_her_recovery_v2,goal_spoof_midep,3,0.1,-89.0,0.0,0.09188884557420653,150,0.4242813289165497,1.0626800060272217,0.0,0.0,7.0,3634,v2,B2,sac_her_pickandplace_randomized_2M
sac_her_recovery_v2,goal_spoof_midep,3,0.1,-150.0,0.0,0.05787862106892077,150,0.6707366108894348,1.283992052078247,0.0,1.0,,3635,v2,B2,sac_her_pickandplace_randomized_2M
sac_her_recovery_v2,goal_spoof_midep,3,0.1,-100.0,0.0,0.05136470050198519,150,0.43742457032203674,0.7841604351997375,1.0,1.0,20.0,3636,v2,B2,sac_her_pickandplace_randomized_2M
sac_her_recovery_v2,goal_spoof_midep,3,0.1,-128.0,0.0,0.20843756417750206,150,1.3818185329437256,1.453518033027649,1.0,1.0,28.0,3637,v2,B2,sac_her_pickandplace_randomized_2M
sac_her_recovery_v2,goal_spoof_midep,3,0.1,-84.0,0.0,0.2346535559726245,150,0.7108556032180786,1.26457679271698,1.0,1.0,26.0,3638,v2,B2,sac_her_pickandplace_randomized_2M
sac_her_recovery_v2,goal_spoof_midep,3,0.1,-150.0,0.0,0.06669377940940698,150,1.7599884271621704,1.1863000392913818,1.0,1.0,,3639,v2,B2,sac_her_pickandplace_randomized_2M
sac_her_recovery_v2,goal_spoof_midep,3,0.1,-150.0,0.0,0.21913733826878024,150,0.04454207420349121,1.2668625116348267,0.0,1.0,,3640,v2,B2,sac_her_pickandplace_randomized_2M
sac_her_recovery_v2,goal_spoof_midep,3,0.1,-99.0,0.0,0.09399346123826748,150,1.2540730237960815,1.3698081970214844,1.0,0.0,10.0,3641,v2,B2,sac_her_pickandplace_randomized_2M
sac_her_recovery_v2,goal_spoof_midep,3,0.1,-100.0,0.0,0.06269525486254923,150,0.5938097238540649,1.0029284954071045,0.0,1.0,5.0,3642,v2,B2,sac_her_pickandplace_randomized_2M
sac_her_recovery_v2,goal_spoof_midep,3,0.1,-150.0,0.0,0.2574102905370639,150,0.07555366307497025,1.2610329389572144,0.0,1.0,,3643,v2,B2,sac_her_pickandplace_randomized_2M
sac_her_recovery_v2,goal_spoof_midep,3,0.1,-150.0,0.0,0.1338297412238493,150,0.406024307012558,1.467606782913208,0.0,1.0,,3644,v2,B2,sac_her_pickandplace_randomized_2M
sac_her_recovery_v2,goal_spoof_midep,3,0.1,-97.0,0.0,0.14055394425276627,150,0.44021692872047424,0.5558067560195923,0.0,1.0,11.0,3645,v2,B2,sac_her_pickandplace_randomized_2M
sac_her_recovery_v2,goal_spoof_midep,3,0.1,-145.0,0.0,0.05714925602087778,150,1.1379142999649048,0.9633894562721252,1.0,0.0,8.0,3646,v2,B2,sac_her_pickandplace_randomized_2M
sac_her_recovery_v2,goal_spoof_midep,3,0.1,-149.0,0.0,0.06828843310510684,150,0.6530041098594666,0.965233564376831,1.0,1.0,57.0,3647,v2,B2,sac_her_pickandplace_randomized_2M
sac_her_recovery_v2,goal_spoof_midep,3,0.1,-98.0,0.0,0.10752016876577825,150,1.1794850826263428,1.3680287599563599,0.0,1.0,26.0,3648,v2,B2,sac_her_pickandplace_randomized_2M
sac_her_recovery_v2,goal_spoof_midep,3,0.1,-150.0,0.0,0.34809971692913483,150,0.06048112362623215,1.4563490152359009,0.0,1.0,,3649,v2,B2,sac_her_pickandplace_randomized_2M
sac_her_recovery_v2,goal_spoof_midep,3,0.1,-150.0,0.0,0.3281712652057657,150,0.08045879751443863,1.4857773780822754,0.0,1.0,,3650,v2,B2,sac_her_pickandplace_randomized_2M
sac_her_recovery_v2,goal_spoof_midep,3,0.1,-50.0,1.0,0.010091116443679356,150,0.4317987859249115,0.6402614116668701,1.0,1.0,5.0,3651,v2,B2,sac_her_pickandplace_randomized_2M
sac_her_recovery_v2,goal_spoof_midep,3,0.1,-150.0,0.0,0.24502586869179394,150,0.04658203944563866,1.3164949417114258,0.0,1.0,,3652,v2,B2,sac_her_pickandplace_randomized_2M
sac_her_recovery_v2,goal_spoof_midep,3,0.1,-75.0,1.0,0.025984122329427307,150,1.4704761505126953,1.2565045356750488,1.0,1.0,14.0,3653,v2,B2,sac_her_pickandplace_randomized_2M
sac_her_recovery_v2,goal_spoof_midep,3,0.1,-48.0,1.0,0.048680613913503576,150,1.876452922821045,1.4792042970657349,1.0,1.0,21.0,3654,v2,B2,sac_her_pickandplace_randomized_2M
sac_her_recovery_v2,goal_spoof_midep,3,0.1,-58.0,1.0,0.04975032739904249,150,1.1447926759719849,1.0877633094787598,0.0,1.0,11.0,3655,v2,B2,sac_her_pickandplace_randomized_2M
sac_her_recovery_v2,goal_spoof_midep,3,0.1,-150.0,0.0,0.22739338476143214,150,0.3193289339542389,1.2256768941879272,0.0,1.0,,3656,v2,B2,sac_her_pickandplace_randomized_2M
sac_her_recovery_v2,goal_spoof_midep,3,0.1,-75.0,0.0,0.07429984725814624,150,1.1518372297286987,1.332326889038086,1.0,1.0,2.0,3657,v2,B2,sac_her_pickandplace_randomized_2M
sac_her_recovery_v2,goal_spoof_midep,3,0.1,-96.0,0.0,0.05049628128072847,150,0.8114296197891235,1.2820557355880737,1.0,1.0,8.0,3658,v2,B2,sac_her_pickandplace_randomized_2M
sac_her_recovery_v2,goal_spoof_midep,3,0.1,-97.0,0.0,0.12327533074773661,150,1.1284778118133545,1.3981974124908447,1.0,1.0,11.0,3659,v2,B2,sac_her_pickandplace_randomized_2M
sac_her_recovery_v3,goal_spoof_midep,3,0.1,-95.0,0.0,0.7264638303707236,150,1.6220471858978271,1.4473623037338257,1.0,1.0,7.0,3660,v3,B3,sac_her_pickandplace_randomized_2M
sac_her_recovery_v3,goal_spoof_midep,3,0.1,-97.0,0.0,0.09503944000589547,150,0.37152743339538574,1.3331871032714844,0.0,0.0,9.0,3661,v3,B3,sac_her_pickandplace_randomized_2M
sac_her_recovery_v3,goal_spoof_midep,3,0.1,-108.0,0.0,0.10762760266164097,150,0.48771780729293823,1.3592073917388916,0.0,1.0,20.0,3662,v3,B3,sac_her_pickandplace_randomized_2M
sac_her_recovery_v3,goal_spoof_midep,3,0.1,-73.0,0.0,0.17111782320734806,150,1.0239648818969727,1.045843482017517,0.0,1.0,0.0,3663,v3,B3,sac_her_pickandplace_randomized_2M
sac_her_recovery_v3,goal_spoof_midep,3,0.1,-91.0,0.0,0.05846440532048411,150,0.4037211835384369,1.0049372911453247,0.0,0.0,7.0,3664,v3,B3,sac_her_pickandplace_randomized_2M
sac_her_recovery_v3,goal_spoof_midep,3,0.1,-150.0,0.0,0.25870314616129386,150,0.16815918684005737,1.1214807033538818,0.0,1.0,,3665,v3,B3,sac_her_pickandplace_randomized_2M
sac_her_recovery_v3,goal_spoof_midep,3,0.1,-43.0,1.0,0.00731793556277807,150,1.3089348077774048,1.1709696054458618,0.0,1.0,43.0,3666,v3,B3,sac_her_pickandplace_randomized_2M
sac_her_recovery_v3,goal_spoof_midep,3,0.1,-105.0,0.0,0.08771958982491082,150,0.43840575218200684,0.9865356683731079,1.0,1.0,18.0,3667,v3,B3,sac_her_pickandplace_randomized_2M
sac_her_recovery_v3,goal_spoof_midep,3,0.1,-30.0,1.0,0.014030488091953662,150,0.5368214249610901,1.211225152015686,1.0,1.0,26.0,3668,v3,B3,sac_her_pickandplace_randomized_2M
sac_her_recovery_v3,goal_spoof_midep,3,0.1,-150.0,0.0,0.279938516178967,150,0.2511594593524933,1.3924267292022705,1.0,1.0,,3669,v3,B3,sac_her_pickandplace_randomized_2M
sac_her_recovery_v3,goal_spoof_midep,3,0.1,-150.0,0.0,0.21913733826878024,150,0.05700455605983734,1.2449284791946411,0.0,1.0,,3670,v3,B3,sac_her_pickandplace_randomized_2M
sac_her_recovery_v3,goal_spoof_midep,3,0.1,-10.0,1.0,0.0433948168864783,150,0.300735741853714,1.1646250486373901,0.0,0.0,10.0,3671,v3,B3,sac_her_pickandplace_randomized_2M
sac_her_recovery_v3,goal_spoof_midep,3,0.1,-28.0,1.0,0.03508499695989288,150,0.5662458539009094,0.7848255038261414,0.0,1.0,5.0,3672,v3,B3,sac_her_pickandplace_randomized_2M
sac_her_recovery_v3,goal_spoof_midep,3,0.1,-150.0,0.0,0.2574102905370639,150,0.07037555426359177,1.2224574089050293,0.0,1.0,,3673,v3,B3,sac_her_pickandplace_randomized_2M
sac_her_recovery_v3,goal_spoof_midep,3,0.1,-150.0,0.0,0.1305948423454244,150,0.2855333983898163,1.126152515411377,0.0,1.0,,3674,v3,B3,sac_her_pickandplace_randomized_2M
sac_her_recovery_v3,goal_spoof_midep,3,0.1,-108.0,0.0,0.05229564908021676,150,1.9537415504455566,1.6107748746871948,1.0,1.0,11.0,3675,v3,B3,sac_her_pickandplace_randomized_2M
sac_her_recovery_v3,goal_spoof_midep,3,0.1,-146.0,0.0,0.44063793983244937,150,0.8767551779747009,1.5489463806152344,0.0,1.0,8.0,3676,v3,B3,sac_her_pickandplace_randomized_2M
sac_her_recovery_v3,goal_spoof_midep,3,0.1,-143.0,0.0,0.05944550083044426,150,1.4120118618011475,1.1867998838424683,1.0,1.0,18.0,3677,v3,B3,sac_her_pickandplace_randomized_2M
sac_her_recovery_v3,goal_spoof_midep,3,0.1,-146.0,0.0,0.45198953254498125,150,0.5806605219841003,1.4258623123168945,1.0,1.0,28.0,3678,v3,B3,sac_her_pickandplace_randomized_2M
sac_her_recovery_v3,goal_spoof_midep,3,0.1,-150.0,0.0,0.34809971692913483,150,0.065838523209095,1.4433475732803345,0.0,1.0,,3679,v3,B3,sac_her_pickandplace_randomized_2M
sac_her_recovery_v3,goal_spoof_midep,3,0.1,-150.0,0.0,0.3281712652057657,150,0.08083124458789825,1.4165178537368774,0.0,1.0,,3680,v3,B3,sac_her_pickandplace_randomized_2M
sac_her_recovery_v3,goal_spoof_midep,3,0.1,-71.0,1.0,0.03454297576314763,150,0.7150653600692749,1.284735083580017,1.0,1.0,5.0,3681,v3,B3,sac_her_pickandplace_randomized_2M
sac_her_recovery_v3,goal_spoof_midep,3,0.1,-150.0,0.0,0.24502586869179394,150,0.05065052583813667,1.2730259895324707,0.0,1.0,,3682,v3,B3,sac_her_pickandplace_randomized_2M
sac_her_recovery_v3,goal_spoof_midep,3,0.1,-149.0,0.0,0.5663128642896167,150,0.25547751784324646,1.3346434831619263,0.0,1.0,54.0,3683,v3,B3,sac_her_pickandplace_randomized_2M
sac_her_recovery_v3,goal_spoof_midep,3,0.1,-134.0,0.0,0.18453755669945504,150,0.3576112389564514,1.4033422470092773,1.0,1.0,19.0,3684,v3,B3,sac_her_pickandplace_randomized_2M
sac_her_recovery_v3,goal_spoof_midep,3,0.1,-150.0,0.0,0.10722835589413704,150,0.4824330806732178,1.117146372795105,0.0,1.0,,3685,v3,B3,sac_her_pickandplace_randomized_2M
sac_her_recovery_v3,goal_spoof_midep,3,0.1,-51.0,1.0,0.019570318672139018,150,0.6432971954345703,1.0324443578720093,1.0,1.0,50.0,3686,v3,B3,sac_her_pickandplace_randomized_2M
sac_her_recovery_v3,goal_spoof_midep,3,0.1,-2.0,1.0,0.0439575139152641,150,0.33379262685775757,1.1761817932128906,0.0,0.0,2.0,3687,v3,B3,sac_her_pickandplace_randomized_2M
sac_her_recovery_v3,goal_spoof_midep,3,0.1,-98.0,0.0,0.10565541022644923,150,0.9341971278190613,1.3198564052581787,1.0,1.0,8.0,3688,v3,B3,sac_her_pickandplace_randomized_2M
sac_her_recovery_v3,goal_spoof_midep,3,0.1,-11.0,1.0,0.015053840526254454,150,0.5904645323753357,1.0219248533248901,0.0,0.0,11.0,3689,v3,B3,sac_her_pickandplace_randomized_2M
sac_her,object_pose_spoof,3,0.1,-146.0,0.0,0.07714951891057888,150,1.6038410663604736,1.2930525541305542,1.0,0.0,10.0,3690,none,B1,sac_her_pickandplace_randomized_2M
sac_her,object_pose_spoof,3,0.1,-150.0,0.0,0.06791401592281661,150,1.9980500936508179,1.729295253753662,0.0,0.0,,3691,none,B1,sac_her_pickandplace_randomized_2M
sac_her,object_pose_spoof,3,0.1,-45.0,1.0,0.03250469995619884,150,0.5764078497886658,1.501923680305481,1.0,0.0,45.0,3692,none,B1,sac_her_pickandplace_randomized_2M
sac_her,object_pose_spoof,3,0.1,-148.0,0.0,0.07266741497552318,150,1.5914056301116943,0.886343777179718,0.0,0.0,0.0,3693,none,B1,sac_her_pickandplace_randomized_2M
sac_her,object_pose_spoof,3,0.1,-139.0,0.0,0.09092928289476176,150,1.3292421102523804,1.1339730024337769,0.0,0.0,9.0,3694,none,B1,sac_her_pickandplace_randomized_2M
sac_her,object_pose_spoof,3,0.1,-149.0,0.0,0.06519905828087587,150,0.27863171696662903,1.017734408378601,0.0,0.0,19.0,3695,none,B1,sac_her_pickandplace_randomized_2M
sac_her,object_pose_spoof,3,0.1,-150.0,0.0,0.10916334774840387,150,0.15646596252918243,1.3973807096481323,0.0,0.0,,3696,none,B1,sac_her_pickandplace_randomized_2M
sac_her,object_pose_spoof,3,0.1,-150.0,0.0,0.23352936710684102,150,0.9086062908172607,0.8559210300445557,0.0,0.0,,3697,none,B1,sac_her_pickandplace_randomized_2M
sac_her,object_pose_spoof,3,0.1,-148.0,0.0,0.17549372501280436,150,0.1950034350156784,0.9247568845748901,1.0,0.0,11.0,3698,none,B1,sac_her_pickandplace_randomized_2M
sac_her,object_pose_spoof,3,0.1,-150.0,0.0,0.6170671760400522,150,0.37369731068611145,1.6374818086624146,0.0,0.0,,3699,none,B1,sac_her_pickandplace_randomized_2M
sac_her,object_pose_spoof,3,0.1,-150.0,0.0,0.21913733826878024,150,0.038357868790626526,1.5321450233459473,0.0,0.0,,3700,none,B1,sac_her_pickandplace_randomized_2M
sac_her,object_pose_spoof,3,0.1,-11.0,1.0,0.03804246029809401,150,0.8260305523872375,1.5162514448165894,0.0,0.0,11.0,3701,none,B1,sac_her_pickandplace_randomized_2M
sac_her,object_pose_spoof,3,0.1,-23.0,1.0,0.04638111463079849,150,0.6071574687957764,0.8545370697975159,1.0,0.0,23.0,3702,none,B1,sac_her_pickandplace_randomized_2M
sac_her,object_pose_spoof,3,0.1,-150.0,0.0,0.2574102905370639,150,0.025953218340873718,0.696376383304596,0.0,0.0,,3703,none,B1,sac_her_pickandplace_randomized_2M
sac_her,object_pose_spoof,3,0.1,-150.0,0.0,0.1338297412238493,150,1.3834325075149536,1.2713069915771484,0.0,0.0,,3704,none,B1,sac_her_pickandplace_randomized_2M
sac_her,object_pose_spoof,3,0.1,-150.0,0.0,0.16216128596204943,150,1.596592903137207,1.479889988899231,0.0,0.0,,3705,none,B1,sac_her_pickandplace_randomized_2M
sac_her,object_pose_spoof,3,0.1,-150.0,0.0,0.09746663093615443,150,0.18242499232292175,1.0295343399047852,0.0,0.0,,3706,none,B1,sac_her_pickandplace_randomized_2M
sac_her,object_pose_spoof,3,0.1,-150.0,0.0,0.87473792624399,150,0.19995972514152527,1.6066666841506958,1.0,0.0,,3707,none,B1,sac_her_pickandplace_randomized_2M
sac_her,object_pose_spoof,3,0.1,-142.0,0.0,0.5751988186809461,150,0.5118967294692993,1.6157137155532837,1.0,0.0,18.0,3708,none,B1,sac_her_pickandplace_randomized_2M
sac_her,object_pose_spoof,3,0.1,-150.0,0.0,0.34809971692913483,150,0.02012467384338379,1.3210080862045288,0.0,0.0,,3709,none,B1,sac_her_pickandplace_randomized_2M
sac_her,object_pose_spoof,3,0.1,-150.0,0.0,0.3281712652057657,150,0.027513673529028893,1.4932737350463867,0.0,0.0,,3710,none,B1,sac_her_pickandplace_randomized_2M
sac_her,object_pose_spoof,3,0.1,-150.0,0.0,0.09682123089660273,150,1.3828877210617065,0.7614534497261047,0.0,0.0,,3711,none,B1,sac_her_pickandplace_randomized_2M
sac_her,object_pose_spoof,3,0.1,-150.0,0.0,0.24502586869179394,150,0.030631503090262413,1.2847076654434204,0.0,0.0,,3712,none,B1,sac_her_pickandplace_randomized_2M
sac_her,object_pose_spoof,3,0.1,-150.0,0.0,0.21092037048696083,150,0.639161229133606,1.1773431301116943,0.0,0.0,,3713,none,B1,sac_her_pickandplace_randomized_2M
sac_her,object_pose_spoof,3,0.1,-125.0,0.0,0.07654727905098217,150,1.8108043670654297,1.5711114406585693,1.0,0.0,6.0,3714,none,B1,sac_her_pickandplace_randomized_2M
sac_her,object_pose_spoof,3,0.1,-147.0,0.0,0.1064758270857963,150,0.3446863293647766,1.1926637887954712,0.0,0.0,13.0,3715,none,B1,sac_her_pickandplace_randomized_2M
sac_her,object_pose_spoof,3,0.1,-146.0,0.0,0.05103971390402174,150,1.9321600198745728,1.4709579944610596,0.0,0.0,17.0,3716,none,B1,sac_her_pickandplace_randomized_2M
sac_her,object_pose_spoof,3,0.1,-133.0,0.0,0.060248020678664874,150,2.006244659423828,1.345184564590454,1.0,0.0,6.0,3717,none,B1,sac_her_pickandplace_randomized_2M
sac_her,object_pose_spoof,3,0.1,-150.0,0.0,0.47249070140037736,150,0.2706862986087799,1.5813788175582886,0.0,0.0,,3718,none,B1,sac_her_pickandplace_randomized_2M
sac_her,object_pose_spoof,3,0.1,-149.0,0.0,0.5009215773901241,150,0.3696126639842987,1.7057517766952515,0.0,0.0,24.0,3719,none,B1,sac_her_pickandplace_randomized_2M
sac_her_recovery_v2,object_pose_spoof,3,0.1,-141.0,0.0,0.13977149348419748,150,1.7361609935760498,1.4599543809890747,0.0,0.0,7.0,3720,v2,B2,sac_her_pickandplace_randomized_2M
sac_her_recovery_v2,object_pose_spoof,3,0.1,-150.0,0.0,0.056422917270284714,150,1.3666044473648071,0.9598667621612549,0.0,0.0,,3721,v2,B2,sac_her_pickandplace_randomized_2M
sac_her_recovery_v2,object_pose_spoof,3,0.1,-150.0,0.0,0.07359876777868452,150,1.6615159511566162,1.0187228918075562,1.0,1.0,,3722,v2,B2,sac_her_pickandplace_randomized_2M
sac_her_recovery_v2,object_pose_spoof,3,0.1,0.0,1.0,0.037291979391266245,150,0.12213531881570816,1.0478163957595825,0.0,1.0,0.0,3723,v2,B2,sac_her_pickandplace_randomized_2M
sac_her_recovery_v2,object_pose_spoof,3,0.1,-148.0,0.0,0.07298253839816592,150,0.30278047919273376,0.4468071460723877,1.0,1.0,16.0,3724,v2,B2,sac_her_pickandplace_randomized_2M
sac_her_recovery_v2,object_pose_spoof,3,0.1,-15.0,1.0,0.039173354257585585,150,0.25701048970222473,0.34278684854507446,0.0,1.0,15.0,3725,v2,B2,sac_her_pickandplace_randomized_2M
sac_her_recovery_v2,object_pose_spoof,3,0.1,-19.0,1.0,0.03273320448754355,150,2.2279772758483887,1.6920255422592163,1.0,0.0,11.0,3726,v2,B2,sac_her_pickandplace_randomized_2M
sac_her_recovery_v2,object_pose_spoof,3,0.1,-150.0,0.0,0.2910080202333955,150,0.6252772212028503,1.3768550157546997,0.0,1.0,,3727,v2,B2,sac_her_pickandplace_randomized_2M
sac_her_recovery_v2,object_pose_spoof,3,0.1,-150.0,0.0,0.2826954081472873,150,0.6989175081253052,1.5469430685043335,1.0,1.0,,3728,v2,B2,sac_her_pickandplace_randomized_2M
sac_her_recovery_v2,object_pose_spoof,3,0.1,-150.0,0.0,0.11729378416603331,150,1.2756558656692505,1.1106626987457275,1.0,1.0,,3729,v2,B2,sac_her_pickandplace_randomized_2M
sac_her_recovery_v2,object_pose_spoof,3,0.1,-150.0,0.0,0.21913733826878024,150,0.04380696266889572,1.2763737440109253,0.0,1.0,,3730,v2,B2,sac_her_pickandplace_randomized_2M
sac_her_recovery_v2,object_pose_spoof,3,0.1,-149.0,0.0,0.05352396569215151,150,1.3246532678604126,1.2675409317016602,1.0,1.0,10.0,3731,v2,B2,sac_her_pickandplace_randomized_2M
sac_her_recovery_v2,object_pose_spoof,3,0.1,-146.0,0.0,0.09046784507811058,150,0.15729036927223206,0.9968487620353699,0.0,0.0,8.0,3732,v2,B2,sac_her_pickandplace_randomized_2M
sac_her_recovery_v2,object_pose_spoof,3,0.1,-150.0,0.0,0.2574102905370639,150,0.05385556444525719,1.1494605541229248,0.0,1.0,,3733,v2,B2,sac_her_pickandplace_randomized_2M
sac_her_recovery_v2,object_pose_spoof,3,0.1,-150.0,0.0,0.1338297412238493,150,0.03654691204428673,1.1171478033065796,0.0,1.0,,3734,v2,B2,sac_her_pickandplace_randomized_2M
sac_her_recovery_v2,object_pose_spoof,3,0.1,-150.0,0.0,0.06448455735211524,150,0.23607246577739716,0.9899190068244934,0.0,0.0,,3735,v2,B2,sac_her_pickandplace_randomized_2M
sac_her_recovery_v2,object_pose_spoof,3,0.1,-149.0,0.0,0.14689858744143888,150,0.46716737747192383,1.2171159982681274,0.0,1.0,23.0,3736,v2,B2,sac_her_pickandplace_randomized_2M
sac_her_recovery_v2,object_pose_spoof,3,0.1,-150.0,0.0,0.923944137200703,150,0.3657238483428955,1.5882782936096191,1.0,1.0,,3737,v2,B2,sac_her_pickandplace_randomized_2M
sac_her_recovery_v2,object_pose_spoof,3,0.1,-144.0,0.0,0.07660696653479779,150,0.4010719954967499,1.4873799085617065,1.0,0.0,9.0,3738,v2,B2,sac_her_pickandplace_randomized_2M
sac_her_recovery_v2,object_pose_spoof,3,0.1,-150.0,0.0,0.34809971692913483,150,0.056664932519197464,1.1951802968978882,0.0,1.0,,3739,v2,B2,sac_her_pickandplace_randomized_2M
sac_her_recovery_v2,object_pose_spoof,3,0.1,-150.0,0.0,0.3281712652057657,150,0.07776885479688644,1.4126403331756592,0.0,1.0,,3740,v2,B2,sac_her_pickandplace_randomized_2M
sac_her_recovery_v2,object_pose_spoof,3,0.1,-148.0,0.0,0.11260141343085664,150,0.9214164018630981,1.0166608095169067,0.0,1.0,5.0,3741,v2,B2,sac_her_pickandplace_randomized_2M
sac_her_recovery_v2,object_pose_spoof,3,0.1,-150.0,0.0,0.24502586869179394,150,0.051130957901477814,1.0698806047439575,0.0,1.0,,3742,v2,B2,sac_her_pickandplace_randomized_2M
sac_her_recovery_v2,object_pose_spoof,3,0.1,-150.0,0.0,0.07856370697720251,150,0.2098979502916336,1.022953748703003,0.0,0.0,,3743,v2,B2,sac_her_pickandplace_randomized_2M
sac_her_recovery_v2,object_pose_spoof,3,0.1,-150.0,0.0,0.07977224817274665,150,0.30108052492141724,1.1978200674057007,0.0,1.0,,3744,v2,B2,sac_her_pickandplace_randomized_2M
sac_her_recovery_v2,object_pose_spoof,3,0.1,-11.0,1.0,0.015116747265976097,150,1.1272251605987549,1.4060534238815308,0.0,1.0,11.0,3745,v2,B2,sac_her_pickandplace_randomized_2M
sac_her_recovery_v2,object_pose_spoof,3,0.1,-150.0,0.0,0.09887607932008484,150,0.26371660828590393,1.388728141784668,0.0,1.0,,3746,v2,B2,sac_her_pickandplace_randomized_2M
sac_her_recovery_v2,object_pose_spoof,3,0.1,-149.0,0.0,0.46981208826198495,150,0.15400518476963043,1.6576193571090698,0.0,1.0,3.0,3747,v2,B2,sac_her_pickandplace_randomized_2M
sac_her_recovery_v2,object_pose_spoof,3,0.1,-12.0,1.0,0.04419131250890693,150,0.262800931930542,1.508903980255127,0.0,0.0,9.0,3748,v2,B2,sac_her_pickandplace_randomized_2M
sac_her_recovery_v2,object_pose_spoof,3,0.1,-13.0,1.0,0.035994612566988125,150,1.856002926826477,1.3821953535079956,0.0,1.0,13.0,3749,v2,B2,sac_her_pickandplace_randomized_2M
sac_her_recovery_v3,object_pose_spoof,3,0.1,-114.0,1.0,0.036273978995790185,150,0.2954818308353424,0.9729021191596985,0.0,1.0,114.0,3750,v3,B3,sac_her_pickandplace_randomized_2M
sac_her_recovery_v3,object_pose_spoof,3,0.1,-141.0,0.0,0.06401607983518993,150,1.8950605392456055,1.6929570436477661,0.0,1.0,10.0,3751,v3,B3,sac_her_pickandplace_randomized_2M
sac_her_recovery_v3,object_pose_spoof,3,0.1,-150.0,0.0,0.6124604030134236,150,0.3071657419204712,1.6335535049438477,1.0,1.0,,3752,v3,B3,sac_her_pickandplace_randomized_2M
sac_her_recovery_v3,object_pose_spoof,3,0.1,-146.0,0.0,0.08348342036964101,150,0.21632631123065948,1.265812635421753,0.0,1.0,0.0,3753,v3,B3,sac_her_pickandplace_randomized_2M
sac_her_recovery_v3,object_pose_spoof,3,0.1,-141.0,0.0,0.18008577931237837,150,0.7637867331504822,1.2243504524230957,0.0,1.0,6.0,3754,v3,B3,sac_her_pickandplace_randomized_2M
sac_her_recovery_v3,object_pose_spoof,3,0.1,-148.0,0.0,0.5983689038199099,150,0.24053192138671875,1.3430081605911255,1.0,1.0,14.0,3755,v3,B3,sac_her_pickandplace_randomized_2M
sac_her_recovery_v3,object_pose_spoof,3,0.1,-150.0,0.0,0.29000454764943284,150,0.16449487209320068,1.3923736810684204,0.0,1.0,,3756,v3,B3,sac_her_pickandplace_randomized_2M
sac_her_recovery_v3,object_pose_spoof,3,0.1,-150.0,0.0,0.18914413382330006,150,0.49303463101387024,1.2969647645950317,0.0,1.0,,3757,v3,B3,sac_her_pickandplace_randomized_2M
sac_her_recovery_v3,object_pose_spoof,3,0.1,-150.0,0.0,0.05221670751533037,150,1.9340013265609741,1.491929531097412,0.0,1.0,,3758,v3,B3,sac_her_pickandplace_randomized_2M
sac_her_recovery_v3,object_pose_spoof,3,0.1,-150.0,0.0,0.279938516178967,150,0.2119630128145218,1.3768293857574463,1.0,1.0,,3759,v3,B3,sac_her_pickandplace_randomized_2M
sac_her_recovery_v3,object_pose_spoof,3,0.1,-150.0,0.0,0.21913733826878024,150,0.049659885466098785,1.1945053339004517,0.0,1.0,,3760,v3,B3,sac_her_pickandplace_randomized_2M
sac_her_recovery_v3,object_pose_spoof,3,0.1,-149.0,0.0,0.12604317670731016,150,0.2932230830192566,1.4401403665542603,0.0,0.0,11.0,3761,v3,B3,sac_her_pickandplace_randomized_2M
sac_her_recovery_v3,object_pose_spoof,3,0.1,-148.0,0.0,0.1288980180911718,150,0.23791898787021637,1.045280933380127,1.0,0.0,8.0,3762,v3,B3,sac_her_pickandplace_randomized_2M
sac_her_recovery_v3,object_pose_spoof,3,0.1,-150.0,0.0,0.2574102905370639,150,0.05006701499223709,1.1438138484954834,0.0,1.0,,3763,v3,B3,sac_her_pickandplace_randomized_2M
sac_her_recovery_v3,object_pose_spoof,3,0.1,-150.0,0.0,0.1338297412238493,150,0.05248648673295975,0.8903214335441589,0.0,1.0,,3764,v3,B3,sac_her_pickandplace_randomized_2M
sac_her_recovery_v3,object_pose_spoof,3,0.1,-117.0,0.0,0.16189784941404387,150,0.8313412666320801,1.2405905723571777,1.0,1.0,7.0,3765,v3,B3,sac_her_pickandplace_randomized_2M
sac_her_recovery_v3,object_pose_spoof,3,0.1,-16.0,1.0,0.04657784416206977,150,0.1656196266412735,1.1020723581314087,0.0,1.0,15.0,3766,v3,B3,sac_her_pickandplace_randomized_2M
sac_her_recovery_v3,object_pose_spoof,3,0.1,-150.0,0.0,0.08121562472070626,150,0.17722506821155548,1.0426597595214844,0.0,0.0,,3767,v3,B3,sac_her_pickandplace_randomized_2M
sac_her_recovery_v3,object_pose_spoof,3,0.1,-150.0,0.0,0.46227744781227714,150,0.15020997822284698,1.541273832321167,0.0,1.0,,3768,v3,B3,sac_her_pickandplace_randomized_2M
sac_her_recovery_v3,object_pose_spoof,3,0.1,-150.0,0.0,0.34809971692913483,150,0.05825472250580788,1.5044559240341187,0.0,1.0,,3769,v3,B3,sac_her_pickandplace_randomized_2M
sac_her_recovery_v3,object_pose_spoof,3,0.1,-150.0,0.0,0.3281712652057657,150,0.07754553854465485,1.2745219469070435,0.0,1.0,,3770,v3,B3,sac_her_pickandplace_randomized_2M
sac_her_recovery_v3,object_pose_spoof,3,0.1,-17.0,1.0,0.0007462472443022917,150,0.5681651830673218,0.7011363506317139,1.0,0.0,8.0,3771,v3,B3,sac_her_pickandplace_randomized_2M
sac_her_recovery_v3,object_pose_spoof,3,0.1,-150.0,0.0,0.24502586869179394,150,0.05677574500441551,1.0029113292694092,0.0,1.0,,3772,v3,B3,sac_her_pickandplace_randomized_2M
sac_her_recovery_v3,object_pose_spoof,3,0.1,-144.0,0.0,0.4435952209630093,150,0.46741148829460144,1.5113424062728882,1.0,1.0,25.0,3773,v3,B3,sac_her_pickandplace_randomized_2M
sac_her_recovery_v3,object_pose_spoof,3,0.1,-123.0,0.0,0.08354115370873023,150,0.4703139662742615,1.2258670330047607,0.0,1.0,6.0,3774,v3,B3,sac_her_pickandplace_randomized_2M
sac_her_recovery_v3,object_pose_spoof,3,0.1,-150.0,0.0,0.058610742669327,150,0.1254740208387375,1.26520836353302,0.0,0.0,,3775,v3,B3,sac_her_pickandplace_randomized_2M
sac_her_recovery_v3,object_pose_spoof,3,0.1,-150.0,0.0,0.08119229931170681,150,1.5053634643554688,1.5037446022033691,0.0,1.0,,3776,v3,B3,sac_her_pickandplace_randomized_2M
sac_her_recovery_v3,object_pose_spoof,3,0.1,-147.0,0.0,0.08596116979534528,150,0.3595331609249115,1.346285104751587,0.0,1.0,3.0,3777,v3,B3,sac_her_pickandplace_randomized_2M
sac_her_recovery_v3,object_pose_spoof,3,0.1,-150.0,0.0,0.11780901027714442,150,0.2014138549566269,0.9724342823028564,0.0,1.0,,3778,v3,B3,sac_her_pickandplace_randomized_2M
sac_her_recovery_v3,object_pose_spoof,3,0.1,-147.0,0.0,0.10974701466242051,150,1.4138681888580322,0.9633131623268127,1.0,1.0,23.0,3779,v3,B3,sac_her_pickandplace_randomized_2M
sac_her,grip_state_falsification,3,0.0,-13.0,1.0,0.007934555407491899,150,0.27477365732192993,1.0473443269729614,0.0,0.0,13.0,3780,none,B1,sac_her_pickandplace_randomized_2M
sac_her,grip_state_falsification,3,0.0,-15.0,1.0,0.01223589882526205,150,1.1080348491668701,0.8540909886360168,0.0,0.0,7.0,3781,none,B1,sac_her_pickandplace_randomized_2M
sac_her,grip_state_falsification,3,0.0,-16.0,1.0,0.011772072212370492,150,1.1537665128707886,0.823495090007782,0.0,0.0,12.0,3782,none,B1,sac_her_pickandplace_randomized_2M
sac_her,grip_state_falsification,3,0.0,-1.0,1.0,0.00907101153189284,150,0.22768568992614746,0.6213115453720093,0.0,0.0,0.0,3783,none,B1,sac_her_pickandplace_randomized_2M
sac_her,grip_state_falsification,3,0.0,-6.0,1.0,0.022802488882816694,150,0.15756455063819885,1.0986264944076538,0.0,0.0,6.0,3784,none,B1,sac_her_pickandplace_randomized_2M
sac_her,grip_state_falsification,3,0.0,-150.0,0.0,0.06237608494071359,150,1.4022053480148315,1.1731469631195068,0.0,0.0,,3785,none,B1,sac_her_pickandplace_randomized_2M
sac_her,grip_state_falsification,3,0.0,-149.0,0.0,0.9371909714975573,150,0.15033678710460663,1.5936247110366821,1.0,0.0,7.0,3786,none,B1,sac_her_pickandplace_randomized_2M
sac_her,grip_state_falsification,3,0.0,-150.0,0.0,0.26729827437850046,150,2.9334025382995605,1.7863093614578247,1.0,0.0,,3787,none,B1,sac_her_pickandplace_randomized_2M
sac_her,grip_state_falsification,3,0.0,-16.0,1.0,0.035398584805276086,150,1.072726845741272,0.9529646635055542,0.0,0.0,16.0,3788,none,B1,sac_her_pickandplace_randomized_2M
sac_her,grip_state_falsification,3,0.0,-74.0,1.0,0.01046607253460998,150,0.6923590302467346,1.5040695667266846,1.0,0.0,31.0,3789,none,B1,sac_her_pickandplace_randomized_2M
sac_her,grip_state_falsification,3,0.0,-150.0,0.0,0.21913733826878024,150,0.028289590030908585,1.318315029144287,0.0,0.0,,3790,none,B1,sac_her_pickandplace_randomized_2M
sac_her,grip_state_falsification,3,0.0,-31.0,1.0,0.01835832243164613,150,0.3872252404689789,0.7289227247238159,0.0,0.0,7.0,3791,none,B1,sac_her_pickandplace_randomized_2M
sac_her,grip_state_falsification,3,0.0,-7.0,1.0,0.02615171772703157,150,0.3088071942329407,0.32594358921051025,0.0,0.0,7.0,3792,none,B1,sac_her_pickandplace_randomized_2M
sac_her,grip_state_falsification,3,0.0,-150.0,0.0,0.2574102905370639,150,0.015973510220646858,0.6655079126358032,0.0,0.0,,3793,none,B1,sac_her_pickandplace_randomized_2M
sac_her,grip_state_falsification,3,0.0,-150.0,0.0,0.1338297412238493,150,0.03487555310130119,1.3680684566497803,0.0,0.0,,3794,none,B1,sac_her_pickandplace_randomized_2M
sac_her,grip_state_falsification,3,0.0,-8.0,1.0,0.01776635010769466,150,0.15591663122177124,1.2608023881912231,0.0,0.0,8.0,3795,none,B1,sac_her_pickandplace_randomized_2M
sac_her,grip_state_falsification,3,0.0,-146.0,0.0,0.5123553015075352,150,0.18776018917560577,1.6111761331558228,0.0,0.0,10.0,3796,none,B1,sac_her_pickandplace_randomized_2M
sac_her,grip_state_falsification,3,0.0,-150.0,0.0,0.9133301805614551,150,0.21281398832798004,1.5850472450256348,0.0,0.0,,3797,none,B1,sac_her_pickandplace_randomized_2M
sac_her,grip_state_falsification,3,0.0,-10.0,1.0,0.02022096115204819,150,1.5860673189163208,1.2334407567977905,1.0,0.0,10.0,3798,none,B1,sac_her_pickandplace_randomized_2M
sac_her,grip_state_falsification,3,0.0,-150.0,0.0,0.34809971692913483,150,0.03845268115401268,1.4089038372039795,0.0,0.0,,3799,none,B1,sac_her_pickandplace_randomized_2M
sac_her,grip_state_falsification,3,0.0,-150.0,0.0,0.3281712652057657,150,0.051294222474098206,1.5027889013290405,0.0,0.0,,3800,none,B1,sac_her_pickandplace_randomized_2M
sac_her,grip_state_falsification,3,0.0,-54.0,1.0,0.022300205201997245,150,1.049399495124817,1.1159907579421997,1.0,0.0,11.0,3801,none,B1,sac_her_pickandplace_randomized_2M
sac_her,grip_state_falsification,3,0.0,-150.0,0.0,0.24502586869179394,150,0.02975768782198429,1.2143405675888062,0.0,0.0,,3802,none,B1,sac_her_pickandplace_randomized_2M
sac_her,grip_state_falsification,3,0.0,-145.0,0.0,0.8409600768921972,150,0.611160159111023,1.7972161769866943,1.0,0.0,27.0,3803,none,B1,sac_her_pickandplace_randomized_2M
sac_her,grip_state_falsification,3,0.0,-79.0,1.0,0.02471014427506916,150,0.916606605052948,1.5574491024017334,1.0,0.0,79.0,3804,none,B1,sac_her_pickandplace_randomized_2M
sac_her,grip_state_falsification,3,0.0,-12.0,1.0,0.0247339260934851,150,1.018738865852356,1.0001329183578491,1.0,0.0,12.0,3805,none,B1,sac_her_pickandplace_randomized_2M
sac_her,grip_state_falsification,3,0.0,-150.0,0.0,0.6113464377317656,150,0.14131656289100647,1.450995922088623,0.0,0.0,,3806,none,B1,sac_her_pickandplace_randomized_2M
sac_her,grip_state_falsification,3,0.0,-11.0,1.0,0.030805736280690766,150,0.2446633130311966,0.44788843393325806,0.0,0.0,2.0,3807,none,B1,sac_her_pickandplace_randomized_2M
sac_her,grip_state_falsification,3,0.0,-13.0,1.0,0.02111658066294224,150,0.16520848870277405,0.9463968873023987,0.0,0.0,13.0,3808,none,B1,sac_her_pickandplace_randomized_2M
sac_her,grip_state_falsification,3,0.0,-39.0,1.0,0.031287339877391386,150,1.6889585256576538,1.4708861112594604,0.0,0.0,19.0,3809,none,B1,sac_her_pickandplace_randomized_2M
sac_her_recovery_v2,grip_state_falsification,3,0.0,-17.0,1.0,0.01987779714172438,150,0.2539132535457611,0.8599263429641724,0.0,1.0,17.0,3810,v2,B2,sac_her_pickandplace_randomized_2M
sac_her_recovery_v2,grip_state_falsification,3,0.0,-15.0,1.0,0.01223589882526205,150,1.1080348491668701,0.8540909886360168,0.0,0.0,7.0,3811,v2,B2,sac_her_pickandplace_randomized_2M
sac_her_recovery_v2,grip_state_falsification,3,0.0,-16.0,1.0,0.011772072212370492,150,1.1537665128707886,0.823495090007782,0.0,0.0,12.0,3812,v2,B2,sac_her_pickandplace_randomized_2M
sac_her_recovery_v2,grip_state_falsification,3,0.0,-1.0,1.0,0.00907101153189284,150,0.22768568992614746,0.6213115453720093,0.0,0.0,0.0,3813,v2,B2,sac_her_pickandplace_randomized_2M
sac_her_recovery_v2,grip_state_falsification,3,0.0,-6.0,1.0,0.022802488882816694,150,0.15756455063819885,1.0986264944076538,0.0,0.0,6.0,3814,v2,B2,sac_her_pickandplace_randomized_2M
sac_her_recovery_v2,grip_state_falsification,3,0.0,-150.0,0.0,0.06237608494071359,150,1.4208906888961792,1.1702159643173218,0.0,1.0,,3815,v2,B2,sac_her_pickandplace_randomized_2M
sac_her_recovery_v2,grip_state_falsification,3,0.0,-149.0,0.0,0.7439749025363512,150,0.6942311525344849,1.6946170330047607,1.0,1.0,18.0,3816,v2,B2,sac_her_pickandplace_randomized_2M
sac_her_recovery_v2,grip_state_falsification,3,0.0,-92.0,1.0,0.02007455302150979,150,1.611351728439331,1.5955102443695068,1.0,1.0,92.0,3817,v2,B2,sac_her_pickandplace_randomized_2M
sac_her_recovery_v2,grip_state_falsification,3,0.0,-16.0,1.0,0.035398584805276086,150,1.072726845741272,0.9529646635055542,0.0,0.0,16.0,3818,v2,B2,sac_her_pickandplace_randomized_2M
sac_her_recovery_v2,grip_state_falsification,3,0.0,-150.0,0.0,0.6025081290971246,150,0.34978625178337097,1.59200918674469,1.0,1.0,,3819,v2,B2,sac_her_pickandplace_randomized_2M
sac_her_recovery_v2,grip_state_falsification,3,0.0,-150.0,0.0,0.21913733826878024,150,0.04129551723599434,1.3279361724853516,0.0,1.0,,3820,v2,B2,sac_her_pickandplace_randomized_2M
sac_her_recovery_v2,grip_state_falsification,3,0.0,-111.0,1.0,0.02943462678247841,150,0.6959359645843506,1.1759591102600098,1.0,1.0,14.0,3821,v2,B2,sac_her_pickandplace_randomized_2M
sac_her_recovery_v2,grip_state_falsification,3,0.0,-7.0,1.0,0.02615171772703157,150,0.3088071942329407,0.32594358921051025,0.0,0.0,7.0,3822,v2,B2,sac_her_pickandplace_randomized_2M
sac_her_recovery_v2,grip_state_falsification,3,0.0,-150.0,0.0,0.2574102905370639,150,0.038307711482048035,0.6870738863945007,0.0,1.0,,3823,v2,B2,sac_her_pickandplace_randomized_2M
sac_her_recovery_v2,grip_state_falsification,3,0.0,-150.0,0.0,0.1338297412238493,150,0.04524609073996544,1.3530396223068237,0.0,1.0,,3824,v2,B2,sac_her_pickandplace_randomized_2M
sac_her_recovery_v2,grip_state_falsification,3,0.0,-8.0,1.0,0.01776635010769466,150,0.14436230063438416,1.2946268320083618,0.0,1.0,8.0,3825,v2,B2,sac_her_pickandplace_randomized_2M
sac_her_recovery_v2,grip_state_falsification,3,0.0,-146.0,0.0,0.5123553015075352,150,0.19312623143196106,1.5857861042022705,0.0,1.0,10.0,3826,v2,B2,sac_her_pickandplace_randomized_2M
sac_her_recovery_v2,grip_state_falsification,3,0.0,-150.0,0.0,0.9133301805614551,150,0.7357161045074463,1.7266342639923096,0.0,1.0,,3827,v2,B2,sac_her_pickandplace_randomized_2M
sac_her_recovery_v2,grip_state_falsification,3,0.0,-10.0,1.0,0.02022096115204819,150,1.5860673189163208,1.2334407567977905,1.0,0.0,10.0,3828,v2,B2,sac_her_pickandplace_randomized_2M
sac_her_recovery_v2,grip_state_falsification,3,0.0,-150.0,0.0,0.34809971692913483,150,0.0753210186958313,1.40796959400177,0.0,1.0,,3829,v2,B2,sac_her_pickandplace_randomized_2M
sac_her_recovery_v2,grip_state_falsification,3,0.0,-150.0,0.0,0.3281712652057657,150,0.07821359485387802,1.5049771070480347,0.0,1.0,,3830,v2,B2,sac_her_pickandplace_randomized_2M
sac_her_recovery_v2,grip_state_falsification,3,0.0,-18.0,1.0,0.03506392464242619,150,1.0566551685333252,0.9141098856925964,0.0,1.0,13.0,3831,v2,B2,sac_her_pickandplace_randomized_2M
sac_her_recovery_v2,grip_state_falsification,3,0.0,-150.0,0.0,0.24502586869179394,150,0.04370053857564926,1.2310978174209595,0.0,1.0,,3832,v2,B2,sac_her_pickandplace_randomized_2M
sac_her_recovery_v2,grip_state_falsification,3,0.0,-14.0,1.0,0.03572654077116327,150,0.22261479496955872,0.8352276682853699,0.0,1.0,14.0,3833,v2,B2,sac_her_pickandplace_randomized_2M
sac_her_recovery_v2,grip_state_falsification,3,0.0,-48.0,1.0,0.02683885914039578,150,0.5066007375717163,0.8835738301277161,0.0,1.0,48.0,3834,v2,B2,sac_her_pickandplace_randomized_2M
sac_her_recovery_v2,grip_state_falsification,3,0.0,-20.0,1.0,0.007986903668368881,150,1.1736304759979248,0.7760924696922302,1.0,1.0,12.0,3835,v2,B2,sac_her_pickandplace_randomized_2M
sac_her_recovery_v2,grip_state_falsification,3,0.0,-150.0,0.0,0.6113464377317656,150,0.14435452222824097,1.501221776008606,1.0,1.0,,3836,v2,B2,sac_her_pickandplace_randomized_2M
sac_her_recovery_v2,grip_state_falsification,3,0.0,-136.0,0.0,0.05277864406175072,150,0.44591009616851807,1.0201969146728516,0.0,1.0,2.0,3837,v2,B2,sac_her_pickandplace_randomized_2M
sac_her_recovery_v2,grip_state_falsification,3,0.0,-13.0,1.0,0.016947376057671448,150,0.19755370914936066,0.6435452699661255,0.0,1.0,13.0,3838,v2,B2,sac_her_pickandplace_randomized_2M
sac_her_recovery_v2,grip_state_falsification,3,0.0,-39.0,1.0,0.031287339877391386,150,1.6889585256576538,1.4708861112594604,0.0,0.0,19.0,3839,v2,B2,sac_her_pickandplace_randomized_2M
sac_her_recovery_v3,grip_state_falsification,3,0.0,-27.0,1.0,0.027649193755437725,150,1.7822556495666504,1.188612461090088,0.0,1.0,26.0,3840,v3,B3,sac_her_pickandplace_randomized_2M
sac_her_recovery_v3,grip_state_falsification,3,0.0,-15.0,1.0,0.01223589882526205,150,1.1080348491668701,0.8540909886360168,0.0,0.0,7.0,3841,v3,B3,sac_her_pickandplace_randomized_2M
sac_her_recovery_v3,grip_state_falsification,3,0.0,-16.0,1.0,0.011772072212370492,150,1.1537665128707886,0.823495090007782,0.0,0.0,12.0,3842,v3,B3,sac_her_pickandplace_randomized_2M
sac_her_recovery_v3,grip_state_falsification,3,0.0,-1.0,1.0,0.00907101153189284,150,0.22768568992614746,0.6213115453720093,0.0,0.0,0.0,3843,v3,B3,sac_her_pickandplace_randomized_2M
sac_her_recovery_v3,grip_state_falsification,3,0.0,-6.0,1.0,0.022802488882816694,150,0.15756455063819885,1.0986264944076538,0.0,0.0,6.0,3844,v3,B3,sac_her_pickandplace_randomized_2M
sac_her_recovery_v3,grip_state_falsification,3,0.0,-150.0,0.0,0.06237608494071359,150,1.3880215883255005,1.1520402431488037,0.0,1.0,,3845,v3,B3,sac_her_pickandplace_randomized_2M
sac_her_recovery_v3,grip_state_falsification,3,0.0,-149.0,0.0,0.2271866090833854,150,0.3709923028945923,1.2667006254196167,0.0,1.0,26.0,3846,v3,B3,sac_her_pickandplace_randomized_2M
sac_her_recovery_v3,grip_state_falsification,3,0.0,-127.0,1.0,0.02733989483499278,150,1.6068767309188843,1.4733011722564697,1.0,1.0,127.0,3847,v3,B3,sac_her_pickandplace_randomized_2M
sac_her_recovery_v3,grip_state_falsification,3,0.0,-16.0,1.0,0.035398584805276086,150,1.072726845741272,0.9529646635055542,0.0,0.0,16.0,3848,v3,B3,sac_her_pickandplace_randomized_2M
sac_her_recovery_v3,grip_state_falsification,3,0.0,-150.0,0.0,0.279938516178967,150,0.188376784324646,1.3484588861465454,1.0,1.0,,3849,v3,B3,sac_her_pickandplace_randomized_2M
sac_her_recovery_v3,grip_state_falsification,3,0.0,-150.0,0.0,0.21913733826878024,150,0.04354649409651756,1.330198049545288,0.0,1.0,,3850,v3,B3,sac_her_pickandplace_randomized_2M
sac_her_recovery_v3,grip_state_falsification,3,0.0,-54.0,1.0,0.0217483342411836,150,1.531275749206543,1.11509370803833,1.0,1.0,9.0,3851,v3,B3,sac_her_pickandplace_randomized_2M
sac_her_recovery_v3,grip_state_falsification,3,0.0,-7.0,1.0,0.02615171772703157,150,0.3088071942329407,0.32594358921051025,0.0,0.0,7.0,3852,v3,B3,sac_her_pickandplace_randomized_2M
sac_her_recovery_v3,grip_state_falsification,3,0.0,-150.0,0.0,0.2574102905370639,150,0.0576447993516922,0.9098944067955017,0.0,1.0,,3853,v3,B3,sac_her_pickandplace_randomized_2M
sac_her_recovery_v3,grip_state_falsification,3,0.0,-150.0,0.0,0.1338297412238493,150,0.044985394924879074,1.3259270191192627,0.0,1.0,,3854,v3,B3,sac_her_pickandplace_randomized_2M
sac_her_recovery_v3,grip_state_falsification,3,0.0,-8.0,1.0,0.01776635010769466,150,0.14978034794330597,1.2876110076904297,0.0,1.0,8.0,3855,v3,B3,sac_her_pickandplace_randomized_2M
sac_her_recovery_v3,grip_state_falsification,3,0.0,-146.0,0.0,0.5123553015075352,150,0.1952141374349594,1.569549798965454,0.0,1.0,10.0,3856,v3,B3,sac_her_pickandplace_randomized_2M
sac_her_recovery_v3,grip_state_falsification,3,0.0,-150.0,0.0,0.9133301805614551,150,0.3772558867931366,1.7103021144866943,0.0,1.0,,3857,v3,B3,sac_her_pickandplace_randomized_2M
sac_her_recovery_v3,grip_state_falsification,3,0.0,-10.0,1.0,0.02022096115204819,150,1.5860673189163208,1.2334407567977905,1.0,0.0,10.0,3858,v3,B3,sac_her_pickandplace_randomized_2M
sac_her_recovery_v3,grip_state_falsification,3,0.0,-150.0,0.0,0.34809971692913483,150,0.07685252279043198,1.4035375118255615,0.0,1.0,,3859,v3,B3,sac_her_pickandplace_randomized_2M
sac_her_recovery_v3,grip_state_falsification,3,0.0,-150.0,0.0,0.3281712652057657,150,0.07931777089834213,1.5053355693817139,0.0,1.0,,3860,v3,B3,sac_her_pickandplace_randomized_2M
sac_her_recovery_v3,grip_state_falsification,3,0.0,-86.0,1.0,0.029916364697361773,150,0.7455775141716003,1.0382823944091797,0.0,1.0,63.0,3861,v3,B3,sac_her_pickandplace_randomized_2M
sac_her_recovery_v3,grip_state_falsification,3,0.0,-150.0,0.0,0.24502586869179394,150,0.044946398586034775,1.2507562637329102,0.0,1.0,,3862,v3,B3,sac_her_pickandplace_randomized_2M
sac_her_recovery_v3,grip_state_falsification,3,0.0,-150.0,0.0,0.5135741800785063,150,0.3298795819282532,1.4167401790618896,0.0,1.0,,3863,v3,B3,sac_her_pickandplace_randomized_2M
sac_her_recovery_v3,grip_state_falsification,3,0.0,-148.0,0.0,0.18801617059482137,150,0.49783098697662354,1.2256451845169067,0.0,1.0,82.0,3864,v3,B3,sac_her_pickandplace_randomized_2M
sac_her_recovery_v3,grip_state_falsification,3,0.0,-130.0,0.0,0.23026260406156826,150,0.5280883312225342,1.294137954711914,1.0,1.0,12.0,3865,v3,B3,sac_her_pickandplace_randomized_2M
sac_her_recovery_v3,grip_state_falsification,3,0.0,-150.0,0.0,0.6113464377317656,150,0.11623120307922363,1.5015220642089844,0.0,1.0,,3866,v3,B3,sac_her_pickandplace_randomized_2M
sac_her_recovery_v3,grip_state_falsification,3,0.0,-17.0,1.0,0.015536300091328042,150,0.34694287180900574,0.43718504905700684,0.0,1.0,2.0,3867,v3,B3,sac_her_pickandplace_randomized_2M
sac_her_recovery_v3,grip_state_falsification,3,0.0,-18.0,1.0,0.028491176265804552,150,0.34769439697265625,0.7610621452331543,0.0,1.0,18.0,3868,v3,B3,sac_her_pickandplace_randomized_2M
sac_her_recovery_v3,grip_state_falsification,3,0.0,-39.0,1.0,0.031287339877391386,150,1.6889585256576538,1.4708861112594604,0.0,0.0,19.0,3869,v3,B3,sac_her_pickandplace_randomized_2M
sac_her,contact_dropout,3,0.0,-150.0,0.0,0.09219203592188295,150,0.148036926984787,1.6378530263900757,0.0,0.0,,3870,none,B1,sac_her_pickandplace_randomized_2M
sac_her,contact_dropout,3,0.0,-150.0,0.0,0.17131165158603956,150,0.06585123389959335,1.4400125741958618,0.0,0.0,,3871,none,B1,sac_her_pickandplace_randomized_2M
sac_her,contact_dropout,3,0.0,-150.0,0.0,0.25936077352095194,150,0.1613948941230774,1.6607322692871094,0.0,0.0,,3872,none,B1,sac_her_pickandplace_randomized_2M
sac_her,contact_dropout,3,0.0,-148.0,0.0,0.09139924002449965,150,0.38049188256263733,1.3404618501663208,0.0,0.0,0.0,3873,none,B1,sac_her_pickandplace_randomized_2M
sac_her,contact_dropout,3,0.0,-150.0,0.0,0.09774689012162328,150,0.22718843817710876,1.3812302350997925,0.0,0.0,,3874,none,B1,sac_her_pickandplace_randomized_2M
sac_her,contact_dropout,3,0.0,-150.0,0.0,0.8149779977465681,150,0.13099414110183716,1.770416259765625,0.0,0.0,,3875,none,B1,sac_her_pickandplace_randomized_2M
sac_her,contact_dropout,3,0.0,-150.0,0.0,0.16981838535846655,150,0.04070008173584938,1.5084891319274902,0.0,0.0,,3876,none,B1,sac_her_pickandplace_randomized_2M
sac_her,contact_dropout,3,0.0,-150.0,0.0,0.2974140909409492,150,0.026300452649593353,1.7534977197647095,0.0,0.0,,3877,none,B1,sac_her_pickandplace_randomized_2M
sac_her,contact_dropout,3,0.0,-150.0,0.0,0.5589376296217986,150,0.4330894947052002,1.7602633237838745,0.0,0.0,,3878,none,B1,sac_her_pickandplace_randomized_2M
sac_her,contact_dropout,3,0.0,-150.0,0.0,0.279938516178967,150,0.055424243211746216,1.8141955137252808,0.0,0.0,,3879,none,B1,sac_her_pickandplace_randomized_2M
sac_her,contact_dropout,3,0.0,-150.0,0.0,0.21913733826878024,150,0.011704216711223125,1.724086880683899,0.0,0.0,,3880,none,B1,sac_her_pickandplace_randomized_2M
sac_her,contact_dropout,3,0.0,-150.0,0.0,0.15291288639432632,150,0.053940460085868835,1.7383990287780762,0.0,0.0,,3881,none,B1,sac_her_pickandplace_randomized_2M
sac_her,contact_dropout,3,0.0,-150.0,0.0,0.06928466552476888,150,0.03549259901046753,1.4611896276474,0.0,0.0,,3882,none,B1,sac_her_pickandplace_randomized_2M
sac_her,contact_dropout,3,0.0,-150.0,0.0,0.2574102905370639,150,0.01902761682868004,1.5859936475753784,0.0,0.0,,3883,none,B1,sac_her_pickandplace_randomized_2M
sac_her,contact_dropout,3,0.0,-150.0,0.0,0.1338297412238493,150,0.04748509079217911,1.6326134204864502,0.0,0.0,,3884,none,B1,sac_her_pickandplace_randomized_2M
sac_her,contact_dropout,3,0.0,-150.0,0.0,0.1459001673444926,150,0.03506848216056824,1.8394240140914917,0.0,0.0,,3885,none,B1,sac_her_pickandplace_randomized_2M
sac_her,contact_dropout,3,0.0,-150.0,0.0,0.6525898227605315,150,0.06342173367738724,1.3912965059280396,0.0,0.0,,3886,none,B1,sac_her_pickandplace_randomized_2M
sac_her,contact_dropout,3,0.0,-150.0,0.0,0.13989222041227783,150,0.09833753108978271,1.4348136186599731,0.0,0.0,,3887,none,B1,sac_her_pickandplace_randomized_2M
sac_her,contact_dropout,3,0.0,-150.0,0.0,0.1980756682670635,150,0.07562797516584396,1.615889072418213,0.0,0.0,,3888,none,B1,sac_her_pickandplace_randomized_2M
sac_her,contact_dropout,3,0.0,-150.0,0.0,0.34809971692913483,150,0.050753846764564514,1.4237573146820068,0.0,0.0,,3889,none,B1,sac_her_pickandplace_randomized_2M
sac_her,contact_dropout,3,0.0,-150.0,0.0,0.3281712652057657,150,0.11120989173650742,1.4891365766525269,0.0,0.0,,3890,none,B1,sac_her_pickandplace_randomized_2M
sac_her,contact_dropout,3,0.0,-150.0,0.0,0.07600829314675309,150,0.22924292087554932,1.5368568897247314,0.0,0.0,,3891,none,B1,sac_her_pickandplace_randomized_2M
sac_her,contact_dropout,3,0.0,-150.0,0.0,0.24502586869179394,150,0.010697097517549992,1.7650986909866333,0.0,0.0,,3892,none,B1,sac_her_pickandplace_randomized_2M
sac_her,contact_dropout,3,0.0,-150.0,0.0,0.21034659601511566,150,0.05251777544617653,1.650490641593933,0.0,0.0,,3893,none,B1,sac_her_pickandplace_randomized_2M
sac_her,contact_dropout,3,0.0,-150.0,0.0,0.16115165410293356,150,0.028397586196660995,1.7658528089523315,0.0,0.0,,3894,none,B1,sac_her_pickandplace_randomized_2M
sac_her,contact_dropout,3,0.0,-150.0,0.0,0.12365797619705617,150,0.011201804503798485,1.908908486366272,0.0,0.0,,3895,none,B1,sac_her_pickandplace_randomized_2M
sac_her,contact_dropout,3,0.0,-150.0,0.0,0.27465880273345766,150,0.06563065201044083,1.7876770496368408,0.0,0.0,,3896,none,B1,sac_her_pickandplace_randomized_2M
sac_her,contact_dropout,3,0.0,-150.0,0.0,0.05844361201546392,150,0.017168888822197914,1.4901820421218872,0.0,0.0,,3897,none,B1,sac_her_pickandplace_randomized_2M
sac_her,contact_dropout,3,0.0,-150.0,0.0,0.12821780412597958,150,0.18463918566703796,1.4045941829681396,0.0,0.0,,3898,none,B1,sac_her_pickandplace_randomized_2M
sac_her,contact_dropout,3,0.0,-150.0,0.0,0.2166593825132957,150,0.03240632638335228,1.8658084869384766,0.0,0.0,,3899,none,B1,sac_her_pickandplace_randomized_2M
sac_her_recovery_v2,contact_dropout,3,0.0,-150.0,0.0,0.09219203592188295,150,0.20747292041778564,1.62270188331604,0.0,1.0,,3900,v2,B2,sac_her_pickandplace_randomized_2M
sac_her_recovery_v2,contact_dropout,3,0.0,-150.0,0.0,0.17131165158603956,150,0.09441981464624405,1.436692476272583,0.0,1.0,,3901,v2,B2,sac_her_pickandplace_randomized_2M
sac_her_recovery_v2,contact_dropout,3,0.0,-150.0,0.0,0.25936077352095194,150,0.2016359269618988,1.656613826751709,0.0,1.0,,3902,v2,B2,sac_her_pickandplace_randomized_2M
sac_her_recovery_v2,contact_dropout,3,0.0,-148.0,0.0,0.09139924002449965,150,0.5534754991531372,1.290454626083374,0.0,1.0,0.0,3903,v2,B2,sac_her_pickandplace_randomized_2M
sac_her_recovery_v2,contact_dropout,3,0.0,-150.0,0.0,0.09774689012162328,150,0.2739889621734619,1.3834953308105469,0.0,1.0,,3904,v2,B2,sac_her_pickandplace_randomized_2M
sac_her_recovery_v2,contact_dropout,3,0.0,-150.0,0.0,0.2909486674733637,150,0.26725777983665466,1.3649988174438477,0.0,1.0,,3905,v2,B2,sac_her_pickandplace_randomized_2M
sac_her_recovery_v2,contact_dropout,3,0.0,-150.0,0.0,0.16981838535846655,150,0.07885917276144028,1.4393243789672852,0.0,1.0,,3906,v2,B2,sac_her_pickandplace_randomized_2M
sac_her_recovery_v2,contact_dropout,3,0.0,-150.0,0.0,0.2974140909409492,150,0.13938090205192566,1.521424651145935,0.0,1.0,,3907,v2,B2,sac_her_pickandplace_randomized_2M
sac_her_recovery_v2,contact_dropout,3,0.0,-150.0,0.0,0.4524235833541414,150,0.218778595328331,1.4426946640014648,1.0,1.0,,3908,v2,B2,sac_her_pickandplace_randomized_2M
sac_her_recovery_v2,contact_dropout,3,0.0,-150.0,0.0,0.279938516178967,150,0.45262789726257324,1.4806492328643799,0.0,1.0,,3909,v2,B2,sac_her_pickandplace_randomized_2M
sac_her_recovery_v2,contact_dropout,3,0.0,-150.0,0.0,0.21913733826878024,150,0.9666833877563477,1.5357913970947266,0.0,1.0,,3910,v2,B2,sac_her_pickandplace_randomized_2M
sac_her_recovery_v2,contact_dropout,3,0.0,-150.0,0.0,0.15291288639432632,150,0.2510141432285309,0.9989326000213623,0.0,1.0,,3911,v2,B2,sac_her_pickandplace_randomized_2M
sac_her_recovery_v2,contact_dropout,3,0.0,-150.0,0.0,0.06928466552476888,150,0.059004463255405426,1.450038194656372,0.0,1.0,,3912,v2,B2,sac_her_pickandplace_randomized_2M
sac_her_recovery_v2,contact_dropout,3,0.0,-150.0,0.0,0.2574102905370639,150,0.051112908869981766,1.5788085460662842,0.0,1.0,,3913,v2,B2,sac_her_pickandplace_randomized_2M
sac_her_recovery_v2,contact_dropout,3,0.0,-150.0,0.0,0.1338297412238493,150,0.07992307841777802,1.623347520828247,0.0,1.0,,3914,v2,B2,sac_her_pickandplace_randomized_2M
sac_her_recovery_v2,contact_dropout,3,0.0,-150.0,0.0,0.1459001673444926,150,0.7762288451194763,1.4296497106552124,0.0,1.0,,3915,v2,B2,sac_her_pickandplace_randomized_2M
sac_her_recovery_v2,contact_dropout,3,0.0,-150.0,0.0,0.6525898227605315,150,0.12335038930177689,1.4542826414108276,1.0,1.0,,3916,v2,B2,sac_her_pickandplace_randomized_2M
sac_her_recovery_v2,contact_dropout,3,0.0,-150.0,0.0,0.09060109161643666,150,0.1265241950750351,1.2720896005630493,0.0,1.0,,3917,v2,B2,sac_her_pickandplace_randomized_2M
sac_her_recovery_v2,contact_dropout,3,0.0,-150.0,0.0,0.1980756682670635,150,0.21449247002601624,1.570631742477417,0.0,1.0,,3918,v2,B2,sac_her_pickandplace_randomized_2M
sac_her_recovery_v2,contact_dropout,3,0.0,-150.0,0.0,0.34809971692913483,150,0.6517992615699768,1.5398390293121338,0.0,1.0,,3919,v2,B2,sac_her_pickandplace_randomized_2M
sac_her_recovery_v2,contact_dropout,3,0.0,-150.0,0.0,0.3281712652057657,150,0.08199029415845871,1.480676531791687,0.0,1.0,,3920,v2,B2,sac_her_pickandplace_randomized_2M
sac_her_recovery_v2,contact_dropout,3,0.0,-150.0,0.0,0.07600829314675309,150,0.2945874035358429,1.5167218446731567,0.0,1.0,,3921,v2,B2,sac_her_pickandplace_randomized_2M
sac_her_recovery_v2,contact_dropout,3,0.0,-150.0,0.0,0.24502586869179394,150,1.0365222692489624,1.539886474609375,0.0,1.0,,3922,v2,B2,sac_her_pickandplace_randomized_2M
sac_her_recovery_v2,contact_dropout,3,0.0,-150.0,0.0,0.21034659601511566,150,0.07913665473461151,1.63023841381073,0.0,1.0,,3923,v2,B2,sac_her_pickandplace_randomized_2M
sac_her_recovery_v2,contact_dropout,3,0.0,-150.0,0.0,0.16115165410293356,150,0.12615220248699188,1.74444580078125,0.0,1.0,,3924,v2,B2,sac_her_pickandplace_randomized_2M
sac_her_recovery_v2,contact_dropout,3,0.0,-150.0,0.0,0.12365797619705617,150,0.22052954137325287,0.8382119536399841,0.0,1.0,,3925,v2,B2,sac_her_pickandplace_randomized_2M
sac_her_recovery_v2,contact_dropout,3,0.0,-150.0,0.0,0.27465880273345766,150,0.5341795682907104,1.4927856922149658,0.0,1.0,,3926,v2,B2,sac_her_pickandplace_randomized_2M
sac_her_recovery_v2,contact_dropout,3,0.0,-150.0,0.0,0.05844361201546392,150,0.035612933337688446,1.4823663234710693,0.0,1.0,,3927,v2,B2,sac_her_pickandplace_randomized_2M
sac_her_recovery_v2,contact_dropout,3,0.0,-150.0,0.0,0.12821780412597958,150,0.304712176322937,1.3152436017990112,0.0,1.0,,3928,v2,B2,sac_her_pickandplace_randomized_2M
sac_her_recovery_v2,contact_dropout,3,0.0,-150.0,0.0,0.2166593825132957,150,0.4869833290576935,1.6167876720428467,0.0,1.0,,3929,v2,B2,sac_her_pickandplace_randomized_2M
sac_her_recovery_v3,contact_dropout,3,0.0,-150.0,0.0,0.09219203592188295,150,0.2941981852054596,1.4701049327850342,0.0,1.0,,3930,v3,B3,sac_her_pickandplace_randomized_2M
sac_her_recovery_v3,contact_dropout,3,0.0,-150.0,0.0,0.17131165158603956,150,0.10102684050798416,1.4323370456695557,0.0,1.0,,3931,v3,B3,sac_her_pickandplace_randomized_2M
sac_her_recovery_v3,contact_dropout,3,0.0,-150.0,0.0,0.25936077352095194,150,0.247779980301857,1.6015305519104004,0.0,1.0,,3932,v3,B3,sac_her_pickandplace_randomized_2M
sac_her_recovery_v3,contact_dropout,3,0.0,-148.0,0.0,0.09139924002449965,150,0.48151910305023193,1.2492408752441406,0.0,1.0,0.0,3933,v3,B3,sac_her_pickandplace_randomized_2M
sac_her_recovery_v3,contact_dropout,3,0.0,-150.0,0.0,0.09774689012162328,150,0.2778129577636719,1.3276952505111694,0.0,1.0,,3934,v3,B3,sac_her_pickandplace_randomized_2M
sac_her_recovery_v3,contact_dropout,3,0.0,-150.0,0.0,0.2951646141781354,150,0.21544507145881653,1.193712592124939,0.0,1.0,,3935,v3,B3,sac_her_pickandplace_randomized_2M
sac_her_recovery_v3,contact_dropout,3,0.0,-150.0,0.0,0.16981838535846655,150,0.057411979883909225,1.3618639707565308,0.0,1.0,,3936,v3,B3,sac_her_pickandplace_randomized_2M
sac_her_recovery_v3,contact_dropout,3,0.0,-150.0,0.0,0.2974140909409492,150,0.08096983283758163,1.5549952983856201,0.0,1.0,,3937,v3,B3,sac_her_pickandplace_randomized_2M
sac_her_recovery_v3,contact_dropout,3,0.0,-150.0,0.0,0.19217527355085456,150,0.12254641950130463,1.6110618114471436,0.0,1.0,,3938,v3,B3,sac_her_pickandplace_randomized_2M
sac_her_recovery_v3,contact_dropout,3,0.0,-150.0,0.0,0.279938516178967,150,0.38587236404418945,1.451278805732727,0.0,1.0,,3939,v3,B3,sac_her_pickandplace_randomized_2M
sac_her_recovery_v3,contact_dropout,3,0.0,-150.0,0.0,0.21913733826878024,150,0.1973515897989273,1.5217183828353882,0.0,1.0,,3940,v3,B3,sac_her_pickandplace_randomized_2M
sac_her_recovery_v3,contact_dropout,3,0.0,-150.0,0.0,0.15291288639432632,150,0.18075419962406158,0.9574993848800659,0.0,1.0,,3941,v3,B3,sac_her_pickandplace_randomized_2M
sac_her_recovery_v3,contact_dropout,3,0.0,-150.0,0.0,0.06928466552476888,150,0.070591039955616,1.366603970527649,0.0,1.0,,3942,v3,B3,sac_her_pickandplace_randomized_2M
sac_her_recovery_v3,contact_dropout,3,0.0,-150.0,0.0,0.2574102905370639,150,0.051118701696395874,1.5680538415908813,0.0,1.0,,3943,v3,B3,sac_her_pickandplace_randomized_2M
sac_her_recovery_v3,contact_dropout,3,0.0,-150.0,0.0,0.1338297412238493,150,0.09549306333065033,1.5705902576446533,0.0,1.0,,3944,v3,B3,sac_her_pickandplace_randomized_2M
sac_her_recovery_v3,contact_dropout,3,0.0,-150.0,0.0,0.1459001673444926,150,0.16178934276103973,1.0403245687484741,0.0,1.0,,3945,v3,B3,sac_her_pickandplace_randomized_2M
sac_her_recovery_v3,contact_dropout,3,0.0,-150.0,0.0,0.6525898227605315,150,0.12335038930177689,1.4542826414108276,1.0,1.0,,3946,v3,B3,sac_her_pickandplace_randomized_2M
sac_her_recovery_v3,contact_dropout,3,0.0,-150.0,0.0,0.1366629298799261,150,0.25311610102653503,1.2958581447601318,0.0,1.0,,3947,v3,B3,sac_her_pickandplace_randomized_2M
sac_her_recovery_v3,contact_dropout,3,0.0,-150.0,0.0,0.1980756682670635,150,0.10868129134178162,1.5058495998382568,0.0,1.0,,3948,v3,B3,sac_her_pickandplace_randomized_2M
sac_her_recovery_v3,contact_dropout,3,0.0,-150.0,0.0,0.34809971692913483,150,0.2878030836582184,1.5704410076141357,0.0,1.0,,3949,v3,B3,sac_her_pickandplace_randomized_2M
sac_her_recovery_v3,contact_dropout,3,0.0,-150.0,0.0,0.3281712652057657,150,0.08054547756910324,1.482912302017212,0.0,1.0,,3950,v3,B3,sac_her_pickandplace_randomized_2M
sac_her_recovery_v3,contact_dropout,3,0.0,-150.0,0.0,0.07600829314675309,150,0.2958897352218628,1.340908169746399,0.0,1.0,,3951,v3,B3,sac_her_pickandplace_randomized_2M
sac_her_recovery_v3,contact_dropout,3,0.0,-150.0,0.0,0.24502586869179394,150,0.28385382890701294,1.4636625051498413,0.0,1.0,,3952,v3,B3,sac_her_pickandplace_randomized_2M
sac_her_recovery_v3,contact_dropout,3,0.0,-150.0,0.0,0.21034659601511566,150,0.19631755352020264,1.391256332397461,0.0,1.0,,3953,v3,B3,sac_her_pickandplace_randomized_2M
sac_her_recovery_v3,contact_dropout,3,0.0,-150.0,0.0,0.16115165410293356,150,0.06578090041875839,1.691611647605896,0.0,1.0,,3954,v3,B3,sac_her_pickandplace_randomized_2M
sac_her_recovery_v3,contact_dropout,3,0.0,-150.0,0.0,0.12365797619705617,150,0.19417749345302582,0.810559868812561,0.0,1.0,,3955,v3,B3,sac_her_pickandplace_randomized_2M
sac_her_recovery_v3,contact_dropout,3,0.0,-150.0,0.0,0.27465880273345766,150,0.21766038239002228,1.4248985052108765,0.0,1.0,,3956,v3,B3,sac_her_pickandplace_randomized_2M
sac_her_recovery_v3,contact_dropout,3,0.0,-150.0,0.0,0.05844361201546392,150,0.035541780292987823,1.4107061624526978,0.0,1.0,,3957,v3,B3,sac_her_pickandplace_randomized_2M
sac_her_recovery_v3,contact_dropout,3,0.0,-150.0,0.0,0.12821780412597958,150,0.13189756870269775,1.3048702478408813,0.0,1.0,,3958,v3,B3,sac_her_pickandplace_randomized_2M
sac_her_recovery_v3,contact_dropout,3,0.0,-150.0,0.0,0.2166593825132957,150,0.3467174172401428,1.3379257917404175,0.0,1.0,,3959,v3,B3,sac_her_pickandplace_randomized_2M
sac_her,clean,4,0.0,-150.0,0.0,0.4295086272890401,150,0.02578643336892128,1.1488865613937378,0.0,0.0,,3960,none,B0,sac_her_pickandplace_randomized_2M
sac_her,clean,4,0.0,-32.0,1.0,0.032809110874394774,150,2.007580280303955,1.6608201265335083,1.0,0.0,13.0,3961,none,B0,sac_her_pickandplace_randomized_2M
sac_her,clean,4,0.0,-150.0,0.0,0.07353829402596357,150,1.0647761821746826,0.8365417718887329,1.0,0.0,,3962,none,B0,sac_her_pickandplace_randomized_2M
sac_her,clean,4,0.0,-150.0,0.0,0.4343474150549246,150,0.017721936106681824,0.9958598017692566,0.0,0.0,,3963,none,B0,sac_her_pickandplace_randomized_2M
sac_her,clean,4,0.0,-13.0,1.0,0.019178874391531993,150,1.6188563108444214,1.1418429613113403,1.0,0.0,13.0,3964,none,B0,sac_her_pickandplace_randomized_2M
sac_her,clean,4,0.0,-150.0,0.0,0.22616823953285825,150,0.08106043189764023,0.7289239168167114,0.0,0.0,,3965,none,B0,sac_her_pickandplace_randomized_2M
sac_her,clean,4,0.0,-14.0,1.0,0.03542204132745275,150,1.8568594455718994,1.238711953163147,0.0,0.0,14.0,3966,none,B0,sac_her_pickandplace_randomized_2M
sac_her,clean,4,0.0,-150.0,0.0,0.3892672676711604,150,0.032408520579338074,1.6325799226760864,0.0,0.0,,3967,none,B0,sac_her_pickandplace_randomized_2M
sac_her,clean,4,0.0,-21.0,1.0,0.011578375097209192,150,0.27536869049072266,0.7381282448768616,0.0,0.0,21.0,3968,none,B0,sac_her_pickandplace_randomized_2M
sac_her,clean,4,0.0,-35.0,1.0,0.011428406530390563,150,0.566603422164917,1.0666182041168213,1.0,0.0,34.0,3969,none,B0,sac_her_pickandplace_randomized_2M
sac_her,clean,4,0.0,-6.0,1.0,0.004944473050427995,150,0.19635912775993347,0.9596341848373413,0.0,0.0,6.0,3970,none,B0,sac_her_pickandplace_randomized_2M
sac_her,clean,4,0.0,-150.0,0.0,0.44133838700290884,150,0.010047895833849907,1.6925015449523926,0.0,0.0,,3971,none,B0,sac_her_pickandplace_randomized_2M
sac_her,clean,4,0.0,-150.0,0.0,0.44972303031566396,150,0.02650577761232853,1.5826166868209839,0.0,0.0,,3972,none,B0,sac_her_pickandplace_randomized_2M
sac_her,clean,4,0.0,-40.0,1.0,0.04800316749046581,150,1.7660294771194458,1.4277222156524658,0.0,0.0,11.0,3973,none,B0,sac_her_pickandplace_randomized_2M
sac_her,clean,4,0.0,-149.0,0.0,0.052613022420542686,150,1.6326242685317993,0.9569464325904846,0.0,0.0,19.0,3974,none,B0,sac_her_pickandplace_randomized_2M
sac_her,clean,4,0.0,-2.0,1.0,0.007142151764050469,150,0.2958314120769501,1.142848253250122,0.0,0.0,2.0,3975,none,B0,sac_her_pickandplace_randomized_2M
sac_her,clean,4,0.0,-8.0,1.0,0.022315419364095916,150,0.18911127746105194,0.6306505799293518,0.0,0.0,8.0,3976,none,B0,sac_her_pickandplace_randomized_2M
sac_her,clean,4,0.0,-150.0,0.0,0.4442359995615462,150,0.03585289418697357,0.9396355152130127,0.0,0.0,,3977,none,B0,sac_her_pickandplace_randomized_2M
sac_her,clean,4,0.0,-15.0,1.0,0.04273312757029334,150,0.36124318838119507,1.1078102588653564,0.0,0.0,12.0,3978,none,B0,sac_her_pickandplace_randomized_2M
sac_her,clean,4,0.0,-150.0,0.0,0.4243770527675358,150,0.03549158573150635,1.2439855337142944,0.0,0.0,,3979,none,B0,sac_her_pickandplace_randomized_2M
sac_her,clean,4,0.0,-7.0,1.0,0.03359644533025365,150,0.25351524353027344,0.30911606550216675,0.0,0.0,7.0,3980,none,B0,sac_her_pickandplace_randomized_2M
sac_her,clean,4,0.0,-150.0,0.0,0.4431327053117166,150,0.023609519004821777,0.817062258720398,0.0,0.0,,3981,none,B0,sac_her_pickandplace_randomized_2M
sac_her,clean,4,0.0,-2.0,1.0,0.006661858358378789,150,0.14928804337978363,0.8764088749885559,0.0,0.0,2.0,3982,none,B0,sac_her_pickandplace_randomized_2M
sac_her,clean,4,0.0,-11.0,1.0,0.006706045732967006,150,0.20992262661457062,1.1257696151733398,0.0,0.0,11.0,3983,none,B0,sac_her_pickandplace_randomized_2M
sac_her,clean,4,0.0,-150.0,0.0,0.4263347277634866,150,0.025672078132629395,1.3459819555282593,0.0,0.0,,3984,none,B0,sac_her_pickandplace_randomized_2M
sac_her,clean,4,0.0,-150.0,0.0,0.3662215000153558,150,0.03482837602496147,0.8794118165969849,0.0,0.0,,3985,none,B0,sac_her_pickandplace_randomized_2M
sac_her,clean,4,0.0,-11.0,1.0,0.01869798600306173,150,0.19070880115032196,0.8814235329627991,0.0,0.0,8.0,3986,none,B0,sac_her_pickandplace_randomized_2M
sac_her,clean,4,0.0,-150.0,0.0,0.24147661160362346,150,0.025713374838232994,1.3614829778671265,0.0,0.0,,3987,none,B0,sac_her_pickandplace_randomized_2M
sac_her,clean,4,0.0,-150.0,0.0,0.30408110760161844,150,0.03003280982375145,1.1614207029342651,0.0,0.0,,3988,none,B0,sac_her_pickandplace_randomized_2M
sac_her,clean,4,0.0,-150.0,0.0,0.49841699916703047,150,0.033315274864435196,1.3657283782958984,0.0,0.0,,3989,none,B0,sac_her_pickandplace_randomized_2M
sac_her_recovery_v2,clean,4,0.0,-150.0,0.0,0.4295086272890401,150,0.05969665199518204,1.1585017442703247,0.0,1.0,,3990,v2,B2,sac_her_pickandplace_randomized_2M
sac_her_recovery_v2,clean,4,0.0,-30.0,1.0,0.04959940779672863,150,1.427026391029358,1.1823742389678955,1.0,1.0,30.0,3991,v2,B2,sac_her_pickandplace_randomized_2M
sac_her_recovery_v2,clean,4,0.0,-150.0,0.0,0.0887448815445275,150,1.3240350484848022,0.9402377605438232,0.0,1.0,,3992,v2,B2,sac_her_pickandplace_randomized_2M
sac_her_recovery_v2,clean,4,0.0,-150.0,0.0,0.4343474150549246,150,0.040072355419397354,0.9990660548210144,0.0,1.0,,3993,v2,B2,sac_her_pickandplace_randomized_2M
sac_her_recovery_v2,clean,4,0.0,-150.0,0.0,0.1759373842583807,150,0.6652790307998657,1.2783379554748535,1.0,1.0,,3994,v2,B2,sac_her_pickandplace_randomized_2M
sac_her_recovery_v2,clean,4,0.0,-150.0,0.0,0.22616823953285825,150,0.12057675421237946,0.7379114031791687,0.0,1.0,,3995,v2,B2,sac_her_pickandplace_randomized_2M
sac_her_recovery_v2,clean,4,0.0,-34.0,1.0,0.035351320522481015,150,2.240513801574707,1.7461057901382446,0.0,1.0,34.0,3996,v2,B2,sac_her_pickandplace_randomized_2M
sac_her_recovery_v2,clean,4,0.0,-150.0,0.0,0.3892672676711604,150,0.11976700276136398,1.6266087293624878,0.0,1.0,,3997,v2,B2,sac_her_pickandplace_randomized_2M
sac_her_recovery_v2,clean,4,0.0,-67.0,1.0,0.0008577880198368228,150,0.7182419300079346,1.1636936664581299,1.0,1.0,17.0,3998,v2,B2,sac_her_pickandplace_randomized_2M
sac_her_recovery_v2,clean,4,0.0,-26.0,1.0,0.04205011565051244,150,1.6236166954040527,1.2928074598312378,1.0,1.0,19.0,3999,v2,B2,sac_her_pickandplace_randomized_2M
sac_her_recovery_v2,clean,4,0.0,-6.0,1.0,0.004944473050427995,150,0.19635912775993347,0.9596341848373413,0.0,0.0,6.0,4000,v2,B2,sac_her_pickandplace_randomized_2M
sac_her_recovery_v2,clean,4,0.0,-150.0,0.0,0.44133838700290884,150,0.23692481219768524,1.6793406009674072,0.0,1.0,,4001,v2,B2,sac_her_pickandplace_randomized_2M
sac_her_recovery_v2,clean,4,0.0,-150.0,0.0,0.44972303031566396,150,0.05594245344400406,1.5852549076080322,0.0,1.0,,4002,v2,B2,sac_her_pickandplace_randomized_2M
sac_her_recovery_v2,clean,4,0.0,-24.0,1.0,0.010615192531638427,150,0.4460926949977875,1.011273741722107,0.0,1.0,15.0,4003,v2,B2,sac_her_pickandplace_randomized_2M
sac_her_recovery_v2,clean,4,0.0,-137.0,0.0,0.2833726977837717,150,0.9919825792312622,1.446920394897461,1.0,1.0,14.0,4004,v2,B2,sac_her_pickandplace_randomized_2M
sac_her_recovery_v2,clean,4,0.0,-2.0,1.0,0.007142151764050469,150,0.2958314120769501,1.142848253250122,0.0,0.0,2.0,4005,v2,B2,sac_her_pickandplace_randomized_2M
sac_her_recovery_v2,clean,4,0.0,-8.0,1.0,0.011217889907560605,150,0.1560801863670349,0.6477149128913879,0.0,1.0,8.0,4006,v2,B2,sac_her_pickandplace_randomized_2M
sac_her_recovery_v2,clean,4,0.0,-150.0,0.0,0.4442359995615462,150,0.052858538925647736,0.9386458396911621,0.0,1.0,,4007,v2,B2,sac_her_pickandplace_randomized_2M
sac_her_recovery_v2,clean,4,0.0,-15.0,1.0,0.018405430979503628,150,1.879426121711731,1.3129099607467651,0.0,1.0,12.0,4008,v2,B2,sac_her_pickandplace_randomized_2M
sac_her_recovery_v2,clean,4,0.0,-150.0,0.0,0.4243770527675358,150,0.07095569372177124,1.2517861127853394,0.0,1.0,,4009,v2,B2,sac_her_pickandplace_randomized_2M
sac_her_recovery_v2,clean,4,0.0,-7.0,1.0,0.03359644533025365,150,0.25351524353027344,0.30911606550216675,0.0,0.0,7.0,4010,v2,B2,sac_her_pickandplace_randomized_2M
sac_her_recovery_v2,clean,4,0.0,-150.0,0.0,0.4431327053117166,150,0.043364018201828,0.830959141254425,0.0,1.0,,4011,v2,B2,sac_her_pickandplace_randomized_2M
sac_her_recovery_v2,clean,4,0.0,-2.0,1.0,0.006661858358378789,150,0.14928804337978363,0.8764088749885559,0.0,0.0,2.0,4012,v2,B2,sac_her_pickandplace_randomized_2M
sac_her_recovery_v2,clean,4,0.0,-11.0,1.0,0.006706045732967006,150,0.20992262661457062,1.1257696151733398,0.0,0.0,11.0,4013,v2,B2,sac_her_pickandplace_randomized_2M
sac_her_recovery_v2,clean,4,0.0,-150.0,0.0,0.4263347277634866,150,0.04732427000999451,1.358662724494934,0.0,1.0,,4014,v2,B2,sac_her_pickandplace_randomized_2M
sac_her_recovery_v2,clean,4,0.0,-150.0,0.0,0.3662215000153558,150,0.05322526767849922,0.8790258765220642,0.0,1.0,,4015,v2,B2,sac_her_pickandplace_randomized_2M
sac_her_recovery_v2,clean,4,0.0,-11.0,1.0,0.01869798600306173,150,0.19070880115032196,0.8814235329627991,0.0,0.0,8.0,4016,v2,B2,sac_her_pickandplace_randomized_2M
sac_her_recovery_v2,clean,4,0.0,-150.0,0.0,0.24147661160362346,150,0.04090457037091255,1.3639068603515625,0.0,1.0,,4017,v2,B2,sac_her_pickandplace_randomized_2M
sac_her_recovery_v2,clean,4,0.0,-150.0,0.0,0.30408110760161844,150,0.055564213544130325,1.1638727188110352,0.0,1.0,,4018,v2,B2,sac_her_pickandplace_randomized_2M
sac_her_recovery_v2,clean,4,0.0,-150.0,0.0,0.49841699916703047,150,0.06024140492081642,1.3527848720550537,0.0,1.0,,4019,v2,B2,sac_her_pickandplace_randomized_2M
sac_her_recovery_v3,clean,4,0.0,-150.0,0.0,0.4295086272890401,150,0.06348015367984772,1.1760863065719604,0.0,1.0,,4020,v3,B3,sac_her_pickandplace_randomized_2M
sac_her_recovery_v3,clean,4,0.0,-146.0,0.0,0.054496322651974835,150,1.815739631652832,1.2643548250198364,0.0,1.0,14.0,4021,v3,B3,sac_her_pickandplace_randomized_2M
sac_her_recovery_v3,clean,4,0.0,-150.0,0.0,0.09007125570502338,150,0.2793191969394684,0.4990421533584595,0.0,1.0,,4022,v3,B3,sac_her_pickandplace_randomized_2M
sac_her_recovery_v3,clean,4,0.0,-150.0,0.0,0.4343474150549246,150,0.05041715130209923,1.1013399362564087,0.0,1.0,,4023,v3,B3,sac_her_pickandplace_randomized_2M
sac_her_recovery_v3,clean,4,0.0,-19.0,1.0,0.010632978622944078,150,1.6215400695800781,1.1385715007781982,1.0,1.0,19.0,4024,v3,B3,sac_her_pickandplace_randomized_2M
sac_her_recovery_v3,clean,4,0.0,-150.0,0.0,0.22616823953285825,150,0.15139059722423553,0.7531499266624451,0.0,1.0,,4025,v3,B3,sac_her_pickandplace_randomized_2M
sac_her_recovery_v3,clean,4,0.0,-150.0,0.0,0.2986576663914672,150,0.2204628735780716,1.2786792516708374,0.0,1.0,,4026,v3,B3,sac_her_pickandplace_randomized_2M
sac_her_recovery_v3,clean,4,0.0,-150.0,0.0,0.3892672676711604,150,0.09277065843343735,1.5446256399154663,0.0,1.0,,4027,v3,B3,sac_her_pickandplace_randomized_2M
sac_her_recovery_v3,clean,4,0.0,-148.0,0.0,0.12494643477714056,150,0.40165209770202637,1.0298107862472534,0.0,1.0,17.0,4028,v3,B3,sac_her_pickandplace_randomized_2M
sac_her_recovery_v3,clean,4,0.0,-150.0,0.0,0.19688495035638312,150,0.5964122414588928,1.2121214866638184,0.0,1.0,,4029,v3,B3,sac_her_pickandplace_randomized_2M
sac_her_recovery_v3,clean,4,0.0,-6.0,1.0,0.004944473050427995,150,0.19635912775993347,0.9596341848373413,0.0,0.0,6.0,4030,v3,B3,sac_her_pickandplace_randomized_2M
sac_her_recovery_v3,clean,4,0.0,-150.0,0.0,0.44133838700290884,150,0.07755164057016373,1.628720760345459,0.0,1.0,,4031,v3,B3,sac_her_pickandplace_randomized_2M
sac_her_recovery_v3,clean,4,0.0,-150.0,0.0,0.44972303031566396,150,0.05337188020348549,1.6084657907485962,0.0,1.0,,4032,v3,B3,sac_her_pickandplace_randomized_2M
sac_her_recovery_v3,clean,4,0.0,-15.0,1.0,0.023936959971439693,150,0.5472562313079834,0.6292282938957214,0.0,1.0,15.0,4033,v3,B3,sac_her_pickandplace_randomized_2M
sac_her_recovery_v3,clean,4,0.0,-150.0,0.0,0.05396363897369196,150,1.8806700706481934,1.1963199377059937,0.0,1.0,,4034,v3,B3,sac_her_pickandplace_randomized_2M
sac_her_recovery_v3,clean,4,0.0,-2.0,1.0,0.007142151764050469,150,0.2958314120769501,1.142848253250122,0.0,0.0,2.0,4035,v3,B3,sac_her_pickandplace_randomized_2M
sac_her_recovery_v3,clean,4,0.0,-8.0,1.0,0.011606213598065821,150,0.14237363636493683,0.6498204469680786,0.0,1.0,8.0,4036,v3,B3,sac_her_pickandplace_randomized_2M
sac_her_recovery_v3,clean,4,0.0,-150.0,0.0,0.4442359995615462,150,0.05234451964497566,0.9457888007164001,0.0,1.0,,4037,v3,B3,sac_her_pickandplace_randomized_2M
sac_her_recovery_v3,clean,4,0.0,-15.0,1.0,0.0170641521390792,150,1.9417827129364014,1.3873040676116943,0.0,1.0,12.0,4038,v3,B3,sac_her_pickandplace_randomized_2M
sac_her_recovery_v3,clean,4,0.0,-150.0,0.0,0.4243770527675358,150,0.07343418151140213,1.268805980682373,0.0,1.0,,4039,v3,B3,sac_her_pickandplace_randomized_2M
sac_her_recovery_v3,clean,4,0.0,-7.0,1.0,0.03359644533025365,150,0.25351524353027344,0.30911606550216675,0.0,0.0,7.0,4040,v3,B3,sac_her_pickandplace_randomized_2M
sac_her_recovery_v3,clean,4,0.0,-150.0,0.0,0.4431327053117166,150,0.043478887528181076,0.8582906126976013,0.0,1.0,,4041,v3,B3,sac_her_pickandplace_randomized_2M
sac_her_recovery_v3,clean,4,0.0,-2.0,1.0,0.006661858358378789,150,0.14928804337978363,0.8764088749885559,0.0,0.0,2.0,4042,v3,B3,sac_her_pickandplace_randomized_2M
sac_her_recovery_v3,clean,4,0.0,-11.0,1.0,0.006706045732967006,150,0.20992262661457062,1.1257696151733398,0.0,0.0,11.0,4043,v3,B3,sac_her_pickandplace_randomized_2M
sac_her_recovery_v3,clean,4,0.0,-150.0,0.0,0.4263347277634866,150,0.048904746770858765,1.3564953804016113,0.0,1.0,,4044,v3,B3,sac_her_pickandplace_randomized_2M
sac_her_recovery_v3,clean,4,0.0,-150.0,0.0,0.3662215000153558,150,0.055363867431879044,0.8904814720153809,0.0,1.0,,4045,v3,B3,sac_her_pickandplace_randomized_2M
sac_her_recovery_v3,clean,4,0.0,-11.0,1.0,0.01869798600306173,150,0.19070880115032196,0.8814235329627991,0.0,0.0,8.0,4046,v3,B3,sac_her_pickandplace_randomized_2M
sac_her_recovery_v3,clean,4,0.0,-150.0,0.0,0.24147661160362346,150,0.04110307991504669,1.3676213026046753,0.0,1.0,,4047,v3,B3,sac_her_pickandplace_randomized_2M
sac_her_recovery_v3,clean,4,0.0,-150.0,0.0,0.30408110760161844,150,0.05515803396701813,0.9443458914756775,0.0,1.0,,4048,v3,B3,sac_her_pickandplace_randomized_2M
sac_her_recovery_v3,clean,4,0.0,-150.0,0.0,0.49841699916703047,150,0.06229454278945923,1.326369047164917,0.0,1.0,,4049,v3,B3,sac_her_pickandplace_randomized_2M
sac_her,sensor_dropout,4,0.0,-150.0,0.0,0.4295086272890401,150,2.9935591783214477e-09,1.0679211616516113,0.0,0.0,,4050,none,B1,sac_her_pickandplace_randomized_2M
sac_her,sensor_dropout,4,0.0,-150.0,0.0,0.26765703147809344,150,1.6001246994079565e-09,1.7237170934677124,0.0,0.0,,4051,none,B1,sac_her_pickandplace_randomized_2M
sac_her,sensor_dropout,4,0.0,-150.0,0.0,0.1805411928599704,150,8.000623497039783e-10,1.7263519763946533,0.0,0.0,,4052,none,B1,sac_her_pickandplace_randomized_2M
sac_her,sensor_dropout,4,0.0,-150.0,0.0,0.4343474150549246,150,3.394377001697535e-09,1.161015272140503,0.0,0.0,,4053,none,B1,sac_her_pickandplace_randomized_2M
sac_her,sensor_dropout,4,0.0,-150.0,0.0,0.10684840923604477,150,4.0003117485198914e-10,1.8971807956695557,0.0,0.0,,4054,none,B1,sac_her_pickandplace_randomized_2M
sac_her,sensor_dropout,4,0.0,-150.0,0.0,0.9717777975412843,150,0.03953409194946289,1.5528358221054077,0.0,0.0,,4055,none,B1,sac_her_pickandplace_randomized_2M
sac_her,sensor_dropout,4,0.0,-150.0,0.0,0.2986576663914672,150,0.0,1.861978530883789,0.0,0.0,,4056,none,B1,sac_her_pickandplace_randomized_2M
sac_her,sensor_dropout,4,0.0,-150.0,0.0,0.3892672676711604,150,1.7889938419557438e-09,1.630253791809082,0.0,0.0,,4057,none,B1,sac_her_pickandplace_randomized_2M
sac_her,sensor_dropout,4,0.0,-150.0,0.0,0.21665542672761137,150,4.0003117485198914e-10,1.6838361024856567,0.0,0.0,,4058,none,B1,sac_her_pickandplace_randomized_2M
sac_her,sensor_dropout,4,0.0,-150.0,0.0,0.2509328493314462,150,0.0,1.7517932653427124,0.0,0.0,,4059,none,B1,sac_her_pickandplace_randomized_2M
sac_her,sensor_dropout,4,0.0,-150.0,0.0,0.17505173464963447,150,1.6001246994079565e-09,1.8822013139724731,0.0,0.0,,4060,none,B1,sac_her_pickandplace_randomized_2M
sac_her,sensor_dropout,4,0.0,-150.0,0.0,0.44133838700290884,150,1.6493707510889521e-09,1.8106040954589844,0.0,0.0,,4061,none,B1,sac_her_pickandplace_randomized_2M
sac_her,sensor_dropout,4,0.0,-150.0,0.0,0.44972303031566396,150,6.400498797631826e-09,1.6546579599380493,0.0,0.0,,4062,none,B1,sac_her_pickandplace_randomized_2M
sac_her,sensor_dropout,4,0.0,-150.0,0.0,0.122400123784964,150,8.000623497039783e-10,1.8160581588745117,0.0,0.0,,4063,none,B1,sac_her_pickandplace_randomized_2M
sac_her,sensor_dropout,4,0.0,-150.0,0.0,0.17037346368570566,150,5.657295187866396e-10,1.896754503250122,0.0,0.0,,4064,none,B1,sac_her_pickandplace_randomized_2M
sac_her,sensor_dropout,4,0.0,-150.0,0.0,0.05725260634465486,150,1.6493707510889521e-09,1.7493259906768799,0.0,0.0,,4065,none,B1,sac_her_pickandplace_randomized_2M
sac_her,sensor_dropout,4,0.0,-150.0,0.0,0.08101918061954319,150,3.2251543657935144e-09,1.3135616779327393,0.0,0.0,,4066,none,B1,sac_her_pickandplace_randomized_2M
sac_her,sensor_dropout,4,0.0,-150.0,0.0,0.4442359995615462,150,1.265009652584581e-09,1.6753102540969849,0.0,0.0,,4067,none,B1,sac_her_pickandplace_randomized_2M
sac_her,sensor_dropout,4,0.0,-150.0,0.0,0.20996809385249088,150,4.665124730962589e-09,1.4237139225006104,0.0,0.0,,4068,none,B1,sac_her_pickandplace_randomized_2M
sac_her,sensor_dropout,4,0.0,-150.0,0.0,0.4243770527675358,150,5.499519506457773e-09,1.2216203212738037,0.0,0.0,,4069,none,B1,sac_her_pickandplace_randomized_2M
sac_her,sensor_dropout,4,0.0,-150.0,0.0,0.1723055609233818,150,4.020263233428523e-09,1.7026807069778442,0.0,0.0,,4070,none,B1,sac_her_pickandplace_randomized_2M
sac_her,sensor_dropout,4,0.0,-150.0,0.0,0.4431327053117166,150,4.3821222206474886e-09,1.0128294229507446,0.0,0.0,,4071,none,B1,sac_her_pickandplace_randomized_2M
sac_her,sensor_dropout,4,0.0,-150.0,0.0,0.07211340740630931,150,7.808296231814893e-09,1.6726723909378052,0.0,0.0,,4072,none,B1,sac_her_pickandplace_randomized_2M
sac_her,sensor_dropout,4,0.0,-150.0,0.0,0.15051513092543606,150,0.0,1.9380637407302856,0.0,0.0,,4073,none,B1,sac_her_pickandplace_randomized_2M
sac_her,sensor_dropout,4,0.0,-150.0,0.0,0.4263347277634866,150,2.7714972539172322e-09,1.1990444660186768,0.0,0.0,,4074,none,B1,sac_her_pickandplace_randomized_2M
sac_her,sensor_dropout,4,0.0,-150.0,0.0,0.3662215000153558,150,5.60043655895015e-09,0.7260755300521851,0.0,0.0,,4075,none,B1,sac_her_pickandplace_randomized_2M
sac_her,sensor_dropout,4,0.0,-150.0,0.0,0.1437793465619575,150,8.944969209778719e-10,1.9381146430969238,0.0,0.0,,4076,none,B1,sac_her_pickandplace_randomized_2M
sac_her,sensor_dropout,4,0.0,-150.0,0.0,0.24147661160362346,150,3.752625321595815e-09,1.3065006732940674,0.0,0.0,,4077,none,B1,sac_her_pickandplace_randomized_2M
sac_her,sensor_dropout,4,0.0,-150.0,0.0,0.30408110760161844,150,1.6001246994079565e-09,1.6274089813232422,0.0,0.0,,4078,none,B1,sac_her_pickandplace_randomized_2M
sac_her,sensor_dropout,4,0.0,-150.0,0.0,0.49841699916703047,150,5.824541737808886e-09,1.239812970161438,0.0,0.0,,4079,none,B1,sac_her_pickandplace_randomized_2M
sac_her_recovery_v2,sensor_dropout,4,0.0,-150.0,0.0,0.4295086272890401,150,0.02049514837563038,1.0703344345092773,0.0,1.0,,4080,v2,B2,sac_her_pickandplace_randomized_2M
sac_her_recovery_v2,sensor_dropout,4,0.0,-150.0,0.0,0.26765703147809344,150,0.02675718255341053,1.7193862199783325,0.0,1.0,,4081,v2,B2,sac_her_pickandplace_randomized_2M
sac_her_recovery_v2,sensor_dropout,4,0.0,-150.0,0.0,0.1805411928599704,150,0.0315622016787529,1.7208609580993652,0.0,1.0,,4082,v2,B2,sac_her_pickandplace_randomized_2M
sac_her_recovery_v2,sensor_dropout,4,0.0,-150.0,0.0,0.4343474150549246,150,0.02201397716999054,1.160029649734497,0.0,1.0,,4083,v2,B2,sac_her_pickandplace_randomized_2M
sac_her_recovery_v2,sensor_dropout,4,0.0,-150.0,0.0,0.10684840923604477,150,0.012010529637336731,0.5615007281303406,0.0,1.0,,4084,v2,B2,sac_her_pickandplace_randomized_2M
sac_her_recovery_v2,sensor_dropout,4,0.0,-150.0,0.0,0.17036339939746534,150,0.02219906821846962,0.8790815472602844,0.0,1.0,,4085,v2,B2,sac_her_pickandplace_randomized_2M
sac_her_recovery_v2,sensor_dropout,4,0.0,-150.0,0.0,0.2986576663914672,150,0.008646220900118351,1.187840461730957,0.0,1.0,,4086,v2,B2,sac_her_pickandplace_randomized_2M
sac_her_recovery_v2,sensor_dropout,4,0.0,-150.0,0.0,0.3892672676711604,150,0.02084345556795597,1.6291121244430542,0.0,1.0,,4087,v2,B2,sac_her_pickandplace_randomized_2M
sac_her_recovery_v2,sensor_dropout,4,0.0,-150.0,0.0,0.21665542672761137,150,0.026280246675014496,1.679754614830017,0.0,1.0,,4088,v2,B2,sac_her_pickandplace_randomized_2M
sac_her_recovery_v2,sensor_dropout,4,0.0,-150.0,0.0,0.2509328493314462,150,0.030952658504247665,1.7470213174819946,0.0,1.0,,4089,v2,B2,sac_her_pickandplace_randomized_2M
sac_her_recovery_v2,sensor_dropout,4,0.0,-150.0,0.0,0.17505173464963447,150,0.017121577635407448,0.8953973650932312,0.0,1.0,,4090,v2,B2,sac_her_pickandplace_randomized_2M
sac_her_recovery_v2,sensor_dropout,4,0.0,-150.0,0.0,0.44133838700290884,150,0.015487737953662872,1.439405918121338,0.0,1.0,,4091,v2,B2,sac_her_pickandplace_randomized_2M
sac_her_recovery_v2,sensor_dropout,4,0.0,-150.0,0.0,0.44972303031566396,150,0.01686706393957138,1.6542307138442993,0.0,1.0,,4092,v2,B2,sac_her_pickandplace_randomized_2M
sac_her_recovery_v2,sensor_dropout,4,0.0,-150.0,0.0,0.122400123784964,150,0.010969425551593304,0.6360817551612854,0.0,1.0,,4093,v2,B2,sac_her_pickandplace_randomized_2M
sac_her_recovery_v2,sensor_dropout,4,0.0,-150.0,0.0,0.17037346368570566,150,0.01775970682501793,0.8727648854255676,0.0,1.0,,4094,v2,B2,sac_her_pickandplace_randomized_2M
sac_her_recovery_v2,sensor_dropout,4,0.0,-150.0,0.0,0.05725260634465486,150,0.022632377222180367,1.7395724058151245,0.0,1.0,,4095,v2,B2,sac_her_pickandplace_randomized_2M
sac_her_recovery_v2,sensor_dropout,4,0.0,-150.0,0.0,0.08101918061954319,150,0.01622476987540722,1.3075052499771118,0.0,1.0,,4096,v2,B2,sac_her_pickandplace_randomized_2M
sac_her_recovery_v2,sensor_dropout,4,0.0,-150.0,0.0,0.4442359995615462,150,0.03269265964627266,1.6709685325622559,0.0,1.0,,4097,v2,B2,sac_her_pickandplace_randomized_2M
sac_her_recovery_v2,sensor_dropout,4,0.0,-150.0,0.0,0.20996809385249088,150,0.021217040717601776,1.4209566116333008,0.0,1.0,,4098,v2,B2,sac_her_pickandplace_randomized_2M
sac_her_recovery_v2,sensor_dropout,4,0.0,-150.0,0.0,0.4243770527675358,150,0.023819098249077797,1.2239270210266113,0.0,1.0,,4099,v2,B2,sac_her_pickandplace_randomized_2M
sac_her_recovery_v2,sensor_dropout,4,0.0,-150.0,0.0,0.1723055609233818,150,0.027276551350951195,1.697072982788086,0.0,1.0,,4100,v2,B2,sac_her_pickandplace_randomized_2M
sac_her_recovery_v2,sensor_dropout,4,0.0,-150.0,0.0,0.4431327053117166,150,0.02541436441242695,1.0153183937072754,0.0,1.0,,4101,v2,B2,sac_her_pickandplace_randomized_2M
sac_her_recovery_v2,sensor_dropout,4,0.0,-150.0,0.0,0.07211340740630931,150,0.02499939501285553,1.663925051689148,0.0,1.0,,4102,v2,B2,sac_her_pickandplace_randomized_2M
sac_her_recovery_v2,sensor_dropout,4,0.0,-150.0,0.0,0.15051513092543606,150,0.010563625954091549,0.7762851715087891,0.0,1.0,,4103,v2,B2,sac_her_pickandplace_randomized_2M
sac_her_recovery_v2,sensor_dropout,4,0.0,-150.0,0.0,0.4263347277634866,150,0.019745776429772377,1.2008259296417236,0.0,1.0,,4104,v2,B2,sac_her_pickandplace_randomized_2M
sac_her_recovery_v2,sensor_dropout,4,0.0,-150.0,0.0,0.3662215000153558,150,0.018510520458221436,0.7298868894577026,0.0,1.0,,4105,v2,B2,sac_her_pickandplace_randomized_2M
sac_her_recovery_v2,sensor_dropout,4,0.0,-150.0,0.0,0.1437793465619575,150,0.012545585632324219,0.743281364440918,0.0,1.0,,4106,v2,B2,sac_her_pickandplace_randomized_2M
sac_her_recovery_v2,sensor_dropout,4,0.0,-150.0,0.0,0.24147661160362346,150,0.020462218672037125,1.3054898977279663,0.0,1.0,,4107,v2,B2,sac_her_pickandplace_randomized_2M
sac_her_recovery_v2,sensor_dropout,4,0.0,-150.0,0.0,0.30408110760161844,150,0.0210705678910017,1.6259716749191284,0.0,1.0,,4108,v2,B2,sac_her_pickandplace_randomized_2M
sac_her_recovery_v2,sensor_dropout,4,0.0,-150.0,0.0,0.49841699916703047,150,0.02059481479227543,1.2410781383514404,0.0,1.0,,4109,v2,B2,sac_her_pickandplace_randomized_2M
sac_her_recovery_v3,sensor_dropout,4,0.0,-150.0,0.0,0.4295086272890401,150,0.02049514837563038,1.0751609802246094,0.0,1.0,,4110,v3,B3,sac_her_pickandplace_randomized_2M
sac_her_recovery_v3,sensor_dropout,4,0.0,-150.0,0.0,0.26765703147809344,150,0.02675718255341053,1.6804078817367554,0.0,1.0,,4111,v3,B3,sac_her_pickandplace_randomized_2M
sac_her_recovery_v3,sensor_dropout,4,0.0,-150.0,0.0,0.1805411928599704,150,0.0315622016787529,1.709878921508789,0.0,1.0,,4112,v3,B3,sac_her_pickandplace_randomized_2M
sac_her_recovery_v3,sensor_dropout,4,0.0,-150.0,0.0,0.4343474150549246,150,0.02201397716999054,1.1580580472946167,0.0,1.0,,4113,v3,B3,sac_her_pickandplace_randomized_2M
sac_her_recovery_v3,sensor_dropout,4,0.0,-150.0,0.0,0.10684840923604477,150,0.012010529637336731,0.5615007281303406,0.0,1.0,,4114,v3,B3,sac_her_pickandplace_randomized_2M
sac_her_recovery_v3,sensor_dropout,4,0.0,-150.0,0.0,0.17036339939746534,150,0.02219906821846962,0.8790815472602844,0.0,1.0,,4115,v3,B3,sac_her_pickandplace_randomized_2M
sac_her_recovery_v3,sensor_dropout,4,0.0,-150.0,0.0,0.2986576663914672,150,0.008646220900118351,1.187840461730957,0.0,1.0,,4116,v3,B3,sac_her_pickandplace_randomized_2M
sac_her_recovery_v3,sensor_dropout,4,0.0,-150.0,0.0,0.3892672676711604,150,0.02084345556795597,1.6268290281295776,0.0,1.0,,4117,v3,B3,sac_her_pickandplace_randomized_2M
sac_her_recovery_v3,sensor_dropout,4,0.0,-150.0,0.0,0.21665542672761137,150,0.026280246675014496,1.6430217027664185,0.0,1.0,,4118,v3,B3,sac_her_pickandplace_randomized_2M
sac_her_recovery_v3,sensor_dropout,4,0.0,-150.0,0.0,0.2509328493314462,150,0.030952658504247665,1.7040725946426392,0.0,1.0,,4119,v3,B3,sac_her_pickandplace_randomized_2M
sac_her_recovery_v3,sensor_dropout,4,0.0,-150.0,0.0,0.17505173464963447,150,0.017121577635407448,0.8953973650932312,0.0,1.0,,4120,v3,B3,sac_her_pickandplace_randomized_2M
sac_her_recovery_v3,sensor_dropout,4,0.0,-150.0,0.0,0.44133838700290884,150,0.015487737953662872,1.439405918121338,0.0,1.0,,4121,v3,B3,sac_her_pickandplace_randomized_2M
sac_her_recovery_v3,sensor_dropout,4,0.0,-150.0,0.0,0.44972303031566396,150,0.01686706393957138,1.6533762216567993,0.0,1.0,,4122,v3,B3,sac_her_pickandplace_randomized_2M
sac_her_recovery_v3,sensor_dropout,4,0.0,-150.0,0.0,0.122400123784964,150,0.010969425551593304,0.6360817551612854,0.0,1.0,,4123,v3,B3,sac_her_pickandplace_randomized_2M
sac_her_recovery_v3,sensor_dropout,4,0.0,-150.0,0.0,0.17037346368570566,150,0.01775970682501793,0.8727648854255676,0.0,1.0,,4124,v3,B3,sac_her_pickandplace_randomized_2M
sac_her_recovery_v3,sensor_dropout,4,0.0,-150.0,0.0,0.05725260634465486,150,0.022632377222180367,1.651788592338562,0.0,1.0,,4125,v3,B3,sac_her_pickandplace_randomized_2M
sac_her_recovery_v3,sensor_dropout,4,0.0,-150.0,0.0,0.08101918061954319,150,0.01622476987540722,1.2529972791671753,0.0,1.0,,4126,v3,B3,sac_her_pickandplace_randomized_2M
sac_her_recovery_v3,sensor_dropout,4,0.0,-150.0,0.0,0.4442359995615462,150,0.03269265964627266,1.6622852087020874,0.0,1.0,,4127,v3,B3,sac_her_pickandplace_randomized_2M
sac_her_recovery_v3,sensor_dropout,4,0.0,-150.0,0.0,0.20996809385249088,150,0.021217040717601776,1.396141767501831,0.0,1.0,,4128,v3,B3,sac_her_pickandplace_randomized_2M
sac_her_recovery_v3,sensor_dropout,4,0.0,-150.0,0.0,0.4243770527675358,150,0.023819098249077797,1.2285407781600952,0.0,1.0,,4129,v3,B3,sac_her_pickandplace_randomized_2M
sac_her_recovery_v3,sensor_dropout,4,0.0,-150.0,0.0,0.1723055609233818,150,0.027276551350951195,1.6466038227081299,0.0,1.0,,4130,v3,B3,sac_her_pickandplace_randomized_2M
sac_her_recovery_v3,sensor_dropout,4,0.0,-150.0,0.0,0.4431327053117166,150,0.02541436441242695,1.020296573638916,0.0,1.0,,4131,v3,B3,sac_her_pickandplace_randomized_2M
sac_her_recovery_v3,sensor_dropout,4,0.0,-150.0,0.0,0.07211340740630931,150,0.02499939501285553,1.5851987600326538,0.0,1.0,,4132,v3,B3,sac_her_pickandplace_randomized_2M
sac_her_recovery_v3,sensor_dropout,4,0.0,-150.0,0.0,0.15051513092543606,150,0.010563625954091549,0.7762851715087891,0.0,1.0,,4133,v3,B3,sac_her_pickandplace_randomized_2M
sac_her_recovery_v3,sensor_dropout,4,0.0,-150.0,0.0,0.4263347277634866,150,0.019745776429772377,1.2043888568878174,0.0,1.0,,4134,v3,B3,sac_her_pickandplace_randomized_2M
sac_her_recovery_v3,sensor_dropout,4,0.0,-150.0,0.0,0.3662215000153558,150,0.018510520458221436,0.737509548664093,0.0,1.0,,4135,v3,B3,sac_her_pickandplace_randomized_2M
sac_her_recovery_v3,sensor_dropout,4,0.0,-150.0,0.0,0.1437793465619575,150,0.012545585632324219,0.743281364440918,0.0,1.0,,4136,v3,B3,sac_her_pickandplace_randomized_2M
sac_her_recovery_v3,sensor_dropout,4,0.0,-150.0,0.0,0.24147661160362346,150,0.020462218672037125,1.3034688234329224,0.0,1.0,,4137,v3,B3,sac_her_pickandplace_randomized_2M
sac_her_recovery_v3,sensor_dropout,4,0.0,-150.0,0.0,0.30408110760161844,150,0.0210705678910017,1.6230969429016113,0.0,1.0,,4138,v3,B3,sac_her_pickandplace_randomized_2M
sac_her_recovery_v3,sensor_dropout,4,0.0,-150.0,0.0,0.49841699916703047,150,0.02059481479227543,1.2436085939407349,0.0,1.0,,4139,v3,B3,sac_her_pickandplace_randomized_2M
sac_her,sensor_bias,4,0.1,-150.0,0.0,0.4295086272890401,150,0.02196832187473774,1.6303354501724243,0.0,0.0,,4140,none,B1,sac_her_pickandplace_randomized_2M
sac_her,sensor_bias,4,0.1,-150.0,0.0,0.6934726769114473,150,0.07484792172908783,1.5048669576644897,0.0,0.0,,4141,none,B1,sac_her_pickandplace_randomized_2M
sac_her,sensor_bias,4,0.1,-150.0,0.0,0.1805411928599704,150,0.12675151228904724,0.7277193665504456,0.0,0.0,,4142,none,B1,sac_her_pickandplace_randomized_2M
sac_her,sensor_bias,4,0.1,-150.0,0.0,0.4343474150549246,150,0.007861921563744545,1.8922553062438965,0.0,0.0,,4143,none,B1,sac_her_pickandplace_randomized_2M
sac_her,sensor_bias,4,0.1,-150.0,0.0,0.10684840923604477,150,0.04817984625697136,1.4138927459716797,0.0,0.0,,4144,none,B1,sac_her_pickandplace_randomized_2M
sac_her,sensor_bias,4,0.1,-150.0,0.0,0.22616823953285825,150,0.07925154268741608,1.468515396118164,0.0,0.0,,4145,none,B1,sac_her_pickandplace_randomized_2M
sac_her,sensor_bias,4,0.1,-150.0,0.0,0.2986576663914672,150,1.6557947397232056,1.3972452878952026,0.0,0.0,,4146,none,B1,sac_her_pickandplace_randomized_2M
sac_her,sensor_bias,4,0.1,-150.0,0.0,0.3892672676711604,150,0.042307183146476746,1.5784465074539185,0.0,0.0,,4147,none,B1,sac_her_pickandplace_randomized_2M
sac_her,sensor_bias,4,0.1,-150.0,0.0,0.21665542672761137,150,1.577341914176941,1.025513768196106,0.0,0.0,,4148,none,B1,sac_her_pickandplace_randomized_2M
sac_her,sensor_bias,4,0.1,-150.0,0.0,0.2509328493314462,150,0.04924368858337402,1.3662829399108887,0.0,0.0,,4149,none,B1,sac_her_pickandplace_randomized_2M
sac_her,sensor_bias,4,0.1,-150.0,0.0,0.17505173464963447,150,0.05379001051187515,1.581834077835083,0.0,0.0,,4150,none,B1,sac_her_pickandplace_randomized_2M
sac_her,sensor_bias,4,0.1,-150.0,0.0,0.44133838700290884,150,0.01642880216240883,1.7609204053878784,0.0,0.0,,4151,none,B1,sac_her_pickandplace_randomized_2M
sac_her,sensor_bias,4,0.1,-150.0,0.0,0.44972303031566396,150,0.03596256300806999,1.6973609924316406,0.0,0.0,,4152,none,B1,sac_her_pickandplace_randomized_2M
sac_her,sensor_bias,4,0.1,-150.0,0.0,0.122400123784964,150,0.07357779145240784,1.4279667139053345,0.0,0.0,,4153,none,B1,sac_her_pickandplace_randomized_2M
sac_her,sensor_bias,4,0.1,-150.0,0.0,0.17037346368570566,150,0.03289897367358208,1.7612837553024292,0.0,0.0,,4154,none,B1,sac_her_pickandplace_randomized_2M
sac_her,sensor_bias,4,0.1,-150.0,0.0,0.05725260634465486,150,0.04088584706187248,1.8893009424209595,0.0,0.0,,4155,none,B1,sac_her_pickandplace_randomized_2M
sac_her,sensor_bias,4,0.1,-150.0,0.0,0.08101918061954319,150,0.03322577849030495,1.5109069347381592,0.0,0.0,,4156,none,B1,sac_her_pickandplace_randomized_2M
sac_her,sensor_bias,4,0.1,-150.0,0.0,0.4442359995615462,150,0.053716108202934265,1.194785714149475,0.0,0.0,,4157,none,B1,sac_her_pickandplace_randomized_2M
sac_her,sensor_bias,4,0.1,-150.0,0.0,0.48437166607375043,150,1.6683529615402222,1.5528556108474731,1.0,0.0,,4158,none,B1,sac_her_pickandplace_randomized_2M
sac_her,sensor_bias,4,0.1,-150.0,0.0,0.4243770527675358,150,0.08172177523374557,1.334047794342041,0.0,0.0,,4159,none,B1,sac_her_pickandplace_randomized_2M
sac_her,sensor_bias,4,0.1,-150.0,0.0,0.1723055609233818,150,0.2346986085176468,1.3028843402862549,0.0,0.0,,4160,none,B1,sac_her_pickandplace_randomized_2M
sac_her,sensor_bias,4,0.1,-150.0,0.0,0.4431327053117166,150,0.052913062274456024,1.2128777503967285,0.0,0.0,,4161,none,B1,sac_her_pickandplace_randomized_2M
sac_her,sensor_bias,4,0.1,-150.0,0.0,0.07211340740630931,150,0.03239572420716286,1.7314064502716064,0.0,0.0,,4162,none,B1,sac_her_pickandplace_randomized_2M
sac_her,sensor_bias,4,0.1,-150.0,0.0,0.15051513092543606,150,0.05869021266698837,1.2244740724563599,0.0,0.0,,4163,none,B1,sac_her_pickandplace_randomized_2M
sac_her,sensor_bias,4,0.1,-150.0,0.0,0.4263347277634866,150,0.013106218539178371,1.7332072257995605,0.0,0.0,,4164,none,B1,sac_her_pickandplace_randomized_2M
sac_her,sensor_bias,4,0.1,-150.0,0.0,0.3662215000153558,150,0.026756875216960907,1.2077161073684692,0.0,0.0,,4165,none,B1,sac_her_pickandplace_randomized_2M
sac_her,sensor_bias,4,0.1,-150.0,0.0,0.1437793465619575,150,2.503653049468994,1.6137832403182983,0.0,0.0,,4166,none,B1,sac_her_pickandplace_randomized_2M
sac_her,sensor_bias,4,0.1,-150.0,0.0,0.24147661160362346,150,0.020435716956853867,1.6705244779586792,0.0,0.0,,4167,none,B1,sac_her_pickandplace_randomized_2M
sac_her,sensor_bias,4,0.1,-150.0,0.0,0.30408110760161844,150,0.012478663586080074,1.8603601455688477,0.0,0.0,,4168,none,B1,sac_her_pickandplace_randomized_2M
sac_her,sensor_bias,4,0.1,-150.0,0.0,0.49841699916703047,150,0.03242705017328262,1.4723018407821655,0.0,0.0,,4169,none,B1,sac_her_pickandplace_randomized_2M
sac_her_recovery_v2,sensor_bias,4,0.1,-150.0,0.0,0.4295086272890401,150,0.5922686457633972,1.5781697034835815,0.0,1.0,,4170,v2,B2,sac_her_pickandplace_randomized_2M
sac_her_recovery_v2,sensor_bias,4,0.1,-150.0,0.0,0.26765703147809344,150,0.062091078609228134,1.378994107246399,0.0,1.0,,4171,v2,B2,sac_her_pickandplace_randomized_2M
sac_her_recovery_v2,sensor_bias,4,0.1,-150.0,0.0,0.1805411928599704,150,0.7151355147361755,0.7368335723876953,0.0,1.0,,4172,v2,B2,sac_her_pickandplace_randomized_2M
sac_her_recovery_v2,sensor_bias,4,0.1,-150.0,0.0,0.4343474150549246,150,0.02597629278898239,1.2803288698196411,0.0,1.0,,4173,v2,B2,sac_her_pickandplace_randomized_2M
sac_her_recovery_v2,sensor_bias,4,0.1,-150.0,0.0,0.10684840923604477,150,0.07738230377435684,1.2351253032684326,0.0,1.0,,4174,v2,B2,sac_her_pickandplace_randomized_2M
sac_her_recovery_v2,sensor_bias,4,0.1,-150.0,0.0,0.22616823953285825,150,0.1416904479265213,1.2348520755767822,0.0,1.0,,4175,v2,B2,sac_her_pickandplace_randomized_2M
sac_her_recovery_v2,sensor_bias,4,0.1,-150.0,0.0,0.2986576663914672,150,1.7216434478759766,1.3537033796310425,0.0,1.0,,4176,v2,B2,sac_her_pickandplace_randomized_2M
sac_her_recovery_v2,sensor_bias,4,0.1,-150.0,0.0,0.3892672676711604,150,0.40075185894966125,1.6914267539978027,0.0,1.0,,4177,v2,B2,sac_her_pickandplace_randomized_2M
sac_her_recovery_v2,sensor_bias,4,0.1,-150.0,0.0,0.21665542672761137,150,0.12209489196538925,1.5058014392852783,0.0,1.0,,4178,v2,B2,sac_her_pickandplace_randomized_2M
sac_her_recovery_v2,sensor_bias,4,0.1,-22.0,1.0,0.041167585900457014,150,0.2934707701206207,1.0747766494750977,0.0,1.0,22.0,4179,v2,B2,sac_her_pickandplace_randomized_2M
sac_her_recovery_v2,sensor_bias,4,0.1,-150.0,0.0,0.17505173464963447,150,0.15349186956882477,1.1054831743240356,0.0,1.0,,4180,v2,B2,sac_her_pickandplace_randomized_2M
sac_her_recovery_v2,sensor_bias,4,0.1,-150.0,0.0,0.44133838700290884,150,0.06402701139450073,1.3079921007156372,0.0,1.0,,4181,v2,B2,sac_her_pickandplace_randomized_2M
sac_her_recovery_v2,sensor_bias,4,0.1,-150.0,0.0,0.44972303031566396,150,0.03813896328210831,1.5488163232803345,0.0,1.0,,4182,v2,B2,sac_her_pickandplace_randomized_2M
sac_her_recovery_v2,sensor_bias,4,0.1,-150.0,0.0,0.08252519775431054,150,0.06624780595302582,0.8680979609489441,0.0,1.0,,4183,v2,B2,sac_her_pickandplace_randomized_2M
sac_her_recovery_v2,sensor_bias,4,0.1,-150.0,0.0,0.17037346368570566,150,0.13790898025035858,1.270497441291809,0.0,1.0,,4184,v2,B2,sac_her_pickandplace_randomized_2M
sac_her_recovery_v2,sensor_bias,4,0.1,-150.0,0.0,0.05725260634465486,150,0.06021961569786072,1.5769374370574951,0.0,1.0,,4185,v2,B2,sac_her_pickandplace_randomized_2M
sac_her_recovery_v2,sensor_bias,4,0.1,-150.0,0.0,0.08101918061954319,150,0.19988250732421875,1.6879810094833374,0.0,1.0,,4186,v2,B2,sac_her_pickandplace_randomized_2M
sac_her_recovery_v2,sensor_bias,4,0.1,-150.0,0.0,0.4442359995615462,150,0.032186124473810196,1.5149472951889038,0.0,1.0,,4187,v2,B2,sac_her_pickandplace_randomized_2M
sac_her_recovery_v2,sensor_bias,4,0.1,-150.0,0.0,0.20996809385249088,150,0.06919471174478531,1.4248729944229126,0.0,1.0,,4188,v2,B2,sac_her_pickandplace_randomized_2M
sac_her_recovery_v2,sensor_bias,4,0.1,-150.0,0.0,0.4243770527675358,150,0.10113836824893951,1.3344626426696777,0.0,1.0,,4189,v2,B2,sac_her_pickandplace_randomized_2M
sac_her_recovery_v2,sensor_bias,4,0.1,-150.0,0.0,0.24350821961745256,150,0.1382872462272644,1.4469735622406006,0.0,1.0,,4190,v2,B2,sac_her_pickandplace_randomized_2M
sac_her_recovery_v2,sensor_bias,4,0.1,-150.0,0.0,0.4431327053117166,150,0.029376978054642677,1.2930796146392822,0.0,1.0,,4191,v2,B2,sac_her_pickandplace_randomized_2M
sac_her_recovery_v2,sensor_bias,4,0.1,-150.0,0.0,0.07211340740630931,150,1.5754778385162354,1.036094307899475,0.0,1.0,,4192,v2,B2,sac_her_pickandplace_randomized_2M
sac_her_recovery_v2,sensor_bias,4,0.1,-150.0,0.0,0.15051513092543606,150,1.2984838485717773,1.5626800060272217,0.0,1.0,,4193,v2,B2,sac_her_pickandplace_randomized_2M
sac_her_recovery_v2,sensor_bias,4,0.1,-150.0,0.0,0.4263347277634866,150,0.7038364410400391,1.6546354293823242,0.0,1.0,,4194,v2,B2,sac_her_pickandplace_randomized_2M
sac_her_recovery_v2,sensor_bias,4,0.1,-150.0,0.0,0.3662215000153558,150,0.046278007328510284,0.843532919883728,0.0,1.0,,4195,v2,B2,sac_her_pickandplace_randomized_2M
sac_her_recovery_v2,sensor_bias,4,0.1,-150.0,0.0,0.1437793465619575,150,0.9774442315101624,1.3056626319885254,1.0,1.0,,4196,v2,B2,sac_her_pickandplace_randomized_2M
sac_her_recovery_v2,sensor_bias,4,0.1,-150.0,0.0,0.24147661160362346,150,0.05162343010306358,1.2566020488739014,0.0,1.0,,4197,v2,B2,sac_her_pickandplace_randomized_2M
sac_her_recovery_v2,sensor_bias,4,0.1,-150.0,0.0,0.30408110760161844,150,0.11696350574493408,1.467017650604248,0.0,1.0,,4198,v2,B2,sac_her_pickandplace_randomized_2M
sac_her_recovery_v2,sensor_bias,4,0.1,-150.0,0.0,0.49841699916703047,150,0.0435841903090477,1.6344956159591675,0.0,1.0,,4199,v2,B2,sac_her_pickandplace_randomized_2M
sac_her_recovery_v3,sensor_bias,4,0.1,-150.0,0.0,0.4295086272890401,150,0.21515798568725586,1.5387884378433228,0.0,1.0,,4200,v3,B3,sac_her_pickandplace_randomized_2M
sac_her_recovery_v3,sensor_bias,4,0.1,-150.0,0.0,0.2999408538434676,150,0.37325456738471985,1.3397440910339355,0.0,1.0,,4201,v3,B3,sac_her_pickandplace_randomized_2M
sac_her_recovery_v3,sensor_bias,4,0.1,-150.0,0.0,0.1805411928599704,150,0.06589224934577942,0.8020652532577515,0.0,1.0,,4202,v3,B3,sac_her_pickandplace_randomized_2M
sac_her_recovery_v3,sensor_bias,4,0.1,-150.0,0.0,0.4343474150549246,150,0.038900408893823624,1.2218562364578247,0.0,1.0,,4203,v3,B3,sac_her_pickandplace_randomized_2M
sac_her_recovery_v3,sensor_bias,4,0.1,-150.0,0.0,0.10684840923604477,150,0.07796135544776917,1.1239467859268188,0.0,1.0,,4204,v3,B3,sac_her_pickandplace_randomized_2M
sac_her_recovery_v3,sensor_bias,4,0.1,-150.0,0.0,0.22616823953285825,150,0.10013137757778168,1.2095495462417603,0.0,1.0,,4205,v3,B3,sac_her_pickandplace_randomized_2M
sac_her_recovery_v3,sensor_bias,4,0.1,-150.0,0.0,0.2986576663914672,150,0.1864602118730545,1.2536139488220215,0.0,1.0,,4206,v3,B3,sac_her_pickandplace_randomized_2M
sac_her_recovery_v3,sensor_bias,4,0.1,-150.0,0.0,0.3892672676711604,150,0.08321837335824966,1.5419474840164185,0.0,1.0,,4207,v3,B3,sac_her_pickandplace_randomized_2M
sac_her_recovery_v3,sensor_bias,4,0.1,-150.0,0.0,0.1823583179938092,150,0.0831483006477356,1.3153568506240845,0.0,1.0,,4208,v3,B3,sac_her_pickandplace_randomized_2M
sac_her_recovery_v3,sensor_bias,4,0.1,-150.0,0.0,0.2509328493314462,150,0.15630453824996948,1.2017568349838257,0.0,1.0,,4209,v3,B3,sac_her_pickandplace_randomized_2M
sac_her_recovery_v3,sensor_bias,4,0.1,-150.0,0.0,0.7065345637979565,150,0.532708466053009,1.6370717287063599,1.0,1.0,,4210,v3,B3,sac_her_pickandplace_randomized_2M
sac_her_recovery_v3,sensor_bias,4,0.1,-150.0,0.0,0.44133838700290884,150,0.026300810277462006,1.7221544981002808,0.0,1.0,,4211,v3,B3,sac_her_pickandplace_randomized_2M
sac_her_recovery_v3,sensor_bias,4,0.1,-150.0,0.0,0.44972303031566396,150,0.07528109848499298,1.2987480163574219,0.0,1.0,,4212,v3,B3,sac_her_pickandplace_randomized_2M
sac_her_recovery_v3,sensor_bias,4,0.1,-150.0,0.0,0.122400123784964,150,0.07769424468278885,1.260378360748291,0.0,1.0,,4213,v3,B3,sac_her_pickandplace_randomized_2M
sac_her_recovery_v3,sensor_bias,4,0.1,-150.0,0.0,0.17037346368570566,150,0.4134872555732727,0.8205156922340393,0.0,1.0,,4214,v3,B3,sac_her_pickandplace_randomized_2M
sac_her_recovery_v3,sensor_bias,4,0.1,-150.0,0.0,0.05725260634465486,150,0.04062068089842796,1.2370017766952515,0.0,1.0,,4215,v3,B3,sac_her_pickandplace_randomized_2M
sac_her_recovery_v3,sensor_bias,4,0.1,-150.0,0.0,0.08101918061954319,150,1.1701512336730957,1.1086108684539795,0.0,1.0,,4216,v3,B3,sac_her_pickandplace_randomized_2M
sac_her_recovery_v3,sensor_bias,4,0.1,-150.0,0.0,0.4442359995615462,150,0.033933527767658234,1.3796147108078003,0.0,1.0,,4217,v3,B3,sac_her_pickandplace_randomized_2M
sac_her_recovery_v3,sensor_bias,4,0.1,-150.0,0.0,0.2090343572481686,150,0.2015230506658554,1.2849369049072266,0.0,1.0,,4218,v3,B3,sac_her_pickandplace_randomized_2M
sac_her_recovery_v3,sensor_bias,4,0.1,-150.0,0.0,0.4243770527675358,150,0.05967974662780762,1.309574842453003,0.0,1.0,,4219,v3,B3,sac_her_pickandplace_randomized_2M
sac_her_recovery_v3,sensor_bias,4,0.1,-150.0,0.0,0.24513850468835258,150,0.3452775180339813,1.381531834602356,0.0,1.0,,4220,v3,B3,sac_her_pickandplace_randomized_2M
sac_her_recovery_v3,sensor_bias,4,0.1,-150.0,0.0,0.4431327053117166,150,0.01719835214316845,1.6246417760849,0.0,1.0,,4221,v3,B3,sac_her_pickandplace_randomized_2M
sac_her_recovery_v3,sensor_bias,4,0.1,-150.0,0.0,0.07211340740630931,150,0.08410678803920746,1.5403234958648682,0.0,1.0,,4222,v3,B3,sac_her_pickandplace_randomized_2M
sac_her_recovery_v3,sensor_bias,4,0.1,-150.0,0.0,0.15051513092543606,150,0.08248624950647354,1.22246253490448,0.0,1.0,,4223,v3,B3,sac_her_pickandplace_randomized_2M
sac_her_recovery_v3,sensor_bias,4,0.1,-150.0,0.0,0.4263347277634866,150,0.11277560889720917,1.6109713315963745,0.0,1.0,,4224,v3,B3,sac_her_pickandplace_randomized_2M
sac_her_recovery_v3,sensor_bias,4,0.1,-150.0,0.0,0.3662215000153558,150,0.23026828467845917,1.4893110990524292,0.0,1.0,,4225,v3,B3,sac_her_pickandplace_randomized_2M
sac_her_recovery_v3,sensor_bias,4,0.1,-150.0,0.0,0.1437793465619575,150,0.07622376084327698,1.2486963272094727,0.0,1.0,,4226,v3,B3,sac_her_pickandplace_randomized_2M
sac_her_recovery_v3,sensor_bias,4,0.1,-150.0,0.0,0.24147661160362346,150,0.026594802737236023,1.2831302881240845,0.0,1.0,,4227,v3,B3,sac_her_pickandplace_randomized_2M
sac_her_recovery_v3,sensor_bias,4,0.1,-150.0,0.0,0.30408110760161844,150,0.048894189298152924,0.6104907393455505,0.0,1.0,,4228,v3,B3,sac_her_pickandplace_randomized_2M
sac_her_recovery_v3,sensor_bias,4,0.1,-150.0,0.0,0.49841699916703047,150,0.07865617424249649,1.6140878200531006,0.0,1.0,,4229,v3,B3,sac_her_pickandplace_randomized_2M
sac_her,action_clipping,4,0.3,-150.0,0.0,0.4295086272890401,150,0.008988696150481701,0.47830092906951904,0.0,0.0,,4230,none,B1,sac_her_pickandplace_randomized_2M
sac_her,action_clipping,4,0.3,-150.0,0.0,0.5735774480825165,150,0.10503319650888443,0.5625505447387695,0.0,0.0,,4231,none,B1,sac_her_pickandplace_randomized_2M
sac_her,action_clipping,4,0.3,-150.0,0.0,0.12985351787643784,150,0.5140440464019775,0.4760477840900421,0.0,0.0,,4232,none,B1,sac_her_pickandplace_randomized_2M
sac_her,action_clipping,4,0.3,-150.0,0.0,0.4343474150549246,150,0.008439695462584496,0.519805371761322,0.0,0.0,,4233,none,B1,sac_her_pickandplace_randomized_2M
sac_her,action_clipping,4,0.3,-30.0,1.0,0.04403095281808275,150,0.12300460785627365,0.4953780174255371,0.0,0.0,30.0,4234,none,B1,sac_her_pickandplace_randomized_2M
sac_her,action_clipping,4,0.3,-150.0,0.0,0.22616823953285825,150,0.06788600981235504,0.3389376401901245,0.0,0.0,,4235,none,B1,sac_her_pickandplace_randomized_2M
sac_her,action_clipping,4,0.3,-75.0,1.0,0.020140958850588284,150,0.4474281370639801,0.5630284547805786,0.0,0.0,75.0,4236,none,B1,sac_her_pickandplace_randomized_2M
sac_her,action_clipping,4,0.3,-150.0,0.0,0.3892672676711604,150,0.00870528630912304,0.5864711403846741,0.0,0.0,,4237,none,B1,sac_her_pickandplace_randomized_2M
sac_her,action_clipping,4,0.3,-33.0,1.0,0.005264016791918549,150,0.7084850668907166,0.5850648283958435,0.0,0.0,33.0,4238,none,B1,sac_her_pickandplace_randomized_2M
sac_her,action_clipping,4,0.3,-150.0,0.0,0.2599100428823316,150,0.7393019795417786,0.5720414519309998,0.0,0.0,,4239,none,B1,sac_her_pickandplace_randomized_2M
sac_her,action_clipping,4,0.3,-139.0,0.0,0.05259754330966171,150,0.137180358171463,0.5544583201408386,0.0,0.0,23.0,4240,none,B1,sac_her_pickandplace_randomized_2M
sac_her,action_clipping,4,0.3,-150.0,0.0,0.44133838700290884,150,0.0,0.5999999046325684,0.0,0.0,,4241,none,B1,sac_her_pickandplace_randomized_2M
sac_her,action_clipping,4,0.3,-150.0,0.0,0.44972303031566396,150,0.004990455694496632,0.5953021049499512,0.0,0.0,,4242,none,B1,sac_her_pickandplace_randomized_2M
sac_her,action_clipping,4,0.3,-29.0,1.0,0.007139634022846104,150,0.32362794876098633,0.43463629484176636,0.0,0.0,29.0,4243,none,B1,sac_her_pickandplace_randomized_2M
sac_her,action_clipping,4,0.3,-48.0,1.0,0.026634348608542968,150,0.8375460505485535,0.5669567584991455,0.0,0.0,48.0,4244,none,B1,sac_her_pickandplace_randomized_2M
sac_her,action_clipping,4,0.3,-8.0,1.0,0.006193506287415464,150,0.06402221322059631,0.3526443839073181,0.0,0.0,8.0,4245,none,B1,sac_her_pickandplace_randomized_2M
sac_her,action_clipping,4,0.3,-26.0,1.0,0.007716144099303791,150,0.13673968613147736,0.3769223690032959,0.0,0.0,26.0,4246,none,B1,sac_her_pickandplace_randomized_2M
sac_her,action_clipping,4,0.3,-150.0,0.0,0.4442359995615462,150,0.013055514544248581,0.5358828902244568,0.0,0.0,,4247,none,B1,sac_her_pickandplace_randomized_2M
sac_her,action_clipping,4,0.3,-49.0,1.0,0.015628236840496225,150,0.14709621667861938,0.39367958903312683,0.0,0.0,49.0,4248,none,B1,sac_her_pickandplace_randomized_2M
sac_her,action_clipping,4,0.3,-150.0,0.0,0.4243770527675358,150,0.024147888645529747,0.5419929623603821,0.0,0.0,,4249,none,B1,sac_her_pickandplace_randomized_2M
sac_her,action_clipping,4,0.3,-26.0,1.0,0.026007402231599214,150,0.1743369698524475,0.38183507323265076,0.0,0.0,26.0,4250,none,B1,sac_her_pickandplace_randomized_2M
sac_her,action_clipping,4,0.3,-150.0,0.0,0.4431327053117166,150,0.014565589837729931,0.5357283353805542,0.0,0.0,,4251,none,B1,sac_her_pickandplace_randomized_2M
sac_her,action_clipping,4,0.3,-11.0,1.0,0.04168776695482423,150,0.0786064937710762,0.5293172001838684,0.0,0.0,11.0,4252,none,B1,sac_her_pickandplace_randomized_2M
sac_her,action_clipping,4,0.3,-30.0,1.0,0.018361077405902235,150,0.17366530001163483,0.42418837547302246,0.0,0.0,30.0,4253,none,B1,sac_her_pickandplace_randomized_2M
sac_her,action_clipping,4,0.3,-150.0,0.0,0.4263347277634866,150,0.019998056814074516,0.4825499355792999,0.0,0.0,,4254,none,B1,sac_her_pickandplace_randomized_2M
sac_her,action_clipping,4,0.3,-150.0,0.0,0.3662215000153558,150,0.01851956732571125,0.5081439018249512,0.0,0.0,,4255,none,B1,sac_her_pickandplace_randomized_2M
sac_her,action_clipping,4,0.3,-31.0,1.0,0.03220520332290043,150,0.14434008300304413,0.4757216274738312,0.0,0.0,31.0,4256,none,B1,sac_her_pickandplace_randomized_2M
sac_her,action_clipping,4,0.3,-150.0,0.0,0.24147661160362346,150,0.00766442297026515,0.5768913626670837,0.0,0.0,,4257,none,B1,sac_her_pickandplace_randomized_2M
sac_her,action_clipping,4,0.3,-150.0,0.0,0.30408110760161844,150,0.018623722717165947,0.5397719144821167,0.0,0.0,,4258,none,B1,sac_her_pickandplace_randomized_2M
sac_her,action_clipping,4,0.3,-150.0,0.0,0.49841699916703047,150,0.014431809075176716,0.5388232469558716,0.0,0.0,,4259,none,B1,sac_her_pickandplace_randomized_2M
sac_her_recovery_v2,action_clipping,4,0.3,-150.0,0.0,0.4295086272890401,150,0.0327334962785244,0.48912161588668823,0.0,1.0,,4260,v2,B2,sac_her_pickandplace_randomized_2M
sac_her_recovery_v2,action_clipping,4,0.3,-150.0,0.0,0.06295273075837363,150,0.44019031524658203,0.5493075847625732,0.0,1.0,,4261,v2,B2,sac_her_pickandplace_randomized_2M
sac_her_recovery_v2,action_clipping,4,0.3,-150.0,0.0,0.19375647002494462,150,0.5727306604385376,0.5551788210868835,0.0,1.0,,4262,v2,B2,sac_her_pickandplace_randomized_2M
sac_her_recovery_v2,action_clipping,4,0.3,-150.0,0.0,0.4343474150549246,150,0.02165452018380165,0.5072402954101562,0.0,1.0,,4263,v2,B2,sac_her_pickandplace_randomized_2M
sac_her_recovery_v2,action_clipping,4,0.3,-150.0,0.0,0.06968004445179578,150,0.6245959401130676,0.5755047798156738,0.0,1.0,,4264,v2,B2,sac_her_pickandplace_randomized_2M
sac_her_recovery_v2,action_clipping,4,0.3,-150.0,0.0,0.22616823953285825,150,0.0985206887125969,0.3506656885147095,0.0,1.0,,4265,v2,B2,sac_her_pickandplace_randomized_2M
sac_her_recovery_v2,action_clipping,4,0.3,-150.0,0.0,0.16383356943969046,150,0.28410568833351135,0.6014891862869263,0.0,1.0,,4266,v2,B2,sac_her_pickandplace_randomized_2M
sac_her_recovery_v2,action_clipping,4,0.3,-150.0,0.0,0.3892672676711604,150,0.028720097616314888,0.5941008925437927,0.0,1.0,,4267,v2,B2,sac_her_pickandplace_randomized_2M
sac_her_recovery_v2,action_clipping,4,0.3,-38.0,1.0,0.002595295197214574,150,0.7059128284454346,0.5837407112121582,0.0,1.0,38.0,4268,v2,B2,sac_her_pickandplace_randomized_2M
sac_her_recovery_v2,action_clipping,4,0.3,-150.0,0.0,0.2509328493314462,150,0.7493240237236023,0.5813433527946472,0.0,1.0,,4269,v2,B2,sac_her_pickandplace_randomized_2M
sac_her_recovery_v2,action_clipping,4,0.3,-26.0,1.0,0.029367068480782237,150,0.21575450897216797,0.40336063504219055,0.0,1.0,26.0,4270,v2,B2,sac_her_pickandplace_randomized_2M
sac_her_recovery_v2,action_clipping,4,0.3,-150.0,0.0,0.44133838700290884,150,0.021411342546343803,0.6055454611778259,0.0,1.0,,4271,v2,B2,sac_her_pickandplace_randomized_2M
sac_her_recovery_v2,action_clipping,4,0.3,-150.0,0.0,0.44972303031566396,150,0.02601393684744835,0.6019059419631958,0.0,1.0,,4272,v2,B2,sac_her_pickandplace_randomized_2M
sac_her_recovery_v2,action_clipping,4,0.3,-150.0,0.0,0.07833216884442358,150,0.5719216465950012,0.5545864701271057,0.0,1.0,,4273,v2,B2,sac_her_pickandplace_randomized_2M
sac_her_recovery_v2,action_clipping,4,0.3,-147.0,0.0,0.053570610287411294,150,0.20619164407253265,0.3939310312271118,0.0,1.0,45.0,4274,v2,B2,sac_her_pickandplace_randomized_2M
sac_her_recovery_v2,action_clipping,4,0.3,-8.0,1.0,0.009086045718339028,150,0.07491636276245117,0.3512329161167145,0.0,1.0,8.0,4275,v2,B2,sac_her_pickandplace_randomized_2M
sac_her_recovery_v2,action_clipping,4,0.3,-33.0,1.0,0.012435241651501488,150,0.12788669764995575,0.4082639813423157,0.0,1.0,33.0,4276,v2,B2,sac_her_pickandplace_randomized_2M
sac_her_recovery_v2,action_clipping,4,0.3,-150.0,0.0,0.4442359995615462,150,0.02557176910340786,0.537353515625,0.0,1.0,,4277,v2,B2,sac_her_pickandplace_randomized_2M
sac_her_recovery_v2,action_clipping,4,0.3,-37.0,1.0,0.006162092546592841,150,0.15554514527320862,0.4382334351539612,0.0,1.0,37.0,4278,v2,B2,sac_her_pickandplace_randomized_2M
sac_her_recovery_v2,action_clipping,4,0.3,-150.0,0.0,0.4243770527675358,150,0.03500181436538696,0.5701742768287659,0.0,1.0,,4279,v2,B2,sac_her_pickandplace_randomized_2M
sac_her_recovery_v2,action_clipping,4,0.3,-50.0,1.0,0.018426314528280273,150,0.16706626117229462,0.4103424549102783,0.0,1.0,50.0,4280,v2,B2,sac_her_pickandplace_randomized_2M
sac_her_recovery_v2,action_clipping,4,0.3,-150.0,0.0,0.4431327053117166,150,0.037264127284288406,0.5045561194419861,0.0,1.0,,4281,v2,B2,sac_her_pickandplace_randomized_2M
sac_her_recovery_v2,action_clipping,4,0.3,-18.0,1.0,0.03475250835321002,150,0.5090599060058594,0.5069043040275574,0.0,1.0,11.0,4282,v2,B2,sac_her_pickandplace_randomized_2M
sac_her_recovery_v2,action_clipping,4,0.3,-36.0,1.0,0.006166755283124689,150,0.679973304271698,0.582580029964447,0.0,1.0,36.0,4283,v2,B2,sac_her_pickandplace_randomized_2M
sac_her_recovery_v2,action_clipping,4,0.3,-150.0,0.0,0.4263347277634866,150,0.03788752853870392,0.48428913950920105,0.0,1.0,,4284,v2,B2,sac_her_pickandplace_randomized_2M
sac_her_recovery_v2,action_clipping,4,0.3,-150.0,0.0,0.3662215000153558,150,0.03558873385190964,0.5038125514984131,0.0,1.0,,4285,v2,B2,sac_her_pickandplace_randomized_2M
sac_her_recovery_v2,action_clipping,4,0.3,-148.0,0.0,0.160265627663912,150,0.21683277189731598,0.6002911329269409,0.0,1.0,28.0,4286,v2,B2,sac_her_pickandplace_randomized_2M
sac_her_recovery_v2,action_clipping,4,0.3,-150.0,0.0,0.24147661160362346,150,0.021486949175596237,0.5605884790420532,0.0,1.0,,4287,v2,B2,sac_her_pickandplace_randomized_2M
sac_her_recovery_v2,action_clipping,4,0.3,-150.0,0.0,0.30408110760161844,150,0.04292282462120056,0.5483551025390625,0.0,1.0,,4288,v2,B2,sac_her_pickandplace_randomized_2M
sac_her_recovery_v2,action_clipping,4,0.3,-150.0,0.0,0.49841699916703047,150,0.03872573375701904,0.5463083982467651,0.0,1.0,,4289,v2,B2,sac_her_pickandplace_randomized_2M
sac_her_recovery_v3,action_clipping,4,0.3,-150.0,0.0,0.4295086272890401,150,0.035711053758859634,0.5087746381759644,0.0,1.0,,4290,v3,B3,sac_her_pickandplace_randomized_2M
sac_her_recovery_v3,action_clipping,4,0.3,-150.0,0.0,0.18551902565380013,150,0.2597099244594574,0.6427599191665649,0.0,1.0,,4291,v3,B3,sac_her_pickandplace_randomized_2M
sac_her_recovery_v3,action_clipping,4,0.3,-150.0,0.0,0.12082810269384579,150,0.5142712593078613,0.5111704468727112,0.0,1.0,,4292,v3,B3,sac_her_pickandplace_randomized_2M
sac_her_recovery_v3,action_clipping,4,0.3,-150.0,0.0,0.4343474150549246,150,0.02588808722794056,0.5568029880523682,0.0,1.0,,4293,v3,B3,sac_her_pickandplace_randomized_2M
sac_her_recovery_v3,action_clipping,4,0.3,-42.0,1.0,0.01626049796303021,150,0.3814693093299866,0.4539741575717926,0.0,1.0,42.0,4294,v3,B3,sac_her_pickandplace_randomized_2M
sac_her_recovery_v3,action_clipping,4,0.3,-150.0,0.0,0.22616823953285825,150,0.12348372489213943,0.3710176646709442,0.0,1.0,,4295,v3,B3,sac_her_pickandplace_randomized_2M
sac_her_recovery_v3,action_clipping,4,0.3,-150.0,0.0,0.2986576663914672,150,0.046606119722127914,0.5659535527229309,0.0,1.0,,4296,v3,B3,sac_her_pickandplace_randomized_2M
sac_her_recovery_v3,action_clipping,4,0.3,-150.0,0.0,0.3892672676711604,150,0.02866608090698719,0.6043024659156799,0.0,1.0,,4297,v3,B3,sac_her_pickandplace_randomized_2M
sac_her_recovery_v3,action_clipping,4,0.3,-78.0,1.0,0.0013862626229656954,150,0.4942394495010376,0.5889361500740051,0.0,1.0,78.0,4298,v3,B3,sac_her_pickandplace_randomized_2M
sac_her_recovery_v3,action_clipping,4,0.3,-78.0,1.0,0.00886369978580586,150,0.2770395874977112,0.5582963824272156,0.0,1.0,78.0,4299,v3,B3,sac_her_pickandplace_randomized_2M
sac_her_recovery_v3,action_clipping,4,0.3,-47.0,1.0,0.009819607514176383,150,0.16598470509052277,0.4090276062488556,0.0,1.0,44.0,4300,v3,B3,sac_her_pickandplace_randomized_2M
sac_her_recovery_v3,action_clipping,4,0.3,-150.0,0.0,0.44133838700290884,150,0.021411342546343803,0.6166365146636963,0.0,1.0,,4301,v3,B3,sac_her_pickandplace_randomized_2M
sac_her_recovery_v3,action_clipping,4,0.3,-150.0,0.0,0.44972303031566396,150,0.02613876946270466,0.6150767803192139,0.0,1.0,,4302,v3,B3,sac_her_pickandplace_randomized_2M
sac_her_recovery_v3,action_clipping,4,0.3,-46.0,1.0,0.019479486917572158,150,0.6717644333839417,0.5904873609542847,0.0,1.0,46.0,4303,v3,B3,sac_her_pickandplace_randomized_2M
sac_her_recovery_v3,action_clipping,4,0.3,-40.0,1.0,0.03315620953511175,150,0.8075221180915833,0.5620157718658447,0.0,1.0,40.0,4304,v3,B3,sac_her_pickandplace_randomized_2M
sac_her_recovery_v3,action_clipping,4,0.3,-8.0,1.0,0.010264396199691907,150,0.1855805218219757,0.3968125879764557,0.0,1.0,8.0,4305,v3,B3,sac_her_pickandplace_randomized_2M
sac_her_recovery_v3,action_clipping,4,0.3,-57.0,1.0,0.007157435784181856,150,0.5917938947677612,0.5499355792999268,0.0,1.0,57.0,4306,v3,B3,sac_her_pickandplace_randomized_2M
sac_her_recovery_v3,action_clipping,4,0.3,-150.0,0.0,0.4442359995615462,150,0.026358377188444138,0.5500017404556274,0.0,1.0,,4307,v3,B3,sac_her_pickandplace_randomized_2M
sac_her_recovery_v3,action_clipping,4,0.3,-73.0,1.0,0.04365971336288495,150,0.21034198999404907,0.47808724641799927,0.0,1.0,73.0,4308,v3,B3,sac_her_pickandplace_randomized_2M
sac_her_recovery_v3,action_clipping,4,0.3,-150.0,0.0,0.4243770527675358,150,0.03551468253135681,0.5756592154502869,0.0,1.0,,4309,v3,B3,sac_her_pickandplace_randomized_2M
sac_her_recovery_v3,action_clipping,4,0.3,-150.0,0.0,0.0613017389168546,150,0.8964919447898865,0.5957788825035095,0.0,1.0,,4310,v3,B3,sac_her_pickandplace_randomized_2M
sac_her_recovery_v3,action_clipping,4,0.3,-150.0,0.0,0.4431327053117166,150,0.03850044682621956,0.5144042372703552,0.0,1.0,,4311,v3,B3,sac_her_pickandplace_randomized_2M
sac_her_recovery_v3,action_clipping,4,0.3,-146.0,0.0,0.0682352500538064,150,0.44939735531806946,0.569597065448761,0.0,1.0,12.0,4312,v3,B3,sac_her_pickandplace_randomized_2M
sac_her_recovery_v3,action_clipping,4,0.3,-65.0,1.0,0.007925231963983603,150,0.5638564825057983,0.5738137364387512,0.0,1.0,65.0,4313,v3,B3,sac_her_pickandplace_randomized_2M
sac_her_recovery_v3,action_clipping,4,0.3,-150.0,0.0,0.4263347277634866,150,0.038762424141168594,0.49542704224586487,0.0,1.0,,4314,v3,B3,sac_her_pickandplace_randomized_2M
sac_her_recovery_v3,action_clipping,4,0.3,-150.0,0.0,0.3662215000153558,150,0.036769285798072815,0.5089126825332642,0.0,1.0,,4315,v3,B3,sac_her_pickandplace_randomized_2M
sac_her_recovery_v3,action_clipping,4,0.3,-24.0,1.0,0.01862986464958967,150,0.6249261498451233,0.559526801109314,0.0,1.0,24.0,4316,v3,B3,sac_her_pickandplace_randomized_2M
sac_her_recovery_v3,action_clipping,4,0.3,-150.0,0.0,0.24147661160362346,150,0.021441074088215828,0.5596848726272583,0.0,1.0,,4317,v3,B3,sac_her_pickandplace_randomized_2M
sac_her_recovery_v3,action_clipping,4,0.3,-150.0,0.0,0.30408110760161844,150,0.04174714535474777,0.5634875297546387,0.0,1.0,,4318,v3,B3,sac_her_pickandplace_randomized_2M
sac_her_recovery_v3,action_clipping,4,0.3,-150.0,0.0,0.49841699916703047,150,0.036945782601833344,0.5605244040489197,0.0,1.0,,4319,v3,B3,sac_her_pickandplace_randomized_2M
sac_her,action_delay,4,0.0,-150.0,0.0,0.4295086272890401,150,0.037838246673345566,1.1463114023208618,0.0,0.0,,4320,none,B1,sac_her_pickandplace_randomized_2M
sac_her,action_delay,4,0.0,-149.0,0.0,0.4479749142168018,150,0.23760023713111877,1.671006679534912,0.0,0.0,17.0,4321,none,B1,sac_her_pickandplace_randomized_2M
sac_her,action_delay,4,0.0,-150.0,0.0,0.1187644245333434,150,1.2652604579925537,1.4108344316482544,1.0,0.0,,4322,none,B1,sac_her_pickandplace_randomized_2M
sac_her,action_delay,4,0.0,-150.0,0.0,0.4343474150549246,150,0.025803284719586372,0.9949181079864502,0.0,0.0,,4323,none,B1,sac_her_pickandplace_randomized_2M
sac_her,action_delay,4,0.0,-10.0,1.0,0.010823858977099934,150,0.7816144824028015,1.011689305305481,0.0,0.0,10.0,4324,none,B1,sac_her_pickandplace_randomized_2M
sac_her,action_delay,4,0.0,-150.0,0.0,0.22616823953285825,150,0.12296701967716217,1.3884800672531128,0.0,0.0,,4325,none,B1,sac_her_pickandplace_randomized_2M
sac_her,action_delay,4,0.0,-20.0,1.0,0.015939741705447538,150,0.801044762134552,1.4979579448699951,0.0,0.0,20.0,4326,none,B1,sac_her_pickandplace_randomized_2M
sac_her,action_delay,4,0.0,-150.0,0.0,0.3892672676711604,150,0.04017613083124161,1.6133856773376465,0.0,0.0,,4327,none,B1,sac_her_pickandplace_randomized_2M
sac_her,action_delay,4,0.0,-100.0,1.0,0.015709851055957395,150,1.1763626337051392,1.6173533201217651,1.0,0.0,98.0,4328,none,B1,sac_her_pickandplace_randomized_2M
sac_her,action_delay,4,0.0,-25.0,1.0,0.03358894110484255,150,0.9740647673606873,1.4154642820358276,0.0,0.0,25.0,4329,none,B1,sac_her_pickandplace_randomized_2M
sac_her,action_delay,4,0.0,-150.0,0.0,0.43500773153622985,150,0.14971661567687988,1.5042076110839844,0.0,0.0,,4330,none,B1,sac_her_pickandplace_randomized_2M
sac_her,action_delay,4,0.0,-150.0,0.0,0.44133838700290884,150,0.019766341894865036,1.6784167289733887,0.0,0.0,,4331,none,B1,sac_her_pickandplace_randomized_2M
sac_her,action_delay,4,0.0,-150.0,0.0,0.44972303031566396,150,0.030822770670056343,1.5466339588165283,0.0,0.0,,4332,none,B1,sac_her_pickandplace_randomized_2M
sac_her,action_delay,4,0.0,-27.0,1.0,0.02231771147560223,150,0.32764479517936707,1.1822943687438965,0.0,0.0,8.0,4333,none,B1,sac_her_pickandplace_randomized_2M
sac_her,action_delay,4,0.0,-148.0,0.0,0.05176363128489178,150,1.0776734352111816,1.2036336660385132,0.0,0.0,43.0,4334,none,B1,sac_her_pickandplace_randomized_2M
sac_her,action_delay,4,0.0,-6.0,1.0,0.027856618049780114,150,1.0011060237884521,1.3376030921936035,0.0,0.0,6.0,4335,none,B1,sac_her_pickandplace_randomized_2M
sac_her,action_delay,4,0.0,-11.0,1.0,0.009089372910973524,150,0.8396084904670715,0.8218844532966614,0.0,0.0,11.0,4336,none,B1,sac_her_pickandplace_randomized_2M
sac_her,action_delay,4,0.0,-150.0,0.0,0.4442359995615462,150,0.04386046528816223,0.9433432817459106,0.0,0.0,,4337,none,B1,sac_her_pickandplace_randomized_2M
sac_her,action_delay,4,0.0,-136.0,0.0,0.32496762564163806,150,1.0193061828613281,1.7530267238616943,0.0,0.0,18.0,4338,none,B1,sac_her_pickandplace_randomized_2M
sac_her,action_delay,4,0.0,-150.0,0.0,0.4243770527675358,150,0.0491550974547863,1.249032974243164,0.0,0.0,,4339,none,B1,sac_her_pickandplace_randomized_2M
sac_her,action_delay,4,0.0,-150.0,0.0,0.6669610808538523,150,0.16079406440258026,1.6903884410858154,0.0,0.0,,4340,none,B1,sac_her_pickandplace_randomized_2M
sac_her,action_delay,4,0.0,-150.0,0.0,0.4431327053117166,150,0.028466759249567986,0.8049035668373108,0.0,0.0,,4341,none,B1,sac_her_pickandplace_randomized_2M
sac_her,action_delay,4,0.0,-5.0,1.0,0.00953879159018984,150,0.7411301136016846,0.9020666480064392,0.0,0.0,5.0,4342,none,B1,sac_her_pickandplace_randomized_2M
sac_her,action_delay,4,0.0,-32.0,1.0,0.03269668788192756,150,0.43961867690086365,1.254079818725586,0.0,0.0,32.0,4343,none,B1,sac_her_pickandplace_randomized_2M
sac_her,action_delay,4,0.0,-150.0,0.0,0.4263347277634866,150,0.03360411524772644,1.2583094835281372,0.0,0.0,,4344,none,B1,sac_her_pickandplace_randomized_2M
sac_her,action_delay,4,0.0,-150.0,0.0,0.3662215000153558,150,0.03397875651717186,0.9821339845657349,0.0,0.0,,4345,none,B1,sac_her_pickandplace_randomized_2M
sac_her,action_delay,4,0.0,-50.0,1.0,0.019163128508033894,150,0.9117765426635742,1.248602032661438,0.0,0.0,10.0,4346,none,B1,sac_her_pickandplace_randomized_2M
sac_her,action_delay,4,0.0,-150.0,0.0,0.24147661160362346,150,0.03256935626268387,1.3564649820327759,0.0,0.0,,4347,none,B1,sac_her_pickandplace_randomized_2M
sac_her,action_delay,4,0.0,-150.0,0.0,0.30408110760161844,150,0.03770036995410919,1.149401307106018,0.0,0.0,,4348,none,B1,sac_her_pickandplace_randomized_2M
sac_her,action_delay,4,0.0,-150.0,0.0,0.49841699916703047,150,0.042301323264837265,1.3507351875305176,0.0,0.0,,4349,none,B1,sac_her_pickandplace_randomized_2M
sac_her_recovery_v2,action_delay,4,0.0,-150.0,0.0,0.4295086272890401,150,0.06980723887681961,1.171827793121338,0.0,1.0,,4350,v2,B2,sac_her_pickandplace_randomized_2M
sac_her_recovery_v2,action_delay,4,0.0,-94.0,1.0,0.011509107298417988,150,0.7813643217086792,1.2325034141540527,0.0,1.0,94.0,4351,v2,B2,sac_her_pickandplace_randomized_2M
sac_her_recovery_v2,action_delay,4,0.0,-150.0,0.0,0.5679734982283287,150,0.511540949344635,1.3238800764083862,1.0,1.0,,4352,v2,B2,sac_her_pickandplace_randomized_2M
sac_her_recovery_v2,action_delay,4,0.0,-150.0,0.0,0.4343474150549246,150,0.04858752340078354,0.9989084601402283,0.0,1.0,,4353,v2,B2,sac_her_pickandplace_randomized_2M
sac_her_recovery_v2,action_delay,4,0.0,-10.0,1.0,0.010823858977099934,150,0.7816144824028015,1.011689305305481,0.0,0.0,10.0,4354,v2,B2,sac_her_pickandplace_randomized_2M
sac_her_recovery_v2,action_delay,4,0.0,-150.0,0.0,0.22616823953285825,150,0.1274271458387375,1.3999699354171753,0.0,1.0,,4355,v2,B2,sac_her_pickandplace_randomized_2M
sac_her_recovery_v2,action_delay,4,0.0,-31.0,1.0,0.02144070184526765,150,0.6065806746482849,1.230810284614563,0.0,1.0,31.0,4356,v2,B2,sac_her_pickandplace_randomized_2M
sac_her_recovery_v2,action_delay,4,0.0,-150.0,0.0,0.3892672676711604,150,0.12874320149421692,1.5974141359329224,0.0,1.0,,4357,v2,B2,sac_her_pickandplace_randomized_2M
sac_her_recovery_v2,action_delay,4,0.0,-150.0,0.0,0.8713064574950206,150,0.8233120441436768,1.5733182430267334,1.0,1.0,,4358,v2,B2,sac_her_pickandplace_randomized_2M
sac_her_recovery_v2,action_delay,4,0.0,-26.0,1.0,0.005507809829369317,150,0.6028750538825989,0.881146252155304,0.0,1.0,26.0,4359,v2,B2,sac_her_pickandplace_randomized_2M
sac_her_recovery_v2,action_delay,4,0.0,-150.0,0.0,0.43500773153622985,150,0.16585199534893036,1.4894258975982666,0.0,1.0,,4360,v2,B2,sac_her_pickandplace_randomized_2M
sac_her_recovery_v2,action_delay,4,0.0,-150.0,0.0,0.44133838700290884,150,0.18451976776123047,1.659216046333313,0.0,1.0,,4361,v2,B2,sac_her_pickandplace_randomized_2M
sac_her_recovery_v2,action_delay,4,0.0,-150.0,0.0,0.44972303031566396,150,0.0623987577855587,1.5497514009475708,0.0,1.0,,4362,v2,B2,sac_her_pickandplace_randomized_2M
sac_her_recovery_v2,action_delay,4,0.0,-98.0,0.0,0.17142602002359236,150,1.0104809999465942,1.471207618713379,0.0,1.0,8.0,4363,v2,B2,sac_her_pickandplace_randomized_2M
sac_her_recovery_v2,action_delay,4,0.0,-150.0,0.0,0.06086683184271116,150,1.199990153312683,1.4922462701797485,0.0,1.0,,4364,v2,B2,sac_her_pickandplace_randomized_2M
sac_her_recovery_v2,action_delay,4,0.0,-6.0,1.0,0.027856618049780114,150,1.0011060237884521,1.3376030921936035,0.0,0.0,6.0,4365,v2,B2,sac_her_pickandplace_randomized_2M
sac_her_recovery_v2,action_delay,4,0.0,-13.0,1.0,0.019422239621990012,150,0.16340897977352142,0.9771303534507751,0.0,1.0,13.0,4366,v2,B2,sac_her_pickandplace_randomized_2M
sac_her_recovery_v2,action_delay,4,0.0,-150.0,0.0,0.4442359995615462,150,0.06171895191073418,0.9450221657752991,0.0,1.0,,4367,v2,B2,sac_her_pickandplace_randomized_2M
sac_her_recovery_v2,action_delay,4,0.0,-88.0,1.0,0.011134791126693109,150,1.1039032936096191,1.59221613407135,1.0,1.0,27.0,4368,v2,B2,sac_her_pickandplace_randomized_2M
sac_her_recovery_v2,action_delay,4,0.0,-150.0,0.0,0.4243770527675358,150,0.08231217414140701,1.25648033618927,0.0,1.0,,4369,v2,B2,sac_her_pickandplace_randomized_2M
sac_her_recovery_v2,action_delay,4,0.0,-88.0,1.0,0.0075042685360092445,150,0.8686519265174866,1.2659871578216553,1.0,1.0,88.0,4370,v2,B2,sac_her_pickandplace_randomized_2M
sac_her_recovery_v2,action_delay,4,0.0,-150.0,0.0,0.4431327053117166,150,0.0500069223344326,0.8253166079521179,0.0,1.0,,4371,v2,B2,sac_her_pickandplace_randomized_2M
sac_her_recovery_v2,action_delay,4,0.0,-5.0,1.0,0.00953879159018984,150,0.7411301136016846,0.9020666480064392,0.0,0.0,5.0,4372,v2,B2,sac_her_pickandplace_randomized_2M
sac_her_recovery_v2,action_delay,4,0.0,-16.0,1.0,0.0070462990928328645,150,0.767280638217926,0.9149664044380188,0.0,1.0,16.0,4373,v2,B2,sac_her_pickandplace_randomized_2M
sac_her_recovery_v2,action_delay,4,0.0,-150.0,0.0,0.4263347277634866,150,0.052360378205776215,1.282423734664917,0.0,1.0,,4374,v2,B2,sac_her_pickandplace_randomized_2M
sac_her_recovery_v2,action_delay,4,0.0,-150.0,0.0,0.3662215000153558,150,0.06106524541974068,0.8734948635101318,0.0,1.0,,4375,v2,B2,sac_her_pickandplace_randomized_2M
sac_her_recovery_v2,action_delay,4,0.0,-34.0,1.0,0.012380801432673342,150,0.6664921045303345,0.8596512079238892,0.0,1.0,22.0,4376,v2,B2,sac_her_pickandplace_randomized_2M
sac_her_recovery_v2,action_delay,4,0.0,-150.0,0.0,0.24147661160362346,150,0.04792370647192001,1.3580379486083984,0.0,1.0,,4377,v2,B2,sac_her_pickandplace_randomized_2M
sac_her_recovery_v2,action_delay,4,0.0,-150.0,0.0,0.30408110760161844,150,0.05871962755918503,0.9348311424255371,0.0,1.0,,4378,v2,B2,sac_her_pickandplace_randomized_2M
sac_her_recovery_v2,action_delay,4,0.0,-150.0,0.0,0.49841699916703047,150,0.06641393899917603,1.3409947156906128,0.0,1.0,,4379,v2,B2,sac_her_pickandplace_randomized_2M
sac_her_recovery_v3,action_delay,4,0.0,-150.0,0.0,0.4295086272890401,150,0.07213863730430603,1.1918070316314697,0.0,1.0,,4380,v3,B3,sac_her_pickandplace_randomized_2M
sac_her_recovery_v3,action_delay,4,0.0,-150.0,0.0,0.26765703147809344,150,0.43185853958129883,1.3288519382476807,0.0,1.0,,4381,v3,B3,sac_her_pickandplace_randomized_2M
sac_her_recovery_v3,action_delay,4,0.0,-150.0,0.0,0.09193938195413591,150,0.5500698089599609,1.2414395809173584,0.0,1.0,,4382,v3,B3,sac_her_pickandplace_randomized_2M
sac_her_recovery_v3,action_delay,4,0.0,-150.0,0.0,0.4343474150549246,150,0.05750351399183273,1.0913327932357788,0.0,1.0,,4383,v3,B3,sac_her_pickandplace_randomized_2M
sac_her_recovery_v3,action_delay,4,0.0,-10.0,1.0,0.010823858977099934,150,0.7816144824028015,1.011689305305481,0.0,0.0,10.0,4384,v3,B3,sac_her_pickandplace_randomized_2M
sac_her_recovery_v3,action_delay,4,0.0,-150.0,0.0,0.22616823953285825,150,0.1551453322172165,1.3597310781478882,0.0,1.0,,4385,v3,B3,sac_her_pickandplace_randomized_2M
sac_her_recovery_v3,action_delay,4,0.0,-150.0,0.0,0.2986576663914672,150,0.17191863059997559,1.2488857507705688,0.0,1.0,,4386,v3,B3,sac_her_pickandplace_randomized_2M
sac_her_recovery_v3,action_delay,4,0.0,-150.0,0.0,0.3892672676711604,150,0.09974003583192825,1.5230056047439575,0.0,1.0,,4387,v3,B3,sac_her_pickandplace_randomized_2M
sac_her_recovery_v3,action_delay,4,0.0,-40.0,1.0,0.015782796439662468,150,0.28318363428115845,1.192006230354309,0.0,1.0,40.0,4388,v3,B3,sac_her_pickandplace_randomized_2M
sac_her_recovery_v3,action_delay,4,0.0,-149.0,0.0,0.9279727845953052,150,0.5060412883758545,1.5836708545684814,1.0,1.0,36.0,4389,v3,B3,sac_her_pickandplace_randomized_2M
sac_her_recovery_v3,action_delay,4,0.0,-150.0,0.0,0.43500773153622985,150,0.1643034815788269,1.484129786491394,0.0,1.0,,4390,v3,B3,sac_her_pickandplace_randomized_2M
sac_her_recovery_v3,action_delay,4,0.0,-150.0,0.0,0.44133838700290884,150,0.09004341065883636,1.6133294105529785,0.0,1.0,,4391,v3,B3,sac_her_pickandplace_randomized_2M
sac_her_recovery_v3,action_delay,4,0.0,-150.0,0.0,0.44972303031566396,150,0.06063034385442734,1.5695866346359253,0.0,1.0,,4392,v3,B3,sac_her_pickandplace_randomized_2M
sac_her_recovery_v3,action_delay,4,0.0,-147.0,0.0,0.16374629920129685,150,0.46864384412765503,1.1467537879943848,0.0,1.0,10.0,4393,v3,B3,sac_her_pickandplace_randomized_2M
sac_her_recovery_v3,action_delay,4,0.0,-143.0,0.0,0.05157838710944845,150,0.8692049384117126,1.190765619277954,1.0,1.0,35.0,4394,v3,B3,sac_her_pickandplace_randomized_2M
sac_her_recovery_v3,action_delay,4,0.0,-6.0,1.0,0.027856618049780114,150,1.0011060237884521,1.3376030921936035,0.0,0.0,6.0,4395,v3,B3,sac_her_pickandplace_randomized_2M
sac_her_recovery_v3,action_delay,4,0.0,-13.0,1.0,0.004338019729725662,150,0.610185980796814,0.7933608889579773,0.0,1.0,13.0,4396,v3,B3,sac_her_pickandplace_randomized_2M
sac_her_recovery_v3,action_delay,4,0.0,-150.0,0.0,0.4442359995615462,150,0.060984738171100616,0.9497450590133667,0.0,1.0,,4397,v3,B3,sac_her_pickandplace_randomized_2M
sac_her_recovery_v3,action_delay,4,0.0,-129.0,0.0,0.25738539344942774,150,0.6193530559539795,1.343134880065918,0.0,1.0,19.0,4398,v3,B3,sac_her_pickandplace_randomized_2M
sac_her_recovery_v3,action_delay,4,0.0,-150.0,0.0,0.4243770527675358,150,0.08440139889717102,1.272670865058899,0.0,1.0,,4399,v3,B3,sac_her_pickandplace_randomized_2M
sac_her_recovery_v3,action_delay,4,0.0,-128.0,0.0,0.20767588945989682,150,0.48798489570617676,1.2275679111480713,0.0,1.0,21.0,4400,v3,B3,sac_her_pickandplace_randomized_2M
sac_her_recovery_v3,action_delay,4,0.0,-150.0,0.0,0.4431327053117166,150,0.05003789812326431,0.850914716720581,0.0,1.0,,4401,v3,B3,sac_her_pickandplace_randomized_2M
sac_her_recovery_v3,action_delay,4,0.0,-5.0,1.0,0.00953879159018984,150,0.7411301136016846,0.9020666480064392,0.0,0.0,5.0,4402,v3,B3,sac_her_pickandplace_randomized_2M
sac_her_recovery_v3,action_delay,4,0.0,-31.0,1.0,0.00015029829560936524,150,0.6706470251083374,1.3052562475204468,0.0,1.0,31.0,4403,v3,B3,sac_her_pickandplace_randomized_2M
sac_her_recovery_v3,action_delay,4,0.0,-150.0,0.0,0.4263347277634866,150,0.05470210686326027,1.3169732093811035,0.0,1.0,,4404,v3,B3,sac_her_pickandplace_randomized_2M
sac_her_recovery_v3,action_delay,4,0.0,-150.0,0.0,0.3662215000153558,150,0.055477675050497055,0.8900543451309204,0.0,1.0,,4405,v3,B3,sac_her_pickandplace_randomized_2M
sac_her_recovery_v3,action_delay,4,0.0,-135.0,0.0,0.12769968552771768,150,0.6581884026527405,1.3055413961410522,0.0,1.0,60.0,4406,v3,B3,sac_her_pickandplace_randomized_2M
sac_her_recovery_v3,action_delay,4,0.0,-150.0,0.0,0.24147661160362346,150,0.04820147901773453,1.359731674194336,0.0,1.0,,4407,v3,B3,sac_her_pickandplace_randomized_2M
sac_her_recovery_v3,action_delay,4,0.0,-150.0,0.0,0.30408110760161844,150,0.07596271485090256,0.9403653144836426,0.0,1.0,,4408,v3,B3,sac_her_pickandplace_randomized_2M
sac_her_recovery_v3,action_delay,4,0.0,-150.0,0.0,0.49841699916703047,150,0.06900478154420853,1.316515326499939,0.0,1.0,,4409,v3,B3,sac_her_pickandplace_randomized_2M
sac_her,action_reversal,4,0.0,-150.0,0.0,0.4295086272890401,150,0.03273256495594978,1.1194785833358765,0.0,0.0,,4410,none,B1,sac_her_pickandplace_randomized_2M
sac_her,action_reversal,4,0.0,-150.0,0.0,0.26765703147809344,150,0.06802216172218323,1.694421410560608,0.0,0.0,,4411,none,B1,sac_her_pickandplace_randomized_2M
sac_her,action_reversal,4,0.0,-150.0,0.0,0.1805411928599704,150,0.05145427584648132,1.534093976020813,0.0,0.0,,4412,none,B1,sac_her_pickandplace_randomized_2M
sac_her,action_reversal,4,0.0,-150.0,0.0,0.4343474150549246,150,0.04377182945609093,1.181786298751831,0.0,0.0,,4413,none,B1,sac_her_pickandplace_randomized_2M
sac_her,action_reversal,4,0.0,-150.0,0.0,0.10684840923604477,150,0.05781702324748039,1.5212347507476807,0.0,0.0,,4414,none,B1,sac_her_pickandplace_randomized_2M
sac_her,action_reversal,4,0.0,-150.0,0.0,0.22616823953285825,150,0.05986980348825455,1.477571964263916,0.0,0.0,,4415,none,B1,sac_her_pickandplace_randomized_2M
sac_her,action_reversal,4,0.0,-150.0,0.0,0.2986576663914672,150,0.12146184593439102,1.272883653640747,0.0,0.0,,4416,none,B1,sac_her_pickandplace_randomized_2M
sac_her,action_reversal,4,0.0,-150.0,0.0,0.9570069135909179,150,0.12654602527618408,0.8344016075134277,0.0,0.0,,4417,none,B1,sac_her_pickandplace_randomized_2M
sac_her,action_reversal,4,0.0,-150.0,0.0,0.21665542672761137,150,0.15306703746318817,1.4537544250488281,0.0,0.0,,4418,none,B1,sac_her_pickandplace_randomized_2M
sac_her,action_reversal,4,0.0,-150.0,0.0,0.2509328493314462,150,0.06951815634965897,1.6764647960662842,0.0,0.0,,4419,none,B1,sac_her_pickandplace_randomized_2M
sac_her,action_reversal,4,0.0,-150.0,0.0,0.17505173464963447,150,0.0898282453417778,1.247038722038269,0.0,0.0,,4420,none,B1,sac_her_pickandplace_randomized_2M
sac_her,action_reversal,4,0.0,-150.0,0.0,0.44133838700290884,150,0.025444332510232925,1.1889504194259644,0.0,0.0,,4421,none,B1,sac_her_pickandplace_randomized_2M
sac_her,action_reversal,4,0.0,-150.0,0.0,0.44972303031566396,150,0.035082846879959106,0.8261024951934814,0.0,0.0,,4422,none,B1,sac_her_pickandplace_randomized_2M
sac_her,action_reversal,4,0.0,-150.0,0.0,0.122400123784964,150,0.04529561847448349,1.5782370567321777,0.0,0.0,,4423,none,B1,sac_her_pickandplace_randomized_2M
sac_her,action_reversal,4,0.0,-150.0,0.0,0.17037346368570566,150,0.09557511657476425,1.379515528678894,0.0,0.0,,4424,none,B1,sac_her_pickandplace_randomized_2M
sac_her,action_reversal,4,0.0,-150.0,0.0,0.05725260634465486,150,0.01939478889107704,0.33151453733444214,0.0,0.0,,4425,none,B1,sac_her_pickandplace_randomized_2M
sac_her,action_reversal,4,0.0,-150.0,0.0,0.08101918061954319,150,0.12805117666721344,1.0067837238311768,0.0,0.0,,4426,none,B1,sac_her_pickandplace_randomized_2M
sac_her,action_reversal,4,0.0,-150.0,0.0,0.4442359995615462,150,0.03801649063825607,0.9741010665893555,0.0,0.0,,4427,none,B1,sac_her_pickandplace_randomized_2M
sac_her,action_reversal,4,0.0,-150.0,0.0,0.20996809385249088,150,0.06519021093845367,1.6799354553222656,0.0,0.0,,4428,none,B1,sac_her_pickandplace_randomized_2M
sac_her,action_reversal,4,0.0,-150.0,0.0,0.4243770527675358,150,0.03914808854460716,1.2848507165908813,0.0,0.0,,4429,none,B1,sac_her_pickandplace_randomized_2M
sac_her,action_reversal,4,0.0,-150.0,0.0,0.1723055609233818,150,0.03784003481268883,1.4556159973144531,0.0,0.0,,4430,none,B1,sac_her_pickandplace_randomized_2M
sac_her,action_reversal,4,0.0,-150.0,0.0,0.4431327053117166,150,0.006377077661454678,0.5907507538795471,0.0,0.0,,4431,none,B1,sac_her_pickandplace_randomized_2M
sac_her,action_reversal,4,0.0,-150.0,0.0,0.07211340740630931,150,0.06801143288612366,1.4225976467132568,0.0,0.0,,4432,none,B1,sac_her_pickandplace_randomized_2M
sac_her,action_reversal,4,0.0,-150.0,0.0,0.15051513092543606,150,0.05143536254763603,1.4360895156860352,0.0,0.0,,4433,none,B1,sac_her_pickandplace_randomized_2M
sac_her,action_reversal,4,0.0,-150.0,0.0,0.4263347277634866,150,0.04035571590065956,0.8173735737800598,0.0,0.0,,4434,none,B1,sac_her_pickandplace_randomized_2M
sac_her,action_reversal,4,0.0,-150.0,0.0,0.3662215000153558,150,0.005417681764811277,0.642195463180542,0.0,0.0,,4435,none,B1,sac_her_pickandplace_randomized_2M
sac_her,action_reversal,4,0.0,-150.0,0.0,0.1437793465619575,150,0.05702109634876251,1.5138356685638428,0.0,0.0,,4436,none,B1,sac_her_pickandplace_randomized_2M
sac_her,action_reversal,4,0.0,-150.0,0.0,0.24147661160362346,150,0.03428398817777634,1.2414343357086182,0.0,0.0,,4437,none,B1,sac_her_pickandplace_randomized_2M
sac_her,action_reversal,4,0.0,-150.0,0.0,0.30408110760161844,150,0.025003710761666298,0.7910692691802979,0.0,0.0,,4438,none,B1,sac_her_pickandplace_randomized_2M
sac_her,action_reversal,4,0.0,-150.0,0.0,0.49841699916703047,150,0.008928650058805943,0.6978626251220703,0.0,0.0,,4439,none,B1,sac_her_pickandplace_randomized_2M
sac_her_recovery_v2,action_reversal,4,0.0,-150.0,0.0,0.4295086272890401,150,0.06700965017080307,1.1215189695358276,0.0,1.0,,4440,v2,B2,sac_her_pickandplace_randomized_2M
sac_her_recovery_v2,action_reversal,4,0.0,-150.0,0.0,0.26765703147809344,150,0.1383361965417862,1.688064694404602,0.0,1.0,,4441,v2,B2,sac_her_pickandplace_randomized_2M
sac_her_recovery_v2,action_reversal,4,0.0,-150.0,0.0,0.1805411928599704,150,0.0643395259976387,1.5290976762771606,0.0,1.0,,4442,v2,B2,sac_her_pickandplace_randomized_2M
sac_her_recovery_v2,action_reversal,4,0.0,-150.0,0.0,0.4343474150549246,150,0.07527201622724533,1.1800638437271118,0.0,1.0,,4443,v2,B2,sac_her_pickandplace_randomized_2M
sac_her_recovery_v2,action_reversal,4,0.0,-150.0,0.0,0.10684840923604477,150,0.09828916937112808,1.3642672300338745,0.0,1.0,,4444,v2,B2,sac_her_pickandplace_randomized_2M
sac_her_recovery_v2,action_reversal,4,0.0,-150.0,0.0,0.22616823953285825,150,0.05815451592206955,1.364135980606079,0.0,1.0,,4445,v2,B2,sac_her_pickandplace_randomized_2M
sac_her_recovery_v2,action_reversal,4,0.0,-150.0,0.0,0.2986576663914672,150,0.1535753458738327,1.2437411546707153,0.0,1.0,,4446,v2,B2,sac_her_pickandplace_randomized_2M
sac_her_recovery_v2,action_reversal,4,0.0,-150.0,0.0,0.49869601242644657,150,0.37392663955688477,1.1840159893035889,1.0,1.0,,4447,v2,B2,sac_her_pickandplace_randomized_2M
sac_her_recovery_v2,action_reversal,4,0.0,-150.0,0.0,0.21665542672761137,150,0.08189067244529724,1.560758113861084,0.0,1.0,,4448,v2,B2,sac_her_pickandplace_randomized_2M
sac_her_recovery_v2,action_reversal,4,0.0,-150.0,0.0,0.2509328493314462,150,0.5380223989486694,1.3993031978607178,0.0,1.0,,4449,v2,B2,sac_her_pickandplace_randomized_2M
sac_her_recovery_v2,action_reversal,4,0.0,-150.0,0.0,0.17505173464963447,150,0.0932539850473404,1.423018217086792,0.0,1.0,,4450,v2,B2,sac_her_pickandplace_randomized_2M
sac_her_recovery_v2,action_reversal,4,0.0,-150.0,0.0,0.44133838700290884,150,0.04567874222993851,1.1880475282669067,0.0,1.0,,4451,v2,B2,sac_her_pickandplace_randomized_2M
sac_her_recovery_v2,action_reversal,4,0.0,-150.0,0.0,0.44972303031566396,150,0.05695648863911629,0.8324727416038513,0.0,1.0,,4452,v2,B2,sac_her_pickandplace_randomized_2M
sac_her_recovery_v2,action_reversal,4,0.0,-150.0,0.0,0.122400123784964,150,0.11445323377847672,1.3817496299743652,0.0,1.0,,4453,v2,B2,sac_her_pickandplace_randomized_2M
sac_her_recovery_v2,action_reversal,4,0.0,-150.0,0.0,0.17037346368570566,150,0.12917828559875488,1.372854232788086,0.0,1.0,,4454,v2,B2,sac_her_pickandplace_randomized_2M
sac_her_recovery_v2,action_reversal,4,0.0,-150.0,0.0,0.05725260634465486,150,0.034485168755054474,0.33050182461738586,0.0,1.0,,4455,v2,B2,sac_her_pickandplace_randomized_2M
sac_her_recovery_v2,action_reversal,4,0.0,-150.0,0.0,0.08101918061954319,150,0.1505342572927475,0.9995734691619873,0.0,1.0,,4456,v2,B2,sac_her_pickandplace_randomized_2M
sac_her_recovery_v2,action_reversal,4,0.0,-150.0,0.0,0.4442359995615462,150,0.06898623704910278,0.9717804193496704,0.0,1.0,,4457,v2,B2,sac_her_pickandplace_randomized_2M
sac_her_recovery_v2,action_reversal,4,0.0,-150.0,0.0,0.20996809385249088,150,0.10661842674016953,1.625860333442688,0.0,1.0,,4458,v2,B2,sac_her_pickandplace_randomized_2M
sac_her_recovery_v2,action_reversal,4,0.0,-150.0,0.0,0.4243770527675358,150,0.061276428401470184,1.292183518409729,0.0,1.0,,4459,v2,B2,sac_her_pickandplace_randomized_2M
sac_her_recovery_v2,action_reversal,4,0.0,-150.0,0.0,0.1723055609233818,150,0.08229571580886841,1.438619613647461,0.0,1.0,,4460,v2,B2,sac_her_pickandplace_randomized_2M
sac_her_recovery_v2,action_reversal,4,0.0,-150.0,0.0,0.4431327053117166,150,0.02282469905912876,0.5928981304168701,0.0,1.0,,4461,v2,B2,sac_her_pickandplace_randomized_2M
sac_her_recovery_v2,action_reversal,4,0.0,-150.0,0.0,0.07211340740630931,150,0.08802925795316696,1.3732508420944214,0.0,1.0,,4462,v2,B2,sac_her_pickandplace_randomized_2M
sac_her_recovery_v2,action_reversal,4,0.0,-150.0,0.0,0.15051513092543606,150,0.08158151060342789,1.406615138053894,0.0,1.0,,4463,v2,B2,sac_her_pickandplace_randomized_2M
sac_her_recovery_v2,action_reversal,4,0.0,-150.0,0.0,0.4263347277634866,150,0.0667540431022644,0.8228716254234314,0.0,1.0,,4464,v2,B2,sac_her_pickandplace_randomized_2M
sac_her_recovery_v2,action_reversal,4,0.0,-150.0,0.0,0.3662215000153558,150,0.021792255342006683,0.6453242301940918,0.0,1.0,,4465,v2,B2,sac_her_pickandplace_randomized_2M
sac_her_recovery_v2,action_reversal,4,0.0,-150.0,0.0,0.1437793465619575,150,0.07104986160993576,1.5425504446029663,0.0,1.0,,4466,v2,B2,sac_her_pickandplace_randomized_2M
sac_her_recovery_v2,action_reversal,4,0.0,-150.0,0.0,0.24147661160362346,150,0.06422412395477295,1.255691647529602,0.0,1.0,,4467,v2,B2,sac_her_pickandplace_randomized_2M
sac_her_recovery_v2,action_reversal,4,0.0,-150.0,0.0,0.30408110760161844,150,0.04205675423145294,0.8023656606674194,0.0,1.0,,4468,v2,B2,sac_her_pickandplace_randomized_2M
sac_her_recovery_v2,action_reversal,4,0.0,-150.0,0.0,0.49841699916703047,150,0.027710285037755966,0.7024733424186707,0.0,1.0,,4469,v2,B2,sac_her_pickandplace_randomized_2M
sac_her_recovery_v3,action_reversal,4,0.0,-150.0,0.0,0.4295086272890401,150,0.06780168414115906,1.1148871183395386,0.0,1.0,,4470,v3,B3,sac_her_pickandplace_randomized_2M
sac_her_recovery_v3,action_reversal,4,0.0,-150.0,0.0,0.26765703147809344,150,0.11641644686460495,1.2173715829849243,0.0,1.0,,4471,v3,B3,sac_her_pickandplace_randomized_2M
sac_her_recovery_v3,action_reversal,4,0.0,-150.0,0.0,0.1805411928599704,150,0.06489244848489761,1.5194560289382935,0.0,1.0,,4472,v3,B3,sac_her_pickandplace_randomized_2M
sac_her_recovery_v3,action_reversal,4,0.0,-150.0,0.0,0.4343474150549246,150,0.07486265897750854,1.174147129058838,0.0,1.0,,4473,v3,B3,sac_her_pickandplace_randomized_2M
sac_her_recovery_v3,action_reversal,4,0.0,-150.0,0.0,0.10684840923604477,150,0.07564961165189743,1.331908941268921,0.0,1.0,,4474,v3,B3,sac_her_pickandplace_randomized_2M
sac_her_recovery_v3,action_reversal,4,0.0,-150.0,0.0,0.22616823953285825,150,0.04403151199221611,1.3524717092514038,0.0,1.0,,4475,v3,B3,sac_her_pickandplace_randomized_2M
sac_her_recovery_v3,action_reversal,4,0.0,-150.0,0.0,0.2986576663914672,150,0.07388384640216827,1.1952940225601196,0.0,1.0,,4476,v3,B3,sac_her_pickandplace_randomized_2M
sac_her_recovery_v3,action_reversal,4,0.0,-150.0,0.0,0.33356060516643077,150,0.17786026000976562,1.0170539617538452,1.0,1.0,,4477,v3,B3,sac_her_pickandplace_randomized_2M
sac_her_recovery_v3,action_reversal,4,0.0,-150.0,0.0,0.21665542672761137,150,0.05247482657432556,1.6016058921813965,0.0,1.0,,4478,v3,B3,sac_her_pickandplace_randomized_2M
sac_her_recovery_v3,action_reversal,4,0.0,-150.0,0.0,0.2509328493314462,150,0.25402867794036865,1.4391224384307861,0.0,1.0,,4479,v3,B3,sac_her_pickandplace_randomized_2M
sac_her_recovery_v3,action_reversal,4,0.0,-150.0,0.0,0.17505173464963447,150,0.13468976318836212,1.4250341653823853,0.0,1.0,,4480,v3,B3,sac_her_pickandplace_randomized_2M
sac_her_recovery_v3,action_reversal,4,0.0,-150.0,0.0,0.44133838700290884,150,0.048632629215717316,1.1874173879623413,0.0,1.0,,4481,v3,B3,sac_her_pickandplace_randomized_2M
sac_her_recovery_v3,action_reversal,4,0.0,-150.0,0.0,0.44972303031566396,150,0.061204660683870316,0.8539513349533081,0.0,1.0,,4482,v3,B3,sac_her_pickandplace_randomized_2M
sac_her_recovery_v3,action_reversal,4,0.0,-150.0,0.0,0.122400123784964,150,0.09298300743103027,1.3773080110549927,0.0,1.0,,4483,v3,B3,sac_her_pickandplace_randomized_2M
sac_her_recovery_v3,action_reversal,4,0.0,-150.0,0.0,0.17037346368570566,150,0.10705602169036865,1.4310392141342163,0.0,1.0,,4484,v3,B3,sac_her_pickandplace_randomized_2M
sac_her_recovery_v3,action_reversal,4,0.0,-150.0,0.0,0.05725260634465486,150,0.034575898200273514,0.34689459204673767,0.0,1.0,,4485,v3,B3,sac_her_pickandplace_randomized_2M
sac_her_recovery_v3,action_reversal,4,0.0,-150.0,0.0,0.08101918061954319,150,0.18926990032196045,0.8539770245552063,0.0,1.0,,4486,v3,B3,sac_her_pickandplace_randomized_2M
sac_her_recovery_v3,action_reversal,4,0.0,-150.0,0.0,0.4442359995615462,150,0.07054775953292847,0.9620895385742188,0.0,1.0,,4487,v3,B3,sac_her_pickandplace_randomized_2M
sac_her_recovery_v3,action_reversal,4,0.0,-150.0,0.0,0.20996809385249088,150,0.10327398031949997,1.5541579723358154,0.0,1.0,,4488,v3,B3,sac_her_pickandplace_randomized_2M
sac_her_recovery_v3,action_reversal,4,0.0,-150.0,0.0,0.4243770527675358,150,0.057487424463033676,1.318121314048767,0.0,1.0,,4489,v3,B3,sac_her_pickandplace_randomized_2M
sac_her_recovery_v3,action_reversal,4,0.0,-150.0,0.0,0.1723055609233818,150,0.07167137414216995,1.6081438064575195,0.0,1.0,,4490,v3,B3,sac_her_pickandplace_randomized_2M
sac_her_recovery_v3,action_reversal,4,0.0,-150.0,0.0,0.4431327053117166,150,0.024700181558728218,0.6016558408737183,0.0,1.0,,4491,v3,B3,sac_her_pickandplace_randomized_2M
sac_her_recovery_v3,action_reversal,4,0.0,-150.0,0.0,0.07211340740630931,150,0.11541055142879486,1.2936832904815674,0.0,1.0,,4492,v3,B3,sac_her_pickandplace_randomized_2M
sac_her_recovery_v3,action_reversal,4,0.0,-150.0,0.0,0.15051513092543606,150,0.065534308552742,1.371662974357605,0.0,1.0,,4493,v3,B3,sac_her_pickandplace_randomized_2M
sac_her_recovery_v3,action_reversal,4,0.0,-150.0,0.0,0.4263347277634866,150,0.0613870732486248,0.8273197412490845,0.0,1.0,,4494,v3,B3,sac_her_pickandplace_randomized_2M
sac_her_recovery_v3,action_reversal,4,0.0,-150.0,0.0,0.3662215000153558,150,0.024916402995586395,0.6554350852966309,0.0,1.0,,4495,v3,B3,sac_her_pickandplace_randomized_2M
sac_her_recovery_v3,action_reversal,4,0.0,-150.0,0.0,0.1437793465619575,150,0.07202673703432083,1.5160623788833618,0.0,1.0,,4496,v3,B3,sac_her_pickandplace_randomized_2M
sac_her_recovery_v3,action_reversal,4,0.0,-150.0,0.0,0.24147661160362346,150,0.06310965120792389,1.2922216653823853,0.0,1.0,,4497,v3,B3,sac_her_pickandplace_randomized_2M
sac_her_recovery_v3,action_reversal,4,0.0,-150.0,0.0,0.30408110760161844,150,0.04646732285618782,0.8521041870117188,0.0,1.0,,4498,v3,B3,sac_her_pickandplace_randomized_2M
sac_her_recovery_v3,action_reversal,4,0.0,-150.0,0.0,0.49841699916703047,150,0.029127636924386024,0.7134243845939636,0.0,1.0,,4499,v3,B3,sac_her_pickandplace_randomized_2M
sac_her,goal_spoof_immediate,4,0.1,-150.0,0.0,0.4295086272890401,150,0.05961766466498375,1.3547711372375488,0.0,0.0,,4500,none,B1,sac_her_pickandplace_randomized_2M
sac_her,goal_spoof_immediate,4,0.1,-150.0,0.0,0.07088953823679325,150,0.3354138731956482,1.3585299253463745,1.0,0.0,,4501,none,B1,sac_her_pickandplace_randomized_2M
sac_her,goal_spoof_immediate,4,0.1,-150.0,0.0,0.09380199100647914,150,0.23173512518405914,1.0441511869430542,1.0,0.0,,4502,none,B1,sac_her_pickandplace_randomized_2M
sac_her,goal_spoof_immediate,4,0.1,-150.0,0.0,0.4343474150549246,150,0.018233085051178932,0.8749792575836182,0.0,0.0,,4503,none,B1,sac_her_pickandplace_randomized_2M
sac_her,goal_spoof_immediate,4,0.1,-150.0,0.0,0.10684840923604477,150,0.19449827075004578,0.654225766658783,0.0,0.0,,4504,none,B1,sac_her_pickandplace_randomized_2M
sac_her,goal_spoof_immediate,4,0.1,-150.0,0.0,0.22616823953285825,150,0.07236943393945694,0.38414743542671204,0.0,0.0,,4505,none,B1,sac_her_pickandplace_randomized_2M
sac_her,goal_spoof_immediate,4,0.1,-150.0,0.0,0.10026542875986305,150,0.3118780851364136,1.2364896535873413,0.0,0.0,,4506,none,B1,sac_her_pickandplace_randomized_2M
sac_her,goal_spoof_immediate,4,0.1,-150.0,0.0,0.3892672676711604,150,0.05231574550271034,1.6892187595367432,0.0,0.0,,4507,none,B1,sac_her_pickandplace_randomized_2M
sac_her,goal_spoof_immediate,4,0.1,-147.0,0.0,0.06012904563381071,150,0.43332138657569885,0.5694252848625183,0.0,0.0,13.0,4508,none,B1,sac_her_pickandplace_randomized_2M
sac_her,goal_spoof_immediate,4,0.1,-148.0,0.0,0.06329884581674557,150,0.3192327320575714,1.1416767835617065,1.0,0.0,20.0,4509,none,B1,sac_her_pickandplace_randomized_2M
sac_her,goal_spoof_immediate,4,0.1,-150.0,0.0,0.6478329721474014,150,0.25609052181243896,1.7451155185699463,0.0,0.0,,4510,none,B1,sac_her_pickandplace_randomized_2M
sac_her,goal_spoof_immediate,4,0.1,-150.0,0.0,0.44133838700290884,150,0.009436450898647308,1.7442474365234375,0.0,0.0,,4511,none,B1,sac_her_pickandplace_randomized_2M
sac_her,goal_spoof_immediate,4,0.1,-150.0,0.0,0.44972303031566396,150,0.03219844400882721,1.413245677947998,0.0,0.0,,4512,none,B1,sac_her_pickandplace_randomized_2M
sac_her,goal_spoof_immediate,4,0.1,-150.0,0.0,0.1269138569058358,150,0.8024263978004456,1.0956573486328125,0.0,0.0,,4513,none,B1,sac_her_pickandplace_randomized_2M
sac_her,goal_spoof_immediate,4,0.1,-150.0,0.0,0.10619258274905687,150,0.2821429371833801,0.8573132157325745,0.0,0.0,,4514,none,B1,sac_her_pickandplace_randomized_2M
sac_her,goal_spoof_immediate,4,0.1,-150.0,0.0,0.5257607360493588,150,0.22798381745815277,1.5839611291885376,1.0,0.0,,4515,none,B1,sac_her_pickandplace_randomized_2M
sac_her,goal_spoof_immediate,4,0.1,-135.0,0.0,0.05550626296715546,150,0.3014216721057892,0.7563359141349792,0.0,0.0,8.0,4516,none,B1,sac_her_pickandplace_randomized_2M
sac_her,goal_spoof_immediate,4,0.1,-150.0,0.0,0.4442359995615462,150,0.036917321383953094,0.8974393606185913,0.0,0.0,,4517,none,B1,sac_her_pickandplace_randomized_2M
sac_her,goal_spoof_immediate,4,0.1,-150.0,0.0,0.20996809385249088,150,0.5704309940338135,0.6584076285362244,0.0,0.0,,4518,none,B1,sac_her_pickandplace_randomized_2M
sac_her,goal_spoof_immediate,4,0.1,-150.0,0.0,0.4243770527675358,150,0.02553725615143776,1.044729232788086,0.0,0.0,,4519,none,B1,sac_her_pickandplace_randomized_2M
sac_her,goal_spoof_immediate,4,0.1,-150.0,0.0,0.5179537723267773,150,0.10203250497579575,1.4149788618087769,0.0,0.0,,4520,none,B1,sac_her_pickandplace_randomized_2M
sac_her,goal_spoof_immediate,4,0.1,-150.0,0.0,0.4431327053117166,150,0.03133290633559227,1.1227316856384277,0.0,0.0,,4521,none,B1,sac_her_pickandplace_randomized_2M
sac_her,goal_spoof_immediate,4,0.1,-150.0,0.0,0.07211340740630931,150,0.042081069201231,1.1222110986709595,0.0,0.0,,4522,none,B1,sac_her_pickandplace_randomized_2M
sac_her,goal_spoof_immediate,4,0.1,-150.0,0.0,0.15051513092543606,150,1.6078662872314453,1.395615577697754,0.0,0.0,,4523,none,B1,sac_her_pickandplace_randomized_2M
sac_her,goal_spoof_immediate,4,0.1,-150.0,0.0,0.4263347277634866,150,0.02356310933828354,1.2212748527526855,0.0,0.0,,4524,none,B1,sac_her_pickandplace_randomized_2M
sac_her,goal_spoof_immediate,4,0.1,-150.0,0.0,0.3662215000153558,150,0.03241712599992752,1.0804036855697632,0.0,0.0,,4525,none,B1,sac_her_pickandplace_randomized_2M
sac_her,goal_spoof_immediate,4,0.1,-149.0,0.0,0.08492362327114188,150,0.3438033163547516,1.0630024671554565,0.0,0.0,21.0,4526,none,B1,sac_her_pickandplace_randomized_2M
sac_her,goal_spoof_immediate,4,0.1,-150.0,0.0,0.24147661160362346,150,0.026477698236703873,1.3074573278427124,0.0,0.0,,4527,none,B1,sac_her_pickandplace_randomized_2M
sac_her,goal_spoof_immediate,4,0.1,-150.0,0.0,0.3023543464193159,150,0.07754911482334137,0.5497617125511169,0.0,0.0,,4528,none,B1,sac_her_pickandplace_randomized_2M
sac_her,goal_spoof_immediate,4,0.1,-150.0,0.0,0.49841699916703047,150,0.031294483691453934,0.8320055603981018,0.0,0.0,,4529,none,B1,sac_her_pickandplace_randomized_2M
sac_her_recovery_v2,goal_spoof_immediate,4,0.1,-150.0,0.0,0.4295086272890401,150,0.07777470350265503,1.2717201709747314,0.0,1.0,,4530,v2,B2,sac_her_pickandplace_randomized_2M
sac_her_recovery_v2,goal_spoof_immediate,4,0.1,-10.0,1.0,0.041897001352836805,150,0.21196438372135162,1.1113286018371582,0.0,1.0,10.0,4531,v2,B2,sac_her_pickandplace_randomized_2M
sac_her_recovery_v2,goal_spoof_immediate,4,0.1,-150.0,0.0,0.1805411928599704,150,1.065153956413269,0.9237306714057922,0.0,1.0,,4532,v2,B2,sac_her_pickandplace_randomized_2M
sac_her_recovery_v2,goal_spoof_immediate,4,0.1,-150.0,0.0,0.4343474150549246,150,0.042037997394800186,1.476959228515625,0.0,1.0,,4533,v2,B2,sac_her_pickandplace_randomized_2M
sac_her_recovery_v2,goal_spoof_immediate,4,0.1,-19.0,1.0,0.0480005088119565,150,0.42300131916999817,0.524288535118103,1.0,1.0,19.0,4534,v2,B2,sac_her_pickandplace_randomized_2M
sac_her_recovery_v2,goal_spoof_immediate,4,0.1,-150.0,0.0,0.12302794469472673,150,0.8978754878044128,0.9761846661567688,0.0,1.0,,4535,v2,B2,sac_her_pickandplace_randomized_2M
sac_her_recovery_v2,goal_spoof_immediate,4,0.1,-147.0,0.0,0.4483965137077816,150,0.4220181405544281,1.604345440864563,0.0,1.0,18.0,4536,v2,B2,sac_her_pickandplace_randomized_2M
sac_her_recovery_v2,goal_spoof_immediate,4,0.1,-150.0,0.0,0.3892672676711604,150,0.27226850390434265,1.6037263870239258,0.0,1.0,,4537,v2,B2,sac_her_pickandplace_randomized_2M
sac_her_recovery_v2,goal_spoof_immediate,4,0.1,-150.0,0.0,0.21665542672761137,150,2.3872053623199463,1.297942042350769,0.0,1.0,,4538,v2,B2,sac_her_pickandplace_randomized_2M
sac_her_recovery_v2,goal_spoof_immediate,4,0.1,-119.0,0.0,0.15245879270149645,150,1.908714771270752,1.4256569147109985,1.0,1.0,23.0,4539,v2,B2,sac_her_pickandplace_randomized_2M
sac_her_recovery_v2,goal_spoof_immediate,4,0.1,-134.0,0.0,0.6590419746919945,150,0.9546473026275635,1.396049976348877,1.0,1.0,92.0,4540,v2,B2,sac_her_pickandplace_randomized_2M
sac_her_recovery_v2,goal_spoof_immediate,4,0.1,-150.0,0.0,0.44133838700290884,150,0.042003221809864044,1.6519277095794678,0.0,1.0,,4541,v2,B2,sac_her_pickandplace_randomized_2M
sac_her_recovery_v2,goal_spoof_immediate,4,0.1,-150.0,0.0,0.44972303031566396,150,0.9596565961837769,1.7538305521011353,0.0,1.0,,4542,v2,B2,sac_her_pickandplace_randomized_2M
sac_her_recovery_v2,goal_spoof_immediate,4,0.1,-150.0,0.0,0.122400123784964,150,0.07675658911466599,0.8699837327003479,0.0,1.0,,4543,v2,B2,sac_her_pickandplace_randomized_2M
sac_her_recovery_v2,goal_spoof_immediate,4,0.1,-150.0,0.0,0.17037346368570566,150,0.067827507853508,1.3746174573898315,0.0,1.0,,4544,v2,B2,sac_her_pickandplace_randomized_2M
sac_her_recovery_v2,goal_spoof_immediate,4,0.1,-150.0,0.0,0.05725260634465486,150,0.06247224286198616,1.3541386127471924,0.0,1.0,,4545,v2,B2,sac_her_pickandplace_randomized_2M
sac_her_recovery_v2,goal_spoof_immediate,4,0.1,-150.0,0.0,0.0830663032333087,150,0.34949174523353577,1.3340712785720825,0.0,1.0,,4546,v2,B2,sac_her_pickandplace_randomized_2M
sac_her_recovery_v2,goal_spoof_immediate,4,0.1,-150.0,0.0,0.4442359995615462,150,0.051261939108371735,0.9516065716743469,0.0,1.0,,4547,v2,B2,sac_her_pickandplace_randomized_2M
sac_her_recovery_v2,goal_spoof_immediate,4,0.1,-148.0,0.0,0.05056508786281027,150,0.9755505323410034,1.0901356935501099,1.0,1.0,24.0,4548,v2,B2,sac_her_pickandplace_randomized_2M
sac_her_recovery_v2,goal_spoof_immediate,4,0.1,-150.0,0.0,0.4243770527675358,150,0.06346707046031952,1.1313283443450928,0.0,1.0,,4549,v2,B2,sac_her_pickandplace_randomized_2M
sac_her_recovery_v2,goal_spoof_immediate,4,0.1,-150.0,0.0,0.06198584598828618,150,1.932205080986023,1.4065622091293335,0.0,1.0,,4550,v2,B2,sac_her_pickandplace_randomized_2M
sac_her_recovery_v2,goal_spoof_immediate,4,0.1,-150.0,0.0,0.4431327053117166,150,0.06330202519893646,1.3743289709091187,0.0,1.0,,4551,v2,B2,sac_her_pickandplace_randomized_2M
sac_her_recovery_v2,goal_spoof_immediate,4,0.1,-98.0,1.0,0.04834277725930665,150,1.7059979438781738,1.1747322082519531,1.0,1.0,8.0,4552,v2,B2,sac_her_pickandplace_randomized_2M
sac_her_recovery_v2,goal_spoof_immediate,4,0.1,-150.0,0.0,0.0871754521665338,150,0.20855867862701416,1.2179878950119019,0.0,1.0,,4553,v2,B2,sac_her_pickandplace_randomized_2M
sac_her_recovery_v2,goal_spoof_immediate,4,0.1,-150.0,0.0,0.4263347277634866,150,0.04080738499760628,1.5408024787902832,0.0,1.0,,4554,v2,B2,sac_her_pickandplace_randomized_2M
sac_her_recovery_v2,goal_spoof_immediate,4,0.1,-150.0,0.0,0.3662215000153558,150,0.05190601944923401,1.0907992124557495,0.0,1.0,,4555,v2,B2,sac_her_pickandplace_randomized_2M
sac_her_recovery_v2,goal_spoof_immediate,4,0.1,-10.0,1.0,0.025021832478164415,150,1.3514474630355835,1.244146704673767,0.0,0.0,10.0,4556,v2,B2,sac_her_pickandplace_randomized_2M
sac_her_recovery_v2,goal_spoof_immediate,4,0.1,-150.0,0.0,0.24147661160362346,150,0.041286829859018326,1.3060322999954224,0.0,1.0,,4557,v2,B2,sac_her_pickandplace_randomized_2M
sac_her_recovery_v2,goal_spoof_immediate,4,0.1,-150.0,0.0,0.30408110760161844,150,0.06002392992377281,1.332312822341919,0.0,1.0,,4558,v2,B2,sac_her_pickandplace_randomized_2M
sac_her_recovery_v2,goal_spoof_immediate,4,0.1,-150.0,0.0,0.49841699916703047,150,0.0601554699242115,1.352777361869812,0.0,1.0,,4559,v2,B2,sac_her_pickandplace_randomized_2M
sac_her_recovery_v3,goal_spoof_immediate,4,0.1,-150.0,0.0,0.4295086272890401,150,0.06769341975450516,1.1922451257705688,0.0,1.0,,4560,v3,B3,sac_her_pickandplace_randomized_2M
sac_her_recovery_v3,goal_spoof_immediate,4,0.1,-150.0,0.0,0.11955816839121512,150,1.4104392528533936,1.0699692964553833,0.0,0.0,,4561,v3,B3,sac_her_pickandplace_randomized_2M
sac_her_recovery_v3,goal_spoof_immediate,4,0.1,-150.0,0.0,0.17660539858753976,150,0.6812747716903687,1.1813515424728394,0.0,1.0,,4562,v3,B3,sac_her_pickandplace_randomized_2M
sac_her_recovery_v3,goal_spoof_immediate,4,0.1,-150.0,0.0,0.4343474150549246,150,0.035289011895656586,1.2509914636611938,0.0,1.0,,4563,v3,B3,sac_her_pickandplace_randomized_2M
sac_her_recovery_v3,goal_spoof_immediate,4,0.1,-150.0,0.0,0.10684840923604477,150,2.0044403076171875,1.1648223400115967,0.0,1.0,,4564,v3,B3,sac_her_pickandplace_randomized_2M
sac_her_recovery_v3,goal_spoof_immediate,4,0.1,-128.0,0.0,0.09332659736616428,150,1.310326337814331,1.2418466806411743,1.0,1.0,87.0,4565,v3,B3,sac_her_pickandplace_randomized_2M
sac_her_recovery_v3,goal_spoof_immediate,4,0.1,-150.0,0.0,0.09907287108490317,150,0.1638205647468567,1.019974946975708,0.0,1.0,,4566,v3,B3,sac_her_pickandplace_randomized_2M
sac_her_recovery_v3,goal_spoof_immediate,4,0.1,-150.0,0.0,0.3892672676711604,150,0.07316954433917999,1.5266859531402588,0.0,1.0,,4567,v3,B3,sac_her_pickandplace_randomized_2M
sac_her_recovery_v3,goal_spoof_immediate,4,0.1,-150.0,0.0,0.12395718143242912,150,0.49677225947380066,1.0893384218215942,0.0,1.0,,4568,v3,B3,sac_her_pickandplace_randomized_2M
sac_her_recovery_v3,goal_spoof_immediate,4,0.1,-150.0,0.0,0.2509328493314462,150,0.723017692565918,1.208972454071045,0.0,1.0,,4569,v3,B3,sac_her_pickandplace_randomized_2M
sac_her_recovery_v3,goal_spoof_immediate,4,0.1,-150.0,0.0,0.12323268492338234,150,1.3389177322387695,0.9908235669136047,0.0,1.0,,4570,v3,B3,sac_her_pickandplace_randomized_2M
sac_her_recovery_v3,goal_spoof_immediate,4,0.1,-150.0,0.0,0.44133838700290884,150,0.04514043778181076,1.575318455696106,0.0,1.0,,4571,v3,B3,sac_her_pickandplace_randomized_2M
sac_her_recovery_v3,goal_spoof_immediate,4,0.1,-150.0,0.0,0.44972303031566396,150,0.061029307544231415,1.519218921661377,0.0,1.0,,4572,v3,B3,sac_her_pickandplace_randomized_2M
sac_her_recovery_v3,goal_spoof_immediate,4,0.1,-141.0,0.0,0.06431118975277988,150,2.7717220783233643,1.4844350814819336,1.0,0.0,7.0,4573,v3,B3,sac_her_pickandplace_randomized_2M
sac_her_recovery_v3,goal_spoof_immediate,4,0.1,-150.0,0.0,0.10222214074935854,150,0.5542684197425842,0.4075627624988556,0.0,0.0,,4574,v3,B3,sac_her_pickandplace_randomized_2M
sac_her_recovery_v3,goal_spoof_immediate,4,0.1,-147.0,0.0,0.06371657158803493,150,0.13972002267837524,0.6091269850730896,0.0,1.0,2.0,4575,v3,B3,sac_her_pickandplace_randomized_2M
sac_her_recovery_v3,goal_spoof_immediate,4,0.1,-47.0,1.0,0.031097173951922786,150,0.5447017550468445,1.1903634071350098,0.0,1.0,7.0,4576,v3,B3,sac_her_pickandplace_randomized_2M
sac_her_recovery_v3,goal_spoof_immediate,4,0.1,-150.0,0.0,0.4442359995615462,150,0.05217154696583748,1.0768383741378784,0.0,1.0,,4577,v3,B3,sac_her_pickandplace_randomized_2M
sac_her_recovery_v3,goal_spoof_immediate,4,0.1,-150.0,0.0,0.33612470229068026,150,0.2681242525577545,1.2567287683486938,0.0,1.0,,4578,v3,B3,sac_her_pickandplace_randomized_2M
sac_her_recovery_v3,goal_spoof_immediate,4,0.1,-150.0,0.0,0.4243770527675358,150,0.07218749821186066,1.1998144388198853,0.0,1.0,,4579,v3,B3,sac_her_pickandplace_randomized_2M
sac_her_recovery_v3,goal_spoof_immediate,4,0.1,-17.0,1.0,0.04564080809789007,150,0.2573370337486267,1.1850725412368774,0.0,0.0,8.0,4580,v3,B3,sac_her_pickandplace_randomized_2M
sac_her_recovery_v3,goal_spoof_immediate,4,0.1,-150.0,0.0,0.4431327053117166,150,0.061642229557037354,0.9035933613777161,0.0,1.0,,4581,v3,B3,sac_her_pickandplace_randomized_2M
sac_her_recovery_v3,goal_spoof_immediate,4,0.1,-147.0,0.0,0.08475521061963114,150,0.2953939735889435,0.6911750435829163,1.0,1.0,2.0,4582,v3,B3,sac_her_pickandplace_randomized_2M
sac_her_recovery_v3,goal_spoof_immediate,4,0.1,-150.0,0.0,0.10715942534882048,150,1.7685868740081787,1.108852505683899,0.0,0.0,,4583,v3,B3,sac_her_pickandplace_randomized_2M
sac_her_recovery_v3,goal_spoof_immediate,4,0.1,-150.0,0.0,0.4263347277634866,150,0.045718587934970856,1.5561423301696777,0.0,1.0,,4584,v3,B3,sac_her_pickandplace_randomized_2M
sac_her_recovery_v3,goal_spoof_immediate,4,0.1,-150.0,0.0,0.3662215000153558,150,0.08791080862283707,1.185158133506775,0.0,1.0,,4585,v3,B3,sac_her_pickandplace_randomized_2M
sac_her_recovery_v3,goal_spoof_immediate,4,0.1,-145.0,0.0,0.09235421973374125,150,1.6734482049942017,1.3090691566467285,1.0,1.0,12.0,4586,v3,B3,sac_her_pickandplace_randomized_2M
sac_her_recovery_v3,goal_spoof_immediate,4,0.1,-150.0,0.0,0.24147661160362346,150,0.042285993695259094,1.3141233921051025,0.0,1.0,,4587,v3,B3,sac_her_pickandplace_randomized_2M
sac_her_recovery_v3,goal_spoof_immediate,4,0.1,-150.0,0.0,0.30408110760161844,150,0.06920728087425232,1.610827922821045,1.0,1.0,,4588,v3,B3,sac_her_pickandplace_randomized_2M
sac_her_recovery_v3,goal_spoof_immediate,4,0.1,-150.0,0.0,0.49841699916703047,150,0.045653197914361954,1.1544636487960815,0.0,1.0,,4589,v3,B3,sac_her_pickandplace_randomized_2M
sac_her,goal_spoof_midep,4,0.1,-150.0,0.0,0.4295086272890401,150,0.029358703643083572,1.1293317079544067,0.0,0.0,,4590,none,B1,sac_her_pickandplace_randomized_2M
sac_her,goal_spoof_midep,4,0.1,-101.0,0.0,0.7137415096438744,150,0.8976190686225891,1.5389090776443481,1.0,0.0,13.0,4591,none,B1,sac_her_pickandplace_randomized_2M
sac_her,goal_spoof_midep,4,0.1,-150.0,0.0,0.07353829402596357,150,0.6510978937149048,1.3010683059692383,1.0,0.0,,4592,none,B1,sac_her_pickandplace_randomized_2M
sac_her,goal_spoof_midep,4,0.1,-150.0,0.0,0.4343474150549246,150,0.028802644461393356,0.9943256378173828,0.0,0.0,,4593,none,B1,sac_her_pickandplace_randomized_2M
sac_her,goal_spoof_midep,4,0.1,-101.0,0.0,0.12145296835716474,150,0.7696572542190552,1.2012521028518677,1.0,0.0,13.0,4594,none,B1,sac_her_pickandplace_randomized_2M
sac_her,goal_spoof_midep,4,0.1,-150.0,0.0,0.11228638451404846,150,0.9583804607391357,1.1685527563095093,1.0,0.0,,4595,none,B1,sac_her_pickandplace_randomized_2M
sac_her,goal_spoof_midep,4,0.1,-97.0,0.0,0.060584992632387494,150,0.9863901734352112,1.4765496253967285,1.0,0.0,14.0,4596,none,B1,sac_her_pickandplace_randomized_2M
sac_her,goal_spoof_midep,4,0.1,-150.0,0.0,0.3892672676711604,150,0.04503275081515312,1.6405420303344727,0.0,0.0,,4597,none,B1,sac_her_pickandplace_randomized_2M
sac_her,goal_spoof_midep,4,0.1,-42.0,1.0,0.04714448681577298,150,1.0957481861114502,1.1922610998153687,0.0,0.0,21.0,4598,none,B1,sac_her_pickandplace_randomized_2M
sac_her,goal_spoof_midep,4,0.1,-121.0,0.0,0.09858863543852465,150,1.4927911758422852,1.196005940437317,1.0,0.0,34.0,4599,none,B1,sac_her_pickandplace_randomized_2M
sac_her,goal_spoof_midep,4,0.1,-96.0,0.0,0.09552465314650035,150,1.0411813259124756,0.9325150847434998,0.0,0.0,6.0,4600,none,B1,sac_her_pickandplace_randomized_2M
sac_her,goal_spoof_midep,4,0.1,-150.0,0.0,0.44133838700290884,150,0.011145953088998795,1.666835904121399,0.0,0.0,,4601,none,B1,sac_her_pickandplace_randomized_2M
sac_her,goal_spoof_midep,4,0.1,-150.0,0.0,0.44972303031566396,150,0.026962164789438248,1.640256404876709,0.0,0.0,,4602,none,B1,sac_her_pickandplace_randomized_2M
sac_her,goal_spoof_midep,4,0.1,-114.0,0.0,0.07379028342354223,150,1.5122743844985962,1.4047815799713135,1.0,0.0,11.0,4603,none,B1,sac_her_pickandplace_randomized_2M
sac_her,goal_spoof_midep,4,0.1,-149.0,0.0,0.38193542672064806,150,0.9650074243545532,1.3038543462753296,1.0,0.0,19.0,4604,none,B1,sac_her_pickandplace_randomized_2M
sac_her,goal_spoof_midep,4,0.1,-2.0,1.0,0.007142151764050469,150,0.3141877055168152,1.3579425811767578,0.0,0.0,2.0,4605,none,B1,sac_her_pickandplace_randomized_2M
sac_her,goal_spoof_midep,4,0.1,-86.0,0.0,0.05388933542459732,150,0.4249367415904999,1.08665931224823,0.0,0.0,8.0,4606,none,B1,sac_her_pickandplace_randomized_2M
sac_her,goal_spoof_midep,4,0.1,-150.0,0.0,0.4442359995615462,150,0.046577274799346924,1.097533106803894,0.0,0.0,,4607,none,B1,sac_her_pickandplace_randomized_2M
sac_her,goal_spoof_midep,4,0.1,-15.0,1.0,0.04273312757029334,150,0.38136258721351624,1.0952644348144531,0.0,0.0,12.0,4608,none,B1,sac_her_pickandplace_randomized_2M
sac_her,goal_spoof_midep,4,0.1,-150.0,0.0,0.4243770527675358,150,0.039902493357658386,1.2844480276107788,0.0,0.0,,4609,none,B1,sac_her_pickandplace_randomized_2M
sac_her,goal_spoof_midep,4,0.1,-7.0,1.0,0.03359644533025365,150,0.29193052649497986,0.8908822536468506,0.0,0.0,7.0,4610,none,B1,sac_her_pickandplace_randomized_2M
sac_her,goal_spoof_midep,4,0.1,-150.0,0.0,0.4431327053117166,150,0.027603991329669952,0.7040407657623291,0.0,0.0,,4611,none,B1,sac_her_pickandplace_randomized_2M
sac_her,goal_spoof_midep,4,0.1,-2.0,1.0,0.006661858358378789,150,0.21100641787052155,0.9289898872375488,0.0,0.0,2.0,4612,none,B1,sac_her_pickandplace_randomized_2M
sac_her,goal_spoof_midep,4,0.1,-11.0,1.0,0.041730541436094545,150,0.3265361189842224,1.1047438383102417,0.0,0.0,11.0,4613,none,B1,sac_her_pickandplace_randomized_2M
sac_her,goal_spoof_midep,4,0.1,-150.0,0.0,0.4263347277634866,150,0.03146742656826973,1.322129487991333,0.0,0.0,,4614,none,B1,sac_her_pickandplace_randomized_2M
sac_her,goal_spoof_midep,4,0.1,-150.0,0.0,0.3662215000153558,150,0.04688018560409546,1.1016634702682495,0.0,0.0,,4615,none,B1,sac_her_pickandplace_randomized_2M
sac_her,goal_spoof_midep,4,0.1,-11.0,1.0,0.01869798600306173,150,0.21518371999263763,1.1592390537261963,0.0,0.0,8.0,4616,none,B1,sac_her_pickandplace_randomized_2M
sac_her,goal_spoof_midep,4,0.1,-150.0,0.0,0.24147661160362346,150,0.027484029531478882,1.4897197484970093,0.0,0.0,,4617,none,B1,sac_her_pickandplace_randomized_2M
sac_her,goal_spoof_midep,4,0.1,-150.0,0.0,0.30408110760161844,150,0.04100516811013222,1.287632942199707,0.0,0.0,,4618,none,B1,sac_her_pickandplace_randomized_2M
sac_her,goal_spoof_midep,4,0.1,-150.0,0.0,0.49841699916703047,150,0.04822518303990364,1.49717378616333,0.0,0.0,,4619,none,B1,sac_her_pickandplace_randomized_2M
sac_her_recovery_v2,goal_spoof_midep,4,0.1,-150.0,0.0,0.4295086272890401,150,0.061737604439258575,1.1507335901260376,0.0,1.0,,4620,v2,B2,sac_her_pickandplace_randomized_2M
sac_her_recovery_v2,goal_spoof_midep,4,0.1,-118.0,0.0,0.08535031084835086,150,0.6640959978103638,0.7352442741394043,1.0,1.0,30.0,4621,v2,B2,sac_her_pickandplace_randomized_2M
sac_her_recovery_v2,goal_spoof_midep,4,0.1,-150.0,0.0,0.5405398039328974,150,0.7088570594787598,1.2061810493469238,0.0,1.0,,4622,v2,B2,sac_her_pickandplace_randomized_2M
sac_her_recovery_v2,goal_spoof_midep,4,0.1,-150.0,0.0,0.4343474150549246,150,0.04196728393435478,0.9915151000022888,0.0,1.0,,4623,v2,B2,sac_her_pickandplace_randomized_2M
sac_her_recovery_v2,goal_spoof_midep,4,0.1,-137.0,0.0,0.060501574976899966,150,1.0503522157669067,1.357039213180542,1.0,1.0,108.0,4624,v2,B2,sac_her_pickandplace_randomized_2M
sac_her_recovery_v2,goal_spoof_midep,4,0.1,-150.0,0.0,0.10760373506497356,150,0.5657814741134644,1.0229954719543457,0.0,1.0,,4625,v2,B2,sac_her_pickandplace_randomized_2M
sac_her_recovery_v2,goal_spoof_midep,4,0.1,-116.0,0.0,0.07075211407335583,150,1.6764158010482788,1.5409960746765137,1.0,1.0,34.0,4626,v2,B2,sac_her_pickandplace_randomized_2M
sac_her_recovery_v2,goal_spoof_midep,4,0.1,-150.0,0.0,0.3892672676711604,150,0.12239991128444672,1.657956600189209,0.0,1.0,,4627,v2,B2,sac_her_pickandplace_randomized_2M
sac_her_recovery_v2,goal_spoof_midep,4,0.1,-146.0,0.0,0.8399198110878023,150,1.104716420173645,1.6187217235565186,1.0,1.0,17.0,4628,v2,B2,sac_her_pickandplace_randomized_2M
sac_her_recovery_v2,goal_spoof_midep,4,0.1,-108.0,0.0,0.51560600053028,150,0.8116592168807983,1.4147793054580688,1.0,1.0,19.0,4629,v2,B2,sac_her_pickandplace_randomized_2M
sac_her_recovery_v2,goal_spoof_midep,4,0.1,-94.0,0.0,0.07518858987210315,150,0.2809715270996094,1.0529834032058716,0.0,0.0,6.0,4630,v2,B2,sac_her_pickandplace_randomized_2M
sac_her_recovery_v2,goal_spoof_midep,4,0.1,-150.0,0.0,0.44133838700290884,150,0.23744933307170868,1.7093794345855713,0.0,1.0,,4631,v2,B2,sac_her_pickandplace_randomized_2M
sac_her_recovery_v2,goal_spoof_midep,4,0.1,-150.0,0.0,0.44972303031566396,150,0.05629647150635719,1.5748037099838257,0.0,1.0,,4632,v2,B2,sac_her_pickandplace_randomized_2M
sac_her_recovery_v2,goal_spoof_midep,4,0.1,-114.0,0.0,0.08129581013805214,150,0.6224479675292969,0.9674243330955505,0.0,1.0,15.0,4633,v2,B2,sac_her_pickandplace_randomized_2M
sac_her_recovery_v2,goal_spoof_midep,4,0.1,-136.0,0.0,0.11626845539024054,150,1.7494914531707764,1.3182373046875,1.0,1.0,14.0,4634,v2,B2,sac_her_pickandplace_randomized_2M
sac_her_recovery_v2,goal_spoof_midep,4,0.1,-10.0,1.0,0.046225856083094485,150,0.803432822227478,1.316267728805542,0.0,0.0,2.0,4635,v2,B2,sac_her_pickandplace_randomized_2M
sac_her_recovery_v2,goal_spoof_midep,4,0.1,-8.0,1.0,0.040776345339706185,150,0.3486367166042328,1.0955384969711304,0.0,1.0,8.0,4636,v2,B2,sac_her_pickandplace_randomized_2M
sac_her_recovery_v2,goal_spoof_midep,4,0.1,-150.0,0.0,0.4442359995615462,150,0.0719783678650856,1.189203143119812,0.0,1.0,,4637,v2,B2,sac_her_pickandplace_randomized_2M
sac_her_recovery_v2,goal_spoof_midep,4,0.1,-15.0,1.0,0.018405430979503628,150,0.7513031363487244,1.3525797128677368,0.0,1.0,12.0,4638,v2,B2,sac_her_pickandplace_randomized_2M
sac_her_recovery_v2,goal_spoof_midep,4,0.1,-150.0,0.0,0.4243770527675358,150,0.11147300899028778,1.3282849788665771,0.0,1.0,,4639,v2,B2,sac_her_pickandplace_randomized_2M
sac_her_recovery_v2,goal_spoof_midep,4,0.1,-7.0,1.0,0.03359644533025365,150,0.3004412055015564,1.0113393068313599,0.0,0.0,7.0,4640,v2,B2,sac_her_pickandplace_randomized_2M
sac_her_recovery_v2,goal_spoof_midep,4,0.1,-150.0,0.0,0.4431327053117166,150,0.04728266969323158,0.8181944489479065,0.0,1.0,,4641,v2,B2,sac_her_pickandplace_randomized_2M
sac_her_recovery_v2,goal_spoof_midep,4,0.1,-2.0,1.0,0.019073611761054196,150,1.1149054765701294,0.9437314867973328,0.0,0.0,2.0,4642,v2,B2,sac_her_pickandplace_randomized_2M
sac_her_recovery_v2,goal_spoof_midep,4,0.1,-98.0,0.0,0.07952176527299618,150,0.30107560753822327,1.2115046977996826,0.0,0.0,11.0,4643,v2,B2,sac_her_pickandplace_randomized_2M
sac_her_recovery_v2,goal_spoof_midep,4,0.1,-150.0,0.0,0.4263347277634866,150,0.047753605991601944,1.433937430381775,0.0,1.0,,4644,v2,B2,sac_her_pickandplace_randomized_2M
sac_her_recovery_v2,goal_spoof_midep,4,0.1,-150.0,0.0,0.3662215000153558,150,0.06542054563760757,1.0627521276474,0.0,1.0,,4645,v2,B2,sac_her_pickandplace_randomized_2M
sac_her_recovery_v2,goal_spoof_midep,4,0.1,-90.0,0.0,0.07663496422757134,150,1.321839451789856,1.2814133167266846,0.0,0.0,8.0,4646,v2,B2,sac_her_pickandplace_randomized_2M
sac_her_recovery_v2,goal_spoof_midep,4,0.1,-150.0,0.0,0.24147661160362346,150,0.04600981995463371,1.4073913097381592,0.0,1.0,,4647,v2,B2,sac_her_pickandplace_randomized_2M
sac_her_recovery_v2,goal_spoof_midep,4,0.1,-150.0,0.0,0.30408110760161844,150,0.09275747835636139,1.3011791706085205,0.0,1.0,,4648,v2,B2,sac_her_pickandplace_randomized_2M
sac_her_recovery_v2,goal_spoof_midep,4,0.1,-150.0,0.0,0.49841699916703047,150,0.1697840392589569,1.4762699604034424,0.0,1.0,,4649,v2,B2,sac_her_pickandplace_randomized_2M
sac_her_recovery_v3,goal_spoof_midep,4,0.1,-150.0,0.0,0.4295086272890401,150,0.07784567773342133,1.2927420139312744,0.0,1.0,,4650,v3,B3,sac_her_pickandplace_randomized_2M
sac_her_recovery_v3,goal_spoof_midep,4,0.1,-146.0,0.0,0.054496322651974835,150,0.6094686388969421,1.225193738937378,0.0,1.0,14.0,4651,v3,B3,sac_her_pickandplace_randomized_2M
sac_her_recovery_v3,goal_spoof_midep,4,0.1,-150.0,0.0,0.1237494949724682,150,0.7154419422149658,1.0171250104904175,0.0,1.0,,4652,v3,B3,sac_her_pickandplace_randomized_2M
sac_her_recovery_v3,goal_spoof_midep,4,0.1,-150.0,0.0,0.4343474150549246,150,0.05275886505842209,1.125440239906311,0.0,1.0,,4653,v3,B3,sac_her_pickandplace_randomized_2M
sac_her_recovery_v3,goal_spoof_midep,4,0.1,-19.0,1.0,0.010632978622944078,150,1.093153953552246,1.2229652404785156,1.0,1.0,19.0,4654,v3,B3,sac_her_pickandplace_randomized_2M
sac_her_recovery_v3,goal_spoof_midep,4,0.1,-150.0,0.0,0.7265203961368658,150,0.4702591896057129,1.2885674238204956,0.0,1.0,,4655,v3,B3,sac_her_pickandplace_randomized_2M
sac_her_recovery_v3,goal_spoof_midep,4,0.1,-150.0,0.0,0.2986576663914672,150,0.33367934823036194,1.3148550987243652,0.0,1.0,,4656,v3,B3,sac_her_pickandplace_randomized_2M
sac_her_recovery_v3,goal_spoof_midep,4,0.1,-150.0,0.0,0.3892672676711604,150,0.09487544745206833,1.4298725128173828,0.0,1.0,,4657,v3,B3,sac_her_pickandplace_randomized_2M
sac_her_recovery_v3,goal_spoof_midep,4,0.1,-148.0,0.0,0.061818227267805566,150,0.37525349855422974,0.9345569610595703,0.0,1.0,17.0,4658,v3,B3,sac_her_pickandplace_randomized_2M
sac_her_recovery_v3,goal_spoof_midep,4,0.1,-150.0,0.0,0.19688495035638312,150,0.5667946934700012,1.21547532081604,0.0,1.0,,4659,v3,B3,sac_her_pickandplace_randomized_2M
sac_her_recovery_v3,goal_spoof_midep,4,0.1,-6.0,1.0,0.032059217719755694,150,0.3093242645263672,1.2695573568344116,0.0,0.0,6.0,4660,v3,B3,sac_her_pickandplace_randomized_2M
sac_her_recovery_v3,goal_spoof_midep,4,0.1,-150.0,0.0,0.44133838700290884,150,0.11514228582382202,1.4331634044647217,0.0,1.0,,4661,v3,B3,sac_her_pickandplace_randomized_2M
sac_her_recovery_v3,goal_spoof_midep,4,0.1,-150.0,0.0,0.44972303031566396,150,0.054257769137620926,1.6018213033676147,0.0,1.0,,4662,v3,B3,sac_her_pickandplace_randomized_2M
sac_her_recovery_v3,goal_spoof_midep,4,0.1,-15.0,1.0,0.023936959971439693,150,0.5922659039497375,1.042683720588684,0.0,1.0,15.0,4663,v3,B3,sac_her_pickandplace_randomized_2M
sac_her_recovery_v3,goal_spoof_midep,4,0.1,-150.0,0.0,0.05396363897369196,150,1.5333651304244995,1.003398060798645,0.0,1.0,,4664,v3,B3,sac_her_pickandplace_randomized_2M
sac_her_recovery_v3,goal_spoof_midep,4,0.1,-70.0,0.0,0.056354112112856965,150,0.539524495601654,1.1457104682922363,0.0,0.0,2.0,4665,v3,B3,sac_her_pickandplace_randomized_2M
sac_her_recovery_v3,goal_spoof_midep,4,0.1,-73.0,0.0,0.06544120302047209,150,1.7904351949691772,1.2947217226028442,1.0,1.0,8.0,4666,v3,B3,sac_her_pickandplace_randomized_2M
sac_her_recovery_v3,goal_spoof_midep,4,0.1,-150.0,0.0,0.4432423500941817,150,0.0702444314956665,0.8705188035964966,0.0,1.0,,4667,v3,B3,sac_her_pickandplace_randomized_2M
sac_her_recovery_v3,goal_spoof_midep,4,0.1,-15.0,1.0,0.0170641521390792,150,0.6245613098144531,0.7934145331382751,0.0,1.0,12.0,4668,v3,B3,sac_her_pickandplace_randomized_2M
sac_her_recovery_v3,goal_spoof_midep,4,0.1,-150.0,0.0,0.4243770527675358,150,0.07559406012296677,1.1433416604995728,0.0,1.0,,4669,v3,B3,sac_her_pickandplace_randomized_2M
sac_her_recovery_v3,goal_spoof_midep,4,0.1,-91.0,0.0,0.5034966652214214,150,0.6627998948097229,1.2356579303741455,1.0,1.0,7.0,4670,v3,B3,sac_her_pickandplace_randomized_2M
sac_her_recovery_v3,goal_spoof_midep,4,0.1,-150.0,0.0,0.4431327053117166,150,0.059657540172338486,1.0112961530685425,0.0,1.0,,4671,v3,B3,sac_her_pickandplace_randomized_2M
sac_her_recovery_v3,goal_spoof_midep,4,0.1,-86.0,0.0,0.1850305336810177,150,0.33963438868522644,1.0905253887176514,1.0,1.0,2.0,4672,v3,B3,sac_her_pickandplace_randomized_2M
sac_her_recovery_v3,goal_spoof_midep,4,0.1,-100.0,0.0,0.0937904361399195,150,1.0640491247177124,1.3701975345611572,1.0,1.0,11.0,4673,v3,B3,sac_her_pickandplace_randomized_2M
sac_her_recovery_v3,goal_spoof_midep,4,0.1,-150.0,0.0,0.4263347277634866,150,0.08077369630336761,1.3694348335266113,0.0,1.0,,4674,v3,B3,sac_her_pickandplace_randomized_2M
sac_her_recovery_v3,goal_spoof_midep,4,0.1,-150.0,0.0,0.3662215000153558,150,0.06283972412347794,1.1453183889389038,0.0,1.0,,4675,v3,B3,sac_her_pickandplace_randomized_2M
sac_her_recovery_v3,goal_spoof_midep,4,0.1,-11.0,1.0,0.01869798600306173,150,0.290421724319458,1.1350975036621094,0.0,0.0,8.0,4676,v3,B3,sac_her_pickandplace_randomized_2M
sac_her_recovery_v3,goal_spoof_midep,4,0.1,-150.0,0.0,0.24147661160362346,150,0.04099857807159424,1.3901668787002563,0.0,1.0,,4677,v3,B3,sac_her_pickandplace_randomized_2M
sac_her_recovery_v3,goal_spoof_midep,4,0.1,-150.0,0.0,0.30408110760161844,150,0.10629069805145264,1.126726508140564,0.0,1.0,,4678,v3,B3,sac_her_pickandplace_randomized_2M
sac_her_recovery_v3,goal_spoof_midep,4,0.1,-150.0,0.0,0.49841699916703047,150,0.09689904749393463,1.3504658937454224,0.0,1.0,,4679,v3,B3,sac_her_pickandplace_randomized_2M
sac_her,object_pose_spoof,4,0.1,-150.0,0.0,0.4295086272890401,150,0.08284147083759308,1.098037838935852,0.0,0.0,,4680,none,B1,sac_her_pickandplace_randomized_2M
sac_her,object_pose_spoof,4,0.1,-150.0,0.0,0.16037250056326494,150,2.383413314819336,1.551990270614624,1.0,0.0,,4681,none,B1,sac_her_pickandplace_randomized_2M
sac_her,object_pose_spoof,4,0.1,-150.0,0.0,0.13236688190507823,150,0.17694422602653503,1.093104600906372,0.0,0.0,,4682,none,B1,sac_her_pickandplace_randomized_2M
sac_her,object_pose_spoof,4,0.1,-150.0,0.0,0.4343474150549246,150,0.02024305984377861,1.0963177680969238,0.0,0.0,,4683,none,B1,sac_her_pickandplace_randomized_2M
sac_her,object_pose_spoof,4,0.1,-150.0,0.0,0.08888874738874786,150,0.642363429069519,0.9032348394393921,0.0,0.0,,4684,none,B1,sac_her_pickandplace_randomized_2M
sac_her,object_pose_spoof,4,0.1,-150.0,0.0,0.22616823953285825,150,0.4952925145626068,0.48158618807792664,0.0,0.0,,4685,none,B1,sac_her_pickandplace_randomized_2M
sac_her,object_pose_spoof,4,0.1,-150.0,0.0,0.09438193408074794,150,0.14108163118362427,1.0283801555633545,0.0,0.0,,4686,none,B1,sac_her_pickandplace_randomized_2M
sac_her,object_pose_spoof,4,0.1,-150.0,0.0,0.3892672676711604,150,0.04189643636345863,1.5008125305175781,0.0,0.0,,4687,none,B1,sac_her_pickandplace_randomized_2M
sac_her,object_pose_spoof,4,0.1,-150.0,0.0,0.08189078027230508,150,0.5514793992042542,1.2855193614959717,0.0,0.0,,4688,none,B1,sac_her_pickandplace_randomized_2M
sac_her,object_pose_spoof,4,0.1,-150.0,0.0,0.128717735476661,150,1.946460247039795,1.0848406553268433,0.0,0.0,,4689,none,B1,sac_her_pickandplace_randomized_2M
sac_her,object_pose_spoof,4,0.1,-124.0,0.0,0.49072581252189434,150,1.2216154336929321,1.6426845788955688,1.0,0.0,6.0,4690,none,B1,sac_her_pickandplace_randomized_2M
sac_her,object_pose_spoof,4,0.1,-150.0,0.0,0.44133838700290884,150,0.009753396734595299,1.6075485944747925,0.0,0.0,,4691,none,B1,sac_her_pickandplace_randomized_2M
sac_her,object_pose_spoof,4,0.1,-150.0,0.0,0.44972303031566396,150,0.018699930980801582,1.5808745622634888,0.0,0.0,,4692,none,B1,sac_her_pickandplace_randomized_2M
sac_her,object_pose_spoof,4,0.1,-29.0,1.0,0.04220023993106736,150,0.6937275528907776,1.2538539171218872,0.0,0.0,21.0,4693,none,B1,sac_her_pickandplace_randomized_2M
sac_her,object_pose_spoof,4,0.1,-150.0,0.0,0.1657303727466061,150,1.5140970945358276,1.045817255973816,1.0,0.0,,4694,none,B1,sac_her_pickandplace_randomized_2M
sac_her,object_pose_spoof,4,0.1,-149.0,0.0,0.10950241734119905,150,1.9121507406234741,1.192189335823059,1.0,0.0,5.0,4695,none,B1,sac_her_pickandplace_randomized_2M
sac_her,object_pose_spoof,4,0.1,-149.0,0.0,0.07210281581997048,150,0.8795749545097351,0.7481242418289185,1.0,0.0,36.0,4696,none,B1,sac_her_pickandplace_randomized_2M
sac_her,object_pose_spoof,4,0.1,-150.0,0.0,0.4442359995615462,150,0.037444014102220535,1.0741151571273804,0.0,0.0,,4697,none,B1,sac_her_pickandplace_randomized_2M
sac_her,object_pose_spoof,4,0.1,-20.0,1.0,0.035802105745462484,150,0.25843796133995056,1.0638781785964966,0.0,0.0,20.0,4698,none,B1,sac_her_pickandplace_randomized_2M
sac_her,object_pose_spoof,4,0.1,-150.0,0.0,0.4243770527675358,150,0.02844071201980114,1.110284686088562,0.0,0.0,,4699,none,B1,sac_her_pickandplace_randomized_2M
sac_her,object_pose_spoof,4,0.1,-11.0,1.0,0.02828655075104788,150,0.7079592943191528,0.7747688889503479,0.0,0.0,11.0,4700,none,B1,sac_her_pickandplace_randomized_2M
sac_her,object_pose_spoof,4,0.1,-150.0,0.0,0.4431327053117166,150,0.08401396125555038,1.3266743421554565,0.0,0.0,,4701,none,B1,sac_her_pickandplace_randomized_2M
sac_her,object_pose_spoof,4,0.1,-50.0,1.0,0.034826654069211066,150,1.6710394620895386,1.4074668884277344,0.0,0.0,12.0,4702,none,B1,sac_her_pickandplace_randomized_2M
sac_her,object_pose_spoof,4,0.1,-150.0,0.0,0.10021474144399452,150,0.41226014494895935,1.1719553470611572,0.0,0.0,,4703,none,B1,sac_her_pickandplace_randomized_2M
sac_her,object_pose_spoof,4,0.1,-150.0,0.0,0.4263347277634866,150,0.02008020505309105,1.318405270576477,0.0,0.0,,4704,none,B1,sac_her_pickandplace_randomized_2M
sac_her,object_pose_spoof,4,0.1,-150.0,0.0,0.3662215000153558,150,0.037001289427280426,1.2837671041488647,0.0,0.0,,4705,none,B1,sac_her_pickandplace_randomized_2M
sac_her,object_pose_spoof,4,0.1,-146.0,0.0,0.08738739740969158,150,0.20440544188022614,1.2535477876663208,0.0,0.0,7.0,4706,none,B1,sac_her_pickandplace_randomized_2M
sac_her,object_pose_spoof,4,0.1,-150.0,0.0,0.24147661160362346,150,0.030546246096491814,1.2627490758895874,0.0,0.0,,4707,none,B1,sac_her_pickandplace_randomized_2M
sac_her,object_pose_spoof,4,0.1,-150.0,0.0,0.30408110760161844,150,0.03468725085258484,1.187954306602478,0.0,0.0,,4708,none,B1,sac_her_pickandplace_randomized_2M
sac_her,object_pose_spoof,4,0.1,-150.0,0.0,0.49841699916703047,150,0.02711528167128563,1.4086500406265259,0.0,0.0,,4709,none,B1,sac_her_pickandplace_randomized_2M
sac_her_recovery_v2,object_pose_spoof,4,0.1,-150.0,0.0,0.4295086272890401,150,0.07021073997020721,1.2112935781478882,0.0,1.0,,4710,v2,B2,sac_her_pickandplace_randomized_2M
sac_her_recovery_v2,object_pose_spoof,4,0.1,-150.0,0.0,0.11359176915672503,150,0.2690330445766449,0.9966633319854736,0.0,1.0,,4711,v2,B2,sac_her_pickandplace_randomized_2M
sac_her_recovery_v2,object_pose_spoof,4,0.1,-150.0,0.0,0.1805411928599704,150,0.07968796789646149,1.115396499633789,0.0,1.0,,4712,v2,B2,sac_her_pickandplace_randomized_2M
sac_her_recovery_v2,object_pose_spoof,4,0.1,-150.0,0.0,0.4343474150549246,150,0.036745939403772354,1.3134284019470215,0.0,1.0,,4713,v2,B2,sac_her_pickandplace_randomized_2M
sac_her_recovery_v2,object_pose_spoof,4,0.1,-139.0,0.0,0.05019128296576725,150,0.2465687245130539,1.6632133722305298,0.0,1.0,9.0,4714,v2,B2,sac_her_pickandplace_randomized_2M
sac_her_recovery_v2,object_pose_spoof,4,0.1,-150.0,0.0,0.1396720783741043,150,2.290205717086792,1.739141821861267,0.0,0.0,,4715,v2,B2,sac_her_pickandplace_randomized_2M
sac_her_recovery_v2,object_pose_spoof,4,0.1,-144.0,0.0,0.07429809132019442,150,0.48959729075431824,0.8968287110328674,0.0,1.0,20.0,4716,v2,B2,sac_her_pickandplace_randomized_2M
sac_her_recovery_v2,object_pose_spoof,4,0.1,-150.0,0.0,0.3892672676711604,150,0.24761877954006195,1.5434391498565674,0.0,1.0,,4717,v2,B2,sac_her_pickandplace_randomized_2M
sac_her_recovery_v2,object_pose_spoof,4,0.1,-150.0,0.0,0.11097205585965847,150,0.18291443586349487,1.2216017246246338,0.0,1.0,,4718,v2,B2,sac_her_pickandplace_randomized_2M
sac_her_recovery_v2,object_pose_spoof,4,0.1,-106.0,0.0,0.05854995247535403,150,1.3211253881454468,1.4469443559646606,1.0,1.0,18.0,4719,v2,B2,sac_her_pickandplace_randomized_2M
sac_her_recovery_v2,object_pose_spoof,4,0.1,-150.0,0.0,0.17358201088149372,150,0.16735459864139557,0.624047577381134,0.0,1.0,,4720,v2,B2,sac_her_pickandplace_randomized_2M
sac_her_recovery_v2,object_pose_spoof,4,0.1,-150.0,0.0,0.44133838700290884,150,0.036475006490945816,1.5716863870620728,0.0,1.0,,4721,v2,B2,sac_her_pickandplace_randomized_2M
sac_her_recovery_v2,object_pose_spoof,4,0.1,-150.0,0.0,0.44972303031566396,150,0.05612235143780708,1.5507575273513794,0.0,1.0,,4722,v2,B2,sac_her_pickandplace_randomized_2M
sac_her_recovery_v2,object_pose_spoof,4,0.1,-150.0,0.0,0.122400123784964,150,0.04502248764038086,1.0372740030288696,0.0,1.0,,4723,v2,B2,sac_her_pickandplace_randomized_2M
sac_her_recovery_v2,object_pose_spoof,4,0.1,-150.0,0.0,0.17037346368570566,150,0.057090725749731064,1.587831735610962,0.0,1.0,,4724,v2,B2,sac_her_pickandplace_randomized_2M
sac_her_recovery_v2,object_pose_spoof,4,0.1,-150.0,0.0,0.05725260634465486,150,0.12173405289649963,0.527519166469574,0.0,1.0,,4725,v2,B2,sac_her_pickandplace_randomized_2M
sac_her_recovery_v2,object_pose_spoof,4,0.1,-150.0,0.0,0.10827692333160147,150,0.18696711957454681,0.609001874923706,0.0,1.0,,4726,v2,B2,sac_her_pickandplace_randomized_2M
sac_her_recovery_v2,object_pose_spoof,4,0.1,-150.0,0.0,0.4442359995615462,150,0.03976575285196304,1.0308682918548584,0.0,1.0,,4727,v2,B2,sac_her_pickandplace_randomized_2M
sac_her_recovery_v2,object_pose_spoof,4,0.1,-150.0,0.0,0.06776204724474026,150,0.9506522417068481,1.2182317972183228,1.0,1.0,,4728,v2,B2,sac_her_pickandplace_randomized_2M
sac_her_recovery_v2,object_pose_spoof,4,0.1,-150.0,0.0,0.4243770527675358,150,0.06369553506374359,1.0584107637405396,0.0,1.0,,4729,v2,B2,sac_her_pickandplace_randomized_2M
sac_her_recovery_v2,object_pose_spoof,4,0.1,-150.0,0.0,0.43879204174527225,150,0.1740649789571762,1.5231415033340454,0.0,1.0,,4730,v2,B2,sac_her_pickandplace_randomized_2M
sac_her_recovery_v2,object_pose_spoof,4,0.1,-150.0,0.0,0.4431327053117166,150,0.038329120725393295,0.8340912461280823,0.0,1.0,,4731,v2,B2,sac_her_pickandplace_randomized_2M
sac_her_recovery_v2,object_pose_spoof,4,0.1,-150.0,0.0,0.655544176086684,150,0.4302387535572052,1.7189542055130005,1.0,1.0,,4732,v2,B2,sac_her_pickandplace_randomized_2M
sac_her_recovery_v2,object_pose_spoof,4,0.1,-150.0,0.0,0.20303932369779934,150,0.15913237631320953,1.4217486381530762,0.0,1.0,,4733,v2,B2,sac_her_pickandplace_randomized_2M
sac_her_recovery_v2,object_pose_spoof,4,0.1,-150.0,0.0,0.4263347277634866,150,0.040564391762018204,1.2293587923049927,0.0,1.0,,4734,v2,B2,sac_her_pickandplace_randomized_2M
sac_her_recovery_v2,object_pose_spoof,4,0.1,-150.0,0.0,0.3662215000153558,150,0.06265754997730255,1.2178552150726318,0.0,1.0,,4735,v2,B2,sac_her_pickandplace_randomized_2M
sac_her_recovery_v2,object_pose_spoof,4,0.1,-8.0,1.0,0.0471307434423282,150,1.3334864377975464,0.8434299230575562,1.0,0.0,8.0,4736,v2,B2,sac_her_pickandplace_randomized_2M
sac_her_recovery_v2,object_pose_spoof,4,0.1,-150.0,0.0,0.24147661160362346,150,0.04156588390469551,1.5667071342468262,0.0,1.0,,4737,v2,B2,sac_her_pickandplace_randomized_2M
sac_her_recovery_v2,object_pose_spoof,4,0.1,-150.0,0.0,0.30408110760161844,150,0.06515579670667648,1.3427155017852783,0.0,1.0,,4738,v2,B2,sac_her_pickandplace_randomized_2M
sac_her_recovery_v2,object_pose_spoof,4,0.1,-150.0,0.0,0.49841699916703047,150,0.044746898114681244,0.7778306603431702,0.0,1.0,,4739,v2,B2,sac_her_pickandplace_randomized_2M
sac_her_recovery_v3,object_pose_spoof,4,0.1,-150.0,0.0,0.4295086272890401,150,0.11975525319576263,1.254584550857544,0.0,1.0,,4740,v3,B3,sac_her_pickandplace_randomized_2M
sac_her_recovery_v3,object_pose_spoof,4,0.1,-150.0,0.0,0.05771310245062106,150,0.6619445085525513,1.2766793966293335,0.0,1.0,,4741,v3,B3,sac_her_pickandplace_randomized_2M
sac_her_recovery_v3,object_pose_spoof,4,0.1,-147.0,0.0,0.09877348332145208,150,1.817276120185852,1.3296276330947876,1.0,1.0,50.0,4742,v3,B3,sac_her_pickandplace_randomized_2M
sac_her_recovery_v3,object_pose_spoof,4,0.1,-150.0,0.0,0.4343474150549246,150,0.043453242629766464,0.6225881576538086,0.0,1.0,,4743,v3,B3,sac_her_pickandplace_randomized_2M
sac_her_recovery_v3,object_pose_spoof,4,0.1,-49.0,1.0,0.04641074966148898,150,0.710844874382019,1.2396360635757446,0.0,1.0,14.0,4744,v3,B3,sac_her_pickandplace_randomized_2M
sac_her_recovery_v3,object_pose_spoof,4,0.1,-150.0,0.0,0.22616823953285825,150,0.06004922464489937,1.4083542823791504,0.0,1.0,,4745,v3,B3,sac_her_pickandplace_randomized_2M
sac_her_recovery_v3,object_pose_spoof,4,0.1,-21.0,1.0,0.04430145152248334,150,0.34392884373664856,1.3331184387207031,0.0,1.0,19.0,4746,v3,B3,sac_her_pickandplace_randomized_2M
sac_her_recovery_v3,object_pose_spoof,4,0.1,-150.0,0.0,0.3892672676711604,150,0.059594351798295975,1.6266933679580688,0.0,1.0,,4747,v3,B3,sac_her_pickandplace_randomized_2M
sac_her_recovery_v3,object_pose_spoof,4,0.1,-142.0,0.0,0.052676667806946915,150,0.16336233913898468,1.0263574123382568,0.0,0.0,10.0,4748,v3,B3,sac_her_pickandplace_randomized_2M
sac_her_recovery_v3,object_pose_spoof,4,0.1,-150.0,0.0,0.14334346770850384,150,1.8240067958831787,1.3822076320648193,0.0,0.0,,4749,v3,B3,sac_her_pickandplace_randomized_2M
sac_her_recovery_v3,object_pose_spoof,4,0.1,-150.0,0.0,0.2322689809189341,150,0.4485989809036255,1.2649179697036743,1.0,1.0,,4750,v3,B3,sac_her_pickandplace_randomized_2M
sac_her_recovery_v3,object_pose_spoof,4,0.1,-150.0,0.0,0.44133838700290884,150,0.14594215154647827,1.6367440223693848,0.0,1.0,,4751,v3,B3,sac_her_pickandplace_randomized_2M
sac_her_recovery_v3,object_pose_spoof,4,0.1,-150.0,0.0,0.44972303031566396,150,0.040352124720811844,1.72765052318573,0.0,1.0,,4752,v3,B3,sac_her_pickandplace_randomized_2M
sac_her_recovery_v3,object_pose_spoof,4,0.1,-150.0,0.0,0.09322586855223558,150,0.10845300555229187,1.2912728786468506,0.0,1.0,,4753,v3,B3,sac_her_pickandplace_randomized_2M
sac_her_recovery_v3,object_pose_spoof,4,0.1,-150.0,0.0,0.6603585312218111,150,0.12234238535165787,1.2385377883911133,0.0,1.0,,4754,v3,B3,sac_her_pickandplace_randomized_2M
sac_her_recovery_v3,object_pose_spoof,4,0.1,-4.0,1.0,0.04764826982462804,150,0.19308431446552277,1.339003086090088,0.0,1.0,4.0,4755,v3,B3,sac_her_pickandplace_randomized_2M
sac_her_recovery_v3,object_pose_spoof,4,0.1,-133.0,0.0,0.13482562499513356,150,1.8076653480529785,1.279260277748108,1.0,1.0,6.0,4756,v3,B3,sac_her_pickandplace_randomized_2M
sac_her_recovery_v3,object_pose_spoof,4,0.1,-150.0,0.0,0.4442359995615462,150,0.062210895121097565,0.9743772149085999,0.0,1.0,,4757,v3,B3,sac_her_pickandplace_randomized_2M
sac_her_recovery_v3,object_pose_spoof,4,0.1,-120.0,0.0,0.07465393742351506,150,0.8537195324897766,0.9576212763786316,1.0,1.0,16.0,4758,v3,B3,sac_her_pickandplace_randomized_2M
sac_her_recovery_v3,object_pose_spoof,4,0.1,-150.0,0.0,0.4243770527675358,150,0.08116839081048965,1.214820146560669,0.0,1.0,,4759,v3,B3,sac_her_pickandplace_randomized_2M
sac_her_recovery_v3,object_pose_spoof,4,0.1,-150.0,0.0,0.06687963278404302,150,0.2048434317111969,0.6853834986686707,1.0,0.0,,4760,v3,B3,sac_her_pickandplace_randomized_2M
sac_her_recovery_v3,object_pose_spoof,4,0.1,-150.0,0.0,0.4431327053117166,150,0.03369809314608574,1.4712014198303223,0.0,1.0,,4761,v3,B3,sac_her_pickandplace_randomized_2M
sac_her_recovery_v3,object_pose_spoof,4,0.1,-137.0,0.0,0.13737835949463917,150,0.40495821833610535,0.9511948823928833,0.0,1.0,9.0,4762,v3,B3,sac_her_pickandplace_randomized_2M
sac_her_recovery_v3,object_pose_spoof,4,0.1,-150.0,0.0,0.052014362684406436,150,0.8277267217636108,1.2251741886138916,1.0,1.0,,4763,v3,B3,sac_her_pickandplace_randomized_2M
sac_her_recovery_v3,object_pose_spoof,4,0.1,-150.0,0.0,0.4263347277634866,150,0.1346036046743393,1.5001068115234375,0.0,1.0,,4764,v3,B3,sac_her_pickandplace_randomized_2M
sac_her_recovery_v3,object_pose_spoof,4,0.1,-150.0,0.0,0.3662215000153558,150,0.06375370919704437,1.1907727718353271,0.0,1.0,,4765,v3,B3,sac_her_pickandplace_randomized_2M
sac_her_recovery_v3,object_pose_spoof,4,0.1,-150.0,0.0,0.24437966537137912,150,0.18135085701942444,0.9220758080482483,0.0,1.0,,4766,v3,B3,sac_her_pickandplace_randomized_2M
sac_her_recovery_v3,object_pose_spoof,4,0.1,-150.0,0.0,0.24147661160362346,150,0.04824928566813469,1.1767221689224243,0.0,1.0,,4767,v3,B3,sac_her_pickandplace_randomized_2M
sac_her_recovery_v3,object_pose_spoof,4,0.1,-150.0,0.0,0.30408110760161844,150,0.11464883387088776,0.6044800877571106,1.0,1.0,,4768,v3,B3,sac_her_pickandplace_randomized_2M
sac_her_recovery_v3,object_pose_spoof,4,0.1,-150.0,0.0,0.49841699916703047,150,0.07017173618078232,1.5108363628387451,1.0,1.0,,4769,v3,B3,sac_her_pickandplace_randomized_2M
sac_her,grip_state_falsification,4,0.0,-150.0,0.0,0.4295086272890401,150,0.0220489539206028,1.1896649599075317,0.0,0.0,,4770,none,B1,sac_her_pickandplace_randomized_2M
sac_her,grip_state_falsification,4,0.0,-16.0,1.0,0.02530541560461294,150,0.21685002744197845,0.5213936567306519,0.0,0.0,16.0,4771,none,B1,sac_her_pickandplace_randomized_2M
sac_her,grip_state_falsification,4,0.0,-150.0,0.0,0.1805411928599704,150,0.659959077835083,1.020438551902771,0.0,0.0,,4772,none,B1,sac_her_pickandplace_randomized_2M
sac_her,grip_state_falsification,4,0.0,-150.0,0.0,0.4343474150549246,150,0.021440725773572922,0.9147947430610657,0.0,0.0,,4773,none,B1,sac_her_pickandplace_randomized_2M
sac_her,grip_state_falsification,4,0.0,-149.0,0.0,0.4928526865898722,150,0.24154071509838104,1.1816902160644531,0.0,0.0,6.0,4774,none,B1,sac_her_pickandplace_randomized_2M
sac_her,grip_state_falsification,4,0.0,-150.0,0.0,0.22616823953285825,150,0.04361197352409363,1.5587841272354126,0.0,0.0,,4775,none,B1,sac_her_pickandplace_randomized_2M
sac_her,grip_state_falsification,4,0.0,-150.0,0.0,0.053333419162690326,150,1.5473896265029907,1.4174546003341675,0.0,0.0,,4776,none,B1,sac_her_pickandplace_randomized_2M
sac_her,grip_state_falsification,4,0.0,-150.0,0.0,0.3892672676711604,150,0.032749298959970474,1.624557375907898,0.0,0.0,,4777,none,B1,sac_her_pickandplace_randomized_2M
sac_her,grip_state_falsification,4,0.0,-149.0,0.0,0.8609991626016836,150,0.18880251049995422,1.807408094406128,0.0,0.0,10.0,4778,none,B1,sac_her_pickandplace_randomized_2M
sac_her,grip_state_falsification,4,0.0,-150.0,0.0,0.2509328493314462,150,1.8777605295181274,1.3500088453292847,0.0,0.0,,4779,none,B1,sac_her_pickandplace_randomized_2M
sac_her,grip_state_falsification,4,0.0,-13.0,1.0,0.0030590372498786036,150,0.19322997331619263,0.7985593676567078,0.0,0.0,13.0,4780,none,B1,sac_her_pickandplace_randomized_2M
sac_her,grip_state_falsification,4,0.0,-150.0,0.0,0.44133838700290884,150,0.014438267797231674,1.6636029481887817,0.0,0.0,,4781,none,B1,sac_her_pickandplace_randomized_2M
sac_her,grip_state_falsification,4,0.0,-150.0,0.0,0.44972303031566396,150,0.02248580940067768,1.5800243616104126,0.0,0.0,,4782,none,B1,sac_her_pickandplace_randomized_2M
sac_her,grip_state_falsification,4,0.0,-26.0,1.0,0.02239550870874683,150,0.3696037530899048,1.0687514543533325,0.0,0.0,6.0,4783,none,B1,sac_her_pickandplace_randomized_2M
sac_her,grip_state_falsification,4,0.0,-150.0,0.0,0.8600732240749375,150,0.217095747590065,1.6958039999008179,1.0,0.0,,4784,none,B1,sac_her_pickandplace_randomized_2M
sac_her,grip_state_falsification,4,0.0,-3.0,1.0,0.02431779495542787,150,0.23094908893108368,0.5720487236976624,0.0,0.0,3.0,4785,none,B1,sac_her_pickandplace_randomized_2M
sac_her,grip_state_falsification,4,0.0,-16.0,1.0,0.03239594887522079,150,0.4418834149837494,0.9492387771606445,0.0,0.0,10.0,4786,none,B1,sac_her_pickandplace_randomized_2M
sac_her,grip_state_falsification,4,0.0,-150.0,0.0,0.4442359995615462,150,0.0387575589120388,0.956787109375,0.0,0.0,,4787,none,B1,sac_her_pickandplace_randomized_2M
sac_her,grip_state_falsification,4,0.0,-32.0,1.0,0.026919903292975868,150,0.7614836096763611,0.61788010597229,1.0,0.0,19.0,4788,none,B1,sac_her_pickandplace_randomized_2M
sac_her,grip_state_falsification,4,0.0,-150.0,0.0,0.4243770527675358,150,0.03604280203580856,1.2853904962539673,0.0,0.0,,4789,none,B1,sac_her_pickandplace_randomized_2M
sac_her,grip_state_falsification,4,0.0,-150.0,0.0,0.5337619907346876,150,0.1777559071779251,1.7014373540878296,0.0,0.0,,4790,none,B1,sac_her_pickandplace_randomized_2M
sac_her,grip_state_falsification,4,0.0,-150.0,0.0,0.4431327053117166,150,0.01851803809404373,0.7608380317687988,0.0,0.0,,4791,none,B1,sac_her_pickandplace_randomized_2M
sac_her,grip_state_falsification,4,0.0,-8.0,1.0,0.03864072495724662,150,1.4602444171905518,0.9664299488067627,0.0,0.0,8.0,4792,none,B1,sac_her_pickandplace_randomized_2M
sac_her,grip_state_falsification,4,0.0,-11.0,1.0,0.02647753809829712,150,0.23513980209827423,0.418548047542572,0.0,0.0,11.0,4793,none,B1,sac_her_pickandplace_randomized_2M
sac_her,grip_state_falsification,4,0.0,-150.0,0.0,0.4263347277634866,150,0.030052777379751205,0.9013316631317139,0.0,0.0,,4794,none,B1,sac_her_pickandplace_randomized_2M
sac_her,grip_state_falsification,4,0.0,-150.0,0.0,0.3662215000153558,150,0.02280093915760517,0.9262939691543579,0.0,0.0,,4795,none,B1,sac_her_pickandplace_randomized_2M
sac_her,grip_state_falsification,4,0.0,-6.0,1.0,0.028209003004888378,150,0.07169099897146225,1.1660133600234985,0.0,0.0,6.0,4796,none,B1,sac_her_pickandplace_randomized_2M
sac_her,grip_state_falsification,4,0.0,-150.0,0.0,0.24147661160362346,150,0.023210354149341583,1.441032886505127,0.0,0.0,,4797,none,B1,sac_her_pickandplace_randomized_2M
sac_her,grip_state_falsification,4,0.0,-150.0,0.0,0.30408110760161844,150,0.03388451412320137,1.2789363861083984,0.0,0.0,,4798,none,B1,sac_her_pickandplace_randomized_2M
sac_her,grip_state_falsification,4,0.0,-150.0,0.0,0.49841699916703047,150,0.03034021146595478,1.458161473274231,0.0,0.0,,4799,none,B1,sac_her_pickandplace_randomized_2M
sac_her_recovery_v2,grip_state_falsification,4,0.0,-150.0,0.0,0.4295086272890401,150,0.05480065941810608,1.2202467918395996,0.0,1.0,,4800,v2,B2,sac_her_pickandplace_randomized_2M
sac_her_recovery_v2,grip_state_falsification,4,0.0,-21.0,1.0,0.018885232913019516,150,0.30434608459472656,0.495359867811203,0.0,1.0,21.0,4801,v2,B2,sac_her_pickandplace_randomized_2M
sac_her_recovery_v2,grip_state_falsification,4,0.0,-150.0,0.0,0.1805411928599704,150,0.6724197864532471,1.02629554271698,0.0,1.0,,4802,v2,B2,sac_her_pickandplace_randomized_2M
sac_her_recovery_v2,grip_state_falsification,4,0.0,-150.0,0.0,0.4343474150549246,150,0.04457900673151016,0.9279643893241882,0.0,1.0,,4803,v2,B2,sac_her_pickandplace_randomized_2M
sac_her_recovery_v2,grip_state_falsification,4,0.0,-149.0,0.0,0.5065817919784262,150,0.13402330875396729,1.2462396621704102,0.0,1.0,6.0,4804,v2,B2,sac_her_pickandplace_randomized_2M
sac_her_recovery_v2,grip_state_falsification,4,0.0,-150.0,0.0,0.22616823953285825,150,0.07068139314651489,1.5321481227874756,0.0,1.0,,4805,v2,B2,sac_her_pickandplace_randomized_2M
sac_her_recovery_v2,grip_state_falsification,4,0.0,-59.0,1.0,0.03169098945776524,150,0.5651060938835144,1.4427673816680908,0.0,1.0,59.0,4806,v2,B2,sac_her_pickandplace_randomized_2M
sac_her_recovery_v2,grip_state_falsification,4,0.0,-150.0,0.0,0.3892672676711604,150,0.0579652264714241,1.6227964162826538,0.0,1.0,,4807,v2,B2,sac_her_pickandplace_randomized_2M
sac_her_recovery_v2,grip_state_falsification,4,0.0,-149.0,0.0,0.8609991626016836,150,0.8251510858535767,1.7036149501800537,1.0,1.0,10.0,4808,v2,B2,sac_her_pickandplace_randomized_2M
sac_her_recovery_v2,grip_state_falsification,4,0.0,-18.0,1.0,0.026010274844951217,150,1.6231058835983276,1.0071264505386353,0.0,1.0,18.0,4809,v2,B2,sac_her_pickandplace_randomized_2M
sac_her_recovery_v2,grip_state_falsification,4,0.0,-15.0,1.0,0.002222853690174449,150,0.20994913578033447,1.0416892766952515,0.0,1.0,15.0,4810,v2,B2,sac_her_pickandplace_randomized_2M
sac_her_recovery_v2,grip_state_falsification,4,0.0,-150.0,0.0,0.44133838700290884,150,0.07971997559070587,1.6578668355941772,0.0,1.0,,4811,v2,B2,sac_her_pickandplace_randomized_2M
sac_her_recovery_v2,grip_state_falsification,4,0.0,-150.0,0.0,0.44972303031566396,150,0.0523698553442955,1.5832946300506592,0.0,1.0,,4812,v2,B2,sac_her_pickandplace_randomized_2M
sac_her_recovery_v2,grip_state_falsification,4,0.0,-147.0,0.0,0.1821150154265543,150,0.19884662330150604,1.220569372177124,0.0,1.0,6.0,4813,v2,B2,sac_her_pickandplace_randomized_2M
sac_her_recovery_v2,grip_state_falsification,4,0.0,-150.0,0.0,0.06010890440766085,150,2.6484062671661377,1.5466797351837158,1.0,1.0,,4814,v2,B2,sac_her_pickandplace_randomized_2M
sac_her_recovery_v2,grip_state_falsification,4,0.0,-8.0,1.0,0.03705419983959991,150,1.0216424465179443,0.7609437704086304,0.0,1.0,3.0,4815,v2,B2,sac_her_pickandplace_randomized_2M
sac_her_recovery_v2,grip_state_falsification,4,0.0,-11.0,1.0,0.015210438865761098,150,0.1521439254283905,0.40809786319732666,0.0,1.0,11.0,4816,v2,B2,sac_her_pickandplace_randomized_2M
sac_her_recovery_v2,grip_state_falsification,4,0.0,-150.0,0.0,0.4442359995615462,150,0.05753856897354126,0.9634749293327332,0.0,1.0,,4817,v2,B2,sac_her_pickandplace_randomized_2M
sac_her_recovery_v2,grip_state_falsification,4,0.0,-54.0,1.0,0.03278970492992566,150,1.0644532442092896,1.4004623889923096,1.0,1.0,36.0,4818,v2,B2,sac_her_pickandplace_randomized_2M
sac_her_recovery_v2,grip_state_falsification,4,0.0,-150.0,0.0,0.4243770527675358,150,0.0724884420633316,1.2983430624008179,0.0,1.0,,4819,v2,B2,sac_her_pickandplace_randomized_2M
sac_her_recovery_v2,grip_state_falsification,4,0.0,-150.0,0.0,0.5337619907346876,150,0.1854989230632782,1.679688572883606,0.0,1.0,,4820,v2,B2,sac_her_pickandplace_randomized_2M
sac_her_recovery_v2,grip_state_falsification,4,0.0,-150.0,0.0,0.4431327053117166,150,0.03840034082531929,0.7712785005569458,0.0,1.0,,4821,v2,B2,sac_her_pickandplace_randomized_2M
sac_her_recovery_v2,grip_state_falsification,4,0.0,-8.0,1.0,0.03864072495724662,150,1.4602444171905518,0.9664299488067627,0.0,0.0,8.0,4822,v2,B2,sac_her_pickandplace_randomized_2M
sac_her_recovery_v2,grip_state_falsification,4,0.0,-12.0,1.0,0.022156691680624518,150,0.17371045053005219,0.6806876063346863,0.0,1.0,12.0,4823,v2,B2,sac_her_pickandplace_randomized_2M
sac_her_recovery_v2,grip_state_falsification,4,0.0,-150.0,0.0,0.4263347277634866,150,0.054453957825899124,0.893156111240387,0.0,1.0,,4824,v2,B2,sac_her_pickandplace_randomized_2M
sac_her_recovery_v2,grip_state_falsification,4,0.0,-150.0,0.0,0.3662215000153558,150,0.04354943335056305,0.9409352540969849,0.0,1.0,,4825,v2,B2,sac_her_pickandplace_randomized_2M
sac_her_recovery_v2,grip_state_falsification,4,0.0,-6.0,1.0,0.028209003004888378,150,0.07169099897146225,1.1660133600234985,0.0,0.0,6.0,4826,v2,B2,sac_her_pickandplace_randomized_2M
sac_her_recovery_v2,grip_state_falsification,4,0.0,-150.0,0.0,0.24147661160362346,150,0.03740791976451874,1.4391770362854004,0.0,1.0,,4827,v2,B2,sac_her_pickandplace_randomized_2M
sac_her_recovery_v2,grip_state_falsification,4,0.0,-150.0,0.0,0.30408110760161844,150,0.05312149599194527,1.1288012266159058,0.0,1.0,,4828,v2,B2,sac_her_pickandplace_randomized_2M
sac_her_recovery_v2,grip_state_falsification,4,0.0,-150.0,0.0,0.49841699916703047,150,0.060195136815309525,1.4531992673873901,0.0,1.0,,4829,v2,B2,sac_her_pickandplace_randomized_2M
sac_her_recovery_v3,grip_state_falsification,4,0.0,-150.0,0.0,0.4295086272890401,150,0.060245808213949203,1.2639284133911133,0.0,1.0,,4830,v3,B3,sac_her_pickandplace_randomized_2M
sac_her_recovery_v3,grip_state_falsification,4,0.0,-150.0,0.0,0.49028587513008337,150,0.36522176861763,1.5570968389511108,0.0,1.0,,4831,v3,B3,sac_her_pickandplace_randomized_2M
sac_her_recovery_v3,grip_state_falsification,4,0.0,-150.0,0.0,0.1805411928599704,150,0.6642538905143738,1.027951717376709,0.0,1.0,,4832,v3,B3,sac_her_pickandplace_randomized_2M
sac_her_recovery_v3,grip_state_falsification,4,0.0,-150.0,0.0,0.4343474150549246,150,0.04918036237359047,1.0450894832611084,0.0,1.0,,4833,v3,B3,sac_her_pickandplace_randomized_2M
sac_her_recovery_v3,grip_state_falsification,4,0.0,-149.0,0.0,0.5065817919784262,150,0.13505366444587708,1.2309553623199463,0.0,1.0,6.0,4834,v3,B3,sac_her_pickandplace_randomized_2M
sac_her_recovery_v3,grip_state_falsification,4,0.0,-150.0,0.0,0.22616823953285825,150,0.08658597618341446,1.522608995437622,0.0,1.0,,4835,v3,B3,sac_her_pickandplace_randomized_2M
sac_her_recovery_v3,grip_state_falsification,4,0.0,-150.0,0.0,0.7735501617782833,150,0.4142521619796753,1.57012939453125,1.0,1.0,,4836,v3,B3,sac_her_pickandplace_randomized_2M
sac_her_recovery_v3,grip_state_falsification,4,0.0,-150.0,0.0,0.3892672676711604,150,0.05727989971637726,1.6162598133087158,0.0,1.0,,4837,v3,B3,sac_her_pickandplace_randomized_2M
sac_her_recovery_v3,grip_state_falsification,4,0.0,-149.0,0.0,0.8609991626016836,150,0.4291113018989563,1.6799743175506592,1.0,1.0,10.0,4838,v3,B3,sac_her_pickandplace_randomized_2M
sac_her_recovery_v3,grip_state_falsification,4,0.0,-31.0,1.0,0.023249458517619757,150,0.3851718306541443,1.0511057376861572,0.0,1.0,26.0,4839,v3,B3,sac_her_pickandplace_randomized_2M
sac_her_recovery_v3,grip_state_falsification,4,0.0,-114.0,1.0,0.033786718070673384,150,0.850701093673706,1.2183140516281128,0.0,1.0,91.0,4840,v3,B3,sac_her_pickandplace_randomized_2M
sac_her_recovery_v3,grip_state_falsification,4,0.0,-150.0,0.0,0.44133838700290884,150,0.08066338300704956,1.4697685241699219,0.0,1.0,,4841,v3,B3,sac_her_pickandplace_randomized_2M
sac_her_recovery_v3,grip_state_falsification,4,0.0,-150.0,0.0,0.44972303031566396,150,0.052108604460954666,1.5866999626159668,0.0,1.0,,4842,v3,B3,sac_her_pickandplace_randomized_2M
sac_her_recovery_v3,grip_state_falsification,4,0.0,-147.0,0.0,0.1821150154265543,150,0.18588951230049133,1.181132197380066,0.0,1.0,6.0,4843,v3,B3,sac_her_pickandplace_randomized_2M
sac_her_recovery_v3,grip_state_falsification,4,0.0,-148.0,0.0,0.056231164794401295,150,2.3460912704467773,1.3195942640304565,0.0,1.0,24.0,4844,v3,B3,sac_her_pickandplace_randomized_2M
sac_her_recovery_v3,grip_state_falsification,4,0.0,-3.0,1.0,0.019439652928406187,150,0.3275546431541443,0.749424159526825,0.0,1.0,3.0,4845,v3,B3,sac_her_pickandplace_randomized_2M
sac_her_recovery_v3,grip_state_falsification,4,0.0,-140.0,0.0,0.08118478404673468,150,0.33460578322410583,1.117615818977356,0.0,1.0,12.0,4846,v3,B3,sac_her_pickandplace_randomized_2M
sac_her_recovery_v3,grip_state_falsification,4,0.0,-150.0,0.0,0.4442359995615462,150,0.057307012379169464,0.9654585719108582,0.0,1.0,,4847,v3,B3,sac_her_pickandplace_randomized_2M
sac_her_recovery_v3,grip_state_falsification,4,0.0,-18.0,1.0,0.024249694497635827,150,0.7798333168029785,0.5982248783111572,0.0,1.0,18.0,4848,v3,B3,sac_her_pickandplace_randomized_2M
sac_her_recovery_v3,grip_state_falsification,4,0.0,-150.0,0.0,0.4243770527675358,150,0.0740642175078392,1.3174636363983154,0.0,1.0,,4849,v3,B3,sac_her_pickandplace_randomized_2M
sac_her_recovery_v3,grip_state_falsification,4,0.0,-150.0,0.0,0.5337619907346876,150,0.17529307305812836,1.6757566928863525,0.0,1.0,,4850,v3,B3,sac_her_pickandplace_randomized_2M
sac_her_recovery_v3,grip_state_falsification,4,0.0,-150.0,0.0,0.4431327053117166,150,0.040087517350912094,0.793621838092804,0.0,1.0,,4851,v3,B3,sac_her_pickandplace_randomized_2M
sac_her_recovery_v3,grip_state_falsification,4,0.0,-8.0,1.0,0.03864072495724662,150,1.4602444171905518,0.9664299488067627,0.0,0.0,8.0,4852,v3,B3,sac_her_pickandplace_randomized_2M
sac_her_recovery_v3,grip_state_falsification,4,0.0,-12.0,1.0,0.022156691680624518,150,0.17371045053005219,0.6806876063346863,0.0,1.0,12.0,4853,v3,B3,sac_her_pickandplace_randomized_2M
sac_her_recovery_v3,grip_state_falsification,4,0.0,-150.0,0.0,0.4263347277634866,150,0.04906730353832245,1.242848515510559,0.0,1.0,,4854,v3,B3,sac_her_pickandplace_randomized_2M
sac_her_recovery_v3,grip_state_falsification,4,0.0,-150.0,0.0,0.3662215000153558,150,0.06515907496213913,1.1727060079574585,0.0,1.0,,4855,v3,B3,sac_her_pickandplace_randomized_2M
sac_her_recovery_v3,grip_state_falsification,4,0.0,-6.0,1.0,0.028209003004888378,150,0.07169099897146225,1.1660133600234985,0.0,0.0,6.0,4856,v3,B3,sac_her_pickandplace_randomized_2M
sac_her_recovery_v3,grip_state_falsification,4,0.0,-150.0,0.0,0.24147661160362346,150,0.03854707255959511,1.4264668226242065,0.0,1.0,,4857,v3,B3,sac_her_pickandplace_randomized_2M
sac_her_recovery_v3,grip_state_falsification,4,0.0,-150.0,0.0,0.30408110760161844,150,0.051337212324142456,1.1123034954071045,0.0,1.0,,4858,v3,B3,sac_her_pickandplace_randomized_2M
sac_her_recovery_v3,grip_state_falsification,4,0.0,-150.0,0.0,0.49841699916703047,150,0.061923641711473465,1.4361519813537598,0.0,1.0,,4859,v3,B3,sac_her_pickandplace_randomized_2M
sac_her,contact_dropout,4,0.0,-150.0,0.0,0.4295086272890401,150,0.13430702686309814,1.5445501804351807,0.0,0.0,,4860,none,B1,sac_her_pickandplace_randomized_2M
sac_her,contact_dropout,4,0.0,-150.0,0.0,0.3602368702640788,150,0.054591644555330276,1.704345703125,0.0,0.0,,4861,none,B1,sac_her_pickandplace_randomized_2M
sac_her,contact_dropout,4,0.0,-150.0,0.0,0.1805411928599704,150,0.03069859743118286,1.5453102588653564,0.0,0.0,,4862,none,B1,sac_her_pickandplace_randomized_2M
sac_her,contact_dropout,4,0.0,-150.0,0.0,0.4343474150549246,150,0.007913535460829735,1.6319531202316284,0.0,0.0,,4863,none,B1,sac_her_pickandplace_randomized_2M
sac_her,contact_dropout,4,0.0,-150.0,0.0,0.10684840923604477,150,0.026801683008670807,1.6636135578155518,0.0,0.0,,4864,none,B1,sac_her_pickandplace_randomized_2M
sac_her,contact_dropout,4,0.0,-150.0,0.0,0.22616823953285825,150,0.10394800454378128,1.2483160495758057,0.0,0.0,,4865,none,B1,sac_her_pickandplace_randomized_2M
sac_her,contact_dropout,4,0.0,-150.0,0.0,0.2986576663914672,150,0.050526127219200134,1.8477691411972046,0.0,0.0,,4866,none,B1,sac_her_pickandplace_randomized_2M
sac_her,contact_dropout,4,0.0,-150.0,0.0,0.3892672676711604,150,0.006392707582563162,1.8102048635482788,0.0,0.0,,4867,none,B1,sac_her_pickandplace_randomized_2M
sac_her,contact_dropout,4,0.0,-150.0,0.0,0.21665542672761137,150,0.13983170688152313,1.752163052558899,0.0,0.0,,4868,none,B1,sac_her_pickandplace_randomized_2M
sac_her,contact_dropout,4,0.0,-150.0,0.0,0.2509328493314462,150,0.0241324994713068,1.59321129322052,0.0,0.0,,4869,none,B1,sac_her_pickandplace_randomized_2M
sac_her,contact_dropout,4,0.0,-150.0,0.0,0.2534737806321085,150,0.04722857475280762,1.440201997756958,0.0,0.0,,4870,none,B1,sac_her_pickandplace_randomized_2M
sac_her,contact_dropout,4,0.0,-150.0,0.0,0.44133838700290884,150,0.005911174230277538,1.9460285902023315,0.0,0.0,,4871,none,B1,sac_her_pickandplace_randomized_2M
sac_her,contact_dropout,4,0.0,-150.0,0.0,0.44972303031566396,150,0.009359081275761127,1.7353838682174683,0.0,0.0,,4872,none,B1,sac_her_pickandplace_randomized_2M
sac_her,contact_dropout,4,0.0,-150.0,0.0,0.122400123784964,150,0.031523626297712326,1.517974853515625,0.0,0.0,,4873,none,B1,sac_her_pickandplace_randomized_2M
sac_her,contact_dropout,4,0.0,-150.0,0.0,0.17037346368570566,150,0.03460123389959335,1.719110369682312,0.0,0.0,,4874,none,B1,sac_her_pickandplace_randomized_2M
sac_her,contact_dropout,4,0.0,-150.0,0.0,0.05725260634465486,150,0.15138593316078186,1.446576476097107,0.0,0.0,,4875,none,B1,sac_her_pickandplace_randomized_2M
sac_her,contact_dropout,4,0.0,-150.0,0.0,0.08101918061954319,150,0.04971550405025482,1.5539408922195435,0.0,0.0,,4876,none,B1,sac_her_pickandplace_randomized_2M
sac_her,contact_dropout,4,0.0,-150.0,0.0,0.4442359995615462,150,0.009393620304763317,1.730570912361145,0.0,0.0,,4877,none,B1,sac_her_pickandplace_randomized_2M
sac_her,contact_dropout,4,0.0,-150.0,0.0,0.20996809385249088,150,0.05324334278702736,1.553117036819458,0.0,0.0,,4878,none,B1,sac_her_pickandplace_randomized_2M
sac_her,contact_dropout,4,0.0,-150.0,0.0,0.4243770527675358,150,0.05579180270433426,1.617075800895691,0.0,0.0,,4879,none,B1,sac_her_pickandplace_randomized_2M
sac_her,contact_dropout,4,0.0,-150.0,0.0,0.1723055609233818,150,0.041191671043634415,1.5117368698120117,0.0,0.0,,4880,none,B1,sac_her_pickandplace_randomized_2M
sac_her,contact_dropout,4,0.0,-150.0,0.0,0.4431327053117166,150,0.009073734283447266,0.6048862934112549,0.0,0.0,,4881,none,B1,sac_her_pickandplace_randomized_2M
sac_her,contact_dropout,4,0.0,-150.0,0.0,0.07211340740630931,150,0.02736910618841648,1.4370430707931519,0.0,0.0,,4882,none,B1,sac_her_pickandplace_randomized_2M
sac_her,contact_dropout,4,0.0,-150.0,0.0,0.15051513092543606,150,0.12859366834163666,1.5702673196792603,0.0,0.0,,4883,none,B1,sac_her_pickandplace_randomized_2M
sac_her,contact_dropout,4,0.0,-150.0,0.0,0.4263347277634866,150,0.0089953588321805,1.1352630853652954,0.0,0.0,,4884,none,B1,sac_her_pickandplace_randomized_2M
sac_her,contact_dropout,4,0.0,-150.0,0.0,0.3662215000153558,150,0.05066294968128204,1.029994249343872,0.0,0.0,,4885,none,B1,sac_her_pickandplace_randomized_2M
sac_her,contact_dropout,4,0.0,-150.0,0.0,0.1437793465619575,150,0.04215257242321968,1.6866635084152222,0.0,0.0,,4886,none,B1,sac_her_pickandplace_randomized_2M
sac_her,contact_dropout,4,0.0,-150.0,0.0,0.24147661160362346,150,0.00796116329729557,1.779788851737976,0.0,0.0,,4887,none,B1,sac_her_pickandplace_randomized_2M
sac_her,contact_dropout,4,0.0,-150.0,0.0,0.30408110760161844,150,0.14713990688323975,1.2157058715820312,0.0,0.0,,4888,none,B1,sac_her_pickandplace_randomized_2M
sac_her,contact_dropout,4,0.0,-150.0,0.0,0.49841699916703047,150,0.008323785848915577,0.716050386428833,0.0,0.0,,4889,none,B1,sac_her_pickandplace_randomized_2M
sac_her_recovery_v2,contact_dropout,4,0.0,-150.0,0.0,0.4295086272890401,150,0.5702667236328125,1.5988147258758545,1.0,1.0,,4890,v2,B2,sac_her_pickandplace_randomized_2M
sac_her_recovery_v2,contact_dropout,4,0.0,-150.0,0.0,0.32101867891952285,150,0.24020104110240936,1.2714463472366333,0.0,1.0,,4891,v2,B2,sac_her_pickandplace_randomized_2M
sac_her_recovery_v2,contact_dropout,4,0.0,-150.0,0.0,0.1805411928599704,150,0.06639230996370316,1.543176293373108,0.0,1.0,,4892,v2,B2,sac_her_pickandplace_randomized_2M
sac_her_recovery_v2,contact_dropout,4,0.0,-150.0,0.0,0.4343474150549246,150,0.03856344521045685,1.6273038387298584,0.0,1.0,,4893,v2,B2,sac_her_pickandplace_randomized_2M
sac_her_recovery_v2,contact_dropout,4,0.0,-150.0,0.0,0.10684840923604477,150,0.047091882675886154,1.6550054550170898,0.0,1.0,,4894,v2,B2,sac_her_pickandplace_randomized_2M
sac_her_recovery_v2,contact_dropout,4,0.0,-150.0,0.0,0.22616823953285825,150,0.13281580805778503,1.2658779621124268,0.0,1.0,,4895,v2,B2,sac_her_pickandplace_randomized_2M
sac_her_recovery_v2,contact_dropout,4,0.0,-150.0,0.0,0.2986576663914672,150,0.2597615718841553,1.557367205619812,0.0,1.0,,4896,v2,B2,sac_her_pickandplace_randomized_2M
sac_her_recovery_v2,contact_dropout,4,0.0,-150.0,0.0,0.3892672676711604,150,0.026552528142929077,1.498146653175354,0.0,1.0,,4897,v2,B2,sac_her_pickandplace_randomized_2M
sac_her_recovery_v2,contact_dropout,4,0.0,-150.0,0.0,0.21665542672761137,150,0.842566728591919,1.4689172506332397,0.0,1.0,,4898,v2,B2,sac_her_pickandplace_randomized_2M
sac_her_recovery_v2,contact_dropout,4,0.0,-150.0,0.0,0.2509328493314462,150,0.03942868113517761,1.5906758308410645,0.0,1.0,,4899,v2,B2,sac_her_pickandplace_randomized_2M
sac_her_recovery_v2,contact_dropout,4,0.0,-150.0,0.0,0.1942528167586453,150,0.1821603924036026,1.4745826721191406,0.0,1.0,,4900,v2,B2,sac_her_pickandplace_randomized_2M
sac_her_recovery_v2,contact_dropout,4,0.0,-150.0,0.0,0.44133838700290884,150,0.7985941767692566,1.6625890731811523,0.0,1.0,,4901,v2,B2,sac_her_pickandplace_randomized_2M
sac_her_recovery_v2,contact_dropout,4,0.0,-150.0,0.0,0.44972303031566396,150,0.018087010830640793,1.7355273962020874,0.0,1.0,,4902,v2,B2,sac_her_pickandplace_randomized_2M
sac_her_recovery_v2,contact_dropout,4,0.0,-150.0,0.0,0.122400123784964,150,0.05487309396266937,1.5120772123336792,0.0,1.0,,4903,v2,B2,sac_her_pickandplace_randomized_2M
sac_her_recovery_v2,contact_dropout,4,0.0,-150.0,0.0,0.17037346368570566,150,0.09698761254549026,1.7054951190948486,0.0,1.0,,4904,v2,B2,sac_her_pickandplace_randomized_2M
sac_her_recovery_v2,contact_dropout,4,0.0,-150.0,0.0,0.05725260634465486,150,0.1814592182636261,1.4489368200302124,0.0,1.0,,4905,v2,B2,sac_her_pickandplace_randomized_2M
sac_her_recovery_v2,contact_dropout,4,0.0,-150.0,0.0,0.08101918061954319,150,0.06449241191148758,1.5432730913162231,0.0,1.0,,4906,v2,B2,sac_her_pickandplace_randomized_2M
sac_her_recovery_v2,contact_dropout,4,0.0,-150.0,0.0,0.4442359995615462,150,0.04361654818058014,1.7249459028244019,0.0,1.0,,4907,v2,B2,sac_her_pickandplace_randomized_2M
sac_her_recovery_v2,contact_dropout,4,0.0,-150.0,0.0,0.20996809385249088,150,0.09433560818433762,1.5537159442901611,0.0,1.0,,4908,v2,B2,sac_her_pickandplace_randomized_2M
sac_her_recovery_v2,contact_dropout,4,0.0,-150.0,0.0,0.4243770527675358,150,0.5084016919136047,1.6456152200698853,1.0,1.0,,4909,v2,B2,sac_her_pickandplace_randomized_2M
sac_her_recovery_v2,contact_dropout,4,0.0,-150.0,0.0,0.1723055609233818,150,0.06181541457772255,1.5146639347076416,0.0,1.0,,4910,v2,B2,sac_her_pickandplace_randomized_2M
sac_her_recovery_v2,contact_dropout,4,0.0,-150.0,0.0,0.4431327053117166,150,0.03947943076491356,0.6680813431739807,0.0,1.0,,4911,v2,B2,sac_her_pickandplace_randomized_2M
sac_her_recovery_v2,contact_dropout,4,0.0,-150.0,0.0,0.07211340740630931,150,0.048924580216407776,1.4276657104492188,0.0,1.0,,4912,v2,B2,sac_her_pickandplace_randomized_2M
sac_her_recovery_v2,contact_dropout,4,0.0,-150.0,0.0,0.15051513092543606,150,0.19990535080432892,1.561774492263794,0.0,1.0,,4913,v2,B2,sac_her_pickandplace_randomized_2M
sac_her_recovery_v2,contact_dropout,4,0.0,-150.0,0.0,0.4263347277634866,150,0.038084495812654495,1.1363296508789062,0.0,1.0,,4914,v2,B2,sac_her_pickandplace_randomized_2M
sac_her_recovery_v2,contact_dropout,4,0.0,-150.0,0.0,0.3662215000153558,150,0.07079805433750153,1.0562406778335571,0.0,1.0,,4915,v2,B2,sac_her_pickandplace_randomized_2M
sac_her_recovery_v2,contact_dropout,4,0.0,-150.0,0.0,0.1437793465619575,150,0.10637042671442032,1.5153918266296387,0.0,1.0,,4916,v2,B2,sac_her_pickandplace_randomized_2M
sac_her_recovery_v2,contact_dropout,4,0.0,-150.0,0.0,0.24147661160362346,150,0.9220834970474243,1.5080276727676392,0.0,1.0,,4917,v2,B2,sac_her_pickandplace_randomized_2M
sac_her_recovery_v2,contact_dropout,4,0.0,-150.0,0.0,0.30408110760161844,150,0.1680895984172821,1.2483919858932495,0.0,1.0,,4918,v2,B2,sac_her_pickandplace_randomized_2M
sac_her_recovery_v2,contact_dropout,4,0.0,-150.0,0.0,0.49841699916703047,150,0.03331521525979042,0.8639233112335205,0.0,1.0,,4919,v2,B2,sac_her_pickandplace_randomized_2M
sac_her_recovery_v3,contact_dropout,4,0.0,-150.0,0.0,0.4295086272890401,150,0.24709206819534302,1.5463447570800781,1.0,1.0,,4920,v3,B3,sac_her_pickandplace_randomized_2M
sac_her_recovery_v3,contact_dropout,4,0.0,-150.0,0.0,0.2855141822151182,150,0.1837909072637558,1.3238145112991333,0.0,1.0,,4921,v3,B3,sac_her_pickandplace_randomized_2M
sac_her_recovery_v3,contact_dropout,4,0.0,-150.0,0.0,0.1805411928599704,150,0.06863787025213242,1.5325899124145508,0.0,1.0,,4922,v3,B3,sac_her_pickandplace_randomized_2M
sac_her_recovery_v3,contact_dropout,4,0.0,-150.0,0.0,0.4343474150549246,150,0.03940749168395996,1.6185978651046753,0.0,1.0,,4923,v3,B3,sac_her_pickandplace_randomized_2M
sac_her_recovery_v3,contact_dropout,4,0.0,-150.0,0.0,0.10684840923604477,150,0.04882585629820824,1.5805391073226929,0.0,1.0,,4924,v3,B3,sac_her_pickandplace_randomized_2M
sac_her_recovery_v3,contact_dropout,4,0.0,-150.0,0.0,0.22616823953285825,150,0.13792622089385986,1.307637333869934,0.0,1.0,,4925,v3,B3,sac_her_pickandplace_randomized_2M
sac_her_recovery_v3,contact_dropout,4,0.0,-150.0,0.0,0.2986576663914672,150,0.22097182273864746,1.5110559463500977,0.0,1.0,,4926,v3,B3,sac_her_pickandplace_randomized_2M
sac_her_recovery_v3,contact_dropout,4,0.0,-150.0,0.0,0.3892672676711604,150,0.02680487558245659,1.4947166442871094,0.0,1.0,,4927,v3,B3,sac_her_pickandplace_randomized_2M
sac_her_recovery_v3,contact_dropout,4,0.0,-150.0,0.0,0.21665542672761137,150,0.049047164618968964,1.1028255224227905,0.0,1.0,,4928,v3,B3,sac_her_pickandplace_randomized_2M
sac_her_recovery_v3,contact_dropout,4,0.0,-150.0,0.0,0.2509328493314462,150,0.3001635670661926,1.308699131011963,0.0,1.0,,4929,v3,B3,sac_her_pickandplace_randomized_2M
sac_her_recovery_v3,contact_dropout,4,0.0,-150.0,0.0,0.1977506105917571,150,0.3008451461791992,1.213504433631897,0.0,1.0,,4930,v3,B3,sac_her_pickandplace_randomized_2M
sac_her_recovery_v3,contact_dropout,4,0.0,-150.0,0.0,0.44133838700290884,150,0.2734369933605194,1.6236218214035034,0.0,1.0,,4931,v3,B3,sac_her_pickandplace_randomized_2M
sac_her_recovery_v3,contact_dropout,4,0.0,-150.0,0.0,0.44972303031566396,150,0.01748109981417656,1.734650731086731,0.0,1.0,,4932,v3,B3,sac_her_pickandplace_randomized_2M
sac_her_recovery_v3,contact_dropout,4,0.0,-150.0,0.0,0.122400123784964,150,0.059786368161439896,1.448936939239502,0.0,1.0,,4933,v3,B3,sac_her_pickandplace_randomized_2M
sac_her_recovery_v3,contact_dropout,4,0.0,-150.0,0.0,0.17037346368570566,150,0.08911842107772827,1.6949341297149658,0.0,1.0,,4934,v3,B3,sac_her_pickandplace_randomized_2M
sac_her_recovery_v3,contact_dropout,4,0.0,-150.0,0.0,0.05725260634465486,150,0.18583333492279053,1.3971673250198364,0.0,1.0,,4935,v3,B3,sac_her_pickandplace_randomized_2M
sac_her_recovery_v3,contact_dropout,4,0.0,-150.0,0.0,0.08101918061954319,150,0.06523749977350235,1.4818564653396606,0.0,1.0,,4936,v3,B3,sac_her_pickandplace_randomized_2M
sac_her_recovery_v3,contact_dropout,4,0.0,-150.0,0.0,0.4442359995615462,150,0.04422058165073395,1.7161937952041626,0.0,1.0,,4937,v3,B3,sac_her_pickandplace_randomized_2M
sac_her_recovery_v3,contact_dropout,4,0.0,-150.0,0.0,0.20996809385249088,150,0.28791511058807373,1.2606468200683594,0.0,1.0,,4938,v3,B3,sac_her_pickandplace_randomized_2M
sac_her_recovery_v3,contact_dropout,4,0.0,-150.0,0.0,0.4243770527675358,150,0.1595662385225296,1.666255235671997,1.0,1.0,,4939,v3,B3,sac_her_pickandplace_randomized_2M
sac_her_recovery_v3,contact_dropout,4,0.0,-150.0,0.0,0.1723055609233818,150,0.059457406401634216,1.5469162464141846,0.0,1.0,,4940,v3,B3,sac_her_pickandplace_randomized_2M
sac_her_recovery_v3,contact_dropout,4,0.0,-150.0,0.0,0.4431327053117166,150,0.036967933177948,1.0619573593139648,0.0,1.0,,4941,v3,B3,sac_her_pickandplace_randomized_2M
sac_her_recovery_v3,contact_dropout,4,0.0,-150.0,0.0,0.07211340740630931,150,0.04961831867694855,1.3468618392944336,0.0,1.0,,4942,v3,B3,sac_her_pickandplace_randomized_2M
sac_her_recovery_v3,contact_dropout,4,0.0,-150.0,0.0,0.15051513092543606,150,0.19641640782356262,1.5062294006347656,0.0,1.0,,4943,v3,B3,sac_her_pickandplace_randomized_2M
sac_her_recovery_v3,contact_dropout,4,0.0,-150.0,0.0,0.4263347277634866,150,0.03845013678073883,1.1387901306152344,0.0,1.0,,4944,v3,B3,sac_her_pickandplace_randomized_2M
sac_her_recovery_v3,contact_dropout,4,0.0,-150.0,0.0,0.3662215000153558,150,0.06973155587911606,1.0850038528442383,0.0,1.0,,4945,v3,B3,sac_her_pickandplace_randomized_2M
sac_her_recovery_v3,contact_dropout,4,0.0,-150.0,0.0,0.1437793465619575,150,0.07969127595424652,1.4969614744186401,0.0,1.0,,4946,v3,B3,sac_her_pickandplace_randomized_2M
sac_her_recovery_v3,contact_dropout,4,0.0,-150.0,0.0,0.24147661160362346,150,0.29757189750671387,1.4785048961639404,0.0,1.0,,4947,v3,B3,sac_her_pickandplace_randomized_2M
sac_her_recovery_v3,contact_dropout,4,0.0,-150.0,0.0,0.30408110760161844,150,0.1666238009929657,1.264014482498169,0.0,1.0,,4948,v3,B3,sac_her_pickandplace_randomized_2M
sac_her_recovery_v3,contact_dropout,4,0.0,-150.0,0.0,0.49841699916703047,150,0.031042490154504776,0.9989467263221741,0.0,1.0,,4949,v3,B3,sac_her_pickandplace_randomized_2M
