method,condition,seed,attack_level,total_reward,success,final_distance,episode_length,action_smoothness,action_magnitude,safety_violation,recovery_used,first_success_step,episode_idx,recovery_version,benchmark_layer,env
sac_her,clean,0,0.0,-12.0,1.0,0.0196744097083744,150,0.0848797634243965,0.991054892539978,0.0,0.0,12.0,0,none,B0,sac_her_pickandplace_clean_2M
sac_her,clean,0,0.0,-16.0,1.0,0.034429519515542,150,0.0632250905036926,1.0467588901519775,0.0,0.0,16.0,1,none,B0,sac_her_pickandplace_clean_2M
sac_her,clean,0,0.0,-8.0,1.0,0.0096784710835269,150,0.2174458801746368,1.0397357940673828,0.0,0.0,8.0,2,none,B0,sac_her_pickandplace_clean_2M
sac_her,clean,0,0.0,-13.0,1.0,0.0274878870868372,150,0.063592255115509,1.0351386070251465,0.0,0.0,13.0,3,none,B0,sac_her_pickandplace_clean_2M
sac_her,clean,0,0.0,-15.0,1.0,0.0314900249628835,150,0.062757059931755,1.0324398279190063,0.0,0.0,15.0,4,none,B0,sac_her_pickandplace_clean_2M
sac_her,clean,0,0.0,-8.0,1.0,0.0253181127469837,150,0.0549895465373992,1.0316591262817385,0.0,0.0,8.0,5,none,B0,sac_her_pickandplace_clean_2M
sac_her,clean,0,0.0,-7.0,1.0,0.0187460956719989,150,1.3152580261230469,1.1932600736618042,0.0,0.0,7.0,6,none,B0,sac_her_pickandplace_clean_2M
sac_her,clean,0,0.0,-7.0,1.0,0.0157643461119405,150,0.1080629006028175,0.9023061394691468,0.0,0.0,7.0,7,none,B0,sac_her_pickandplace_clean_2M
sac_her,clean,0,0.0,-10.0,1.0,0.0251202656454449,150,0.0597870200872421,1.031036138534546,0.0,0.0,10.0,8,none,B0,sac_her_pickandplace_clean_2M
sac_her,clean,0,0.0,-6.0,1.0,0.0166603729721261,150,0.0593217872083187,0.96215558052063,0.0,0.0,6.0,9,none,B0,sac_her_pickandplace_clean_2M
sac_her,clean,0,0.0,-14.0,1.0,0.0347729169469112,150,0.0735867843031883,1.0415672063827517,0.0,0.0,14.0,10,none,B0,sac_her_pickandplace_clean_2M
sac_her,clean,0,0.0,-8.0,1.0,0.0174518685744144,150,0.1550888121128082,1.1432596445083618,0.0,0.0,8.0,11,none,B0,sac_her_pickandplace_clean_2M
sac_her,clean,0,0.0,-13.0,1.0,0.0333882341686183,150,0.0595488213002681,1.0387274026870728,0.0,0.0,13.0,12,none,B0,sac_her_pickandplace_clean_2M
sac_her,clean,0,0.0,-7.0,1.0,0.0154585185056224,150,0.1315847784280777,0.980362355709076,0.0,0.0,7.0,13,none,B0,sac_her_pickandplace_clean_2M
sac_her,clean,0,0.0,-6.0,1.0,0.0176602961531249,150,0.0633558928966522,0.9616627097129822,0.0,0.0,6.0,14,none,B0,sac_her_pickandplace_clean_2M
sac_her,clean,0,0.0,-13.0,1.0,0.0325717342581835,150,0.0568762645125389,1.0395513772964478,0.0,0.0,13.0,15,none,B0,sac_her_pickandplace_clean_2M
sac_her,clean,0,0.0,-7.0,1.0,0.0103328557506967,150,0.1324566900730133,0.963819682598114,0.0,0.0,7.0,16,none,B0,sac_her_pickandplace_clean_2M
sac_her,clean,0,0.0,-9.0,1.0,0.0276168701566809,150,0.0624194554984569,1.035702109336853,0.0,0.0,9.0,17,none,B0,sac_her_pickandplace_clean_2M
sac_her,clean,0,0.0,-9.0,1.0,0.0177352197360436,150,0.1271402984857559,0.9460843801498412,0.0,0.0,9.0,18,none,B0,sac_her_pickandplace_clean_2M
sac_her,clean,0,0.0,-10.0,1.0,0.0111742121760947,150,0.0779488459229469,0.9579434990882874,0.0,0.0,10.0,19,none,B0,sac_her_pickandplace_clean_2M
sac_her,clean,0,0.0,-6.0,1.0,0.0123807664498,150,0.0754297599196434,0.9124765992164612,0.0,0.0,6.0,20,none,B0,sac_her_pickandplace_clean_2M
sac_her,clean,0,0.0,-17.0,1.0,0.034274838971756,150,0.0690524503588676,1.050779938697815,0.0,0.0,17.0,21,none,B0,sac_her_pickandplace_clean_2M
sac_her,clean,0,0.0,-6.0,1.0,0.0132529655062928,150,0.0718302652239799,0.8962939381599426,0.0,0.0,6.0,22,none,B0,sac_her_pickandplace_clean_2M
sac_her,clean,0,0.0,-15.0,1.0,0.0344730604625514,150,0.0565668083727359,1.046755313873291,0.0,0.0,15.0,23,none,B0,sac_her_pickandplace_clean_2M
sac_her,clean,0,0.0,-17.0,1.0,0.0373221864756947,150,0.0647979453206062,1.0556720495224,0.0,0.0,17.0,24,none,B0,sac_her_pickandplace_clean_2M
sac_her,clean,0,0.0,-18.0,1.0,0.0238499793110127,150,0.0663915872573852,1.0600568056106567,0.0,0.0,18.0,25,none,B0,sac_her_pickandplace_clean_2M
sac_her,clean,0,0.0,-13.0,1.0,0.0285903889430345,150,0.0626497045159339,1.0286790132522583,0.0,0.0,13.0,26,none,B0,sac_her_pickandplace_clean_2M
sac_her,clean,0,0.0,-10.0,1.0,0.0124827312748401,150,0.3287615180015564,1.0531315803527832,0.0,0.0,10.0,27,none,B0,sac_her_pickandplace_clean_2M
sac_her,clean,0,0.0,-16.0,1.0,0.031967773275672,150,0.063602402806282,1.0531314611434937,0.0,0.0,16.0,28,none,B0,sac_her_pickandplace_clean_2M
sac_her,clean,0,0.0,-10.0,1.0,0.0225442340282542,150,0.0568896420300006,1.027860164642334,0.0,0.0,10.0,29,none,B0,sac_her_pickandplace_clean_2M
sac_her,sensor_dropout,0,0.0,-150.0,0.0,0.3549225360528287,150,1.1314590375732791e-09,1.600849986076355,0.0,0.0,,90,none,B1,sac_her_pickandplace_clean_2M
sac_her,sensor_dropout,0,0.0,-150.0,0.0,0.3884547695970575,150,1.1314590375732791e-09,1.8474788665771484,0.0,0.0,,91,none,B1,sac_her_pickandplace_clean_2M
sac_her,sensor_dropout,0,0.0,-150.0,0.0,0.2364647540081676,150,0.0,1.666372299194336,0.0,0.0,,92,none,B1,sac_her_pickandplace_clean_2M
sac_her,sensor_dropout,0,0.0,-150.0,0.0,0.3213978804705762,150,8.000623497039783e-10,1.795314073562622,0.0,0.0,,93,none,B1,sac_her_pickandplace_clean_2M
sac_her,sensor_dropout,0,0.0,-150.0,0.0,0.3833991408667048,150,1.1314590375732791e-09,1.742949366569519,0.0,0.0,,94,none,B1,sac_her_pickandplace_clean_2M
sac_her,sensor_dropout,0,0.0,-150.0,0.0,0.2566632391824746,150,1.6001246994079563e-09,1.7864351272583008,0.0,0.0,,95,none,B1,sac_her_pickandplace_clean_2M
sac_her,sensor_dropout,0,0.0,-150.0,0.0,0.1327306197333847,150,3.2987415021779043e-09,1.5027846097946167,0.0,0.0,,96,none,B1,sac_her_pickandplace_clean_2M
sac_her,sensor_dropout,0,0.0,-150.0,0.0,0.2066018563784001,150,1.4423329197654764e-09,1.6596543788909912,0.0,0.0,,97,none,B1,sac_her_pickandplace_clean_2M
sac_her,sensor_dropout,0,0.0,-150.0,0.0,0.2058833233297693,150,1.6001246994079563e-09,1.8282634019851685,0.0,0.0,,98,none,B1,sac_her_pickandplace_clean_2M
sac_her,sensor_dropout,0,0.0,-150.0,0.0,0.1676100894760241,150,3.200249398815913e-09,1.4910603761672974,0.0,0.0,,99,none,B1,sac_her_pickandplace_clean_2M
sac_her,sensor_dropout,0,0.0,-150.0,0.0,0.3129097043258147,150,1.7889938419557436e-09,1.7829831838607788,0.0,0.0,,100,none,B1,sac_her_pickandplace_clean_2M
sac_her,sensor_dropout,0,0.0,-150.0,0.0,0.2001507977261797,150,2.800218279475075e-09,1.7002018690109253,0.0,0.0,,101,none,B1,sac_her_pickandplace_clean_2M
sac_her,sensor_dropout,0,0.0,-150.0,0.0,0.3799650320755521,150,0.0,1.753636121749878,0.0,0.0,,102,none,B1,sac_her_pickandplace_clean_2M
sac_her,sensor_dropout,0,0.0,-150.0,0.0,0.1788857498375788,150,2.530019305169162e-09,1.613052487373352,0.0,0.0,,103,none,B1,sac_her_pickandplace_clean_2M
sac_her,sensor_dropout,0,0.0,-150.0,0.0,0.154614811366096,150,2.683490540889011e-09,1.508042335510254,0.0,0.0,,104,none,B1,sac_her_pickandplace_clean_2M
sac_her,sensor_dropout,0,0.0,-150.0,0.0,0.4111389638095413,150,2.2629180751465583e-09,1.704153060913086,0.0,0.0,,105,none,B1,sac_her_pickandplace_clean_2M
sac_her,sensor_dropout,0,0.0,-150.0,0.0,0.186082454838959,150,5.2004054396093125e-09,1.6711505651474,0.0,0.0,,106,none,B1,sac_her_pickandplace_clean_2M
sac_her,sensor_dropout,0,0.0,-150.0,0.0,0.2200316888638789,150,8.000623497039783e-10,1.815959930419922,0.0,0.0,,107,none,B1,sac_her_pickandplace_clean_2M
sac_her,sensor_dropout,0,0.0,-150.0,0.0,0.2521079292661852,150,2.683490540889011e-09,1.6222678422927856,0.0,0.0,,108,none,B1,sac_her_pickandplace_clean_2M
sac_her,sensor_dropout,0,0.0,-150.0,0.0,0.2634386735484078,150,1.7889938419557436e-09,1.6972485780715942,0.0,0.0,,109,none,B1,sac_her_pickandplace_clean_2M
sac_her,sensor_dropout,0,0.0,-150.0,0.0,0.1604367988897489,150,3.4178677665863692e-09,1.6590999364852903,0.0,0.0,,110,none,B1,sac_her_pickandplace_clean_2M
sac_her,sensor_dropout,0,0.0,-150.0,0.0,0.508012960487553,150,8.000623497039783e-10,1.835012435913086,0.0,0.0,,111,none,B1,sac_her_pickandplace_clean_2M
sac_her,sensor_dropout,0,0.0,-150.0,0.0,0.1498067725970526,150,2.683490540889011e-09,1.5810105800628662,0.0,0.0,,112,none,B1,sac_her_pickandplace_clean_2M
sac_her,sensor_dropout,0,0.0,-150.0,0.0,0.4219135440886297,150,1.7889938419557436e-09,1.835079550743103,0.0,0.0,,113,none,B1,sac_her_pickandplace_clean_2M
sac_her,sensor_dropout,0,0.0,-150.0,0.0,0.4796817585036592,150,1.6001246994079563e-09,1.7967712879180908,0.0,0.0,,114,none,B1,sac_her_pickandplace_clean_2M
sac_her,sensor_dropout,0,0.0,-150.0,0.0,0.4596373729419731,150,1.7889938419557436e-09,1.7024052143096924,0.0,0.0,,115,none,B1,sac_her_pickandplace_clean_2M
sac_her,sensor_dropout,0,0.0,-150.0,0.0,0.3386463014797066,150,0.0,1.8346565961837769,0.0,0.0,,116,none,B1,sac_her_pickandplace_clean_2M
sac_her,sensor_dropout,0,0.0,-150.0,0.0,0.3098377992113302,150,2.4001869380896323e-09,1.6343824863433838,0.0,0.0,,117,none,B1,sac_her_pickandplace_clean_2M
sac_her,sensor_dropout,0,0.0,-150.0,0.0,0.4706383277021961,150,1.7889938419557436e-09,1.6884486675262451,0.0,0.0,,118,none,B1,sac_her_pickandplace_clean_2M
sac_her,sensor_dropout,0,0.0,-150.0,0.0,0.2375975126520051,150,0.0,1.796794891357422,0.0,0.0,,119,none,B1,sac_her_pickandplace_clean_2M
sac_her,sensor_bias,0,0.1,-150.0,0.0,0.2728481070026607,150,0.8256729245185852,1.097110390663147,0.0,0.0,,180,none,B1,sac_her_pickandplace_clean_2M
sac_her,sensor_bias,0,0.1,-150.0,0.0,0.3884547695970575,150,0.0628171786665916,1.012392520904541,0.0,0.0,,181,none,B1,sac_her_pickandplace_clean_2M
sac_her,sensor_bias,0,0.1,-150.0,0.0,0.2364647540081676,150,1.8721489906311035,1.1785073280334473,0.0,0.0,,182,none,B1,sac_her_pickandplace_clean_2M
sac_her,sensor_bias,0,0.1,-150.0,0.0,0.3213978804705762,150,0.7438955903053284,1.0525968074798584,0.0,0.0,,183,none,B1,sac_her_pickandplace_clean_2M
sac_her,sensor_bias,0,0.1,-150.0,0.0,0.3833991408667048,150,1.6177282333374023,1.3712189197540283,0.0,0.0,,184,none,B1,sac_her_pickandplace_clean_2M
sac_her,sensor_bias,0,0.1,-150.0,0.0,0.2566632391824746,150,0.0292628537863492,1.0561100244522097,0.0,0.0,,185,none,B1,sac_her_pickandplace_clean_2M
sac_her,sensor_bias,0,0.1,-150.0,0.0,0.1327306197333847,150,0.0159970633685588,0.2936423718929291,0.0,0.0,,186,none,B1,sac_her_pickandplace_clean_2M
sac_her,sensor_bias,0,0.1,-150.0,0.0,0.2066018563784001,150,1.6397610902786257,1.4333645105361938,0.0,0.0,,187,none,B1,sac_her_pickandplace_clean_2M
sac_her,sensor_bias,0,0.1,-150.0,0.0,0.2058833233297693,150,0.7006167769432068,1.0350664854049685,0.0,0.0,,188,none,B1,sac_her_pickandplace_clean_2M
sac_her,sensor_bias,0,0.1,-150.0,0.0,0.1676100894760241,150,0.0772340223193168,0.6743772625923157,0.0,0.0,,189,none,B1,sac_her_pickandplace_clean_2M
sac_her,sensor_bias,0,0.1,-150.0,0.0,0.3129097043258147,150,0.0190195068717002,1.0113770961761477,0.0,0.0,,190,none,B1,sac_her_pickandplace_clean_2M
sac_her,sensor_bias,0,0.1,-150.0,0.0,0.5530481781312382,150,0.1883250623941421,1.2983479499816897,0.0,0.0,,191,none,B1,sac_her_pickandplace_clean_2M
sac_her,sensor_bias,0,0.1,-150.0,0.0,0.3799650320755521,150,0.0331695601344108,1.0147769451141355,0.0,0.0,,192,none,B1,sac_her_pickandplace_clean_2M
sac_her,sensor_bias,0,0.1,-150.0,0.0,0.5155699191725746,150,0.0801314339041709,1.109615445137024,0.0,0.0,,193,none,B1,sac_her_pickandplace_clean_2M
sac_her,sensor_bias,0,0.1,-150.0,0.0,0.154614811366096,150,1.6649131774902344,1.2096928358078003,0.0,0.0,,194,none,B1,sac_her_pickandplace_clean_2M
sac_her,sensor_bias,0,0.1,-150.0,0.0,0.4111389638095413,150,0.0338662043213844,0.2552306354045868,0.0,0.0,,195,none,B1,sac_her_pickandplace_clean_2M
sac_her,sensor_bias,0,0.1,-150.0,0.0,0.186082454838959,150,0.0260838605463504,0.1432575136423111,0.0,0.0,,196,none,B1,sac_her_pickandplace_clean_2M
sac_her,sensor_bias,0,0.1,-150.0,0.0,0.2200316888638789,150,1.4685360193252563,1.3191596269607544,0.0,0.0,,197,none,B1,sac_her_pickandplace_clean_2M
sac_her,sensor_bias,0,0.1,-150.0,0.0,0.2294973585634871,150,0.0890800654888153,1.1135588884353638,0.0,0.0,,198,none,B1,sac_her_pickandplace_clean_2M
sac_her,sensor_bias,0,0.1,-150.0,0.0,0.7577728955666793,150,0.133453220129013,1.1009345054626465,0.0,0.0,,199,none,B1,sac_her_pickandplace_clean_2M
sac_her,sensor_bias,0,0.1,-150.0,0.0,0.3242989369973517,150,0.0712219476699829,1.045037031173706,0.0,0.0,,200,none,B1,sac_her_pickandplace_clean_2M
sac_her,sensor_bias,0,0.1,-150.0,0.0,0.508012960487553,150,0.9388697147369384,1.1220074892044067,0.0,0.0,,201,none,B1,sac_her_pickandplace_clean_2M
sac_her,sensor_bias,0,0.1,-150.0,0.0,0.1484634421264791,150,1.78069007396698,1.4218441247940063,0.0,0.0,,202,none,B1,sac_her_pickandplace_clean_2M
sac_her,sensor_bias,0,0.1,-150.0,0.0,0.4219135440886297,150,1.614530324935913,1.0285258293151855,0.0,0.0,,203,none,B1,sac_her_pickandplace_clean_2M
sac_her,sensor_bias,0,0.1,-150.0,0.0,0.4796817585036592,150,2.0651800632476807,1.5016711950302124,0.0,0.0,,204,none,B1,sac_her_pickandplace_clean_2M
sac_her,sensor_bias,0,0.1,-150.0,0.0,0.4641510152526464,150,0.158240720629692,0.6690630316734314,0.0,0.0,,205,none,B1,sac_her_pickandplace_clean_2M
sac_her,sensor_bias,0,0.1,-150.0,0.0,0.8048696877501221,150,0.1098648831248283,1.472590684890747,0.0,0.0,,206,none,B1,sac_her_pickandplace_clean_2M
sac_her,sensor_bias,0,0.1,-150.0,0.0,0.3098377992113302,150,1.6201733350753784,1.1983835697174072,0.0,0.0,,207,none,B1,sac_her_pickandplace_clean_2M
sac_her,sensor_bias,0,0.1,-150.0,0.0,0.4706383277021961,150,2.1159024238586426,1.4385493993759155,0.0,0.0,,208,none,B1,sac_her_pickandplace_clean_2M
sac_her,sensor_bias,0,0.1,-150.0,0.0,0.1678396562430659,150,0.3164064586162567,1.1497799158096311,0.0,0.0,,209,none,B1,sac_her_pickandplace_clean_2M
sac_her,action_clipping,0,0.3,-41.0,1.0,0.0156151223721789,150,0.0429877489805221,0.4649979770183563,0.0,0.0,41.0,270,none,B1,sac_her_pickandplace_clean_2M
sac_her,action_clipping,0,0.3,-63.0,1.0,0.0387191250531471,150,0.0945353731513023,0.3825936317443847,0.0,0.0,63.0,271,none,B1,sac_her_pickandplace_clean_2M
sac_her,action_clipping,0,0.3,-27.0,1.0,0.0144980874344642,150,0.4525527358055115,0.4248323142528534,0.0,0.0,27.0,272,none,B1,sac_her_pickandplace_clean_2M
sac_her,action_clipping,0,0.3,-36.0,1.0,0.0246347558449023,150,0.0419149287045002,0.3650982081890106,0.0,0.0,36.0,273,none,B1,sac_her_pickandplace_clean_2M
sac_her,action_clipping,0,0.3,-50.0,1.0,0.0447932712480674,150,0.0329552628099918,0.3654529452323913,0.0,0.0,50.0,274,none,B1,sac_her_pickandplace_clean_2M
sac_her,action_clipping,0,0.3,-26.0,1.0,0.0327447271244911,150,0.0349165201187133,0.3538433909416199,0.0,0.0,26.0,275,none,B1,sac_her_pickandplace_clean_2M
sac_her,action_clipping,0,0.3,-19.0,1.0,0.0283367720906155,150,0.4277639985084533,0.4200831651687622,0.0,0.0,19.0,276,none,B1,sac_her_pickandplace_clean_2M
sac_her,action_clipping,0,0.3,-23.0,1.0,0.0182482281379725,150,0.0681783333420753,0.4607079029083252,0.0,0.0,23.0,277,none,B1,sac_her_pickandplace_clean_2M
sac_her,action_clipping,0,0.3,-52.0,1.0,0.0328572551119037,150,0.1190362945199012,0.3738733530044555,0.0,0.0,52.0,278,none,B1,sac_her_pickandplace_clean_2M
sac_her,action_clipping,0,0.3,-20.0,1.0,0.0180196735050339,150,0.0331708714365959,0.4510015845298767,0.0,0.0,20.0,279,none,B1,sac_her_pickandplace_clean_2M
sac_her,action_clipping,0,0.3,-43.0,1.0,0.0459221371607496,150,0.0334375835955143,0.3580546379089355,0.0,0.0,43.0,280,none,B1,sac_her_pickandplace_clean_2M
sac_her,action_clipping,0,0.3,-22.0,1.0,0.0236917486869179,150,0.3841740489006042,0.4012274742126465,0.0,0.0,22.0,281,none,B1,sac_her_pickandplace_clean_2M
sac_her,action_clipping,0,0.3,-42.0,1.0,0.0436293957300043,150,0.0309331305325031,0.3670066893100738,0.0,0.0,42.0,282,none,B1,sac_her_pickandplace_clean_2M
sac_her,action_clipping,0,0.3,-23.0,1.0,0.0128090792759804,150,0.0829988867044448,0.4480737447738647,0.0,0.0,23.0,283,none,B1,sac_her_pickandplace_clean_2M
sac_her,action_clipping,0,0.3,-22.0,1.0,0.0246860237841387,150,0.0383998192846775,0.4006561040878296,0.0,0.0,22.0,284,none,B1,sac_her_pickandplace_clean_2M
sac_her,action_clipping,0,0.3,-41.0,1.0,0.0411852267140907,150,0.0275851897895336,0.3633271753787994,0.0,0.0,41.0,285,none,B1,sac_her_pickandplace_clean_2M
sac_her,action_clipping,0,0.3,-24.0,1.0,0.02025841622428,150,0.1139240488409996,0.4889698326587677,0.0,0.0,24.0,286,none,B1,sac_her_pickandplace_clean_2M
sac_her,action_clipping,0,0.3,-26.0,1.0,0.0355338568448149,150,0.0251068882644176,0.3460626900196075,0.0,0.0,26.0,287,none,B1,sac_her_pickandplace_clean_2M
sac_her,action_clipping,0,0.3,-34.0,1.0,0.031692813434628,150,0.2091558426618576,0.3846762478351593,0.0,0.0,34.0,288,none,B1,sac_her_pickandplace_clean_2M
sac_her,action_clipping,0,0.3,-30.0,1.0,0.0209754437087169,150,0.0652140453457832,0.4484085738658905,0.0,0.0,30.0,289,none,B1,sac_her_pickandplace_clean_2M
sac_her,action_clipping,0,0.3,-18.0,1.0,0.0210216850702426,150,0.3348524570465088,0.3835058212280273,0.0,0.0,18.0,290,none,B1,sac_her_pickandplace_clean_2M
sac_her,action_clipping,0,0.3,-55.0,1.0,0.0231047526630434,150,0.035228069871664,0.3788896203041076,0.0,0.0,55.0,291,none,B1,sac_her_pickandplace_clean_2M
sac_her,action_clipping,0,0.3,-20.0,1.0,0.0213866052396637,150,0.0387420058250427,0.454355776309967,0.0,0.0,20.0,292,none,B1,sac_her_pickandplace_clean_2M
sac_her,action_clipping,0,0.3,-39.0,1.0,0.0247840651463302,150,0.0320994369685649,0.3777979612350464,0.0,0.0,39.0,293,none,B1,sac_her_pickandplace_clean_2M
sac_her,action_clipping,0,0.3,-55.0,1.0,0.0375824953052816,150,0.0417193323373794,0.3739921152591705,0.0,0.0,55.0,294,none,B1,sac_her_pickandplace_clean_2M
sac_her,action_clipping,0,0.3,-63.0,1.0,0.0285518408727155,150,0.0714500769972801,0.3837497234344482,0.0,0.0,63.0,295,none,B1,sac_her_pickandplace_clean_2M
sac_her,action_clipping,0,0.3,-36.0,1.0,0.0263261744724063,150,0.0296349488198757,0.3607780039310455,0.0,0.0,36.0,296,none,B1,sac_her_pickandplace_clean_2M
sac_her,action_clipping,0,0.3,-31.0,1.0,0.005741552883485,150,0.7096450328826904,0.5279586911201477,0.0,0.0,31.0,297,none,B1,sac_her_pickandplace_clean_2M
sac_her,action_clipping,0,0.3,-52.0,1.0,0.0375142681566724,150,0.0379233844578266,0.3751214444637298,0.0,0.0,52.0,298,none,B1,sac_her_pickandplace_clean_2M
sac_her,action_clipping,0,0.3,-27.0,1.0,0.0192118203498117,150,0.0475315488874912,0.3503004312515259,0.0,0.0,27.0,299,none,B1,sac_her_pickandplace_clean_2M
sac_her,action_delay,0,0.0,-16.0,1.0,0.0178455548712649,150,0.0874251201748848,1.008090257644653,0.0,0.0,16.0,360,none,B1,sac_her_pickandplace_clean_2M
sac_her,action_delay,0,0.0,-20.0,1.0,0.0326542872880553,150,0.1194673478603363,1.064136981964111,0.0,0.0,20.0,361,none,B1,sac_her_pickandplace_clean_2M
sac_her,action_delay,0,0.0,-12.0,1.0,0.0306254589474247,150,0.7361230254173279,1.2830405235290527,0.0,0.0,12.0,362,none,B1,sac_her_pickandplace_clean_2M
sac_her,action_delay,0,0.0,-27.0,1.0,0.0247294418944688,150,0.190044492483139,1.1163218021392822,0.0,0.0,27.0,363,none,B1,sac_her_pickandplace_clean_2M
sac_her,action_delay,0,0.0,-21.0,1.0,0.0338446487251948,150,0.099434919655323,1.052715301513672,0.0,0.0,21.0,364,none,B1,sac_her_pickandplace_clean_2M
sac_her,action_delay,0,0.0,-12.0,1.0,0.0235761966404421,150,0.0864108204841613,1.033453345298767,0.0,0.0,12.0,365,none,B1,sac_her_pickandplace_clean_2M
sac_her,action_delay,0,0.0,-42.0,0.0,0.1048778613882691,150,1.0324548482894895,1.373993754386902,0.0,0.0,16.0,366,none,B1,sac_her_pickandplace_clean_2M
sac_her,action_delay,0,0.0,-15.0,1.0,0.0218345401898398,150,0.503568172454834,1.2283414602279663,0.0,0.0,11.0,367,none,B1,sac_her_pickandplace_clean_2M
sac_her,action_delay,0,0.0,-14.0,1.0,0.030467996438352,150,0.0939301177859306,1.0459468364715576,0.0,0.0,14.0,368,none,B1,sac_her_pickandplace_clean_2M
sac_her,action_delay,0,0.0,-20.0,1.0,0.0267843400856364,150,0.2304254025220871,1.4329215288162231,0.0,0.0,20.0,369,none,B1,sac_her_pickandplace_clean_2M
sac_her,action_delay,0,0.0,-22.0,1.0,0.0351974434220636,150,0.1222502589225769,1.0598231554031372,0.0,0.0,22.0,370,none,B1,sac_her_pickandplace_clean_2M
sac_her,action_delay,0,0.0,-22.0,1.0,0.0327868642881316,150,0.1690230518579483,1.3426228761672974,0.0,0.0,22.0,371,none,B1,sac_her_pickandplace_clean_2M
sac_her,action_delay,0,0.0,-16.0,1.0,0.0347988875790166,150,0.0847478806972503,1.0513328313827517,0.0,0.0,16.0,372,none,B1,sac_her_pickandplace_clean_2M
sac_her,action_delay,0,0.0,-18.0,1.0,0.0080593265521743,150,0.5902102589607239,1.2997421026229858,0.0,0.0,11.0,373,none,B1,sac_her_pickandplace_clean_2M
sac_her,action_delay,0,0.0,-9.0,1.0,0.0172532570567086,150,0.1539885997772216,0.972061038017273,0.0,0.0,9.0,374,none,B1,sac_her_pickandplace_clean_2M
sac_her,action_delay,0,0.0,-16.0,1.0,0.028417572095333,150,0.0886801853775978,1.0453921556472778,0.0,0.0,16.0,375,none,B1,sac_her_pickandplace_clean_2M
sac_her,action_delay,0,0.0,-16.0,1.0,0.012267267189539,150,0.2591000199317932,1.1488380432128906,0.0,0.0,16.0,376,none,B1,sac_her_pickandplace_clean_2M
sac_her,action_delay,0,0.0,-15.0,1.0,0.0243890001638724,150,0.1201070621609687,1.0517183542251587,0.0,0.0,13.0,377,none,B1,sac_her_pickandplace_clean_2M
sac_her,action_delay,0,0.0,-148.0,0.0,0.5324088050421023,150,0.1512584537267685,1.3555024862289429,0.0,0.0,11.0,378,none,B1,sac_her_pickandplace_clean_2M
sac_her,action_delay,0,0.0,-13.0,1.0,0.0105471037042488,150,0.1402795612812042,1.028977632522583,0.0,0.0,13.0,379,none,B1,sac_her_pickandplace_clean_2M
sac_her,action_delay,0,0.0,-9.0,1.0,0.0247320689708016,150,0.1000596284866333,1.020270586013794,0.0,0.0,9.0,380,none,B1,sac_her_pickandplace_clean_2M
sac_her,action_delay,0,0.0,-24.0,1.0,0.0393656277355741,150,0.1260266900062561,1.0817842483520508,0.0,0.0,24.0,381,none,B1,sac_her_pickandplace_clean_2M
sac_her,action_delay,0,0.0,-9.0,1.0,0.0202443839052109,150,0.0851597785949707,1.03386652469635,0.0,0.0,9.0,382,none,B1,sac_her_pickandplace_clean_2M
sac_her,action_delay,0,0.0,-71.0,1.0,0.0346157981527937,150,0.3667908608913421,1.2205334901809692,0.0,0.0,28.0,383,none,B1,sac_her_pickandplace_clean_2M
sac_her,action_delay,0,0.0,-23.0,1.0,0.0397390127666152,150,0.0951715186238288,1.0680599212646484,0.0,0.0,23.0,384,none,B1,sac_her_pickandplace_clean_2M
sac_her,action_delay,0,0.0,-147.0,0.0,0.0737155863337367,150,0.2239816933870315,1.161881923675537,0.0,0.0,37.0,385,none,B1,sac_her_pickandplace_clean_2M
sac_her,action_delay,0,0.0,-37.0,1.0,0.0322845953044761,150,0.2679609656333923,1.136013388633728,0.0,0.0,37.0,386,none,B1,sac_her_pickandplace_clean_2M
sac_her,action_delay,0,0.0,-56.0,1.0,0.0125338158834975,150,1.006130337715149,1.466516137123108,0.0,0.0,23.0,387,none,B1,sac_her_pickandplace_clean_2M
sac_her,action_delay,0,0.0,-150.0,0.0,0.945892105167028,150,0.1099769696593284,1.7086350917816162,0.0,0.0,,388,none,B1,sac_her_pickandplace_clean_2M
sac_her,action_delay,0,0.0,-15.0,1.0,0.0234524139346585,150,0.0924701765179634,1.0454378128051758,0.0,0.0,15.0,389,none,B1,sac_her_pickandplace_clean_2M
sac_her,action_reversal,0,0.0,-150.0,0.0,0.3549225360528287,150,0.0487315170466899,0.9882540106773376,0.0,0.0,,450,none,B1,sac_her_pickandplace_clean_2M
sac_her,action_reversal,0,0.0,-150.0,0.0,0.3884547695970575,150,0.0343981347978115,1.5740787982940674,0.0,0.0,,451,none,B1,sac_her_pickandplace_clean_2M
sac_her,action_reversal,0,0.0,-150.0,0.0,0.2364647540081676,150,0.0366990901529789,1.200093388557434,0.0,0.0,,452,none,B1,sac_her_pickandplace_clean_2M
sac_her,action_reversal,0,0.0,-150.0,0.0,0.3213978804705762,150,0.0522673800587654,1.3780592679977417,0.0,0.0,,453,none,B1,sac_her_pickandplace_clean_2M
sac_her,action_reversal,0,0.0,-150.0,0.0,0.3833991408667048,150,0.0432238429784774,1.8918070793151855,0.0,0.0,,454,none,B1,sac_her_pickandplace_clean_2M
sac_her,action_reversal,0,0.0,-150.0,0.0,0.2566632391824746,150,0.0198280829936265,1.6857011318206787,0.0,0.0,,455,none,B1,sac_her_pickandplace_clean_2M
sac_her,action_reversal,0,0.0,-150.0,0.0,0.1327306197333847,150,0.0917289555072784,1.2032058238983154,0.0,0.0,,456,none,B1,sac_her_pickandplace_clean_2M
sac_her,action_reversal,0,0.0,-150.0,0.0,0.2066018563784001,150,0.0623825639486312,1.4081103801727295,0.0,0.0,,457,none,B1,sac_her_pickandplace_clean_2M
sac_her,action_reversal,0,0.0,-150.0,0.0,0.2058833233297693,150,0.1156150996685028,1.3938603401184082,0.0,0.0,,458,none,B1,sac_her_pickandplace_clean_2M
sac_her,action_reversal,0,0.0,-150.0,0.0,0.1676100894760241,150,0.1085186675190925,1.0428403615951538,0.0,0.0,,459,none,B1,sac_her_pickandplace_clean_2M
sac_her,action_reversal,0,0.0,-150.0,0.0,0.3129097043258147,150,0.045362439006567,1.8573508262634275,0.0,0.0,,460,none,B1,sac_her_pickandplace_clean_2M
sac_her,action_reversal,0,0.0,-150.0,0.0,0.2001507977261797,150,0.0777293369174003,1.153721809387207,0.0,0.0,,461,none,B1,sac_her_pickandplace_clean_2M
sac_her,action_reversal,0,0.0,-150.0,0.0,0.3799650320755521,150,0.0680236592888832,1.0352600812911987,0.0,0.0,,462,none,B1,sac_her_pickandplace_clean_2M
sac_her,action_reversal,0,0.0,-150.0,0.0,0.1788857498375788,150,0.0352825447916984,1.460296630859375,0.0,0.0,,463,none,B1,sac_her_pickandplace_clean_2M
sac_her,action_reversal,0,0.0,-150.0,0.0,0.154614811366096,150,0.0443067699670791,1.1339160203933716,0.0,0.0,,464,none,B1,sac_her_pickandplace_clean_2M
sac_her,action_reversal,0,0.0,-150.0,0.0,0.4111389638095413,150,0.0220651440322399,1.7107146978378296,0.0,0.0,,465,none,B1,sac_her_pickandplace_clean_2M
sac_her,action_reversal,0,0.0,-150.0,0.0,0.186082454838959,150,0.0972230359911918,1.4370917081832886,0.0,0.0,,466,none,B1,sac_her_pickandplace_clean_2M
sac_her,action_reversal,0,0.0,-150.0,0.0,0.2200316888638789,150,0.0385209135711193,1.5684112310409546,0.0,0.0,,467,none,B1,sac_her_pickandplace_clean_2M
sac_her,action_reversal,0,0.0,-150.0,0.0,0.2521079292661852,150,0.0252314209938049,1.2514595985412598,0.0,0.0,,468,none,B1,sac_her_pickandplace_clean_2M
sac_her,action_reversal,0,0.0,-150.0,0.0,0.2634386735484078,150,0.0596265718340873,1.4907166957855225,0.0,0.0,,469,none,B1,sac_her_pickandplace_clean_2M
sac_her,action_reversal,0,0.0,-150.0,0.0,0.1604367988897489,150,0.0747196972370147,1.0946577787399292,0.0,0.0,,470,none,B1,sac_her_pickandplace_clean_2M
sac_her,action_reversal,0,0.0,-150.0,0.0,0.508012960487553,150,0.0614987127482891,1.619709014892578,0.0,0.0,,471,none,B1,sac_her_pickandplace_clean_2M
sac_her,action_reversal,0,0.0,-150.0,0.0,0.1498067725970526,150,0.0724598616361618,0.7435932159423828,0.0,0.0,,472,none,B1,sac_her_pickandplace_clean_2M
sac_her,action_reversal,0,0.0,-150.0,0.0,0.4219135440886297,150,0.0502152554690837,1.4269752502441406,0.0,0.0,,473,none,B1,sac_her_pickandplace_clean_2M
sac_her,action_reversal,0,0.0,-150.0,0.0,0.4796817585036592,150,0.0219656508415937,1.645031213760376,0.0,0.0,,474,none,B1,sac_her_pickandplace_clean_2M
sac_her,action_reversal,0,0.0,-150.0,0.0,0.4596373729419731,150,0.0573212429881095,1.243394136428833,0.0,0.0,,475,none,B1,sac_her_pickandplace_clean_2M
sac_her,action_reversal,0,0.0,-150.0,0.0,0.3386463014797066,150,0.064301922917366,1.6137531995773315,0.0,0.0,,476,none,B1,sac_her_pickandplace_clean_2M
sac_her,action_reversal,0,0.0,-150.0,0.0,0.3098377992113302,150,0.0501632764935493,1.3693137168884275,0.0,0.0,,477,none,B1,sac_her_pickandplace_clean_2M
sac_her,action_reversal,0,0.0,-150.0,0.0,0.4706383277021961,150,0.0285162515938282,1.0657895803451538,0.0,0.0,,478,none,B1,sac_her_pickandplace_clean_2M
sac_her,action_reversal,0,0.0,-150.0,0.0,0.2375975126520051,150,0.0528218559920787,1.3514961004257202,0.0,0.0,,479,none,B1,sac_her_pickandplace_clean_2M
sac_her,goal_spoof_immediate,0,0.1,-149.0,0.0,0.0645125298076594,150,0.970456600189209,1.1484482288360596,0.0,0.0,12.0,540,none,B1,sac_her_pickandplace_clean_2M
sac_her,goal_spoof_immediate,0,0.1,-150.0,0.0,0.0899051696458466,150,0.060684185475111,1.055810570716858,0.0,0.0,,541,none,B1,sac_her_pickandplace_clean_2M
sac_her,goal_spoof_immediate,0,0.1,-150.0,0.0,0.1019841935028906,150,0.0562843531370162,1.032846450805664,0.0,0.0,,542,none,B1,sac_her_pickandplace_clean_2M
sac_her,goal_spoof_immediate,0,0.1,-150.0,0.0,0.0692057964815776,150,0.066452108323574,1.047605037689209,0.0,0.0,,543,none,B1,sac_her_pickandplace_clean_2M
sac_her,goal_spoof_immediate,0,0.1,-150.0,0.0,0.103114649787008,150,0.1211402714252471,1.0779552459716797,0.0,0.0,,544,none,B1,sac_her_pickandplace_clean_2M
sac_her,goal_spoof_immediate,0,0.1,-150.0,0.0,0.0930940889434277,150,0.7081961631774902,1.1139529943466189,0.0,0.0,,545,none,B1,sac_her_pickandplace_clean_2M
sac_her,goal_spoof_immediate,0,0.1,-150.0,0.0,0.1097083143345076,150,1.562260627746582,1.294886827468872,0.0,0.0,,546,none,B1,sac_her_pickandplace_clean_2M
sac_her,goal_spoof_immediate,0,0.1,-150.0,0.0,0.0837410383191848,150,1.5924460887908936,1.310520887374878,0.0,0.0,,547,none,B1,sac_her_pickandplace_clean_2M
sac_her,goal_spoof_immediate,0,0.1,-150.0,0.0,0.0960506972626728,150,0.0616706795990467,1.03092360496521,0.0,0.0,,548,none,B1,sac_her_pickandplace_clean_2M
sac_her,goal_spoof_immediate,0,0.1,-145.0,0.0,0.0968089169701631,150,0.0625429302453994,1.334146499633789,0.0,0.0,7.0,549,none,B1,sac_her_pickandplace_clean_2M
sac_her,goal_spoof_immediate,0,0.1,-150.0,0.0,0.1086642489408273,150,0.0707077458500862,1.0487126111984253,0.0,0.0,,550,none,B1,sac_her_pickandplace_clean_2M
sac_her,goal_spoof_immediate,0,0.1,-150.0,0.0,0.1337558729963851,150,1.660457968711853,1.3495553731918335,0.0,0.0,,551,none,B1,sac_her_pickandplace_clean_2M
sac_her,goal_spoof_immediate,0,0.1,-150.0,0.0,0.1102963771001204,150,0.0629098266363143,1.0400683879852295,0.0,0.0,,552,none,B1,sac_her_pickandplace_clean_2M
sac_her,goal_spoof_immediate,0,0.1,-150.0,0.0,0.1362373004541068,150,1.660797357559204,1.328945279121399,0.0,0.0,,553,none,B1,sac_her_pickandplace_clean_2M
sac_her,goal_spoof_immediate,0,0.1,-150.0,0.0,0.0601331824811902,150,0.047351986169815,0.9927601218223572,0.0,0.0,,554,none,B1,sac_her_pickandplace_clean_2M
sac_her,goal_spoof_immediate,0,0.1,-150.0,0.0,0.1001633686569049,150,0.0726505741477012,1.0468401908874512,0.0,0.0,,555,none,B1,sac_her_pickandplace_clean_2M
sac_her,goal_spoof_immediate,0,0.1,-150.0,0.0,0.0968154475152754,150,0.0931056141853332,1.222275972366333,0.0,0.0,,556,none,B1,sac_her_pickandplace_clean_2M
sac_her,goal_spoof_immediate,0,0.1,-150.0,0.0,0.1522845997924118,150,0.0614030584692955,1.0351994037628174,0.0,0.0,,557,none,B1,sac_her_pickandplace_clean_2M
sac_her,goal_spoof_immediate,0,0.1,-150.0,0.0,0.1284964950129895,150,1.4921791553497314,1.3047155141830444,0.0,0.0,,558,none,B1,sac_her_pickandplace_clean_2M
sac_her,goal_spoof_immediate,0,0.1,-150.0,0.0,0.0566982446451597,150,0.0491319298744201,1.2078968286514282,0.0,0.0,,559,none,B1,sac_her_pickandplace_clean_2M
sac_her,goal_spoof_immediate,0,0.1,-148.0,0.0,0.132093591789817,150,0.0602901428937912,1.276858925819397,0.0,0.0,7.0,560,none,B1,sac_her_pickandplace_clean_2M
sac_her,goal_spoof_immediate,0,0.1,-150.0,0.0,0.0710049110727753,150,0.075626865029335,1.062868595123291,0.0,0.0,,561,none,B1,sac_her_pickandplace_clean_2M
sac_her,goal_spoof_immediate,0,0.1,-150.0,0.0,0.0946669504716617,150,1.312042236328125,1.2077889442443848,0.0,0.0,,562,none,B1,sac_her_pickandplace_clean_2M
sac_her,goal_spoof_immediate,0,0.1,-149.0,0.0,0.084603215997372,150,0.0668484717607498,1.073596477508545,0.0,0.0,17.0,563,none,B1,sac_her_pickandplace_clean_2M
sac_her,goal_spoof_immediate,0,0.1,-150.0,0.0,0.0940921051264094,150,0.0696592926979065,1.0828431844711304,0.0,0.0,,564,none,B1,sac_her_pickandplace_clean_2M
sac_her,goal_spoof_immediate,0,0.1,-150.0,0.0,0.0737470230035655,150,0.0706573501229286,1.0589866638183594,0.0,0.0,,565,none,B1,sac_her_pickandplace_clean_2M
sac_her,goal_spoof_immediate,0,0.1,-150.0,0.0,0.1305084988600732,150,0.0594155117869377,1.0467982292175293,0.0,0.0,,566,none,B1,sac_her_pickandplace_clean_2M
sac_her,goal_spoof_immediate,0,0.1,-150.0,0.0,0.1057889312834708,150,0.0611331425607204,1.030036211013794,0.0,0.0,,567,none,B1,sac_her_pickandplace_clean_2M
sac_her,goal_spoof_immediate,0,0.1,-150.0,0.0,0.1477405629986965,150,0.0665972977876663,1.068280577659607,0.0,0.0,,568,none,B1,sac_her_pickandplace_clean_2M
sac_her,goal_spoof_immediate,0,0.1,-150.0,0.0,0.0985550050157736,150,0.0546036660671234,1.0350630283355713,0.0,0.0,,569,none,B1,sac_her_pickandplace_clean_2M
sac_her,goal_spoof_midep,0,0.1,-100.0,0.0,0.0791561737873401,150,0.1054392978549003,1.1378381252288818,0.0,0.0,12.0,630,none,B1,sac_her_pickandplace_clean_2M
sac_her,goal_spoof_midep,0,0.1,-106.0,0.0,0.107147374314367,150,0.075938656926155,1.0498958826065063,0.0,0.0,16.0,631,none,B1,sac_her_pickandplace_clean_2M
sac_her,goal_spoof_midep,0,0.1,-97.0,0.0,0.1038709493756886,150,0.1567554473876953,1.0437264442443848,0.0,0.0,8.0,632,none,B1,sac_her_pickandplace_clean_2M
sac_her,goal_spoof_midep,0,0.1,-102.0,0.0,0.0819229897174065,150,0.0919595658779144,1.0480409860610962,0.0,0.0,13.0,633,none,B1,sac_her_pickandplace_clean_2M
sac_her,goal_spoof_midep,0,0.1,-104.0,0.0,0.0947380934112017,150,0.0742672309279441,1.0360971689224243,0.0,0.0,15.0,634,none,B1,sac_her_pickandplace_clean_2M
sac_her,goal_spoof_midep,0,0.1,-8.0,1.0,0.0480418939221583,150,0.0605981238186359,1.032581806182861,0.0,0.0,8.0,635,none,B1,sac_her_pickandplace_clean_2M
sac_her,goal_spoof_midep,0,0.1,-96.0,0.0,0.1484798059354601,150,0.5047317743301392,1.088658571243286,0.0,0.0,7.0,636,none,B1,sac_her_pickandplace_clean_2M
sac_her,goal_spoof_midep,0,0.1,-96.0,0.0,0.1317053823036946,150,0.9332383871078492,1.1414070129394531,0.0,0.0,7.0,637,none,B1,sac_her_pickandplace_clean_2M
sac_her,goal_spoof_midep,0,0.1,-99.0,0.0,0.1172240104510485,150,0.0806144028902053,1.0405216217041016,0.0,0.0,10.0,638,none,B1,sac_her_pickandplace_clean_2M
sac_her,goal_spoof_midep,0,0.1,-95.0,0.0,0.0975373154011865,150,0.9741278290748596,1.161280870437622,0.0,0.0,6.0,639,none,B1,sac_her_pickandplace_clean_2M
sac_her,goal_spoof_midep,0,0.1,-104.0,0.0,0.1336407646158428,150,0.0922626107931137,1.0572139024734497,0.0,0.0,14.0,640,none,B1,sac_her_pickandplace_clean_2M
sac_her,goal_spoof_midep,0,0.1,-98.0,0.0,0.1099849077587775,150,0.2436221837997436,1.1385042667388916,0.0,0.0,8.0,641,none,B1,sac_her_pickandplace_clean_2M
sac_her,goal_spoof_midep,0,0.1,-103.0,0.0,0.1323101093489418,150,0.0803092122077941,1.0503491163253784,0.0,0.0,13.0,642,none,B1,sac_her_pickandplace_clean_2M
sac_her,goal_spoof_midep,0,0.1,-90.0,0.0,0.0557041883723506,150,0.106963574886322,1.1484460830688477,0.0,0.0,7.0,643,none,B1,sac_her_pickandplace_clean_2M
sac_her,goal_spoof_midep,0,0.1,-95.0,0.0,0.1135677518255972,150,0.0843164026737213,1.1451261043548584,0.0,0.0,6.0,644,none,B1,sac_her_pickandplace_clean_2M
sac_her,goal_spoof_midep,0,0.1,-102.0,0.0,0.0791618112921427,150,0.0708758533000946,1.0451011657714844,0.0,0.0,13.0,645,none,B1,sac_her_pickandplace_clean_2M
sac_her,goal_spoof_midep,0,0.1,-26.0,0.0,0.0505714750001935,150,0.1285655051469802,1.0318011045455933,0.0,0.0,7.0,646,none,B1,sac_her_pickandplace_clean_2M
sac_her,goal_spoof_midep,0,0.1,-99.0,0.0,0.116994764839665,150,0.0813412070274353,1.0450893640518188,0.0,0.0,9.0,647,none,B1,sac_her_pickandplace_clean_2M
sac_her,goal_spoof_midep,0,0.1,-99.0,0.0,0.1247704506317774,150,0.988767385482788,1.1717538833618164,0.0,0.0,9.0,648,none,B1,sac_her_pickandplace_clean_2M
sac_her,goal_spoof_midep,0,0.1,-98.0,0.0,0.1127238233458565,150,0.0922666862607002,1.1289129257202148,0.0,0.0,10.0,649,none,B1,sac_her_pickandplace_clean_2M
sac_her,goal_spoof_midep,0,0.1,-95.0,0.0,0.0757003638885578,150,0.8947046995162964,1.121354579925537,0.0,0.0,6.0,650,none,B1,sac_her_pickandplace_clean_2M
sac_her,goal_spoof_midep,0,0.1,-107.0,0.0,0.1089921772565817,150,0.0930913910269737,1.0615321397781372,0.0,0.0,17.0,651,none,B1,sac_her_pickandplace_clean_2M
sac_her,goal_spoof_midep,0,0.1,-96.0,0.0,0.1201576561251673,150,0.9813886880874634,1.155815839767456,0.0,0.0,6.0,652,none,B1,sac_her_pickandplace_clean_2M
sac_her,goal_spoof_midep,0,0.1,-104.0,0.0,0.0751460533791525,150,0.0668478235602378,1.0486037731170654,0.0,0.0,15.0,653,none,B1,sac_her_pickandplace_clean_2M
sac_her,goal_spoof_midep,0,0.1,-107.0,0.0,0.1299678922992133,150,0.0827938094735145,1.0638588666915894,0.0,0.0,17.0,654,none,B1,sac_her_pickandplace_clean_2M
sac_her,goal_spoof_midep,0,0.1,-108.0,0.0,0.1221896314344398,150,0.0827944353222847,1.0677679777145386,0.0,0.0,18.0,655,none,B1,sac_her_pickandplace_clean_2M
sac_her,goal_spoof_midep,0,0.1,-103.0,0.0,0.1132188949692071,150,0.0780257061123848,1.034760355949402,0.0,0.0,13.0,656,none,B1,sac_her_pickandplace_clean_2M
sac_her,goal_spoof_midep,0,0.1,-99.0,0.0,0.0701225772882448,150,0.3119573295116424,1.0580204725265503,0.0,0.0,10.0,657,none,B1,sac_her_pickandplace_clean_2M
sac_her,goal_spoof_midep,0,0.1,-106.0,0.0,0.0995851960964656,150,0.0847826525568962,1.0788187980651855,0.0,0.0,16.0,658,none,B1,sac_her_pickandplace_clean_2M
sac_her,goal_spoof_midep,0,0.1,-99.0,0.0,0.0630238557962489,150,0.0712763890624046,1.0313574075698853,0.0,0.0,10.0,659,none,B1,sac_her_pickandplace_clean_2M
sac_her,object_pose_spoof,0,0.1,-150.0,0.0,0.0793642312753451,150,0.1086597591638565,1.3261653184890747,0.0,0.0,,720,none,B1,sac_her_pickandplace_clean_2M
sac_her,object_pose_spoof,0,0.1,-150.0,0.0,0.0961880212847997,150,0.0676867365837097,1.0597807168960571,0.0,0.0,,721,none,B1,sac_her_pickandplace_clean_2M
sac_her,object_pose_spoof,0,0.1,-150.0,0.0,0.1207988893289999,150,1.5654122829437256,1.2962698936462402,0.0,0.0,,722,none,B1,sac_her_pickandplace_clean_2M
sac_her,object_pose_spoof,0,0.1,-11.0,1.0,0.0209609084657985,150,0.0590652823448181,1.0452827215194702,0.0,0.0,11.0,723,none,B1,sac_her_pickandplace_clean_2M
sac_her,object_pose_spoof,0,0.1,-14.0,1.0,0.0225164045667658,150,0.0521454848349094,1.0348625183105469,0.0,0.0,14.0,724,none,B1,sac_her_pickandplace_clean_2M
sac_her,object_pose_spoof,0,0.1,-8.0,1.0,0.0209727381738205,150,0.0581011660397052,1.0296409130096436,0.0,0.0,8.0,725,none,B1,sac_her_pickandplace_clean_2M
sac_her,object_pose_spoof,0,0.1,-150.0,0.0,0.086669443634704,150,0.9929927587509156,1.0946727991104126,0.0,0.0,,726,none,B1,sac_her_pickandplace_clean_2M
sac_her,object_pose_spoof,0,0.1,-150.0,0.0,0.0912963624265659,150,0.3901797235012054,0.9709433913230896,0.0,0.0,,727,none,B1,sac_her_pickandplace_clean_2M
sac_her,object_pose_spoof,0,0.1,-150.0,0.0,0.0688403956229126,150,0.0608549453318119,1.0260217189788818,0.0,0.0,,728,none,B1,sac_her_pickandplace_clean_2M
sac_her,object_pose_spoof,0,0.1,-7.0,1.0,0.0445564790105905,150,0.2208340018987655,0.8825161457061768,0.0,0.0,7.0,729,none,B1,sac_her_pickandplace_clean_2M
sac_her,object_pose_spoof,0,0.1,-150.0,0.0,0.0965348016792923,150,0.0649867579340934,1.0224047899246216,0.0,0.0,,730,none,B1,sac_her_pickandplace_clean_2M
sac_her,object_pose_spoof,0,0.1,-150.0,0.0,0.0973138165714775,150,0.5090674161911011,0.8015968799591064,0.0,0.0,,731,none,B1,sac_her_pickandplace_clean_2M
sac_her,object_pose_spoof,0,0.1,-150.0,0.0,0.0696991616531247,150,0.0629661083221435,1.053133487701416,0.0,0.0,,732,none,B1,sac_her_pickandplace_clean_2M
sac_her,object_pose_spoof,0,0.1,-12.0,1.0,0.0497289074409005,150,0.1037910357117652,1.3172245025634766,0.0,0.0,12.0,733,none,B1,sac_her_pickandplace_clean_2M
sac_her,object_pose_spoof,0,0.1,-7.0,1.0,0.0171054993037693,150,0.0452801249921321,1.3224601745605469,0.0,0.0,7.0,734,none,B1,sac_her_pickandplace_clean_2M
sac_her,object_pose_spoof,0,0.1,-150.0,0.0,0.1271659817252327,150,0.0534416735172271,1.029728651046753,0.0,0.0,,735,none,B1,sac_her_pickandplace_clean_2M
sac_her,object_pose_spoof,0,0.1,-150.0,0.0,0.063192526399812,150,0.0874915644526481,1.1192140579223633,0.0,0.0,,736,none,B1,sac_her_pickandplace_clean_2M
sac_her,object_pose_spoof,0,0.1,-146.0,0.0,0.0570847357147243,150,0.0645944774150848,1.0369518995285034,0.0,0.0,10.0,737,none,B1,sac_her_pickandplace_clean_2M
sac_her,object_pose_spoof,0,0.1,-132.0,0.0,0.0510894177723564,150,0.097183883190155,1.1971648931503296,0.0,0.0,41.0,738,none,B1,sac_her_pickandplace_clean_2M
sac_her,object_pose_spoof,0,0.1,-143.0,0.0,0.0611181973270576,150,0.0594866946339607,1.3032711744308472,0.0,0.0,10.0,739,none,B1,sac_her_pickandplace_clean_2M
sac_her,object_pose_spoof,0,0.1,-148.0,0.0,0.0586396859329172,150,0.6117127537727356,0.9190751910209656,0.0,0.0,7.0,740,none,B1,sac_her_pickandplace_clean_2M
sac_her,object_pose_spoof,0,0.1,-19.0,1.0,0.0478013293374289,150,0.0742711126804351,1.0610610246658323,0.0,0.0,19.0,741,none,B1,sac_her_pickandplace_clean_2M
sac_her,object_pose_spoof,0,0.1,-150.0,0.0,0.0923974847387639,150,0.3650491535663605,0.9412078857421876,0.0,0.0,,742,none,B1,sac_her_pickandplace_clean_2M
sac_her,object_pose_spoof,0,0.1,-14.0,1.0,0.0397968139897725,150,0.0573522970080375,1.0573457479476929,0.0,0.0,14.0,743,none,B1,sac_her_pickandplace_clean_2M
sac_her,object_pose_spoof,0,0.1,-150.0,0.0,0.1039375716722931,150,0.0607271082699298,1.0530413389205933,0.0,0.0,,744,none,B1,sac_her_pickandplace_clean_2M
sac_her,object_pose_spoof,0,0.1,-147.0,0.0,0.0609046484999295,150,0.0774232968688011,1.0765231847763062,0.0,0.0,21.0,745,none,B1,sac_her_pickandplace_clean_2M
sac_her,object_pose_spoof,0,0.1,-16.0,1.0,0.0459716440967843,150,0.0576111972332,1.039036989212036,0.0,0.0,16.0,746,none,B1,sac_her_pickandplace_clean_2M
sac_her,object_pose_spoof,0,0.1,-147.0,0.0,0.0717881715179694,150,0.3368255794048309,1.068947196006775,0.0,0.0,12.0,747,none,B1,sac_her_pickandplace_clean_2M
sac_her,object_pose_spoof,0,0.1,-150.0,0.0,0.0685083393771888,150,0.0634051635861396,1.0522688627243042,0.0,0.0,,748,none,B1,sac_her_pickandplace_clean_2M
sac_her,object_pose_spoof,0,0.1,-150.0,0.0,0.0546677786792993,150,0.0548975579440593,1.0214208364486694,0.0,0.0,,749,none,B1,sac_her_pickandplace_clean_2M
sac_her,grip_state_falsification,0,0.0,-150.0,0.0,0.3159122602003048,150,0.7106038928031921,1.06848406791687,0.0,0.0,,810,none,B1,sac_her_pickandplace_clean_2M
sac_her,grip_state_falsification,0,0.0,-150.0,0.0,0.3884547695970575,150,1.955627202987671,1.414101481437683,0.0,0.0,,811,none,B1,sac_her_pickandplace_clean_2M
sac_her,grip_state_falsification,0,0.0,-150.0,0.0,0.236402489813465,150,1.5977758169174194,1.2870912551879885,0.0,0.0,,812,none,B1,sac_her_pickandplace_clean_2M
sac_her,grip_state_falsification,0,0.0,-150.0,0.0,0.3213978804705762,150,0.0840476229786872,1.0055279731750488,0.0,0.0,,813,none,B1,sac_her_pickandplace_clean_2M
sac_her,grip_state_falsification,0,0.0,-150.0,0.0,0.3833991408667048,150,1.9758093357086184,1.4145135879516602,0.0,0.0,,814,none,B1,sac_her_pickandplace_clean_2M
sac_her,grip_state_falsification,0,0.0,-150.0,0.0,0.2566632391824746,150,1.7846542596817017,1.3169907331466677,0.0,0.0,,815,none,B1,sac_her_pickandplace_clean_2M
sac_her,grip_state_falsification,0,0.0,-150.0,0.0,0.0642558785327209,150,0.891233503818512,1.072106957435608,0.0,0.0,,816,none,B1,sac_her_pickandplace_clean_2M
sac_her,grip_state_falsification,0,0.0,-150.0,0.0,0.0715323594760388,150,0.8063774108886719,1.1240851879119873,0.0,0.0,,817,none,B1,sac_her_pickandplace_clean_2M
sac_her,grip_state_falsification,0,0.0,-150.0,0.0,0.2058833233297693,150,1.869621515274048,1.3807162046432495,0.0,0.0,,818,none,B1,sac_her_pickandplace_clean_2M
sac_her,grip_state_falsification,0,0.0,-10.0,1.0,0.0170083110136504,150,1.0262551307678225,0.9967297315597534,0.0,0.0,10.0,819,none,B1,sac_her_pickandplace_clean_2M
sac_her,grip_state_falsification,0,0.0,-150.0,0.0,0.3129097043258147,150,1.8331503868103027,1.3661468029022217,0.0,0.0,,820,none,B1,sac_her_pickandplace_clean_2M
sac_her,grip_state_falsification,0,0.0,-69.0,1.0,0.0406258008945153,150,0.6810814142227173,1.0751047134399414,0.0,0.0,69.0,821,none,B1,sac_her_pickandplace_clean_2M
sac_her,grip_state_falsification,0,0.0,-150.0,0.0,0.3799650320755521,150,1.7592675685882568,1.348279595375061,0.0,0.0,,822,none,B1,sac_her_pickandplace_clean_2M
sac_her,grip_state_falsification,0,0.0,-107.0,1.0,0.034992558921967,150,0.7138364911079407,1.1144360303878784,0.0,0.0,106.0,823,none,B1,sac_her_pickandplace_clean_2M
sac_her,grip_state_falsification,0,0.0,-11.0,1.0,0.0020877321968592,150,0.2856582999229431,0.6590182781219482,0.0,0.0,11.0,824,none,B1,sac_her_pickandplace_clean_2M
sac_her,grip_state_falsification,0,0.0,-150.0,0.0,0.4111389638095413,150,1.71880042552948,1.3228585720062256,0.0,0.0,,825,none,B1,sac_her_pickandplace_clean_2M
sac_her,grip_state_falsification,0,0.0,-150.0,0.0,0.2241936533971959,150,0.0309519320726394,0.9909914135932922,0.0,0.0,,826,none,B1,sac_her_pickandplace_clean_2M
sac_her,grip_state_falsification,0,0.0,-150.0,0.0,0.2200316888638789,150,1.2671887874603271,1.1934301853179932,0.0,0.0,,827,none,B1,sac_her_pickandplace_clean_2M
sac_her,grip_state_falsification,0,0.0,-150.0,0.0,0.23606422686457,150,2.4327778816223145,1.6183565855026243,0.0,0.0,,828,none,B1,sac_her_pickandplace_clean_2M
sac_her,grip_state_falsification,0,0.0,-150.0,0.0,0.2875379857399505,150,0.037756685167551,0.94868266582489,0.0,0.0,,829,none,B1,sac_her_pickandplace_clean_2M
sac_her,grip_state_falsification,0,0.0,-73.0,1.0,0.0478080352975041,150,0.952728271484375,1.1005147695541382,0.0,0.0,63.0,830,none,B1,sac_her_pickandplace_clean_2M
sac_her,grip_state_falsification,0,0.0,-150.0,0.0,0.508012960487553,150,1.0946738719940186,1.1497646570205688,0.0,0.0,,831,none,B1,sac_her_pickandplace_clean_2M
sac_her,grip_state_falsification,0,0.0,-150.0,0.0,0.2362495152949721,150,1.9610604047775269,1.4316397905349731,0.0,0.0,,832,none,B1,sac_her_pickandplace_clean_2M
sac_her,grip_state_falsification,0,0.0,-150.0,0.0,0.4219135440886297,150,1.8028205633163452,1.3491864204406738,0.0,0.0,,833,none,B1,sac_her_pickandplace_clean_2M
sac_her,grip_state_falsification,0,0.0,-150.0,0.0,0.4796817585036592,150,1.098330855369568,1.171712875366211,0.0,0.0,,834,none,B1,sac_her_pickandplace_clean_2M
sac_her,grip_state_falsification,0,0.0,-150.0,0.0,0.4596373729419731,150,0.2200998365879058,1.034722924232483,0.0,0.0,,835,none,B1,sac_her_pickandplace_clean_2M
sac_her,grip_state_falsification,0,0.0,-150.0,0.0,0.3386463014797066,150,1.6605640649795532,1.307701826095581,0.0,0.0,,836,none,B1,sac_her_pickandplace_clean_2M
sac_her,grip_state_falsification,0,0.0,-150.0,0.0,0.3114548513163217,150,0.1042297258973121,0.9738006591796876,0.0,0.0,,837,none,B1,sac_her_pickandplace_clean_2M
sac_her,grip_state_falsification,0,0.0,-150.0,0.0,0.4706383277021961,150,1.780648708343506,1.3525022268295288,0.0,0.0,,838,none,B1,sac_her_pickandplace_clean_2M
sac_her,grip_state_falsification,0,0.0,-150.0,0.0,0.2375975126520051,150,1.7284623384475708,1.275093913078308,0.0,0.0,,839,none,B1,sac_her_pickandplace_clean_2M
sac_her,contact_dropout,0,0.0,-150.0,0.0,0.3549225360528287,150,0.0264062006026506,0.9988141059875488,0.0,0.0,,900,none,B1,sac_her_pickandplace_clean_2M
sac_her,contact_dropout,0,0.0,-150.0,0.0,0.3884547695970575,150,0.0425016358494758,1.3399821519851685,0.0,0.0,,901,none,B1,sac_her_pickandplace_clean_2M
sac_her,contact_dropout,0,0.0,-150.0,0.0,0.2364647540081676,150,0.0306803006678819,0.7366104125976562,0.0,0.0,,902,none,B1,sac_her_pickandplace_clean_2M
sac_her,contact_dropout,0,0.0,-150.0,0.0,0.3213978804705762,150,0.0353325679898262,0.9465291500091552,0.0,0.0,,903,none,B1,sac_her_pickandplace_clean_2M
sac_her,contact_dropout,0,0.0,-150.0,0.0,0.3833991408667048,150,0.0330922491848468,1.039025902748108,0.0,0.0,,904,none,B1,sac_her_pickandplace_clean_2M
sac_her,contact_dropout,0,0.0,-150.0,0.0,0.2566632391824746,150,0.0263158958405256,0.9998063445091248,0.0,0.0,,905,none,B1,sac_her_pickandplace_clean_2M
sac_her,contact_dropout,0,0.0,-150.0,0.0,0.1327306197333847,150,0.024175863713026,1.244479775428772,0.0,0.0,,906,none,B1,sac_her_pickandplace_clean_2M
sac_her,contact_dropout,0,0.0,-150.0,0.0,0.2066018563784001,150,0.0258230231702327,1.3077939748764038,0.0,0.0,,907,none,B1,sac_her_pickandplace_clean_2M
sac_her,contact_dropout,0,0.0,-150.0,0.0,0.2058833233297693,150,0.0503825321793556,1.0810925960540771,0.0,0.0,,908,none,B1,sac_her_pickandplace_clean_2M
sac_her,contact_dropout,0,0.0,-150.0,0.0,0.1676100894760241,150,0.0336283966898918,1.1741328239440918,0.0,0.0,,909,none,B1,sac_her_pickandplace_clean_2M
sac_her,contact_dropout,0,0.0,-150.0,0.0,0.3129097043258147,150,0.0201735123991966,1.0061979293823242,0.0,0.0,,910,none,B1,sac_her_pickandplace_clean_2M
sac_her,contact_dropout,0,0.0,-150.0,0.0,0.2001507977261797,150,0.0241773277521133,1.3472137451171875,0.0,0.0,,911,none,B1,sac_her_pickandplace_clean_2M
sac_her,contact_dropout,0,0.0,-150.0,0.0,0.3799650320755521,150,0.0523465573787689,0.9773624539375304,0.0,0.0,,912,none,B1,sac_her_pickandplace_clean_2M
sac_her,contact_dropout,0,0.0,-150.0,0.0,0.1788857498375788,150,0.0299442559480667,1.3194472789764404,0.0,0.0,,913,none,B1,sac_her_pickandplace_clean_2M
sac_her,contact_dropout,0,0.0,-150.0,0.0,0.154614811366096,150,0.0327683687210083,1.2395424842834473,0.0,0.0,,914,none,B1,sac_her_pickandplace_clean_2M
sac_her,contact_dropout,0,0.0,-150.0,0.0,0.4111389638095413,150,0.0320209674537181,0.991978645324707,0.0,0.0,,915,none,B1,sac_her_pickandplace_clean_2M
sac_her,contact_dropout,0,0.0,-150.0,0.0,0.186082454838959,150,0.0359498932957649,1.3314650058746338,0.0,0.0,,916,none,B1,sac_her_pickandplace_clean_2M
sac_her,contact_dropout,0,0.0,-150.0,0.0,0.2200316888638789,150,0.0402405187487602,0.9672695994377136,0.0,0.0,,917,none,B1,sac_her_pickandplace_clean_2M
sac_her,contact_dropout,0,0.0,-150.0,0.0,0.2521079292661852,150,0.0219639986753463,1.206767201423645,0.0,0.0,,918,none,B1,sac_her_pickandplace_clean_2M
sac_her,contact_dropout,0,0.0,-150.0,0.0,0.2634386735484078,150,0.0309687722474336,1.3025803565979004,0.0,0.0,,919,none,B1,sac_her_pickandplace_clean_2M
sac_her,contact_dropout,0,0.0,-150.0,0.0,0.1604367988897489,150,0.0373326502740383,1.348603129386902,0.0,0.0,,920,none,B1,sac_her_pickandplace_clean_2M
sac_her,contact_dropout,0,0.0,-150.0,0.0,0.508012960487553,150,0.0259656812995672,1.5503969192504885,0.0,0.0,,921,none,B1,sac_her_pickandplace_clean_2M
sac_her,contact_dropout,0,0.0,-150.0,0.0,0.1498067725970526,150,0.0419429689645767,1.2814788818359375,0.0,0.0,,922,none,B1,sac_her_pickandplace_clean_2M
sac_her,contact_dropout,0,0.0,-150.0,0.0,0.4219135440886297,150,0.0255971532315015,1.1713703870773315,0.0,0.0,,923,none,B1,sac_her_pickandplace_clean_2M
sac_her,contact_dropout,0,0.0,-150.0,0.0,0.4796817585036592,150,0.0252467095851898,1.507171630859375,0.0,0.0,,924,none,B1,sac_her_pickandplace_clean_2M
sac_her,contact_dropout,0,0.0,-150.0,0.0,0.4596373729419731,150,0.0186118334531784,1.4301284551620483,0.0,0.0,,925,none,B1,sac_her_pickandplace_clean_2M
sac_her,contact_dropout,0,0.0,-150.0,0.0,0.3386463014797066,150,0.0300379302352666,1.049336552619934,0.0,0.0,,926,none,B1,sac_her_pickandplace_clean_2M
sac_her,contact_dropout,0,0.0,-150.0,0.0,0.3098377992113302,150,0.022500080987811,0.8459528684616089,0.0,0.0,,927,none,B1,sac_her_pickandplace_clean_2M
sac_her,contact_dropout,0,0.0,-150.0,0.0,0.4706383277021961,150,0.0243047084659338,1.0959042310714722,0.0,0.0,,928,none,B1,sac_her_pickandplace_clean_2M
sac_her,contact_dropout,0,0.0,-150.0,0.0,0.2375975126520051,150,0.0310502890497446,1.000185489654541,0.0,0.0,,929,none,B1,sac_her_pickandplace_clean_2M
sac_her,clean,1,0.0,-8.0,1.0,0.0130869590327559,150,0.0664717108011245,0.8992049098014832,0.0,0.0,8.0,990,none,B0,sac_her_pickandplace_clean_2M
sac_her,clean,1,0.0,-5.0,1.0,0.0165410496816617,150,0.078574001789093,0.9075036644935608,0.0,0.0,5.0,991,none,B0,sac_her_pickandplace_clean_2M
sac_her,clean,1,0.0,-16.0,1.0,0.0361341862006269,150,0.0872697904706001,1.055423140525818,0.0,0.0,16.0,992,none,B0,sac_her_pickandplace_clean_2M
sac_her,clean,1,0.0,-10.0,1.0,0.020372308508368,150,0.1571974009275436,1.0045974254608154,0.0,0.0,10.0,993,none,B0,sac_her_pickandplace_clean_2M
sac_her,clean,1,0.0,-8.0,1.0,0.0156152195825569,150,0.0770030617713928,0.9015557765960692,0.0,0.0,8.0,994,none,B0,sac_her_pickandplace_clean_2M
sac_her,clean,1,0.0,-17.0,1.0,0.0348476371693833,150,0.0767415314912796,1.053568720817566,0.0,0.0,17.0,995,none,B0,sac_her_pickandplace_clean_2M
sac_her,clean,1,0.0,-13.0,1.0,0.0185979388193051,150,0.0685630738735199,1.0460108518600464,0.0,0.0,13.0,996,none,B0,sac_her_pickandplace_clean_2M
sac_her,clean,1,0.0,-11.0,1.0,0.017890544314706,150,0.0766041427850723,1.041040539741516,0.0,0.0,11.0,997,none,B0,sac_her_pickandplace_clean_2M
sac_her,clean,1,0.0,-10.0,1.0,0.0292505378609544,150,0.0539610423147678,1.0337780714035034,0.0,0.0,10.0,998,none,B0,sac_her_pickandplace_clean_2M
sac_her,clean,1,0.0,-6.0,1.0,0.0201534525073648,150,1.6143503189086914,1.3101494312286377,0.0,0.0,6.0,999,none,B0,sac_her_pickandplace_clean_2M
sac_her,clean,1,0.0,-5.0,1.0,0.0179847577599219,150,0.0581233203411102,0.8333443999290466,0.0,0.0,5.0,1000,none,B0,sac_her_pickandplace_clean_2M
sac_her,clean,1,0.0,-14.0,1.0,0.0373252204063436,150,0.0569068007171154,1.049187421798706,0.0,0.0,14.0,1001,none,B0,sac_her_pickandplace_clean_2M
sac_her,clean,1,0.0,-16.0,1.0,0.0307758929208971,150,0.0774625837802887,1.0626602172851562,0.0,0.0,16.0,1002,none,B0,sac_her_pickandplace_clean_2M
sac_her,clean,1,0.0,-7.0,1.0,0.0147085690528982,150,0.060875080525875,1.0127906799316406,0.0,0.0,7.0,1003,none,B0,sac_her_pickandplace_clean_2M
sac_her,clean,1,0.0,-7.0,1.0,0.0161555841085213,150,0.0526019521057605,0.982964277267456,0.0,0.0,7.0,1004,none,B0,sac_her_pickandplace_clean_2M
sac_her,clean,1,0.0,-10.0,1.0,0.0132718863946003,150,1.4812434911727903,1.2851139307022097,0.0,0.0,10.0,1005,none,B0,sac_her_pickandplace_clean_2M
sac_her,clean,1,0.0,-10.0,1.0,0.0200444052038092,150,0.1234249547123909,0.933584213256836,0.0,0.0,10.0,1006,none,B0,sac_her_pickandplace_clean_2M
sac_her,clean,1,0.0,-13.0,1.0,0.0363855855213744,150,0.0605689249932765,1.0378371477127075,0.0,0.0,13.0,1007,none,B0,sac_her_pickandplace_clean_2M
sac_her,clean,1,0.0,-13.0,1.0,0.0393104179404623,150,0.0623800605535507,1.0546547174453735,0.0,0.0,13.0,1008,none,B0,sac_her_pickandplace_clean_2M
sac_her,clean,1,0.0,-11.0,1.0,0.0371958893064059,150,0.0557001084089279,1.0400761365890503,0.0,0.0,11.0,1009,none,B0,sac_her_pickandplace_clean_2M
sac_her,clean,1,0.0,-9.0,1.0,0.0164050282646486,150,0.0846501588821411,1.0189203023910522,0.0,0.0,9.0,1010,none,B0,sac_her_pickandplace_clean_2M
sac_her,clean,1,0.0,-5.0,1.0,0.0225027197626276,150,1.2769635915756226,1.2047119140625,0.0,0.0,5.0,1011,none,B0,sac_her_pickandplace_clean_2M
sac_her,clean,1,0.0,-7.0,1.0,0.0163767898561373,150,0.0874092727899551,0.939038872718811,0.0,0.0,7.0,1012,none,B0,sac_her_pickandplace_clean_2M
sac_her,clean,1,0.0,-7.0,1.0,0.0015147402472849,150,0.0749474912881851,1.1008367538452148,0.0,0.0,7.0,1013,none,B0,sac_her_pickandplace_clean_2M
sac_her,clean,1,0.0,-2.0,1.0,0.0336329392412482,150,0.2034965306520462,0.8658609986305237,0.0,0.0,2.0,1014,none,B0,sac_her_pickandplace_clean_2M
sac_her,clean,1,0.0,-7.0,1.0,0.0143350977059986,150,0.0751241669058799,0.915496826171875,0.0,0.0,7.0,1015,none,B0,sac_her_pickandplace_clean_2M
sac_her,clean,1,0.0,-16.0,1.0,0.0344616780530972,150,0.0764238387346267,1.0496832132339478,0.0,0.0,16.0,1016,none,B0,sac_her_pickandplace_clean_2M
sac_her,clean,1,0.0,-9.0,1.0,0.0147068447846535,150,0.0655530616641044,1.0069873332977295,0.0,0.0,9.0,1017,none,B0,sac_her_pickandplace_clean_2M
sac_her,clean,1,0.0,-17.0,1.0,0.0410282906284129,150,0.0580640621483325,1.0545985698699951,0.0,0.0,17.0,1018,none,B0,sac_her_pickandplace_clean_2M
sac_her,clean,1,0.0,-17.0,1.0,0.035949612768436,150,0.0755565837025642,1.0504122972488403,0.0,0.0,17.0,1019,none,B0,sac_her_pickandplace_clean_2M
sac_her,sensor_dropout,1,0.0,-150.0,0.0,0.2332914222106347,150,1.4423329197654764e-09,1.5678447484970093,0.0,0.0,,1080,none,B1,sac_her_pickandplace_clean_2M
sac_her,sensor_dropout,1,0.0,-150.0,0.0,0.0842952111471444,150,1.1314590375732791e-09,1.5251080989837646,0.0,0.0,,1081,none,B1,sac_her_pickandplace_clean_2M
sac_her,sensor_dropout,1,0.0,-150.0,0.0,0.4561277308732482,150,4.000311637497589e-09,1.7255041599273682,0.0,0.0,,1082,none,B1,sac_her_pickandplace_clean_2M
sac_her,sensor_dropout,1,0.0,-150.0,0.0,0.3042911997167348,150,1.649370751088952e-09,1.8065303564071655,0.0,0.0,,1083,none,B1,sac_her_pickandplace_clean_2M
sac_her,sensor_dropout,1,0.0,-150.0,0.0,0.2525469650993401,150,1.649370751088952e-09,1.564844012260437,0.0,0.0,,1084,none,B1,sac_her_pickandplace_clean_2M
sac_her,sensor_dropout,1,0.0,-150.0,0.0,0.4533811987190141,150,8.000623497039783e-10,1.776346206665039,0.0,0.0,,1085,none,B1,sac_her_pickandplace_clean_2M
sac_her,sensor_dropout,1,0.0,-150.0,0.0,0.3227130596495864,150,8.000623497039783e-10,1.7685391902923584,0.0,0.0,,1086,none,B1,sac_her_pickandplace_clean_2M
sac_her,sensor_dropout,1,0.0,-150.0,0.0,0.2748498705844067,150,2.56144927490709e-09,1.5324289798736572,0.0,0.0,,1087,none,B1,sac_her_pickandplace_clean_2M
sac_her,sensor_dropout,1,0.0,-150.0,0.0,0.3195959526341559,150,1.6001246994079563e-09,1.813131332397461,0.0,0.0,,1088,none,B1,sac_her_pickandplace_clean_2M
sac_her,sensor_dropout,1,0.0,-150.0,0.0,0.1785053410026053,150,3.6881051546089343e-09,1.4593698978424072,0.0,0.0,,1089,none,B1,sac_her_pickandplace_clean_2M
sac_her,sensor_dropout,1,0.0,-150.0,0.0,0.0654625980963785,150,4.326998759296431e-09,1.5116755962371826,0.0,0.0,,1090,none,B1,sac_her_pickandplace_clean_2M
sac_her,sensor_dropout,1,0.0,-150.0,0.0,0.4018677051907181,150,8.000623497039783e-10,1.7719467878341677,0.0,0.0,,1091,none,B1,sac_her_pickandplace_clean_2M
sac_her,sensor_dropout,1,0.0,-150.0,0.0,0.4918674881782117,150,8.000623497039783e-10,1.7473640441894531,0.0,0.0,,1092,none,B1,sac_her_pickandplace_clean_2M
sac_her,sensor_dropout,1,0.0,-150.0,0.0,0.1396718198042763,150,1.7889938419557436e-09,1.5557880401611328,0.0,0.0,,1093,none,B1,sac_her_pickandplace_clean_2M
sac_her,sensor_dropout,1,0.0,-150.0,0.0,0.1903343093654964,150,4.17644807626516e-09,1.4892958402633667,0.0,0.0,,1094,none,B1,sac_her_pickandplace_clean_2M
sac_her,sensor_dropout,1,0.0,-150.0,0.0,0.2176952721114957,150,2.56144927490709e-09,1.4035398960113523,0.0,0.0,,1095,none,B1,sac_her_pickandplace_clean_2M
sac_her,sensor_dropout,1,0.0,-150.0,0.0,0.2364850002222144,150,3.225154365793514e-09,1.6175099611282349,0.0,0.0,,1096,none,B1,sac_her_pickandplace_clean_2M
sac_her,sensor_dropout,1,0.0,-150.0,0.0,0.3300242720177412,150,0.0,1.7728700637817385,0.0,0.0,,1097,none,B1,sac_her_pickandplace_clean_2M
sac_her,sensor_dropout,1,0.0,-150.0,0.0,0.4206441292022121,150,1.6001246994079563e-09,1.7222607135772705,0.0,0.0,,1098,none,B1,sac_her_pickandplace_clean_2M
sac_her,sensor_dropout,1,0.0,-150.0,0.0,0.3116847328981841,150,0.0,1.8241732120513916,0.0,0.0,,1099,none,B1,sac_her_pickandplace_clean_2M
sac_her,sensor_dropout,1,0.0,-150.0,0.0,0.2544801351742931,150,1.959744588830858e-09,1.4003251791000366,0.0,0.0,,1100,none,B1,sac_her_pickandplace_clean_2M
sac_her,sensor_dropout,1,0.0,-150.0,0.0,0.1346881951449397,150,8.000623497039783e-10,1.548993468284607,0.0,0.0,,1101,none,B1,sac_her_pickandplace_clean_2M
sac_her,sensor_dropout,1,0.0,-150.0,0.0,0.1347100872142967,150,2.884665839530953e-09,1.4708709716796875,0.0,0.0,,1102,none,B1,sac_her_pickandplace_clean_2M
sac_her,sensor_dropout,1,0.0,-150.0,0.0,0.1440250317394531,150,3.5102591944280452e-09,1.45434832572937,0.0,0.0,,1103,none,B1,sac_her_pickandplace_clean_2M
sac_her,sensor_dropout,1,0.0,-150.0,0.0,0.0563183431146463,150,4.000311637497589e-09,1.570051670074463,0.0,0.0,,1104,none,B1,sac_her_pickandplace_clean_2M
sac_her,sensor_dropout,1,0.0,-150.0,0.0,0.1674864936253329,150,1.7889938419557436e-09,1.5179033279418943,0.0,0.0,,1105,none,B1,sac_her_pickandplace_clean_2M
sac_her,sensor_dropout,1,0.0,-150.0,0.0,0.368293308242639,150,8.000623497039783e-10,1.8398905992507937,0.0,0.0,,1106,none,B1,sac_her_pickandplace_clean_2M
sac_her,sensor_dropout,1,0.0,-150.0,0.0,0.221817399080589,150,2.1542336803292983e-09,1.6070643663406372,0.0,0.0,,1107,none,B1,sac_her_pickandplace_clean_2M
sac_her,sensor_dropout,1,0.0,-150.0,0.0,0.4719895919932224,150,1.6001246994079563e-09,1.775981903076172,0.0,0.0,,1108,none,B1,sac_her_pickandplace_clean_2M
sac_her,sensor_dropout,1,0.0,-150.0,0.0,0.4156038630093016,150,8.000623497039783e-10,1.732150316238403,0.0,0.0,,1109,none,B1,sac_her_pickandplace_clean_2M
sac_her,sensor_bias,1,0.1,-150.0,0.0,0.2332914222106347,150,1.6574180126190186,1.4707603454589844,0.0,0.0,,1170,none,B1,sac_her_pickandplace_clean_2M
sac_her,sensor_bias,1,0.1,-150.0,0.0,0.0842952111471444,150,1.3701283931732178,1.118722915649414,0.0,0.0,,1171,none,B1,sac_her_pickandplace_clean_2M
sac_her,sensor_bias,1,0.1,-150.0,0.0,0.4330356613120889,150,0.0669623613357544,1.082481026649475,0.0,0.0,,1172,none,B1,sac_her_pickandplace_clean_2M
sac_her,sensor_bias,1,0.1,-150.0,0.0,0.3042911997167348,150,0.0351797118782997,1.4270952939987185,0.0,0.0,,1173,none,B1,sac_her_pickandplace_clean_2M
sac_her,sensor_bias,1,0.1,-150.0,0.0,0.8304714380771681,150,0.1286142170429229,1.2384793758392334,0.0,0.0,,1174,none,B1,sac_her_pickandplace_clean_2M
sac_her,sensor_bias,1,0.1,-150.0,0.0,0.4533811987190141,150,0.0184859093278646,0.0673123821616172,0.0,0.0,,1175,none,B1,sac_her_pickandplace_clean_2M
sac_her,sensor_bias,1,0.1,-150.0,0.0,0.3227130596495864,150,0.2262108772993087,0.9656821489334106,0.0,0.0,,1176,none,B1,sac_her_pickandplace_clean_2M
sac_her,sensor_bias,1,0.1,-150.0,0.0,0.2748498705844067,150,1.2141016721725464,1.0075933933258057,0.0,0.0,,1177,none,B1,sac_her_pickandplace_clean_2M
sac_her,sensor_bias,1,0.1,-150.0,0.0,0.3195959526341559,150,0.0564140528440475,0.818885862827301,0.0,0.0,,1178,none,B1,sac_her_pickandplace_clean_2M
sac_her,sensor_bias,1,0.1,-150.0,0.0,0.1777706117195162,150,0.1697612702846527,0.523025393486023,0.0,0.0,,1179,none,B1,sac_her_pickandplace_clean_2M
sac_her,sensor_bias,1,0.1,-150.0,0.0,0.4638112768040579,150,0.1622192859649658,1.195953130722046,0.0,0.0,,1180,none,B1,sac_her_pickandplace_clean_2M
sac_her,sensor_bias,1,0.1,-150.0,0.0,0.8794696985413105,150,0.1460720300674438,1.0017870664596558,0.0,0.0,,1181,none,B1,sac_her_pickandplace_clean_2M
sac_her,sensor_bias,1,0.1,-150.0,0.0,0.4918674881782117,150,0.6749367713928223,1.1253008842468262,0.0,0.0,,1182,none,B1,sac_her_pickandplace_clean_2M
sac_her,sensor_bias,1,0.1,-150.0,0.0,0.1396718198042763,150,0.0500701591372489,1.01684832572937,0.0,0.0,,1183,none,B1,sac_her_pickandplace_clean_2M
sac_her,sensor_bias,1,0.1,-150.0,0.0,0.1903343093654964,150,1.522560715675354,1.3830822706222534,0.0,0.0,,1184,none,B1,sac_her_pickandplace_clean_2M
sac_her,sensor_bias,1,0.1,-150.0,0.0,0.2189230673427155,150,2.0894217491149902,1.5034712553024292,0.0,0.0,,1185,none,B1,sac_her_pickandplace_clean_2M
sac_her,sensor_bias,1,0.1,-150.0,0.0,0.2364850002222144,150,2.0518171787261963,1.3957730531692505,0.0,0.0,,1186,none,B1,sac_her_pickandplace_clean_2M
sac_her,sensor_bias,1,0.1,-150.0,0.0,1.087141584505467,150,0.6857632398605347,1.2291339635849,0.0,0.0,,1187,none,B1,sac_her_pickandplace_clean_2M
sac_her,sensor_bias,1,0.1,-150.0,0.0,0.4206441292022121,150,1.3042641878128052,1.250579595565796,0.0,0.0,,1188,none,B1,sac_her_pickandplace_clean_2M
sac_her,sensor_bias,1,0.1,-150.0,0.0,0.7499634247040858,150,0.1066020131111145,1.319827675819397,0.0,0.0,,1189,none,B1,sac_her_pickandplace_clean_2M
sac_her,sensor_bias,1,0.1,-150.0,0.0,0.2544801351742931,150,2.158868312835694,1.4693396091461182,0.0,0.0,,1190,none,B1,sac_her_pickandplace_clean_2M
sac_her,sensor_bias,1,0.1,-150.0,0.0,0.1307380817385736,150,0.0593672133982181,1.018545150756836,0.0,0.0,,1191,none,B1,sac_her_pickandplace_clean_2M
sac_her,sensor_bias,1,0.1,-150.0,0.0,0.1364093928946393,150,2.114690065383911,1.5144504308700562,0.0,0.0,,1192,none,B1,sac_her_pickandplace_clean_2M
sac_her,sensor_bias,1,0.1,-150.0,0.0,0.1440250317394531,150,0.2495149970054626,0.9862442016601562,0.0,0.0,,1193,none,B1,sac_her_pickandplace_clean_2M
sac_her,sensor_bias,1,0.1,-150.0,0.0,0.0563183431146463,150,0.0540592521429061,1.2561208009719849,0.0,0.0,,1194,none,B1,sac_her_pickandplace_clean_2M
sac_her,sensor_bias,1,0.1,-150.0,0.0,0.5567364373512235,150,0.2831281721591949,1.152434229850769,0.0,0.0,,1195,none,B1,sac_her_pickandplace_clean_2M
sac_her,sensor_bias,1,0.1,-150.0,0.0,0.368293308242639,150,0.0201287548989057,0.3809160590171814,0.0,0.0,,1196,none,B1,sac_her_pickandplace_clean_2M
sac_her,sensor_bias,1,0.1,-150.0,0.0,0.221817399080589,150,0.0109011214226484,1.4128150939941406,0.0,0.0,,1197,none,B1,sac_her_pickandplace_clean_2M
sac_her,sensor_bias,1,0.1,-150.0,0.0,0.4719895919932224,150,0.0946524292230606,0.3684166073799133,0.0,0.0,,1198,none,B1,sac_her_pickandplace_clean_2M
sac_her,sensor_bias,1,0.1,-150.0,0.0,0.4156038630093016,150,0.0386690311133861,0.8941586017608643,0.0,0.0,,1199,none,B1,sac_her_pickandplace_clean_2M
sac_her,action_clipping,1,0.3,-22.0,1.0,0.0136679164722054,150,0.051934365183115,0.4477812647819519,0.0,0.0,22.0,1260,none,B1,sac_her_pickandplace_clean_2M
sac_her,action_clipping,1,0.3,-15.0,1.0,0.0188633944829217,150,0.0460501126945018,0.4445202648639679,0.0,0.0,15.0,1261,none,B1,sac_her_pickandplace_clean_2M
sac_her,action_clipping,1,0.3,-49.0,1.0,0.0298011468249181,150,0.0557837970554828,0.3710974156856537,0.0,0.0,49.0,1262,none,B1,sac_her_pickandplace_clean_2M
sac_her,action_clipping,1,0.3,-28.0,1.0,0.0211206020501537,150,0.5388768315315247,0.4728602170944214,0.0,0.0,28.0,1263,none,B1,sac_her_pickandplace_clean_2M
sac_her,action_clipping,1,0.3,-25.0,1.0,0.0156761070626471,150,0.054336491972208,0.4554423093795776,0.0,0.0,25.0,1264,none,B1,sac_her_pickandplace_clean_2M
sac_her,action_clipping,1,0.3,-77.0,0.0,0.3984658599420837,150,0.1012495681643486,0.4050626158714294,0.0,0.0,65.0,1265,none,B1,sac_her_pickandplace_clean_2M
sac_her,action_clipping,1,0.3,-37.0,1.0,0.0168385628383993,150,0.0330555327236652,0.363130658864975,0.0,0.0,37.0,1266,none,B1,sac_her_pickandplace_clean_2M
sac_her,action_clipping,1,0.3,-39.0,1.0,0.0242818354471439,150,0.0472837723791599,0.4504650831222534,0.0,0.0,39.0,1267,none,B1,sac_her_pickandplace_clean_2M
sac_her,action_clipping,1,0.3,-30.0,1.0,0.0346881775814099,150,0.0273010171949863,0.3551580607891083,0.0,0.0,30.0,1268,none,B1,sac_her_pickandplace_clean_2M
sac_her,action_clipping,1,0.3,-22.0,1.0,0.0070919607179738,150,0.7707957625389099,0.5283648371696472,0.0,0.0,22.0,1269,none,B1,sac_her_pickandplace_clean_2M
sac_her,action_clipping,1,0.3,-15.0,1.0,0.0157356085049302,150,0.081037700176239,0.4444189965724945,0.0,0.0,15.0,1270,none,B1,sac_her_pickandplace_clean_2M
sac_her,action_clipping,1,0.3,-44.0,1.0,0.0192591608633514,150,0.2142371088266372,0.4002553224563598,0.0,0.0,44.0,1271,none,B1,sac_her_pickandplace_clean_2M
sac_her,action_clipping,1,0.3,-49.0,1.0,0.0297180922690436,150,0.0266914870589971,0.383523553609848,0.0,0.0,49.0,1272,none,B1,sac_her_pickandplace_clean_2M
sac_her,action_clipping,1,0.3,-26.0,1.0,0.0187733458634371,150,0.0376643128693103,0.460968941450119,0.0,0.0,26.0,1273,none,B1,sac_her_pickandplace_clean_2M
sac_her,action_clipping,1,0.3,-42.0,1.0,0.0183786221386607,150,0.4187996387481689,0.4242902398109436,0.0,0.0,42.0,1274,none,B1,sac_her_pickandplace_clean_2M
sac_her,action_clipping,1,0.3,-28.0,1.0,0.0105484548677824,150,0.7641959190368652,0.5428504347801208,0.0,0.0,28.0,1275,none,B1,sac_her_pickandplace_clean_2M
sac_her,action_clipping,1,0.3,-42.0,1.0,0.0149916031622493,150,0.1488752216100692,0.4912555813789367,0.0,0.0,42.0,1276,none,B1,sac_her_pickandplace_clean_2M
sac_her,action_clipping,1,0.3,-43.0,1.0,0.0470232997734068,150,0.0366894714534282,0.35915008187294,0.0,0.0,43.0,1277,none,B1,sac_her_pickandplace_clean_2M
sac_her,action_clipping,1,0.3,-42.0,1.0,0.0460180251778261,150,0.0302285309880971,0.374423623085022,0.0,0.0,42.0,1278,none,B1,sac_her_pickandplace_clean_2M
sac_her,action_clipping,1,0.3,-35.0,1.0,0.0398306827518224,150,0.0284552983939647,0.357317715883255,0.0,0.0,35.0,1279,none,B1,sac_her_pickandplace_clean_2M
sac_her,action_clipping,1,0.3,-36.0,1.0,0.0224245758545663,150,0.5378963351249695,0.463798314332962,0.0,0.0,36.0,1280,none,B1,sac_her_pickandplace_clean_2M
sac_her,action_clipping,1,0.3,-15.0,1.0,0.0128489977291015,150,0.7641567587852478,0.5191735029220581,0.0,0.0,15.0,1281,none,B1,sac_her_pickandplace_clean_2M
sac_her,action_clipping,1,0.3,-19.0,1.0,0.0143660732281495,150,0.4212709367275238,0.4430858790874481,0.0,0.0,19.0,1282,none,B1,sac_her_pickandplace_clean_2M
sac_her,action_clipping,1,0.3,-30.0,1.0,0.0138356704720998,150,0.1005294695496559,0.4608506262302398,0.0,0.0,30.0,1283,none,B1,sac_her_pickandplace_clean_2M
sac_her,action_clipping,1,0.3,-8.0,1.0,0.0338068634426843,150,0.0324083380401134,0.322032481431961,0.0,0.0,8.0,1284,none,B1,sac_her_pickandplace_clean_2M
sac_her,action_clipping,1,0.3,-19.0,1.0,0.016308725799442,150,0.2212351411581039,0.3623560667037964,0.0,0.0,19.0,1285,none,B1,sac_her_pickandplace_clean_2M
sac_her,action_clipping,1,0.3,-49.0,1.0,0.0294688821144984,150,0.034769807010889,0.3695364892482757,0.0,0.0,49.0,1286,none,B1,sac_her_pickandplace_clean_2M
sac_her,action_clipping,1,0.3,-32.0,1.0,0.0229401909723706,150,0.0301616434007883,0.4482187926769256,0.0,0.0,32.0,1287,none,B1,sac_her_pickandplace_clean_2M
sac_her,action_clipping,1,0.3,-50.0,1.0,0.0316994127116607,150,0.0364335142076015,0.385796457529068,0.0,0.0,50.0,1288,none,B1,sac_her_pickandplace_clean_2M
sac_her,action_clipping,1,0.3,-54.0,1.0,0.0389971015765989,150,0.0490706637501716,0.3730306625366211,0.0,0.0,54.0,1289,none,B1,sac_her_pickandplace_clean_2M
sac_her,action_delay,1,0.0,-11.0,1.0,0.0124127654089691,150,0.432742178440094,1.168154239654541,0.0,0.0,10.0,1350,none,B1,sac_her_pickandplace_clean_2M
sac_her,action_delay,1,0.0,-150.0,0.0,0.4698651839332508,150,0.1356940567493438,1.5837165117263794,0.0,0.0,,1351,none,B1,sac_her_pickandplace_clean_2M
sac_her,action_delay,1,0.0,-32.0,1.0,0.0308167663676412,150,0.4481119215488434,1.222394347190857,0.0,0.0,32.0,1352,none,B1,sac_her_pickandplace_clean_2M
sac_her,action_delay,1,0.0,-26.0,1.0,0.0300972650657355,150,0.5068237781524658,1.157294511795044,0.0,0.0,21.0,1353,none,B1,sac_her_pickandplace_clean_2M
sac_her,action_delay,1,0.0,-11.0,1.0,0.0052279529998377,150,0.4673393368721008,1.2074507474899292,0.0,0.0,11.0,1354,none,B1,sac_her_pickandplace_clean_2M
sac_her,action_delay,1,0.0,-49.0,1.0,0.0268860677895176,150,0.3084444403648376,1.1713875532150269,0.0,0.0,20.0,1355,none,B1,sac_her_pickandplace_clean_2M
sac_her,action_delay,1,0.0,-17.0,1.0,0.0203664720624565,150,0.112415112555027,1.0710431337356567,0.0,0.0,17.0,1356,none,B1,sac_her_pickandplace_clean_2M
sac_her,action_delay,1,0.0,-14.0,1.0,0.0218720581072219,150,0.0865206271409988,1.0218180418014526,0.0,0.0,14.0,1357,none,B1,sac_her_pickandplace_clean_2M
sac_her,action_delay,1,0.0,-13.0,1.0,0.0269703193580681,150,0.0880098491907119,1.0229852199554443,0.0,0.0,13.0,1358,none,B1,sac_her_pickandplace_clean_2M
sac_her,action_delay,1,0.0,-19.0,1.0,0.0345751787460485,150,0.9499773979187012,1.4426041841506958,0.0,0.0,10.0,1359,none,B1,sac_her_pickandplace_clean_2M
sac_her,action_delay,1,0.0,-11.0,1.0,0.0346277721418117,150,0.4548779129981994,1.2326579093933103,0.0,0.0,11.0,1360,none,B1,sac_her_pickandplace_clean_2M
sac_her,action_delay,1,0.0,-17.0,1.0,0.0389776398426969,150,0.0991539657115936,1.0644677877426147,0.0,0.0,17.0,1361,none,B1,sac_her_pickandplace_clean_2M
sac_her,action_delay,1,0.0,-19.0,1.0,0.038831579167759,150,0.0905667096376419,1.0782161951065063,0.0,0.0,19.0,1362,none,B1,sac_her_pickandplace_clean_2M
sac_her,action_delay,1,0.0,-10.0,1.0,0.0273849586322319,150,0.0850239023566246,1.0517101287841797,0.0,0.0,10.0,1363,none,B1,sac_her_pickandplace_clean_2M
sac_her,action_delay,1,0.0,-10.0,1.0,0.0166637511855121,150,0.1040960997343063,1.007848858833313,0.0,0.0,10.0,1364,none,B1,sac_her_pickandplace_clean_2M
sac_her,action_delay,1,0.0,-36.0,1.0,0.0241804019361967,150,1.1366734504699707,1.4903817176818848,0.0,0.0,13.0,1365,none,B1,sac_her_pickandplace_clean_2M
sac_her,action_delay,1,0.0,-18.0,1.0,0.023560416060687,150,0.1690229624509811,1.2005627155303955,0.0,0.0,18.0,1366,none,B1,sac_her_pickandplace_clean_2M
sac_her,action_delay,1,0.0,-20.0,1.0,0.0210331353044117,150,0.3118765950202942,1.0732321739196775,0.0,0.0,20.0,1367,none,B1,sac_her_pickandplace_clean_2M
sac_her,action_delay,1,0.0,-17.0,1.0,0.0296104152477035,150,0.1006451472640037,1.0583010911941528,0.0,0.0,17.0,1368,none,B1,sac_her_pickandplace_clean_2M
sac_her,action_delay,1,0.0,-15.0,1.0,0.0276370082194128,150,0.0983208790421485,1.042405605316162,0.0,0.0,14.0,1369,none,B1,sac_her_pickandplace_clean_2M
sac_her,action_delay,1,0.0,-14.0,1.0,0.014522995468292,150,0.1215032786130905,1.0299593210220337,0.0,0.0,14.0,1370,none,B1,sac_her_pickandplace_clean_2M
sac_her,action_delay,1,0.0,-24.0,1.0,0.0333877988885654,150,0.9899786710739136,1.4378137588500977,0.0,0.0,10.0,1371,none,B1,sac_her_pickandplace_clean_2M
sac_her,action_delay,1,0.0,-10.0,1.0,0.0163894282316943,150,0.1496918350458145,1.0689611434936523,0.0,0.0,10.0,1372,none,B1,sac_her_pickandplace_clean_2M
sac_her,action_delay,1,0.0,-11.0,1.0,0.0155212576126388,150,0.1713245511054992,1.0591977834701538,0.0,0.0,9.0,1373,none,B1,sac_her_pickandplace_clean_2M
sac_her,action_delay,1,0.0,-9.0,1.0,0.0176084596815065,150,0.448590487241745,1.1589664220809937,0.0,0.0,7.0,1374,none,B1,sac_her_pickandplace_clean_2M
sac_her,action_delay,1,0.0,-150.0,0.0,0.5441150225748594,150,0.1719592809677124,1.567012906074524,0.0,0.0,,1375,none,B1,sac_her_pickandplace_clean_2M
sac_her,action_delay,1,0.0,-19.0,1.0,0.0374571292896151,150,0.1175755262374877,1.0651812553405762,0.0,0.0,19.0,1376,none,B1,sac_her_pickandplace_clean_2M
sac_her,action_delay,1,0.0,-11.0,1.0,0.0190446129506985,150,0.1132910698652267,1.078251600265503,0.0,0.0,11.0,1377,none,B1,sac_her_pickandplace_clean_2M
sac_her,action_delay,1,0.0,-25.0,1.0,0.0453079373539563,150,0.1232871115207672,1.076115965843201,0.0,0.0,25.0,1378,none,B1,sac_her_pickandplace_clean_2M
sac_her,action_delay,1,0.0,-25.0,1.0,0.0406727876035311,150,0.1417743861675262,1.082463622093201,0.0,0.0,25.0,1379,none,B1,sac_her_pickandplace_clean_2M
sac_her,action_reversal,1,0.0,-150.0,0.0,0.2332914222106347,150,0.0723165497183799,1.42146098613739,0.0,0.0,,1440,none,B1,sac_her_pickandplace_clean_2M
sac_her,action_reversal,1,0.0,-150.0,0.0,0.0842952111471444,150,0.027180191129446,1.1505521535873413,0.0,0.0,,1441,none,B1,sac_her_pickandplace_clean_2M
sac_her,action_reversal,1,0.0,-150.0,0.0,0.4561277308732482,150,0.039456408470869,1.2118316888809204,0.0,0.0,,1442,none,B1,sac_her_pickandplace_clean_2M
sac_her,action_reversal,1,0.0,-150.0,0.0,0.3042911997167348,150,0.0741111859679222,1.3435722589492798,0.0,0.0,,1443,none,B1,sac_her_pickandplace_clean_2M
sac_her,action_reversal,1,0.0,-150.0,0.0,0.2525469650993401,150,0.0733250752091407,1.4352482557296753,0.0,0.0,,1444,none,B1,sac_her_pickandplace_clean_2M
sac_her,action_reversal,1,0.0,-150.0,0.0,0.4533811987190141,150,0.0308339986950159,1.26910400390625,0.0,0.0,,1445,none,B1,sac_her_pickandplace_clean_2M
sac_her,action_reversal,1,0.0,-150.0,0.0,0.3227130596495864,150,0.0379579328000545,1.1892284154891968,0.0,0.0,,1446,none,B1,sac_her_pickandplace_clean_2M
sac_her,action_reversal,1,0.0,-150.0,0.0,0.2748498705844067,150,0.0597205460071563,1.5803751945495603,0.0,0.0,,1447,none,B1,sac_her_pickandplace_clean_2M
sac_her,action_reversal,1,0.0,-150.0,0.0,0.3195959526341559,150,0.0232126023620367,1.5463950634002686,0.0,0.0,,1448,none,B1,sac_her_pickandplace_clean_2M
sac_her,action_reversal,1,0.0,-150.0,0.0,0.1785053410026053,150,0.0506042800843715,1.439955472946167,0.0,0.0,,1449,none,B1,sac_her_pickandplace_clean_2M
sac_her,action_reversal,1,0.0,-150.0,0.0,0.0654625980963785,150,0.1258192062377929,0.7837038636207581,0.0,0.0,,1450,none,B1,sac_her_pickandplace_clean_2M
sac_her,action_reversal,1,0.0,-150.0,0.0,0.4018677051907181,150,0.05714837834239,1.322615385055542,0.0,0.0,,1451,none,B1,sac_her_pickandplace_clean_2M
sac_her,action_reversal,1,0.0,-150.0,0.0,0.4918674881782117,150,0.097011774778366,0.8994197845458984,0.0,0.0,,1452,none,B1,sac_her_pickandplace_clean_2M
sac_her,action_reversal,1,0.0,-150.0,0.0,0.1396718198042763,150,0.053465399891138,1.409013271331787,0.0,0.0,,1453,none,B1,sac_her_pickandplace_clean_2M
sac_her,action_reversal,1,0.0,-150.0,0.0,0.1903343093654964,150,0.0744240656495094,1.0085474252700806,0.0,0.0,,1454,none,B1,sac_her_pickandplace_clean_2M
sac_her,action_reversal,1,0.0,-150.0,0.0,0.2176952721114957,150,0.0374711416661739,0.8738946318626404,0.0,0.0,,1455,none,B1,sac_her_pickandplace_clean_2M
sac_her,action_reversal,1,0.0,-150.0,0.0,0.2364850002222144,150,0.0826350823044776,1.6033422946929932,0.0,0.0,,1456,none,B1,sac_her_pickandplace_clean_2M
sac_her,action_reversal,1,0.0,-150.0,0.0,0.3300242720177412,150,0.0413140393793582,1.5986346006393433,0.0,0.0,,1457,none,B1,sac_her_pickandplace_clean_2M
sac_her,action_reversal,1,0.0,-150.0,0.0,0.4206441292022121,150,0.0377738922834396,1.2383551597595217,0.0,0.0,,1458,none,B1,sac_her_pickandplace_clean_2M
sac_her,action_reversal,1,0.0,-150.0,0.0,0.3116847328981841,150,0.020475460216403,1.6896159648895264,0.0,0.0,,1459,none,B1,sac_her_pickandplace_clean_2M
sac_her,action_reversal,1,0.0,-150.0,0.0,0.2544801351742931,150,0.0289917271584272,1.2995643615722656,0.0,0.0,,1460,none,B1,sac_her_pickandplace_clean_2M
sac_her,action_reversal,1,0.0,-150.0,0.0,0.1346881951449397,150,0.0342817343771457,1.38253915309906,0.0,0.0,,1461,none,B1,sac_her_pickandplace_clean_2M
sac_her,action_reversal,1,0.0,-150.0,0.0,0.1347100872142967,150,0.1675159335136413,0.9667513966560364,0.0,0.0,,1462,none,B1,sac_her_pickandplace_clean_2M
sac_her,action_reversal,1,0.0,-150.0,0.0,0.1440250317394531,150,0.118328146636486,1.0151035785675049,0.0,0.0,,1463,none,B1,sac_her_pickandplace_clean_2M
sac_her,action_reversal,1,0.0,-150.0,0.0,0.0563183431146463,150,0.1865945607423782,0.6823316812515259,0.0,0.0,,1464,none,B1,sac_her_pickandplace_clean_2M
sac_her,action_reversal,1,0.0,-150.0,0.0,0.1674864936253329,150,0.1862972229719162,0.4326967895030975,0.0,0.0,,1465,none,B1,sac_her_pickandplace_clean_2M
sac_her,action_reversal,1,0.0,-150.0,0.0,0.368293308242639,150,0.0499728210270404,1.2242989540100098,0.0,0.0,,1466,none,B1,sac_her_pickandplace_clean_2M
sac_her,action_reversal,1,0.0,-150.0,0.0,0.221817399080589,150,0.0402963906526565,0.821029007434845,0.0,0.0,,1467,none,B1,sac_her_pickandplace_clean_2M
sac_her,action_reversal,1,0.0,-150.0,0.0,0.4719895919932224,150,0.0510685257613658,1.1831550598144531,0.0,0.0,,1468,none,B1,sac_her_pickandplace_clean_2M
sac_her,action_reversal,1,0.0,-150.0,0.0,0.4156038630093016,150,0.023543668910861,1.4164321422576904,0.0,0.0,,1469,none,B1,sac_her_pickandplace_clean_2M
sac_her,goal_spoof_immediate,1,0.1,-148.0,0.0,0.0838531638393518,150,0.0485553182661533,1.2923365831375122,0.0,0.0,8.0,1530,none,B1,sac_her_pickandplace_clean_2M
sac_her,goal_spoof_immediate,1,0.1,-148.0,0.0,0.1131792353512525,150,1.3724761009216309,1.2420704364776611,0.0,0.0,5.0,1531,none,B1,sac_her_pickandplace_clean_2M
sac_her,goal_spoof_immediate,1,0.1,-150.0,0.0,0.0784870416563367,150,0.0930240377783775,1.0599366426467896,0.0,0.0,,1532,none,B1,sac_her_pickandplace_clean_2M
sac_her,goal_spoof_immediate,1,0.1,-150.0,0.0,0.1344485799579571,150,1.1984583139419556,1.2160685062408447,0.0,0.0,,1533,none,B1,sac_her_pickandplace_clean_2M
sac_her,goal_spoof_immediate,1,0.1,-150.0,0.0,0.1380913388978886,150,0.0510494075715541,1.1991733312606812,0.0,0.0,,1534,none,B1,sac_her_pickandplace_clean_2M
sac_her,goal_spoof_immediate,1,0.1,-150.0,0.0,0.1337105720685519,150,0.069368839263916,1.0410605669021606,0.0,0.0,,1535,none,B1,sac_her_pickandplace_clean_2M
sac_her,goal_spoof_immediate,1,0.1,-147.0,0.0,0.0959801451004979,150,0.0768024995923042,1.056070327758789,0.0,0.0,13.0,1536,none,B1,sac_her_pickandplace_clean_2M
sac_her,goal_spoof_immediate,1,0.1,-150.0,0.0,0.0732366248982813,150,0.0774159058928489,1.1008436679840088,0.0,0.0,,1537,none,B1,sac_her_pickandplace_clean_2M
sac_her,goal_spoof_immediate,1,0.1,-148.0,0.0,0.0850532292231881,150,0.0539857447147369,1.03916597366333,0.0,0.0,10.0,1538,none,B1,sac_her_pickandplace_clean_2M
sac_her,goal_spoof_immediate,1,0.1,-148.0,0.0,0.0880688859489086,150,1.6230072975158691,1.3196412324905396,0.0,0.0,6.0,1539,none,B1,sac_her_pickandplace_clean_2M
sac_her,goal_spoof_immediate,1,0.1,-150.0,0.0,0.0726854727938212,150,1.4635071754455566,1.254547119140625,0.0,0.0,,1540,none,B1,sac_her_pickandplace_clean_2M
sac_her,goal_spoof_immediate,1,0.1,-150.0,0.0,0.1211050966107832,150,0.0568355470895767,1.0421215295791626,0.0,0.0,,1541,none,B1,sac_her_pickandplace_clean_2M
sac_her,goal_spoof_immediate,1,0.1,-150.0,0.0,0.0760852690625251,150,0.0772431492805481,1.0502363443374634,0.0,0.0,,1542,none,B1,sac_her_pickandplace_clean_2M
sac_her,goal_spoof_immediate,1,0.1,-150.0,0.0,0.0711800116038404,150,0.9002442955970764,1.109923243522644,0.0,0.0,,1543,none,B1,sac_her_pickandplace_clean_2M
sac_her,goal_spoof_immediate,1,0.1,-150.0,0.0,0.1903343093654964,150,0.0423437096178531,0.9718456864356996,0.0,0.0,,1544,none,B1,sac_her_pickandplace_clean_2M
sac_her,goal_spoof_immediate,1,0.1,-150.0,0.0,0.0687693390342272,150,0.1235741898417472,1.0101239681243896,0.0,0.0,,1545,none,B1,sac_her_pickandplace_clean_2M
sac_her,goal_spoof_immediate,1,0.1,-150.0,0.0,0.0946675694283346,150,0.0592567659914493,1.2525451183319092,0.0,0.0,,1546,none,B1,sac_her_pickandplace_clean_2M
sac_her,goal_spoof_immediate,1,0.1,-150.0,0.0,0.0589655526281708,150,0.0606896840035915,1.0359692573547363,0.0,0.0,,1547,none,B1,sac_her_pickandplace_clean_2M
sac_her,goal_spoof_immediate,1,0.1,-150.0,0.0,0.1420591356245273,150,0.0542544238269329,1.044830083847046,0.0,0.0,,1548,none,B1,sac_her_pickandplace_clean_2M
sac_her,goal_spoof_immediate,1,0.1,-150.0,0.0,0.1226084714459928,150,0.0805273801088333,1.0438055992126465,0.0,0.0,,1549,none,B1,sac_her_pickandplace_clean_2M
sac_her,goal_spoof_immediate,1,0.1,-150.0,0.0,0.0925255210193209,150,0.9850814938545228,1.1709710359573364,0.0,0.0,,1550,none,B1,sac_her_pickandplace_clean_2M
sac_her,goal_spoof_immediate,1,0.1,-6.0,1.0,0.0490168112355805,150,0.0614874809980392,1.023366093635559,0.0,0.0,6.0,1551,none,B1,sac_her_pickandplace_clean_2M
sac_her,goal_spoof_immediate,1,0.1,-150.0,0.0,0.0563143144192124,150,0.0682547315955162,1.049984335899353,0.0,0.0,,1552,none,B1,sac_her_pickandplace_clean_2M
sac_her,goal_spoof_immediate,1,0.1,-150.0,0.0,0.1088333486674198,150,0.8913729786872864,0.7551272511482239,0.0,0.0,,1553,none,B1,sac_her_pickandplace_clean_2M
sac_her,goal_spoof_immediate,1,0.1,-148.0,0.0,0.0752969557342942,150,1.6562165021896362,1.3135573863983154,0.0,0.0,3.0,1554,none,B1,sac_her_pickandplace_clean_2M
sac_her,goal_spoof_immediate,1,0.1,-150.0,0.0,0.0870706981519938,150,0.0644392520189285,0.9441280364990234,0.0,0.0,,1555,none,B1,sac_her_pickandplace_clean_2M
sac_her,goal_spoof_immediate,1,0.1,-150.0,0.0,0.0970865511060807,150,0.0886834487318992,1.0495774745941162,0.0,0.0,,1556,none,B1,sac_her_pickandplace_clean_2M
sac_her,goal_spoof_immediate,1,0.1,-148.0,0.0,0.0575889085300471,150,1.0051885843276978,1.152363896369934,0.0,0.0,10.0,1557,none,B1,sac_her_pickandplace_clean_2M
sac_her,goal_spoof_immediate,1,0.1,-150.0,0.0,0.0797199823487501,150,0.0609881430864334,1.0470843315124512,0.0,0.0,,1558,none,B1,sac_her_pickandplace_clean_2M
sac_her,goal_spoof_immediate,1,0.1,-150.0,0.0,0.1552088752693668,150,0.0850503295660018,1.048438310623169,0.0,0.0,,1559,none,B1,sac_her_pickandplace_clean_2M
sac_her,goal_spoof_midep,1,0.1,-97.0,0.0,0.089109083719659,150,0.8760377764701843,1.119073748588562,0.0,0.0,8.0,1620,none,B1,sac_her_pickandplace_clean_2M
sac_her,goal_spoof_midep,1,0.1,-95.0,0.0,0.1004115302188188,150,0.4229169487953186,0.9639207124710084,0.0,0.0,5.0,1621,none,B1,sac_her_pickandplace_clean_2M
sac_her,goal_spoof_midep,1,0.1,-105.0,0.0,0.115001630594813,150,0.1025363504886627,1.0656481981277466,0.0,0.0,16.0,1622,none,B1,sac_her_pickandplace_clean_2M
sac_her,goal_spoof_midep,1,0.1,-99.0,0.0,0.0801004625601237,150,1.029983401298523,1.2077958583831787,0.0,0.0,10.0,1623,none,B1,sac_her_pickandplace_clean_2M
sac_her,goal_spoof_midep,1,0.1,-8.0,1.0,0.0182243042058985,150,0.0866909548640251,1.0288710594177246,0.0,0.0,8.0,1624,none,B1,sac_her_pickandplace_clean_2M
sac_her,goal_spoof_midep,1,0.1,-106.0,0.0,0.0786719969200139,150,0.0924403071403503,1.0595227479934692,0.0,0.0,17.0,1625,none,B1,sac_her_pickandplace_clean_2M
sac_her,goal_spoof_midep,1,0.1,-13.0,1.0,0.0360618025882776,150,0.0809140056371688,1.048677921295166,0.0,0.0,13.0,1626,none,B1,sac_her_pickandplace_clean_2M
sac_her,goal_spoof_midep,1,0.1,-99.0,0.0,0.0941955343937465,150,0.0974575504660606,1.1733750104904177,0.0,0.0,11.0,1627,none,B1,sac_her_pickandplace_clean_2M
sac_her,goal_spoof_midep,1,0.1,-10.0,1.0,0.026026385726306,150,0.0542980246245861,1.0337790250778198,0.0,0.0,10.0,1628,none,B1,sac_her_pickandplace_clean_2M
sac_her,goal_spoof_midep,1,0.1,-95.0,0.0,0.1336812619234539,150,0.6843064427375793,1.1502867937088013,0.0,0.0,6.0,1629,none,B1,sac_her_pickandplace_clean_2M
sac_her,goal_spoof_midep,1,0.1,-94.0,0.0,0.123624840466369,150,0.1964876055717468,0.972689688205719,0.0,0.0,5.0,1630,none,B1,sac_her_pickandplace_clean_2M
sac_her,goal_spoof_midep,1,0.1,-101.0,0.0,0.0595354371254838,150,0.0787394717335701,1.0579067468643188,0.0,0.0,14.0,1631,none,B1,sac_her_pickandplace_clean_2M
sac_her,goal_spoof_midep,1,0.1,-105.0,0.0,0.1113472841526263,150,0.0962650179862976,1.0759568214416504,0.0,0.0,16.0,1632,none,B1,sac_her_pickandplace_clean_2M
sac_her,goal_spoof_midep,1,0.1,-96.0,0.0,0.1081003332911263,150,0.7061059474945068,1.109347939491272,0.0,0.0,7.0,1633,none,B1,sac_her_pickandplace_clean_2M
sac_her,goal_spoof_midep,1,0.1,-96.0,0.0,0.1234448437386952,150,0.0768244862556457,1.1529515981674194,0.0,0.0,7.0,1634,none,B1,sac_her_pickandplace_clean_2M
sac_her,goal_spoof_midep,1,0.1,-100.0,0.0,0.1033664263549444,150,0.5739655494689941,1.1436957120895386,0.0,0.0,10.0,1635,none,B1,sac_her_pickandplace_clean_2M
sac_her,goal_spoof_midep,1,0.1,-96.0,0.0,0.0620057579189583,150,0.1499054282903671,1.174657940864563,0.0,0.0,10.0,1636,none,B1,sac_her_pickandplace_clean_2M
sac_her,goal_spoof_midep,1,0.1,-103.0,0.0,0.1252896647508412,150,0.0822815299034118,1.0493673086166382,0.0,0.0,13.0,1637,none,B1,sac_her_pickandplace_clean_2M
sac_her,goal_spoof_midep,1,0.1,-103.0,0.0,0.1193359965766944,150,0.0773842707276344,1.0607672929763794,0.0,0.0,13.0,1638,none,B1,sac_her_pickandplace_clean_2M
sac_her,goal_spoof_midep,1,0.1,-100.0,0.0,0.1075203042266553,150,0.0793001800775528,1.053645372390747,0.0,0.0,11.0,1639,none,B1,sac_her_pickandplace_clean_2M
sac_her,goal_spoof_midep,1,0.1,-98.0,0.0,0.0691715929369516,150,0.7853269577026367,1.1294978857040403,0.0,0.0,9.0,1640,none,B1,sac_her_pickandplace_clean_2M
sac_her,goal_spoof_midep,1,0.1,-94.0,0.0,0.1090240206325563,150,0.5456026196479797,1.0997241735458374,0.0,0.0,5.0,1641,none,B1,sac_her_pickandplace_clean_2M
sac_her,goal_spoof_midep,1,0.1,-97.0,0.0,0.0912181639686248,150,0.1445275396108627,0.93829607963562,0.0,0.0,7.0,1642,none,B1,sac_her_pickandplace_clean_2M
sac_her,goal_spoof_midep,1,0.1,-96.0,0.0,0.1174921897761118,150,0.1103560402989387,1.0813525915145874,0.0,0.0,7.0,1643,none,B1,sac_her_pickandplace_clean_2M
sac_her,goal_spoof_midep,1,0.1,-90.0,0.0,0.0644061440869417,150,0.1834846287965774,0.966849148273468,0.0,0.0,2.0,1644,none,B1,sac_her_pickandplace_clean_2M
sac_her,goal_spoof_midep,1,0.1,-53.0,0.0,0.0501423576280391,150,0.93161141872406,1.1331967115402222,0.0,0.0,7.0,1645,none,B1,sac_her_pickandplace_clean_2M
sac_her,goal_spoof_midep,1,0.1,-105.0,0.0,0.1105022859487061,150,0.0982509776949882,1.06251323223114,0.0,0.0,16.0,1646,none,B1,sac_her_pickandplace_clean_2M
sac_her,goal_spoof_midep,1,0.1,-98.0,0.0,0.0546325721283267,150,0.7469825744628906,1.121996521949768,0.0,0.0,9.0,1647,none,B1,sac_her_pickandplace_clean_2M
sac_her,goal_spoof_midep,1,0.1,-107.0,0.0,0.1513050039008696,150,0.0749240741133689,1.0611073970794678,0.0,0.0,17.0,1648,none,B1,sac_her_pickandplace_clean_2M
sac_her,goal_spoof_midep,1,0.1,-106.0,0.0,0.1312227564235598,150,0.0976602062582969,1.0624330043792725,0.0,0.0,17.0,1649,none,B1,sac_her_pickandplace_clean_2M
sac_her,object_pose_spoof,1,0.1,-8.0,1.0,0.0143207835413453,150,0.0936164855957031,1.0166876316070557,0.0,0.0,8.0,1710,none,B1,sac_her_pickandplace_clean_2M
sac_her,object_pose_spoof,1,0.1,-150.0,0.0,0.0842952111471444,150,0.1034983396530151,0.3564523458480835,0.0,0.0,,1711,none,B1,sac_her_pickandplace_clean_2M
sac_her,object_pose_spoof,1,0.1,-150.0,0.0,0.0738778815314255,150,0.168124184012413,1.0648125410079956,0.0,0.0,,1712,none,B1,sac_her_pickandplace_clean_2M
sac_her,object_pose_spoof,1,0.1,-20.0,1.0,0.0485791049585666,150,0.0884344205260276,1.2343326807022097,0.0,0.0,20.0,1713,none,B1,sac_her_pickandplace_clean_2M
sac_her,object_pose_spoof,1,0.1,-12.0,1.0,0.0470004997297801,150,0.1034882292151451,1.2356481552124023,0.0,0.0,12.0,1714,none,B1,sac_her_pickandplace_clean_2M
sac_her,object_pose_spoof,1,0.1,-125.0,0.0,0.0521628053558512,150,0.0729775205254554,1.057344675064087,0.0,0.0,17.0,1715,none,B1,sac_her_pickandplace_clean_2M
sac_her,object_pose_spoof,1,0.1,-150.0,0.0,0.0790086711869702,150,0.0708884969353675,1.0484319925308228,0.0,0.0,,1716,none,B1,sac_her_pickandplace_clean_2M
sac_her,object_pose_spoof,1,0.1,-37.0,0.0,0.0510815372848185,150,0.1973992586135864,0.927865207195282,0.0,0.0,11.0,1717,none,B1,sac_her_pickandplace_clean_2M
sac_her,object_pose_spoof,1,0.1,-150.0,0.0,0.0525324945487656,150,0.7885031700134277,1.170373558998108,0.0,0.0,,1718,none,B1,sac_her_pickandplace_clean_2M
sac_her,object_pose_spoof,1,0.1,-150.0,0.0,0.094529408290325,150,1.6707309484481812,1.3229445219039917,0.0,0.0,,1719,none,B1,sac_her_pickandplace_clean_2M
sac_her,object_pose_spoof,1,0.1,-150.0,0.0,0.0521339510870862,150,0.3462166488170624,0.8606111407279968,0.0,0.0,,1720,none,B1,sac_her_pickandplace_clean_2M
sac_her,object_pose_spoof,1,0.1,-150.0,0.0,0.0603396923054796,150,0.0575745031237602,1.051129698753357,0.0,0.0,,1721,none,B1,sac_her_pickandplace_clean_2M
sac_her,object_pose_spoof,1,0.1,-150.0,0.0,0.0726328783366248,150,0.083826795220375,1.0683995485305786,0.0,0.0,,1722,none,B1,sac_her_pickandplace_clean_2M
sac_her,object_pose_spoof,1,0.1,-8.0,1.0,0.0370571254415223,150,0.0430646799504756,1.303693771362305,0.0,0.0,8.0,1723,none,B1,sac_her_pickandplace_clean_2M
sac_her,object_pose_spoof,1,0.1,-150.0,0.0,0.0590776611142206,150,0.1298136264085769,0.9023189544677734,0.0,0.0,,1724,none,B1,sac_her_pickandplace_clean_2M
sac_her,object_pose_spoof,1,0.1,-150.0,0.0,0.109360740077065,150,1.0136650800704956,1.1550484895706177,0.0,0.0,,1725,none,B1,sac_her_pickandplace_clean_2M
sac_her,object_pose_spoof,1,0.1,-11.0,1.0,0.0146331840842434,150,0.1085518822073936,1.099340796470642,0.0,0.0,11.0,1726,none,B1,sac_her_pickandplace_clean_2M
sac_her,object_pose_spoof,1,0.1,-150.0,0.0,0.1108857998804334,150,0.0625317394733429,1.0414437055587769,0.0,0.0,,1727,none,B1,sac_her_pickandplace_clean_2M
sac_her,object_pose_spoof,1,0.1,-149.0,0.0,0.0773112611211622,150,0.0784866958856582,1.0689666271209717,0.0,0.0,16.0,1728,none,B1,sac_her_pickandplace_clean_2M
sac_her,object_pose_spoof,1,0.1,-150.0,0.0,0.0710197564125941,150,0.0525991804897785,1.0345864295959473,0.0,0.0,,1729,none,B1,sac_her_pickandplace_clean_2M
sac_her,object_pose_spoof,1,0.1,-9.0,1.0,0.0257921465030366,150,0.9031283259391784,1.0359134674072266,0.0,0.0,9.0,1730,none,B1,sac_her_pickandplace_clean_2M
sac_her,object_pose_spoof,1,0.1,-150.0,0.0,0.0641663490706821,150,0.1541378051042556,1.0585345029830933,0.0,0.0,,1731,none,B1,sac_her_pickandplace_clean_2M
sac_her,object_pose_spoof,1,0.1,-8.0,1.0,0.01228909120375,150,0.0864063650369644,1.2223093509674072,0.0,0.0,8.0,1732,none,B1,sac_her_pickandplace_clean_2M
sac_her,object_pose_spoof,1,0.1,-150.0,0.0,0.0894356339783675,150,0.1712376326322555,1.4289613962173462,0.0,0.0,,1733,none,B1,sac_her_pickandplace_clean_2M
sac_her,object_pose_spoof,1,0.1,-142.0,0.0,0.0575335070130805,150,0.0568783283233642,0.9873868823051452,0.0,0.0,5.0,1734,none,B1,sac_her_pickandplace_clean_2M
sac_her,object_pose_spoof,1,0.1,-150.0,0.0,0.1022069845703865,150,0.6072880029678345,0.934341847896576,0.0,0.0,,1735,none,B1,sac_her_pickandplace_clean_2M
sac_her,object_pose_spoof,1,0.1,-139.0,0.0,0.0501211318654618,150,0.0688658729195594,1.0621479749679563,0.0,0.0,17.0,1736,none,B1,sac_her_pickandplace_clean_2M
sac_her,object_pose_spoof,1,0.1,-150.0,0.0,0.0608376521870586,150,0.0486424267292022,1.3921340703964231,0.0,0.0,,1737,none,B1,sac_her_pickandplace_clean_2M
sac_her,object_pose_spoof,1,0.1,-150.0,0.0,0.0918016586819272,150,0.0625867694616317,1.050980806350708,0.0,0.0,,1738,none,B1,sac_her_pickandplace_clean_2M
sac_her,object_pose_spoof,1,0.1,-150.0,0.0,0.0919246741491169,150,0.8861082196235657,1.2264219522476196,0.0,0.0,,1739,none,B1,sac_her_pickandplace_clean_2M
sac_her,grip_state_falsification,1,0.0,-150.0,0.0,0.1526613541225786,150,0.1576643288135528,1.0221301317214966,0.0,0.0,,1800,none,B1,sac_her_pickandplace_clean_2M
sac_her,grip_state_falsification,1,0.0,-150.0,0.0,0.5703580906792102,150,0.2008832097053527,1.3532451391220093,0.0,0.0,,1801,none,B1,sac_her_pickandplace_clean_2M
sac_her,grip_state_falsification,1,0.0,-150.0,0.0,0.4561277308732482,150,0.3486439883708954,1.0292153358459473,0.0,0.0,,1802,none,B1,sac_her_pickandplace_clean_2M
sac_her,grip_state_falsification,1,0.0,-150.0,0.0,0.1905041040940291,150,0.4746428728103637,1.0844813585281372,0.0,0.0,,1803,none,B1,sac_her_pickandplace_clean_2M
sac_her,grip_state_falsification,1,0.0,-150.0,0.0,0.2052678279311443,150,0.1449277102947235,1.0210363864898682,0.0,0.0,,1804,none,B1,sac_her_pickandplace_clean_2M
sac_her,grip_state_falsification,1,0.0,-150.0,0.0,0.4533811987190141,150,1.8844735622406008,1.391422152519226,0.0,0.0,,1805,none,B1,sac_her_pickandplace_clean_2M
sac_her,grip_state_falsification,1,0.0,-150.0,0.0,0.3227130596495864,150,1.283172607421875,1.2085015773773191,0.0,0.0,,1806,none,B1,sac_her_pickandplace_clean_2M
sac_her,grip_state_falsification,1,0.0,-150.0,0.0,0.2570284919467456,150,0.3075903952121734,1.0149129629135132,0.0,0.0,,1807,none,B1,sac_her_pickandplace_clean_2M
sac_her,grip_state_falsification,1,0.0,-150.0,0.0,0.3195959526341559,150,0.7475743889808655,1.0806396007537842,0.0,0.0,,1808,none,B1,sac_her_pickandplace_clean_2M
sac_her,grip_state_falsification,1,0.0,-150.0,0.0,0.0841000907416816,150,0.5074046850204468,1.0335584878921509,0.0,0.0,,1809,none,B1,sac_her_pickandplace_clean_2M
sac_her,grip_state_falsification,1,0.0,-146.0,0.0,0.0538609169583419,150,1.0195684432983398,1.0554178953170776,0.0,0.0,15.0,1810,none,B1,sac_her_pickandplace_clean_2M
sac_her,grip_state_falsification,1,0.0,-150.0,0.0,0.4018677051907181,150,1.231362223625183,1.186899185180664,0.0,0.0,,1811,none,B1,sac_her_pickandplace_clean_2M
sac_her,grip_state_falsification,1,0.0,-150.0,0.0,0.4918674881782117,150,1.6863446235656738,1.3224164247512815,0.0,0.0,,1812,none,B1,sac_her_pickandplace_clean_2M
sac_her,grip_state_falsification,1,0.0,-9.0,1.0,0.046518485248965,150,0.1086938753724098,0.8954896926879883,0.0,0.0,9.0,1813,none,B1,sac_her_pickandplace_clean_2M
sac_her,grip_state_falsification,1,0.0,-147.0,0.0,0.0562213166602845,150,0.1388216465711593,1.0526809692382812,0.0,0.0,31.0,1814,none,B1,sac_her_pickandplace_clean_2M
sac_her,grip_state_falsification,1,0.0,-150.0,0.0,0.1645845949473076,150,1.4788084030151367,1.3089404106140137,0.0,0.0,,1815,none,B1,sac_her_pickandplace_clean_2M
sac_her,grip_state_falsification,1,0.0,-150.0,0.0,0.2124923686669962,150,0.0579895488917827,0.9031482934951782,0.0,0.0,,1816,none,B1,sac_her_pickandplace_clean_2M
sac_her,grip_state_falsification,1,0.0,-150.0,0.0,0.3300242720177412,150,1.761823058128357,1.34400737285614,0.0,0.0,,1817,none,B1,sac_her_pickandplace_clean_2M
sac_her,grip_state_falsification,1,0.0,-150.0,0.0,0.4206441292022121,150,1.2969568967819214,1.2029448747634888,0.0,0.0,,1818,none,B1,sac_her_pickandplace_clean_2M
sac_her,grip_state_falsification,1,0.0,-150.0,0.0,0.3116847328981841,150,1.9218504428863523,1.3959741592407229,0.0,0.0,,1819,none,B1,sac_her_pickandplace_clean_2M
sac_her,grip_state_falsification,1,0.0,-150.0,0.0,0.0523297085678736,150,0.2574929296970367,0.9926910400390624,0.0,0.0,,1820,none,B1,sac_her_pickandplace_clean_2M
sac_her,grip_state_falsification,1,0.0,-150.0,0.0,0.1346881951449397,150,1.4406408071517944,1.2237434387207031,0.0,0.0,,1821,none,B1,sac_her_pickandplace_clean_2M
sac_her,grip_state_falsification,1,0.0,-14.0,1.0,0.0407625215300034,150,0.2102713286876678,0.9072831273078918,0.0,0.0,14.0,1822,none,B1,sac_her_pickandplace_clean_2M
sac_her,grip_state_falsification,1,0.0,-14.0,1.0,0.0411497480431418,150,0.7938036918640137,0.803128182888031,0.0,0.0,14.0,1823,none,B1,sac_her_pickandplace_clean_2M
sac_her,grip_state_falsification,1,0.0,-3.0,1.0,0.0318401953387466,150,1.1286461353302002,1.0808486938476562,0.0,0.0,3.0,1824,none,B1,sac_her_pickandplace_clean_2M
sac_her,grip_state_falsification,1,0.0,-134.0,1.0,0.0281454707980596,150,0.6975294351577759,0.9975876808166504,0.0,0.0,134.0,1825,none,B1,sac_her_pickandplace_clean_2M
sac_her,grip_state_falsification,1,0.0,-150.0,0.0,0.368293308242639,150,1.3953144550323486,1.2410355806350708,0.0,0.0,,1826,none,B1,sac_her_pickandplace_clean_2M
sac_her,grip_state_falsification,1,0.0,-50.0,1.0,0.0182700174704352,150,0.92413729429245,0.8899756073951721,0.0,0.0,50.0,1827,none,B1,sac_her_pickandplace_clean_2M
sac_her,grip_state_falsification,1,0.0,-150.0,0.0,0.4719895919932224,150,0.0176307223737239,1.0123918056488037,0.0,0.0,,1828,none,B1,sac_her_pickandplace_clean_2M
sac_her,grip_state_falsification,1,0.0,-150.0,0.0,0.4156038630093016,150,1.6824313402175903,1.3220120668411257,0.0,0.0,,1829,none,B1,sac_her_pickandplace_clean_2M
sac_her,contact_dropout,1,0.0,-150.0,0.0,0.2332914222106347,150,0.0580203495919704,1.2431321144104004,0.0,0.0,,1890,none,B1,sac_her_pickandplace_clean_2M
sac_her,contact_dropout,1,0.0,-150.0,0.0,0.0842952111471444,150,0.0234807915985584,1.2008821964263916,0.0,0.0,,1891,none,B1,sac_her_pickandplace_clean_2M
sac_her,contact_dropout,1,0.0,-150.0,0.0,0.4561277308732482,150,0.0278532486408948,1.146808624267578,0.0,0.0,,1892,none,B1,sac_her_pickandplace_clean_2M
sac_her,contact_dropout,1,0.0,-150.0,0.0,0.3042911997167348,150,0.022324975579977,1.4164799451828003,0.0,0.0,,1893,none,B1,sac_her_pickandplace_clean_2M
sac_her,contact_dropout,1,0.0,-150.0,0.0,0.2525469650993401,150,0.0591671392321586,1.2893038988113403,0.0,0.0,,1894,none,B1,sac_her_pickandplace_clean_2M
sac_her,contact_dropout,1,0.0,-150.0,0.0,0.4533811987190141,150,0.0449571758508682,1.2025803327560425,0.0,0.0,,1895,none,B1,sac_her_pickandplace_clean_2M
sac_her,contact_dropout,1,0.0,-150.0,0.0,0.3227130596495864,150,0.0221746172755956,1.0827231407165527,0.0,0.0,,1896,none,B1,sac_her_pickandplace_clean_2M
sac_her,contact_dropout,1,0.0,-150.0,0.0,0.2748498705844067,150,0.029100514948368,0.9100370407104492,0.0,0.0,,1897,none,B1,sac_her_pickandplace_clean_2M
sac_her,contact_dropout,1,0.0,-150.0,0.0,0.3195959526341559,150,0.0653350502252578,1.0357829332351685,0.0,0.0,,1898,none,B1,sac_her_pickandplace_clean_2M
sac_her,contact_dropout,1,0.0,-150.0,0.0,0.1785053410026053,150,0.0461783483624458,1.3096754550933838,0.0,0.0,,1899,none,B1,sac_her_pickandplace_clean_2M
sac_her,contact_dropout,1,0.0,-150.0,0.0,0.0654625980963785,150,0.020081115886569,1.2571966648101809,0.0,0.0,,1900,none,B1,sac_her_pickandplace_clean_2M
sac_her,contact_dropout,1,0.0,-150.0,0.0,0.4018677051907181,150,0.0262068323791027,1.2453768253326416,0.0,0.0,,1901,none,B1,sac_her_pickandplace_clean_2M
sac_her,contact_dropout,1,0.0,-150.0,0.0,0.4918674881782117,150,0.021541578695178,1.0528167486190796,0.0,0.0,,1902,none,B1,sac_her_pickandplace_clean_2M
sac_her,contact_dropout,1,0.0,-150.0,0.0,0.1396718198042763,150,0.0354701876640319,1.1568559408187866,0.0,0.0,,1903,none,B1,sac_her_pickandplace_clean_2M
sac_her,contact_dropout,1,0.0,-150.0,0.0,0.1903343093654964,150,0.0278172772377729,1.1234134435653689,0.0,0.0,,1904,none,B1,sac_her_pickandplace_clean_2M
sac_her,contact_dropout,1,0.0,-150.0,0.0,0.2176952721114957,150,0.0187607202678918,0.9995208978652954,0.0,0.0,,1905,none,B1,sac_her_pickandplace_clean_2M
sac_her,contact_dropout,1,0.0,-150.0,0.0,0.2364850002222144,150,0.02691644243896,1.28058660030365,0.0,0.0,,1906,none,B1,sac_her_pickandplace_clean_2M
sac_her,contact_dropout,1,0.0,-150.0,0.0,0.3300242720177412,150,0.0219983551651239,1.090970516204834,0.0,0.0,,1907,none,B1,sac_her_pickandplace_clean_2M
sac_her,contact_dropout,1,0.0,-150.0,0.0,0.4206441292022121,150,0.0602913536131382,1.0083661079406738,0.0,0.0,,1908,none,B1,sac_her_pickandplace_clean_2M
sac_her,contact_dropout,1,0.0,-150.0,0.0,0.3116847328981841,150,0.0450521297752857,1.013224720954895,0.0,0.0,,1909,none,B1,sac_her_pickandplace_clean_2M
sac_her,contact_dropout,1,0.0,-150.0,0.0,0.2544801351742931,150,0.0245808288455009,1.0907920598983765,0.0,0.0,,1910,none,B1,sac_her_pickandplace_clean_2M
sac_her,contact_dropout,1,0.0,-150.0,0.0,0.1346881951449397,150,0.0295367687940597,1.0301659107208252,0.0,0.0,,1911,none,B1,sac_her_pickandplace_clean_2M
sac_her,contact_dropout,1,0.0,-150.0,0.0,0.1347100872142967,150,0.0432264320552349,1.1902599334716797,0.0,0.0,,1912,none,B1,sac_her_pickandplace_clean_2M
sac_her,contact_dropout,1,0.0,-150.0,0.0,0.1440250317394531,150,0.0386203564703464,1.1659605503082275,0.0,0.0,,1913,none,B1,sac_her_pickandplace_clean_2M
sac_her,contact_dropout,1,0.0,-150.0,0.0,0.0563183431146463,150,0.0400383993983268,1.4836342334747314,0.0,0.0,,1914,none,B1,sac_her_pickandplace_clean_2M
sac_her,contact_dropout,1,0.0,-150.0,0.0,0.1674864936253329,150,0.0556474588811397,1.249482274055481,0.0,0.0,,1915,none,B1,sac_her_pickandplace_clean_2M
sac_her,contact_dropout,1,0.0,-150.0,0.0,0.368293308242639,150,0.0383295603096485,1.3003681898117063,0.0,0.0,,1916,none,B1,sac_her_pickandplace_clean_2M
sac_her,contact_dropout,1,0.0,-150.0,0.0,0.221817399080589,150,0.0391033142805099,0.9541593194007874,0.0,0.0,,1917,none,B1,sac_her_pickandplace_clean_2M
sac_her,contact_dropout,1,0.0,-150.0,0.0,0.4719895919932224,150,0.022339642047882,1.1965315341949463,0.0,0.0,,1918,none,B1,sac_her_pickandplace_clean_2M
sac_her,contact_dropout,1,0.0,-150.0,0.0,0.4156038630093016,150,0.041711751371622,1.2427020072937012,0.0,0.0,,1919,none,B1,sac_her_pickandplace_clean_2M
sac_her,clean,2,0.0,-9.0,1.0,0.0241701360425519,150,1.0346007347106934,1.1178711652755735,0.0,0.0,9.0,1980,none,B0,sac_her_pickandplace_clean_2M
sac_her,clean,2,0.0,-8.0,1.0,0.0158849896987299,150,0.093281552195549,0.9372379779815674,0.0,0.0,8.0,1981,none,B0,sac_her_pickandplace_clean_2M
sac_her,clean,2,0.0,-7.0,1.0,0.0160381430521309,150,0.0623552650213241,0.9342775344848632,0.0,0.0,7.0,1982,none,B0,sac_her_pickandplace_clean_2M
sac_her,clean,2,0.0,-13.0,1.0,0.0337102606810176,150,0.0579556599259376,1.0428179502487185,0.0,0.0,13.0,1983,none,B0,sac_her_pickandplace_clean_2M
sac_her,clean,2,0.0,0.0,1.0,0.0256559435823797,150,1.8298958539962769,1.11079204082489,0.0,0.0,0.0,1984,none,B0,sac_her_pickandplace_clean_2M
sac_her,clean,2,0.0,-10.0,1.0,0.0287984343361369,150,0.0616990998387336,1.0346879959106443,0.0,0.0,10.0,1985,none,B0,sac_her_pickandplace_clean_2M
sac_her,clean,2,0.0,-16.0,1.0,0.0325940468797097,150,0.0616358704864978,1.0396225452423096,0.0,0.0,16.0,1986,none,B0,sac_her_pickandplace_clean_2M
sac_her,clean,2,0.0,-13.0,1.0,0.0365844205966824,150,0.0630107820034027,1.0337486267089844,0.0,0.0,13.0,1987,none,B0,sac_her_pickandplace_clean_2M
sac_her,clean,2,0.0,-11.0,1.0,0.0170234914893992,150,0.0865520983934402,0.9617028832435608,0.0,0.0,11.0,1988,none,B0,sac_her_pickandplace_clean_2M
sac_her,clean,2,0.0,-9.0,1.0,0.0193040044670216,150,0.0657401084899902,1.0075585842132568,0.0,0.0,9.0,1989,none,B0,sac_her_pickandplace_clean_2M
sac_her,clean,2,0.0,-7.0,1.0,0.0151757437525384,150,0.0967960804700851,0.9347122311592102,0.0,0.0,7.0,1990,none,B0,sac_her_pickandplace_clean_2M
sac_her,clean,2,0.0,-9.0,1.0,0.0197214248203197,150,0.1474606096744537,0.9394129514694214,0.0,0.0,9.0,1991,none,B0,sac_her_pickandplace_clean_2M
sac_her,clean,2,0.0,-10.0,1.0,0.0185631932133166,150,0.1003784462809562,0.9149364233016968,0.0,0.0,10.0,1992,none,B0,sac_her_pickandplace_clean_2M
sac_her,clean,2,0.0,-18.0,1.0,0.0341887988047111,150,0.0647860616445541,1.0648294687271118,0.0,0.0,18.0,1993,none,B0,sac_her_pickandplace_clean_2M
sac_her,clean,2,0.0,-7.0,1.0,0.0147232400848482,150,0.0523484908044338,1.013482928276062,0.0,0.0,7.0,1994,none,B0,sac_her_pickandplace_clean_2M
sac_her,clean,2,0.0,-12.0,1.0,0.0238749975874472,150,0.0655956864356994,1.0314223766326904,0.0,0.0,12.0,1995,none,B0,sac_her_pickandplace_clean_2M
sac_her,clean,2,0.0,-8.0,1.0,0.0179951770962511,150,0.0928065180778503,0.9095070362091064,0.0,0.0,8.0,1996,none,B0,sac_her_pickandplace_clean_2M
sac_her,clean,2,0.0,0.0,1.0,0.0189623328031597,150,0.0722774565219879,0.8537461161613464,0.0,0.0,0.0,1997,none,B0,sac_her_pickandplace_clean_2M
sac_her,clean,2,0.0,-7.0,1.0,0.0212538643664243,150,1.4659796953201294,1.2615511417388916,0.0,0.0,7.0,1998,none,B0,sac_her_pickandplace_clean_2M
sac_her,clean,2,0.0,-14.0,1.0,0.0354519532927076,150,0.0699328407645225,1.0472325086593628,0.0,0.0,14.0,1999,none,B0,sac_her_pickandplace_clean_2M
sac_her,clean,2,0.0,-8.0,1.0,0.019995429043329,150,0.0654799714684486,0.8987252712249756,0.0,0.0,8.0,2000,none,B0,sac_her_pickandplace_clean_2M
sac_her,clean,2,0.0,-8.0,1.0,0.0191536885376391,150,1.114466905593872,1.1740914583206177,0.0,0.0,8.0,2001,none,B0,sac_her_pickandplace_clean_2M
sac_her,clean,2,0.0,-8.0,1.0,0.0128874210100309,150,0.1643188595771789,0.9718105792999268,0.0,0.0,8.0,2002,none,B0,sac_her_pickandplace_clean_2M
sac_her,clean,2,0.0,-8.0,1.0,0.0290532001297945,150,0.0614143684506416,1.0324856042861938,0.0,0.0,8.0,2003,none,B0,sac_her_pickandplace_clean_2M
sac_her,clean,2,0.0,-6.0,1.0,0.0150233224491717,150,0.0946679934859275,0.9281259179115297,0.0,0.0,6.0,2004,none,B0,sac_her_pickandplace_clean_2M
sac_her,clean,2,0.0,-9.0,1.0,0.0187000844085523,150,0.0767923220992088,1.0249484777450562,0.0,0.0,9.0,2005,none,B0,sac_her_pickandplace_clean_2M
sac_her,clean,2,0.0,-15.0,1.0,0.03318940269506,150,0.0657330676913261,1.0504539012908936,0.0,0.0,15.0,2006,none,B0,sac_her_pickandplace_clean_2M
sac_her,clean,2,0.0,-8.0,1.0,0.0188991096210418,150,0.1520014256238937,0.9203370213508606,0.0,0.0,8.0,2007,none,B0,sac_her_pickandplace_clean_2M
sac_her,clean,2,0.0,-12.0,1.0,0.0291800432124855,150,0.0574652701616287,1.0287760496139526,0.0,0.0,12.0,2008,none,B0,sac_her_pickandplace_clean_2M
sac_her,clean,2,0.0,-14.0,1.0,0.0367951692132791,150,0.0613031014800071,1.0572055578231812,0.0,0.0,14.0,2009,none,B0,sac_her_pickandplace_clean_2M
sac_her,sensor_dropout,2,0.0,-150.0,0.0,0.1997172394190721,150,3.4411984373150513e-09,1.4710034132003784,0.0,0.0,,2070,none,B1,sac_her_pickandplace_clean_2M
sac_her,sensor_dropout,2,0.0,-150.0,0.0,0.1516293764280694,150,2.683490540889011e-09,1.487676739692688,0.0,0.0,,2071,none,B1,sac_her_pickandplace_clean_2M
sac_her,sensor_dropout,2,0.0,-150.0,0.0,0.1714851326945428,150,4.000311748519891e-10,1.5153895616531372,0.0,0.0,,2072,none,B1,sac_her_pickandplace_clean_2M
sac_her,sensor_dropout,2,0.0,-150.0,0.0,0.3794429424862267,150,8.000623497039783e-10,1.8434562683105469,0.0,0.0,,2073,none,B1,sac_her_pickandplace_clean_2M
sac_her,sensor_dropout,2,0.0,0.0,1.0,0.0256559435823797,150,4.000311637497589e-09,1.493478775024414,0.0,0.0,0.0,2074,none,B1,sac_her_pickandplace_clean_2M
sac_her,sensor_dropout,2,0.0,-150.0,0.0,0.2100295104828423,150,1.7889938419557436e-09,1.803976058959961,0.0,0.0,,2075,none,B1,sac_her_pickandplace_clean_2M
sac_her,sensor_dropout,2,0.0,-150.0,0.0,0.3842887087108118,150,1.6001246994079563e-09,1.7417775392532349,0.0,0.0,,2076,none,B1,sac_her_pickandplace_clean_2M
sac_her,sensor_dropout,2,0.0,-150.0,0.0,0.3003642952314868,150,8.000623497039783e-10,1.821656346321106,0.0,0.0,,2077,none,B1,sac_her_pickandplace_clean_2M
sac_her,sensor_dropout,2,0.0,-150.0,0.0,0.2275702867625625,150,3.5779876839114873e-09,1.5016355514526367,0.0,0.0,,2078,none,B1,sac_her_pickandplace_clean_2M
sac_her,sensor_dropout,2,0.0,-150.0,0.0,0.2738117894582931,150,2.4001869380896323e-09,1.418553590774536,0.0,0.0,,2079,none,B1,sac_her_pickandplace_clean_2M
sac_her,sensor_dropout,2,0.0,-150.0,0.0,0.1228889878780494,150,3.5779876839114873e-09,1.581206440925598,0.0,0.0,,2080,none,B1,sac_her_pickandplace_clean_2M
sac_her,sensor_dropout,2,0.0,-150.0,0.0,0.2228413796082498,150,3.200249398815913e-09,1.6671781539916992,0.0,0.0,,2081,none,B1,sac_her_pickandplace_clean_2M
sac_her,sensor_dropout,2,0.0,-150.0,0.0,0.2877492579366268,150,3.6224365729253805e-09,1.628432273864746,0.0,0.0,,2082,none,B1,sac_her_pickandplace_clean_2M
sac_her,sensor_dropout,2,0.0,-150.0,0.0,0.5138989605869597,150,8.000623497039783e-10,1.6568526029586792,0.0,0.0,,2083,none,B1,sac_her_pickandplace_clean_2M
sac_her,sensor_dropout,2,0.0,-150.0,0.0,0.1452040196841573,150,1.6001246994079563e-09,1.4972695112228394,0.0,0.0,,2084,none,B1,sac_her_pickandplace_clean_2M
sac_her,sensor_dropout,2,0.0,-150.0,0.0,0.3179807564787726,150,8.000623497039783e-10,1.7697027921676636,0.0,0.0,,2085,none,B1,sac_her_pickandplace_clean_2M
sac_her,sensor_dropout,2,0.0,-150.0,0.0,0.1751758115837957,150,4.000311748519891e-10,1.5147550106048584,0.0,0.0,,2086,none,B1,sac_her_pickandplace_clean_2M
sac_her,sensor_dropout,2,0.0,0.0,1.0,0.0434460754606292,150,3.046546792617732e-09,1.5319801568984983,0.0,0.0,0.0,2087,none,B1,sac_her_pickandplace_clean_2M
sac_her,sensor_dropout,2,0.0,-150.0,0.0,0.1090182352590774,150,5.060038610338324e-09,1.4624974727630615,0.0,0.0,,2088,none,B1,sac_her_pickandplace_clean_2M
sac_her,sensor_dropout,2,0.0,-150.0,0.0,0.3725494666153298,150,1.1314590375732791e-09,1.8649358749389648,0.0,0.0,,2089,none,B1,sac_her_pickandplace_clean_2M
sac_her,sensor_dropout,2,0.0,-150.0,0.0,0.2210127267540763,150,8.000623497039783e-10,1.5287824869155884,0.0,0.0,,2090,none,B1,sac_her_pickandplace_clean_2M
sac_her,sensor_dropout,2,0.0,-150.0,0.0,0.1914299157330289,150,2.9935591783214473e-09,1.4161540269851685,0.0,0.0,,2091,none,B1,sac_her_pickandplace_clean_2M
sac_her,sensor_dropout,2,0.0,-150.0,0.0,0.241597427331297,150,2.4001869380896323e-09,1.7014274597167969,0.0,0.0,,2092,none,B1,sac_her_pickandplace_clean_2M
sac_her,sensor_dropout,2,0.0,-150.0,0.0,0.1917556488987317,150,8.000623497039783e-10,1.775025486946106,0.0,0.0,,2093,none,B1,sac_her_pickandplace_clean_2M
sac_her,sensor_dropout,2,0.0,-150.0,0.0,0.1665615764017147,150,3.4411984373150513e-09,1.5524016618728638,0.0,0.0,,2094,none,B1,sac_her_pickandplace_clean_2M
sac_her,sensor_dropout,2,0.0,-150.0,0.0,0.2272207778030207,150,1.2000934690448162e-09,1.4876242876052856,0.0,0.0,,2095,none,B1,sac_her_pickandplace_clean_2M
sac_her,sensor_dropout,2,0.0,-150.0,0.0,0.4294161905946126,150,8.000623497039783e-10,1.711787462234497,0.0,0.0,,2096,none,B1,sac_her_pickandplace_clean_2M
sac_her,sensor_dropout,2,0.0,-150.0,0.0,0.2040305529511548,150,2.2629180751465583e-09,1.6253983974456787,0.0,0.0,,2097,none,B1,sac_her_pickandplace_clean_2M
sac_her,sensor_dropout,2,0.0,-150.0,0.0,0.2727845163095613,150,8.000623497039783e-10,1.8652327060699463,0.0,0.0,,2098,none,B1,sac_her_pickandplace_clean_2M
sac_her,sensor_dropout,2,0.0,-150.0,0.0,0.4479705673575392,150,1.6001246994079563e-09,1.7742667198181152,0.0,0.0,,2099,none,B1,sac_her_pickandplace_clean_2M
sac_her,sensor_bias,2,0.1,-150.0,0.0,0.1997172394190721,150,0.0379625745117664,1.4268325567245483,0.0,0.0,,2160,none,B1,sac_her_pickandplace_clean_2M
sac_her,sensor_bias,2,0.1,-150.0,0.0,0.669074442839427,150,0.0864069089293479,1.4204250574111938,0.0,0.0,,2161,none,B1,sac_her_pickandplace_clean_2M
sac_her,sensor_bias,2,0.1,-150.0,0.0,0.1714851326945428,150,0.0304342284798622,1.142981767654419,0.0,0.0,,2162,none,B1,sac_her_pickandplace_clean_2M
sac_her,sensor_bias,2,0.1,-150.0,0.0,0.3794429424862267,150,1.9614343643188477,1.4156482219696045,0.0,0.0,,2163,none,B1,sac_her_pickandplace_clean_2M
sac_her,sensor_bias,2,0.1,0.0,1.0,0.0256559435823797,150,0.057016871869564,1.109811782836914,0.0,0.0,0.0,2164,none,B1,sac_her_pickandplace_clean_2M
sac_her,sensor_bias,2,0.1,-150.0,0.0,0.8343734338901821,150,0.1429110467433929,1.5340757369995115,0.0,0.0,,2165,none,B1,sac_her_pickandplace_clean_2M
sac_her,sensor_bias,2,0.1,-150.0,0.0,0.3842887087108118,150,0.0186611749231815,1.3357161283493042,0.0,0.0,,2166,none,B1,sac_her_pickandplace_clean_2M
sac_her,sensor_bias,2,0.1,-150.0,0.0,0.3003642952314868,150,1.2947564125061035,1.1428406238555908,0.0,0.0,,2167,none,B1,sac_her_pickandplace_clean_2M
sac_her,sensor_bias,2,0.1,-150.0,0.0,0.2275702867625625,150,0.030344495549798,1.017603039741516,0.0,0.0,,2168,none,B1,sac_her_pickandplace_clean_2M
sac_her,sensor_bias,2,0.1,-150.0,0.0,0.2738117894582931,150,1.9756284952163696,1.4269330501556396,0.0,0.0,,2169,none,B1,sac_her_pickandplace_clean_2M
sac_her,sensor_bias,2,0.1,-150.0,0.0,0.1228889878780494,150,0.2834543287754059,0.6199983358383179,0.0,0.0,,2170,none,B1,sac_her_pickandplace_clean_2M
sac_her,sensor_bias,2,0.1,-150.0,0.0,0.2228413796082498,150,0.0211303457617759,0.5116352438926697,0.0,0.0,,2171,none,B1,sac_her_pickandplace_clean_2M
sac_her,sensor_bias,2,0.1,-150.0,0.0,0.2877492579366268,150,2.0892863273620605,1.2867618799209597,0.0,0.0,,2172,none,B1,sac_her_pickandplace_clean_2M
sac_her,sensor_bias,2,0.1,-150.0,0.0,1.1640220838147906,150,0.1346500068902969,1.343915343284607,0.0,0.0,,2173,none,B1,sac_her_pickandplace_clean_2M
sac_her,sensor_bias,2,0.1,-150.0,0.0,0.1452040196841573,150,1.806235909461975,1.2005778551101685,0.0,0.0,,2174,none,B1,sac_her_pickandplace_clean_2M
sac_her,sensor_bias,2,0.1,-150.0,0.0,0.3179807564787726,150,0.0323720946907997,0.9855908155441284,0.0,0.0,,2175,none,B1,sac_her_pickandplace_clean_2M
sac_her,sensor_bias,2,0.1,-150.0,0.0,0.1751758115837957,150,0.0188367441296577,0.9599098563194276,0.0,0.0,,2176,none,B1,sac_her_pickandplace_clean_2M
sac_her,sensor_bias,2,0.1,0.0,1.0,0.0434460754606292,150,0.0234013460576534,1.0400773286819458,0.0,0.0,0.0,2177,none,B1,sac_her_pickandplace_clean_2M
sac_her,sensor_bias,2,0.1,-150.0,0.0,0.6008459831205663,150,0.0766044482588768,1.7177510261535645,0.0,0.0,,2178,none,B1,sac_her_pickandplace_clean_2M
sac_her,sensor_bias,2,0.1,-150.0,0.0,0.3725494666153298,150,0.0100088510662317,1.3784704208374023,0.0,0.0,,2179,none,B1,sac_her_pickandplace_clean_2M
sac_her,sensor_bias,2,0.1,-150.0,0.0,0.2210127267540763,150,0.3527169525623321,0.9214186668395996,0.0,0.0,,2180,none,B1,sac_her_pickandplace_clean_2M
sac_her,sensor_bias,2,0.1,-150.0,0.0,0.1921189547807052,150,0.0181086603552103,1.2257198095321655,0.0,0.0,,2181,none,B1,sac_her_pickandplace_clean_2M
sac_her,sensor_bias,2,0.1,-150.0,0.0,0.272828791695573,150,0.0304347332566976,1.0134789943695068,0.0,0.0,,2182,none,B1,sac_her_pickandplace_clean_2M
sac_her,sensor_bias,2,0.1,-150.0,0.0,0.1917556488987317,150,1.1662999391555786,0.9454262256622314,0.0,0.0,,2183,none,B1,sac_her_pickandplace_clean_2M
sac_her,sensor_bias,2,0.1,-150.0,0.0,0.1527088072689377,150,0.5781904458999634,0.8310070633888245,0.0,0.0,,2184,none,B1,sac_her_pickandplace_clean_2M
sac_her,sensor_bias,2,0.1,-150.0,0.0,0.2272207778030207,150,1.9364207983016968,1.3837372064590454,0.0,0.0,,2185,none,B1,sac_her_pickandplace_clean_2M
sac_her,sensor_bias,2,0.1,-150.0,0.0,0.4294161905946126,150,0.0224720947444438,0.9867468476295472,0.0,0.0,,2186,none,B1,sac_her_pickandplace_clean_2M
sac_her,sensor_bias,2,0.1,-150.0,0.0,0.2040305529511548,150,1.6173890829086304,1.3223506212234497,0.0,0.0,,2187,none,B1,sac_her_pickandplace_clean_2M
sac_her,sensor_bias,2,0.1,-150.0,0.0,0.2727845163095613,150,0.0535215139389038,0.8930721282958984,0.0,0.0,,2188,none,B1,sac_her_pickandplace_clean_2M
sac_her,sensor_bias,2,0.1,-150.0,0.0,0.4479705673575392,150,0.0857506468892097,1.0031148195266724,0.0,0.0,,2189,none,B1,sac_her_pickandplace_clean_2M
sac_her,action_clipping,2,0.3,-26.0,1.0,0.0089084652965569,150,0.8321393132209778,0.5685311555862427,0.0,0.0,26.0,2250,none,B1,sac_her_pickandplace_clean_2M
sac_her,action_clipping,2,0.3,-27.0,1.0,0.0168056625267849,150,0.0979071632027626,0.4479734897613525,0.0,0.0,27.0,2251,none,B1,sac_her_pickandplace_clean_2M
sac_her,action_clipping,2,0.3,-20.0,1.0,0.0180285988468739,150,0.2850240767002105,0.3821026086807251,0.0,0.0,20.0,2252,none,B1,sac_her_pickandplace_clean_2M
sac_her,action_clipping,2,0.3,-41.0,1.0,0.0283813835658667,150,0.022425852715969,0.3679121434688568,0.0,0.0,41.0,2253,none,B1,sac_her_pickandplace_clean_2M
sac_her,action_clipping,2,0.3,0.0,1.0,0.0256559435823797,150,0.8152192234992981,0.5092418193817139,0.0,0.0,0.0,2254,none,B1,sac_her_pickandplace_clean_2M
sac_her,action_clipping,2,0.3,-29.0,1.0,0.0343320414282492,150,0.025974977761507,0.3428725302219391,0.0,0.0,29.0,2255,none,B1,sac_her_pickandplace_clean_2M
sac_her,action_clipping,2,0.3,-49.0,1.0,0.044828973377635,150,0.035919614136219,0.3640903234481811,0.0,0.0,49.0,2256,none,B1,sac_her_pickandplace_clean_2M
sac_her,action_clipping,2,0.3,-40.0,1.0,0.0457339085471303,150,0.02861163392663,0.3501305878162384,0.0,0.0,40.0,2257,none,B1,sac_her_pickandplace_clean_2M
sac_her,action_clipping,2,0.3,-32.0,1.0,0.0227262897261805,150,0.5238439440727234,0.4427953064441681,0.0,0.0,32.0,2258,none,B1,sac_her_pickandplace_clean_2M
sac_her,action_clipping,2,0.3,-35.0,1.0,0.018247052247258,150,0.074133962392807,0.461665540933609,0.0,0.0,35.0,2259,none,B1,sac_her_pickandplace_clean_2M
sac_her,action_clipping,2,0.3,-21.0,1.0,0.0273229196660694,150,0.1253236681222915,0.4699706137180328,0.0,0.0,21.0,2260,none,B1,sac_her_pickandplace_clean_2M
sac_her,action_clipping,2,0.3,-28.0,1.0,0.0209413039822459,150,0.067562848329544,0.4626193344593048,0.0,0.0,28.0,2261,none,B1,sac_her_pickandplace_clean_2M
sac_her,action_clipping,2,0.3,-32.0,1.0,0.0175171483440769,150,0.0983559340238571,0.4883272349834442,0.0,0.0,32.0,2262,none,B1,sac_her_pickandplace_clean_2M
sac_her,action_clipping,2,0.3,-54.0,1.0,0.0312233473403894,150,0.03911904245615,0.3927246034145355,0.0,0.0,54.0,2263,none,B1,sac_her_pickandplace_clean_2M
sac_her,action_clipping,2,0.3,-27.0,1.0,0.0160654208022519,150,0.0563056245446205,0.4629492163658142,0.0,0.0,27.0,2264,none,B1,sac_her_pickandplace_clean_2M
sac_her,action_clipping,2,0.3,-32.0,1.0,0.0185699401900311,150,0.0279239416122436,0.3552073240280151,0.0,0.0,32.0,2265,none,B1,sac_her_pickandplace_clean_2M
sac_her,action_clipping,2,0.3,-25.0,1.0,0.0166930556560744,150,0.0982088968157768,0.4462730884552002,0.0,0.0,25.0,2266,none,B1,sac_her_pickandplace_clean_2M
sac_her,action_clipping,2,0.3,0.0,1.0,0.0177865222021054,150,0.0887739732861518,0.4419289529323578,0.0,0.0,0.0,2267,none,B1,sac_her_pickandplace_clean_2M
sac_her,action_clipping,2,0.3,-18.0,1.0,0.0193980214904586,150,0.7752694487571716,0.519711971282959,0.0,0.0,18.0,2268,none,B1,sac_her_pickandplace_clean_2M
sac_her,action_clipping,2,0.3,-57.0,1.0,0.0395670965477567,150,0.0779334232211113,0.3818499743938446,0.0,0.0,57.0,2269,none,B1,sac_her_pickandplace_clean_2M
sac_her,action_clipping,2,0.3,-28.0,1.0,0.0202584285080506,150,0.0565183572471141,0.4500705003738403,0.0,0.0,28.0,2270,none,B1,sac_her_pickandplace_clean_2M
sac_her,action_clipping,2,0.3,-26.0,1.0,0.0159278600164117,150,0.7192762494087219,0.5145900845527649,0.0,0.0,26.0,2271,none,B1,sac_her_pickandplace_clean_2M
sac_her,action_clipping,2,0.3,-26.0,1.0,0.0153871552972993,150,0.0411647632718086,0.4523573815822601,0.0,0.0,26.0,2272,none,B1,sac_her_pickandplace_clean_2M
sac_her,action_clipping,2,0.3,-26.0,1.0,0.0296783278539159,150,0.0352386385202407,0.3401631712913513,0.0,0.0,26.0,2273,none,B1,sac_her_pickandplace_clean_2M
sac_her,action_clipping,2,0.3,-25.0,1.0,0.0166706206328293,150,0.0316414646804332,0.4499642848968506,0.0,0.0,25.0,2274,none,B1,sac_her_pickandplace_clean_2M
sac_her,action_clipping,2,0.3,-33.0,1.0,0.0206830011119582,150,0.0356442853808403,0.4567925930023193,0.0,0.0,33.0,2275,none,B1,sac_her_pickandplace_clean_2M
sac_her,action_clipping,2,0.3,-49.0,1.0,0.0433980413007549,150,0.0339479334652423,0.3733423352241516,0.0,0.0,49.0,2276,none,B1,sac_her_pickandplace_clean_2M
sac_her,action_clipping,2,0.3,-25.0,1.0,0.0242596483877462,150,0.6687514781951904,0.4890498220920563,0.0,0.0,25.0,2277,none,B1,sac_her_pickandplace_clean_2M
sac_her,action_clipping,2,0.3,-48.0,1.0,0.0401904950470301,150,0.0662211328744888,0.3651879131793976,0.0,0.0,48.0,2278,none,B1,sac_her_pickandplace_clean_2M
sac_her,action_clipping,2,0.3,-43.0,1.0,0.0374525694471459,150,0.0539888478815555,0.3809810578823089,0.0,0.0,43.0,2279,none,B1,sac_her_pickandplace_clean_2M
sac_her,action_delay,2,0.0,-21.0,0.0,0.1472839212233896,150,0.6880722641944885,1.217193603515625,0.0,0.0,13.0,2340,none,B1,sac_her_pickandplace_clean_2M
sac_her,action_delay,2,0.0,-25.0,1.0,0.0328035766106094,150,0.2114355266094207,1.297680139541626,0.0,0.0,25.0,2341,none,B1,sac_her_pickandplace_clean_2M
sac_her,action_delay,2,0.0,-10.0,1.0,0.0175470163343616,150,0.1182899624109268,1.0309048891067505,0.0,0.0,10.0,2342,none,B1,sac_her_pickandplace_clean_2M
sac_her,action_delay,2,0.0,-17.0,1.0,0.0384928442356526,150,0.0940872728824615,1.0613518953323364,0.0,0.0,16.0,2343,none,B1,sac_her_pickandplace_clean_2M
sac_her,action_delay,2,0.0,0.0,1.0,0.0256559435823797,150,0.8258496522903442,1.068029284477234,0.0,0.0,0.0,2344,none,B1,sac_her_pickandplace_clean_2M
sac_her,action_delay,2,0.0,-15.0,1.0,0.0256708870003994,150,0.1130161806941032,1.0541634559631348,0.0,0.0,13.0,2345,none,B1,sac_her_pickandplace_clean_2M
sac_her,action_delay,2,0.0,-22.0,1.0,0.0441636976268353,150,0.1185353845357894,1.0647655725479126,0.0,0.0,22.0,2346,none,B1,sac_her_pickandplace_clean_2M
sac_her,action_delay,2,0.0,-43.0,1.0,0.0300069599406376,150,0.2401044219732284,1.1496323347091677,0.0,0.0,17.0,2347,none,B1,sac_her_pickandplace_clean_2M
sac_her,action_delay,2,0.0,-16.0,1.0,0.0170770212259733,150,0.1439851522445678,0.998460292816162,0.0,0.0,16.0,2348,none,B1,sac_her_pickandplace_clean_2M
sac_her,action_delay,2,0.0,-13.0,1.0,0.0183389884781502,150,0.0957208573818206,1.0562084913253784,0.0,0.0,13.0,2349,none,B1,sac_her_pickandplace_clean_2M
sac_her,action_delay,2,0.0,-57.0,1.0,0.0191385298833116,150,0.6950584053993225,1.4407830238342283,0.0,0.0,37.0,2350,none,B1,sac_her_pickandplace_clean_2M
sac_her,action_delay,2,0.0,-16.0,1.0,0.0216862743707462,150,0.2784197032451629,1.0719077587127686,0.0,0.0,14.0,2351,none,B1,sac_her_pickandplace_clean_2M
sac_her,action_delay,2,0.0,-149.0,0.0,0.4866256521241692,150,0.2186787277460098,1.2698314189910889,0.0,0.0,12.0,2352,none,B1,sac_her_pickandplace_clean_2M
sac_her,action_delay,2,0.0,-150.0,0.0,0.932716822727204,150,0.160579651594162,1.4034658670425415,0.0,0.0,,2353,none,B1,sac_her_pickandplace_clean_2M
sac_her,action_delay,2,0.0,-33.0,1.0,0.0289118281610737,150,0.2811480760574341,1.2745165824890137,0.0,0.0,33.0,2354,none,B1,sac_her_pickandplace_clean_2M
sac_her,action_delay,2,0.0,-15.0,1.0,0.0228352738828193,150,0.1224033161997795,1.0446293354034424,0.0,0.0,15.0,2355,none,B1,sac_her_pickandplace_clean_2M
sac_her,action_delay,2,0.0,-13.0,1.0,0.025029701818392,150,0.1415057927370071,1.0110327005386353,0.0,0.0,13.0,2356,none,B1,sac_her_pickandplace_clean_2M
sac_her,action_delay,2,0.0,-2.0,1.0,0.0137278455707334,150,0.1022946685552597,0.9347127079963684,0.0,0.0,0.0,2357,none,B1,sac_her_pickandplace_clean_2M
sac_her,action_delay,2,0.0,-42.0,1.0,0.041333069284708,150,0.9095227718353271,1.4460268020629885,0.0,0.0,24.0,2358,none,B1,sac_her_pickandplace_clean_2M
sac_her,action_delay,2,0.0,-17.0,1.0,0.0413705788247441,150,0.1038381606340408,1.06699800491333,0.0,0.0,17.0,2359,none,B1,sac_her_pickandplace_clean_2M
sac_her,action_delay,2,0.0,-21.0,1.0,0.0190270974664852,150,0.1866488009691238,1.0768078565597534,0.0,0.0,21.0,2360,none,B1,sac_her_pickandplace_clean_2M
sac_her,action_delay,2,0.0,-30.0,1.0,0.0496764833323817,150,0.9562329053878784,1.4335048198699951,0.0,0.0,15.0,2361,none,B1,sac_her_pickandplace_clean_2M
sac_her,action_delay,2,0.0,-16.0,1.0,0.0155464140101444,150,0.5695109367370605,1.3491852283477783,0.0,0.0,13.0,2362,none,B1,sac_her_pickandplace_clean_2M
sac_her,action_delay,2,0.0,-23.0,1.0,0.0222382614474333,150,0.204250767827034,1.082913517951965,0.0,0.0,21.0,2363,none,B1,sac_her_pickandplace_clean_2M
sac_her,action_delay,2,0.0,-14.0,1.0,0.031381492311845,150,0.4679457247257232,1.15138041973114,0.0,0.0,11.0,2364,none,B1,sac_her_pickandplace_clean_2M
sac_her,action_delay,2,0.0,-22.0,1.0,0.0047936176933476,150,0.198122039437294,1.299663543701172,0.0,0.0,22.0,2365,none,B1,sac_her_pickandplace_clean_2M
sac_her,action_delay,2,0.0,-18.0,1.0,0.0236154831346554,150,0.0980023443698883,1.0588958263397217,0.0,0.0,18.0,2366,none,B1,sac_her_pickandplace_clean_2M
sac_her,action_delay,2,0.0,-14.0,1.0,0.020911515967897,150,0.1818952709436416,1.1664190292358398,0.0,0.0,14.0,2367,none,B1,sac_her_pickandplace_clean_2M
sac_her,action_delay,2,0.0,-16.0,1.0,0.0388785352987662,150,0.1230472177267074,1.0551681518554688,0.0,0.0,16.0,2368,none,B1,sac_her_pickandplace_clean_2M
sac_her,action_delay,2,0.0,-17.0,1.0,0.0364027672889673,150,0.092641681432724,1.074199080467224,0.0,0.0,17.0,2369,none,B1,sac_her_pickandplace_clean_2M
sac_her,action_reversal,2,0.0,-150.0,0.0,0.1997172394190721,150,0.0417269989848136,0.5958205461502075,0.0,0.0,,2430,none,B1,sac_her_pickandplace_clean_2M
sac_her,action_reversal,2,0.0,-150.0,0.0,0.1516293764280694,150,0.0821402370929718,0.7267342209815979,0.0,0.0,,2431,none,B1,sac_her_pickandplace_clean_2M
sac_her,action_reversal,2,0.0,-150.0,0.0,0.1714851326945428,150,0.0671731159090995,1.460354566574097,0.0,0.0,,2432,none,B1,sac_her_pickandplace_clean_2M
sac_her,action_reversal,2,0.0,-150.0,0.0,0.3794429424862267,150,0.0563478842377662,1.2593662738800049,0.0,0.0,,2433,none,B1,sac_her_pickandplace_clean_2M
sac_her,action_reversal,2,0.0,0.0,1.0,0.0256559435823797,150,0.1321005076169967,0.950911283493042,0.0,0.0,0.0,2434,none,B1,sac_her_pickandplace_clean_2M
sac_her,action_reversal,2,0.0,-150.0,0.0,0.2100295104828423,150,0.0433307997882366,1.744104027748108,0.0,0.0,,2435,none,B1,sac_her_pickandplace_clean_2M
sac_her,action_reversal,2,0.0,-150.0,0.0,0.3842887087108118,150,0.0412901751697063,1.8390352725982664,0.0,0.0,,2436,none,B1,sac_her_pickandplace_clean_2M
sac_her,action_reversal,2,0.0,-150.0,0.0,0.3003642952314868,150,0.0258090142160654,1.606075406074524,0.0,0.0,,2437,none,B1,sac_her_pickandplace_clean_2M
sac_her,action_reversal,2,0.0,-150.0,0.0,0.2275702867625625,150,0.0517782904207706,1.5954114198684692,0.0,0.0,,2438,none,B1,sac_her_pickandplace_clean_2M
sac_her,action_reversal,2,0.0,-150.0,0.0,0.2738117894582931,150,0.0364755615592002,1.2748197317123413,0.0,0.0,,2439,none,B1,sac_her_pickandplace_clean_2M
sac_her,action_reversal,2,0.0,-150.0,0.0,0.1228889878780494,150,0.1021247133612632,1.284633994102478,0.0,0.0,,2440,none,B1,sac_her_pickandplace_clean_2M
sac_her,action_reversal,2,0.0,-150.0,0.0,0.2228413796082498,150,0.0316240191459655,1.5245935916900637,0.0,0.0,,2441,none,B1,sac_her_pickandplace_clean_2M
sac_her,action_reversal,2,0.0,-150.0,0.0,0.2877492579366268,150,0.0190096478909254,1.4350168704986572,0.0,0.0,,2442,none,B1,sac_her_pickandplace_clean_2M
sac_her,action_reversal,2,0.0,-150.0,0.0,0.5138989605869597,150,0.0597288534045219,1.0391639471054075,0.0,0.0,,2443,none,B1,sac_her_pickandplace_clean_2M
sac_her,action_reversal,2,0.0,-150.0,0.0,0.1452040196841573,150,0.1001750156283378,1.3911627531051636,0.0,0.0,,2444,none,B1,sac_her_pickandplace_clean_2M
sac_her,action_reversal,2,0.0,-150.0,0.0,0.3179807564787726,150,0.0352158322930336,1.3735333681106567,0.0,0.0,,2445,none,B1,sac_her_pickandplace_clean_2M
sac_her,action_reversal,2,0.0,-150.0,0.0,0.1751758115837957,150,0.0620522983372211,1.5830215215682983,0.0,0.0,,2446,none,B1,sac_her_pickandplace_clean_2M
sac_her,action_reversal,2,0.0,0.0,1.0,0.0434460754606292,150,0.0599771291017532,0.8426005840301514,0.0,0.0,0.0,2447,none,B1,sac_her_pickandplace_clean_2M
sac_her,action_reversal,2,0.0,-150.0,0.0,0.1090182352590774,150,0.0451178736984729,1.2025701999664309,0.0,0.0,,2448,none,B1,sac_her_pickandplace_clean_2M
sac_her,action_reversal,2,0.0,-150.0,0.0,0.3725494666153298,150,0.0387458689510822,1.458926796913147,0.0,0.0,,2449,none,B1,sac_her_pickandplace_clean_2M
sac_her,action_reversal,2,0.0,-150.0,0.0,0.2210127267540763,150,0.0330588817596435,0.9390031099319458,0.0,0.0,,2450,none,B1,sac_her_pickandplace_clean_2M
sac_her,action_reversal,2,0.0,-150.0,0.0,0.1914299157330289,150,0.0472109876573085,1.6358691453933716,0.0,0.0,,2451,none,B1,sac_her_pickandplace_clean_2M
sac_her,action_reversal,2,0.0,-150.0,0.0,0.241597427331297,150,0.0600620172917842,1.357605218887329,0.0,0.0,,2452,none,B1,sac_her_pickandplace_clean_2M
sac_her,action_reversal,2,0.0,-150.0,0.0,0.1917556488987317,150,0.0424319915473461,1.7875150442123413,0.0,0.0,,2453,none,B1,sac_her_pickandplace_clean_2M
sac_her,action_reversal,2,0.0,-150.0,0.0,0.1665615764017147,150,0.073151558637619,1.2057486772537231,0.0,0.0,,2454,none,B1,sac_her_pickandplace_clean_2M
sac_her,action_reversal,2,0.0,-150.0,0.0,0.2272207778030207,150,0.0334121882915496,1.1599843502044678,0.0,0.0,,2455,none,B1,sac_her_pickandplace_clean_2M
sac_her,action_reversal,2,0.0,-150.0,0.0,0.4294161905946126,150,0.0359447710216045,1.196376085281372,0.0,0.0,,2456,none,B1,sac_her_pickandplace_clean_2M
sac_her,action_reversal,2,0.0,-150.0,0.0,0.2040305529511548,150,0.0393923483788967,1.3517234325408936,0.0,0.0,,2457,none,B1,sac_her_pickandplace_clean_2M
sac_her,action_reversal,2,0.0,-150.0,0.0,0.2727845163095613,150,0.0189961232244968,1.796722412109375,0.0,0.0,,2458,none,B1,sac_her_pickandplace_clean_2M
sac_her,action_reversal,2,0.0,-150.0,0.0,0.4479705673575392,150,0.0462525263428688,1.2932240962982178,0.0,0.0,,2459,none,B1,sac_her_pickandplace_clean_2M
sac_her,goal_spoof_immediate,2,0.1,-150.0,0.0,0.1211506900567185,150,0.4234065413475036,1.069786548614502,0.0,0.0,,2520,none,B1,sac_her_pickandplace_clean_2M
sac_her,goal_spoof_immediate,2,0.1,-150.0,0.0,0.0770102778599758,150,1.2181036472320557,1.1933597326278689,0.0,0.0,,2521,none,B1,sac_her_pickandplace_clean_2M
sac_her,goal_spoof_immediate,2,0.1,-150.0,0.0,0.0820954678321441,150,1.0695127248764038,1.1432576179504397,0.0,0.0,,2522,none,B1,sac_her_pickandplace_clean_2M
sac_her,goal_spoof_immediate,2,0.1,-150.0,0.0,0.0693883505497238,150,0.0524340234696865,1.0355290174484253,0.0,0.0,,2523,none,B1,sac_her_pickandplace_clean_2M
sac_her,goal_spoof_immediate,2,0.1,-145.0,0.0,0.1275477224830584,150,0.0586131513118743,1.0442657470703125,0.0,0.0,0.0,2524,none,B1,sac_her_pickandplace_clean_2M
sac_her,goal_spoof_immediate,2,0.1,-150.0,0.0,0.0778393439498249,150,0.0597233474254608,1.0329132080078125,0.0,0.0,,2525,none,B1,sac_her_pickandplace_clean_2M
sac_her,goal_spoof_immediate,2,0.1,-147.0,0.0,0.0720684129545009,150,0.0940068662166595,1.0532689094543457,0.0,0.0,15.0,2526,none,B1,sac_her_pickandplace_clean_2M
sac_her,goal_spoof_immediate,2,0.1,-150.0,0.0,0.1237806432638894,150,0.0632078722119331,1.0365736484527588,0.0,0.0,,2527,none,B1,sac_her_pickandplace_clean_2M
sac_her,goal_spoof_immediate,2,0.1,-150.0,0.0,0.1226565330465281,150,1.088649034500122,1.1842187643051147,0.0,0.0,,2528,none,B1,sac_her_pickandplace_clean_2M
sac_her,goal_spoof_immediate,2,0.1,-147.0,0.0,0.1106966004989771,150,0.0573717877268791,1.153475642204285,0.0,0.0,10.0,2529,none,B1,sac_her_pickandplace_clean_2M
sac_her,goal_spoof_immediate,2,0.1,-150.0,0.0,0.0696196742541098,150,1.404511332511902,1.2371282577514648,0.0,0.0,,2530,none,B1,sac_her_pickandplace_clean_2M
sac_her,goal_spoof_immediate,2,0.1,-150.0,0.0,0.0979119676706342,150,1.1228481531143188,1.1518036127090454,0.0,0.0,,2531,none,B1,sac_her_pickandplace_clean_2M
sac_her,goal_spoof_immediate,2,0.1,-150.0,0.0,0.1116679802035527,150,0.9643938541412354,1.1805126667022705,1.0,0.0,,2532,none,B1,sac_her_pickandplace_clean_2M
sac_her,goal_spoof_immediate,2,0.1,-17.0,1.0,0.0335583928873537,150,0.0693258345127105,1.0644971132278442,0.0,0.0,17.0,2533,none,B1,sac_her_pickandplace_clean_2M
sac_her,goal_spoof_immediate,2,0.1,-150.0,0.0,0.1286093996908354,150,1.381257176399231,1.2328424453735352,0.0,0.0,,2534,none,B1,sac_her_pickandplace_clean_2M
sac_her,goal_spoof_immediate,2,0.1,-150.0,0.0,0.1008851042002179,150,0.0702541247010231,1.0457979440689087,0.0,0.0,,2535,none,B1,sac_her_pickandplace_clean_2M
sac_her,goal_spoof_immediate,2,0.1,-150.0,0.0,0.138038532202046,150,1.2730257511138916,1.2178324460983276,0.0,0.0,,2536,none,B1,sac_her_pickandplace_clean_2M
sac_her,goal_spoof_immediate,2,0.1,0.0,1.0,0.0434460754606292,150,0.1233400180935859,0.6825138330459595,0.0,0.0,0.0,2537,none,B1,sac_her_pickandplace_clean_2M
sac_her,goal_spoof_immediate,2,0.1,-150.0,0.0,0.1067634446688867,150,1.6121822595596311,1.2926923036575315,0.0,0.0,,2538,none,B1,sac_her_pickandplace_clean_2M
sac_her,goal_spoof_immediate,2,0.1,-150.0,0.0,0.07995416449285,150,0.0639664456248283,1.0480823516845703,0.0,0.0,,2539,none,B1,sac_her_pickandplace_clean_2M
sac_her,goal_spoof_immediate,2,0.1,-150.0,0.0,0.0929621809822993,150,1.5228688716888428,1.274092197418213,0.0,0.0,,2540,none,B1,sac_her_pickandplace_clean_2M
sac_her,goal_spoof_immediate,2,0.1,-150.0,0.0,0.0658558827700941,150,0.0483150221407413,1.214226245880127,0.0,0.0,,2541,none,B1,sac_her_pickandplace_clean_2M
sac_her,goal_spoof_immediate,2,0.1,-150.0,0.0,0.1350775224171534,150,0.0610489100217819,1.1190299987792969,0.0,0.0,,2542,none,B1,sac_her_pickandplace_clean_2M
sac_her,goal_spoof_immediate,2,0.1,-150.0,0.0,0.1515360846646816,150,0.0600447431206703,1.030815601348877,0.0,0.0,,2543,none,B1,sac_her_pickandplace_clean_2M
sac_her,goal_spoof_immediate,2,0.1,-150.0,0.0,0.0756094491475741,150,0.8488960862159729,1.0709110498428345,0.0,0.0,,2544,none,B1,sac_her_pickandplace_clean_2M
sac_her,goal_spoof_immediate,2,0.1,-150.0,0.0,0.0809213064446098,150,0.1332762241363525,1.0550516843795776,0.0,0.0,,2545,none,B1,sac_her_pickandplace_clean_2M
sac_her,goal_spoof_immediate,2,0.1,-147.0,0.0,0.0613658131205095,150,0.0661753043532371,1.0571496486663818,0.0,0.0,15.0,2546,none,B1,sac_her_pickandplace_clean_2M
sac_her,goal_spoof_immediate,2,0.1,-150.0,0.0,0.072329987590995,150,0.1104704290628433,0.946794331073761,0.0,0.0,,2547,none,B1,sac_her_pickandplace_clean_2M
sac_her,goal_spoof_immediate,2,0.1,-150.0,0.0,0.1069973488609138,150,0.0529207102954387,1.0263893604278564,0.0,0.0,,2548,none,B1,sac_her_pickandplace_clean_2M
sac_her,goal_spoof_immediate,2,0.1,-150.0,0.0,0.8575920307486574,150,0.1619976907968521,1.129781723022461,0.0,0.0,,2549,none,B1,sac_her_pickandplace_clean_2M
sac_her,goal_spoof_midep,2,0.1,-98.0,0.0,0.1075624433164199,150,0.9760123491287231,1.10163152217865,0.0,0.0,9.0,2610,none,B1,sac_her_pickandplace_clean_2M
sac_her,goal_spoof_midep,2,0.1,-95.0,0.0,0.0573923557767586,150,0.1151037514209747,0.9582531452178956,0.0,0.0,8.0,2611,none,B1,sac_her_pickandplace_clean_2M
sac_her,goal_spoof_midep,2,0.1,-97.0,0.0,0.1254379625578052,150,0.75747150182724,1.093193769454956,0.0,0.0,7.0,2612,none,B1,sac_her_pickandplace_clean_2M
sac_her,goal_spoof_midep,2,0.1,-102.0,0.0,0.1143260197902577,150,0.077881745994091,1.0517549514770508,0.0,0.0,13.0,2613,none,B1,sac_her_pickandplace_clean_2M
sac_her,goal_spoof_midep,2,0.1,-87.0,0.0,0.0713879145840519,150,0.7774843573570251,1.1065385341644287,0.0,0.0,0.0,2614,none,B1,sac_her_pickandplace_clean_2M
sac_her,goal_spoof_midep,2,0.1,-99.0,0.0,0.0596242199888622,150,0.0803774148225784,1.0381112098693848,0.0,0.0,10.0,2615,none,B1,sac_her_pickandplace_clean_2M
sac_her,goal_spoof_midep,2,0.1,-106.0,0.0,0.1348596181002727,150,0.0792551338672638,1.042049765586853,0.0,0.0,16.0,2616,none,B1,sac_her_pickandplace_clean_2M
sac_her,goal_spoof_midep,2,0.1,-103.0,0.0,0.1413395918523128,150,0.0803499668836593,1.0431840419769287,0.0,0.0,13.0,2617,none,B1,sac_her_pickandplace_clean_2M
sac_her,goal_spoof_midep,2,0.1,-100.0,0.0,0.1054664527093725,150,0.1218593120574951,1.0416089296340942,0.0,0.0,11.0,2618,none,B1,sac_her_pickandplace_clean_2M
sac_her,goal_spoof_midep,2,0.1,-99.0,0.0,0.0828834026417174,150,0.1062905564904213,0.937247097492218,0.0,0.0,9.0,2619,none,B1,sac_her_pickandplace_clean_2M
sac_her,goal_spoof_midep,2,0.1,-96.0,0.0,0.1108979948202921,150,0.8017838001251221,1.106136918067932,0.0,0.0,7.0,2620,none,B1,sac_her_pickandplace_clean_2M
sac_her,goal_spoof_midep,2,0.1,-96.0,0.0,0.0681244064689916,150,0.1418849527835846,1.19450843334198,0.0,0.0,9.0,2621,none,B1,sac_her_pickandplace_clean_2M
sac_her,goal_spoof_midep,2,0.1,-10.0,1.0,0.0483115103586164,150,0.4188914000988006,0.9829341769218444,0.0,0.0,10.0,2622,none,B1,sac_her_pickandplace_clean_2M
sac_her,goal_spoof_midep,2,0.1,-108.0,0.0,0.1378858751691195,150,0.0861558690667152,1.1040271520614624,0.0,0.0,18.0,2623,none,B1,sac_her_pickandplace_clean_2M
sac_her,goal_spoof_midep,2,0.1,-7.0,1.0,0.0413343790069518,150,0.0659789964556694,1.1333335638046265,0.0,0.0,7.0,2624,none,B1,sac_her_pickandplace_clean_2M
sac_her,goal_spoof_midep,2,0.1,-102.0,0.0,0.1182734467175718,150,0.0931770876049995,1.046201229095459,0.0,0.0,12.0,2625,none,B1,sac_her_pickandplace_clean_2M
sac_her,goal_spoof_midep,2,0.1,-97.0,0.0,0.1244293677450841,150,0.7874034643173218,1.0930304527282717,0.0,0.0,8.0,2626,none,B1,sac_her_pickandplace_clean_2M
sac_her,goal_spoof_midep,2,0.1,-86.0,0.0,0.0778118008782188,150,0.0932915359735488,1.1346265077590942,0.0,0.0,0.0,2627,none,B1,sac_her_pickandplace_clean_2M
sac_her,goal_spoof_midep,2,0.1,-97.0,0.0,0.1109253864644383,150,0.6473962664604187,1.1346230506896973,0.0,0.0,7.0,2628,none,B1,sac_her_pickandplace_clean_2M
sac_her,goal_spoof_midep,2,0.1,-103.0,0.0,0.1165702615687779,150,0.0928069949150085,1.0620694160461426,0.0,0.0,14.0,2629,none,B1,sac_her_pickandplace_clean_2M
sac_her,goal_spoof_midep,2,0.1,-97.0,0.0,0.0848274635373282,150,0.9609296321868896,1.1403098106384275,0.0,0.0,8.0,2630,none,B1,sac_her_pickandplace_clean_2M
sac_her,goal_spoof_midep,2,0.1,-8.0,1.0,0.0467820837924203,150,0.5725822448730469,1.0403759479522705,0.0,0.0,8.0,2631,none,B1,sac_her_pickandplace_clean_2M
sac_her,goal_spoof_midep,2,0.1,-95.0,0.0,0.0843217248891028,150,0.127247154712677,1.1432491540908811,0.0,0.0,8.0,2632,none,B1,sac_her_pickandplace_clean_2M
sac_her,goal_spoof_midep,2,0.1,-97.0,0.0,0.1260762220046604,150,0.0833744406700134,1.0442616939544678,0.0,0.0,8.0,2633,none,B1,sac_her_pickandplace_clean_2M
sac_her,goal_spoof_midep,2,0.1,-31.0,0.0,0.0501413074428953,150,0.0955419167876243,1.1248284578323364,0.0,0.0,6.0,2634,none,B1,sac_her_pickandplace_clean_2M
sac_her,goal_spoof_midep,2,0.1,-96.0,0.0,0.0787276664542261,150,0.0977000668644905,1.207133173942566,0.0,0.0,9.0,2635,none,B1,sac_her_pickandplace_clean_2M
sac_her,goal_spoof_midep,2,0.1,-104.0,0.0,0.070559486349863,150,0.0841999277472496,1.059873342514038,0.0,0.0,15.0,2636,none,B1,sac_her_pickandplace_clean_2M
sac_her,goal_spoof_midep,2,0.1,-96.0,0.0,0.1292868016745187,150,0.1549338549375534,1.0937212705612185,0.0,0.0,8.0,2637,none,B1,sac_her_pickandplace_clean_2M
sac_her,goal_spoof_midep,2,0.1,-102.0,0.0,0.1358518611257886,150,0.0774149447679519,1.041067123413086,0.0,0.0,12.0,2638,none,B1,sac_her_pickandplace_clean_2M
sac_her,goal_spoof_midep,2,0.1,-104.0,0.0,0.1360936010284268,150,0.0811753645539283,1.06914222240448,0.0,0.0,14.0,2639,none,B1,sac_her_pickandplace_clean_2M
sac_her,object_pose_spoof,2,0.1,-149.0,0.0,0.0675974614514525,150,0.1035699173808097,0.9991784691810608,0.0,0.0,9.0,2700,none,B1,sac_her_pickandplace_clean_2M
sac_her,object_pose_spoof,2,0.1,-150.0,0.0,0.069622271944021,150,0.2807036638259887,0.9083715677261353,0.0,0.0,,2701,none,B1,sac_her_pickandplace_clean_2M
sac_her,object_pose_spoof,2,0.1,-150.0,0.0,0.051209734268323,150,0.0613038055598735,1.273909091949463,0.0,0.0,,2702,none,B1,sac_her_pickandplace_clean_2M
sac_her,object_pose_spoof,2,0.1,-150.0,0.0,0.0784090621703918,150,0.0539072528481483,1.0613775253295898,0.0,0.0,,2703,none,B1,sac_her_pickandplace_clean_2M
sac_her,object_pose_spoof,2,0.1,-117.0,1.0,0.0394097642377379,150,1.014824628829956,1.03886878490448,0.0,0.0,0.0,2704,none,B1,sac_her_pickandplace_clean_2M
sac_her,object_pose_spoof,2,0.1,-150.0,0.0,0.0975043194130722,150,0.1707907170057296,1.010328769683838,1.0,0.0,,2705,none,B1,sac_her_pickandplace_clean_2M
sac_her,object_pose_spoof,2,0.1,-15.0,1.0,0.0460487865891769,150,0.0685581713914871,1.0472239255905151,0.0,0.0,15.0,2706,none,B1,sac_her_pickandplace_clean_2M
sac_her,object_pose_spoof,2,0.1,-150.0,0.0,0.108703775890934,150,0.064762070775032,1.0476824045181274,0.0,0.0,,2707,none,B1,sac_her_pickandplace_clean_2M
sac_her,object_pose_spoof,2,0.1,-104.0,1.0,0.0496770923475387,150,0.5203166007995605,1.4378623962402344,0.0,0.0,104.0,2708,none,B1,sac_her_pickandplace_clean_2M
sac_her,object_pose_spoof,2,0.1,-150.0,0.0,0.0711021661548392,150,0.0680469498038292,0.779570996761322,0.0,0.0,,2709,none,B1,sac_her_pickandplace_clean_2M
sac_her,object_pose_spoof,2,0.1,-150.0,0.0,0.0639441447603272,150,0.0586274936795234,0.9943974018096924,0.0,0.0,,2710,none,B1,sac_her_pickandplace_clean_2M
sac_her,object_pose_spoof,2,0.1,-150.0,0.0,0.0900856868616765,150,0.2413625717163086,1.6964768171310425,0.0,0.0,,2711,none,B1,sac_her_pickandplace_clean_2M
sac_her,object_pose_spoof,2,0.1,-15.0,1.0,0.0473185359432114,150,0.0989753529429435,0.9200398921966552,0.0,0.0,15.0,2712,none,B1,sac_her_pickandplace_clean_2M
sac_her,object_pose_spoof,2,0.1,-116.0,1.0,0.0495018645614796,150,0.0687406212091445,1.0776159763336182,0.0,0.0,19.0,2713,none,B1,sac_her_pickandplace_clean_2M
sac_her,object_pose_spoof,2,0.1,-7.0,1.0,0.0042098229886458,150,0.0500943884253501,1.226871132850647,0.0,0.0,7.0,2714,none,B1,sac_her_pickandplace_clean_2M
sac_her,object_pose_spoof,2,0.1,-14.0,1.0,0.0430772176161563,150,0.0661951676011085,1.0347833633422852,0.0,0.0,14.0,2715,none,B1,sac_her_pickandplace_clean_2M
sac_her,object_pose_spoof,2,0.1,-150.0,0.0,0.0837130883273855,150,0.1488575786352157,1.1617040634155271,0.0,0.0,,2716,none,B1,sac_her_pickandplace_clean_2M
sac_her,object_pose_spoof,2,0.1,-118.0,0.0,0.0646273885032606,150,0.2728469669818878,1.184880018234253,0.0,0.0,0.0,2717,none,B1,sac_her_pickandplace_clean_2M
sac_her,object_pose_spoof,2,0.1,-150.0,0.0,0.0795873758560958,150,1.69170343875885,1.3269942998886108,0.0,0.0,,2718,none,B1,sac_her_pickandplace_clean_2M
sac_her,object_pose_spoof,2,0.1,-150.0,0.0,0.0737943061438047,150,0.0614572316408157,1.0479782819747925,0.0,0.0,,2719,none,B1,sac_her_pickandplace_clean_2M
sac_her,object_pose_spoof,2,0.1,-150.0,0.0,0.0582953678449129,150,0.2657426297664642,1.4772284030914309,0.0,0.0,,2720,none,B1,sac_her_pickandplace_clean_2M
sac_her,object_pose_spoof,2,0.1,-150.0,0.0,0.0656878627025229,150,0.176768809556961,0.6679095029830933,0.0,0.0,,2721,none,B1,sac_her_pickandplace_clean_2M
sac_her,object_pose_spoof,2,0.1,-150.0,0.0,0.0686423647332455,150,0.492820531129837,0.9614829421043396,0.0,0.0,,2722,none,B1,sac_her_pickandplace_clean_2M
sac_her,object_pose_spoof,2,0.1,-150.0,0.0,0.0598339458524477,150,0.1147185713052749,1.03539776802063,0.0,0.0,,2723,none,B1,sac_her_pickandplace_clean_2M
sac_her,object_pose_spoof,2,0.1,-9.0,1.0,0.0409692968898277,150,0.0670676901936531,0.8451042771339417,0.0,0.0,9.0,2724,none,B1,sac_her_pickandplace_clean_2M
sac_her,object_pose_spoof,2,0.1,-10.0,1.0,0.0211518937564226,150,0.0687958374619484,1.3351742029190063,0.0,0.0,10.0,2725,none,B1,sac_her_pickandplace_clean_2M
sac_her,object_pose_spoof,2,0.1,-150.0,0.0,0.1021082464762458,150,0.0657859593629837,1.0480403900146484,0.0,0.0,,2726,none,B1,sac_her_pickandplace_clean_2M
sac_her,object_pose_spoof,2,0.1,-150.0,0.0,0.0753767962701828,150,0.8262927532196045,0.9801527857780457,0.0,0.0,,2727,none,B1,sac_her_pickandplace_clean_2M
sac_her,object_pose_spoof,2,0.1,-150.0,0.0,0.1047786323183126,150,0.0780680850148201,1.0544071197509766,0.0,0.0,,2728,none,B1,sac_her_pickandplace_clean_2M
sac_her,object_pose_spoof,2,0.1,-150.0,0.0,0.1010468124125375,150,0.0652426779270172,1.0568984746932983,0.0,0.0,,2729,none,B1,sac_her_pickandplace_clean_2M
sac_her,grip_state_falsification,2,0.0,-150.0,0.0,0.0955173172561637,150,1.661223530769348,1.3147863149642944,1.0,0.0,,2790,none,B1,sac_her_pickandplace_clean_2M
sac_her,grip_state_falsification,2,0.0,-150.0,0.0,0.1480562178061761,150,1.103014588356018,1.1543039083480835,0.0,0.0,,2791,none,B1,sac_her_pickandplace_clean_2M
sac_her,grip_state_falsification,2,0.0,-150.0,0.0,0.127019717826178,150,0.1412864923477172,1.0276631116867063,0.0,0.0,,2792,none,B1,sac_her_pickandplace_clean_2M
sac_her,grip_state_falsification,2,0.0,-150.0,0.0,0.3794429424862267,150,1.510529637336731,1.271897554397583,0.0,0.0,,2793,none,B1,sac_her_pickandplace_clean_2M
sac_her,grip_state_falsification,2,0.0,0.0,1.0,0.0256559435823797,150,1.0449689626693726,0.8856460452079773,0.0,0.0,0.0,2794,none,B1,sac_her_pickandplace_clean_2M
sac_her,grip_state_falsification,2,0.0,-150.0,0.0,0.2100295104828423,150,1.594733476638794,1.28541100025177,0.0,0.0,,2795,none,B1,sac_her_pickandplace_clean_2M
sac_her,grip_state_falsification,2,0.0,-150.0,0.0,0.3842887087108118,150,1.458003044128418,1.2434452772140503,0.0,0.0,,2796,none,B1,sac_her_pickandplace_clean_2M
sac_her,grip_state_falsification,2,0.0,-150.0,0.0,0.3003642952314868,150,1.763030767440796,1.3403109312057495,0.0,0.0,,2797,none,B1,sac_her_pickandplace_clean_2M
sac_her,grip_state_falsification,2,0.0,-150.0,0.0,0.2275702867625625,150,0.3054728806018829,1.026972413063049,0.0,0.0,,2798,none,B1,sac_her_pickandplace_clean_2M
sac_her,grip_state_falsification,2,0.0,-150.0,0.0,0.2545052816472234,150,0.0481979325413703,0.9675919413566588,0.0,0.0,,2799,none,B1,sac_her_pickandplace_clean_2M
sac_her,grip_state_falsification,2,0.0,-150.0,0.0,0.1863955149306349,150,0.0347895994782447,0.9566873908042908,0.0,0.0,,2800,none,B1,sac_her_pickandplace_clean_2M
sac_her,grip_state_falsification,2,0.0,-150.0,0.0,0.2424660908546311,150,0.0350435189902782,1.0061230659484863,0.0,0.0,,2801,none,B1,sac_her_pickandplace_clean_2M
sac_her,grip_state_falsification,2,0.0,-150.0,0.0,0.0758784348806261,150,1.3596445322036743,1.2686612606048584,0.0,0.0,,2802,none,B1,sac_her_pickandplace_clean_2M
sac_her,grip_state_falsification,2,0.0,-150.0,0.0,0.5138989605869597,150,0.6813312768936157,1.0696969032287598,0.0,0.0,,2803,none,B1,sac_her_pickandplace_clean_2M
sac_her,grip_state_falsification,2,0.0,-150.0,0.0,0.1238123792206136,150,0.0504385568201541,0.7333422303199768,0.0,0.0,,2804,none,B1,sac_her_pickandplace_clean_2M
sac_her,grip_state_falsification,2,0.0,-150.0,0.0,0.3179807564787726,150,1.7550808191299438,1.346201777458191,0.0,0.0,,2805,none,B1,sac_her_pickandplace_clean_2M
sac_her,grip_state_falsification,2,0.0,-150.0,0.0,0.1682581272810984,150,1.3697229623794556,1.294762134552002,0.0,0.0,,2806,none,B1,sac_her_pickandplace_clean_2M
sac_her,grip_state_falsification,2,0.0,0.0,1.0,0.0434460754606292,150,0.044420164078474,0.9359554052352904,0.0,0.0,0.0,2807,none,B1,sac_her_pickandplace_clean_2M
sac_her,grip_state_falsification,2,0.0,-150.0,0.0,0.1090182352590774,150,1.5855886936187744,1.2266618013381958,0.0,0.0,,2808,none,B1,sac_her_pickandplace_clean_2M
sac_her,grip_state_falsification,2,0.0,-150.0,0.0,0.3725494666153298,150,1.7611899375915527,1.3532707691192627,0.0,0.0,,2809,none,B1,sac_her_pickandplace_clean_2M
sac_her,grip_state_falsification,2,0.0,-150.0,0.0,0.1996664102005117,150,0.1233544796705246,1.0013631582260132,0.0,0.0,,2810,none,B1,sac_her_pickandplace_clean_2M
sac_her,grip_state_falsification,2,0.0,-150.0,0.0,0.1735824712140564,150,1.3226457834243774,1.2554222345352173,0.0,0.0,,2811,none,B1,sac_her_pickandplace_clean_2M
sac_her,grip_state_falsification,2,0.0,-150.0,0.0,0.2869954241732433,150,0.0313710719347,0.9908258318901062,0.0,0.0,,2812,none,B1,sac_her_pickandplace_clean_2M
sac_her,grip_state_falsification,2,0.0,-150.0,0.0,0.1917556488987317,150,1.83868944644928,1.3618088960647583,0.0,0.0,,2813,none,B1,sac_her_pickandplace_clean_2M
sac_her,grip_state_falsification,2,0.0,-146.0,0.0,0.0680449490002561,150,0.1953831017017364,1.0203146934509275,0.0,0.0,19.0,2814,none,B1,sac_her_pickandplace_clean_2M
sac_her,grip_state_falsification,2,0.0,-37.0,1.0,0.0099202745832562,150,0.3413949310779571,0.7534382343292236,0.0,0.0,37.0,2815,none,B1,sac_her_pickandplace_clean_2M
sac_her,grip_state_falsification,2,0.0,-150.0,0.0,0.4294161905946126,150,1.797035574913025,1.3610904216766355,0.0,0.0,,2816,none,B1,sac_her_pickandplace_clean_2M
sac_her,grip_state_falsification,2,0.0,-150.0,0.0,0.236674000995059,150,0.0746119543910026,0.985627830028534,0.0,0.0,,2817,none,B1,sac_her_pickandplace_clean_2M
sac_her,grip_state_falsification,2,0.0,-150.0,0.0,0.2727845163095613,150,1.7814701795578003,1.3527737855911257,0.0,0.0,,2818,none,B1,sac_her_pickandplace_clean_2M
sac_her,grip_state_falsification,2,0.0,-150.0,0.0,0.4479705673575392,150,1.725421667098999,1.3384532928466797,0.0,0.0,,2819,none,B1,sac_her_pickandplace_clean_2M
sac_her,contact_dropout,2,0.0,-150.0,0.0,0.1997172394190721,150,0.0213912948966026,1.070469617843628,0.0,0.0,,2880,none,B1,sac_her_pickandplace_clean_2M
sac_her,contact_dropout,2,0.0,-150.0,0.0,0.1516293764280694,150,0.0549760982394218,1.2680466175079346,0.0,0.0,,2881,none,B1,sac_her_pickandplace_clean_2M
sac_her,contact_dropout,2,0.0,-150.0,0.0,0.1714851326945428,150,0.0226444043219089,1.305854320526123,0.0,0.0,,2882,none,B1,sac_her_pickandplace_clean_2M
sac_her,contact_dropout,2,0.0,-150.0,0.0,0.3794429424862267,150,0.0265218913555145,1.3000555038452148,0.0,0.0,,2883,none,B1,sac_her_pickandplace_clean_2M
sac_her,contact_dropout,2,0.0,0.0,1.0,0.0256559435823797,150,0.0516477338969707,1.2347369194030762,0.0,0.0,0.0,2884,none,B1,sac_her_pickandplace_clean_2M
sac_her,contact_dropout,2,0.0,-150.0,0.0,0.2100295104828423,150,0.0328604169189929,0.9868559837341307,0.0,0.0,,2885,none,B1,sac_her_pickandplace_clean_2M
sac_her,contact_dropout,2,0.0,-150.0,0.0,0.3842887087108118,150,0.0242546778172254,1.129995346069336,0.0,0.0,,2886,none,B1,sac_her_pickandplace_clean_2M
sac_her,contact_dropout,2,0.0,-150.0,0.0,0.3003642952314868,150,0.0295919571071863,1.0083328485488892,0.0,0.0,,2887,none,B1,sac_her_pickandplace_clean_2M
sac_her,contact_dropout,2,0.0,-150.0,0.0,0.2275702867625625,150,0.0458588898181915,1.3138293027877808,0.0,0.0,,2888,none,B1,sac_her_pickandplace_clean_2M
sac_her,contact_dropout,2,0.0,-150.0,0.0,0.2738117894582931,150,0.0289571657776832,0.9065378904342652,0.0,0.0,,2889,none,B1,sac_her_pickandplace_clean_2M
sac_her,contact_dropout,2,0.0,-150.0,0.0,0.1228889878780494,150,0.035796258598566,1.5252403020858765,0.0,0.0,,2890,none,B1,sac_her_pickandplace_clean_2M
sac_her,contact_dropout,2,0.0,-150.0,0.0,0.2228413796082498,150,0.0322611555457115,1.4878865480422974,0.0,0.0,,2891,none,B1,sac_her_pickandplace_clean_2M
sac_her,contact_dropout,2,0.0,-150.0,0.0,0.2877492579366268,150,0.033585175871849,1.4326194524765017,0.0,0.0,,2892,none,B1,sac_her_pickandplace_clean_2M
sac_her,contact_dropout,2,0.0,-150.0,0.0,0.5138989605869597,150,0.021477710455656,1.216418743133545,0.0,0.0,,2893,none,B1,sac_her_pickandplace_clean_2M
sac_her,contact_dropout,2,0.0,-150.0,0.0,0.1452040196841573,150,0.0415264330804348,1.2046157121658323,0.0,0.0,,2894,none,B1,sac_her_pickandplace_clean_2M
sac_her,contact_dropout,2,0.0,-150.0,0.0,0.3179807564787726,150,0.0271577704697847,0.8332319855690002,0.0,0.0,,2895,none,B1,sac_her_pickandplace_clean_2M
sac_her,contact_dropout,2,0.0,-150.0,0.0,0.1751758115837957,150,0.0448234528303146,1.3290281295776367,0.0,0.0,,2896,none,B1,sac_her_pickandplace_clean_2M
sac_her,contact_dropout,2,0.0,0.0,1.0,0.0434460754606292,150,0.032336302101612,1.5013549327850342,0.0,0.0,0.0,2897,none,B1,sac_her_pickandplace_clean_2M
sac_her,contact_dropout,2,0.0,-150.0,0.0,0.1090182352590774,150,0.0190773978829383,1.0136090517044067,0.0,0.0,,2898,none,B1,sac_her_pickandplace_clean_2M
sac_her,contact_dropout,2,0.0,-150.0,0.0,0.3725494666153298,150,0.0569167360663414,1.1376866102218628,0.0,0.0,,2899,none,B1,sac_her_pickandplace_clean_2M
sac_her,contact_dropout,2,0.0,-150.0,0.0,0.2210127267540763,150,0.0293705184012651,1.210822582244873,0.0,0.0,,2900,none,B1,sac_her_pickandplace_clean_2M
sac_her,contact_dropout,2,0.0,-150.0,0.0,0.1914299157330289,150,0.0278148259967565,1.0791603326797483,0.0,0.0,,2901,none,B1,sac_her_pickandplace_clean_2M
sac_her,contact_dropout,2,0.0,-150.0,0.0,0.241597427331297,150,0.0371990762650966,1.3086891174316406,0.0,0.0,,2902,none,B1,sac_her_pickandplace_clean_2M
sac_her,contact_dropout,2,0.0,-150.0,0.0,0.1917556488987317,150,0.0344668813049793,0.996249496936798,0.0,0.0,,2903,none,B1,sac_her_pickandplace_clean_2M
sac_her,contact_dropout,2,0.0,-150.0,0.0,0.1665615764017147,150,0.0270901694893836,1.1322611570358276,0.0,0.0,,2904,none,B1,sac_her_pickandplace_clean_2M
sac_her,contact_dropout,2,0.0,-150.0,0.0,0.2272207778030207,150,0.0253420770168304,1.1314996480941772,0.0,0.0,,2905,none,B1,sac_her_pickandplace_clean_2M
sac_her,contact_dropout,2,0.0,-150.0,0.0,0.4294161905946126,150,0.0357824601233005,1.044569730758667,0.0,0.0,,2906,none,B1,sac_her_pickandplace_clean_2M
sac_her,contact_dropout,2,0.0,-150.0,0.0,0.2040305529511548,150,0.0343524403870105,1.3455418348312378,0.0,0.0,,2907,none,B1,sac_her_pickandplace_clean_2M
sac_her,contact_dropout,2,0.0,-150.0,0.0,0.2727845163095613,150,0.0365561656653881,1.0496082305908203,0.0,0.0,,2908,none,B1,sac_her_pickandplace_clean_2M
sac_her,contact_dropout,2,0.0,-150.0,0.0,0.4479705673575392,150,0.0365952253341674,1.0411295890808103,0.0,0.0,,2909,none,B1,sac_her_pickandplace_clean_2M
sac_her,clean,3,0.0,-4.0,1.0,0.0168364428495689,150,0.0528683476150035,0.9518839716911316,0.0,0.0,4.0,2970,none,B0,sac_her_pickandplace_clean_2M
sac_her,clean,3,0.0,-7.0,1.0,0.0237132532521761,150,0.0894467830657959,1.132893681526184,0.0,0.0,7.0,2971,none,B0,sac_her_pickandplace_clean_2M
sac_her,clean,3,0.0,-12.0,1.0,0.0145459683726903,150,0.1074182391166687,0.9029504656791688,0.0,0.0,12.0,2972,none,B0,sac_her_pickandplace_clean_2M
sac_her,clean,3,0.0,0.0,1.0,0.01514928330424,150,0.1268041282892227,0.9056994915008544,0.0,0.0,0.0,2973,none,B0,sac_her_pickandplace_clean_2M
sac_her,clean,3,0.0,-4.0,1.0,0.0156970084628198,150,0.0475227497518062,0.9562192559242249,0.0,0.0,4.0,2974,none,B0,sac_her_pickandplace_clean_2M
sac_her,clean,3,0.0,-11.0,1.0,0.0191075535472371,150,0.1377211511135101,0.9044239521026612,0.0,0.0,11.0,2975,none,B0,sac_her_pickandplace_clean_2M
sac_her,clean,3,0.0,-8.0,1.0,0.0144749740230408,150,0.0549636930227279,1.0222930908203125,0.0,0.0,8.0,2976,none,B0,sac_her_pickandplace_clean_2M
sac_her,clean,3,0.0,-8.0,1.0,0.0124391368807961,150,0.0617479234933853,0.9504261016845704,0.0,0.0,8.0,2977,none,B0,sac_her_pickandplace_clean_2M
sac_her,clean,3,0.0,-9.0,1.0,0.0123985231363349,150,0.081845574080944,0.9508890509605408,0.0,0.0,9.0,2978,none,B0,sac_her_pickandplace_clean_2M
sac_her,clean,3,0.0,-10.0,1.0,0.0190408002465618,150,0.1009093895554542,0.8996039032936096,0.0,0.0,10.0,2979,none,B0,sac_her_pickandplace_clean_2M
sac_her,clean,3,0.0,-11.0,1.0,0.0245963770636055,150,0.0562415793538093,1.027222752571106,0.0,0.0,11.0,2980,none,B0,sac_her_pickandplace_clean_2M
sac_her,clean,3,0.0,-7.0,1.0,0.0175581886085397,150,0.0923147052526474,0.9594696164131165,0.0,0.0,7.0,2981,none,B0,sac_her_pickandplace_clean_2M
sac_her,clean,3,0.0,-5.0,1.0,0.0184416976062737,150,0.1156316176056861,0.5892608761787415,0.0,0.0,5.0,2982,none,B0,sac_her_pickandplace_clean_2M
sac_her,clean,3,0.0,-11.0,1.0,0.0367443596324323,150,0.0684538185596466,1.0348173379898071,0.0,0.0,11.0,2983,none,B0,sac_her_pickandplace_clean_2M
sac_her,clean,3,0.0,-6.0,1.0,0.0110973324902965,150,0.7122554779052734,1.098108172416687,0.0,0.0,6.0,2984,none,B0,sac_her_pickandplace_clean_2M
sac_her,clean,3,0.0,-7.0,1.0,0.0193267404470485,150,0.0784807875752449,0.9928300976753236,0.0,0.0,7.0,2985,none,B0,sac_her_pickandplace_clean_2M
sac_her,clean,3,0.0,-7.0,1.0,0.0214810844180679,150,0.1176075413823127,0.9394569993019104,0.0,0.0,7.0,2986,none,B0,sac_her_pickandplace_clean_2M
sac_her,clean,3,0.0,-7.0,1.0,0.0197880267094899,150,1.4078733921051023,1.243072509765625,0.0,0.0,7.0,2987,none,B0,sac_her_pickandplace_clean_2M
sac_her,clean,3,0.0,-9.0,1.0,0.0197315229936345,150,0.2170778512954712,0.9970778226852416,0.0,0.0,9.0,2988,none,B0,sac_her_pickandplace_clean_2M
sac_her,clean,3,0.0,-13.0,1.0,0.0326744961352294,150,0.0568778030574321,1.0337971448898315,0.0,0.0,13.0,2989,none,B0,sac_her_pickandplace_clean_2M
sac_her,clean,3,0.0,-11.0,1.0,0.0407606018569884,150,0.0576000660657882,1.0420831441879272,0.0,0.0,11.0,2990,none,B0,sac_her_pickandplace_clean_2M
sac_her,clean,3,0.0,-4.0,1.0,0.0191962741449191,150,0.048538938164711,0.942733347415924,0.0,0.0,4.0,2991,none,B0,sac_her_pickandplace_clean_2M
sac_her,clean,3,0.0,-13.0,1.0,0.0289875602749442,150,0.0663590878248214,1.0320717096328735,0.0,0.0,13.0,2992,none,B0,sac_her_pickandplace_clean_2M
sac_her,clean,3,0.0,-8.0,1.0,0.0168985244692157,150,0.1240861862897872,0.9241312742233276,0.0,0.0,8.0,2993,none,B0,sac_her_pickandplace_clean_2M
sac_her,clean,3,0.0,-7.0,1.0,0.0115512092702118,150,0.1931174844503402,1.0067135095596311,0.0,0.0,7.0,2994,none,B0,sac_her_pickandplace_clean_2M
sac_her,clean,3,0.0,-6.0,1.0,0.0122677650064569,150,0.0750410184264183,0.9441735744476318,0.0,0.0,6.0,2995,none,B0,sac_her_pickandplace_clean_2M
sac_her,clean,3,0.0,-11.0,1.0,0.0201911433558285,150,0.0858472511172294,0.9287784695625304,0.0,0.0,11.0,2996,none,B0,sac_her_pickandplace_clean_2M
sac_her,clean,3,0.0,-3.0,1.0,0.015844172743217,150,0.0559117123484611,1.0666446685791016,0.0,0.0,3.0,2997,none,B0,sac_her_pickandplace_clean_2M
sac_her,clean,3,0.0,-5.0,1.0,0.0185229046283543,150,0.1421917974948883,0.9881359934806824,0.0,0.0,5.0,2998,none,B0,sac_her_pickandplace_clean_2M
sac_her,clean,3,0.0,-8.0,1.0,0.0163498962652264,150,0.0531895235180854,1.038586974143982,0.0,0.0,8.0,2999,none,B0,sac_her_pickandplace_clean_2M
sac_her,sensor_dropout,3,0.0,-150.0,0.0,0.0921920359218829,150,4.8665893537247484e-09,1.530229568481445,0.0,0.0,,3060,none,B1,sac_her_pickandplace_clean_2M
sac_her,sensor_dropout,3,0.0,-150.0,0.0,0.1713116515860395,150,2.4001869380896323e-09,1.603724241256714,0.0,0.0,,3061,none,B1,sac_her_pickandplace_clean_2M
sac_her,sensor_dropout,3,0.0,-150.0,0.0,0.2593607735209519,150,3.2987415021779043e-09,1.4936329126358032,0.0,0.0,,3062,none,B1,sac_her_pickandplace_clean_2M
sac_her,sensor_dropout,3,0.0,0.0,1.0,0.0499459820946752,150,2.000155818748794e-09,1.5673015117645264,0.0,0.0,0.0,3063,none,B1,sac_her_pickandplace_clean_2M
sac_her,sensor_dropout,3,0.0,-150.0,0.0,0.0977468901216232,150,2.1542336803292983e-09,1.5573694705963137,0.0,0.0,,3064,none,B1,sac_her_pickandplace_clean_2M
sac_her,sensor_dropout,3,0.0,-150.0,0.0,0.2587031461612938,150,7.200561036313502e-09,1.6545037031173706,0.0,0.0,,3065,none,B1,sac_her_pickandplace_clean_2M
sac_her,sensor_dropout,3,0.0,-150.0,0.0,0.1698183853584665,150,2.4001869380896323e-09,1.5494420528411863,0.0,0.0,,3066,none,B1,sac_her_pickandplace_clean_2M
sac_her,sensor_dropout,3,0.0,-150.0,0.0,0.2672982743785004,150,1.2000934690448162e-09,1.6404054164886477,0.0,0.0,,3067,none,B1,sac_her_pickandplace_clean_2M
sac_her,sensor_dropout,3,0.0,-150.0,0.0,0.2209798349716103,150,4.079533599821161e-09,1.531065821647644,0.0,0.0,,3068,none,B1,sac_her_pickandplace_clean_2M
sac_her,sensor_dropout,3,0.0,-150.0,0.0,0.279938516178967,150,2.884665839530953e-09,1.6240804195404053,0.0,0.0,,3069,none,B1,sac_her_pickandplace_clean_2M
sac_her,sensor_dropout,3,0.0,-150.0,0.0,0.2191373382687802,150,1.7889938419557436e-09,1.813867211341858,0.0,0.0,,3070,none,B1,sac_her_pickandplace_clean_2M
sac_her,sensor_dropout,3,0.0,-150.0,0.0,0.1529128863943263,150,1.1314590375732791e-09,1.5579814910888672,0.0,0.0,,3071,none,B1,sac_her_pickandplace_clean_2M
sac_her,sensor_dropout,3,0.0,-150.0,0.0,0.0692846655247688,150,1.2000934690448162e-09,1.5281349420547483,0.0,0.0,,3072,none,B1,sac_her_pickandplace_clean_2M
sac_her,sensor_dropout,3,0.0,-150.0,0.0,0.2574102905370639,150,0.0,1.834064483642578,0.0,0.0,,3073,none,B1,sac_her_pickandplace_clean_2M
sac_her,sensor_dropout,3,0.0,-150.0,0.0,0.1338297412238493,150,1.7889938419557436e-09,1.5454052686691284,0.0,0.0,,3074,none,B1,sac_her_pickandplace_clean_2M
sac_her,sensor_dropout,3,0.0,-150.0,0.0,0.1459001673444926,150,2.912270868904443e-09,1.5426838397979736,0.0,0.0,,3075,none,B1,sac_her_pickandplace_clean_2M
sac_her,sensor_dropout,3,0.0,-150.0,0.0,0.1392507413420566,150,2.683490540889011e-09,1.5894384384155271,0.0,0.0,,3076,none,B1,sac_her_pickandplace_clean_2M
sac_her,sensor_dropout,3,0.0,-150.0,0.0,0.1875237061164909,150,8.944969209778721e-09,1.4202195405960083,0.0,0.0,,3077,none,B1,sac_her_pickandplace_clean_2M
sac_her,sensor_dropout,3,0.0,-150.0,0.0,0.1980756682670635,150,4.817013010693927e-09,1.6405564546585083,0.0,0.0,,3078,none,B1,sac_her_pickandplace_clean_2M
sac_her,sensor_dropout,3,0.0,-150.0,0.0,0.3480997169291348,150,0.0,1.7889280319213867,0.0,0.0,,3079,none,B1,sac_her_pickandplace_clean_2M
sac_her,sensor_dropout,3,0.0,-150.0,0.0,0.3281712652057657,150,1.6001246994079563e-09,1.8631367683410645,0.0,0.0,,3080,none,B1,sac_her_pickandplace_clean_2M
sac_her,sensor_dropout,3,0.0,-150.0,0.0,0.076008293146753,150,8.050471400622428e-09,1.5458617210388184,0.0,0.0,,3081,none,B1,sac_her_pickandplace_clean_2M
sac_her,sensor_dropout,3,0.0,-150.0,0.0,0.2450258686917939,150,1.1314590375732791e-09,1.8357385396957395,0.0,0.0,,3082,none,B1,sac_her_pickandplace_clean_2M
sac_her,sensor_dropout,3,0.0,-150.0,0.0,0.2103465960151156,150,2.4332946768623742e-09,1.6233350038528442,0.0,0.0,,3083,none,B1,sac_her_pickandplace_clean_2M
sac_her,sensor_dropout,3,0.0,-150.0,0.0,0.1611516541029335,150,2.683490540889011e-09,1.5203856229782104,0.0,0.0,,3084,none,B1,sac_her_pickandplace_clean_2M
sac_her,sensor_dropout,3,0.0,-150.0,0.0,0.1236579761970561,150,2.2629180751465583e-09,1.5361175537109375,0.0,0.0,,3085,none,B1,sac_her_pickandplace_clean_2M
sac_her,sensor_dropout,3,0.0,-150.0,0.0,0.2746588027334576,150,3.4178677665863692e-09,1.6043862104415894,0.0,0.0,,3086,none,B1,sac_her_pickandplace_clean_2M
sac_her,sensor_dropout,3,0.0,-150.0,0.0,0.0584436120154639,150,1.649370751088952e-09,1.5791407823562622,0.0,0.0,,3087,none,B1,sac_her_pickandplace_clean_2M
sac_her,sensor_dropout,3,0.0,-150.0,0.0,0.0973883123062769,150,0.0,1.5190479755401611,0.0,0.0,,3088,none,B1,sac_her_pickandplace_clean_2M
sac_her,sensor_dropout,3,0.0,-150.0,0.0,0.2166593825132957,150,2.1542336803292983e-09,1.524091362953186,0.0,0.0,,3089,none,B1,sac_her_pickandplace_clean_2M
sac_her,sensor_bias,3,0.1,-150.0,0.0,0.0976802437402123,150,0.0247300546616315,1.4240299463272097,0.0,0.0,,3150,none,B1,sac_her_pickandplace_clean_2M
sac_her,sensor_bias,3,0.1,-150.0,0.0,0.1713116515860395,150,0.0568325519561767,0.8170958161354065,0.0,0.0,,3151,none,B1,sac_her_pickandplace_clean_2M
sac_her,sensor_bias,3,0.1,-150.0,0.0,0.2593607735209519,150,1.519134759902954,1.2878438234329224,0.0,0.0,,3152,none,B1,sac_her_pickandplace_clean_2M
sac_her,sensor_bias,3,0.1,0.0,1.0,0.0499459820946752,150,0.0279358886182308,1.0957155227661133,0.0,0.0,0.0,3153,none,B1,sac_her_pickandplace_clean_2M
sac_her,sensor_bias,3,0.1,-150.0,0.0,0.6611459145491961,150,0.1153008863329887,1.4775601625442505,0.0,0.0,,3154,none,B1,sac_her_pickandplace_clean_2M
sac_her,sensor_bias,3,0.1,-150.0,0.0,0.7156951864149883,150,0.1258191019296646,1.094868779182434,0.0,0.0,,3155,none,B1,sac_her_pickandplace_clean_2M
sac_her,sensor_bias,3,0.1,-150.0,0.0,0.2066125906125286,150,1.6813548803329468,1.338206768035889,0.0,0.0,,3156,none,B1,sac_her_pickandplace_clean_2M
sac_her,sensor_bias,3,0.1,-150.0,0.0,0.2672982743785004,150,0.5643580555915833,1.1018491983413696,0.0,0.0,,3157,none,B1,sac_her_pickandplace_clean_2M
sac_her,sensor_bias,3,0.1,-150.0,0.0,0.2209798349716103,150,0.0165088903158903,1.222589373588562,0.0,0.0,,3158,none,B1,sac_her_pickandplace_clean_2M
sac_her,sensor_bias,3,0.1,-150.0,0.0,0.2979353678840394,150,0.0661897435784339,1.306311011314392,0.0,0.0,,3159,none,B1,sac_her_pickandplace_clean_2M
sac_her,sensor_bias,3,0.1,-150.0,0.0,0.8541468197196226,150,0.1637658178806305,1.3227986097335815,0.0,0.0,,3160,none,B1,sac_her_pickandplace_clean_2M
sac_her,sensor_bias,3,0.1,-150.0,0.0,0.1529128863943263,150,0.0299197882413864,1.2810702323913574,0.0,0.0,,3161,none,B1,sac_her_pickandplace_clean_2M
sac_her,sensor_bias,3,0.1,-150.0,0.0,0.0692846655247688,150,0.0284969080239534,1.2349092960357666,0.0,0.0,,3162,none,B1,sac_her_pickandplace_clean_2M
sac_her,sensor_bias,3,0.1,-150.0,0.0,0.2574102905370639,150,1.5745649337768557,1.328069806098938,0.0,0.0,,3163,none,B1,sac_her_pickandplace_clean_2M
sac_her,sensor_bias,3,0.1,-150.0,0.0,0.1338297412238493,150,0.0745349377393722,1.0351561307907104,0.0,0.0,,3164,none,B1,sac_her_pickandplace_clean_2M
sac_her,sensor_bias,3,0.1,-150.0,0.0,0.1459001673444926,150,1.7270880937576294,1.1806014776229858,0.0,0.0,,3165,none,B1,sac_her_pickandplace_clean_2M
sac_her,sensor_bias,3,0.1,-150.0,0.0,0.1392507413420566,150,0.0137857031077146,0.8002041578292847,0.0,0.0,,3166,none,B1,sac_her_pickandplace_clean_2M
sac_her,sensor_bias,3,0.1,-150.0,0.0,0.1875237061164909,150,1.6767456531524658,1.2330820560455322,0.0,0.0,,3167,none,B1,sac_her_pickandplace_clean_2M
sac_her,sensor_bias,3,0.1,-150.0,0.0,0.2234459390828158,150,0.0327077470719814,0.9320668578147888,0.0,0.0,,3168,none,B1,sac_her_pickandplace_clean_2M
sac_her,sensor_bias,3,0.1,-150.0,0.0,0.3480182542851031,150,1.5958420038223269,1.1941324472427368,0.0,0.0,,3169,none,B1,sac_her_pickandplace_clean_2M
sac_her,sensor_bias,3,0.1,-150.0,0.0,0.3281712652057657,150,1.1144400835037231,1.092076301574707,0.0,0.0,,3170,none,B1,sac_her_pickandplace_clean_2M
sac_her,sensor_bias,3,0.1,-150.0,0.0,0.076008293146753,150,1.955273985862732,1.3957974910736084,0.0,0.0,,3171,none,B1,sac_her_pickandplace_clean_2M
sac_her,sensor_bias,3,0.1,-150.0,0.0,0.2450258686917939,150,0.0123967509716749,0.4415518045425415,0.0,0.0,,3172,none,B1,sac_her_pickandplace_clean_2M
sac_her,sensor_bias,3,0.1,-150.0,0.0,0.2103465960151156,150,1.894463300704956,1.5053229331970217,0.0,0.0,,3173,none,B1,sac_her_pickandplace_clean_2M
sac_her,sensor_bias,3,0.1,-11.0,1.0,0.0341068749773655,150,0.1099269688129425,1.1054240465164185,0.0,0.0,11.0,3174,none,B1,sac_her_pickandplace_clean_2M
sac_her,sensor_bias,3,0.1,-150.0,0.0,0.1930002243863788,150,0.1235488429665565,1.2675330638885498,0.0,0.0,,3175,none,B1,sac_her_pickandplace_clean_2M
sac_her,sensor_bias,3,0.1,-150.0,0.0,0.3355471006037647,150,0.0445560626685619,0.5996907949447632,0.0,0.0,,3176,none,B1,sac_her_pickandplace_clean_2M
sac_her,sensor_bias,3,0.1,-14.0,1.0,0.0486417097167757,150,0.0321321375668048,0.6321552991867065,0.0,0.0,14.0,3177,none,B1,sac_her_pickandplace_clean_2M
sac_her,sensor_bias,3,0.1,-150.0,0.0,0.0973883123062769,150,0.0215445943176746,0.7057466506958008,0.0,0.0,,3178,none,B1,sac_her_pickandplace_clean_2M
sac_her,sensor_bias,3,0.1,-150.0,0.0,0.2166593825132957,150,2.220529794692993,1.6084787845611572,0.0,0.0,,3179,none,B1,sac_her_pickandplace_clean_2M
sac_her,action_clipping,3,0.3,-19.0,1.0,0.0171412776230372,150,0.0699312463402748,0.4519027769565582,0.0,0.0,19.0,3240,none,B1,sac_her_pickandplace_clean_2M
sac_her,action_clipping,3,0.3,-23.0,1.0,0.018978613089666,150,0.0736503899097442,0.4666095077991485,0.0,0.0,23.0,3241,none,B1,sac_her_pickandplace_clean_2M
sac_her,action_clipping,3,0.3,-36.0,1.0,0.0143467027105187,150,0.1050322204828262,0.4294886291027069,0.0,0.0,36.0,3242,none,B1,sac_her_pickandplace_clean_2M
sac_her,action_clipping,3,0.3,0.0,1.0,0.0156581763425707,150,0.6838648915290833,0.4952397048473358,0.0,0.0,0.0,3243,none,B1,sac_her_pickandplace_clean_2M
sac_her,action_clipping,3,0.3,-21.0,1.0,0.0270386721653309,150,0.5734270215034485,0.4598833322525024,0.0,0.0,16.0,3244,none,B1,sac_her_pickandplace_clean_2M
sac_her,action_clipping,3,0.3,-34.0,1.0,0.0317913418612124,150,0.1515160053968429,0.4996122121810913,0.0,0.0,34.0,3245,none,B1,sac_her_pickandplace_clean_2M
sac_her,action_clipping,3,0.3,-28.0,1.0,0.0228491078895979,150,0.0292013958096504,0.4553717076778412,0.0,0.0,28.0,3246,none,B1,sac_her_pickandplace_clean_2M
sac_her,action_clipping,3,0.3,-27.0,1.0,0.0200617640976128,150,0.0439805835485458,0.4539181590080261,0.0,0.0,27.0,3247,none,B1,sac_her_pickandplace_clean_2M
sac_her,action_clipping,3,0.3,-24.0,1.0,0.0140001639100895,150,0.0971051678061485,0.4351125061511993,0.0,0.0,24.0,3248,none,B1,sac_her_pickandplace_clean_2M
sac_her,action_clipping,3,0.3,-42.0,1.0,0.0232806661882827,150,0.1135938912630081,0.4760930836200714,0.0,0.0,42.0,3249,none,B1,sac_her_pickandplace_clean_2M
sac_her,action_clipping,3,0.3,-45.0,1.0,0.0397478601244895,150,0.0772411972284317,0.3572039008140564,0.0,0.0,45.0,3250,none,B1,sac_her_pickandplace_clean_2M
sac_her,action_clipping,3,0.3,-20.0,1.0,0.0199665556936195,150,0.1056025996804237,0.4816401600837707,0.0,0.0,20.0,3251,none,B1,sac_her_pickandplace_clean_2M
sac_her,action_clipping,3,0.3,-15.0,1.0,0.0444971160330692,150,0.1071688309311866,0.3320666253566742,0.0,0.0,15.0,3252,none,B1,sac_her_pickandplace_clean_2M
sac_her,action_clipping,3,0.3,-33.0,1.0,0.026777607660869,150,0.1395102441310882,0.3572019338607788,0.0,0.0,33.0,3253,none,B1,sac_her_pickandplace_clean_2M
sac_her,action_clipping,3,0.3,-19.0,1.0,0.0139158514600839,150,0.0378009714186191,0.3381058275699615,0.0,0.0,19.0,3254,none,B1,sac_her_pickandplace_clean_2M
sac_her,action_clipping,3,0.3,-27.0,1.0,0.0171897476811377,150,0.1149317100644111,0.4507910013198852,0.0,0.0,27.0,3255,none,B1,sac_her_pickandplace_clean_2M
sac_her,action_clipping,3,0.3,-25.0,1.0,0.0205329898294871,150,0.0449341125786304,0.398901879787445,0.0,0.0,25.0,3256,none,B1,sac_her_pickandplace_clean_2M
sac_her,action_clipping,3,0.3,-23.0,1.0,0.0210359645944022,150,0.6968499422073364,0.5076719522476196,0.0,0.0,23.0,3257,none,B1,sac_her_pickandplace_clean_2M
sac_her,action_clipping,3,0.3,-25.0,1.0,0.0203291091783714,150,0.0642366334795951,0.3804481625556946,0.0,0.0,25.0,3258,none,B1,sac_her_pickandplace_clean_2M
sac_her,action_clipping,3,0.3,-53.0,1.0,0.0359439264917953,150,0.0690532699227333,0.3837493360042572,0.0,0.0,53.0,3259,none,B1,sac_her_pickandplace_clean_2M
sac_her,action_clipping,3,0.3,-34.0,1.0,0.0441869129592275,150,0.0225948803126811,0.3564289808273315,0.0,0.0,34.0,3260,none,B1,sac_her_pickandplace_clean_2M
sac_her,action_clipping,3,0.3,-13.0,1.0,0.0214138781183051,150,0.2555254101753235,0.3726495802402496,0.0,0.0,13.0,3261,none,B1,sac_her_pickandplace_clean_2M
sac_her,action_clipping,3,0.3,-63.0,1.0,0.0352724438521486,150,0.1602074205875396,0.3922837078571319,0.0,0.0,63.0,3262,none,B1,sac_her_pickandplace_clean_2M
sac_her,action_clipping,3,0.3,-25.0,1.0,0.0223376313161664,150,0.0836316794157028,0.4670589566230774,0.0,0.0,25.0,3263,none,B1,sac_her_pickandplace_clean_2M
sac_her,action_clipping,3,0.3,-28.0,1.0,0.0176274995068074,150,0.5533204078674316,0.4526220560073852,0.0,0.0,28.0,3264,none,B1,sac_her_pickandplace_clean_2M
sac_her,action_clipping,3,0.3,-24.0,1.0,0.0292916811836368,150,0.465069055557251,0.4266342222690582,0.0,0.0,24.0,3265,none,B1,sac_her_pickandplace_clean_2M
sac_her,action_clipping,3,0.3,-34.0,1.0,0.0142853590057224,150,0.1115811243653297,0.478585422039032,0.0,0.0,34.0,3266,none,B1,sac_her_pickandplace_clean_2M
sac_her,action_clipping,3,0.3,-9.0,1.0,0.0371436069046664,150,0.5739573240280151,0.4604777097702026,0.0,0.0,9.0,3267,none,B1,sac_her_pickandplace_clean_2M
sac_her,action_clipping,3,0.3,-16.0,1.0,0.0247143992988457,150,0.1817289590835571,0.3568068444728851,0.0,0.0,16.0,3268,none,B1,sac_her_pickandplace_clean_2M
sac_her,action_clipping,3,0.3,-30.0,1.0,0.0158879538025052,150,0.0317827276885509,0.448647141456604,0.0,0.0,30.0,3269,none,B1,sac_her_pickandplace_clean_2M
sac_her,action_delay,3,0.0,-21.0,1.0,0.0034070898924599,150,0.4051616489887237,0.6953650116920471,0.0,0.0,8.0,3330,none,B1,sac_her_pickandplace_clean_2M
sac_her,action_delay,3,0.0,-11.0,1.0,0.0244559947495141,150,0.162393033504486,1.148967742919922,0.0,0.0,11.0,3331,none,B1,sac_her_pickandplace_clean_2M
sac_her,action_delay,3,0.0,-31.0,1.0,0.0093700734064689,150,0.365732729434967,1.2273885011672974,0.0,0.0,21.0,3332,none,B1,sac_her_pickandplace_clean_2M
sac_her,action_delay,3,0.0,0.0,1.0,0.0245835369180147,150,0.1098809838294982,0.9222100973129272,0.0,0.0,0.0,3333,none,B1,sac_her_pickandplace_clean_2M
sac_her,action_delay,3,0.0,-9.0,1.0,0.0164056296165892,150,0.0848688259720802,0.9695941209793092,0.0,0.0,9.0,3334,none,B1,sac_her_pickandplace_clean_2M
sac_her,action_delay,3,0.0,-15.0,1.0,0.0219327747575378,150,0.1345203965902328,0.9195208549499512,0.0,0.0,15.0,3335,none,B1,sac_her_pickandplace_clean_2M
sac_her,action_delay,3,0.0,-15.0,1.0,0.0132237625460421,150,0.2283334732055664,1.16716468334198,0.0,0.0,15.0,3336,none,B1,sac_her_pickandplace_clean_2M
sac_her,action_delay,3,0.0,-12.0,1.0,0.0132022666286789,150,0.1109188497066497,1.031239628791809,0.0,0.0,12.0,3337,none,B1,sac_her_pickandplace_clean_2M
sac_her,action_delay,3,0.0,-15.0,1.0,0.0169095101221862,150,0.107328251004219,1.1707464456558228,0.0,0.0,15.0,3338,none,B1,sac_her_pickandplace_clean_2M
sac_her,action_delay,3,0.0,-20.0,1.0,0.0228893485629457,150,0.4441286027431488,1.150363206863403,0.0,0.0,15.0,3339,none,B1,sac_her_pickandplace_clean_2M
sac_her,action_delay,3,0.0,-15.0,1.0,0.0247382618614867,150,0.110908456146717,1.0479373931884766,0.0,0.0,14.0,3340,none,B1,sac_her_pickandplace_clean_2M
sac_her,action_delay,3,0.0,-10.0,1.0,0.0223701623042081,150,0.2358035445213318,1.026054859161377,0.0,0.0,10.0,3341,none,B1,sac_her_pickandplace_clean_2M
sac_her,action_delay,3,0.0,-8.0,1.0,0.0202035228085112,150,0.1458761394023895,1.1182726621627808,0.0,0.0,8.0,3342,none,B1,sac_her_pickandplace_clean_2M
sac_her,action_delay,3,0.0,-26.0,1.0,0.0281092361676776,150,0.2159823179244995,1.0837796926498413,0.0,0.0,25.0,3343,none,B1,sac_her_pickandplace_clean_2M
sac_her,action_delay,3,0.0,-22.0,1.0,0.0060320096632227,150,0.7966026067733765,1.327908277511597,0.0,0.0,10.0,3344,none,B1,sac_her_pickandplace_clean_2M
sac_her,action_delay,3,0.0,-9.0,1.0,0.0367653483893712,150,0.445093959569931,1.1056811809539795,0.0,0.0,9.0,3345,none,B1,sac_her_pickandplace_clean_2M
sac_her,action_delay,3,0.0,-13.0,1.0,0.018874607840614,150,0.1990352421998977,0.94308340549469,0.0,0.0,13.0,3346,none,B1,sac_her_pickandplace_clean_2M
sac_her,action_delay,3,0.0,-29.0,1.0,0.031336503590666,150,0.9910297989845276,1.4767863750457764,0.0,0.0,12.0,3347,none,B1,sac_her_pickandplace_clean_2M
sac_her,action_delay,3,0.0,-12.0,1.0,0.0252275418645795,150,0.507324755191803,1.257010579109192,0.0,0.0,11.0,3348,none,B1,sac_her_pickandplace_clean_2M
sac_her,action_delay,3,0.0,-17.0,1.0,0.0457075052301398,150,0.1292217075824737,1.0610618591308594,0.0,0.0,16.0,3349,none,B1,sac_her_pickandplace_clean_2M
sac_her,action_delay,3,0.0,-15.0,1.0,0.0393868533474389,150,0.1200700178742408,1.065773844718933,0.0,0.0,15.0,3350,none,B1,sac_her_pickandplace_clean_2M
sac_her,action_delay,3,0.0,-8.0,1.0,0.0170830875113127,150,0.1010687500238418,0.9887941479682922,0.0,0.0,8.0,3351,none,B1,sac_her_pickandplace_clean_2M
sac_her,action_delay,3,0.0,-15.0,1.0,0.0295387667829346,150,0.0926822051405906,1.0378345251083374,0.0,0.0,14.0,3352,none,B1,sac_her_pickandplace_clean_2M
sac_her,action_delay,3,0.0,-24.0,1.0,0.0197894611191628,150,0.4372414648532867,1.1258233785629272,0.0,0.0,16.0,3353,none,B1,sac_her_pickandplace_clean_2M
sac_her,action_delay,3,0.0,-32.0,1.0,0.0188818086300249,150,1.1975891590118408,1.4802026748657229,0.0,0.0,8.0,3354,none,B1,sac_her_pickandplace_clean_2M
sac_her,action_delay,3,0.0,-10.0,1.0,0.037348796479751,150,0.4292261898517608,1.2157187461853027,0.0,0.0,9.0,3355,none,B1,sac_her_pickandplace_clean_2M
sac_her,action_delay,3,0.0,-15.0,1.0,0.024737597514068,150,0.1184578090906143,1.0149437189102173,0.0,0.0,15.0,3356,none,B1,sac_her_pickandplace_clean_2M
sac_her,action_delay,3,0.0,-6.0,1.0,0.0239963256480003,150,0.3349846303462982,1.1303794384002686,0.0,0.0,6.0,3357,none,B1,sac_her_pickandplace_clean_2M
sac_her,action_delay,3,0.0,-150.0,0.0,0.4801042637475457,150,0.1325286477804184,1.340122103691101,0.0,0.0,,3358,none,B1,sac_her_pickandplace_clean_2M
sac_her,action_delay,3,0.0,-10.0,1.0,0.0172054754698809,150,0.0809766873717308,1.045846939086914,0.0,0.0,10.0,3359,none,B1,sac_her_pickandplace_clean_2M
sac_her,action_reversal,3,0.0,-150.0,0.0,0.0921920359218829,150,0.0852884650230407,1.238621950149536,0.0,0.0,,3420,none,B1,sac_her_pickandplace_clean_2M
sac_her,action_reversal,3,0.0,-150.0,0.0,0.1713116515860395,150,0.0887923166155815,1.3413918018341064,0.0,0.0,,3421,none,B1,sac_her_pickandplace_clean_2M
sac_her,action_reversal,3,0.0,-150.0,0.0,0.2593607735209519,150,0.0770072042942047,1.0846765041351318,0.0,0.0,,3422,none,B1,sac_her_pickandplace_clean_2M
sac_her,action_reversal,3,0.0,0.0,1.0,0.0499459820946752,150,0.0475872568786144,0.8941562175750732,0.0,0.0,0.0,3423,none,B1,sac_her_pickandplace_clean_2M
sac_her,action_reversal,3,0.0,-150.0,0.0,0.0977468901216232,150,0.0521196126937866,1.364778995513916,0.0,0.0,,3424,none,B1,sac_her_pickandplace_clean_2M
sac_her,action_reversal,3,0.0,-150.0,0.0,0.2587031461612938,150,0.0405134856700897,1.5310112237930298,0.0,0.0,,3425,none,B1,sac_her_pickandplace_clean_2M
sac_her,action_reversal,3,0.0,-150.0,0.0,0.1698183853584665,150,0.0575154647231102,1.3047627210617063,0.0,0.0,,3426,none,B1,sac_her_pickandplace_clean_2M
sac_her,action_reversal,3,0.0,-150.0,0.0,0.2672982743785004,150,0.0840888693928718,1.3525937795639038,0.0,0.0,,3427,none,B1,sac_her_pickandplace_clean_2M
sac_her,action_reversal,3,0.0,-150.0,0.0,0.2209798349716103,150,0.0420856066048145,0.5270665884017944,0.0,0.0,,3428,none,B1,sac_her_pickandplace_clean_2M
sac_her,action_reversal,3,0.0,-150.0,0.0,0.279938516178967,150,0.0243174750357866,1.2876317501068115,0.0,0.0,,3429,none,B1,sac_her_pickandplace_clean_2M
sac_her,action_reversal,3,0.0,-150.0,0.0,0.2191373382687802,150,0.1178814694285392,1.5103979110717771,0.0,0.0,,3430,none,B1,sac_her_pickandplace_clean_2M
sac_her,action_reversal,3,0.0,-150.0,0.0,0.1529128863943263,150,0.1210182756185531,1.3976078033447266,0.0,0.0,,3431,none,B1,sac_her_pickandplace_clean_2M
sac_her,action_reversal,3,0.0,-150.0,0.0,0.0692846655247688,150,0.0665998682379722,1.2047666311264038,0.0,0.0,,3432,none,B1,sac_her_pickandplace_clean_2M
sac_her,action_reversal,3,0.0,-150.0,0.0,0.2574102905370639,150,0.0651252940297126,1.319688320159912,0.0,0.0,,3433,none,B1,sac_her_pickandplace_clean_2M
sac_her,action_reversal,3,0.0,-150.0,0.0,0.1338297412238493,150,0.030572859570384,1.1963740587234497,0.0,0.0,,3434,none,B1,sac_her_pickandplace_clean_2M
sac_her,action_reversal,3,0.0,-150.0,0.0,0.1459001673444926,150,0.0448503270745277,1.4663609266281128,0.0,0.0,,3435,none,B1,sac_her_pickandplace_clean_2M
sac_her,action_reversal,3,0.0,-150.0,0.0,0.1392507413420566,150,0.0436067692935466,1.1776992082595823,0.0,0.0,,3436,none,B1,sac_her_pickandplace_clean_2M
sac_her,action_reversal,3,0.0,-150.0,0.0,0.1875237061164909,150,0.0315881967544555,0.8882125616073608,0.0,0.0,,3437,none,B1,sac_her_pickandplace_clean_2M
sac_her,action_reversal,3,0.0,-150.0,0.0,0.1980756682670635,150,0.0417028591036796,1.4360305070877075,0.0,0.0,,3438,none,B1,sac_her_pickandplace_clean_2M
sac_her,action_reversal,3,0.0,-150.0,0.0,0.3480997169291348,150,0.0682760626077652,1.09636390209198,0.0,0.0,,3439,none,B1,sac_her_pickandplace_clean_2M
sac_her,action_reversal,3,0.0,-150.0,0.0,0.3281712652057657,150,0.0220821443945169,1.511476755142212,0.0,0.0,,3440,none,B1,sac_her_pickandplace_clean_2M
sac_her,action_reversal,3,0.0,-150.0,0.0,0.076008293146753,150,0.1006990224123001,1.3661623001098633,0.0,0.0,,3441,none,B1,sac_her_pickandplace_clean_2M
sac_her,action_reversal,3,0.0,-150.0,0.0,0.2450258686917939,150,0.3747241795063019,1.2584789991378784,0.0,0.0,,3442,none,B1,sac_her_pickandplace_clean_2M
sac_her,action_reversal,3,0.0,-150.0,0.0,0.2103465960151156,150,0.1779795736074447,1.419185757637024,0.0,0.0,,3443,none,B1,sac_her_pickandplace_clean_2M
sac_her,action_reversal,3,0.0,-150.0,0.0,0.1611516541029335,150,0.0719476491212844,1.452670335769653,0.0,0.0,,3444,none,B1,sac_her_pickandplace_clean_2M
sac_her,action_reversal,3,0.0,-150.0,0.0,0.1236579761970561,150,0.0609585121273994,0.7204064726829529,0.0,0.0,,3445,none,B1,sac_her_pickandplace_clean_2M
sac_her,action_reversal,3,0.0,-150.0,0.0,0.2746588027334576,150,0.0259108413010835,1.3839818239212036,0.0,0.0,,3446,none,B1,sac_her_pickandplace_clean_2M
sac_her,action_reversal,3,0.0,-150.0,0.0,0.0584436120154639,150,0.046958077698946,1.0176348686218262,0.0,0.0,,3447,none,B1,sac_her_pickandplace_clean_2M
sac_her,action_reversal,3,0.0,-150.0,0.0,0.0973883123062769,150,0.0331053845584392,1.1741408109664917,0.0,0.0,,3448,none,B1,sac_her_pickandplace_clean_2M
sac_her,action_reversal,3,0.0,-150.0,0.0,0.2166593825132957,150,0.0582335814833641,1.353723406791687,0.0,0.0,,3449,none,B1,sac_her_pickandplace_clean_2M
sac_her,goal_spoof_immediate,3,0.1,-149.0,0.0,0.1038973584381173,150,1.3592013120651243,1.2368260622024536,0.0,0.0,4.0,3510,none,B1,sac_her_pickandplace_clean_2M
sac_her,goal_spoof_immediate,3,0.1,-150.0,0.0,0.086312057382699,150,0.110321506857872,0.8257589936256409,0.0,0.0,,3511,none,B1,sac_her_pickandplace_clean_2M
sac_her,goal_spoof_immediate,3,0.1,-29.0,1.0,0.0447347119126794,150,0.6631198525428772,1.045128583908081,0.0,0.0,16.0,3512,none,B1,sac_her_pickandplace_clean_2M
sac_her,goal_spoof_immediate,3,0.1,-142.0,0.0,0.0539815914638199,150,1.7567802667617798,1.3457047939300537,0.0,0.0,0.0,3513,none,B1,sac_her_pickandplace_clean_2M
sac_her,goal_spoof_immediate,3,0.1,-149.0,0.0,0.1236595874704773,150,0.0508885867893695,1.0928715467453003,0.0,0.0,4.0,3514,none,B1,sac_her_pickandplace_clean_2M
sac_her,goal_spoof_immediate,3,0.1,-150.0,0.0,0.0718429429744058,150,0.0956214368343353,1.244730830192566,0.0,0.0,,3515,none,B1,sac_her_pickandplace_clean_2M
sac_her,goal_spoof_immediate,3,0.1,-150.0,0.0,0.1004106713887068,150,1.0582295656204224,1.1652449369430542,0.0,0.0,,3516,none,B1,sac_her_pickandplace_clean_2M
sac_her,goal_spoof_immediate,3,0.1,-13.0,1.0,0.0494572838310351,150,0.050025038421154,1.237158179283142,0.0,0.0,13.0,3517,none,B1,sac_her_pickandplace_clean_2M
sac_her,goal_spoof_immediate,3,0.1,-150.0,0.0,0.0742431486988666,150,1.5225483179092407,1.2858994007110596,0.0,0.0,,3518,none,B1,sac_her_pickandplace_clean_2M
sac_her,goal_spoof_immediate,3,0.1,-150.0,0.0,0.0571011656379713,150,0.8856297731399536,1.1134480237960815,0.0,0.0,,3519,none,B1,sac_her_pickandplace_clean_2M
sac_her,goal_spoof_immediate,3,0.1,-150.0,0.0,0.0828943956285969,150,0.0598901696503162,1.017818570137024,0.0,0.0,,3520,none,B1,sac_her_pickandplace_clean_2M
sac_her,goal_spoof_immediate,3,0.1,-150.0,0.0,0.1436087524196771,150,0.1353544294834137,0.9231911301612854,0.0,0.0,,3521,none,B1,sac_her_pickandplace_clean_2M
sac_her,goal_spoof_immediate,3,0.1,-150.0,0.0,0.0985773511617562,150,0.2639749348163605,1.41840398311615,0.0,0.0,,3522,none,B1,sac_her_pickandplace_clean_2M
sac_her,goal_spoof_immediate,3,0.1,-150.0,0.0,0.1114987084630945,150,0.1004917547106742,1.0432500839233398,0.0,0.0,,3523,none,B1,sac_her_pickandplace_clean_2M
sac_her,goal_spoof_immediate,3,0.1,-149.0,0.0,0.0861461787904363,150,0.0533218681812286,1.0304569005966189,0.0,0.0,7.0,3524,none,B1,sac_her_pickandplace_clean_2M
sac_her,goal_spoof_immediate,3,0.1,-146.0,0.0,0.058894356447826,150,0.058472890406847,0.9727637767791748,0.0,0.0,8.0,3525,none,B1,sac_her_pickandplace_clean_2M
sac_her,goal_spoof_immediate,3,0.1,-148.0,0.0,0.0751151625304276,150,0.0541762746870517,1.3184863328933716,0.0,0.0,7.0,3526,none,B1,sac_her_pickandplace_clean_2M
sac_her,goal_spoof_immediate,3,0.1,-150.0,0.0,0.0655721379221817,150,1.2884471416473389,1.1821470260620115,0.0,0.0,,3527,none,B1,sac_her_pickandplace_clean_2M
sac_her,goal_spoof_immediate,3,0.1,-150.0,0.0,0.0631906201932163,150,1.5231317281723022,1.2903908491134644,0.0,0.0,,3528,none,B1,sac_her_pickandplace_clean_2M
sac_her,goal_spoof_immediate,3,0.1,-150.0,0.0,0.0910449424926014,150,0.0546336211264133,1.0417301654815674,0.0,0.0,,3529,none,B1,sac_her_pickandplace_clean_2M
sac_her,goal_spoof_immediate,3,0.1,-150.0,0.0,0.1510685566136881,150,0.0480250194668769,1.038052320480347,0.0,0.0,,3530,none,B1,sac_her_pickandplace_clean_2M
sac_her,goal_spoof_immediate,3,0.1,-150.0,0.0,0.1124057288348736,150,0.0731434598565101,1.2493267059326172,0.0,0.0,,3531,none,B1,sac_her_pickandplace_clean_2M
sac_her,goal_spoof_immediate,3,0.1,-12.0,1.0,0.0389048419939424,150,0.069936528801918,1.0293123722076416,0.0,0.0,12.0,3532,none,B1,sac_her_pickandplace_clean_2M
sac_her,goal_spoof_immediate,3,0.1,-9.0,1.0,0.0404957093085452,150,0.1226296871900558,0.9131048321723938,0.0,0.0,9.0,3533,none,B1,sac_her_pickandplace_clean_2M
sac_her,goal_spoof_immediate,3,0.1,-150.0,0.0,0.1123176395925047,150,0.0788682997226715,1.277805209159851,0.0,0.0,,3534,none,B1,sac_her_pickandplace_clean_2M
sac_her,goal_spoof_immediate,3,0.1,-150.0,0.0,0.0923249632964588,150,0.0641921237111091,1.2444872856140137,0.0,0.0,,3535,none,B1,sac_her_pickandplace_clean_2M
sac_her,goal_spoof_immediate,3,0.1,-150.0,0.0,0.123014266693475,150,1.389499306678772,1.2411470413208008,0.0,0.0,,3536,none,B1,sac_her_pickandplace_clean_2M
sac_her,goal_spoof_immediate,3,0.1,-147.0,0.0,0.0775464545108745,150,0.0805989280343055,1.050181865692139,0.0,0.0,3.0,3537,none,B1,sac_her_pickandplace_clean_2M
sac_her,goal_spoof_immediate,3,0.1,-149.0,0.0,0.0916910094512529,150,1.0942256450653076,1.1455137729644775,0.0,0.0,6.0,3538,none,B1,sac_her_pickandplace_clean_2M
sac_her,goal_spoof_immediate,3,0.1,-150.0,0.0,0.1015382528360809,150,0.6765472292900085,1.0567317008972168,0.0,0.0,,3539,none,B1,sac_her_pickandplace_clean_2M
sac_her,goal_spoof_midep,3,0.1,-93.0,0.0,0.0837811686002809,150,0.8012468218803406,1.103545069694519,0.0,0.0,4.0,3600,none,B1,sac_her_pickandplace_clean_2M
sac_her,goal_spoof_midep,3,0.1,-96.0,0.0,0.1095478349258998,150,1.0175777673721311,1.2420912981033323,0.0,0.0,7.0,3601,none,B1,sac_her_pickandplace_clean_2M
sac_her,goal_spoof_midep,3,0.1,-99.0,0.0,0.0754226577892796,150,0.1277901828289032,1.131615161895752,0.0,0.0,12.0,3602,none,B1,sac_her_pickandplace_clean_2M
sac_her,goal_spoof_midep,3,0.1,-89.0,0.0,0.0891675157360807,150,1.0980273485183716,1.1679543256759644,0.0,0.0,0.0,3603,none,B1,sac_her_pickandplace_clean_2M
sac_her,goal_spoof_midep,3,0.1,-94.0,0.0,0.0963833973784542,150,0.982541799545288,1.1518381834030151,0.0,0.0,4.0,3604,none,B1,sac_her_pickandplace_clean_2M
sac_her,goal_spoof_midep,3,0.1,-100.0,0.0,0.0878116979272208,150,1.0564571619033811,1.164363980293274,0.0,0.0,11.0,3605,none,B1,sac_her_pickandplace_clean_2M
sac_her,goal_spoof_midep,3,0.1,-97.0,0.0,0.0987268288439014,150,0.6913853287696838,1.1183667182922363,0.0,0.0,8.0,3606,none,B1,sac_her_pickandplace_clean_2M
sac_her,goal_spoof_midep,3,0.1,-98.0,0.0,0.0835128893059461,150,0.9890715479850768,1.1737070083618164,0.0,0.0,8.0,3607,none,B1,sac_her_pickandplace_clean_2M
sac_her,goal_spoof_midep,3,0.1,-98.0,0.0,0.1090204781553464,150,0.9486643075942992,1.1611350774765017,0.0,0.0,9.0,3608,none,B1,sac_her_pickandplace_clean_2M
sac_her,goal_spoof_midep,3,0.1,-99.0,0.0,0.0892902121171073,150,1.3354209661483765,1.2775561809539795,0.0,0.0,10.0,3609,none,B1,sac_her_pickandplace_clean_2M
sac_her,goal_spoof_midep,3,0.1,-101.0,0.0,0.1629802483379259,150,0.0802110284566879,1.042267084121704,0.0,0.0,11.0,3610,none,B1,sac_her_pickandplace_clean_2M
sac_her,goal_spoof_midep,3,0.1,-97.0,0.0,0.1099649124838684,150,0.1253709942102432,0.9701281785964966,0.0,0.0,7.0,3611,none,B1,sac_her_pickandplace_clean_2M
sac_her,goal_spoof_midep,3,0.1,-93.0,0.0,0.0843800953348532,150,0.2331971526145935,0.9354721903800964,0.0,0.0,5.0,3612,none,B1,sac_her_pickandplace_clean_2M
sac_her,goal_spoof_midep,3,0.1,-100.0,0.0,0.1026503615219458,150,0.0871955230832099,1.044404149055481,0.0,0.0,11.0,3613,none,B1,sac_her_pickandplace_clean_2M
sac_her,goal_spoof_midep,3,0.1,-95.0,0.0,0.1249344215703265,150,0.3788864314556122,1.0769753456115725,0.0,0.0,6.0,3614,none,B1,sac_her_pickandplace_clean_2M
sac_her,goal_spoof_midep,3,0.1,-95.0,0.0,0.0994240672482398,150,0.0984752550721168,1.2032535076141355,0.0,0.0,7.0,3615,none,B1,sac_her_pickandplace_clean_2M
sac_her,goal_spoof_midep,3,0.1,-96.0,0.0,0.1102297154488352,150,0.993585765361786,1.1636842489242554,0.0,0.0,7.0,3616,none,B1,sac_her_pickandplace_clean_2M
sac_her,goal_spoof_midep,3,0.1,-96.0,0.0,0.0939123040826407,150,0.8585290908813477,1.1427888870239258,0.0,0.0,7.0,3617,none,B1,sac_her_pickandplace_clean_2M
sac_her,goal_spoof_midep,3,0.1,-96.0,0.0,0.0624800858202727,150,1.0985640287399292,1.1980881690979004,0.0,0.0,9.0,3618,none,B1,sac_her_pickandplace_clean_2M
sac_her,goal_spoof_midep,3,0.1,-102.0,0.0,0.0910818602062562,150,0.0802132338285446,1.04558002948761,0.0,0.0,13.0,3619,none,B1,sac_her_pickandplace_clean_2M
sac_her,goal_spoof_midep,3,0.1,-11.0,1.0,0.033965830201023,150,0.0726189538836479,1.0459260940551758,0.0,0.0,11.0,3620,none,B1,sac_her_pickandplace_clean_2M
sac_her,goal_spoof_midep,3,0.1,-94.0,0.0,0.1233764590420241,150,0.7875055074691772,1.0947219133377075,0.0,0.0,4.0,3621,none,B1,sac_her_pickandplace_clean_2M
sac_her,goal_spoof_midep,3,0.1,-98.0,0.0,0.0621538953232024,150,0.0821336805820465,1.0361400842666626,0.0,0.0,13.0,3622,none,B1,sac_her_pickandplace_clean_2M
sac_her,goal_spoof_midep,3,0.1,-86.0,0.0,0.0582287152302996,150,0.1392532140016555,1.187480926513672,0.0,0.0,8.0,3623,none,B1,sac_her_pickandplace_clean_2M
sac_her,goal_spoof_midep,3,0.1,-7.0,1.0,0.0115512092702118,150,0.2039766460657119,0.984627902507782,0.0,0.0,7.0,3624,none,B1,sac_her_pickandplace_clean_2M
sac_her,goal_spoof_midep,3,0.1,-96.0,0.0,0.0920417409890942,150,1.027263879776001,1.174561619758606,0.0,0.0,6.0,3625,none,B1,sac_her_pickandplace_clean_2M
sac_her,goal_spoof_midep,3,0.1,-101.0,0.0,0.1107982391889296,150,1.0099223852157593,1.183794379234314,0.0,0.0,11.0,3626,none,B1,sac_her_pickandplace_clean_2M
sac_her,goal_spoof_midep,3,0.1,-90.0,0.0,0.0774898267236533,150,0.0747248083353042,1.2236655950546265,0.0,0.0,3.0,3627,none,B1,sac_her_pickandplace_clean_2M
sac_her,goal_spoof_midep,3,0.1,-86.0,0.0,0.1227391368783922,150,0.9933227896690368,1.164650321006775,0.0,0.0,5.0,3628,none,B1,sac_her_pickandplace_clean_2M
sac_her,goal_spoof_midep,3,0.1,-97.0,0.0,0.1090962375740356,150,0.5934590101242065,1.1021747589111328,0.0,0.0,8.0,3629,none,B1,sac_her_pickandplace_clean_2M
sac_her,object_pose_spoof,3,0.1,-150.0,0.0,0.0921920359218829,150,0.0290584061294794,0.593109667301178,0.0,0.0,,3690,none,B1,sac_her_pickandplace_clean_2M
sac_her,object_pose_spoof,3,0.1,-9.0,1.0,0.0380763884786179,150,0.080371469259262,1.0451501607894895,0.0,0.0,9.0,3691,none,B1,sac_her_pickandplace_clean_2M
sac_her,object_pose_spoof,3,0.1,-142.0,0.0,0.0955167730332555,150,0.5271936058998108,1.4178935289382937,0.0,0.0,40.0,3692,none,B1,sac_her_pickandplace_clean_2M
sac_her,object_pose_spoof,3,0.1,0.0,1.0,0.0219816235617329,150,1.0899872779846191,1.0424315929412842,0.0,0.0,0.0,3693,none,B1,sac_her_pickandplace_clean_2M
sac_her,object_pose_spoof,3,0.1,-4.0,1.0,0.0356298947421424,150,0.0399805605411529,1.1617178916931152,0.0,0.0,4.0,3694,none,B1,sac_her_pickandplace_clean_2M
sac_her,object_pose_spoof,3,0.1,-150.0,0.0,0.0788756841699892,150,0.0989782214164733,0.852608859539032,0.0,0.0,,3695,none,B1,sac_her_pickandplace_clean_2M
sac_her,object_pose_spoof,3,0.1,-150.0,0.0,0.1005842505558283,150,0.7964141368865967,0.5541983246803284,0.0,0.0,,3696,none,B1,sac_her_pickandplace_clean_2M
sac_her,object_pose_spoof,3,0.1,-140.0,0.0,0.0565936715758538,150,0.423862487077713,0.9469344019889832,0.0,0.0,9.0,3697,none,B1,sac_her_pickandplace_clean_2M
sac_her,object_pose_spoof,3,0.1,-150.0,0.0,0.1032119061553845,150,0.8898556232452393,1.0401421785354614,0.0,0.0,,3698,none,B1,sac_her_pickandplace_clean_2M
sac_her,object_pose_spoof,3,0.1,-146.0,0.0,0.0553702953384017,150,0.1489470303058624,0.9336477518081664,0.0,0.0,11.0,3699,none,B1,sac_her_pickandplace_clean_2M
sac_her,object_pose_spoof,3,0.1,-150.0,0.0,0.0701879598969427,150,0.1114765405654907,1.033809781074524,0.0,0.0,,3700,none,B1,sac_her_pickandplace_clean_2M
sac_her,object_pose_spoof,3,0.1,-13.0,1.0,0.0426590705016146,150,0.240837275981903,1.3316937685012815,0.0,0.0,13.0,3701,none,B1,sac_her_pickandplace_clean_2M
sac_her,object_pose_spoof,3,0.1,-147.0,0.0,0.0663212475949613,150,0.1079008653759956,0.6791732311248779,0.0,0.0,6.0,3702,none,B1,sac_her_pickandplace_clean_2M
sac_her,object_pose_spoof,3,0.1,-150.0,0.0,0.0954709776964224,150,0.0649945437908172,1.0155781507492063,0.0,0.0,,3703,none,B1,sac_her_pickandplace_clean_2M
sac_her,object_pose_spoof,3,0.1,-150.0,0.0,0.0703266978827445,150,0.5323101878166199,1.078907489776611,0.0,0.0,,3704,none,B1,sac_her_pickandplace_clean_2M
sac_her,object_pose_spoof,3,0.1,-150.0,0.0,0.1071782277617558,150,0.0851426050066948,1.2391719818115234,0.0,0.0,,3705,none,B1,sac_her_pickandplace_clean_2M
sac_her,object_pose_spoof,3,0.1,-7.0,1.0,0.0438091461787666,150,0.0641670674085617,0.885311484336853,0.0,0.0,7.0,3706,none,B1,sac_her_pickandplace_clean_2M
sac_her,object_pose_spoof,3,0.1,-78.0,0.0,0.055885106091332,150,1.4082285165786743,1.250502347946167,0.0,0.0,8.0,3707,none,B1,sac_her_pickandplace_clean_2M
sac_her,object_pose_spoof,3,0.1,-150.0,0.0,0.4527651512071832,150,0.1322172582149505,1.4880589246749878,0.0,0.0,,3708,none,B1,sac_her_pickandplace_clean_2M
sac_her,object_pose_spoof,3,0.1,-150.0,0.0,0.3032088861834857,150,0.1567496210336685,1.05204975605011,0.0,0.0,,3709,none,B1,sac_her_pickandplace_clean_2M
sac_her,object_pose_spoof,3,0.1,-150.0,0.0,0.0634444832967588,150,0.6169643998146057,1.175750970840454,0.0,0.0,,3710,none,B1,sac_her_pickandplace_clean_2M
sac_her,object_pose_spoof,3,0.1,-150.0,0.0,0.0947802624984934,150,0.0840175151824951,1.1935539245605469,0.0,0.0,,3711,none,B1,sac_her_pickandplace_clean_2M
sac_her,object_pose_spoof,3,0.1,-150.0,0.0,0.0728281655750309,150,0.0631749629974365,1.0323662757873535,0.0,0.0,,3712,none,B1,sac_her_pickandplace_clean_2M
sac_her,object_pose_spoof,3,0.1,-10.0,1.0,0.0371835699557153,150,0.9903152585029602,1.0558315515518188,0.0,0.0,9.0,3713,none,B1,sac_her_pickandplace_clean_2M
sac_her,object_pose_spoof,3,0.1,-150.0,0.0,0.0683598999002745,150,0.1283628642559051,0.9656638503074646,0.0,0.0,,3714,none,B1,sac_her_pickandplace_clean_2M
sac_her,object_pose_spoof,3,0.1,-6.0,1.0,0.0353079345556867,150,0.0732727274298667,1.1417603492736816,0.0,0.0,6.0,3715,none,B1,sac_her_pickandplace_clean_2M
sac_her,object_pose_spoof,3,0.1,-147.0,0.0,0.0640115552212153,150,0.1431280076503753,0.902915060520172,0.0,0.0,12.0,3716,none,B1,sac_her_pickandplace_clean_2M
sac_her,object_pose_spoof,3,0.1,-148.0,0.0,0.0773700695836706,150,0.6539227962493896,0.9959383010864258,0.0,0.0,4.0,3717,none,B1,sac_her_pickandplace_clean_2M
sac_her,object_pose_spoof,3,0.1,-148.0,0.0,0.07421120745294,150,0.7184920310974121,0.96665620803833,0.0,0.0,6.0,3718,none,B1,sac_her_pickandplace_clean_2M
sac_her,object_pose_spoof,3,0.1,-150.0,0.0,0.0957643172291443,150,0.1598860025405883,0.9296156764030457,0.0,0.0,,3719,none,B1,sac_her_pickandplace_clean_2M
sac_her,grip_state_falsification,3,0.0,-7.0,1.0,0.0489716401348585,150,0.4086192548274994,0.993179738521576,0.0,0.0,7.0,3780,none,B1,sac_her_pickandplace_clean_2M
sac_her,grip_state_falsification,3,0.0,-150.0,0.0,0.0631661231062055,150,0.5777118802070618,1.0426756143569946,0.0,0.0,,3781,none,B1,sac_her_pickandplace_clean_2M
sac_her,grip_state_falsification,3,0.0,-150.0,0.0,0.1935699392924454,150,0.8726383447647095,1.120919942855835,0.0,0.0,,3782,none,B1,sac_her_pickandplace_clean_2M
sac_her,grip_state_falsification,3,0.0,0.0,1.0,0.0499459820946752,150,0.4717094898223877,1.009451985359192,0.0,0.0,0.0,3783,none,B1,sac_her_pickandplace_clean_2M
sac_her,grip_state_falsification,3,0.0,-150.0,0.0,0.0656339917374601,150,0.8055475354194641,1.0627355575561523,0.0,0.0,,3784,none,B1,sac_her_pickandplace_clean_2M
sac_her,grip_state_falsification,3,0.0,-150.0,0.0,0.2916889106986325,150,0.0708787515759468,0.9975883960723876,0.0,0.0,,3785,none,B1,sac_her_pickandplace_clean_2M
sac_her,grip_state_falsification,3,0.0,-150.0,0.0,0.1631223339139027,150,0.031540673226118,0.9631383419036864,0.0,0.0,,3786,none,B1,sac_her_pickandplace_clean_2M
sac_her,grip_state_falsification,3,0.0,-150.0,0.0,0.1363799181395917,150,0.3327652215957641,1.110504984855652,0.0,0.0,,3787,none,B1,sac_her_pickandplace_clean_2M
sac_her,grip_state_falsification,3,0.0,-150.0,0.0,0.0809674009143531,150,0.1401966512203216,1.0577799081802368,0.0,0.0,,3788,none,B1,sac_her_pickandplace_clean_2M
sac_her,grip_state_falsification,3,0.0,-150.0,0.0,0.1120794240106382,150,1.723811388015747,1.383239507675171,0.0,0.0,,3789,none,B1,sac_her_pickandplace_clean_2M
sac_her,grip_state_falsification,3,0.0,-150.0,0.0,0.2191373382687802,150,1.872409462928772,1.3812404870986938,0.0,0.0,,3790,none,B1,sac_her_pickandplace_clean_2M
sac_her,grip_state_falsification,3,0.0,-150.0,0.0,0.168993994655682,150,2.5207278728485107,1.6205344200134275,0.0,0.0,,3791,none,B1,sac_her_pickandplace_clean_2M
sac_her,grip_state_falsification,3,0.0,-6.0,1.0,0.0306414519148034,150,0.1380774974822998,0.6486507654190063,0.0,0.0,6.0,3792,none,B1,sac_her_pickandplace_clean_2M
sac_her,grip_state_falsification,3,0.0,-150.0,0.0,0.2574102905370639,150,1.6567575931549072,1.3078533411026,0.0,0.0,,3793,none,B1,sac_her_pickandplace_clean_2M
sac_her,grip_state_falsification,3,0.0,-150.0,0.0,0.1338297412238493,150,1.931831955909729,1.385290265083313,0.0,0.0,,3794,none,B1,sac_her_pickandplace_clean_2M
sac_her,grip_state_falsification,3,0.0,-150.0,0.0,0.1459001673444926,150,0.3623618185520172,1.0419381856918335,0.0,0.0,,3795,none,B1,sac_her_pickandplace_clean_2M
sac_her,grip_state_falsification,3,0.0,-11.0,1.0,0.006166630245935,150,0.1969551295042038,0.4991753101348877,0.0,0.0,11.0,3796,none,B1,sac_her_pickandplace_clean_2M
sac_her,grip_state_falsification,3,0.0,-150.0,0.0,0.1726940837853523,150,0.0629336982965469,0.9990615844726562,0.0,0.0,,3797,none,B1,sac_her_pickandplace_clean_2M
sac_her,grip_state_falsification,3,0.0,-150.0,0.0,0.4810230144159067,150,0.0644272044301033,1.2559200525283811,0.0,0.0,,3798,none,B1,sac_her_pickandplace_clean_2M
sac_her,grip_state_falsification,3,0.0,-150.0,0.0,0.3480997169291348,150,1.9456361532211304,1.4142049551010132,0.0,0.0,,3799,none,B1,sac_her_pickandplace_clean_2M
sac_her,grip_state_falsification,3,0.0,-150.0,0.0,0.3281712652057657,150,1.5809301137924194,1.2851066589355469,0.0,0.0,,3800,none,B1,sac_her_pickandplace_clean_2M
sac_her,grip_state_falsification,3,0.0,-52.0,1.0,0.0312100228667889,150,0.4535585045814514,0.8656675219535828,0.0,0.0,52.0,3801,none,B1,sac_her_pickandplace_clean_2M
sac_her,grip_state_falsification,3,0.0,-150.0,0.0,0.2450258686917939,150,1.8294116258621216,1.3686354160308838,0.0,0.0,,3802,none,B1,sac_her_pickandplace_clean_2M
sac_her,grip_state_falsification,3,0.0,-150.0,0.0,0.2780779662439924,150,0.0479806661605834,1.0043530464172363,0.0,0.0,,3803,none,B1,sac_her_pickandplace_clean_2M
sac_her,grip_state_falsification,3,0.0,-9.0,1.0,0.0234881787901695,150,0.1213707402348518,0.8030918836593628,0.0,0.0,9.0,3804,none,B1,sac_her_pickandplace_clean_2M
sac_her,grip_state_falsification,3,0.0,-150.0,0.0,0.1890142327384787,150,1.8706094026565552,1.361918568611145,0.0,0.0,,3805,none,B1,sac_her_pickandplace_clean_2M
sac_her,grip_state_falsification,3,0.0,-42.0,1.0,0.0427289893298929,150,0.1760916262865066,0.907296657562256,0.0,0.0,42.0,3806,none,B1,sac_her_pickandplace_clean_2M
sac_her,grip_state_falsification,3,0.0,-2.0,1.0,0.008122761569561,150,0.4575029909610748,0.6622006297111511,0.0,0.0,2.0,3807,none,B1,sac_her_pickandplace_clean_2M
sac_her,grip_state_falsification,3,0.0,-8.0,1.0,0.012264781912647,150,1.4272276163101196,0.962043046951294,0.0,0.0,8.0,3808,none,B1,sac_her_pickandplace_clean_2M
sac_her,grip_state_falsification,3,0.0,-150.0,0.0,0.1964853633137532,150,0.0187080763280391,0.9952659010887146,0.0,0.0,,3809,none,B1,sac_her_pickandplace_clean_2M
sac_her,contact_dropout,3,0.0,-150.0,0.0,0.0921920359218829,150,0.0226165000349283,1.2772239446640017,0.0,0.0,,3870,none,B1,sac_her_pickandplace_clean_2M
sac_her,contact_dropout,3,0.0,-150.0,0.0,0.1713116515860395,150,0.0360284857451915,1.363524317741394,0.0,0.0,,3871,none,B1,sac_her_pickandplace_clean_2M
sac_her,contact_dropout,3,0.0,-150.0,0.0,0.2593607735209519,150,0.0462915636599063,1.2641191482543943,0.0,0.0,,3872,none,B1,sac_her_pickandplace_clean_2M
sac_her,contact_dropout,3,0.0,0.0,1.0,0.0499459820946752,150,0.046612448990345,1.2385077476501465,0.0,0.0,0.0,3873,none,B1,sac_her_pickandplace_clean_2M
sac_her,contact_dropout,3,0.0,-150.0,0.0,0.0977468901216232,150,0.0319276675581932,1.521351933479309,0.0,0.0,,3874,none,B1,sac_her_pickandplace_clean_2M
sac_her,contact_dropout,3,0.0,-150.0,0.0,0.2587031461612938,150,0.0348045602440834,1.4805654287338257,0.0,0.0,,3875,none,B1,sac_her_pickandplace_clean_2M
sac_her,contact_dropout,3,0.0,-150.0,0.0,0.1698183853584665,150,0.0410903617739677,1.231244444847107,0.0,0.0,,3876,none,B1,sac_her_pickandplace_clean_2M
sac_her,contact_dropout,3,0.0,-150.0,0.0,0.2672982743785004,150,0.0383101589977741,1.289424180984497,0.0,0.0,,3877,none,B1,sac_her_pickandplace_clean_2M
sac_her,contact_dropout,3,0.0,-150.0,0.0,0.2209798349716103,150,0.0536606833338737,1.22822904586792,0.0,0.0,,3878,none,B1,sac_her_pickandplace_clean_2M
sac_her,contact_dropout,3,0.0,-150.0,0.0,0.279938516178967,150,0.0297740250825881,1.3179070949554443,0.0,0.0,,3879,none,B1,sac_her_pickandplace_clean_2M
sac_her,contact_dropout,3,0.0,-150.0,0.0,0.2191373382687802,150,0.0354231968522071,0.9786739349365234,0.0,0.0,,3880,none,B1,sac_her_pickandplace_clean_2M
sac_her,contact_dropout,3,0.0,-150.0,0.0,0.1529128863943263,150,0.0376067757606506,1.4128316640853882,0.0,0.0,,3881,none,B1,sac_her_pickandplace_clean_2M
sac_her,contact_dropout,3,0.0,-150.0,0.0,0.0692846655247688,150,0.0459591336548328,1.1848561763763428,0.0,0.0,,3882,none,B1,sac_her_pickandplace_clean_2M
sac_her,contact_dropout,3,0.0,-150.0,0.0,0.2574102905370639,150,0.0393472351133823,1.0592708587646484,0.0,0.0,,3883,none,B1,sac_her_pickandplace_clean_2M
sac_her,contact_dropout,3,0.0,-150.0,0.0,0.1338297412238493,150,0.0161961186677217,1.002892255783081,0.0,0.0,,3884,none,B1,sac_her_pickandplace_clean_2M
sac_her,contact_dropout,3,0.0,-150.0,0.0,0.1459001673444926,150,0.0268104411661624,1.2978460788726809,0.0,0.0,,3885,none,B1,sac_her_pickandplace_clean_2M
sac_her,contact_dropout,3,0.0,-150.0,0.0,0.1392507413420566,150,0.023761311545968,1.1646288633346558,0.0,0.0,,3886,none,B1,sac_her_pickandplace_clean_2M
sac_her,contact_dropout,3,0.0,-150.0,0.0,0.1875237061164909,150,0.0395677872002124,1.0919893980026243,0.0,0.0,,3887,none,B1,sac_her_pickandplace_clean_2M
sac_her,contact_dropout,3,0.0,-150.0,0.0,0.1980756682670635,150,0.0387658886611461,1.279944896697998,0.0,0.0,,3888,none,B1,sac_her_pickandplace_clean_2M
sac_her,contact_dropout,3,0.0,-150.0,0.0,0.3480997169291348,150,0.0453690774738788,0.9806921482086182,0.0,0.0,,3889,none,B1,sac_her_pickandplace_clean_2M
sac_her,contact_dropout,3,0.0,-150.0,0.0,0.3281712652057657,150,0.0384537167847156,1.0309313535690308,0.0,0.0,,3890,none,B1,sac_her_pickandplace_clean_2M
sac_her,contact_dropout,3,0.0,-150.0,0.0,0.076008293146753,150,0.034070711582899,1.5040749311447144,0.0,0.0,,3891,none,B1,sac_her_pickandplace_clean_2M
sac_her,contact_dropout,3,0.0,-150.0,0.0,0.2450258686917939,150,0.0357444137334823,0.9924617409706116,0.0,0.0,,3892,none,B1,sac_her_pickandplace_clean_2M
sac_her,contact_dropout,3,0.0,-150.0,0.0,0.2103465960151156,150,0.0337453000247478,1.369296312332153,0.0,0.0,,3893,none,B1,sac_her_pickandplace_clean_2M
sac_her,contact_dropout,3,0.0,-150.0,0.0,0.1611516541029335,150,0.0440832674503326,1.239840745925903,0.0,0.0,,3894,none,B1,sac_her_pickandplace_clean_2M
sac_her,contact_dropout,3,0.0,-150.0,0.0,0.1236579761970561,150,0.0213086772710084,1.172444462776184,0.0,0.0,,3895,none,B1,sac_her_pickandplace_clean_2M
sac_her,contact_dropout,3,0.0,-150.0,0.0,0.2746588027334576,150,0.0267207510769367,1.201809048652649,0.0,0.0,,3896,none,B1,sac_her_pickandplace_clean_2M
sac_her,contact_dropout,3,0.0,-150.0,0.0,0.0584436120154639,150,0.0390950739383697,1.2409662008285522,0.0,0.0,,3897,none,B1,sac_her_pickandplace_clean_2M
sac_her,contact_dropout,3,0.0,-150.0,0.0,0.0973883123062769,150,0.0255565047264099,1.183201789855957,0.0,0.0,,3898,none,B1,sac_her_pickandplace_clean_2M
sac_her,contact_dropout,3,0.0,-150.0,0.0,0.2166593825132957,150,0.0327850058674812,0.9646662473678588,0.0,0.0,,3899,none,B1,sac_her_pickandplace_clean_2M
sac_her,clean,4,0.0,-16.0,1.0,0.030956765516717,150,0.0700866878032684,1.0460867881774902,0.0,0.0,16.0,3960,none,B0,sac_her_pickandplace_clean_2M
sac_her,clean,4,0.0,-11.0,1.0,0.0179078415081012,150,0.1349440217018127,0.9132808446884156,0.0,0.0,11.0,3961,none,B0,sac_her_pickandplace_clean_2M
sac_her,clean,4,0.0,-6.0,1.0,0.0222417764197634,150,1.3250164985656738,1.2289177179336548,0.0,0.0,6.0,3962,none,B0,sac_her_pickandplace_clean_2M
sac_her,clean,4,0.0,-18.0,1.0,0.0315845360515546,150,0.0765819326043129,1.0450905561447144,0.0,0.0,18.0,3963,none,B0,sac_her_pickandplace_clean_2M
sac_her,clean,4,0.0,-6.0,1.0,0.0111768512762355,150,0.077717438340187,0.9903562664985656,0.0,0.0,6.0,3964,none,B0,sac_her_pickandplace_clean_2M
sac_her,clean,4,0.0,-9.0,1.0,0.0167526039687708,150,1.3472537994384766,1.236000418663025,0.0,0.0,9.0,3965,none,B0,sac_her_pickandplace_clean_2M
sac_her,clean,4,0.0,-12.0,1.0,0.0184572774965419,150,0.1271412670612335,0.9157068729400636,0.0,0.0,12.0,3966,none,B0,sac_her_pickandplace_clean_2M
sac_her,clean,4,0.0,-15.0,1.0,0.0378276063022663,150,0.0612418912351131,1.047327995300293,0.0,0.0,15.0,3967,none,B0,sac_her_pickandplace_clean_2M
sac_her,clean,4,0.0,-10.0,1.0,0.0168773715911591,150,0.0739454478025436,0.98494952917099,0.0,0.0,10.0,3968,none,B0,sac_her_pickandplace_clean_2M
sac_her,clean,4,0.0,-10.0,1.0,0.0130622366007794,150,0.0619245953857898,0.9228236675262452,0.0,0.0,10.0,3969,none,B0,sac_her_pickandplace_clean_2M
sac_her,clean,4,0.0,-6.0,1.0,0.0191345673946774,150,0.1276759058237075,0.9498298168182372,0.0,0.0,6.0,3970,none,B0,sac_her_pickandplace_clean_2M
sac_her,clean,4,0.0,-17.0,1.0,0.039182641250792,150,0.0910755693912506,1.0596357583999634,0.0,0.0,17.0,3971,none,B0,sac_her_pickandplace_clean_2M
sac_her,clean,4,0.0,-15.0,1.0,0.0366402959170023,150,0.0573649108409881,1.053700566291809,0.0,0.0,15.0,3972,none,B0,sac_her_pickandplace_clean_2M
sac_her,clean,4,0.0,-6.0,1.0,0.0120188504534348,150,0.0634594783186912,1.0355523824691772,0.0,0.0,6.0,3973,none,B0,sac_her_pickandplace_clean_2M
sac_her,clean,4,0.0,-7.0,1.0,0.0134649925006901,150,1.1477755308151243,1.1828097105026243,0.0,0.0,7.0,3974,none,B0,sac_her_pickandplace_clean_2M
sac_her,clean,4,0.0,-2.0,1.0,0.0202036959214398,150,0.0849084630608558,0.8713147044181824,0.0,0.0,2.0,3975,none,B0,sac_her_pickandplace_clean_2M
sac_her,clean,4,0.0,-7.0,1.0,0.0126802369918349,150,0.0845647156238555,0.9368159770965576,0.0,0.0,7.0,3976,none,B0,sac_her_pickandplace_clean_2M
sac_her,clean,4,0.0,-18.0,1.0,0.0312836120628004,150,0.089355930685997,1.0478423833847046,0.0,0.0,18.0,3977,none,B0,sac_her_pickandplace_clean_2M
sac_her,clean,4,0.0,-8.0,1.0,0.0146109892003003,150,0.0600980445742607,0.9413869976997375,0.0,0.0,8.0,3978,none,B0,sac_her_pickandplace_clean_2M
sac_her,clean,4,0.0,-14.0,1.0,0.0333051260571802,150,0.0682223215699195,1.0491268634796145,0.0,0.0,14.0,3979,none,B0,sac_her_pickandplace_clean_2M
sac_her,clean,4,0.0,-7.0,1.0,0.0179995116360787,150,0.1175648495554924,0.922392964363098,0.0,0.0,7.0,3980,none,B0,sac_her_pickandplace_clean_2M
sac_her,clean,4,0.0,-15.0,1.0,0.0359908375173119,150,0.0569932460784912,1.0522711277008057,0.0,0.0,15.0,3981,none,B0,sac_her_pickandplace_clean_2M
sac_her,clean,4,0.0,-3.0,1.0,0.0138152411768102,150,0.0360337980091571,0.9768133759498596,0.0,0.0,3.0,3982,none,B0,sac_her_pickandplace_clean_2M
sac_her,clean,4,0.0,-9.0,1.0,0.0164930731937182,150,0.0871725305914878,0.868233859539032,0.0,0.0,9.0,3983,none,B0,sac_her_pickandplace_clean_2M
sac_her,clean,4,0.0,-14.0,1.0,0.039096658575192,150,0.0556886009871959,1.0528873205184937,0.0,0.0,14.0,3984,none,B0,sac_her_pickandplace_clean_2M
sac_her,clean,4,0.0,-13.0,1.0,0.03530636800526,150,0.0582766681909561,1.0465799570083618,0.0,0.0,13.0,3985,none,B0,sac_her_pickandplace_clean_2M
sac_her,clean,4,0.0,-5.0,1.0,0.0232746349123292,150,0.0677921921014785,0.9890021681785583,0.0,0.0,5.0,3986,none,B0,sac_her_pickandplace_clean_2M
sac_her,clean,4,0.0,-13.0,1.0,0.0278807684844699,150,0.0566005073487758,1.031461238861084,0.0,0.0,13.0,3987,none,B0,sac_her_pickandplace_clean_2M
sac_her,clean,4,0.0,-10.0,1.0,0.0199117486893168,150,0.0648386925458908,1.0328766107559204,0.0,0.0,10.0,3988,none,B0,sac_her_pickandplace_clean_2M
sac_her,clean,4,0.0,-17.0,1.0,0.0340670854845242,150,0.0749354511499404,1.0512923002243042,0.0,0.0,17.0,3989,none,B0,sac_her_pickandplace_clean_2M
sac_her,sensor_dropout,4,0.0,-150.0,0.0,0.4295086272890401,150,1.7889938419557436e-09,1.6752225160598757,0.0,0.0,,4050,none,B1,sac_her_pickandplace_clean_2M
sac_her,sensor_dropout,4,0.0,-150.0,0.0,0.2676570314780934,150,8.944969209778718e-10,1.680108904838562,0.0,0.0,,4051,none,B1,sac_her_pickandplace_clean_2M
sac_her,sensor_dropout,4,0.0,-150.0,0.0,0.1805411928599704,150,3.2987415021779043e-09,1.4077531099319458,0.0,0.0,,4052,none,B1,sac_her_pickandplace_clean_2M
sac_her,sensor_dropout,4,0.0,-150.0,0.0,0.4343474150549246,150,8.000623497039783e-10,1.7636079788208008,0.0,0.0,,4053,none,B1,sac_her_pickandplace_clean_2M
sac_her,sensor_dropout,4,0.0,-150.0,0.0,0.1068484092360447,150,1.8331731688192574e-09,1.609843373298645,0.0,0.0,,4054,none,B1,sac_her_pickandplace_clean_2M
sac_her,sensor_dropout,4,0.0,-150.0,0.0,0.2261682395328582,150,2.530019305169162e-09,1.493588924407959,0.0,0.0,,4055,none,B1,sac_her_pickandplace_clean_2M
sac_her,sensor_dropout,4,0.0,-150.0,0.0,0.2986576663914672,150,0.0,1.64381206035614,0.0,0.0,,4056,none,B1,sac_her_pickandplace_clean_2M
sac_her,sensor_dropout,4,0.0,-150.0,0.0,0.3892672676711604,150,1.6001246994079563e-09,1.8417445421218872,0.0,0.0,,4057,none,B1,sac_her_pickandplace_clean_2M
sac_her,sensor_dropout,4,0.0,-150.0,0.0,0.2166554267276113,150,3.7738865366065966e-09,1.5394939184188845,0.0,0.0,,4058,none,B1,sac_her_pickandplace_clean_2M
sac_her,sensor_dropout,4,0.0,-150.0,0.0,0.2509328493314462,150,8.000623497039783e-10,1.7550480365753174,0.0,0.0,,4059,none,B1,sac_her_pickandplace_clean_2M
sac_her,sensor_dropout,4,0.0,-150.0,0.0,0.1750517346496344,150,1.1314590375732791e-09,1.63434100151062,0.0,0.0,,4060,none,B1,sac_her_pickandplace_clean_2M
sac_her,sensor_dropout,4,0.0,-150.0,0.0,0.4413383870029088,150,0.0,1.8275628089904783,0.0,0.0,,4061,none,B1,sac_her_pickandplace_clean_2M
sac_her,sensor_dropout,4,0.0,-150.0,0.0,0.4497230303156639,150,1.1314590375732791e-09,1.8279056549072263,0.0,0.0,,4062,none,B1,sac_her_pickandplace_clean_2M
sac_her,sensor_dropout,4,0.0,-150.0,0.0,0.122400123784964,150,4.000311748519891e-10,1.6216222047805786,0.0,0.0,,4063,none,B1,sac_her_pickandplace_clean_2M
sac_her,sensor_dropout,4,0.0,-150.0,0.0,0.1703734636857056,150,3.394377001697535e-09,1.5426973104476929,0.0,0.0,,4064,none,B1,sac_her_pickandplace_clean_2M
sac_her,sensor_dropout,4,0.0,-150.0,0.0,0.0572526063446548,150,1.649370751088952e-09,1.558985710144043,0.0,0.0,,4065,none,B1,sac_her_pickandplace_clean_2M
sac_her,sensor_dropout,4,0.0,-150.0,0.0,0.0810191806195431,150,4.8665893537247484e-09,1.524901270866394,0.0,0.0,,4066,none,B1,sac_her_pickandplace_clean_2M
sac_her,sensor_dropout,4,0.0,-150.0,0.0,0.4442359995615462,150,1.1314590375732791e-09,1.6694594621658323,0.0,0.0,,4067,none,B1,sac_her_pickandplace_clean_2M
sac_her,sensor_dropout,4,0.0,-150.0,0.0,0.2099680938524908,150,4.800373876179265e-09,1.6666021347045898,0.0,0.0,,4068,none,B1,sac_her_pickandplace_clean_2M
sac_her,sensor_dropout,4,0.0,-150.0,0.0,0.4243770527675358,150,0.0,1.7077256441116333,0.0,0.0,,4069,none,B1,sac_her_pickandplace_clean_2M
sac_her,sensor_dropout,4,0.0,-150.0,0.0,0.1723055609233818,150,1.649370751088952e-09,1.6236956119537354,0.0,0.0,,4070,none,B1,sac_her_pickandplace_clean_2M
sac_her,sensor_dropout,4,0.0,-150.0,0.0,0.4431327053117166,150,8.000623497039783e-10,1.8254207372665403,0.0,0.0,,4071,none,B1,sac_her_pickandplace_clean_2M
sac_her,sensor_dropout,4,0.0,-150.0,0.0,0.0721134074063093,150,3.225154365793514e-09,1.574433207511902,0.0,0.0,,4072,none,B1,sac_her_pickandplace_clean_2M
sac_her,sensor_dropout,4,0.0,-150.0,0.0,0.150515130925436,150,3.4178677665863692e-09,1.497503399848938,0.0,0.0,,4073,none,B1,sac_her_pickandplace_clean_2M
sac_her,sensor_dropout,4,0.0,-150.0,0.0,0.4263347277634866,150,1.7889938419557436e-09,1.8681193590164185,0.0,0.0,,4074,none,B1,sac_her_pickandplace_clean_2M
sac_her,sensor_dropout,4,0.0,-150.0,0.0,0.3662215000153558,150,1.6001246994079563e-09,1.8526878356933592,0.0,0.0,,4075,none,B1,sac_her_pickandplace_clean_2M
sac_her,sensor_dropout,4,0.0,-150.0,0.0,0.1437793465619575,150,2.2629180751465583e-09,1.4866338968276978,0.0,0.0,,4076,none,B1,sac_her_pickandplace_clean_2M
sac_her,sensor_dropout,4,0.0,-150.0,0.0,0.2414766116036234,150,1.6001246994079563e-09,1.8215787410736084,0.0,0.0,,4077,none,B1,sac_her_pickandplace_clean_2M
sac_her,sensor_dropout,4,0.0,-150.0,0.0,0.3040811076016184,150,1.1314590375732791e-09,1.7631701231002808,0.0,0.0,,4078,none,B1,sac_her_pickandplace_clean_2M
sac_her,sensor_dropout,4,0.0,-150.0,0.0,0.4984169991670304,150,1.1314590375732791e-09,1.7870869636535645,0.0,0.0,,4079,none,B1,sac_her_pickandplace_clean_2M
sac_her,sensor_bias,4,0.1,-150.0,0.0,0.4295086272890401,150,1.4721499681472778,1.1826726198196411,0.0,0.0,,4140,none,B1,sac_her_pickandplace_clean_2M
sac_her,sensor_bias,4,0.1,-150.0,0.0,0.2676570314780934,150,0.2134102582931518,0.8430854082107544,0.0,0.0,,4141,none,B1,sac_her_pickandplace_clean_2M
sac_her,sensor_bias,4,0.1,-150.0,0.0,0.1805411928599704,150,0.1228160485625267,0.8118922710418701,0.0,0.0,,4142,none,B1,sac_her_pickandplace_clean_2M
sac_her,sensor_bias,4,0.1,-150.0,0.0,0.4343474150549246,150,0.054071694612503,1.119884729385376,0.0,0.0,,4143,none,B1,sac_her_pickandplace_clean_2M
sac_her,sensor_bias,4,0.1,-11.0,1.0,0.0489131253204525,150,0.0954352542757988,1.4347094297409058,0.0,0.0,11.0,4144,none,B1,sac_her_pickandplace_clean_2M
sac_her,sensor_bias,4,0.1,-150.0,0.0,0.2261682395328582,150,0.0484743230044841,1.0050808191299438,0.0,0.0,,4145,none,B1,sac_her_pickandplace_clean_2M
sac_her,sensor_bias,4,0.1,-150.0,0.0,0.2986576663914672,150,1.7429769039154053,1.5497266054153442,0.0,0.0,,4146,none,B1,sac_her_pickandplace_clean_2M
sac_her,sensor_bias,4,0.1,-150.0,0.0,0.4023488894524464,150,0.8366873264312744,1.0548889636993408,0.0,0.0,,4147,none,B1,sac_her_pickandplace_clean_2M
sac_her,sensor_bias,4,0.1,-150.0,0.0,0.2166554267276113,150,2.0715177059173584,1.339988350868225,1.0,0.0,,4148,none,B1,sac_her_pickandplace_clean_2M
sac_her,sensor_bias,4,0.1,-150.0,0.0,0.2509328493314462,150,0.0127720972523093,0.5755842328071594,0.0,0.0,,4149,none,B1,sac_her_pickandplace_clean_2M
sac_her,sensor_bias,4,0.1,-150.0,0.0,0.1750517346496344,150,0.0310926213860511,0.5321958661079407,0.0,0.0,,4150,none,B1,sac_her_pickandplace_clean_2M
sac_her,sensor_bias,4,0.1,-150.0,0.0,0.4413383870029088,150,1.562307834625244,1.3086798191070557,0.0,0.0,,4151,none,B1,sac_her_pickandplace_clean_2M
sac_her,sensor_bias,4,0.1,-150.0,0.0,0.4497230303156639,150,1.8699119091033936,1.1508746147155762,0.0,0.0,,4152,none,B1,sac_her_pickandplace_clean_2M
sac_her,sensor_bias,4,0.1,-150.0,0.0,0.122400123784964,150,0.4080255925655365,1.018631100654602,0.0,0.0,,4153,none,B1,sac_her_pickandplace_clean_2M
sac_her,sensor_bias,4,0.1,-150.0,0.0,0.8994547854259811,150,0.2794197797775268,1.0942248106002808,0.0,0.0,,4154,none,B1,sac_her_pickandplace_clean_2M
sac_her,sensor_bias,4,0.1,-150.0,0.0,0.0572526063446548,150,1.0417201519012451,1.0219178199768066,0.0,0.0,,4155,none,B1,sac_her_pickandplace_clean_2M
sac_her,sensor_bias,4,0.1,-150.0,0.0,0.6368865719665566,150,0.2096611112356186,1.34318745136261,0.0,0.0,,4156,none,B1,sac_her_pickandplace_clean_2M
sac_her,sensor_bias,4,0.1,-150.0,0.0,0.4444769256712169,150,0.0159166567027568,1.2713541984558103,0.0,0.0,,4157,none,B1,sac_her_pickandplace_clean_2M
sac_her,sensor_bias,4,0.1,-150.0,0.0,0.2099680938524908,150,0.1081627607345581,0.7877326607704163,0.0,0.0,,4158,none,B1,sac_her_pickandplace_clean_2M
sac_her,sensor_bias,4,0.1,-150.0,0.0,0.4243770527675358,150,1.4329460859298706,0.9140748381614684,0.0,0.0,,4159,none,B1,sac_her_pickandplace_clean_2M
sac_her,sensor_bias,4,0.1,-150.0,0.0,0.1723055609233818,150,1.0490918159484863,1.4105439186096191,0.0,0.0,,4160,none,B1,sac_her_pickandplace_clean_2M
sac_her,sensor_bias,4,0.1,-150.0,0.0,0.4431327053117166,150,1.438218116760254,1.2587963342666626,0.0,0.0,,4161,none,B1,sac_her_pickandplace_clean_2M
sac_her,sensor_bias,4,0.1,-150.0,0.0,0.0721134074063093,150,0.0789746791124343,1.0834962129592896,0.0,0.0,,4162,none,B1,sac_her_pickandplace_clean_2M
sac_her,sensor_bias,4,0.1,-150.0,0.0,0.1528773856557576,150,0.8030424118041992,0.746096670627594,0.0,0.0,,4163,none,B1,sac_her_pickandplace_clean_2M
sac_her,sensor_bias,4,0.1,-150.0,0.0,0.4263347277634866,150,0.0492182560265064,0.9446068406105042,0.0,0.0,,4164,none,B1,sac_her_pickandplace_clean_2M
sac_her,sensor_bias,4,0.1,-150.0,0.0,0.3662215000153558,150,2.1042587757110596,1.4841753244400024,0.0,0.0,,4165,none,B1,sac_her_pickandplace_clean_2M
sac_her,sensor_bias,4,0.1,-150.0,0.0,0.1437793465619575,150,0.0605040118098259,1.048862338066101,0.0,0.0,,4166,none,B1,sac_her_pickandplace_clean_2M
sac_her,sensor_bias,4,0.1,-150.0,0.0,0.2414766116036234,150,1.0917298793792725,1.3393017053604126,0.0,0.0,,4167,none,B1,sac_her_pickandplace_clean_2M
sac_her,sensor_bias,4,0.1,-150.0,0.0,0.3040811076016184,150,2.057216167449951,1.5063670873641968,0.0,0.0,,4168,none,B1,sac_her_pickandplace_clean_2M
sac_her,sensor_bias,4,0.1,-150.0,0.0,0.4984169991670304,150,1.274112582206726,1.2130286693572998,0.0,0.0,,4169,none,B1,sac_her_pickandplace_clean_2M
sac_her,action_clipping,4,0.3,-50.0,1.0,0.0400282982910774,150,0.0471218228340148,0.3709982931613922,0.0,0.0,50.0,4230,none,B1,sac_her_pickandplace_clean_2M
sac_her,action_clipping,4,0.3,-58.0,1.0,0.0277806103056316,150,0.3492051064968109,0.4372884035110473,0.0,0.0,58.0,4231,none,B1,sac_her_pickandplace_clean_2M
sac_her,action_clipping,4,0.3,-24.0,1.0,0.0229942811377944,150,0.7709159851074219,0.5346153974533081,0.0,0.0,24.0,4232,none,B1,sac_her_pickandplace_clean_2M
sac_her,action_clipping,4,0.3,-64.0,1.0,0.0284810360136494,150,0.1452899575233459,0.3927316963672638,0.0,0.0,64.0,4233,none,B1,sac_her_pickandplace_clean_2M
sac_her,action_clipping,4,0.3,-17.0,1.0,0.0203519948725501,150,0.07744812220335,0.4657616317272186,0.0,0.0,17.0,4234,none,B1,sac_her_pickandplace_clean_2M
sac_her,action_clipping,4,0.3,-24.0,1.0,0.0182028256743321,150,0.7285032868385315,0.5245051980018616,0.0,0.0,24.0,4235,none,B1,sac_her_pickandplace_clean_2M
sac_her,action_clipping,4,0.3,-37.0,1.0,0.0253804978966354,150,0.5869331359863281,0.4889782071113586,0.0,0.0,37.0,4236,none,B1,sac_her_pickandplace_clean_2M
sac_her,action_clipping,4,0.3,-39.0,1.0,0.0349021695778404,150,0.0267804376780986,0.3666516244411468,0.0,0.0,39.0,4237,none,B1,sac_her_pickandplace_clean_2M
sac_her,action_clipping,4,0.3,-33.0,1.0,0.025016987911607,150,0.0366862267255783,0.4569238424301147,0.0,0.0,33.0,4238,none,B1,sac_her_pickandplace_clean_2M
sac_her,action_clipping,4,0.3,-32.0,1.0,0.0157260937503985,150,0.0619305856525898,0.4572835266590118,0.0,0.0,32.0,4239,none,B1,sac_her_pickandplace_clean_2M
sac_her,action_clipping,4,0.3,-24.0,1.0,0.0323780884136527,150,0.1170161217451095,0.4916926026344299,0.0,0.0,24.0,4240,none,B1,sac_her_pickandplace_clean_2M
sac_her,action_clipping,4,0.3,-45.0,1.0,0.0235159802862042,150,0.0597483739256858,0.3885736465454101,0.0,0.0,45.0,4241,none,B1,sac_her_pickandplace_clean_2M
sac_her,action_clipping,4,0.3,-41.0,1.0,0.025120909891186,150,0.0239543188363313,0.3764905929565429,0.0,0.0,41.0,4242,none,B1,sac_her_pickandplace_clean_2M
sac_her,action_clipping,4,0.3,-18.0,1.0,0.0261242494002899,150,0.0509101636707782,0.4576074182987213,0.0,0.0,18.0,4243,none,B1,sac_her_pickandplace_clean_2M
sac_her,action_clipping,4,0.3,-31.0,1.0,0.0058985511606009,150,0.8816893696784973,0.5853126049041748,0.0,0.0,31.0,4244,none,B1,sac_her_pickandplace_clean_2M
sac_her,action_clipping,4,0.3,-8.0,1.0,0.0141418353811335,150,0.4611253142356872,0.4158330857753753,0.0,0.0,8.0,4245,none,B1,sac_her_pickandplace_clean_2M
sac_her,action_clipping,4,0.3,-17.0,1.0,0.023326002377752,150,0.0671525746583938,0.4531067013740539,0.0,0.0,17.0,4246,none,B1,sac_her_pickandplace_clean_2M
sac_her,action_clipping,4,0.3,-57.0,1.0,0.0394137886315703,150,0.0602835901081562,0.3694835007190704,0.0,0.0,57.0,4247,none,B1,sac_her_pickandplace_clean_2M
sac_her,action_clipping,4,0.3,-35.0,1.0,0.0219866791496767,150,0.076939009130001,0.4522808790206909,0.0,0.0,35.0,4248,none,B1,sac_her_pickandplace_clean_2M
sac_her,action_clipping,4,0.3,-48.0,1.0,0.0431900856799406,150,0.0405932813882827,0.3727221190929413,0.0,0.0,48.0,4249,none,B1,sac_her_pickandplace_clean_2M
sac_her,action_clipping,4,0.3,-25.0,1.0,0.0175229397716993,150,0.5043719410896301,0.4405945837497711,0.0,0.0,25.0,4250,none,B1,sac_her_pickandplace_clean_2M
sac_her,action_clipping,4,0.3,-47.0,1.0,0.0335726864915605,150,0.0273578334599733,0.3689020574092865,0.0,0.0,47.0,4251,none,B1,sac_her_pickandplace_clean_2M
sac_her,action_clipping,4,0.3,-14.0,1.0,0.0177866520183843,150,0.2439905256032943,0.362367570400238,0.0,0.0,8.0,4252,none,B1,sac_her_pickandplace_clean_2M
sac_her,action_clipping,4,0.3,-24.0,1.0,0.0183261421125353,150,0.1248635649681091,0.3512596786022186,0.0,0.0,24.0,4253,none,B1,sac_her_pickandplace_clean_2M
sac_her,action_clipping,4,0.3,-44.0,1.0,0.0360500464623571,150,0.0348208881914615,0.3640764951705932,0.0,0.0,44.0,4254,none,B1,sac_her_pickandplace_clean_2M
sac_her,action_clipping,4,0.3,-41.0,1.0,0.0234800793678278,150,0.1120938584208488,0.3726336061954498,0.0,0.0,41.0,4255,none,B1,sac_her_pickandplace_clean_2M
sac_her,action_clipping,4,0.3,-21.0,1.0,0.0150481139277119,150,0.0918306037783622,0.4441609680652618,0.0,0.0,21.0,4256,none,B1,sac_her_pickandplace_clean_2M
sac_her,action_clipping,4,0.3,-46.0,1.0,0.0294803394094911,150,0.0853152200579643,0.3637292981147766,0.0,0.0,46.0,4257,none,B1,sac_her_pickandplace_clean_2M
sac_her,action_clipping,4,0.3,-29.0,1.0,0.0295659446827068,150,0.0210224334150552,0.3498809933662414,0.0,0.0,29.0,4258,none,B1,sac_her_pickandplace_clean_2M
sac_her,action_clipping,4,0.3,-61.0,1.0,0.0351091032108714,150,0.076994314789772,0.3831447958946228,0.0,0.0,61.0,4259,none,B1,sac_her_pickandplace_clean_2M
sac_her,action_delay,4,0.0,-20.0,1.0,0.0412588679833148,150,0.1185999736189842,1.070600152015686,0.0,0.0,19.0,4320,none,B1,sac_her_pickandplace_clean_2M
sac_her,action_delay,4,0.0,-150.0,0.0,0.5153718306126938,150,0.1904465109109878,1.2979031801223757,0.0,0.0,,4321,none,B1,sac_her_pickandplace_clean_2M
sac_her,action_delay,4,0.0,-25.0,0.0,0.2030797965921475,150,0.9155712723731996,1.4176983833312988,0.0,0.0,10.0,4322,none,B1,sac_her_pickandplace_clean_2M
sac_her,action_delay,4,0.0,-24.0,1.0,0.0152443911260334,150,0.3157972693443298,1.0853824615478516,0.0,0.0,24.0,4323,none,B1,sac_her_pickandplace_clean_2M
sac_her,action_delay,4,0.0,-20.0,1.0,0.0118450433926795,150,0.2092133909463882,1.1351088285446167,0.0,0.0,8.0,4324,none,B1,sac_her_pickandplace_clean_2M
sac_her,action_delay,4,0.0,-29.0,1.0,0.0308626207615313,150,0.9274357557296752,1.4281474351882937,0.0,0.0,13.0,4325,none,B1,sac_her_pickandplace_clean_2M
sac_her,action_delay,4,0.0,-38.0,1.0,0.0280216042197527,150,0.7187513113021851,1.469342827796936,0.0,0.0,38.0,4326,none,B1,sac_her_pickandplace_clean_2M
sac_her,action_delay,4,0.0,-17.0,1.0,0.043340203539837,150,0.1029272526502609,1.0688292980194092,0.0,0.0,17.0,4327,none,B1,sac_her_pickandplace_clean_2M
sac_her,action_delay,4,0.0,-15.0,1.0,0.0162872017877603,150,0.1553187519311905,1.0260000228881836,0.0,0.0,13.0,4328,none,B1,sac_her_pickandplace_clean_2M
sac_her,action_delay,4,0.0,-13.0,1.0,0.0177147562210029,150,0.0855074375867843,0.98392516374588,0.0,0.0,13.0,4329,none,B1,sac_her_pickandplace_clean_2M
sac_her,action_delay,4,0.0,-9.0,1.0,0.0198918430801919,150,0.1129254475235939,1.1468056440353394,0.0,0.0,9.0,4330,none,B1,sac_her_pickandplace_clean_2M
sac_her,action_delay,4,0.0,-20.0,1.0,0.0458722793791764,150,0.1264293193817138,1.0757389068603516,0.0,0.0,19.0,4331,none,B1,sac_her_pickandplace_clean_2M
sac_her,action_delay,4,0.0,-18.0,1.0,0.0433135573451255,150,0.1078147888183593,1.0743218660354614,0.0,0.0,17.0,4332,none,B1,sac_her_pickandplace_clean_2M
sac_her,action_delay,4,0.0,-8.0,1.0,0.0165857252459138,150,0.0899987667798996,1.0772833824157717,0.0,0.0,8.0,4333,none,B1,sac_her_pickandplace_clean_2M
sac_her,action_delay,4,0.0,-21.0,1.0,0.0222526384719307,150,0.9540274143218994,1.4127331972122192,0.0,0.0,11.0,4334,none,B1,sac_her_pickandplace_clean_2M
sac_her,action_delay,4,0.0,-6.0,1.0,0.0011632737728187,150,0.4021935164928436,1.1526371240615845,0.0,0.0,6.0,4335,none,B1,sac_her_pickandplace_clean_2M
sac_her,action_delay,4,0.0,-41.0,1.0,0.0117793252887003,150,0.3431942760944366,1.2433046102523804,0.0,0.0,9.0,4336,none,B1,sac_her_pickandplace_clean_2M
sac_her,action_delay,4,0.0,-26.0,1.0,0.0405287147711813,150,0.1271531581878662,1.073974847793579,0.0,0.0,26.0,4337,none,B1,sac_her_pickandplace_clean_2M
sac_her,action_delay,4,0.0,-13.0,1.0,0.0123453286749568,150,0.1008346229791641,0.991492509841919,0.0,0.0,13.0,4338,none,B1,sac_her_pickandplace_clean_2M
sac_her,action_delay,4,0.0,-18.0,1.0,0.0281169578445434,150,0.1153624355792999,1.0631080865859983,0.0,0.0,18.0,4339,none,B1,sac_her_pickandplace_clean_2M
sac_her,action_delay,4,0.0,-25.0,1.0,0.0329115723357895,150,0.6555840373039246,1.3335367441177368,0.0,0.0,11.0,4340,none,B1,sac_her_pickandplace_clean_2M
sac_her,action_delay,4,0.0,-19.0,1.0,0.0333642240302378,150,0.0923825353384018,1.0619890689849854,0.0,0.0,19.0,4341,none,B1,sac_her_pickandplace_clean_2M
sac_her,action_delay,4,0.0,-5.0,1.0,0.0189003577227042,150,0.0482051819562912,1.020510196685791,0.0,0.0,5.0,4342,none,B1,sac_her_pickandplace_clean_2M
sac_her,action_delay,4,0.0,-14.0,1.0,0.0037929958168616,150,0.5041533708572388,1.1870613098144531,0.0,0.0,14.0,4343,none,B1,sac_her_pickandplace_clean_2M
sac_her,action_delay,4,0.0,-17.0,1.0,0.0376839257846336,150,0.0983791574835777,1.0694786310195925,0.0,0.0,17.0,4344,none,B1,sac_her_pickandplace_clean_2M
sac_her,action_delay,4,0.0,-17.0,1.0,0.0346997872018988,150,0.0927559733390808,1.0577021837234497,0.0,0.0,17.0,4345,none,B1,sac_her_pickandplace_clean_2M
sac_her,action_delay,4,0.0,-13.0,1.0,0.0165029412534532,150,0.1171220391988754,0.9575804471969604,0.0,0.0,11.0,4346,none,B1,sac_her_pickandplace_clean_2M
sac_her,action_delay,4,0.0,-15.0,1.0,0.0275370021353304,150,0.0898258686065673,1.038617730140686,0.0,0.0,14.0,4347,none,B1,sac_her_pickandplace_clean_2M
sac_her,action_delay,4,0.0,-14.0,1.0,0.0225120765003608,150,0.1019698455929756,1.0479062795639038,0.0,0.0,14.0,4348,none,B1,sac_her_pickandplace_clean_2M
sac_her,action_delay,4,0.0,-25.0,1.0,0.0381859319655404,150,0.1276275217533111,1.0803717374801636,0.0,0.0,25.0,4349,none,B1,sac_her_pickandplace_clean_2M
sac_her,action_reversal,4,0.0,-150.0,0.0,0.4295086272890401,150,0.0541639849543571,1.7088078260421753,0.0,0.0,,4410,none,B1,sac_her_pickandplace_clean_2M
sac_her,action_reversal,4,0.0,-150.0,0.0,0.2676570314780934,150,0.0777803137898445,1.490312576293945,0.0,0.0,,4411,none,B1,sac_her_pickandplace_clean_2M
sac_her,action_reversal,4,0.0,-150.0,0.0,0.1805411928599704,150,0.0589884296059608,1.4072749614715576,0.0,0.0,,4412,none,B1,sac_her_pickandplace_clean_2M
sac_her,action_reversal,4,0.0,-150.0,0.0,0.4343474150549246,150,0.0458808094263076,1.282695770263672,0.0,0.0,,4413,none,B1,sac_her_pickandplace_clean_2M
sac_her,action_reversal,4,0.0,-150.0,0.0,0.1068484092360447,150,0.0761134475469589,1.00177800655365,0.0,0.0,,4414,none,B1,sac_her_pickandplace_clean_2M
sac_her,action_reversal,4,0.0,-150.0,0.0,0.2261682395328582,150,0.036187507212162,1.2118322849273682,0.0,0.0,,4415,none,B1,sac_her_pickandplace_clean_2M
sac_her,action_reversal,4,0.0,-150.0,0.0,0.2986576663914672,150,0.0145271541550755,1.5149941444396973,0.0,0.0,,4416,none,B1,sac_her_pickandplace_clean_2M
sac_her,action_reversal,4,0.0,-150.0,0.0,0.3892672676711604,150,0.0506306253373622,1.41139554977417,0.0,0.0,,4417,none,B1,sac_her_pickandplace_clean_2M
sac_her,action_reversal,4,0.0,-150.0,0.0,0.2166554267276113,150,0.0517386868596077,1.1745527982711792,0.0,0.0,,4418,none,B1,sac_her_pickandplace_clean_2M
sac_her,action_reversal,4,0.0,-150.0,0.0,0.2509328493314462,150,0.051941268146038,1.7052233219146729,0.0,0.0,,4419,none,B1,sac_her_pickandplace_clean_2M
sac_her,action_reversal,4,0.0,-150.0,0.0,0.1750517346496344,150,0.0296413954347372,1.4569900035858154,0.0,0.0,,4420,none,B1,sac_her_pickandplace_clean_2M
sac_her,action_reversal,4,0.0,-150.0,0.0,0.4413383870029088,150,0.0681533738970756,1.5779623985290527,0.0,0.0,,4421,none,B1,sac_her_pickandplace_clean_2M
sac_her,action_reversal,4,0.0,-150.0,0.0,0.4497230303156639,150,0.0495644174516201,1.4332283735275269,0.0,0.0,,4422,none,B1,sac_her_pickandplace_clean_2M
sac_her,action_reversal,4,0.0,-150.0,0.0,0.122400123784964,150,0.0881096199154853,0.8104687333106995,0.0,0.0,,4423,none,B1,sac_her_pickandplace_clean_2M
sac_her,action_reversal,4,0.0,-150.0,0.0,0.1703734636857056,150,0.027199937030673,1.3409037590026855,0.0,0.0,,4424,none,B1,sac_her_pickandplace_clean_2M
sac_her,action_reversal,4,0.0,-150.0,0.0,0.0572526063446548,150,0.0835300907492637,1.2234034538269043,0.0,0.0,,4425,none,B1,sac_her_pickandplace_clean_2M
sac_her,action_reversal,4,0.0,-150.0,0.0,0.0810191806195431,150,0.0935258641839027,1.1460800170898438,0.0,0.0,,4426,none,B1,sac_her_pickandplace_clean_2M
sac_her,action_reversal,4,0.0,-150.0,0.0,0.4442359995615462,150,0.0580529458820819,1.8726054430007937,0.0,0.0,,4427,none,B1,sac_her_pickandplace_clean_2M
sac_her,action_reversal,4,0.0,-150.0,0.0,0.2099680938524908,150,0.0521572045981884,1.5067224502563477,0.0,0.0,,4428,none,B1,sac_her_pickandplace_clean_2M
sac_her,action_reversal,4,0.0,-150.0,0.0,0.4243770527675358,150,0.0551609843969345,1.277340292930603,0.0,0.0,,4429,none,B1,sac_her_pickandplace_clean_2M
sac_her,action_reversal,4,0.0,-150.0,0.0,0.1723055609233818,150,0.0307056382298469,1.4663745164871216,0.0,0.0,,4430,none,B1,sac_her_pickandplace_clean_2M
sac_her,action_reversal,4,0.0,-150.0,0.0,0.4431327053117166,150,0.0535556748509407,1.2990047931671145,0.0,0.0,,4431,none,B1,sac_her_pickandplace_clean_2M
sac_her,action_reversal,4,0.0,-150.0,0.0,0.0721134074063093,150,0.0903776139020919,0.9584025144577026,0.0,0.0,,4432,none,B1,sac_her_pickandplace_clean_2M
sac_her,action_reversal,4,0.0,-150.0,0.0,0.150515130925436,150,0.076471671462059,1.475102186203003,0.0,0.0,,4433,none,B1,sac_her_pickandplace_clean_2M
sac_her,action_reversal,4,0.0,-150.0,0.0,0.4263347277634866,150,0.025207171216607,1.3944122791290283,0.0,0.0,,4434,none,B1,sac_her_pickandplace_clean_2M
sac_her,action_reversal,4,0.0,-150.0,0.0,0.3662215000153558,150,0.0569324120879173,1.2485860586166382,0.0,0.0,,4435,none,B1,sac_her_pickandplace_clean_2M
sac_her,action_reversal,4,0.0,-150.0,0.0,0.1437793465619575,150,0.0497521832585334,0.9664745926856996,0.0,0.0,,4436,none,B1,sac_her_pickandplace_clean_2M
sac_her,action_reversal,4,0.0,-150.0,0.0,0.2414766116036234,150,0.121797114610672,1.5477519035339355,0.0,0.0,,4437,none,B1,sac_her_pickandplace_clean_2M
sac_her,action_reversal,4,0.0,-150.0,0.0,0.3040811076016184,150,0.0338281616568565,1.3074628114700315,0.0,0.0,,4438,none,B1,sac_her_pickandplace_clean_2M
sac_her,action_reversal,4,0.0,-150.0,0.0,0.4984169991670304,150,0.0540699027478694,1.574607491493225,0.0,0.0,,4439,none,B1,sac_her_pickandplace_clean_2M
sac_her,goal_spoof_immediate,4,0.1,-150.0,0.0,0.0880137941194082,150,0.0728092342615127,1.058254957199097,0.0,0.0,,4500,none,B1,sac_her_pickandplace_clean_2M
sac_her,goal_spoof_immediate,4,0.1,-14.0,1.0,0.0405840134607436,150,0.1236342638731002,0.9091013669967652,0.0,0.0,14.0,4501,none,B1,sac_her_pickandplace_clean_2M
sac_her,goal_spoof_immediate,4,0.1,-150.0,0.0,0.0924479567900436,150,1.3417246341705322,1.2229337692260742,0.0,0.0,,4502,none,B1,sac_her_pickandplace_clean_2M
sac_her,goal_spoof_immediate,4,0.1,-150.0,0.0,0.0806915353944056,150,0.0808990821242332,1.055145502090454,0.0,0.0,,4503,none,B1,sac_her_pickandplace_clean_2M
sac_her,goal_spoof_immediate,4,0.1,-150.0,0.0,0.0838298565205947,150,1.1302969455718994,1.1548134088516235,0.0,0.0,,4504,none,B1,sac_her_pickandplace_clean_2M
sac_her,goal_spoof_immediate,4,0.1,-150.0,0.0,0.114701037500569,150,0.0573886819183826,1.03229558467865,0.0,0.0,,4505,none,B1,sac_her_pickandplace_clean_2M
sac_her,goal_spoof_immediate,4,0.1,-150.0,0.0,0.0556520692456566,150,0.1257799863815307,1.0391347408294678,0.0,0.0,,4506,none,B1,sac_her_pickandplace_clean_2M
sac_her,goal_spoof_immediate,4,0.1,-150.0,0.0,0.1288193772355214,150,0.0780243426561355,1.059237718582153,0.0,0.0,,4507,none,B1,sac_her_pickandplace_clean_2M
sac_her,goal_spoof_immediate,4,0.1,-150.0,0.0,0.0893939060263784,150,1.2277027368545532,1.19690203666687,0.0,0.0,,4508,none,B1,sac_her_pickandplace_clean_2M
sac_her,goal_spoof_immediate,4,0.1,-150.0,0.0,0.0536358427477881,150,1.2882089614868164,1.2355694770812988,0.0,0.0,,4509,none,B1,sac_her_pickandplace_clean_2M
sac_her,goal_spoof_immediate,4,0.1,-150.0,0.0,0.1171847551107916,150,0.0783030092716217,1.008694410324097,0.0,0.0,,4510,none,B1,sac_her_pickandplace_clean_2M
sac_her,goal_spoof_immediate,4,0.1,-150.0,0.0,0.1244199174475108,150,0.0833108201622963,1.045418381690979,0.0,0.0,,4511,none,B1,sac_her_pickandplace_clean_2M
sac_her,goal_spoof_immediate,4,0.1,-150.0,0.0,0.0918540279443114,150,0.0542047433555126,1.04579758644104,0.0,0.0,,4512,none,B1,sac_her_pickandplace_clean_2M
sac_her,goal_spoof_immediate,4,0.1,-150.0,0.0,0.1484186877985387,150,1.5495420694351196,1.3010237216949463,0.0,0.0,,4513,none,B1,sac_her_pickandplace_clean_2M
sac_her,goal_spoof_immediate,4,0.1,-148.0,0.0,0.1248637051964728,150,0.0945915207266807,1.0429232120513916,0.0,0.0,7.0,4514,none,B1,sac_her_pickandplace_clean_2M
sac_her,goal_spoof_immediate,4,0.1,-149.0,0.0,0.085224850689643,150,0.0443235635757446,1.012664794921875,0.0,0.0,3.0,4515,none,B1,sac_her_pickandplace_clean_2M
sac_her,goal_spoof_immediate,4,0.1,-146.0,0.0,0.0575901190053769,150,1.1418659687042236,1.1548197269439695,0.0,0.0,6.0,4516,none,B1,sac_her_pickandplace_clean_2M
sac_her,goal_spoof_immediate,4,0.1,-150.0,0.0,0.0571737237543964,150,0.0861513018608093,1.0559680461883545,0.0,0.0,,4517,none,B1,sac_her_pickandplace_clean_2M
sac_her,goal_spoof_immediate,4,0.1,-148.0,0.0,0.0814773480423279,150,1.2963056564331057,1.222812294960022,0.0,0.0,8.0,4518,none,B1,sac_her_pickandplace_clean_2M
sac_her,goal_spoof_immediate,4,0.1,-15.0,1.0,0.0499180072849434,150,0.0698501765727996,1.0535911321640017,0.0,0.0,15.0,4519,none,B1,sac_her_pickandplace_clean_2M
sac_her,goal_spoof_immediate,4,0.1,-150.0,0.0,0.1435206514837047,150,1.4101258516311646,1.241327166557312,0.0,0.0,,4520,none,B1,sac_her_pickandplace_clean_2M
sac_her,goal_spoof_immediate,4,0.1,-150.0,0.0,0.0882594473032132,150,0.0570767149329185,1.0585873126983645,0.0,0.0,,4521,none,B1,sac_her_pickandplace_clean_2M
sac_her,goal_spoof_immediate,4,0.1,-150.0,0.0,0.13368165837359,150,1.0389831066131592,1.1522579193115234,0.0,0.0,,4522,none,B1,sac_her_pickandplace_clean_2M
sac_her,goal_spoof_immediate,4,0.1,-150.0,0.0,0.150515130925436,150,0.2510839998722076,0.6682392954826355,0.0,0.0,,4523,none,B1,sac_her_pickandplace_clean_2M
sac_her,goal_spoof_immediate,4,0.1,-150.0,0.0,0.1174405694729266,150,0.0542725287377834,1.0436784029006958,0.0,0.0,,4524,none,B1,sac_her_pickandplace_clean_2M
sac_her,goal_spoof_immediate,4,0.1,-150.0,0.0,0.0741023351462306,150,0.0584011524915695,1.056348443031311,0.0,0.0,,4525,none,B1,sac_her_pickandplace_clean_2M
sac_her,goal_spoof_immediate,4,0.1,-150.0,0.0,0.1147607383773642,150,0.0775043368339538,1.0667229890823364,0.0,0.0,,4526,none,B1,sac_her_pickandplace_clean_2M
sac_her,goal_spoof_immediate,4,0.1,-150.0,0.0,0.1296895829388727,150,1.117900848388672,1.1859251260757446,0.0,0.0,,4527,none,B1,sac_her_pickandplace_clean_2M
sac_her,goal_spoof_immediate,4,0.1,-150.0,0.0,0.090506472069326,150,0.2755581140518188,1.0521312952041626,0.0,0.0,,4528,none,B1,sac_her_pickandplace_clean_2M
sac_her,goal_spoof_immediate,4,0.1,-150.0,0.0,0.0804322558244217,150,0.067661352455616,1.0564496517181396,0.0,0.0,,4529,none,B1,sac_her_pickandplace_clean_2M
sac_her,goal_spoof_midep,4,0.1,-105.0,0.0,0.0703213115364343,150,0.0823591127991676,1.0513380765914917,0.0,0.0,16.0,4590,none,B1,sac_her_pickandplace_clean_2M
sac_her,goal_spoof_midep,4,0.1,-101.0,0.0,0.1277010393372558,150,1.1466535329818726,1.2079740762710571,0.0,0.0,11.0,4591,none,B1,sac_her_pickandplace_clean_2M
sac_her,goal_spoof_midep,4,0.1,-95.0,0.0,0.0797030524948333,150,1.2790676355361938,1.2245784997940063,0.0,0.0,6.0,4592,none,B1,sac_her_pickandplace_clean_2M
sac_her,goal_spoof_midep,4,0.1,-107.0,0.0,0.0687643047993425,150,0.08707757294178,1.0481752157211304,0.0,0.0,18.0,4593,none,B1,sac_her_pickandplace_clean_2M
sac_her,goal_spoof_midep,4,0.1,-95.0,0.0,0.0863616281522025,150,0.1038425490260124,0.9827303886413574,0.0,0.0,6.0,4594,none,B1,sac_her_pickandplace_clean_2M
sac_her,goal_spoof_midep,4,0.1,-98.0,0.0,0.104468999747141,150,1.4495466947555542,1.2691078186035156,0.0,0.0,9.0,4595,none,B1,sac_her_pickandplace_clean_2M
sac_her,goal_spoof_midep,4,0.1,-12.0,1.0,0.0285530126143454,150,0.1550411432981491,1.0886987447738647,0.0,0.0,12.0,4596,none,B1,sac_her_pickandplace_clean_2M
sac_her,goal_spoof_midep,4,0.1,-105.0,0.0,0.118285299713428,150,0.0795234069228172,1.0564998388290403,0.0,0.0,15.0,4597,none,B1,sac_her_pickandplace_clean_2M
sac_her,goal_spoof_midep,4,0.1,-99.0,0.0,0.1131790203420917,150,0.098616823554039,1.0764156579971311,0.0,0.0,10.0,4598,none,B1,sac_her_pickandplace_clean_2M
sac_her,goal_spoof_midep,4,0.1,-10.0,1.0,0.0330743293562394,150,0.0690143778920173,1.1112556457519531,0.0,0.0,10.0,4599,none,B1,sac_her_pickandplace_clean_2M
sac_her,goal_spoof_midep,4,0.1,-95.0,0.0,0.1444720140850192,150,0.1325328052043914,1.1085342168807983,0.0,0.0,6.0,4600,none,B1,sac_her_pickandplace_clean_2M
sac_her,goal_spoof_midep,4,0.1,-106.0,0.0,0.084875074676586,150,0.1085829511284828,1.0686053037643433,0.0,0.0,17.0,4601,none,B1,sac_her_pickandplace_clean_2M
sac_her,goal_spoof_midep,4,0.1,-105.0,0.0,0.1034957891567219,150,0.0752652436494827,1.0611557960510254,0.0,0.0,15.0,4602,none,B1,sac_her_pickandplace_clean_2M
sac_her,goal_spoof_midep,4,0.1,-96.0,0.0,0.1302558854154368,150,0.8527688384056091,1.1620687246322632,0.0,0.0,6.0,4603,none,B1,sac_her_pickandplace_clean_2M
sac_her,goal_spoof_midep,4,0.1,-96.0,0.0,0.0904496616773664,150,0.9651954174041748,1.145493984222412,0.0,0.0,7.0,4604,none,B1,sac_her_pickandplace_clean_2M
sac_her,goal_spoof_midep,4,0.1,-2.0,1.0,0.0438000084481109,150,0.0873739570379257,1.0236387252807615,0.0,0.0,2.0,4605,none,B1,sac_her_pickandplace_clean_2M
sac_her,goal_spoof_midep,4,0.1,-7.0,1.0,0.0441005710908,150,0.1048912853002548,0.9614363312721252,0.0,0.0,7.0,4606,none,B1,sac_her_pickandplace_clean_2M
sac_her,goal_spoof_midep,4,0.1,-108.0,0.0,0.1250865625430851,150,0.213696539402008,1.078521728515625,0.0,0.0,18.0,4607,none,B1,sac_her_pickandplace_clean_2M
sac_her,goal_spoof_midep,4,0.1,-96.0,0.0,0.0884470556840168,150,0.0818638876080513,1.0354833602905271,0.0,0.0,8.0,4608,none,B1,sac_her_pickandplace_clean_2M
sac_her,goal_spoof_midep,4,0.1,-104.0,0.0,0.0981823586183467,150,0.0878404080867767,1.0565656423568726,0.0,0.0,14.0,4609,none,B1,sac_her_pickandplace_clean_2M
sac_her,goal_spoof_midep,4,0.1,-7.0,1.0,0.0327597368641191,150,0.0915860310196876,1.104412078857422,0.0,0.0,7.0,4610,none,B1,sac_her_pickandplace_clean_2M
sac_her,goal_spoof_midep,4,0.1,-104.0,0.0,0.0974538163328986,150,0.0797938555479049,1.062800645828247,0.0,0.0,15.0,4611,none,B1,sac_her_pickandplace_clean_2M
sac_her,goal_spoof_midep,4,0.1,-90.0,0.0,0.0901386950962878,150,0.0571365021169185,1.1444326639175415,0.0,0.0,3.0,4612,none,B1,sac_her_pickandplace_clean_2M
sac_her,goal_spoof_midep,4,0.1,-78.0,0.0,0.0584259996534154,150,0.7723516821861267,1.0617607831954956,0.0,0.0,9.0,4613,none,B1,sac_her_pickandplace_clean_2M
sac_her,goal_spoof_midep,4,0.1,-15.0,0.0,0.0500082018830941,150,0.0697266161441803,1.056310772895813,0.0,0.0,14.0,4614,none,B1,sac_her_pickandplace_clean_2M
sac_her,goal_spoof_midep,4,0.1,-102.0,0.0,0.0847961806379422,150,0.0792064368724823,1.054060459136963,0.0,0.0,13.0,4615,none,B1,sac_her_pickandplace_clean_2M
sac_her,goal_spoof_midep,4,0.1,-94.0,0.0,0.1435773340754284,150,1.012809157371521,1.2013494968414309,0.0,0.0,5.0,4616,none,B1,sac_her_pickandplace_clean_2M
sac_her,goal_spoof_midep,4,0.1,-103.0,0.0,0.0970268364644566,150,0.0765113607048988,1.0390948057174685,0.0,0.0,13.0,4617,none,B1,sac_her_pickandplace_clean_2M
sac_her,goal_spoof_midep,4,0.1,-99.0,0.0,0.1079907215730919,150,0.0847027748823165,1.0465015172958374,0.0,0.0,10.0,4618,none,B1,sac_her_pickandplace_clean_2M
sac_her,goal_spoof_midep,4,0.1,-107.0,0.0,0.1550615615102587,150,0.0924989134073257,1.059576392173767,0.0,0.0,17.0,4619,none,B1,sac_her_pickandplace_clean_2M
sac_her,object_pose_spoof,4,0.1,-150.0,0.0,0.0771847684763122,150,0.0761229842901229,1.0408307313919067,0.0,0.0,,4680,none,B1,sac_her_pickandplace_clean_2M
sac_her,object_pose_spoof,4,0.1,-150.0,0.0,0.0581812379351184,150,0.7755092978477478,0.9953649044036864,0.0,0.0,,4681,none,B1,sac_her_pickandplace_clean_2M
sac_her,object_pose_spoof,4,0.1,-150.0,0.0,0.0874847390567906,150,0.1079642251133918,1.1349095106124878,0.0,0.0,,4682,none,B1,sac_her_pickandplace_clean_2M
sac_her,object_pose_spoof,4,0.1,-150.0,0.0,0.0869016549555601,150,0.0897739380598068,1.057450294494629,0.0,0.0,,4683,none,B1,sac_her_pickandplace_clean_2M
sac_her,object_pose_spoof,4,0.1,-6.0,1.0,0.0324372916653616,150,0.725091278553009,0.9426721334457396,0.0,0.0,6.0,4684,none,B1,sac_her_pickandplace_clean_2M
sac_her,object_pose_spoof,4,0.1,-150.0,0.0,0.0606813957807106,150,1.3075659275054932,1.2342172861099243,0.0,0.0,,4685,none,B1,sac_her_pickandplace_clean_2M
sac_her,object_pose_spoof,4,0.1,-150.0,0.0,0.0548634895293142,150,1.0809481143951416,1.0315067768096924,0.0,0.0,,4686,none,B1,sac_her_pickandplace_clean_2M
sac_her,object_pose_spoof,4,0.1,-150.0,0.0,0.0735357028415986,150,0.0584118850529193,1.044716715812683,0.0,0.0,,4687,none,B1,sac_her_pickandplace_clean_2M
sac_her,object_pose_spoof,4,0.1,-150.0,0.0,0.0694242801810667,150,1.731380581855774,1.038164734840393,0.0,0.0,,4688,none,B1,sac_her_pickandplace_clean_2M
sac_her,object_pose_spoof,4,0.1,-150.0,0.0,0.1104462237878194,150,0.1124955862760543,0.964917778968811,0.0,0.0,,4689,none,B1,sac_her_pickandplace_clean_2M
sac_her,object_pose_spoof,4,0.1,-148.0,0.0,0.0935393832201084,150,0.0712638795375824,1.0878208875656128,0.0,0.0,7.0,4690,none,B1,sac_her_pickandplace_clean_2M
sac_her,object_pose_spoof,4,0.1,-150.0,0.0,0.1087880061153682,150,0.0731858909130096,1.068687915802002,0.0,0.0,,4691,none,B1,sac_her_pickandplace_clean_2M
sac_her,object_pose_spoof,4,0.1,-150.0,0.0,0.0730138307218268,150,0.0554992258548736,1.052154541015625,0.0,0.0,,4692,none,B1,sac_her_pickandplace_clean_2M
sac_her,object_pose_spoof,4,0.1,-6.0,1.0,0.0137610823791206,150,0.044164627790451,1.1684352159500122,0.0,0.0,6.0,4693,none,B1,sac_her_pickandplace_clean_2M
sac_her,object_pose_spoof,4,0.1,-97.0,0.0,0.0547579683812689,150,1.6134575605392456,1.318800449371338,0.0,0.0,8.0,4694,none,B1,sac_her_pickandplace_clean_2M
sac_her,object_pose_spoof,4,0.1,-148.0,0.0,0.1086572243722632,150,0.239614650607109,0.8119022846221924,0.0,0.0,4.0,4695,none,B1,sac_her_pickandplace_clean_2M
sac_her,object_pose_spoof,4,0.1,-150.0,0.0,0.0680595390506936,150,0.3210092186927795,0.7934318780899048,0.0,0.0,,4696,none,B1,sac_her_pickandplace_clean_2M
sac_her,object_pose_spoof,4,0.1,-150.0,0.0,0.0569813757522828,150,0.124714471399784,1.0693857669830322,0.0,0.0,,4697,none,B1,sac_her_pickandplace_clean_2M
sac_her,object_pose_spoof,4,0.1,-150.0,0.0,0.0719662210210756,150,0.187807023525238,0.8923766016960144,0.0,0.0,,4698,none,B1,sac_her_pickandplace_clean_2M
sac_her,object_pose_spoof,4,0.1,-150.0,0.0,0.1091131298757058,150,0.0694887042045593,1.0584533214569092,0.0,0.0,,4699,none,B1,sac_her_pickandplace_clean_2M
sac_her,object_pose_spoof,4,0.1,-20.0,1.0,0.0402781821854008,150,0.2981654107570648,1.2991231679916382,0.0,0.0,20.0,4700,none,B1,sac_her_pickandplace_clean_2M
sac_her,object_pose_spoof,4,0.1,-16.0,1.0,0.0443698696913218,150,0.0584471896290779,1.0476670265197754,0.0,0.0,16.0,4701,none,B1,sac_her_pickandplace_clean_2M
sac_her,object_pose_spoof,4,0.1,-146.0,0.0,0.0747329245132423,150,0.0330641716718673,1.1778559684753418,0.0,0.0,2.0,4702,none,B1,sac_her_pickandplace_clean_2M
sac_her,object_pose_spoof,4,0.1,-150.0,0.0,0.0716789616882713,150,0.0741917639970779,1.2371370792388916,0.0,0.0,,4703,none,B1,sac_her_pickandplace_clean_2M
sac_her,object_pose_spoof,4,0.1,-150.0,0.0,0.0947551549563176,150,0.607246458530426,1.132388949394226,0.0,0.0,,4704,none,B1,sac_her_pickandplace_clean_2M
sac_her,object_pose_spoof,4,0.1,-150.0,0.0,0.1039444195825018,150,0.0584005191922187,1.050642013549805,0.0,0.0,,4705,none,B1,sac_her_pickandplace_clean_2M
sac_her,object_pose_spoof,4,0.1,-11.0,1.0,0.0326544826130833,150,0.1484925746917724,1.2480967044830322,0.0,0.0,11.0,4706,none,B1,sac_her_pickandplace_clean_2M
sac_her,object_pose_spoof,4,0.1,-150.0,0.0,0.078198446886904,150,0.0697308480739593,1.0431647300720217,0.0,0.0,,4707,none,B1,sac_her_pickandplace_clean_2M
sac_her,object_pose_spoof,4,0.1,-11.0,1.0,0.042013024064546,150,0.0652502924203872,1.0447194576263428,0.0,0.0,11.0,4708,none,B1,sac_her_pickandplace_clean_2M
sac_her,object_pose_spoof,4,0.1,-18.0,1.0,0.0319484557906861,150,0.0662019476294517,1.0694098472595217,0.0,0.0,18.0,4709,none,B1,sac_her_pickandplace_clean_2M
sac_her,grip_state_falsification,4,0.0,-150.0,0.0,0.4295086272890401,150,1.8324644565582275,1.3676663637161257,0.0,0.0,,4770,none,B1,sac_her_pickandplace_clean_2M
sac_her,grip_state_falsification,4,0.0,-150.0,0.0,0.3070882850946222,150,0.0340831950306892,0.9988594651222228,0.0,0.0,,4771,none,B1,sac_her_pickandplace_clean_2M
sac_her,grip_state_falsification,4,0.0,-150.0,0.0,0.1697158982823617,150,0.7194980382919312,1.0120333433151243,0.0,0.0,,4772,none,B1,sac_her_pickandplace_clean_2M
sac_her,grip_state_falsification,4,0.0,-150.0,0.0,0.4343474150549246,150,0.8789664506912231,1.1111633777618408,0.0,0.0,,4773,none,B1,sac_her_pickandplace_clean_2M
sac_her,grip_state_falsification,4,0.0,-54.0,1.0,0.034542155848391,150,1.251091718673706,1.1608248949050903,0.0,0.0,54.0,4774,none,B1,sac_her_pickandplace_clean_2M
sac_her,grip_state_falsification,4,0.0,-150.0,0.0,0.1966210383641239,150,1.0331954956054688,1.1363749504089355,0.0,0.0,,4775,none,B1,sac_her_pickandplace_clean_2M
sac_her,grip_state_falsification,4,0.0,-150.0,0.0,0.1363500712762692,150,2.036390542984009,1.48682963848114,0.0,0.0,,4776,none,B1,sac_her_pickandplace_clean_2M
sac_her,grip_state_falsification,4,0.0,-150.0,0.0,0.3892672676711604,150,1.6200491189956665,1.2974858283996582,0.0,0.0,,4777,none,B1,sac_her_pickandplace_clean_2M
sac_her,grip_state_falsification,4,0.0,-51.0,1.0,0.0335427869993994,150,0.4233691394329071,0.7159757018089294,0.0,0.0,51.0,4778,none,B1,sac_her_pickandplace_clean_2M
sac_her,grip_state_falsification,4,0.0,-150.0,0.0,0.0513855782656391,150,1.0372238159179688,1.134681224822998,0.0,0.0,,4779,none,B1,sac_her_pickandplace_clean_2M
sac_her,grip_state_falsification,4,0.0,-150.0,0.0,0.1388707878584429,150,0.142007514834404,1.0096054077148438,0.0,0.0,,4780,none,B1,sac_her_pickandplace_clean_2M
sac_her,grip_state_falsification,4,0.0,-150.0,0.0,0.4413383870029088,150,0.750836968421936,1.0865890979766846,0.0,0.0,,4781,none,B1,sac_her_pickandplace_clean_2M
sac_her,grip_state_falsification,4,0.0,-150.0,0.0,0.4497230303156639,150,1.753349542617798,1.3351435661315918,0.0,0.0,,4782,none,B1,sac_her_pickandplace_clean_2M
sac_her,grip_state_falsification,4,0.0,-68.0,1.0,0.0455869907149378,150,1.421196460723877,1.2303247451782229,0.0,0.0,68.0,4783,none,B1,sac_her_pickandplace_clean_2M
sac_her,grip_state_falsification,4,0.0,-150.0,0.0,0.1592938826713044,150,0.0310741532593965,0.9797902703285216,0.0,0.0,,4784,none,B1,sac_her_pickandplace_clean_2M
sac_her,grip_state_falsification,4,0.0,-4.0,1.0,0.0367310755121654,150,0.2151772230863571,0.9982881546020508,0.0,0.0,4.0,4785,none,B1,sac_her_pickandplace_clean_2M
sac_her,grip_state_falsification,4,0.0,-150.0,0.0,0.1528646627693613,150,2.253335952758789,1.5208007097244265,0.0,0.0,,4786,none,B1,sac_her_pickandplace_clean_2M
sac_her,grip_state_falsification,4,0.0,-150.0,0.0,0.4442359995615462,150,1.3538881540298462,1.217069149017334,0.0,0.0,,4787,none,B1,sac_her_pickandplace_clean_2M
sac_her,grip_state_falsification,4,0.0,-89.0,1.0,0.0355090966432666,150,0.9101287126541138,1.136005163192749,0.0,0.0,89.0,4788,none,B1,sac_her_pickandplace_clean_2M
sac_her,grip_state_falsification,4,0.0,-150.0,0.0,0.4243770527675358,150,1.848218321800232,1.3770242929458618,0.0,0.0,,4789,none,B1,sac_her_pickandplace_clean_2M
sac_her,grip_state_falsification,4,0.0,-110.0,1.0,0.0326576093528613,150,0.7801766991615295,1.1175179481506348,0.0,0.0,110.0,4790,none,B1,sac_her_pickandplace_clean_2M
sac_her,grip_state_falsification,4,0.0,-150.0,0.0,0.4431327053117166,150,1.0697940587997437,1.15400493144989,0.0,0.0,,4791,none,B1,sac_her_pickandplace_clean_2M
sac_her,grip_state_falsification,4,0.0,-5.0,1.0,0.0092091181021035,150,2.562162160873413,1.3603490591049194,0.0,0.0,5.0,4792,none,B1,sac_her_pickandplace_clean_2M
sac_her,grip_state_falsification,4,0.0,-150.0,0.0,0.150515130925436,150,0.2468382120132446,1.025874376296997,0.0,0.0,,4793,none,B1,sac_her_pickandplace_clean_2M
sac_her,grip_state_falsification,4,0.0,-150.0,0.0,0.4263347277634866,150,1.154383659362793,1.1617543697357178,0.0,0.0,,4794,none,B1,sac_her_pickandplace_clean_2M
sac_her,grip_state_falsification,4,0.0,-150.0,0.0,0.3662215000153558,150,1.4493783712387085,1.2521551847457886,0.0,0.0,,4795,none,B1,sac_her_pickandplace_clean_2M
sac_her,grip_state_falsification,4,0.0,-8.0,1.0,0.0365321515609528,150,0.0552964508533477,0.8869220018386841,0.0,0.0,8.0,4796,none,B1,sac_her_pickandplace_clean_2M
sac_her,grip_state_falsification,4,0.0,-150.0,0.0,0.2414766116036234,150,1.7892464399337769,1.3534669876098633,0.0,0.0,,4797,none,B1,sac_her_pickandplace_clean_2M
sac_her,grip_state_falsification,4,0.0,-150.0,0.0,0.3040811076016184,150,1.4380851984024048,1.2459595203399658,0.0,0.0,,4798,none,B1,sac_her_pickandplace_clean_2M
sac_her,grip_state_falsification,4,0.0,-150.0,0.0,0.4984169991670304,150,1.2276164293289185,1.1812076568603516,0.0,0.0,,4799,none,B1,sac_her_pickandplace_clean_2M
sac_her,contact_dropout,4,0.0,-150.0,0.0,0.4295086272890401,150,0.0204700604081153,1.2153247594833374,0.0,0.0,,4860,none,B1,sac_her_pickandplace_clean_2M
sac_her,contact_dropout,4,0.0,-150.0,0.0,0.2676570314780934,150,0.0300462488085031,1.5015109777450562,0.0,0.0,,4861,none,B1,sac_her_pickandplace_clean_2M
sac_her,contact_dropout,4,0.0,-150.0,0.0,0.1805411928599704,150,0.0263120383024215,1.2226109504699707,0.0,0.0,,4862,none,B1,sac_her_pickandplace_clean_2M
sac_her,contact_dropout,4,0.0,-150.0,0.0,0.4343474150549246,150,0.0352290831506252,1.3369295597076416,0.0,0.0,,4863,none,B1,sac_her_pickandplace_clean_2M
sac_her,contact_dropout,4,0.0,-150.0,0.0,0.1068484092360447,150,0.0303529053926467,1.2932249307632446,0.0,0.0,,4864,none,B1,sac_her_pickandplace_clean_2M
sac_her,contact_dropout,4,0.0,-150.0,0.0,0.2261682395328582,150,0.0415807105600833,0.8762497901916504,0.0,0.0,,4865,none,B1,sac_her_pickandplace_clean_2M
sac_her,contact_dropout,4,0.0,-150.0,0.0,0.2986576663914672,150,0.0210063774138689,1.2625082731246948,0.0,0.0,,4866,none,B1,sac_her_pickandplace_clean_2M
sac_her,contact_dropout,4,0.0,-150.0,0.0,0.3892672676711604,150,0.0223669111728668,1.0437239408493042,0.0,0.0,,4867,none,B1,sac_her_pickandplace_clean_2M
sac_her,contact_dropout,4,0.0,-150.0,0.0,0.2166554267276113,150,0.0379220619797706,1.1641300916671753,0.0,0.0,,4868,none,B1,sac_her_pickandplace_clean_2M
sac_her,contact_dropout,4,0.0,-150.0,0.0,0.2509328493314462,150,0.028523838147521,1.307179570198059,0.0,0.0,,4869,none,B1,sac_her_pickandplace_clean_2M
sac_her,contact_dropout,4,0.0,-150.0,0.0,0.1750517346496344,150,0.0328638851642608,1.5483219623565674,0.0,0.0,,4870,none,B1,sac_her_pickandplace_clean_2M
sac_her,contact_dropout,4,0.0,-150.0,0.0,0.4413383870029088,150,0.0251399222761392,1.0813546180725098,0.0,0.0,,4871,none,B1,sac_her_pickandplace_clean_2M
sac_her,contact_dropout,4,0.0,-150.0,0.0,0.4497230303156639,150,0.0249243602156639,1.2862052917480469,0.0,0.0,,4872,none,B1,sac_her_pickandplace_clean_2M
sac_her,contact_dropout,4,0.0,-150.0,0.0,0.122400123784964,150,0.0534043535590171,1.3015960454940796,0.0,0.0,,4873,none,B1,sac_her_pickandplace_clean_2M
sac_her,contact_dropout,4,0.0,-150.0,0.0,0.1703734636857056,150,0.0454570017755031,1.4193313121795654,0.0,0.0,,4874,none,B1,sac_her_pickandplace_clean_2M
sac_her,contact_dropout,4,0.0,-150.0,0.0,0.0572526063446548,150,0.0336924716830253,1.5345643758773804,0.0,0.0,,4875,none,B1,sac_her_pickandplace_clean_2M
sac_her,contact_dropout,4,0.0,-150.0,0.0,0.0810191806195431,150,0.0202124956995248,1.187922716140747,0.0,0.0,,4876,none,B1,sac_her_pickandplace_clean_2M
sac_her,contact_dropout,4,0.0,-150.0,0.0,0.4442359995615462,150,0.0200586561113595,1.313731670379639,0.0,0.0,,4877,none,B1,sac_her_pickandplace_clean_2M
sac_her,contact_dropout,4,0.0,-150.0,0.0,0.2099680938524908,150,0.0290503986179828,1.290084719657898,0.0,0.0,,4878,none,B1,sac_her_pickandplace_clean_2M
sac_her,contact_dropout,4,0.0,-150.0,0.0,0.4243770527675358,150,0.0437133572995662,1.064785122871399,0.0,0.0,,4879,none,B1,sac_her_pickandplace_clean_2M
sac_her,contact_dropout,4,0.0,-150.0,0.0,0.1723055609233818,150,0.0255971159785985,1.3292161226272583,0.0,0.0,,4880,none,B1,sac_her_pickandplace_clean_2M
sac_her,contact_dropout,4,0.0,-150.0,0.0,0.4431327053117166,150,0.0267475042492151,1.481660008430481,0.0,0.0,,4881,none,B1,sac_her_pickandplace_clean_2M
sac_her,contact_dropout,4,0.0,-150.0,0.0,0.0721134074063093,150,0.0446596592664718,1.215741753578186,0.0,0.0,,4882,none,B1,sac_her_pickandplace_clean_2M
sac_her,contact_dropout,4,0.0,-150.0,0.0,0.150515130925436,150,0.0261240098625421,1.2757834196090698,0.0,0.0,,4883,none,B1,sac_her_pickandplace_clean_2M
sac_her,contact_dropout,4,0.0,-150.0,0.0,0.4263347277634866,150,0.0275727566331625,1.4650508165359497,0.0,0.0,,4884,none,B1,sac_her_pickandplace_clean_2M
sac_her,contact_dropout,4,0.0,-150.0,0.0,0.3662215000153558,150,0.0274935215711593,1.3106447458267212,0.0,0.0,,4885,none,B1,sac_her_pickandplace_clean_2M
sac_her,contact_dropout,4,0.0,-150.0,0.0,0.1437793465619575,150,0.0396340601146221,1.1552696228027344,0.0,0.0,,4886,none,B1,sac_her_pickandplace_clean_2M
sac_her,contact_dropout,4,0.0,-150.0,0.0,0.2414766116036234,150,0.0339709185063838,0.994567334651947,0.0,0.0,,4887,none,B1,sac_her_pickandplace_clean_2M
sac_her,contact_dropout,4,0.0,-150.0,0.0,0.3040811076016184,150,0.0281979162245988,0.9415494799613952,0.0,0.0,,4888,none,B1,sac_her_pickandplace_clean_2M
sac_her,contact_dropout,4,0.0,-150.0,0.0,0.4984169991670304,150,0.0255105160176754,1.5138607025146484,0.0,0.0,,4889,none,B1,sac_her_pickandplace_clean_2M
