episode_idx,failure_mode,condition,seed,success,final_distance,first_success_step,model
0,grasped_but_dropped,clean,0,0.0,0.3422560669025559,,randomized_2M
1,never_reached_object,clean,0,0.0,0.3884547695970575,,randomized_2M
2,never_reached_object,clean,0,0.0,0.2364647540081676,,randomized_2M
3,never_reached_object,clean,0,0.0,0.3213978804705762,,randomized_2M
4,never_reached_object,clean,0,0.0,0.3833991408667048,,randomized_2M
5,never_reached_object,clean,0,0.0,0.2566632391824746,,randomized_2M
6,success,clean,0,1.0,0.0456685530344072,8.0,randomized_2M
7,success,clean,0,1.0,0.0290579154936897,10.0,randomized_2M
8,never_reached_object,clean,0,0.0,0.2058833233297693,,randomized_2M
9,reached_but_failed_grasp,clean,0,1.0,0.0173536016262597,16.0,randomized_2M
10,never_reached_object,clean,0,0.0,0.3129097043258147,,randomized_2M
11,never_reached_object,clean,0,0.0,0.8328418353932158,,randomized_2M
12,never_reached_object,clean,0,0.0,0.3799650320755521,,randomized_2M
13,reached_but_failed_grasp,clean,0,1.0,0.0109984777651038,14.0,randomized_2M
14,reached_but_failed_grasp,clean,0,1.0,0.0277455797096269,12.0,randomized_2M
15,never_reached_object,clean,0,0.0,0.4111389638095413,,randomized_2M
16,success,clean,0,1.0,0.0032591628726741,9.0,randomized_2M
17,never_reached_object,clean,0,0.0,0.2200316888638789,,randomized_2M
18,success,clean,0,1.0,0.0100008528620726,11.0,randomized_2M
19,success,clean,0,1.0,0.0201889363748601,34.0,randomized_2M
20,reached_but_failed_grasp,clean,0,1.0,0.0339651839593246,19.0,randomized_2M
21,never_reached_object,clean,0,0.0,0.508012960487553,,randomized_2M
22,divergent_transport,clean,0,0.0,0.0502408695619461,11.0,randomized_2M
23,never_reached_object,clean,0,0.0,0.4219135440886297,,randomized_2M
24,never_reached_object,clean,0,0.0,0.4796817585036592,,randomized_2M
25,never_reached_object,clean,0,0.0,0.4596373729419731,,randomized_2M
26,never_reached_object,clean,0,0.0,0.3386463014797066,,randomized_2M
27,never_reached_object,clean,0,0.0,0.3098377992113302,,randomized_2M
28,never_reached_object,clean,0,0.0,0.4706383277021961,,randomized_2M
29,never_reached_object,clean,0,0.0,0.2375975126520051,,randomized_2M
90,never_reached_object,sensor_dropout,0,0.0,0.3549225360528287,,randomized_2M
91,never_reached_object,sensor_dropout,0,0.0,0.3884547695970575,,randomized_2M
92,never_reached_object,sensor_dropout,0,0.0,0.2364647540081676,,randomized_2M
93,never_reached_object,sensor_dropout,0,0.0,0.3213978804705762,,randomized_2M
94,never_reached_object,sensor_dropout,0,0.0,0.3833991408667048,,randomized_2M
95,never_reached_object,sensor_dropout,0,0.0,0.2566632391824746,,randomized_2M
96,never_reached_object,sensor_dropout,0,0.0,0.1327306197333847,,randomized_2M
97,never_reached_object,sensor_dropout,0,0.0,0.2066018563784001,,randomized_2M
98,never_reached_object,sensor_dropout,0,0.0,0.2058833233297693,,randomized_2M
99,reached_but_failed_grasp,sensor_dropout,0,0.0,0.8963894207921478,,randomized_2M
100,never_reached_object,sensor_dropout,0,0.0,0.3129097043258147,,randomized_2M
101,never_reached_object,sensor_dropout,0,0.0,0.2001507977261797,,randomized_2M
102,never_reached_object,sensor_dropout,0,0.0,0.3799650320755521,,randomized_2M
103,never_reached_object,sensor_dropout,0,0.0,0.1788857498375788,,randomized_2M
104,reached_but_failed_grasp,sensor_dropout,0,0.0,0.3299495069220616,,randomized_2M
105,never_reached_object,sensor_dropout,0,0.0,0.4111389638095413,,randomized_2M
106,never_reached_object,sensor_dropout,0,0.0,0.186082454838959,,randomized_2M
107,never_reached_object,sensor_dropout,0,0.0,0.2200316888638789,,randomized_2M
108,never_reached_object,sensor_dropout,0,0.0,0.2521079292661852,,randomized_2M
109,never_reached_object,sensor_dropout,0,0.0,0.2634386735484078,,randomized_2M
110,reached_but_failed_grasp,sensor_dropout,0,0.0,0.228971688460328,,randomized_2M
111,never_reached_object,sensor_dropout,0,0.0,0.508012960487553,,randomized_2M
112,never_reached_object,sensor_dropout,0,0.0,0.1498067725970526,,randomized_2M
113,never_reached_object,sensor_dropout,0,0.0,0.4219135440886297,,randomized_2M
114,reached_but_failed_grasp,sensor_dropout,0,0.0,0.4859638945815088,,randomized_2M
115,never_reached_object,sensor_dropout,0,0.0,0.4596373729419731,,randomized_2M
116,never_reached_object,sensor_dropout,0,0.0,0.3386463014797066,,randomized_2M
117,never_reached_object,sensor_dropout,0,0.0,0.3098377992113302,,randomized_2M
118,never_reached_object,sensor_dropout,0,0.0,0.4706383277021961,,randomized_2M
119,never_reached_object,sensor_dropout,0,0.0,0.2375975126520051,,randomized_2M
180,never_reached_object,sensor_bias,0,0.0,0.3549225360528287,,randomized_2M
181,never_reached_object,sensor_bias,0,0.0,0.3884547695970575,,randomized_2M
182,never_reached_object,sensor_bias,0,0.0,0.2364647540081676,,randomized_2M
183,never_reached_object,sensor_bias,0,0.0,0.3213978804705762,,randomized_2M
184,never_reached_object,sensor_bias,0,0.0,0.3833991408667048,,randomized_2M
185,never_reached_object,sensor_bias,0,0.0,0.2566632391824746,,randomized_2M
186,never_reached_object,sensor_bias,0,0.0,0.1327306197333847,,randomized_2M
187,reached_but_failed_grasp,sensor_bias,0,0.0,0.2294888637566563,,randomized_2M
188,never_reached_object,sensor_bias,0,0.0,0.2058833233297693,,randomized_2M
189,reached_but_failed_grasp,sensor_bias,0,0.0,0.6530026154121429,,randomized_2M
190,never_reached_object,sensor_bias,0,0.0,0.3129097043258147,,randomized_2M
191,reached_but_failed_grasp,sensor_bias,0,0.0,0.8545281657451502,,randomized_2M
192,never_reached_object,sensor_bias,0,0.0,0.3799650320755521,,randomized_2M
193,reached_but_failed_grasp,sensor_bias,0,1.0,0.0156915722317372,23.0,randomized_2M
194,reached_but_failed_grasp,sensor_bias,0,0.0,0.1497907056490024,,randomized_2M
195,never_reached_object,sensor_bias,0,0.0,0.4111389638095413,,randomized_2M
196,never_reached_object,sensor_bias,0,0.0,0.186082454838959,,randomized_2M
197,never_reached_object,sensor_bias,0,0.0,0.2200316888638789,,randomized_2M
198,never_reached_object,sensor_bias,0,0.0,0.2521079292661852,,randomized_2M
199,reached_but_failed_grasp,sensor_bias,0,0.0,0.1945644671177416,,randomized_2M
200,never_reached_object,sensor_bias,0,0.0,0.3250544835740189,,randomized_2M
201,never_reached_object,sensor_bias,0,0.0,0.508012960487553,,randomized_2M
202,never_reached_object,sensor_bias,0,0.0,0.1498067725970526,,randomized_2M
203,never_reached_object,sensor_bias,0,0.0,0.4219135440886297,,randomized_2M
204,reached_but_failed_grasp,sensor_bias,0,0.0,0.5282717455354856,,randomized_2M
205,never_reached_object,sensor_bias,0,0.0,0.4596373729419731,,randomized_2M
206,never_reached_object,sensor_bias,0,0.0,0.3386463014797066,,randomized_2M
207,never_reached_object,sensor_bias,0,0.0,0.3098377992113302,,randomized_2M
208,never_reached_object,sensor_bias,0,0.0,0.4706383277021961,,randomized_2M
209,never_reached_object,sensor_bias,0,0.0,0.2375975126520051,,randomized_2M
270,reached_but_failed_grasp,action_clipping,0,0.0,0.3549225360528287,,randomized_2M
271,never_reached_object,action_clipping,0,0.0,0.3884547695970575,,randomized_2M
272,never_reached_object,action_clipping,0,0.0,0.2364647540081676,,randomized_2M
273,never_reached_object,action_clipping,0,0.0,0.3213978804705762,,randomized_2M
274,never_reached_object,action_clipping,0,0.0,0.3833991408667048,,randomized_2M
275,never_reached_object,action_clipping,0,0.0,0.2566632391824746,,randomized_2M
276,success,action_clipping,0,1.0,0.0252042936611852,28.0,randomized_2M
277,success,action_clipping,0,1.0,0.0323562037969504,33.0,randomized_2M
278,never_reached_object,action_clipping,0,0.0,0.2058833233297693,,randomized_2M
279,success,action_clipping,0,1.0,0.0332981388832614,55.0,randomized_2M
280,never_reached_object,action_clipping,0,0.0,0.3129097043258147,,randomized_2M
281,reached_but_failed_grasp,action_clipping,0,1.0,0.0305028472740348,59.0,randomized_2M
282,never_reached_object,action_clipping,0,0.0,0.3799650320755521,,randomized_2M
283,reached_but_failed_grasp,action_clipping,0,1.0,0.0177382277019408,27.0,randomized_2M
284,reached_but_failed_grasp,action_clipping,0,0.0,0.0686624100700293,,randomized_2M
285,never_reached_object,action_clipping,0,0.0,0.4111389638095413,,randomized_2M
286,never_reached_object,action_clipping,0,0.0,0.0771805279167267,,randomized_2M
287,never_reached_object,action_clipping,0,0.0,0.2200316888638789,,randomized_2M
288,success,action_clipping,0,1.0,0.0064147912742747,34.0,randomized_2M
289,reached_but_failed_grasp,action_clipping,0,0.0,0.2634386735484078,,randomized_2M
290,success,action_clipping,0,1.0,0.0101636641552473,30.0,randomized_2M
291,never_reached_object,action_clipping,0,0.0,0.508012960487553,,randomized_2M
292,grasped_but_dropped,action_clipping,0,1.0,0.003345634167139,72.0,randomized_2M
293,never_reached_object,action_clipping,0,0.0,0.4219135440886297,,randomized_2M
294,never_reached_object,action_clipping,0,0.0,0.4796817585036592,,randomized_2M
295,never_reached_object,action_clipping,0,0.0,0.4596373729419731,,randomized_2M
296,never_reached_object,action_clipping,0,0.0,0.3386463014797066,,randomized_2M
297,never_reached_object,action_clipping,0,0.0,0.3098377992113302,,randomized_2M
298,never_reached_object,action_clipping,0,0.0,0.4706383277021961,,randomized_2M
299,never_reached_object,action_clipping,0,0.0,0.2375975126520051,,randomized_2M
360,reached_but_failed_grasp,action_delay,0,1.0,0.0226253170524844,20.0,randomized_2M
361,never_reached_object,action_delay,0,0.0,0.3884547695970575,,randomized_2M
362,never_reached_object,action_delay,0,0.0,0.2364647540081676,,randomized_2M
363,never_reached_object,action_delay,0,0.0,0.3213978804705762,,randomized_2M
364,never_reached_object,action_delay,0,0.0,0.3833991408667048,,randomized_2M
365,never_reached_object,action_delay,0,0.0,0.2566632391824746,,randomized_2M
366,reached_but_failed_grasp,action_delay,0,1.0,0.0247459716211476,27.0,randomized_2M
367,grasped_but_dropped,action_delay,0,1.0,0.0109532428462316,31.0,randomized_2M
368,never_reached_object,action_delay,0,0.0,0.2058833233297693,,randomized_2M
369,reached_but_failed_grasp,action_delay,0,1.0,0.0262722796620571,75.0,randomized_2M
370,never_reached_object,action_delay,0,0.0,0.3129097043258147,,randomized_2M
371,success,action_delay,0,1.0,0.0133303180459008,21.0,randomized_2M
372,never_reached_object,action_delay,0,0.0,0.3799650320755521,,randomized_2M
373,divergent_transport,action_delay,0,0.0,0.1253198082191919,23.0,randomized_2M
374,reached_but_failed_grasp,action_delay,0,1.0,0.0122516582029127,60.0,randomized_2M
375,never_reached_object,action_delay,0,0.0,0.4111389638095413,,randomized_2M
376,reached_but_failed_grasp,action_delay,0,1.0,0.0290926217573956,13.0,randomized_2M
377,never_reached_object,action_delay,0,0.0,0.2200316888638789,,randomized_2M
378,reached_but_failed_grasp,action_delay,0,0.0,0.5177812117332029,14.0,randomized_2M
379,grasped_but_dropped,action_delay,0,0.0,0.6913745406034678,,randomized_2M
380,reached_but_failed_grasp,action_delay,0,1.0,0.0119170724194849,12.0,randomized_2M
381,never_reached_object,action_delay,0,0.0,0.508012960487553,,randomized_2M
382,reached_but_failed_grasp,action_delay,0,0.0,0.1552812405655773,22.0,randomized_2M
383,never_reached_object,action_delay,0,0.0,0.4219135440886297,,randomized_2M
384,never_reached_object,action_delay,0,0.0,0.4796817585036592,,randomized_2M
385,never_reached_object,action_delay,0,0.0,0.4596373729419731,,randomized_2M
386,never_reached_object,action_delay,0,0.0,0.3386463014797066,,randomized_2M
387,never_reached_object,action_delay,0,0.0,0.3098377992113302,,randomized_2M
388,never_reached_object,action_delay,0,0.0,0.4706383277021961,,randomized_2M
389,never_reached_object,action_delay,0,0.0,0.2375975126520051,,randomized_2M
450,never_reached_object,action_reversal,0,0.0,0.3549225360528287,,randomized_2M
451,never_reached_object,action_reversal,0,0.0,0.3884547695970575,,randomized_2M
452,never_reached_object,action_reversal,0,0.0,0.2364647540081676,,randomized_2M
453,reached_but_failed_grasp,action_reversal,0,0.0,0.9199222245098448,,randomized_2M
454,never_reached_object,action_reversal,0,0.0,0.3833991408667048,,randomized_2M
455,never_reached_object,action_reversal,0,0.0,0.2566632391824746,,randomized_2M
456,never_reached_object,action_reversal,0,0.0,0.1327306197333847,,randomized_2M
457,never_reached_object,action_reversal,0,0.0,0.2066018563784001,,randomized_2M
458,never_reached_object,action_reversal,0,0.0,0.2058833233297693,,randomized_2M
459,never_reached_object,action_reversal,0,0.0,0.1676100894760241,,randomized_2M
460,never_reached_object,action_reversal,0,0.0,0.3129097043258147,,randomized_2M
461,never_reached_object,action_reversal,0,0.0,0.2001507977261797,,randomized_2M
462,never_reached_object,action_reversal,0,0.0,0.3799650320755521,,randomized_2M
463,never_reached_object,action_reversal,0,0.0,0.1788857498375788,,randomized_2M
464,never_reached_object,action_reversal,0,0.0,0.154614811366096,,randomized_2M
465,never_reached_object,action_reversal,0,0.0,0.4111389638095413,,randomized_2M
466,never_reached_object,action_reversal,0,0.0,0.186082454838959,,randomized_2M
467,never_reached_object,action_reversal,0,0.0,0.2200316888638789,,randomized_2M
468,never_reached_object,action_reversal,0,0.0,0.2521079292661852,,randomized_2M
469,never_reached_object,action_reversal,0,0.0,0.2634386735484078,,randomized_2M
470,never_reached_object,action_reversal,0,0.0,0.1604367988897489,,randomized_2M
471,never_reached_object,action_reversal,0,0.0,0.508012960487553,,randomized_2M
472,never_reached_object,action_reversal,0,0.0,0.1498067725970526,,randomized_2M
473,never_reached_object,action_reversal,0,0.0,0.4219135440886297,,randomized_2M
474,never_reached_object,action_reversal,0,0.0,0.4796817585036592,,randomized_2M
475,never_reached_object,action_reversal,0,0.0,0.4596373729419731,,randomized_2M
476,never_reached_object,action_reversal,0,0.0,0.3386463014797066,,randomized_2M
477,never_reached_object,action_reversal,0,0.0,0.3098377992113302,,randomized_2M
478,never_reached_object,action_reversal,0,0.0,0.4706383277021961,,randomized_2M
479,never_reached_object,action_reversal,0,0.0,0.2375975126520051,,randomized_2M
540,grasped_but_dropped,goal_spoof_immediate,0,0.0,0.8929051599127334,,randomized_2M
541,never_reached_object,goal_spoof_immediate,0,0.0,0.3884547695970575,,randomized_2M
542,never_reached_object,goal_spoof_immediate,0,0.0,0.2364647540081676,,randomized_2M
543,never_reached_object,goal_spoof_immediate,0,0.0,0.3213978804705762,,randomized_2M
544,never_reached_object,goal_spoof_immediate,0,0.0,0.3833991408667048,,randomized_2M
545,never_reached_object,goal_spoof_immediate,0,0.0,0.2566632391824746,,randomized_2M
546,grasped_but_dropped,goal_spoof_immediate,0,0.0,0.0818841380283904,50.0,randomized_2M
547,reached_but_failed_grasp,goal_spoof_immediate,0,0.0,0.2044651721119249,,randomized_2M
548,never_reached_object,goal_spoof_immediate,0,0.0,0.2058833233297693,,randomized_2M
549,grasped_but_dropped,goal_spoof_immediate,0,0.0,0.0517302867716231,30.0,randomized_2M
550,never_reached_object,goal_spoof_immediate,0,0.0,0.3129097043258147,,randomized_2M
551,spoofed_goal,goal_spoof_immediate,0,0.0,0.0658187661135282,27.0,randomized_2M
552,never_reached_object,goal_spoof_immediate,0,0.0,0.3799650320755521,,randomized_2M
553,reached_but_failed_grasp,goal_spoof_immediate,0,0.0,0.1759775012057678,,randomized_2M
554,reached_but_failed_grasp,goal_spoof_immediate,0,0.0,0.1268329957044269,,randomized_2M
555,never_reached_object,goal_spoof_immediate,0,0.0,0.4111389638095413,,randomized_2M
556,grasped_but_dropped,goal_spoof_immediate,0,0.0,0.0884288127314557,,randomized_2M
557,never_reached_object,goal_spoof_immediate,0,0.0,0.2200316888638789,,randomized_2M
558,spoofed_goal,goal_spoof_immediate,0,0.0,0.5162593144894047,34.0,randomized_2M
559,grasped_but_dropped,goal_spoof_immediate,0,0.0,0.052549306106487,,randomized_2M
560,reached_but_failed_grasp,goal_spoof_immediate,0,0.0,0.1660565278656782,,randomized_2M
561,never_reached_object,goal_spoof_immediate,0,0.0,0.508012960487553,,randomized_2M
562,never_reached_object,goal_spoof_immediate,0,0.0,0.1423350520941485,,randomized_2M
563,never_reached_object,goal_spoof_immediate,0,0.0,0.4219135440886297,,randomized_2M
564,never_reached_object,goal_spoof_immediate,0,0.0,0.4796817585036592,,randomized_2M
565,never_reached_object,goal_spoof_immediate,0,0.0,0.4596373729419731,,randomized_2M
566,never_reached_object,goal_spoof_immediate,0,0.0,0.3386463014797066,,randomized_2M
567,reached_but_failed_grasp,goal_spoof_immediate,0,0.0,0.5525600056649352,,randomized_2M
568,never_reached_object,goal_spoof_immediate,0,0.0,0.4706383277021961,,randomized_2M
569,never_reached_object,goal_spoof_immediate,0,0.0,0.2375975126520051,,randomized_2M
630,grasped_but_dropped,goal_spoof_midep,0,0.0,0.3422560669025559,,randomized_2M
631,never_reached_object,goal_spoof_midep,0,0.0,0.3884547695970575,,randomized_2M
632,never_reached_object,goal_spoof_midep,0,0.0,0.2364647540081676,,randomized_2M
633,never_reached_object,goal_spoof_midep,0,0.0,0.3213978804705762,,randomized_2M
634,never_reached_object,goal_spoof_midep,0,0.0,0.3833991408667048,,randomized_2M
635,never_reached_object,goal_spoof_midep,0,0.0,0.2566632391824746,,randomized_2M
636,spoofed_goal,goal_spoof_midep,0,0.0,0.0543123632028831,8.0,randomized_2M
637,spoofed_goal,goal_spoof_midep,0,0.0,0.5460157332573626,10.0,randomized_2M
638,never_reached_object,goal_spoof_midep,0,0.0,0.2058833233297693,,randomized_2M
639,reached_but_failed_grasp,goal_spoof_midep,0,1.0,0.0173536016262597,16.0,randomized_2M
640,never_reached_object,goal_spoof_midep,0,0.0,0.3129097043258147,,randomized_2M
641,never_reached_object,goal_spoof_midep,0,0.0,0.8328418353932158,,randomized_2M
642,never_reached_object,goal_spoof_midep,0,0.0,0.3799650320755521,,randomized_2M
643,reached_but_failed_grasp,goal_spoof_midep,0,0.0,0.0707429021126566,14.0,randomized_2M
644,reached_but_failed_grasp,goal_spoof_midep,0,1.0,0.0362441464746286,12.0,randomized_2M
645,never_reached_object,goal_spoof_midep,0,0.0,0.4111389638095413,,randomized_2M
646,spoofed_goal,goal_spoof_midep,0,0.0,0.0907257641206316,9.0,randomized_2M
647,never_reached_object,goal_spoof_midep,0,0.0,0.2200316888638789,,randomized_2M
648,success,goal_spoof_midep,0,1.0,0.0451249522053549,11.0,randomized_2M
649,success,goal_spoof_midep,0,1.0,0.0318855992928874,34.0,randomized_2M
650,reached_but_failed_grasp,goal_spoof_midep,0,0.0,0.1185500238981016,19.0,randomized_2M
651,never_reached_object,goal_spoof_midep,0,0.0,0.508012960487553,,randomized_2M
652,spoofed_goal,goal_spoof_midep,0,0.0,0.0502408695619461,11.0,randomized_2M
653,never_reached_object,goal_spoof_midep,0,0.0,0.4219135440886297,,randomized_2M
654,never_reached_object,goal_spoof_midep,0,0.0,0.4796817585036592,,randomized_2M
655,never_reached_object,goal_spoof_midep,0,0.0,0.4596373729419731,,randomized_2M
656,never_reached_object,goal_spoof_midep,0,0.0,0.3386463014797066,,randomized_2M
657,never_reached_object,goal_spoof_midep,0,0.0,0.3098377992113302,,randomized_2M
658,never_reached_object,goal_spoof_midep,0,0.0,0.4706383277021961,,randomized_2M
659,never_reached_object,goal_spoof_midep,0,0.0,0.2375975126520051,,randomized_2M
720,grasped_but_dropped,object_pose_spoof,0,0.0,0.8191618643017132,,randomized_2M
721,never_reached_object,object_pose_spoof,0,0.0,0.3884547695970575,,randomized_2M
722,never_reached_object,object_pose_spoof,0,0.0,0.2364647540081676,,randomized_2M
723,never_reached_object,object_pose_spoof,0,0.0,0.3213978804705762,,randomized_2M
724,never_reached_object,object_pose_spoof,0,0.0,0.3833991408667048,,randomized_2M
725,never_reached_object,object_pose_spoof,0,0.0,0.2566632391824746,,randomized_2M
726,reached_but_failed_grasp,object_pose_spoof,0,0.0,0.0735294933548423,,randomized_2M
727,reached_but_failed_grasp,object_pose_spoof,0,0.0,0.074839923957227,,randomized_2M
728,never_reached_object,object_pose_spoof,0,0.0,0.2058833233297693,,randomized_2M
729,reached_but_failed_grasp,object_pose_spoof,0,0.0,0.919375388395826,12.0,randomized_2M
730,never_reached_object,object_pose_spoof,0,0.0,0.3129097043258147,,randomized_2M
731,divergent_transport,object_pose_spoof,0,0.0,0.1122016302435594,,randomized_2M
732,never_reached_object,object_pose_spoof,0,0.0,0.3799650320755521,,randomized_2M
733,reached_but_failed_grasp,object_pose_spoof,0,0.0,0.1017263801069153,,randomized_2M
734,reached_but_failed_grasp,object_pose_spoof,0,0.0,0.8060825322227995,,randomized_2M
735,never_reached_object,object_pose_spoof,0,0.0,0.4111389638095413,,randomized_2M
736,reached_but_failed_grasp,object_pose_spoof,0,0.0,0.0670716980078774,15.0,randomized_2M
737,never_reached_object,object_pose_spoof,0,0.0,0.2200316888638789,,randomized_2M
738,grasped_but_dropped,object_pose_spoof,0,0.0,0.0817069991964299,,randomized_2M
739,reached_but_failed_grasp,object_pose_spoof,0,0.0,0.1784059305915201,,randomized_2M
740,reached_but_failed_grasp,object_pose_spoof,0,1.0,0.025126734473368,16.0,randomized_2M
741,never_reached_object,object_pose_spoof,0,0.0,0.508012960487553,,randomized_2M
742,never_reached_object,object_pose_spoof,0,1.0,0.0414411156024674,10.0,randomized_2M
743,never_reached_object,object_pose_spoof,0,0.0,0.4219135440886297,,randomized_2M
744,never_reached_object,object_pose_spoof,0,0.0,0.4796817585036592,,randomized_2M
745,never_reached_object,object_pose_spoof,0,0.0,0.4596373729419731,,randomized_2M
746,never_reached_object,object_pose_spoof,0,0.0,0.3386463014797066,,randomized_2M
747,never_reached_object,object_pose_spoof,0,0.0,0.3098377992113302,,randomized_2M
748,never_reached_object,object_pose_spoof,0,0.0,0.4706383277021961,,randomized_2M
749,never_reached_object,object_pose_spoof,0,0.0,0.2375975126520051,,randomized_2M
810,reached_but_failed_grasp,grip_state_falsification,0,0.0,0.3549225360528287,,randomized_2M
811,never_reached_object,grip_state_falsification,0,0.0,0.3884547695970575,,randomized_2M
812,never_reached_object,grip_state_falsification,0,0.0,0.2364647540081676,,randomized_2M
813,never_reached_object,grip_state_falsification,0,0.0,0.3213978804705762,,randomized_2M
814,never_reached_object,grip_state_falsification,0,0.0,0.3833991408667048,,randomized_2M
815,never_reached_object,grip_state_falsification,0,0.0,0.2566632391824746,,randomized_2M
816,grasped_but_dropped,grip_state_falsification,0,1.0,0.0398951349117523,34.0,randomized_2M
817,divergent_transport,grip_state_falsification,0,0.0,0.547453982180449,12.0,randomized_2M
818,never_reached_object,grip_state_falsification,0,0.0,0.2058833233297693,,randomized_2M
819,success,grip_state_falsification,0,1.0,0.0117095711366121,15.0,randomized_2M
820,never_reached_object,grip_state_falsification,0,0.0,0.3129097043258147,,randomized_2M
821,never_reached_object,grip_state_falsification,0,0.0,0.676519938069509,,randomized_2M
822,never_reached_object,grip_state_falsification,0,0.0,0.3799650320755521,,randomized_2M
823,reached_but_failed_grasp,grip_state_falsification,0,1.0,0.0222379483133946,10.0,randomized_2M
824,reached_but_failed_grasp,grip_state_falsification,0,1.0,0.0259262174507614,9.0,randomized_2M
825,never_reached_object,grip_state_falsification,0,0.0,0.4111389638095413,,randomized_2M
826,reached_but_failed_grasp,grip_state_falsification,0,1.0,0.0170797978982161,8.0,randomized_2M
827,never_reached_object,grip_state_falsification,0,0.0,0.2200316888638789,,randomized_2M
828,reached_but_failed_grasp,grip_state_falsification,0,0.0,0.0596600617065719,11.0,randomized_2M
829,reached_but_failed_grasp,grip_state_falsification,0,0.0,0.263900558282546,,randomized_2M
830,reached_but_failed_grasp,grip_state_falsification,0,0.0,0.7899687387666645,,randomized_2M
831,never_reached_object,grip_state_falsification,0,0.0,0.508012960487553,,randomized_2M
832,never_reached_object,grip_state_falsification,0,0.0,0.6356679274284188,,randomized_2M
833,never_reached_object,grip_state_falsification,0,0.0,0.4219135440886297,,randomized_2M
834,never_reached_object,grip_state_falsification,0,0.0,0.4796817585036592,,randomized_2M
835,never_reached_object,grip_state_falsification,0,0.0,0.4596373729419731,,randomized_2M
836,never_reached_object,grip_state_falsification,0,0.0,0.3386463014797066,,randomized_2M
837,never_reached_object,grip_state_falsification,0,0.0,0.3098377992113302,,randomized_2M
838,never_reached_object,grip_state_falsification,0,0.0,0.4706383277021961,,randomized_2M
839,never_reached_object,grip_state_falsification,0,0.0,0.2375975126520051,,randomized_2M
900,never_reached_object,contact_dropout,0,0.0,0.3549225360528287,,randomized_2M
901,never_reached_object,contact_dropout,0,0.0,0.3884547695970575,,randomized_2M
902,never_reached_object,contact_dropout,0,0.0,0.2364647540081676,,randomized_2M
903,never_reached_object,contact_dropout,0,0.0,0.3213978804705762,,randomized_2M
904,never_reached_object,contact_dropout,0,0.0,0.3833991408667048,,randomized_2M
905,never_reached_object,contact_dropout,0,0.0,0.2566632391824746,,randomized_2M
906,never_reached_object,contact_dropout,0,0.0,0.1327306197333847,,randomized_2M
907,never_reached_object,contact_dropout,0,0.0,0.2066018563784001,,randomized_2M
908,never_reached_object,contact_dropout,0,0.0,0.2058833233297693,,randomized_2M
909,reached_but_failed_grasp,contact_dropout,0,0.0,0.1928238108574841,,randomized_2M
910,never_reached_object,contact_dropout,0,0.0,0.3129097043258147,,randomized_2M
911,never_reached_object,contact_dropout,0,0.0,0.2001507977261797,,randomized_2M
912,never_reached_object,contact_dropout,0,0.0,0.3799650320755521,,randomized_2M
913,never_reached_object,contact_dropout,0,0.0,0.1788857498375788,,randomized_2M
914,never_reached_object,contact_dropout,0,0.0,0.2103394451135651,,randomized_2M
915,never_reached_object,contact_dropout,0,0.0,0.4111389638095413,,randomized_2M
916,never_reached_object,contact_dropout,0,0.0,0.186082454838959,,randomized_2M
917,never_reached_object,contact_dropout,0,0.0,0.2200316888638789,,randomized_2M
918,never_reached_object,contact_dropout,0,0.0,0.2521079292661852,,randomized_2M
919,never_reached_object,contact_dropout,0,0.0,0.2634386735484078,,randomized_2M
920,never_reached_object,contact_dropout,0,0.0,0.1604367988897489,,randomized_2M
921,never_reached_object,contact_dropout,0,0.0,0.508012960487553,,randomized_2M
922,never_reached_object,contact_dropout,0,0.0,0.1498067725970526,,randomized_2M
923,never_reached_object,contact_dropout,0,0.0,0.4219135440886297,,randomized_2M
924,never_reached_object,contact_dropout,0,0.0,0.4796817585036592,,randomized_2M
925,never_reached_object,contact_dropout,0,0.0,0.4596373729419731,,randomized_2M
926,never_reached_object,contact_dropout,0,0.0,0.3386463014797066,,randomized_2M
927,never_reached_object,contact_dropout,0,0.0,0.3098377992113302,,randomized_2M
928,reached_but_failed_grasp,contact_dropout,0,0.0,0.5181620134206536,,randomized_2M
929,never_reached_object,contact_dropout,0,0.0,0.2375975126520051,,randomized_2M
990,success,clean,1,1.0,0.0125535583546335,36.0,randomized_2M
991,reached_but_failed_grasp,clean,1,1.0,0.0110807167434046,7.0,randomized_2M
992,never_reached_object,clean,1,0.0,0.4561277308732482,,randomized_2M
993,grasped_but_dropped,clean,1,1.0,0.0284624480207403,36.0,randomized_2M
994,success,clean,1,1.0,0.0153488232899631,77.0,randomized_2M
995,never_reached_object,clean,1,0.0,0.4533811987190141,,randomized_2M
996,never_reached_object,clean,1,0.0,0.3227130596495864,,randomized_2M
997,grasped_but_dropped,clean,1,0.0,0.6689049329428928,,randomized_2M
998,never_reached_object,clean,1,0.0,0.3195959526341559,,randomized_2M
999,reached_but_failed_grasp,clean,1,0.0,0.0776903818618611,,randomized_2M
1000,reached_but_failed_grasp,clean,1,1.0,0.0118010567449921,7.0,randomized_2M
1001,never_reached_object,clean,1,0.0,0.4018677051907181,,randomized_2M
1002,never_reached_object,clean,1,0.0,0.4918674881782117,,randomized_2M
1003,reached_but_failed_grasp,clean,1,1.0,0.0082868323473461,8.0,randomized_2M
1004,reached_but_failed_grasp,clean,1,1.0,0.0235403444648985,11.0,randomized_2M
1005,divergent_transport,clean,1,0.0,0.0833974907571086,29.0,randomized_2M
1006,reached_but_failed_grasp,clean,1,1.0,0.0150224540753362,10.0,randomized_2M
1007,never_reached_object,clean,1,0.0,0.3300242720177412,,randomized_2M
1008,never_reached_object,clean,1,0.0,0.4206441292022121,,randomized_2M
1009,never_reached_object,clean,1,0.0,0.2765350258111732,,randomized_2M
1010,reached_but_failed_grasp,clean,1,1.0,0.0203497905979764,12.0,randomized_2M
1011,never_reached_object,clean,1,0.0,0.1346881951449397,,randomized_2M
1012,reached_but_failed_grasp,clean,1,0.0,0.0571660722118248,,randomized_2M
1013,never_reached_object,clean,1,0.0,0.0532946240255792,7.0,randomized_2M
1014,reached_but_failed_grasp,clean,1,1.0,0.0119512824638714,3.0,randomized_2M
1015,success,clean,1,1.0,0.0179588305611548,13.0,randomized_2M
1016,never_reached_object,clean,1,0.0,0.368293308242639,,randomized_2M
1017,divergent_transport,clean,1,0.0,0.7007413366416381,20.0,randomized_2M
1018,never_reached_object,clean,1,0.0,0.4719895919932224,,randomized_2M
1019,never_reached_object,clean,1,0.0,0.4156038630093016,,randomized_2M
1080,never_reached_object,sensor_dropout,1,0.0,0.2332914222106347,,randomized_2M
1081,never_reached_object,sensor_dropout,1,0.0,0.4744715932825123,,randomized_2M
1082,never_reached_object,sensor_dropout,1,0.0,0.4561277308732482,,randomized_2M
1083,never_reached_object,sensor_dropout,1,0.0,0.3042911997167348,,randomized_2M
1084,never_reached_object,sensor_dropout,1,0.0,0.2525469650993401,,randomized_2M
1085,never_reached_object,sensor_dropout,1,0.0,0.4533811987190141,,randomized_2M
1086,never_reached_object,sensor_dropout,1,0.0,0.3227130596495864,,randomized_2M
1087,never_reached_object,sensor_dropout,1,0.0,0.2748498705844067,,randomized_2M
1088,never_reached_object,sensor_dropout,1,0.0,0.3195959526341559,,randomized_2M
1089,never_reached_object,sensor_dropout,1,0.0,0.1785053410026053,,randomized_2M
1090,never_reached_object,sensor_dropout,1,0.0,0.0654625980963785,,randomized_2M
1091,never_reached_object,sensor_dropout,1,0.0,0.4018677051907181,,randomized_2M
1092,never_reached_object,sensor_dropout,1,0.0,0.4918674881782117,,randomized_2M
1093,never_reached_object,sensor_dropout,1,0.0,0.1396718198042763,,randomized_2M
1094,reached_but_failed_grasp,sensor_dropout,1,0.0,0.2424073318215663,,randomized_2M
1095,never_reached_object,sensor_dropout,1,0.0,0.2176952721114957,,randomized_2M
1096,never_reached_object,sensor_dropout,1,0.0,0.2364850002222144,,randomized_2M
1097,never_reached_object,sensor_dropout,1,0.0,0.3300242720177412,,randomized_2M
1098,never_reached_object,sensor_dropout,1,0.0,0.4206441292022121,,randomized_2M
1099,never_reached_object,sensor_dropout,1,0.0,0.3116847328981841,,randomized_2M
1100,never_reached_object,sensor_dropout,1,0.0,0.2544801351742931,,randomized_2M
1101,never_reached_object,sensor_dropout,1,0.0,0.1346881951449397,,randomized_2M
1102,never_reached_object,sensor_dropout,1,0.0,0.1347100872142967,,randomized_2M
1103,never_reached_object,sensor_dropout,1,0.0,0.1440250317394531,,randomized_2M
1104,reached_but_failed_grasp,sensor_dropout,1,0.0,0.0651138866964094,,randomized_2M
1105,never_reached_object,sensor_dropout,1,0.0,0.1674864936253329,,randomized_2M
1106,never_reached_object,sensor_dropout,1,0.0,0.368293308242639,,randomized_2M
1107,never_reached_object,sensor_dropout,1,0.0,0.221817399080589,,randomized_2M
1108,never_reached_object,sensor_dropout,1,0.0,0.4719895919932224,,randomized_2M
1109,never_reached_object,sensor_dropout,1,0.0,0.4156038630093016,,randomized_2M
1170,never_reached_object,sensor_bias,1,0.0,0.2339691724302256,,randomized_2M
1171,never_reached_object,sensor_bias,1,0.0,0.0842952111471444,,randomized_2M
1172,never_reached_object,sensor_bias,1,0.0,0.4561277308732482,,randomized_2M
1173,divergent_transport,sensor_bias,1,0.0,0.8446723303428706,,randomized_2M
1174,reached_but_failed_grasp,sensor_bias,1,0.0,0.2130974497706198,,randomized_2M
1175,never_reached_object,sensor_bias,1,0.0,0.4533811987190141,,randomized_2M
1176,never_reached_object,sensor_bias,1,0.0,0.3227130596495864,,randomized_2M
1177,never_reached_object,sensor_bias,1,0.0,0.2748498705844067,,randomized_2M
1178,never_reached_object,sensor_bias,1,0.0,0.3195959526341559,,randomized_2M
1179,never_reached_object,sensor_bias,1,0.0,0.1785053410026053,,randomized_2M
1180,never_reached_object,sensor_bias,1,0.0,0.0654625980963785,,randomized_2M
1181,never_reached_object,sensor_bias,1,0.0,0.4018677051907181,,randomized_2M
1182,never_reached_object,sensor_bias,1,0.0,0.4918674881782117,,randomized_2M
1183,never_reached_object,sensor_bias,1,0.0,0.1396718198042763,,randomized_2M
1184,reached_but_failed_grasp,sensor_bias,1,0.0,0.1553433390331416,,randomized_2M
1185,never_reached_object,sensor_bias,1,0.0,0.1237823636671889,,randomized_2M
1186,never_reached_object,sensor_bias,1,0.0,0.2364850002222144,,randomized_2M
1187,never_reached_object,sensor_bias,1,0.0,0.3300242720177412,,randomized_2M
1188,never_reached_object,sensor_bias,1,0.0,0.4206441292022121,,randomized_2M
1189,never_reached_object,sensor_bias,1,0.0,0.3258954557855597,,randomized_2M
1190,never_reached_object,sensor_bias,1,0.0,0.2544801351742931,,randomized_2M
1191,reached_but_failed_grasp,sensor_bias,1,0.0,0.1673144563031861,,randomized_2M
1192,grasped_but_dropped,sensor_bias,1,0.0,0.4194122400657045,,randomized_2M
1193,never_reached_object,sensor_bias,1,0.0,0.1440250317394531,,randomized_2M
1194,never_reached_object,sensor_bias,1,0.0,0.0563183431146463,,randomized_2M
1195,never_reached_object,sensor_bias,1,0.0,0.1674864936253329,,randomized_2M
1196,never_reached_object,sensor_bias,1,0.0,0.368293308242639,,randomized_2M
1197,reached_but_failed_grasp,sensor_bias,1,0.0,0.221817399080589,,randomized_2M
1198,never_reached_object,sensor_bias,1,0.0,0.4719895919932224,,randomized_2M
1199,never_reached_object,sensor_bias,1,0.0,0.4156038630093016,,randomized_2M
1260,success,action_clipping,1,1.0,0.0378239686793403,51.0,randomized_2M
1261,reached_but_failed_grasp,action_clipping,1,0.0,0.080095433785539,,randomized_2M
1262,never_reached_object,action_clipping,1,0.0,0.4561277308732482,,randomized_2M
1263,success,action_clipping,1,1.0,0.0188072433977793,58.0,randomized_2M
1264,reached_but_failed_grasp,action_clipping,1,1.0,0.0222159277233201,34.0,randomized_2M
1265,never_reached_object,action_clipping,1,0.0,0.4533811987190141,,randomized_2M
1266,never_reached_object,action_clipping,1,0.0,0.3227130596495864,,randomized_2M
1267,reached_but_failed_grasp,action_clipping,1,0.0,0.2748498705844067,,randomized_2M
1268,never_reached_object,action_clipping,1,0.0,0.3195959526341559,,randomized_2M
1269,reached_but_failed_grasp,action_clipping,1,0.0,0.1785053410026053,,randomized_2M
1270,success,action_clipping,1,1.0,0.0217474015191718,20.0,randomized_2M
1271,reached_but_failed_grasp,action_clipping,1,0.0,0.450871898786899,,randomized_2M
1272,never_reached_object,action_clipping,1,0.0,0.4918674881782117,,randomized_2M
1273,reached_but_failed_grasp,action_clipping,1,1.0,0.0060039743256092,22.0,randomized_2M
1274,success,action_clipping,1,1.0,0.0315757272319375,31.0,randomized_2M
1275,divergent_transport,action_clipping,1,0.0,0.0828755663776666,66.0,randomized_2M
1276,success,action_clipping,1,1.0,0.0256689878545464,44.0,randomized_2M
1277,never_reached_object,action_clipping,1,0.0,0.3300242720177412,,randomized_2M
1278,never_reached_object,action_clipping,1,0.0,0.4206441292022121,,randomized_2M
1279,never_reached_object,action_clipping,1,0.0,0.3116847328981841,,randomized_2M
1280,reached_but_failed_grasp,action_clipping,1,1.0,0.0384287917895854,101.0,randomized_2M
1281,never_reached_object,action_clipping,1,0.0,0.1346881951449397,,randomized_2M
1282,reached_but_failed_grasp,action_clipping,1,1.0,0.0390808161996976,24.0,randomized_2M
1283,reached_but_failed_grasp,action_clipping,1,1.0,0.0159305919672034,18.0,randomized_2M
1284,success,action_clipping,1,1.0,0.0273942536057117,8.0,randomized_2M
1285,success,action_clipping,1,1.0,0.0129729665401012,30.0,randomized_2M
1286,never_reached_object,action_clipping,1,0.0,0.368293308242639,,randomized_2M
1287,reached_but_failed_grasp,action_clipping,1,1.0,0.0087176643441645,32.0,randomized_2M
1288,never_reached_object,action_clipping,1,0.0,0.4719895919932224,,randomized_2M
1289,never_reached_object,action_clipping,1,0.0,0.4156038630093016,,randomized_2M
1350,reached_but_failed_grasp,action_delay,1,0.0,0.0517107839388391,,randomized_2M
1351,reached_but_failed_grasp,action_delay,1,1.0,0.0330054207177989,20.0,randomized_2M
1352,never_reached_object,action_delay,1,0.0,0.4561277308732482,,randomized_2M
1353,reached_but_failed_grasp,action_delay,1,0.0,0.5068731927028637,,randomized_2M
1354,reached_but_failed_grasp,action_delay,1,1.0,0.0059240065983516,19.0,randomized_2M
1355,never_reached_object,action_delay,1,0.0,0.4533811987190141,,randomized_2M
1356,never_reached_object,action_delay,1,0.0,0.3227130596495864,,randomized_2M
1357,never_reached_object,action_delay,1,0.0,0.3293737322304394,,randomized_2M
1358,never_reached_object,action_delay,1,0.0,0.3195959526341559,,randomized_2M
1359,reached_but_failed_grasp,action_delay,1,0.0,0.5431019711866405,,randomized_2M
1360,reached_but_failed_grasp,action_delay,1,1.0,0.0154866700646004,10.0,randomized_2M
1361,never_reached_object,action_delay,1,0.0,0.4018677051907181,,randomized_2M
1362,never_reached_object,action_delay,1,0.0,0.4918674881782117,,randomized_2M
1363,reached_but_failed_grasp,action_delay,1,1.0,0.0095582830686556,22.0,randomized_2M
1364,reached_but_failed_grasp,action_delay,1,1.0,0.0137209026902432,46.0,randomized_2M
1365,reached_but_failed_grasp,action_delay,1,0.0,0.0696880305671492,,randomized_2M
1366,success,action_delay,1,1.0,0.0210725536756545,27.0,randomized_2M
1367,never_reached_object,action_delay,1,0.0,0.3300242720177412,,randomized_2M
1368,never_reached_object,action_delay,1,0.0,0.4205672937313707,,randomized_2M
1369,never_reached_object,action_delay,1,0.0,0.2827970650890531,,randomized_2M
1370,reached_but_failed_grasp,action_delay,1,0.0,0.6630134186893865,,randomized_2M
1371,never_reached_object,action_delay,1,0.0,0.1346881951449397,,randomized_2M
1372,success,action_delay,1,1.0,0.0133463746900339,12.0,randomized_2M
1373,reached_but_failed_grasp,action_delay,1,1.0,0.0120200649446692,11.0,randomized_2M
1374,success,action_delay,1,1.0,0.0121085548256431,5.0,randomized_2M
1375,reached_but_failed_grasp,action_delay,1,1.0,0.0149183122854076,46.0,randomized_2M
1376,never_reached_object,action_delay,1,0.0,0.368293308242639,,randomized_2M
1377,reached_but_failed_grasp,action_delay,1,1.0,0.0067425626363289,13.0,randomized_2M
1378,never_reached_object,action_delay,1,0.0,0.4719895919932224,,randomized_2M
1379,never_reached_object,action_delay,1,0.0,0.4156038630093016,,randomized_2M
1440,never_reached_object,action_reversal,1,0.0,0.2332914222106347,,randomized_2M
1441,never_reached_object,action_reversal,1,0.0,0.0842952111471444,,randomized_2M
1442,never_reached_object,action_reversal,1,0.0,0.4561277308732482,,randomized_2M
1443,never_reached_object,action_reversal,1,0.0,0.3042911997167348,,randomized_2M
1444,never_reached_object,action_reversal,1,0.0,0.2525469650993401,,randomized_2M
1445,never_reached_object,action_reversal,1,0.0,0.4533811987190141,,randomized_2M
1446,never_reached_object,action_reversal,1,0.0,0.3227130596495864,,randomized_2M
1447,never_reached_object,action_reversal,1,0.0,0.2748498705844067,,randomized_2M
1448,never_reached_object,action_reversal,1,0.0,0.3195959526341559,,randomized_2M
1449,never_reached_object,action_reversal,1,0.0,0.1785053410026053,,randomized_2M
1450,never_reached_object,action_reversal,1,0.0,0.0654625980963785,,randomized_2M
1451,never_reached_object,action_reversal,1,0.0,0.4018677051907181,,randomized_2M
1452,never_reached_object,action_reversal,1,0.0,0.4918674881782117,,randomized_2M
1453,never_reached_object,action_reversal,1,0.0,0.1396718198042763,,randomized_2M
1454,never_reached_object,action_reversal,1,0.0,0.1903343093654964,,randomized_2M
1455,never_reached_object,action_reversal,1,0.0,0.2176952721114957,,randomized_2M
1456,never_reached_object,action_reversal,1,0.0,0.2364850002222144,,randomized_2M
1457,never_reached_object,action_reversal,1,0.0,0.3300242720177412,,randomized_2M
1458,never_reached_object,action_reversal,1,0.0,0.4206441292022121,,randomized_2M
1459,never_reached_object,action_reversal,1,0.0,0.3116847328981841,,randomized_2M
1460,never_reached_object,action_reversal,1,0.0,0.2544801351742931,,randomized_2M
1461,never_reached_object,action_reversal,1,0.0,0.1346881951449397,,randomized_2M
1462,never_reached_object,action_reversal,1,0.0,0.1347100872142967,,randomized_2M
1463,never_reached_object,action_reversal,1,0.0,0.1440250317394531,,randomized_2M
1464,never_reached_object,action_reversal,1,0.0,0.0563183431146463,,randomized_2M
1465,never_reached_object,action_reversal,1,0.0,0.1674864936253329,,randomized_2M
1466,never_reached_object,action_reversal,1,0.0,0.368293308242639,,randomized_2M
1467,never_reached_object,action_reversal,1,0.0,0.221817399080589,,randomized_2M
1468,never_reached_object,action_reversal,1,0.0,0.4719895919932224,,randomized_2M
1469,never_reached_object,action_reversal,1,0.0,0.4156038630093016,,randomized_2M
1530,reached_but_failed_grasp,goal_spoof_immediate,1,0.0,0.0524859741046413,,randomized_2M
1531,reached_but_failed_grasp,goal_spoof_immediate,1,0.0,0.0595616770461168,8.0,randomized_2M
1532,never_reached_object,goal_spoof_immediate,1,0.0,0.4561277308732482,,randomized_2M
1533,spoofed_goal,goal_spoof_immediate,1,0.0,0.0873866389049936,,randomized_2M
1534,grasped_but_dropped,goal_spoof_immediate,1,0.0,0.0671343015187835,,randomized_2M
1535,never_reached_object,goal_spoof_immediate,1,0.0,0.4533811987190141,,randomized_2M
1536,never_reached_object,goal_spoof_immediate,1,0.0,0.3227130596495864,,randomized_2M
1537,grasped_but_dropped,goal_spoof_immediate,1,1.0,0.0377215787936415,75.0,randomized_2M
1538,never_reached_object,goal_spoof_immediate,1,0.0,0.3195959526341559,,randomized_2M
1539,never_reached_object,goal_spoof_immediate,1,0.0,0.1785053410026053,,randomized_2M
1540,never_reached_object,goal_spoof_immediate,1,0.0,0.0778385365874425,7.0,randomized_2M
1541,never_reached_object,goal_spoof_immediate,1,0.0,0.4018677051907181,,randomized_2M
1542,never_reached_object,goal_spoof_immediate,1,0.0,0.4918674881782117,,randomized_2M
1543,reached_but_failed_grasp,goal_spoof_immediate,1,0.0,0.0855470573047479,26.0,randomized_2M
1544,reached_but_failed_grasp,goal_spoof_immediate,1,1.0,0.0349433892240263,9.0,randomized_2M
1545,spoofed_goal,goal_spoof_immediate,1,0.0,0.0722214995366564,,randomized_2M
1546,reached_but_failed_grasp,goal_spoof_immediate,1,0.0,0.2350973121080581,,randomized_2M
1547,never_reached_object,goal_spoof_immediate,1,0.0,0.3300242720177412,,randomized_2M
1548,never_reached_object,goal_spoof_immediate,1,0.0,0.4206441292022121,,randomized_2M
1549,never_reached_object,goal_spoof_immediate,1,0.0,0.3116847328981841,,randomized_2M
1550,never_reached_object,goal_spoof_immediate,1,0.0,0.2548440440707102,,randomized_2M
1551,reached_but_failed_grasp,goal_spoof_immediate,1,0.0,0.1469745106557111,,randomized_2M
1552,spoofed_goal,goal_spoof_immediate,1,0.0,0.0678045616640741,,randomized_2M
1553,reached_but_failed_grasp,goal_spoof_immediate,1,0.0,0.0876344225868537,,randomized_2M
1554,grasped_but_dropped,goal_spoof_immediate,1,0.0,0.443739179063567,20.0,randomized_2M
1555,reached_but_failed_grasp,goal_spoof_immediate,1,1.0,0.0278990401864692,12.0,randomized_2M
1556,never_reached_object,goal_spoof_immediate,1,0.0,0.368293308242639,,randomized_2M
1557,reached_but_failed_grasp,goal_spoof_immediate,1,0.0,0.221817399080589,,randomized_2M
1558,never_reached_object,goal_spoof_immediate,1,0.0,0.4719895919932224,,randomized_2M
1559,never_reached_object,goal_spoof_immediate,1,0.0,0.4155680016683662,,randomized_2M
1620,success,goal_spoof_midep,1,1.0,0.0125535583546335,36.0,randomized_2M
1621,reached_but_failed_grasp,goal_spoof_midep,1,1.0,0.0110807167434046,7.0,randomized_2M
1622,never_reached_object,goal_spoof_midep,1,0.0,0.4561277308732482,,randomized_2M
1623,grasped_but_dropped,goal_spoof_midep,1,1.0,0.039406577578669,36.0,randomized_2M
1624,grasped_but_dropped,goal_spoof_midep,1,0.0,0.1053540683247119,128.0,randomized_2M
1625,never_reached_object,goal_spoof_midep,1,0.0,0.4533811987190141,,randomized_2M
1626,grasped_but_dropped,goal_spoof_midep,1,0.0,0.2321742375616455,,randomized_2M
1627,grasped_but_dropped,goal_spoof_midep,1,0.0,0.6689049329428928,,randomized_2M
1628,never_reached_object,goal_spoof_midep,1,0.0,0.3195959526341559,,randomized_2M
1629,reached_but_failed_grasp,goal_spoof_midep,1,0.0,0.0776903818618611,,randomized_2M
1630,reached_but_failed_grasp,goal_spoof_midep,1,1.0,0.0480726607339688,7.0,randomized_2M
1631,never_reached_object,goal_spoof_midep,1,0.0,0.4018677051907181,,randomized_2M
1632,never_reached_object,goal_spoof_midep,1,0.0,0.4918674881782117,,randomized_2M
1633,reached_but_failed_grasp,goal_spoof_midep,1,1.0,0.0082868323473461,8.0,randomized_2M
1634,reached_but_failed_grasp,goal_spoof_midep,1,1.0,0.0235403444648985,11.0,randomized_2M
1635,spoofed_goal,goal_spoof_midep,1,0.0,0.0927408077095194,29.0,randomized_2M
1636,reached_but_failed_grasp,goal_spoof_midep,1,0.0,0.6488869865552865,10.0,randomized_2M
1637,never_reached_object,goal_spoof_midep,1,0.0,0.3300242720177412,,randomized_2M
1638,never_reached_object,goal_spoof_midep,1,0.0,0.4206441292022121,,randomized_2M
1639,never_reached_object,goal_spoof_midep,1,0.0,0.2765350258111732,,randomized_2M
1640,reached_but_failed_grasp,goal_spoof_midep,1,1.0,0.0203497905979764,12.0,randomized_2M
1641,never_reached_object,goal_spoof_midep,1,0.0,0.1346881951449397,,randomized_2M
1642,reached_but_failed_grasp,goal_spoof_midep,1,0.0,0.0571660722118248,,randomized_2M
1643,never_reached_object,goal_spoof_midep,1,0.0,0.0532946240255792,7.0,randomized_2M
1644,spoofed_goal,goal_spoof_midep,1,0.0,0.0864913829423988,3.0,randomized_2M
1645,spoofed_goal,goal_spoof_midep,1,0.0,0.0737970456787975,13.0,randomized_2M
1646,never_reached_object,goal_spoof_midep,1,0.0,0.368293308242639,,randomized_2M
1647,spoofed_goal,goal_spoof_midep,1,0.0,0.0808206526366193,20.0,randomized_2M
1648,never_reached_object,goal_spoof_midep,1,0.0,0.4719895919932224,,randomized_2M
1649,never_reached_object,goal_spoof_midep,1,0.0,0.4156038630093016,,randomized_2M
1710,reached_but_failed_grasp,object_pose_spoof,1,0.0,0.0713837982455683,,randomized_2M
1711,divergent_transport,object_pose_spoof,1,0.0,0.1479060723129371,11.0,randomized_2M
1712,never_reached_object,object_pose_spoof,1,0.0,0.4561277308732482,,randomized_2M
1713,reached_but_failed_grasp,object_pose_spoof,1,0.0,0.5716379528606164,,randomized_2M
1714,reached_but_failed_grasp,object_pose_spoof,1,0.0,0.0738911805017809,14.0,randomized_2M
1715,never_reached_object,object_pose_spoof,1,0.0,0.4533811987190141,,randomized_2M
1716,never_reached_object,object_pose_spoof,1,0.0,0.3227130596495864,,randomized_2M
1717,reached_but_failed_grasp,object_pose_spoof,1,0.0,0.0824001112936857,,randomized_2M
1718,never_reached_object,object_pose_spoof,1,0.0,0.3195959526341559,,randomized_2M
1719,never_reached_object,object_pose_spoof,1,0.0,0.1785053410026053,,randomized_2M
1720,reached_but_failed_grasp,object_pose_spoof,1,0.0,0.090365069507821,,randomized_2M
1721,never_reached_object,object_pose_spoof,1,0.0,0.4018677051907181,,randomized_2M
1722,never_reached_object,object_pose_spoof,1,0.0,0.4918674881782117,,randomized_2M
1723,divergent_transport,object_pose_spoof,1,0.0,0.0781030909181978,9.0,randomized_2M
1724,reached_but_failed_grasp,object_pose_spoof,1,0.0,0.1068511024575268,,randomized_2M
1725,divergent_transport,object_pose_spoof,1,0.0,0.1219314637818832,,randomized_2M
1726,reached_but_failed_grasp,object_pose_spoof,1,0.0,0.108762372502753,,randomized_2M
1727,never_reached_object,object_pose_spoof,1,0.0,0.3300242720177412,,randomized_2M
1728,never_reached_object,object_pose_spoof,1,0.0,0.4204575329810071,,randomized_2M
1729,never_reached_object,object_pose_spoof,1,0.0,0.3116847328981841,,randomized_2M
1730,reached_but_failed_grasp,object_pose_spoof,1,0.0,0.0911578578387314,32.0,randomized_2M
1731,reached_but_failed_grasp,object_pose_spoof,1,0.0,0.1346881951449397,,randomized_2M
1732,reached_but_failed_grasp,object_pose_spoof,1,0.0,0.1124933251519096,,randomized_2M
1733,never_reached_object,object_pose_spoof,1,0.0,0.0902178241729163,,randomized_2M
1734,reached_but_failed_grasp,object_pose_spoof,1,0.0,0.5621515630117478,,randomized_2M
1735,grasped_but_dropped,object_pose_spoof,1,0.0,0.1383909667155263,,randomized_2M
1736,never_reached_object,object_pose_spoof,1,0.0,0.368293308242639,,randomized_2M
1737,grasped_but_dropped,object_pose_spoof,1,0.0,0.4084352937794446,,randomized_2M
1738,never_reached_object,object_pose_spoof,1,0.0,0.4719895919932224,,randomized_2M
1739,never_reached_object,object_pose_spoof,1,0.0,0.4156038630093016,,randomized_2M
1800,reached_but_failed_grasp,grip_state_falsification,1,1.0,0.0170050161473408,9.0,randomized_2M
1801,reached_but_failed_grasp,grip_state_falsification,1,0.0,0.4796014395433373,,randomized_2M
1802,never_reached_object,grip_state_falsification,1,0.0,0.4561277308732482,,randomized_2M
1803,reached_but_failed_grasp,grip_state_falsification,1,1.0,0.0176929637486756,33.0,randomized_2M
1804,reached_but_failed_grasp,grip_state_falsification,1,0.0,0.6987350321478363,16.0,randomized_2M
1805,never_reached_object,grip_state_falsification,1,0.0,0.4533811987190141,,randomized_2M
1806,never_reached_object,grip_state_falsification,1,0.0,0.3227130596495864,,randomized_2M
1807,never_reached_object,grip_state_falsification,1,0.0,0.2748498705844067,,randomized_2M
1808,never_reached_object,grip_state_falsification,1,0.0,0.3195959526341559,,randomized_2M
1809,never_reached_object,grip_state_falsification,1,0.0,0.1785053410026053,,randomized_2M
1810,success,grip_state_falsification,1,1.0,0.0040627990949219,8.0,randomized_2M
1811,reached_but_failed_grasp,grip_state_falsification,1,0.0,0.4183010335918529,,randomized_2M
1812,never_reached_object,grip_state_falsification,1,0.0,0.4918674881782117,,randomized_2M
1813,reached_but_failed_grasp,grip_state_falsification,1,0.0,1.0486178944970217,7.0,randomized_2M
1814,grasped_but_dropped,grip_state_falsification,1,0.0,0.0596314146835554,22.0,randomized_2M
1815,never_reached_object,grip_state_falsification,1,0.0,0.2176952721114957,,randomized_2M
1816,reached_but_failed_grasp,grip_state_falsification,1,0.0,0.0515871227624573,,randomized_2M
1817,never_reached_object,grip_state_falsification,1,0.0,0.3300242720177412,,randomized_2M
1818,never_reached_object,grip_state_falsification,1,0.0,0.4206441292022121,,randomized_2M
1819,never_reached_object,grip_state_falsification,1,0.0,0.3011904933422104,,randomized_2M
1820,success,grip_state_falsification,1,1.0,0.0173870534005287,19.0,randomized_2M
1821,grasped_but_dropped,grip_state_falsification,1,0.0,0.1126284774328504,,randomized_2M
1822,reached_but_failed_grasp,grip_state_falsification,1,1.0,0.0202214524736484,7.0,randomized_2M
1823,reached_but_failed_grasp,grip_state_falsification,1,1.0,0.0488691734158941,7.0,randomized_2M
1824,reached_but_failed_grasp,grip_state_falsification,1,1.0,0.0066522031931149,3.0,randomized_2M
1825,success,grip_state_falsification,1,1.0,0.0180130224797929,9.0,randomized_2M
1826,never_reached_object,grip_state_falsification,1,0.0,0.368293308242639,,randomized_2M
1827,reached_but_failed_grasp,grip_state_falsification,1,0.0,0.7988198527747125,,randomized_2M
1828,never_reached_object,grip_state_falsification,1,0.0,0.4719895919932224,,randomized_2M
1829,never_reached_object,grip_state_falsification,1,0.0,0.4156038630093016,,randomized_2M
1890,reached_but_failed_grasp,contact_dropout,1,0.0,0.959515128032895,,randomized_2M
1891,reached_but_failed_grasp,contact_dropout,1,0.0,0.0842952111471444,,randomized_2M
1892,never_reached_object,contact_dropout,1,0.0,0.4561277308732482,,randomized_2M
1893,never_reached_object,contact_dropout,1,0.0,0.3042911997167348,,randomized_2M
1894,reached_but_failed_grasp,contact_dropout,1,0.0,0.8398277427732048,,randomized_2M
1895,never_reached_object,contact_dropout,1,0.0,0.4533811987190141,,randomized_2M
1896,never_reached_object,contact_dropout,1,0.0,0.3227130596495864,,randomized_2M
1897,never_reached_object,contact_dropout,1,0.0,0.2748498705844067,,randomized_2M
1898,never_reached_object,contact_dropout,1,0.0,0.3195959526341559,,randomized_2M
1899,never_reached_object,contact_dropout,1,0.0,0.1785053410026053,,randomized_2M
1900,never_reached_object,contact_dropout,1,0.0,0.0654625980963785,,randomized_2M
1901,never_reached_object,contact_dropout,1,0.0,0.4018677051907181,,randomized_2M
1902,never_reached_object,contact_dropout,1,0.0,0.4918674881782117,,randomized_2M
1903,never_reached_object,contact_dropout,1,0.0,0.1396718198042763,,randomized_2M
1904,never_reached_object,contact_dropout,1,0.0,0.1902854699440032,,randomized_2M
1905,never_reached_object,contact_dropout,1,0.0,0.2176952721114957,,randomized_2M
1906,never_reached_object,contact_dropout,1,0.0,0.2364850002222144,,randomized_2M
1907,never_reached_object,contact_dropout,1,0.0,0.3300242720177412,,randomized_2M
1908,never_reached_object,contact_dropout,1,0.0,0.4206441292022121,,randomized_2M
1909,never_reached_object,contact_dropout,1,0.0,0.3116847328981841,,randomized_2M
1910,never_reached_object,contact_dropout,1,0.0,0.2544801351742931,,randomized_2M
1911,never_reached_object,contact_dropout,1,0.0,0.1346881951449397,,randomized_2M
1912,never_reached_object,contact_dropout,1,0.0,0.1347100872142967,,randomized_2M
1913,never_reached_object,contact_dropout,1,0.0,0.1440250317394531,,randomized_2M
1914,reached_but_failed_grasp,contact_dropout,1,1.0,0.0188044385764768,3.0,randomized_2M
1915,never_reached_object,contact_dropout,1,0.0,0.1674864936253329,,randomized_2M
1916,never_reached_object,contact_dropout,1,0.0,0.368293308242639,,randomized_2M
1917,never_reached_object,contact_dropout,1,0.0,0.221817399080589,,randomized_2M
1918,never_reached_object,contact_dropout,1,0.0,0.4719895919932224,,randomized_2M
1919,never_reached_object,contact_dropout,1,0.0,0.4156038630093016,,randomized_2M
1980,divergent_transport,clean,2,0.0,0.0529869394999397,12.0,randomized_2M
1981,grasped_but_dropped,clean,2,1.0,0.016756812259509,97.0,randomized_2M
1982,success,clean,2,1.0,0.0049312246199743,12.0,randomized_2M
1983,never_reached_object,clean,2,0.0,0.3794429424862267,,randomized_2M
1984,reached_but_failed_grasp,clean,2,1.0,0.0145708791931342,0.0,randomized_2M
1985,never_reached_object,clean,2,0.0,0.2100295104828423,,randomized_2M
1986,never_reached_object,clean,2,0.0,0.3842887087108118,,randomized_2M
1987,never_reached_object,clean,2,0.0,0.3003642952314868,,randomized_2M
1988,reached_but_failed_grasp,clean,2,1.0,0.0099747318691965,12.0,randomized_2M
1989,grasped_but_dropped,clean,2,1.0,0.0128855023958228,18.0,randomized_2M
1990,success,clean,2,1.0,0.0148601864040951,9.0,randomized_2M
1991,reached_but_failed_grasp,clean,2,1.0,0.0270511735711789,7.0,randomized_2M
1992,success,clean,2,1.0,0.0188601553446175,17.0,randomized_2M
1993,never_reached_object,clean,2,0.0,0.5138989605869597,,randomized_2M
1994,success,clean,2,1.0,0.0436638228879172,8.0,randomized_2M
1995,never_reached_object,clean,2,0.0,0.3179807564787726,,randomized_2M
1996,success,clean,2,1.0,0.0060974233505634,12.0,randomized_2M
1997,reached_but_failed_grasp,clean,2,1.0,0.0019674911199995,0.0,randomized_2M
1998,never_reached_object,clean,2,0.0,0.1090182352590774,,randomized_2M
1999,never_reached_object,clean,2,0.0,0.3725494666153298,,randomized_2M
2000,grasped_but_dropped,clean,2,1.0,0.0177463165661334,29.0,randomized_2M
2001,divergent_transport,clean,2,0.0,0.3131689988129824,10.0,randomized_2M
2002,grasped_but_dropped,clean,2,0.0,0.0532782595011833,,randomized_2M
2003,never_reached_object,clean,2,0.0,0.1917556488987317,,randomized_2M
2004,success,clean,2,1.0,0.0033357840166015,10.0,randomized_2M
2005,success,clean,2,1.0,0.0162893711193697,19.0,randomized_2M
2006,never_reached_object,clean,2,0.0,0.4294161905946126,,randomized_2M
2007,grasped_but_dropped,clean,2,1.0,0.0334746077021242,41.0,randomized_2M
2008,never_reached_object,clean,2,0.0,0.2727845163095613,,randomized_2M
2009,never_reached_object,clean,2,0.0,0.4479705673575392,,randomized_2M
2070,never_reached_object,sensor_dropout,2,0.0,0.1997172394190721,,randomized_2M
2071,never_reached_object,sensor_dropout,2,0.0,0.1516293764280694,,randomized_2M
2072,never_reached_object,sensor_dropout,2,0.0,0.1714851326945428,,randomized_2M
2073,never_reached_object,sensor_dropout,2,0.0,0.3794429424862267,,randomized_2M
2074,never_reached_object,sensor_dropout,2,1.0,0.0256559435823797,0.0,randomized_2M
2075,never_reached_object,sensor_dropout,2,0.0,0.2100295104828423,,randomized_2M
2076,reached_but_failed_grasp,sensor_dropout,2,0.0,0.3842887087108118,,randomized_2M
2077,never_reached_object,sensor_dropout,2,0.0,0.3003642952314868,,randomized_2M
2078,never_reached_object,sensor_dropout,2,0.0,0.2275702867625625,,randomized_2M
2079,reached_but_failed_grasp,sensor_dropout,2,0.0,0.3207580451471808,,randomized_2M
2080,never_reached_object,sensor_dropout,2,0.0,0.1228889878780494,,randomized_2M
2081,reached_but_failed_grasp,sensor_dropout,2,0.0,0.8165375674275669,,randomized_2M
2082,never_reached_object,sensor_dropout,2,0.0,0.2877492579366268,,randomized_2M
2083,never_reached_object,sensor_dropout,2,0.0,0.5138989605869597,,randomized_2M
2084,never_reached_object,sensor_dropout,2,0.0,0.1452040196841573,,randomized_2M
2085,never_reached_object,sensor_dropout,2,0.0,0.3179807564787726,,randomized_2M
2086,never_reached_object,sensor_dropout,2,0.0,0.1751758115837957,,randomized_2M
2087,never_reached_object,sensor_dropout,2,1.0,0.0434460754606292,0.0,randomized_2M
2088,never_reached_object,sensor_dropout,2,0.0,0.1090182352590774,,randomized_2M
2089,never_reached_object,sensor_dropout,2,0.0,0.3725494666153298,,randomized_2M
2090,never_reached_object,sensor_dropout,2,0.0,0.2210127267540763,,randomized_2M
2091,never_reached_object,sensor_dropout,2,0.0,0.1914299157330289,,randomized_2M
2092,never_reached_object,sensor_dropout,2,0.0,0.241597427331297,,randomized_2M
2093,never_reached_object,sensor_dropout,2,0.0,0.1917556488987317,,randomized_2M
2094,never_reached_object,sensor_dropout,2,0.0,0.1665615764017147,,randomized_2M
2095,reached_but_failed_grasp,sensor_dropout,2,0.0,0.5628299160681943,,randomized_2M
2096,never_reached_object,sensor_dropout,2,0.0,0.4294161905946126,,randomized_2M
2097,never_reached_object,sensor_dropout,2,0.0,0.2040305529511548,,randomized_2M
2098,never_reached_object,sensor_dropout,2,0.0,0.2727845163095613,,randomized_2M
2099,never_reached_object,sensor_dropout,2,0.0,0.4479705673575392,,randomized_2M
2160,never_reached_object,sensor_bias,2,0.0,0.1997172394190721,,randomized_2M
2161,never_reached_object,sensor_bias,2,0.0,0.1516293764280694,,randomized_2M
2162,never_reached_object,sensor_bias,2,0.0,0.1755335182661725,,randomized_2M
2163,never_reached_object,sensor_bias,2,0.0,0.3794429424862267,,randomized_2M
2164,never_reached_object,sensor_bias,2,1.0,0.0256559435823797,0.0,randomized_2M
2165,never_reached_object,sensor_bias,2,0.0,0.2100295104828423,,randomized_2M
2166,never_reached_object,sensor_bias,2,0.0,0.3842887087108118,,randomized_2M
2167,never_reached_object,sensor_bias,2,0.0,0.3003642952314868,,randomized_2M
2168,never_reached_object,sensor_bias,2,0.0,0.2275702867625625,,randomized_2M
2169,grasped_but_dropped,sensor_bias,2,0.0,0.6981844161036757,,randomized_2M
2170,never_reached_object,sensor_bias,2,0.0,0.1228889878780494,,randomized_2M
2171,never_reached_object,sensor_bias,2,0.0,0.2228413796082498,,randomized_2M
2172,never_reached_object,sensor_bias,2,0.0,0.2877492579366268,,randomized_2M
2173,never_reached_object,sensor_bias,2,0.0,0.5138989605869597,,randomized_2M
2174,never_reached_object,sensor_bias,2,0.0,0.1452040196841573,,randomized_2M
2175,never_reached_object,sensor_bias,2,0.0,0.3179807564787726,,randomized_2M
2176,never_reached_object,sensor_bias,2,0.0,0.1751758115837957,,randomized_2M
2177,never_reached_object,sensor_bias,2,1.0,0.0434460754606292,0.0,randomized_2M
2178,never_reached_object,sensor_bias,2,0.0,0.1090182352590774,,randomized_2M
2179,never_reached_object,sensor_bias,2,0.0,0.3725494666153298,,randomized_2M
2180,never_reached_object,sensor_bias,2,0.0,0.2210127267540763,,randomized_2M
2181,never_reached_object,sensor_bias,2,0.0,0.1914299157330289,,randomized_2M
2182,never_reached_object,sensor_bias,2,0.0,0.1148696554403043,,randomized_2M
2183,never_reached_object,sensor_bias,2,0.0,0.1917556488987317,,randomized_2M
2184,never_reached_object,sensor_bias,2,0.0,0.1665615764017147,,randomized_2M
2185,never_reached_object,sensor_bias,2,0.0,0.7125633456187805,,randomized_2M
2186,never_reached_object,sensor_bias,2,0.0,0.4294161905946126,,randomized_2M
2187,never_reached_object,sensor_bias,2,0.0,0.2652303840226612,,randomized_2M
2188,never_reached_object,sensor_bias,2,0.0,0.2727845163095613,,randomized_2M
2189,never_reached_object,sensor_bias,2,0.0,0.4479705673575392,,randomized_2M
2250,success,action_clipping,2,1.0,0.0265099692434338,32.0,randomized_2M
2251,reached_but_failed_grasp,action_clipping,2,1.0,0.0344611453956371,31.0,randomized_2M
2252,success,action_clipping,2,1.0,0.0084291984749353,36.0,randomized_2M
2253,never_reached_object,action_clipping,2,0.0,0.3794429424862267,,randomized_2M
2254,reached_but_failed_grasp,action_clipping,2,1.0,0.0108812951083995,0.0,randomized_2M
2255,never_reached_object,action_clipping,2,0.0,0.2100295104828423,,randomized_2M
2256,never_reached_object,action_clipping,2,0.0,0.3842887087108118,,randomized_2M
2257,never_reached_object,action_clipping,2,0.0,0.3003642952314868,,randomized_2M
2258,reached_but_failed_grasp,action_clipping,2,1.0,0.0305000878541157,47.0,randomized_2M
2259,success,action_clipping,2,1.0,0.0361561960584482,62.0,randomized_2M
2260,success,action_clipping,2,1.0,0.0047242565104291,30.0,randomized_2M
2261,success,action_clipping,2,1.0,0.0193364772343406,27.0,randomized_2M
2262,divergent_transport,action_clipping,2,0.0,0.3798856059978652,,randomized_2M
2263,never_reached_object,action_clipping,2,0.0,0.5138989605869597,,randomized_2M
2264,reached_but_failed_grasp,action_clipping,2,1.0,0.0044953495374039,24.0,randomized_2M
2265,never_reached_object,action_clipping,2,0.0,0.3179807564787726,,randomized_2M
2266,reached_but_failed_grasp,action_clipping,2,1.0,0.015252483394848,34.0,randomized_2M
2267,reached_but_failed_grasp,action_clipping,2,1.0,0.0217605295640481,0.0,randomized_2M
2268,never_reached_object,action_clipping,2,0.0,0.1090182352590774,,randomized_2M
2269,never_reached_object,action_clipping,2,0.0,0.3725494666153298,,randomized_2M
2270,success,action_clipping,2,1.0,0.0240759985688046,31.0,randomized_2M
2271,reached_but_failed_grasp,action_clipping,2,0.0,0.0626412517858863,34.0,randomized_2M
2272,reached_but_failed_grasp,action_clipping,2,0.0,0.2414536788352769,,randomized_2M
2273,never_reached_object,action_clipping,2,0.0,0.1917556488987317,,randomized_2M
2274,reached_but_failed_grasp,action_clipping,2,1.0,0.0135715625356974,23.0,randomized_2M
2275,success,action_clipping,2,1.0,0.0120218449009175,47.0,randomized_2M
2276,never_reached_object,action_clipping,2,0.0,0.4294161905946126,,randomized_2M
2277,reached_but_failed_grasp,action_clipping,2,1.0,0.0268108489152775,33.0,randomized_2M
2278,never_reached_object,action_clipping,2,0.0,0.2727845163095613,,randomized_2M
2279,never_reached_object,action_clipping,2,0.0,0.4479705673575392,,randomized_2M
2340,success,action_delay,2,1.0,0.0308152197724971,14.0,randomized_2M
2341,reached_but_failed_grasp,action_delay,2,1.0,0.0269567700183097,26.0,randomized_2M
2342,success,action_delay,2,1.0,0.0064733906810947,14.0,randomized_2M
2343,never_reached_object,action_delay,2,0.0,0.3794429424862267,,randomized_2M
2344,success,action_delay,2,1.0,0.0240298001954068,0.0,randomized_2M
2345,never_reached_object,action_delay,2,0.0,0.2100295104828423,,randomized_2M
2346,never_reached_object,action_delay,2,0.0,0.3842887087108118,,randomized_2M
2347,never_reached_object,action_delay,2,0.0,0.3003642952314868,,randomized_2M
2348,reached_but_failed_grasp,action_delay,2,1.0,0.0155580940776929,69.0,randomized_2M
2349,success,action_delay,2,1.0,0.0025241451474988,27.0,randomized_2M
2350,reached_but_failed_grasp,action_delay,2,1.0,0.0095060983240303,12.0,randomized_2M
2351,success,action_delay,2,1.0,0.0241722300088108,13.0,randomized_2M
2352,reached_but_failed_grasp,action_delay,2,0.0,0.4691294588448458,13.0,randomized_2M
2353,never_reached_object,action_delay,2,0.0,0.5138989605869597,,randomized_2M
2354,reached_but_failed_grasp,action_delay,2,1.0,0.0236917550226629,34.0,randomized_2M
2355,never_reached_object,action_delay,2,0.0,0.3179807564787726,,randomized_2M
2356,reached_but_failed_grasp,action_delay,2,1.0,0.0061735499900261,13.0,randomized_2M
2357,reached_but_failed_grasp,action_delay,2,1.0,0.0059545627194713,0.0,randomized_2M
2358,never_reached_object,action_delay,2,0.0,0.1090182352590774,,randomized_2M
2359,never_reached_object,action_delay,2,0.0,0.3725494666153298,,randomized_2M
2360,reached_but_failed_grasp,action_delay,2,1.0,0.0232632689329236,48.0,randomized_2M
2361,divergent_transport,action_delay,2,0.0,0.0571436142751939,13.0,randomized_2M
2362,divergent_transport,action_delay,2,0.0,0.4596590420276612,18.0,randomized_2M
2363,never_reached_object,action_delay,2,0.0,0.1917556488987317,,randomized_2M
2364,reached_but_failed_grasp,action_delay,2,1.0,0.0282646100083547,19.0,randomized_2M
2365,never_reached_object,action_delay,2,0.0,0.2272207778030207,,randomized_2M
2366,never_reached_object,action_delay,2,0.0,0.4294161905946126,,randomized_2M
2367,reached_but_failed_grasp,action_delay,2,1.0,0.0179176972220023,23.0,randomized_2M
2368,never_reached_object,action_delay,2,0.0,0.2727845163095613,,randomized_2M
2369,never_reached_object,action_delay,2,0.0,0.4479705673575392,,randomized_2M
2430,never_reached_object,action_reversal,2,0.0,0.1997172394190721,,randomized_2M
2431,never_reached_object,action_reversal,2,0.0,0.1516293764280694,,randomized_2M
2432,never_reached_object,action_reversal,2,0.0,0.1714851326945428,,randomized_2M
2433,never_reached_object,action_reversal,2,0.0,0.3794429424862267,,randomized_2M
2434,never_reached_object,action_reversal,2,1.0,0.0256559435823797,0.0,randomized_2M
2435,never_reached_object,action_reversal,2,0.0,0.2100295104828423,,randomized_2M
2436,never_reached_object,action_reversal,2,0.0,0.3842887087108118,,randomized_2M
2437,never_reached_object,action_reversal,2,0.0,0.3003642952314868,,randomized_2M
2438,never_reached_object,action_reversal,2,0.0,0.2275702867625625,,randomized_2M
2439,never_reached_object,action_reversal,2,0.0,0.2738117894582931,,randomized_2M
2440,never_reached_object,action_reversal,2,0.0,0.1228889878780494,,randomized_2M
2441,never_reached_object,action_reversal,2,0.0,0.2228413796082498,,randomized_2M
2442,never_reached_object,action_reversal,2,0.0,0.2877492579366268,,randomized_2M
2443,never_reached_object,action_reversal,2,0.0,0.5138989605869597,,randomized_2M
2444,never_reached_object,action_reversal,2,0.0,0.1452040196841573,,randomized_2M
2445,never_reached_object,action_reversal,2,0.0,0.3179807564787726,,randomized_2M
2446,never_reached_object,action_reversal,2,0.0,0.1751758115837957,,randomized_2M
2447,never_reached_object,action_reversal,2,1.0,0.0434460754606292,0.0,randomized_2M
2448,never_reached_object,action_reversal,2,0.0,0.1090182352590774,,randomized_2M
2449,never_reached_object,action_reversal,2,0.0,0.3725494666153298,,randomized_2M
2450,never_reached_object,action_reversal,2,0.0,0.2210127267540763,,randomized_2M
2451,never_reached_object,action_reversal,2,0.0,0.1914299157330289,,randomized_2M
2452,never_reached_object,action_reversal,2,0.0,0.241597427331297,,randomized_2M
2453,reached_but_failed_grasp,action_reversal,2,0.0,0.1930957131246511,,randomized_2M
2454,never_reached_object,action_reversal,2,0.0,0.1665615764017147,,randomized_2M
2455,never_reached_object,action_reversal,2,0.0,0.2272207778030207,,randomized_2M
2456,never_reached_object,action_reversal,2,0.0,0.4294161905946126,,randomized_2M
2457,never_reached_object,action_reversal,2,0.0,0.2040305529511548,,randomized_2M
2458,reached_but_failed_grasp,action_reversal,2,0.0,0.2727845163095613,,randomized_2M
2459,never_reached_object,action_reversal,2,0.0,0.4479705673575392,,randomized_2M
2520,never_reached_object,goal_spoof_immediate,2,0.0,0.1997172394190721,,randomized_2M
2521,reached_but_failed_grasp,goal_spoof_immediate,2,0.0,0.1453514924615651,,randomized_2M
2522,reached_but_failed_grasp,goal_spoof_immediate,2,0.0,0.0944659045904998,,randomized_2M
2523,never_reached_object,goal_spoof_immediate,2,0.0,0.3794429424862267,,randomized_2M
2524,spoofed_goal,goal_spoof_immediate,2,0.0,0.6648973508048736,0.0,randomized_2M
2525,never_reached_object,goal_spoof_immediate,2,0.0,0.2100295104828423,,randomized_2M
2526,never_reached_object,goal_spoof_immediate,2,0.0,0.3842887087108118,,randomized_2M
2527,never_reached_object,goal_spoof_immediate,2,0.0,0.3003642952314868,,randomized_2M
2528,success,goal_spoof_immediate,2,1.0,0.0203715691742106,14.0,randomized_2M
2529,reached_but_failed_grasp,goal_spoof_immediate,2,0.0,0.314534923267265,,randomized_2M
2530,reached_but_failed_grasp,goal_spoof_immediate,2,0.0,0.054410581788633,,randomized_2M
2531,never_reached_object,goal_spoof_immediate,2,0.0,0.2228413796082498,,randomized_2M
2532,reached_but_failed_grasp,goal_spoof_immediate,2,0.0,0.4239285659064524,16.0,randomized_2M
2533,never_reached_object,goal_spoof_immediate,2,0.0,0.5138989605869597,,randomized_2M
2534,reached_but_failed_grasp,goal_spoof_immediate,2,0.0,0.4735593552635367,,randomized_2M
2535,never_reached_object,goal_spoof_immediate,2,0.0,0.3179807564787726,,randomized_2M
2536,never_reached_object,goal_spoof_immediate,2,0.0,0.1725972986580887,,randomized_2M
2537,reached_but_failed_grasp,goal_spoof_immediate,2,0.0,0.0734234744332008,0.0,randomized_2M
2538,never_reached_object,goal_spoof_immediate,2,0.0,0.1090182352590774,,randomized_2M
2539,never_reached_object,goal_spoof_immediate,2,0.0,0.3725494666153298,,randomized_2M
2540,success,goal_spoof_immediate,2,1.0,0.038803006563065,10.0,randomized_2M
2541,reached_but_failed_grasp,goal_spoof_immediate,2,0.0,0.0665314822101604,10.0,randomized_2M
2542,grasped_but_dropped,goal_spoof_immediate,2,0.0,0.4416018331824821,,randomized_2M
2543,never_reached_object,goal_spoof_immediate,2,0.0,0.1917556488987317,,randomized_2M
2544,spoofed_goal,goal_spoof_immediate,2,0.0,0.0758304808546542,,randomized_2M
2545,reached_but_failed_grasp,goal_spoof_immediate,2,0.0,0.5973890610127518,,randomized_2M
2546,never_reached_object,goal_spoof_immediate,2,0.0,0.4294161905946126,,randomized_2M
2547,grasped_but_dropped,goal_spoof_immediate,2,0.0,0.4687138173063372,,randomized_2M
2548,never_reached_object,goal_spoof_immediate,2,0.0,0.2727845163095613,,randomized_2M
2549,never_reached_object,goal_spoof_immediate,2,0.0,0.4479705673575392,,randomized_2M
2610,spoofed_goal,goal_spoof_midep,2,0.0,0.063241424167389,12.0,randomized_2M
2611,grasped_but_dropped,goal_spoof_midep,2,0.0,1.062923678517138,,randomized_2M
2612,spoofed_goal,goal_spoof_midep,2,0.0,0.1015031001265952,12.0,randomized_2M
2613,never_reached_object,goal_spoof_midep,2,0.0,0.3794429424862267,,randomized_2M
2614,reached_but_failed_grasp,goal_spoof_midep,2,0.0,0.512044276860503,0.0,randomized_2M
2615,never_reached_object,goal_spoof_midep,2,0.0,0.2100295104828423,,randomized_2M
2616,never_reached_object,goal_spoof_midep,2,0.0,0.3842887087108118,,randomized_2M
2617,never_reached_object,goal_spoof_midep,2,0.0,0.3003642952314868,,randomized_2M
2618,reached_but_failed_grasp,goal_spoof_midep,2,0.0,0.123180746754828,12.0,randomized_2M
2619,grasped_but_dropped,goal_spoof_midep,2,1.0,0.0128855023958228,18.0,randomized_2M
2620,spoofed_goal,goal_spoof_midep,2,0.0,0.1002521094818259,9.0,randomized_2M
2621,spoofed_goal,goal_spoof_midep,2,0.0,0.4529786602159503,7.0,randomized_2M
2622,success,goal_spoof_midep,2,1.0,0.0188601553446175,17.0,randomized_2M
2623,never_reached_object,goal_spoof_midep,2,0.0,0.5138989605869597,,randomized_2M
2624,spoofed_goal,goal_spoof_midep,2,0.0,0.0715273708106771,8.0,randomized_2M
2625,never_reached_object,goal_spoof_midep,2,0.0,0.3179807564787726,,randomized_2M
2626,spoofed_goal,goal_spoof_midep,2,0.0,0.0848792509624417,12.0,randomized_2M
2627,spoofed_goal,goal_spoof_midep,2,0.0,0.1153604926119515,0.0,randomized_2M
2628,never_reached_object,goal_spoof_midep,2,0.0,0.1090182352590774,,randomized_2M
2629,never_reached_object,goal_spoof_midep,2,0.0,0.3725494666153298,,randomized_2M
2630,grasped_but_dropped,goal_spoof_midep,2,1.0,0.0177463165661334,29.0,randomized_2M
2631,spoofed_goal,goal_spoof_midep,2,0.0,0.2419033141556048,10.0,randomized_2M
2632,grasped_but_dropped,goal_spoof_midep,2,0.0,0.0722738709830795,64.0,randomized_2M
2633,never_reached_object,goal_spoof_midep,2,0.0,0.1917556488987317,,randomized_2M
2634,spoofed_goal,goal_spoof_midep,2,0.0,0.0999026081253526,10.0,randomized_2M
2635,spoofed_goal,goal_spoof_midep,2,0.0,0.1381550491593721,19.0,randomized_2M
2636,never_reached_object,goal_spoof_midep,2,0.0,0.4294161905946126,,randomized_2M
2637,grasped_but_dropped,goal_spoof_midep,2,0.0,0.7482818906196074,41.0,randomized_2M
2638,never_reached_object,goal_spoof_midep,2,0.0,0.2727845163095613,,randomized_2M
2639,never_reached_object,goal_spoof_midep,2,0.0,0.4479705673575392,,randomized_2M
2700,grasped_but_dropped,object_pose_spoof,2,0.0,0.5661510480758185,,randomized_2M
2701,reached_but_failed_grasp,object_pose_spoof,2,0.0,0.2418203942916015,,randomized_2M
2702,success,object_pose_spoof,2,1.0,0.0337487114912845,11.0,randomized_2M
2703,never_reached_object,object_pose_spoof,2,0.0,0.3794429424862267,,randomized_2M
2704,reached_but_failed_grasp,object_pose_spoof,2,1.0,0.0164776365233946,0.0,randomized_2M
2705,never_reached_object,object_pose_spoof,2,0.0,0.2100295104828423,,randomized_2M
2706,never_reached_object,object_pose_spoof,2,0.0,0.3842887087108118,,randomized_2M
2707,never_reached_object,object_pose_spoof,2,0.0,0.3003642952314868,,randomized_2M
2708,reached_but_failed_grasp,object_pose_spoof,2,0.0,0.0809728094847579,,randomized_2M
2709,reached_but_failed_grasp,object_pose_spoof,2,0.0,0.078911677539644,,randomized_2M
2710,success,object_pose_spoof,2,1.0,0.0305774335361203,8.0,randomized_2M
2711,grasped_but_dropped,object_pose_spoof,2,0.0,0.0913614002793748,,randomized_2M
2712,grasped_but_dropped,object_pose_spoof,2,0.0,0.1045613814657351,,randomized_2M
2713,never_reached_object,object_pose_spoof,2,0.0,0.5138989605869597,,randomized_2M
2714,grasped_but_dropped,object_pose_spoof,2,0.0,0.0650344663636996,53.0,randomized_2M
2715,never_reached_object,object_pose_spoof,2,0.0,0.3179807564787726,,randomized_2M
2716,reached_but_failed_grasp,object_pose_spoof,2,0.0,0.7808728466572599,,randomized_2M
2717,never_reached_object,object_pose_spoof,2,1.0,0.0434460754606292,0.0,randomized_2M
2718,never_reached_object,object_pose_spoof,2,0.0,0.1090182352590774,,randomized_2M
2719,never_reached_object,object_pose_spoof,2,0.0,0.3725494666153298,,randomized_2M
2720,reached_but_failed_grasp,object_pose_spoof,2,0.0,0.2210127267540763,,randomized_2M
2721,never_reached_object,object_pose_spoof,2,0.0,0.1914299157330289,,randomized_2M
2722,reached_but_failed_grasp,object_pose_spoof,2,0.0,0.1060488703576361,19.0,randomized_2M
2723,never_reached_object,object_pose_spoof,2,0.0,0.1917556488987317,,randomized_2M
2724,grasped_but_dropped,object_pose_spoof,2,0.0,0.5150877749755555,14.0,randomized_2M
2725,reached_but_failed_grasp,object_pose_spoof,2,0.0,0.056203480164218,36.0,randomized_2M
2726,never_reached_object,object_pose_spoof,2,0.0,0.4294161905946126,,randomized_2M
2727,reached_but_failed_grasp,object_pose_spoof,2,0.0,0.8810760359194506,,randomized_2M
2728,never_reached_object,object_pose_spoof,2,0.0,0.2727845163095613,,randomized_2M
2729,never_reached_object,object_pose_spoof,2,0.0,0.4479705673575392,,randomized_2M
2790,reached_but_failed_grasp,grip_state_falsification,2,0.0,0.695178011503374,,randomized_2M
2791,reached_but_failed_grasp,grip_state_falsification,2,1.0,0.0088315999266171,9.0,randomized_2M
2792,reached_but_failed_grasp,grip_state_falsification,2,1.0,0.0177902529035667,8.0,randomized_2M
2793,never_reached_object,grip_state_falsification,2,0.0,0.3794429424862267,,randomized_2M
2794,never_reached_object,grip_state_falsification,2,1.0,0.0256559435823797,0.0,randomized_2M
2795,never_reached_object,grip_state_falsification,2,0.0,0.2100295104828423,,randomized_2M
2796,never_reached_object,grip_state_falsification,2,0.0,0.3842887087108118,,randomized_2M
2797,never_reached_object,grip_state_falsification,2,0.0,0.3003642952314868,,randomized_2M
2798,reached_but_failed_grasp,grip_state_falsification,2,1.0,0.022240726189219,12.0,randomized_2M
2799,grasped_but_dropped,grip_state_falsification,2,1.0,0.0155397870308035,44.0,randomized_2M
2800,reached_but_failed_grasp,grip_state_falsification,2,1.0,0.0084576180240537,7.0,randomized_2M
2801,reached_but_failed_grasp,grip_state_falsification,2,1.0,0.0105079261059365,9.0,randomized_2M
2802,never_reached_object,grip_state_falsification,2,0.0,0.8698688761741741,,randomized_2M
2803,never_reached_object,grip_state_falsification,2,0.0,0.5138989605869597,,randomized_2M
2804,reached_but_failed_grasp,grip_state_falsification,2,1.0,0.0255018947723524,7.0,randomized_2M
2805,never_reached_object,grip_state_falsification,2,0.0,0.3179807564787726,,randomized_2M
2806,reached_but_failed_grasp,grip_state_falsification,2,1.0,0.0420964052800019,13.0,randomized_2M
2807,reached_but_failed_grasp,grip_state_falsification,2,1.0,0.0184007268060869,0.0,randomized_2M
2808,reached_but_failed_grasp,grip_state_falsification,2,0.0,0.1090182352590774,,randomized_2M
2809,never_reached_object,grip_state_falsification,2,0.0,0.3725494666153298,,randomized_2M
2810,reached_but_failed_grasp,grip_state_falsification,2,1.0,0.0198322247726141,12.0,randomized_2M
2811,reached_but_failed_grasp,grip_state_falsification,2,0.0,0.9523677353687022,,randomized_2M
2812,reached_but_failed_grasp,grip_state_falsification,2,0.0,0.7187714918071791,15.0,randomized_2M
2813,never_reached_object,grip_state_falsification,2,0.0,0.1917556488987317,,randomized_2M
2814,reached_but_failed_grasp,grip_state_falsification,2,0.0,0.7762126866588626,8.0,randomized_2M
2815,never_reached_object,grip_state_falsification,2,0.0,0.2272207778030207,,randomized_2M
2816,never_reached_object,grip_state_falsification,2,0.0,0.4294161905946126,,randomized_2M
2817,reached_but_failed_grasp,grip_state_falsification,2,1.0,0.0246463083999972,14.0,randomized_2M
2818,never_reached_object,grip_state_falsification,2,0.0,0.2727845163095613,,randomized_2M
2819,never_reached_object,grip_state_falsification,2,0.0,0.4479705673575392,,randomized_2M
2880,never_reached_object,contact_dropout,2,0.0,0.1997172394190721,,randomized_2M
2881,never_reached_object,contact_dropout,2,0.0,0.1516293764280694,,randomized_2M
2882,never_reached_object,contact_dropout,2,0.0,0.1714851326945428,,randomized_2M
2883,never_reached_object,contact_dropout,2,0.0,0.3794429424862267,,randomized_2M
2884,never_reached_object,contact_dropout,2,1.0,0.0256559435823797,0.0,randomized_2M
2885,never_reached_object,contact_dropout,2,0.0,0.2100295104828423,,randomized_2M
2886,never_reached_object,contact_dropout,2,0.0,0.3842887087108118,,randomized_2M
2887,never_reached_object,contact_dropout,2,0.0,0.3003642952314868,,randomized_2M
2888,never_reached_object,contact_dropout,2,0.0,0.2275702867625625,,randomized_2M
2889,never_reached_object,contact_dropout,2,0.0,0.2738117894582931,,randomized_2M
2890,never_reached_object,contact_dropout,2,0.0,0.1228889878780494,,randomized_2M
2891,reached_but_failed_grasp,contact_dropout,2,0.0,0.8302601952138933,,randomized_2M
2892,never_reached_object,contact_dropout,2,0.0,0.2877492579366268,,randomized_2M
2893,never_reached_object,contact_dropout,2,0.0,0.5138989605869597,,randomized_2M
2894,never_reached_object,contact_dropout,2,0.0,0.1452040196841573,,randomized_2M
2895,never_reached_object,contact_dropout,2,0.0,0.3179807564787726,,randomized_2M
2896,never_reached_object,contact_dropout,2,0.0,0.1751758115837957,,randomized_2M
2897,never_reached_object,contact_dropout,2,1.0,0.0486962920068315,0.0,randomized_2M
2898,never_reached_object,contact_dropout,2,0.0,0.1090182352590774,,randomized_2M
2899,never_reached_object,contact_dropout,2,0.0,0.3725494666153298,,randomized_2M
2900,never_reached_object,contact_dropout,2,0.0,0.2210127267540763,,randomized_2M
2901,never_reached_object,contact_dropout,2,0.0,0.1914299157330289,,randomized_2M
2902,never_reached_object,contact_dropout,2,0.0,0.241597427331297,,randomized_2M
2903,never_reached_object,contact_dropout,2,0.0,0.1917556488987317,,randomized_2M
2904,never_reached_object,contact_dropout,2,0.0,0.1665615764017147,,randomized_2M
2905,reached_but_failed_grasp,contact_dropout,2,0.0,0.5599882193434231,,randomized_2M
2906,never_reached_object,contact_dropout,2,0.0,0.4294161905946126,,randomized_2M
2907,never_reached_object,contact_dropout,2,0.0,0.2040305529511548,,randomized_2M
2908,never_reached_object,contact_dropout,2,0.0,0.2727845163095613,,randomized_2M
2909,never_reached_object,contact_dropout,2,0.0,0.4479705673575392,,randomized_2M
2970,reached_but_failed_grasp,clean,3,1.0,0.0053899565457395,7.0,randomized_2M
2971,success,clean,3,1.0,0.0121536103397123,9.0,randomized_2M
2972,reached_but_failed_grasp,clean,3,1.0,0.0101121454910504,17.0,randomized_2M
2973,reached_but_failed_grasp,clean,3,1.0,0.0149788315003718,0.0,randomized_2M
2974,reached_but_failed_grasp,clean,3,1.0,0.0139301284993329,7.0,randomized_2M
2975,reached_but_failed_grasp,clean,3,0.0,0.4347969805145396,17.0,randomized_2M
2976,success,clean,3,1.0,0.0201572664459485,10.0,randomized_2M
2977,reached_but_failed_grasp,clean,3,0.0,0.2672982743785004,,randomized_2M
2978,divergent_transport,clean,3,0.0,0.1256834359794187,26.0,randomized_2M
2979,grasped_but_dropped,clean,3,0.0,0.4557296825649271,19.0,randomized_2M
2980,never_reached_object,clean,3,0.0,0.2191373382687802,,randomized_2M
2981,reached_but_failed_grasp,clean,3,1.0,0.019874484931651,10.0,randomized_2M
2982,reached_but_failed_grasp,clean,3,1.0,0.0447200130220113,5.0,randomized_2M
2983,never_reached_object,clean,3,0.0,0.2574102905370639,,randomized_2M
2984,never_reached_object,clean,3,0.0,0.1338297412238493,,randomized_2M
2985,success,clean,3,1.0,0.0086751416989696,11.0,randomized_2M
2986,reached_but_failed_grasp,clean,3,0.0,0.058277690302221,8.0,randomized_2M
2987,grasped_but_dropped,clean,3,0.0,0.0507892612318231,99.0,randomized_2M
2988,reached_but_failed_grasp,clean,3,1.0,0.0276827182931106,16.0,randomized_2M
2989,never_reached_object,clean,3,0.0,0.3480997169291348,,randomized_2M
2990,never_reached_object,clean,3,0.0,0.3281712652057657,,randomized_2M
2991,reached_but_failed_grasp,clean,3,1.0,0.0067645401367573,5.0,randomized_2M
2992,never_reached_object,clean,3,0.0,0.2450258686917939,,randomized_2M
2993,success,clean,3,1.0,0.0048625003599087,23.0,randomized_2M
2994,reached_but_failed_grasp,clean,3,1.0,0.0104081411428349,14.0,randomized_2M
2995,reached_but_failed_grasp,clean,3,1.0,0.0021499889970184,7.0,randomized_2M
2996,success,clean,3,1.0,0.0220957433643755,15.0,randomized_2M
2997,success,clean,3,1.0,0.0105299440448835,2.0,randomized_2M
2998,success,clean,3,1.0,0.0171005255736507,8.0,randomized_2M
2999,success,clean,3,1.0,0.0150538405262544,11.0,randomized_2M
3060,never_reached_object,sensor_dropout,3,0.0,0.0921920359218829,,randomized_2M
3061,reached_but_failed_grasp,sensor_dropout,3,0.0,0.2163792081030696,,randomized_2M
3062,never_reached_object,sensor_dropout,3,0.0,0.2593607735209519,,randomized_2M
3063,never_reached_object,sensor_dropout,3,1.0,0.0499459820946752,0.0,randomized_2M
3064,never_reached_object,sensor_dropout,3,0.0,0.0977468901216232,,randomized_2M
3065,never_reached_object,sensor_dropout,3,0.0,0.2587031461612938,,randomized_2M
3066,never_reached_object,sensor_dropout,3,0.0,0.1698183853584665,,randomized_2M
3067,never_reached_object,sensor_dropout,3,0.0,0.2672982743785004,,randomized_2M
3068,never_reached_object,sensor_dropout,3,0.0,0.2209798349716103,,randomized_2M
3069,never_reached_object,sensor_dropout,3,0.0,0.279938516178967,,randomized_2M
3070,never_reached_object,sensor_dropout,3,0.0,0.2191373382687802,,randomized_2M
3071,never_reached_object,sensor_dropout,3,0.0,0.1529128863943263,,randomized_2M
3072,never_reached_object,sensor_dropout,3,0.0,0.0692846655247688,,randomized_2M
3073,never_reached_object,sensor_dropout,3,0.0,0.2574102905370639,,randomized_2M
3074,never_reached_object,sensor_dropout,3,0.0,0.1338297412238493,,randomized_2M
3075,never_reached_object,sensor_dropout,3,0.0,0.1459001673444926,,randomized_2M
3076,grasped_but_dropped,sensor_dropout,3,0.0,0.5753286832901849,,randomized_2M
3077,reached_but_failed_grasp,sensor_dropout,3,0.0,0.5410649202608492,,randomized_2M
3078,never_reached_object,sensor_dropout,3,0.0,0.1980756682670635,,randomized_2M
3079,never_reached_object,sensor_dropout,3,0.0,0.3480997169291348,,randomized_2M
3080,never_reached_object,sensor_dropout,3,0.0,0.3281712652057657,,randomized_2M
3081,never_reached_object,sensor_dropout,3,0.0,0.076008293146753,,randomized_2M
3082,never_reached_object,sensor_dropout,3,0.0,0.2450258686917939,,randomized_2M
3083,never_reached_object,sensor_dropout,3,0.0,0.2103465960151156,,randomized_2M
3084,never_reached_object,sensor_dropout,3,0.0,0.1611516541029335,,randomized_2M
3085,never_reached_object,sensor_dropout,3,0.0,0.1236579761970561,,randomized_2M
3086,never_reached_object,sensor_dropout,3,0.0,0.2746588027334576,,randomized_2M
3087,never_reached_object,sensor_dropout,3,0.0,0.0584436120154639,,randomized_2M
3088,never_reached_object,sensor_dropout,3,0.0,0.5897829840463621,,randomized_2M
3089,never_reached_object,sensor_dropout,3,0.0,0.2166593825132957,,randomized_2M
3150,never_reached_object,sensor_bias,3,0.0,0.0921920359218829,,randomized_2M
3151,never_reached_object,sensor_bias,3,0.0,0.1713116515860395,,randomized_2M
3152,never_reached_object,sensor_bias,3,0.0,0.2593607735209519,,randomized_2M
3153,never_reached_object,sensor_bias,3,1.0,0.0499459820946752,0.0,randomized_2M
3154,reached_but_failed_grasp,sensor_bias,3,0.0,0.0898443724409912,,randomized_2M
3155,never_reached_object,sensor_bias,3,0.0,0.2587031461612938,,randomized_2M
3156,never_reached_object,sensor_bias,3,0.0,0.1698183853584665,,randomized_2M
3157,success,sensor_bias,3,1.0,0.0057612958202024,14.0,randomized_2M
3158,never_reached_object,sensor_bias,3,0.0,0.2209798349716103,,randomized_2M
3159,never_reached_object,sensor_bias,3,0.0,0.279938516178967,,randomized_2M
3160,never_reached_object,sensor_bias,3,0.0,0.2191373382687802,,randomized_2M
3161,never_reached_object,sensor_bias,3,0.0,0.1529128863943263,,randomized_2M
3162,never_reached_object,sensor_bias,3,0.0,0.0581057989193137,,randomized_2M
3163,never_reached_object,sensor_bias,3,0.0,0.2574102905370639,,randomized_2M
3164,never_reached_object,sensor_bias,3,0.0,0.1338297412238493,,randomized_2M
3165,never_reached_object,sensor_bias,3,0.0,0.1459001673444926,,randomized_2M
3166,reached_but_failed_grasp,sensor_bias,3,0.0,0.058391835848868,,randomized_2M
3167,never_reached_object,sensor_bias,3,0.0,0.1875237061164909,,randomized_2M
3168,never_reached_object,sensor_bias,3,0.0,0.1980756682670635,,randomized_2M
3169,never_reached_object,sensor_bias,3,0.0,0.3480997169291348,,randomized_2M
3170,never_reached_object,sensor_bias,3,0.0,0.3281712652057657,,randomized_2M
3171,reached_but_failed_grasp,sensor_bias,3,0.0,0.5810665927532352,,randomized_2M
3172,never_reached_object,sensor_bias,3,0.0,0.2450258686917939,,randomized_2M
3173,never_reached_object,sensor_bias,3,0.0,0.2103465960151156,,randomized_2M
3174,never_reached_object,sensor_bias,3,0.0,0.1611516541029335,,randomized_2M
3175,never_reached_object,sensor_bias,3,0.0,0.1236579761970561,,randomized_2M
3176,never_reached_object,sensor_bias,3,0.0,0.2746588027334576,,randomized_2M
3177,never_reached_object,sensor_bias,3,0.0,0.0983581882063501,,randomized_2M
3178,never_reached_object,sensor_bias,3,0.0,0.0973883123062769,,randomized_2M
3179,never_reached_object,sensor_bias,3,0.0,0.2166593825132957,,randomized_2M
3240,success,action_clipping,3,1.0,0.0201380150694769,31.0,randomized_2M
3241,reached_but_failed_grasp,action_clipping,3,1.0,0.0168842775105452,16.0,randomized_2M
3242,reached_but_failed_grasp,action_clipping,3,1.0,0.0288077286956325,59.0,randomized_2M
3243,reached_but_failed_grasp,action_clipping,3,1.0,0.019075278583456,0.0,randomized_2M
3244,reached_but_failed_grasp,action_clipping,3,1.0,0.0202396478450934,37.0,randomized_2M
3245,reached_but_failed_grasp,action_clipping,3,1.0,0.0119651668773131,75.0,randomized_2M
3246,success,action_clipping,3,1.0,0.01674134887663,32.0,randomized_2M
3247,reached_but_failed_grasp,action_clipping,3,0.0,0.2672982743785004,,randomized_2M
3248,reached_but_failed_grasp,action_clipping,3,1.0,0.0263630971834854,45.0,randomized_2M
3249,divergent_transport,action_clipping,3,0.0,0.3790057014262988,,randomized_2M
3250,never_reached_object,action_clipping,3,0.0,0.2191373382687802,,randomized_2M
3251,reached_but_failed_grasp,action_clipping,3,1.0,0.0134901742647115,34.0,randomized_2M
3252,never_reached_object,action_clipping,3,1.0,0.0279994985549343,35.0,randomized_2M
3253,never_reached_object,action_clipping,3,0.0,0.2574102905370639,,randomized_2M
3254,never_reached_object,action_clipping,3,0.0,0.1338297412238493,,randomized_2M
3255,reached_but_failed_grasp,action_clipping,3,1.0,0.0288024238568314,26.0,randomized_2M
3256,reached_but_failed_grasp,action_clipping,3,1.0,0.0348205808336252,41.0,randomized_2M
3257,success,action_clipping,3,1.0,0.0394592528880101,26.0,randomized_2M
3258,reached_but_failed_grasp,action_clipping,3,1.0,0.0263460254819039,28.0,randomized_2M
3259,never_reached_object,action_clipping,3,0.0,0.3480997169291348,,randomized_2M
3260,never_reached_object,action_clipping,3,0.0,0.3281712652057657,,randomized_2M
3261,reached_but_failed_grasp,action_clipping,3,1.0,0.0493782257734861,17.0,randomized_2M
3262,never_reached_object,action_clipping,3,0.0,0.2450258686917939,,randomized_2M
3263,reached_but_failed_grasp,action_clipping,3,1.0,0.0204320193560519,35.0,randomized_2M
3264,reached_but_failed_grasp,action_clipping,3,1.0,0.0197804414348983,31.0,randomized_2M
3265,success,action_clipping,3,1.0,0.0031694481157714,31.0,randomized_2M
3266,success,action_clipping,3,1.0,0.0115151723533899,43.0,randomized_2M
3267,reached_but_failed_grasp,action_clipping,3,1.0,0.0283617243124897,17.0,randomized_2M
3268,reached_but_failed_grasp,action_clipping,3,0.0,0.0540486612453678,119.0,randomized_2M
3269,success,action_clipping,3,1.0,0.0017841710362186,31.0,randomized_2M
3330,reached_but_failed_grasp,action_delay,3,1.0,0.0168304814155943,18.0,randomized_2M
3331,reached_but_failed_grasp,action_delay,3,0.0,0.6657066759186022,10.0,randomized_2M
3332,reached_but_failed_grasp,action_delay,3,0.0,0.0978668878707388,26.0,randomized_2M
3333,reached_but_failed_grasp,action_delay,3,0.0,0.94772534270442,0.0,randomized_2M
3334,success,action_delay,3,1.0,0.0131861931792108,9.0,randomized_2M
3335,reached_but_failed_grasp,action_delay,3,0.0,0.4474948166373294,,randomized_2M
3336,reached_but_failed_grasp,action_delay,3,1.0,0.014774813175589,32.0,randomized_2M
3337,reached_but_failed_grasp,action_delay,3,0.0,1.086964835474119,,randomized_2M
3338,reached_but_failed_grasp,action_delay,3,0.0,0.7647551476611938,48.0,randomized_2M
3339,grasped_but_dropped,action_delay,3,0.0,0.6202257707381003,,randomized_2M
3340,never_reached_object,action_delay,3,0.0,0.2191373382687802,,randomized_2M
3341,reached_but_failed_grasp,action_delay,3,1.0,0.0285142223039072,12.0,randomized_2M
3342,reached_but_failed_grasp,action_delay,3,0.0,0.6495642275791448,16.0,randomized_2M
3343,never_reached_object,action_delay,3,0.0,0.2574102905370639,,randomized_2M
3344,never_reached_object,action_delay,3,0.0,0.1338297412238493,,randomized_2M
3345,reached_but_failed_grasp,action_delay,3,0.0,0.0805246548918705,12.0,randomized_2M
3346,reached_but_failed_grasp,action_delay,3,0.0,0.4719416933907753,,randomized_2M
3347,reached_but_failed_grasp,action_delay,3,0.0,0.5778751608656655,,randomized_2M
3348,grasped_but_dropped,action_delay,3,1.0,0.0198210140368771,34.0,randomized_2M
3349,never_reached_object,action_delay,3,0.0,0.3480997169291348,,randomized_2M
3350,never_reached_object,action_delay,3,0.0,0.3281712652057657,,randomized_2M
3351,reached_but_failed_grasp,action_delay,3,1.0,0.0283538835040135,7.0,randomized_2M
3352,never_reached_object,action_delay,3,0.0,0.2450258686917939,,randomized_2M
3353,reached_but_failed_grasp,action_delay,3,0.0,0.4764391920494245,,randomized_2M
3354,reached_but_failed_grasp,action_delay,3,0.0,0.4454014142930771,,randomized_2M
3355,reached_but_failed_grasp,action_delay,3,1.0,0.0011552249397207,11.0,randomized_2M
3356,success,action_delay,3,1.0,0.0440880232695824,45.0,randomized_2M
3357,success,action_delay,3,1.0,0.0323091424368889,5.0,randomized_2M
3358,success,action_delay,3,1.0,0.0208771627609505,9.0,randomized_2M
3359,divergent_transport,action_delay,3,0.0,0.1727966305230823,48.0,randomized_2M
3420,never_reached_object,action_reversal,3,0.0,0.0921920359218829,,randomized_2M
3421,never_reached_object,action_reversal,3,0.0,0.1713116515860395,,randomized_2M
3422,never_reached_object,action_reversal,3,0.0,0.2593607735209519,,randomized_2M
3423,never_reached_object,action_reversal,3,1.0,0.0499459820946752,0.0,randomized_2M
3424,never_reached_object,action_reversal,3,0.0,0.0977468901216232,,randomized_2M
3425,never_reached_object,action_reversal,3,0.0,0.2587031461612938,,randomized_2M
3426,never_reached_object,action_reversal,3,0.0,0.1698183853584665,,randomized_2M
3427,never_reached_object,action_reversal,3,0.0,0.2672982743785004,,randomized_2M
3428,never_reached_object,action_reversal,3,0.0,0.2209798349716103,,randomized_2M
3429,never_reached_object,action_reversal,3,0.0,0.279938516178967,,randomized_2M
3430,never_reached_object,action_reversal,3,0.0,0.2191373382687802,,randomized_2M
3431,never_reached_object,action_reversal,3,0.0,0.1529128863943263,,randomized_2M
3432,never_reached_object,action_reversal,3,0.0,0.0692846655247688,,randomized_2M
3433,reached_but_failed_grasp,action_reversal,3,0.0,0.4011099274240838,,randomized_2M
3434,never_reached_object,action_reversal,3,0.0,0.1338297412238493,,randomized_2M
3435,never_reached_object,action_reversal,3,0.0,0.1459001673444926,,randomized_2M
3436,never_reached_object,action_reversal,3,0.0,0.1392507413420566,,randomized_2M
3437,never_reached_object,action_reversal,3,0.0,0.1875237061164909,,randomized_2M
3438,never_reached_object,action_reversal,3,0.0,0.1980756682670635,,randomized_2M
3439,never_reached_object,action_reversal,3,0.0,0.3480997169291348,,randomized_2M
3440,never_reached_object,action_reversal,3,0.0,0.3281712652057657,,randomized_2M
3441,never_reached_object,action_reversal,3,0.0,0.076008293146753,,randomized_2M
3442,never_reached_object,action_reversal,3,0.0,0.2450258686917939,,randomized_2M
3443,never_reached_object,action_reversal,3,0.0,0.2103465960151156,,randomized_2M
3444,never_reached_object,action_reversal,3,0.0,0.1611516541029335,,randomized_2M
3445,never_reached_object,action_reversal,3,0.0,0.1236579761970561,,randomized_2M
3446,never_reached_object,action_reversal,3,0.0,0.2746588027334576,,randomized_2M
3447,never_reached_object,action_reversal,3,0.0,0.0584436120154639,,randomized_2M
3448,never_reached_object,action_reversal,3,0.0,0.0973883123062769,,randomized_2M
3449,never_reached_object,action_reversal,3,0.0,0.2166593825132957,,randomized_2M
3510,reached_but_failed_grasp,goal_spoof_immediate,3,0.0,0.135532886925134,12.0,randomized_2M
3511,spoofed_goal,goal_spoof_immediate,3,0.0,0.0925308569818438,,randomized_2M
3512,never_reached_object,goal_spoof_immediate,3,0.0,0.0624839833932986,,randomized_2M
3513,reached_but_failed_grasp,goal_spoof_immediate,3,0.0,0.1193276416610761,0.0,randomized_2M
3514,never_reached_object,goal_spoof_immediate,3,0.0,0.0623371969520002,,randomized_2M
3515,reached_but_failed_grasp,goal_spoof_immediate,3,0.0,0.2587031461612938,,randomized_2M
3516,reached_but_failed_grasp,goal_spoof_immediate,3,0.0,0.1179024928659773,,randomized_2M
3517,reached_but_failed_grasp,goal_spoof_immediate,3,0.0,0.1210271510826069,46.0,randomized_2M
3518,reached_but_failed_grasp,goal_spoof_immediate,3,0.0,0.1122362962827734,9.0,randomized_2M
3519,spoofed_goal,goal_spoof_immediate,3,0.0,0.0680597060006793,,randomized_2M
3520,never_reached_object,goal_spoof_immediate,3,0.0,0.2191373382687802,,randomized_2M
3521,reached_but_failed_grasp,goal_spoof_immediate,3,0.0,0.1352952332785848,,randomized_2M
3522,never_reached_object,goal_spoof_immediate,3,0.0,0.0692846655247688,,randomized_2M
3523,never_reached_object,goal_spoof_immediate,3,0.0,0.2574102905370639,,randomized_2M
3524,never_reached_object,goal_spoof_immediate,3,0.0,0.1338297412238493,,randomized_2M
3525,spoofed_goal,goal_spoof_immediate,3,0.0,0.0729049684453058,8.0,randomized_2M
3526,success,goal_spoof_immediate,3,1.0,0.0319251992531622,10.0,randomized_2M
3527,never_reached_object,goal_spoof_immediate,3,0.0,0.1875237061164909,,randomized_2M
3528,reached_but_failed_grasp,goal_spoof_immediate,3,0.0,0.5216209239386507,,randomized_2M
3529,never_reached_object,goal_spoof_immediate,3,0.0,0.3480997169291348,,randomized_2M
3530,never_reached_object,goal_spoof_immediate,3,0.0,0.3281712652057657,,randomized_2M
3531,reached_but_failed_grasp,goal_spoof_immediate,3,0.0,0.1134360884525387,5.0,randomized_2M
3532,never_reached_object,goal_spoof_immediate,3,0.0,0.2450258686917939,,randomized_2M
3533,grasped_but_dropped,goal_spoof_immediate,3,0.0,0.5985163209063006,,randomized_2M
3534,success,goal_spoof_immediate,3,1.0,0.0227222409840808,6.0,randomized_2M
3535,reached_but_failed_grasp,goal_spoof_immediate,3,0.0,0.0925862548598185,6.0,randomized_2M
3536,reached_but_failed_grasp,goal_spoof_immediate,3,0.0,0.1618767885650283,,randomized_2M
3537,spoofed_goal,goal_spoof_immediate,3,0.0,0.0834025174720992,2.0,randomized_2M
3538,reached_but_failed_grasp,goal_spoof_immediate,3,1.0,0.0260349737062839,10.0,randomized_2M
3539,spoofed_goal,goal_spoof_immediate,3,0.0,0.0636353786487534,36.0,randomized_2M
3600,reached_but_failed_grasp,goal_spoof_midep,3,1.0,0.0348629736230696,7.0,randomized_2M
3601,spoofed_goal,goal_spoof_midep,3,0.0,0.099515836158091,9.0,randomized_2M
3602,reached_but_failed_grasp,goal_spoof_midep,3,1.0,0.0156687234359282,17.0,randomized_2M
3603,reached_but_failed_grasp,goal_spoof_midep,3,1.0,0.032011481739333,0.0,randomized_2M
3604,divergent_transport,goal_spoof_midep,3,0.0,0.0506838042461989,7.0,randomized_2M
3605,reached_but_failed_grasp,goal_spoof_midep,3,0.0,0.4347969805145396,17.0,randomized_2M
3606,spoofed_goal,goal_spoof_midep,3,0.0,0.4749884686109053,10.0,randomized_2M
3607,reached_but_failed_grasp,goal_spoof_midep,3,0.0,0.2672982743785004,,randomized_2M
3608,spoofed_goal,goal_spoof_midep,3,0.0,0.1246021207347543,26.0,randomized_2M
3609,grasped_but_dropped,goal_spoof_midep,3,0.0,0.4557296825649271,19.0,randomized_2M
3610,never_reached_object,goal_spoof_midep,3,0.0,0.2191373382687802,,randomized_2M
3611,reached_but_failed_grasp,goal_spoof_midep,3,1.0,0.045156588883642,10.0,randomized_2M
3612,reached_but_failed_grasp,goal_spoof_midep,3,1.0,0.0447200130220113,5.0,randomized_2M
3613,never_reached_object,goal_spoof_midep,3,0.0,0.2574102905370639,,randomized_2M
3614,reached_but_failed_grasp,goal_spoof_midep,3,0.0,0.1250595230378441,,randomized_2M
3615,spoofed_goal,goal_spoof_midep,3,0.0,0.0541641333385314,11.0,randomized_2M
3616,reached_but_failed_grasp,goal_spoof_midep,3,0.0,0.4356804428214874,8.0,randomized_2M
3617,grasped_but_dropped,goal_spoof_midep,3,0.0,0.1049194502187578,69.0,randomized_2M
3618,reached_but_failed_grasp,goal_spoof_midep,3,0.0,0.5505990227287165,16.0,randomized_2M
3619,never_reached_object,goal_spoof_midep,3,0.0,0.3480997169291348,,randomized_2M
3620,never_reached_object,goal_spoof_midep,3,0.0,0.3281712652057657,,randomized_2M
3621,spoofed_goal,goal_spoof_midep,3,0.0,0.1236242554923805,5.0,randomized_2M
3622,never_reached_object,goal_spoof_midep,3,0.0,0.2450258686917939,,randomized_2M
3623,success,goal_spoof_midep,3,1.0,0.0478442746596803,23.0,randomized_2M
3624,reached_but_failed_grasp,goal_spoof_midep,3,0.0,0.5091437075588641,14.0,randomized_2M
3625,reached_but_failed_grasp,goal_spoof_midep,3,0.0,0.1181801630961321,7.0,randomized_2M
3626,success,goal_spoof_midep,3,1.0,0.0220957433643755,15.0,randomized_2M
3627,success,goal_spoof_midep,3,1.0,0.0105299440448835,2.0,randomized_2M
3628,spoofed_goal,goal_spoof_midep,3,0.0,0.0949355052936149,8.0,randomized_2M
3629,success,goal_spoof_midep,3,1.0,0.0465752329397325,11.0,randomized_2M
3690,divergent_transport,object_pose_spoof,3,0.0,0.0771495189105788,10.0,randomized_2M
3691,divergent_transport,object_pose_spoof,3,0.0,0.0679140159228166,,randomized_2M
3692,reached_but_failed_grasp,object_pose_spoof,3,1.0,0.0325046999561988,45.0,randomized_2M
3693,never_reached_object,object_pose_spoof,3,0.0,0.0726674149755231,0.0,randomized_2M
3694,reached_but_failed_grasp,object_pose_spoof,3,0.0,0.0909292828947617,9.0,randomized_2M
3695,reached_but_failed_grasp,object_pose_spoof,3,0.0,0.0651990582808758,19.0,randomized_2M
3696,reached_but_failed_grasp,object_pose_spoof,3,0.0,0.1091633477484038,,randomized_2M
3697,never_reached_object,object_pose_spoof,3,0.0,0.233529367106841,,randomized_2M
3698,reached_but_failed_grasp,object_pose_spoof,3,0.0,0.1754937250128043,11.0,randomized_2M
3699,reached_but_failed_grasp,object_pose_spoof,3,0.0,0.6170671760400522,,randomized_2M
3700,never_reached_object,object_pose_spoof,3,0.0,0.2191373382687802,,randomized_2M
3701,success,object_pose_spoof,3,1.0,0.038042460298094,11.0,randomized_2M
3702,reached_but_failed_grasp,object_pose_spoof,3,1.0,0.0463811146307984,23.0,randomized_2M
3703,never_reached_object,object_pose_spoof,3,0.0,0.2574102905370639,,randomized_2M
3704,never_reached_object,object_pose_spoof,3,0.0,0.1338297412238493,,randomized_2M
3705,reached_but_failed_grasp,object_pose_spoof,3,0.0,0.1621612859620494,,randomized_2M
3706,reached_but_failed_grasp,object_pose_spoof,3,0.0,0.0974666309361544,,randomized_2M
3707,grasped_but_dropped,object_pose_spoof,3,0.0,0.87473792624399,,randomized_2M
3708,divergent_transport,object_pose_spoof,3,0.0,0.5751988186809461,18.0,randomized_2M
3709,never_reached_object,object_pose_spoof,3,0.0,0.3480997169291348,,randomized_2M
3710,never_reached_object,object_pose_spoof,3,0.0,0.3281712652057657,,randomized_2M
3711,reached_but_failed_grasp,object_pose_spoof,3,0.0,0.0968212308966027,,randomized_2M
3712,never_reached_object,object_pose_spoof,3,0.0,0.2450258686917939,,randomized_2M
3713,grasped_but_dropped,object_pose_spoof,3,0.0,0.2109203704869608,,randomized_2M
3714,divergent_transport,object_pose_spoof,3,0.0,0.0765472790509821,6.0,randomized_2M
3715,reached_but_failed_grasp,object_pose_spoof,3,0.0,0.1064758270857963,13.0,randomized_2M
3716,divergent_transport,object_pose_spoof,3,0.0,0.0510397139040217,17.0,randomized_2M
3717,divergent_transport,object_pose_spoof,3,0.0,0.0602480206786648,6.0,randomized_2M
3718,grasped_but_dropped,object_pose_spoof,3,0.0,0.4724907014003773,,randomized_2M
3719,reached_but_failed_grasp,object_pose_spoof,3,0.0,0.5009215773901241,24.0,randomized_2M
3780,success,grip_state_falsification,3,1.0,0.0079345554074918,13.0,randomized_2M
3781,reached_but_failed_grasp,grip_state_falsification,3,1.0,0.012235898825262,7.0,randomized_2M
3782,reached_but_failed_grasp,grip_state_falsification,3,1.0,0.0117720722123704,12.0,randomized_2M
3783,success,grip_state_falsification,3,1.0,0.0090710115318928,0.0,randomized_2M
3784,reached_but_failed_grasp,grip_state_falsification,3,1.0,0.0228024888828166,6.0,randomized_2M
3785,reached_but_failed_grasp,grip_state_falsification,3,0.0,0.0623760849407135,,randomized_2M
3786,reached_but_failed_grasp,grip_state_falsification,3,0.0,0.9371909714975571,7.0,randomized_2M
3787,never_reached_object,grip_state_falsification,3,0.0,0.2672982743785004,,randomized_2M
3788,reached_but_failed_grasp,grip_state_falsification,3,1.0,0.035398584805276,16.0,randomized_2M
3789,success,grip_state_falsification,3,1.0,0.0104660725346099,31.0,randomized_2M
3790,never_reached_object,grip_state_falsification,3,0.0,0.2191373382687802,,randomized_2M
3791,reached_but_failed_grasp,grip_state_falsification,3,1.0,0.0183583224316461,7.0,randomized_2M
3792,reached_but_failed_grasp,grip_state_falsification,3,1.0,0.0261517177270315,7.0,randomized_2M
3793,never_reached_object,grip_state_falsification,3,0.0,0.2574102905370639,,randomized_2M
3794,never_reached_object,grip_state_falsification,3,0.0,0.1338297412238493,,randomized_2M
3795,reached_but_failed_grasp,grip_state_falsification,3,1.0,0.0177663501076946,8.0,randomized_2M
3796,reached_but_failed_grasp,grip_state_falsification,3,0.0,0.5123553015075352,10.0,randomized_2M
3797,reached_but_failed_grasp,grip_state_falsification,3,0.0,0.9133301805614552,,randomized_2M
3798,reached_but_failed_grasp,grip_state_falsification,3,1.0,0.0202209611520481,10.0,randomized_2M
3799,never_reached_object,grip_state_falsification,3,0.0,0.3480997169291348,,randomized_2M
3800,never_reached_object,grip_state_falsification,3,0.0,0.3281712652057657,,randomized_2M
3801,reached_but_failed_grasp,grip_state_falsification,3,1.0,0.0223002052019972,11.0,randomized_2M
3802,never_reached_object,grip_state_falsification,3,0.0,0.2450258686917939,,randomized_2M
3803,grasped_but_dropped,grip_state_falsification,3,0.0,0.8409600768921972,27.0,randomized_2M
3804,grasped_but_dropped,grip_state_falsification,3,1.0,0.0247101442750691,79.0,randomized_2M
3805,success,grip_state_falsification,3,1.0,0.0247339260934851,12.0,randomized_2M
3806,never_reached_object,grip_state_falsification,3,0.0,0.6113464377317656,,randomized_2M
3807,reached_but_failed_grasp,grip_state_falsification,3,1.0,0.0308057362806907,2.0,randomized_2M
3808,reached_but_failed_grasp,grip_state_falsification,3,1.0,0.0211165806629422,13.0,randomized_2M
3809,reached_but_failed_grasp,grip_state_falsification,3,1.0,0.0312873398773913,19.0,randomized_2M
3870,never_reached_object,contact_dropout,3,0.0,0.0921920359218829,,randomized_2M
3871,never_reached_object,contact_dropout,3,0.0,0.1713116515860395,,randomized_2M
3872,never_reached_object,contact_dropout,3,0.0,0.2593607735209519,,randomized_2M
3873,reached_but_failed_grasp,contact_dropout,3,0.0,0.0913992400244996,0.0,randomized_2M
3874,never_reached_object,contact_dropout,3,0.0,0.0977468901216232,,randomized_2M
3875,grasped_but_dropped,contact_dropout,3,0.0,0.8149779977465681,,randomized_2M
3876,never_reached_object,contact_dropout,3,0.0,0.1698183853584665,,randomized_2M
3877,reached_but_failed_grasp,contact_dropout,3,0.0,0.2974140909409492,,randomized_2M
3878,never_reached_object,contact_dropout,3,0.0,0.5589376296217986,,randomized_2M
3879,never_reached_object,contact_dropout,3,0.0,0.279938516178967,,randomized_2M
3880,never_reached_object,contact_dropout,3,0.0,0.2191373382687802,,randomized_2M
3881,never_reached_object,contact_dropout,3,0.0,0.1529128863943263,,randomized_2M
3882,never_reached_object,contact_dropout,3,0.0,0.0692846655247688,,randomized_2M
3883,never_reached_object,contact_dropout,3,0.0,0.2574102905370639,,randomized_2M
3884,never_reached_object,contact_dropout,3,0.0,0.1338297412238493,,randomized_2M
3885,never_reached_object,contact_dropout,3,0.0,0.1459001673444926,,randomized_2M
3886,reached_but_failed_grasp,contact_dropout,3,0.0,0.6525898227605315,,randomized_2M
3887,never_reached_object,contact_dropout,3,0.0,0.1398922204122778,,randomized_2M
3888,never_reached_object,contact_dropout,3,0.0,0.1980756682670635,,randomized_2M
3889,never_reached_object,contact_dropout,3,0.0,0.3480997169291348,,randomized_2M
3890,never_reached_object,contact_dropout,3,0.0,0.3281712652057657,,randomized_2M
3891,never_reached_object,contact_dropout,3,0.0,0.076008293146753,,randomized_2M
3892,never_reached_object,contact_dropout,3,0.0,0.2450258686917939,,randomized_2M
3893,never_reached_object,contact_dropout,3,0.0,0.2103465960151156,,randomized_2M
3894,never_reached_object,contact_dropout,3,0.0,0.1611516541029335,,randomized_2M
3895,never_reached_object,contact_dropout,3,0.0,0.1236579761970561,,randomized_2M
3896,never_reached_object,contact_dropout,3,0.0,0.2746588027334576,,randomized_2M
3897,never_reached_object,contact_dropout,3,0.0,0.0584436120154639,,randomized_2M
3898,never_reached_object,contact_dropout,3,0.0,0.1282178041259795,,randomized_2M
3899,never_reached_object,contact_dropout,3,0.0,0.2166593825132957,,randomized_2M
3960,never_reached_object,clean,4,0.0,0.4295086272890401,,randomized_2M
3961,reached_but_failed_grasp,clean,4,1.0,0.0328091108743947,13.0,randomized_2M
3962,reached_but_failed_grasp,clean,4,0.0,0.0735382940259635,,randomized_2M
3963,never_reached_object,clean,4,0.0,0.4343474150549246,,randomized_2M
3964,reached_but_failed_grasp,clean,4,1.0,0.0191788743915319,13.0,randomized_2M
3965,never_reached_object,clean,4,0.0,0.2261682395328582,,randomized_2M
3966,reached_but_failed_grasp,clean,4,1.0,0.0354220413274527,14.0,randomized_2M
3967,never_reached_object,clean,4,0.0,0.3892672676711604,,randomized_2M
3968,reached_but_failed_grasp,clean,4,1.0,0.0115783750972091,21.0,randomized_2M
3969,grasped_but_dropped,clean,4,1.0,0.0114284065303905,34.0,randomized_2M
3970,success,clean,4,1.0,0.0049444730504279,6.0,randomized_2M
3971,never_reached_object,clean,4,0.0,0.4413383870029088,,randomized_2M
3972,never_reached_object,clean,4,0.0,0.4497230303156639,,randomized_2M
3973,reached_but_failed_grasp,clean,4,1.0,0.0480031674904658,11.0,randomized_2M
3974,grasped_but_dropped,clean,4,0.0,0.0526130224205426,19.0,randomized_2M
3975,success,clean,4,1.0,0.0071421517640504,2.0,randomized_2M
3976,reached_but_failed_grasp,clean,4,1.0,0.0223154193640959,8.0,randomized_2M
3977,never_reached_object,clean,4,0.0,0.4442359995615462,,randomized_2M
3978,success,clean,4,1.0,0.0427331275702933,12.0,randomized_2M
3979,never_reached_object,clean,4,0.0,0.4243770527675358,,randomized_2M
3980,reached_but_failed_grasp,clean,4,1.0,0.0335964453302536,7.0,randomized_2M
3981,never_reached_object,clean,4,0.0,0.4431327053117166,,randomized_2M
3982,reached_but_failed_grasp,clean,4,1.0,0.0066618583583787,2.0,randomized_2M
3983,success,clean,4,1.0,0.006706045732967,11.0,randomized_2M
3984,never_reached_object,clean,4,0.0,0.4263347277634866,,randomized_2M
3985,never_reached_object,clean,4,0.0,0.3662215000153558,,randomized_2M
3986,reached_but_failed_grasp,clean,4,1.0,0.0186979860030617,8.0,randomized_2M
3987,never_reached_object,clean,4,0.0,0.2414766116036234,,randomized_2M
3988,never_reached_object,clean,4,0.0,0.3040811076016184,,randomized_2M
3989,never_reached_object,clean,4,0.0,0.4984169991670304,,randomized_2M
4050,never_reached_object,sensor_dropout,4,0.0,0.4295086272890401,,randomized_2M
4051,never_reached_object,sensor_dropout,4,0.0,0.2676570314780934,,randomized_2M
4052,never_reached_object,sensor_dropout,4,0.0,0.1805411928599704,,randomized_2M
4053,never_reached_object,sensor_dropout,4,0.0,0.4343474150549246,,randomized_2M
4054,never_reached_object,sensor_dropout,4,0.0,0.1068484092360447,,randomized_2M
4055,reached_but_failed_grasp,sensor_dropout,4,0.0,0.9717777975412843,,randomized_2M
4056,never_reached_object,sensor_dropout,4,0.0,0.2986576663914672,,randomized_2M
4057,never_reached_object,sensor_dropout,4,0.0,0.3892672676711604,,randomized_2M
4058,never_reached_object,sensor_dropout,4,0.0,0.2166554267276113,,randomized_2M
4059,reached_but_failed_grasp,sensor_dropout,4,0.0,0.2509328493314462,,randomized_2M
4060,never_reached_object,sensor_dropout,4,0.0,0.1750517346496344,,randomized_2M
4061,never_reached_object,sensor_dropout,4,0.0,0.4413383870029088,,randomized_2M
4062,never_reached_object,sensor_dropout,4,0.0,0.4497230303156639,,randomized_2M
4063,never_reached_object,sensor_dropout,4,0.0,0.122400123784964,,randomized_2M
4064,never_reached_object,sensor_dropout,4,0.0,0.1703734636857056,,randomized_2M
4065,never_reached_object,sensor_dropout,4,0.0,0.0572526063446548,,randomized_2M
4066,never_reached_object,sensor_dropout,4,0.0,0.0810191806195431,,randomized_2M
4067,never_reached_object,sensor_dropout,4,0.0,0.4442359995615462,,randomized_2M
4068,never_reached_object,sensor_dropout,4,0.0,0.2099680938524908,,randomized_2M
4069,never_reached_object,sensor_dropout,4,0.0,0.4243770527675358,,randomized_2M
4070,never_reached_object,sensor_dropout,4,0.0,0.1723055609233818,,randomized_2M
4071,never_reached_object,sensor_dropout,4,0.0,0.4431327053117166,,randomized_2M
4072,never_reached_object,sensor_dropout,4,0.0,0.0721134074063093,,randomized_2M
4073,never_reached_object,sensor_dropout,4,0.0,0.150515130925436,,randomized_2M
4074,never_reached_object,sensor_dropout,4,0.0,0.4263347277634866,,randomized_2M
4075,never_reached_object,sensor_dropout,4,0.0,0.3662215000153558,,randomized_2M
4076,never_reached_object,sensor_dropout,4,0.0,0.1437793465619575,,randomized_2M
4077,never_reached_object,sensor_dropout,4,0.0,0.2414766116036234,,randomized_2M
4078,never_reached_object,sensor_dropout,4,0.0,0.3040811076016184,,randomized_2M
4079,never_reached_object,sensor_dropout,4,0.0,0.4984169991670304,,randomized_2M
4140,never_reached_object,sensor_bias,4,0.0,0.4295086272890401,,randomized_2M
4141,reached_but_failed_grasp,sensor_bias,4,0.0,0.6934726769114473,,randomized_2M
4142,never_reached_object,sensor_bias,4,0.0,0.1805411928599704,,randomized_2M
4143,never_reached_object,sensor_bias,4,0.0,0.4343474150549246,,randomized_2M
4144,never_reached_object,sensor_bias,4,0.0,0.1068484092360447,,randomized_2M
4145,never_reached_object,sensor_bias,4,0.0,0.2261682395328582,,randomized_2M
4146,never_reached_object,sensor_bias,4,0.0,0.2986576663914672,,randomized_2M
4147,never_reached_object,sensor_bias,4,0.0,0.3892672676711604,,randomized_2M
4148,never_reached_object,sensor_bias,4,0.0,0.2166554267276113,,randomized_2M
4149,never_reached_object,sensor_bias,4,0.0,0.2509328493314462,,randomized_2M
4150,never_reached_object,sensor_bias,4,0.0,0.1750517346496344,,randomized_2M
4151,never_reached_object,sensor_bias,4,0.0,0.4413383870029088,,randomized_2M
4152,never_reached_object,sensor_bias,4,0.0,0.4497230303156639,,randomized_2M
4153,never_reached_object,sensor_bias,4,0.0,0.122400123784964,,randomized_2M
4154,never_reached_object,sensor_bias,4,0.0,0.1703734636857056,,randomized_2M
4155,never_reached_object,sensor_bias,4,0.0,0.0572526063446548,,randomized_2M
4156,never_reached_object,sensor_bias,4,0.0,0.0810191806195431,,randomized_2M
4157,never_reached_object,sensor_bias,4,0.0,0.4442359995615462,,randomized_2M
4158,reached_but_failed_grasp,sensor_bias,4,0.0,0.4843716660737504,,randomized_2M
4159,never_reached_object,sensor_bias,4,0.0,0.4243770527675358,,randomized_2M
4160,never_reached_object,sensor_bias,4,0.0,0.1723055609233818,,randomized_2M
4161,never_reached_object,sensor_bias,4,0.0,0.4431327053117166,,randomized_2M
4162,never_reached_object,sensor_bias,4,0.0,0.0721134074063093,,randomized_2M
4163,never_reached_object,sensor_bias,4,0.0,0.150515130925436,,randomized_2M
4164,never_reached_object,sensor_bias,4,0.0,0.4263347277634866,,randomized_2M
4165,never_reached_object,sensor_bias,4,0.0,0.3662215000153558,,randomized_2M
4166,never_reached_object,sensor_bias,4,0.0,0.1437793465619575,,randomized_2M
4167,never_reached_object,sensor_bias,4,0.0,0.2414766116036234,,randomized_2M
4168,never_reached_object,sensor_bias,4,0.0,0.3040811076016184,,randomized_2M
4169,never_reached_object,sensor_bias,4,0.0,0.4984169991670304,,randomized_2M
4230,never_reached_object,action_clipping,4,0.0,0.4295086272890401,,randomized_2M
4231,reached_but_failed_grasp,action_clipping,4,0.0,0.5735774480825165,,randomized_2M
4232,reached_but_failed_grasp,action_clipping,4,0.0,0.1298535178764378,,randomized_2M
4233,never_reached_object,action_clipping,4,0.0,0.4343474150549246,,randomized_2M
4234,reached_but_failed_grasp,action_clipping,4,1.0,0.0440309528180827,30.0,randomized_2M
4235,never_reached_object,action_clipping,4,0.0,0.2261682395328582,,randomized_2M
4236,success,action_clipping,4,1.0,0.0201409588505882,75.0,randomized_2M
4237,never_reached_object,action_clipping,4,0.0,0.3892672676711604,,randomized_2M
4238,reached_but_failed_grasp,action_clipping,4,1.0,0.0052640167919185,33.0,randomized_2M
4239,reached_but_failed_grasp,action_clipping,4,0.0,0.2599100428823316,,randomized_2M
4240,reached_but_failed_grasp,action_clipping,4,0.0,0.0525975433096617,23.0,randomized_2M
4241,never_reached_object,action_clipping,4,0.0,0.4413383870029088,,randomized_2M
4242,never_reached_object,action_clipping,4,0.0,0.4497230303156639,,randomized_2M
4243,reached_but_failed_grasp,action_clipping,4,1.0,0.0071396340228461,29.0,randomized_2M
4244,success,action_clipping,4,1.0,0.0266343486085429,48.0,randomized_2M
4245,never_reached_object,action_clipping,4,1.0,0.0061935062874154,8.0,randomized_2M
4246,success,action_clipping,4,1.0,0.0077161440993037,26.0,randomized_2M
4247,never_reached_object,action_clipping,4,0.0,0.4442359995615462,,randomized_2M
4248,reached_but_failed_grasp,action_clipping,4,1.0,0.0156282368404962,49.0,randomized_2M
4249,never_reached_object,action_clipping,4,0.0,0.4243770527675358,,randomized_2M
4250,success,action_clipping,4,1.0,0.0260074022315992,26.0,randomized_2M
4251,never_reached_object,action_clipping,4,0.0,0.4431327053117166,,randomized_2M
4252,never_reached_object,action_clipping,4,1.0,0.0416877669548242,11.0,randomized_2M
4253,reached_but_failed_grasp,action_clipping,4,1.0,0.0183610774059022,30.0,randomized_2M
4254,never_reached_object,action_clipping,4,0.0,0.4263347277634866,,randomized_2M
4255,never_reached_object,action_clipping,4,0.0,0.3662215000153558,,randomized_2M
4256,reached_but_failed_grasp,action_clipping,4,1.0,0.0322052033229004,31.0,randomized_2M
4257,never_reached_object,action_clipping,4,0.0,0.2414766116036234,,randomized_2M
4258,never_reached_object,action_clipping,4,0.0,0.3040811076016184,,randomized_2M
4259,never_reached_object,action_clipping,4,0.0,0.4984169991670304,,randomized_2M
4320,never_reached_object,action_delay,4,0.0,0.4295086272890401,,randomized_2M
4321,reached_but_failed_grasp,action_delay,4,0.0,0.4479749142168018,17.0,randomized_2M
4322,reached_but_failed_grasp,action_delay,4,0.0,0.1187644245333434,,randomized_2M
4323,never_reached_object,action_delay,4,0.0,0.4343474150549246,,randomized_2M
4324,reached_but_failed_grasp,action_delay,4,1.0,0.0108238589770999,10.0,randomized_2M
4325,never_reached_object,action_delay,4,0.0,0.2261682395328582,,randomized_2M
4326,reached_but_failed_grasp,action_delay,4,1.0,0.0159397417054475,20.0,randomized_2M
4327,never_reached_object,action_delay,4,0.0,0.3892672676711604,,randomized_2M
4328,grasped_but_dropped,action_delay,4,1.0,0.0157098510559573,98.0,randomized_2M
4329,reached_but_failed_grasp,action_delay,4,1.0,0.0335889411048425,25.0,randomized_2M
4330,reached_but_failed_grasp,action_delay,4,0.0,0.4350077315362298,,randomized_2M
4331,never_reached_object,action_delay,4,0.0,0.4413383870029088,,randomized_2M
4332,never_reached_object,action_delay,4,0.0,0.4497230303156639,,randomized_2M
4333,reached_but_failed_grasp,action_delay,4,1.0,0.0223177114756022,8.0,randomized_2M
4334,reached_but_failed_grasp,action_delay,4,0.0,0.0517636312848917,43.0,randomized_2M
4335,reached_but_failed_grasp,action_delay,4,1.0,0.0278566180497801,6.0,randomized_2M
4336,reached_but_failed_grasp,action_delay,4,1.0,0.0090893729109735,11.0,randomized_2M
4337,never_reached_object,action_delay,4,0.0,0.4442359995615462,,randomized_2M
4338,divergent_transport,action_delay,4,0.0,0.324967625641638,18.0,randomized_2M
4339,never_reached_object,action_delay,4,0.0,0.4243770527675358,,randomized_2M
4340,reached_but_failed_grasp,action_delay,4,0.0,0.6669610808538523,,randomized_2M
4341,never_reached_object,action_delay,4,0.0,0.4431327053117166,,randomized_2M
4342,reached_but_failed_grasp,action_delay,4,1.0,0.0095387915901898,5.0,randomized_2M
4343,reached_but_failed_grasp,action_delay,4,1.0,0.0326966878819275,32.0,randomized_2M
4344,never_reached_object,action_delay,4,0.0,0.4263347277634866,,randomized_2M
4345,never_reached_object,action_delay,4,0.0,0.3662215000153558,,randomized_2M
4346,reached_but_failed_grasp,action_delay,4,1.0,0.0191631285080338,10.0,randomized_2M
4347,never_reached_object,action_delay,4,0.0,0.2414766116036234,,randomized_2M
4348,never_reached_object,action_delay,4,0.0,0.3040811076016184,,randomized_2M
4349,never_reached_object,action_delay,4,0.0,0.4984169991670304,,randomized_2M
4410,never_reached_object,action_reversal,4,0.0,0.4295086272890401,,randomized_2M
4411,never_reached_object,action_reversal,4,0.0,0.2676570314780934,,randomized_2M
4412,never_reached_object,action_reversal,4,0.0,0.1805411928599704,,randomized_2M
4413,never_reached_object,action_reversal,4,0.0,0.4343474150549246,,randomized_2M
4414,never_reached_object,action_reversal,4,0.0,0.1068484092360447,,randomized_2M
4415,never_reached_object,action_reversal,4,0.0,0.2261682395328582,,randomized_2M
4416,never_reached_object,action_reversal,4,0.0,0.2986576663914672,,randomized_2M
4417,reached_but_failed_grasp,action_reversal,4,0.0,0.957006913590918,,randomized_2M
4418,never_reached_object,action_reversal,4,0.0,0.2166554267276113,,randomized_2M
4419,never_reached_object,action_reversal,4,0.0,0.2509328493314462,,randomized_2M
4420,never_reached_object,action_reversal,4,0.0,0.1750517346496344,,randomized_2M
4421,never_reached_object,action_reversal,4,0.0,0.4413383870029088,,randomized_2M
4422,never_reached_object,action_reversal,4,0.0,0.4497230303156639,,randomized_2M
4423,never_reached_object,action_reversal,4,0.0,0.122400123784964,,randomized_2M
4424,never_reached_object,action_reversal,4,0.0,0.1703734636857056,,randomized_2M
4425,never_reached_object,action_reversal,4,0.0,0.0572526063446548,,randomized_2M
4426,never_reached_object,action_reversal,4,0.0,0.0810191806195431,,randomized_2M
4427,never_reached_object,action_reversal,4,0.0,0.4442359995615462,,randomized_2M
4428,never_reached_object,action_reversal,4,0.0,0.2099680938524908,,randomized_2M
4429,never_reached_object,action_reversal,4,0.0,0.4243770527675358,,randomized_2M
4430,never_reached_object,action_reversal,4,0.0,0.1723055609233818,,randomized_2M
4431,never_reached_object,action_reversal,4,0.0,0.4431327053117166,,randomized_2M
4432,never_reached_object,action_reversal,4,0.0,0.0721134074063093,,randomized_2M
4433,never_reached_object,action_reversal,4,0.0,0.150515130925436,,randomized_2M
4434,never_reached_object,action_reversal,4,0.0,0.4263347277634866,,randomized_2M
4435,never_reached_object,action_reversal,4,0.0,0.3662215000153558,,randomized_2M
4436,never_reached_object,action_reversal,4,0.0,0.1437793465619575,,randomized_2M
4437,never_reached_object,action_reversal,4,0.0,0.2414766116036234,,randomized_2M
4438,never_reached_object,action_reversal,4,0.0,0.3040811076016184,,randomized_2M
4439,never_reached_object,action_reversal,4,0.0,0.4984169991670304,,randomized_2M
4500,never_reached_object,goal_spoof_immediate,4,0.0,0.4295086272890401,,randomized_2M
4501,reached_but_failed_grasp,goal_spoof_immediate,4,0.0,0.0708895382367932,,randomized_2M
4502,reached_but_failed_grasp,goal_spoof_immediate,4,0.0,0.0938019910064791,,randomized_2M
4503,never_reached_object,goal_spoof_immediate,4,0.0,0.4343474150549246,,randomized_2M
4504,never_reached_object,goal_spoof_immediate,4,0.0,0.1068484092360447,,randomized_2M
4505,never_reached_object,goal_spoof_immediate,4,0.0,0.2261682395328582,,randomized_2M
4506,spoofed_goal,goal_spoof_immediate,4,0.0,0.100265428759863,,randomized_2M
4507,never_reached_object,goal_spoof_immediate,4,0.0,0.3892672676711604,,randomized_2M
4508,spoofed_goal,goal_spoof_immediate,4,0.0,0.0601290456338107,13.0,randomized_2M
4509,grasped_but_dropped,goal_spoof_immediate,4,0.0,0.0632988458167455,20.0,randomized_2M
4510,reached_but_failed_grasp,goal_spoof_immediate,4,0.0,0.6478329721474014,,randomized_2M
4511,never_reached_object,goal_spoof_immediate,4,0.0,0.4413383870029088,,randomized_2M
4512,never_reached_object,goal_spoof_immediate,4,0.0,0.4497230303156639,,randomized_2M
4513,never_reached_object,goal_spoof_immediate,4,0.0,0.1269138569058358,,randomized_2M
4514,grasped_but_dropped,goal_spoof_immediate,4,0.0,0.1061925827490568,,randomized_2M
4515,grasped_but_dropped,goal_spoof_immediate,4,0.0,0.5257607360493588,,randomized_2M
4516,spoofed_goal,goal_spoof_immediate,4,0.0,0.0555062629671554,8.0,randomized_2M
4517,never_reached_object,goal_spoof_immediate,4,0.0,0.4442359995615462,,randomized_2M
4518,never_reached_object,goal_spoof_immediate,4,0.0,0.2099680938524908,,randomized_2M
4519,never_reached_object,goal_spoof_immediate,4,0.0,0.4243770527675358,,randomized_2M
4520,never_reached_object,goal_spoof_immediate,4,0.0,0.5179537723267773,,randomized_2M
4521,never_reached_object,goal_spoof_immediate,4,0.0,0.4431327053117166,,randomized_2M
4522,never_reached_object,goal_spoof_immediate,4,0.0,0.0721134074063093,,randomized_2M
4523,reached_but_failed_grasp,goal_spoof_immediate,4,0.0,0.150515130925436,,randomized_2M
4524,never_reached_object,goal_spoof_immediate,4,0.0,0.4263347277634866,,randomized_2M
4525,never_reached_object,goal_spoof_immediate,4,0.0,0.3662215000153558,,randomized_2M
4526,spoofed_goal,goal_spoof_immediate,4,0.0,0.0849236232711418,21.0,randomized_2M
4527,never_reached_object,goal_spoof_immediate,4,0.0,0.2414766116036234,,randomized_2M
4528,reached_but_failed_grasp,goal_spoof_immediate,4,0.0,0.3023543464193159,,randomized_2M
4529,never_reached_object,goal_spoof_immediate,4,0.0,0.4984169991670304,,randomized_2M
4590,never_reached_object,goal_spoof_midep,4,0.0,0.4295086272890401,,randomized_2M
4591,reached_but_failed_grasp,goal_spoof_midep,4,0.0,0.7137415096438744,13.0,randomized_2M
4592,reached_but_failed_grasp,goal_spoof_midep,4,0.0,0.0735382940259635,,randomized_2M
4593,never_reached_object,goal_spoof_midep,4,0.0,0.4343474150549246,,randomized_2M
4594,reached_but_failed_grasp,goal_spoof_midep,4,0.0,0.1214529683571647,13.0,randomized_2M
4595,grasped_but_dropped,goal_spoof_midep,4,0.0,0.1122863845140484,,randomized_2M
4596,reached_but_failed_grasp,goal_spoof_midep,4,0.0,0.0605849926323874,14.0,randomized_2M
4597,never_reached_object,goal_spoof_midep,4,0.0,0.3892672676711604,,randomized_2M
4598,reached_but_failed_grasp,goal_spoof_midep,4,1.0,0.0471444868157729,21.0,randomized_2M
4599,grasped_but_dropped,goal_spoof_midep,4,0.0,0.0985886354385246,34.0,randomized_2M
4600,spoofed_goal,goal_spoof_midep,4,0.0,0.0955246531465003,6.0,randomized_2M
4601,never_reached_object,goal_spoof_midep,4,0.0,0.4413383870029088,,randomized_2M
4602,never_reached_object,goal_spoof_midep,4,0.0,0.4497230303156639,,randomized_2M
4603,reached_but_failed_grasp,goal_spoof_midep,4,0.0,0.0737902834235422,11.0,randomized_2M
4604,grasped_but_dropped,goal_spoof_midep,4,0.0,0.381935426720648,19.0,randomized_2M
4605,success,goal_spoof_midep,4,1.0,0.0071421517640504,2.0,randomized_2M
4606,reached_but_failed_grasp,goal_spoof_midep,4,0.0,0.0538893354245973,8.0,randomized_2M
4607,never_reached_object,goal_spoof_midep,4,0.0,0.4442359995615462,,randomized_2M
4608,success,goal_spoof_midep,4,1.0,0.0427331275702933,12.0,randomized_2M
4609,never_reached_object,goal_spoof_midep,4,0.0,0.4243770527675358,,randomized_2M
4610,reached_but_failed_grasp,goal_spoof_midep,4,1.0,0.0335964453302536,7.0,randomized_2M
4611,never_reached_object,goal_spoof_midep,4,0.0,0.4431327053117166,,randomized_2M
4612,reached_but_failed_grasp,goal_spoof_midep,4,1.0,0.0066618583583787,2.0,randomized_2M
4613,success,goal_spoof_midep,4,1.0,0.0417305414360945,11.0,randomized_2M
4614,never_reached_object,goal_spoof_midep,4,0.0,0.4263347277634866,,randomized_2M
4615,never_reached_object,goal_spoof_midep,4,0.0,0.3662215000153558,,randomized_2M
4616,reached_but_failed_grasp,goal_spoof_midep,4,1.0,0.0186979860030617,8.0,randomized_2M
4617,never_reached_object,goal_spoof_midep,4,0.0,0.2414766116036234,,randomized_2M
4618,never_reached_object,goal_spoof_midep,4,0.0,0.3040811076016184,,randomized_2M
4619,never_reached_object,goal_spoof_midep,4,0.0,0.4984169991670304,,randomized_2M
4680,never_reached_object,object_pose_spoof,4,0.0,0.4295086272890401,,randomized_2M
4681,divergent_transport,object_pose_spoof,4,0.0,0.1603725005632649,,randomized_2M
4682,reached_but_failed_grasp,object_pose_spoof,4,0.0,0.1323668819050782,,randomized_2M
4683,never_reached_object,object_pose_spoof,4,0.0,0.4343474150549246,,randomized_2M
4684,reached_but_failed_grasp,object_pose_spoof,4,0.0,0.0888887473887478,,randomized_2M
4685,never_reached_object,object_pose_spoof,4,0.0,0.2261682395328582,,randomized_2M
4686,grasped_but_dropped,object_pose_spoof,4,0.0,0.0943819340807479,,randomized_2M
4687,never_reached_object,object_pose_spoof,4,0.0,0.3892672676711604,,randomized_2M
4688,divergent_transport,object_pose_spoof,4,0.0,0.081890780272305,,randomized_2M
4689,reached_but_failed_grasp,object_pose_spoof,4,0.0,0.128717735476661,,randomized_2M
4690,divergent_transport,object_pose_spoof,4,0.0,0.4907258125218943,6.0,randomized_2M
4691,never_reached_object,object_pose_spoof,4,0.0,0.4413383870029088,,randomized_2M
4692,never_reached_object,object_pose_spoof,4,0.0,0.4497230303156639,,randomized_2M
4693,reached_but_failed_grasp,object_pose_spoof,4,1.0,0.0422002399310673,21.0,randomized_2M
4694,reached_but_failed_grasp,object_pose_spoof,4,0.0,0.1657303727466061,,randomized_2M
4695,divergent_transport,object_pose_spoof,4,0.0,0.109502417341199,5.0,randomized_2M
4696,grasped_but_dropped,object_pose_spoof,4,0.0,0.0721028158199704,36.0,randomized_2M
4697,never_reached_object,object_pose_spoof,4,0.0,0.4442359995615462,,randomized_2M
4698,reached_but_failed_grasp,object_pose_spoof,4,1.0,0.0358021057454624,20.0,randomized_2M
4699,never_reached_object,object_pose_spoof,4,0.0,0.4243770527675358,,randomized_2M
4700,reached_but_failed_grasp,object_pose_spoof,4,1.0,0.0282865507510478,11.0,randomized_2M
4701,never_reached_object,object_pose_spoof,4,0.0,0.4431327053117166,,randomized_2M
4702,success,object_pose_spoof,4,1.0,0.034826654069211,12.0,randomized_2M
4703,reached_but_failed_grasp,object_pose_spoof,4,0.0,0.1002147414439945,,randomized_2M
4704,never_reached_object,object_pose_spoof,4,0.0,0.4263347277634866,,randomized_2M
4705,never_reached_object,object_pose_spoof,4,0.0,0.3662215000153558,,randomized_2M
4706,reached_but_failed_grasp,object_pose_spoof,4,0.0,0.0873873974096915,7.0,randomized_2M
4707,never_reached_object,object_pose_spoof,4,0.0,0.2414766116036234,,randomized_2M
4708,never_reached_object,object_pose_spoof,4,0.0,0.3040811076016184,,randomized_2M
4709,never_reached_object,object_pose_spoof,4,0.0,0.4984169991670304,,randomized_2M
4770,never_reached_object,grip_state_falsification,4,0.0,0.4295086272890401,,randomized_2M
4771,reached_but_failed_grasp,grip_state_falsification,4,1.0,0.0253054156046129,16.0,randomized_2M
4772,never_reached_object,grip_state_falsification,4,0.0,0.1805411928599704,,randomized_2M
4773,never_reached_object,grip_state_falsification,4,0.0,0.4343474150549246,,randomized_2M
4774,reached_but_failed_grasp,grip_state_falsification,4,0.0,0.4928526865898722,6.0,randomized_2M
4775,never_reached_object,grip_state_falsification,4,0.0,0.2261682395328582,,randomized_2M
4776,reached_but_failed_grasp,grip_state_falsification,4,0.0,0.0533334191626903,,randomized_2M
4777,never_reached_object,grip_state_falsification,4,0.0,0.3892672676711604,,randomized_2M
4778,reached_but_failed_grasp,grip_state_falsification,4,0.0,0.8609991626016836,10.0,randomized_2M
4779,reached_but_failed_grasp,grip_state_falsification,4,0.0,0.2509328493314462,,randomized_2M
4780,reached_but_failed_grasp,grip_state_falsification,4,1.0,0.0030590372498786,13.0,randomized_2M
4781,never_reached_object,grip_state_falsification,4,0.0,0.4413383870029088,,randomized_2M
4782,never_reached_object,grip_state_falsification,4,0.0,0.4497230303156639,,randomized_2M
4783,success,grip_state_falsification,4,1.0,0.0223955087087468,6.0,randomized_2M
4784,reached_but_failed_grasp,grip_state_falsification,4,0.0,0.8600732240749375,,randomized_2M
4785,reached_but_failed_grasp,grip_state_falsification,4,1.0,0.0243177949554278,3.0,randomized_2M
4786,reached_but_failed_grasp,grip_state_falsification,4,1.0,0.0323959488752207,10.0,randomized_2M
4787,never_reached_object,grip_state_falsification,4,0.0,0.4442359995615462,,randomized_2M
4788,reached_but_failed_grasp,grip_state_falsification,4,1.0,0.0269199032929758,19.0,randomized_2M
4789,never_reached_object,grip_state_falsification,4,0.0,0.4243770527675358,,randomized_2M
4790,reached_but_failed_grasp,grip_state_falsification,4,0.0,0.5337619907346876,,randomized_2M
4791,never_reached_object,grip_state_falsification,4,0.0,0.4431327053117166,,randomized_2M
4792,success,grip_state_falsification,4,1.0,0.0386407249572466,8.0,randomized_2M
4793,success,grip_state_falsification,4,1.0,0.0264775380982971,11.0,randomized_2M
4794,never_reached_object,grip_state_falsification,4,0.0,0.4263347277634866,,randomized_2M
4795,never_reached_object,grip_state_falsification,4,0.0,0.3662215000153558,,randomized_2M
4796,reached_but_failed_grasp,grip_state_falsification,4,1.0,0.0282090030048883,6.0,randomized_2M
4797,never_reached_object,grip_state_falsification,4,0.0,0.2414766116036234,,randomized_2M
4798,never_reached_object,grip_state_falsification,4,0.0,0.3040811076016184,,randomized_2M
4799,never_reached_object,grip_state_falsification,4,0.0,0.4984169991670304,,randomized_2M
4860,never_reached_object,contact_dropout,4,0.0,0.4295086272890401,,randomized_2M
4861,reached_but_failed_grasp,contact_dropout,4,0.0,0.3602368702640788,,randomized_2M
4862,never_reached_object,contact_dropout,4,0.0,0.1805411928599704,,randomized_2M
4863,never_reached_object,contact_dropout,4,0.0,0.4343474150549246,,randomized_2M
4864,never_reached_object,contact_dropout,4,0.0,0.1068484092360447,,randomized_2M
4865,never_reached_object,contact_dropout,4,0.0,0.2261682395328582,,randomized_2M
4866,never_reached_object,contact_dropout,4,0.0,0.2986576663914672,,randomized_2M
4867,never_reached_object,contact_dropout,4,0.0,0.3892672676711604,,randomized_2M
4868,never_reached_object,contact_dropout,4,0.0,0.2166554267276113,,randomized_2M
4869,never_reached_object,contact_dropout,4,0.0,0.2509328493314462,,randomized_2M
4870,reached_but_failed_grasp,contact_dropout,4,0.0,0.2534737806321085,,randomized_2M
4871,never_reached_object,contact_dropout,4,0.0,0.4413383870029088,,randomized_2M
4872,never_reached_object,contact_dropout,4,0.0,0.4497230303156639,,randomized_2M
4873,never_reached_object,contact_dropout,4,0.0,0.122400123784964,,randomized_2M
4874,never_reached_object,contact_dropout,4,0.0,0.1703734636857056,,randomized_2M
4875,never_reached_object,contact_dropout,4,0.0,0.0572526063446548,,randomized_2M
4876,never_reached_object,contact_dropout,4,0.0,0.0810191806195431,,randomized_2M
4877,never_reached_object,contact_dropout,4,0.0,0.4442359995615462,,randomized_2M
4878,never_reached_object,contact_dropout,4,0.0,0.2099680938524908,,randomized_2M
4879,never_reached_object,contact_dropout,4,0.0,0.4243770527675358,,randomized_2M
4880,never_reached_object,contact_dropout,4,0.0,0.1723055609233818,,randomized_2M
4881,never_reached_object,contact_dropout,4,0.0,0.4431327053117166,,randomized_2M
4882,never_reached_object,contact_dropout,4,0.0,0.0721134074063093,,randomized_2M
4883,never_reached_object,contact_dropout,4,0.0,0.150515130925436,,randomized_2M
4884,never_reached_object,contact_dropout,4,0.0,0.4263347277634866,,randomized_2M
4885,never_reached_object,contact_dropout,4,0.0,0.3662215000153558,,randomized_2M
4886,never_reached_object,contact_dropout,4,0.0,0.1437793465619575,,randomized_2M
4887,never_reached_object,contact_dropout,4,0.0,0.2414766116036234,,randomized_2M
4888,never_reached_object,contact_dropout,4,0.0,0.3040811076016184,,randomized_2M
4889,never_reached_object,contact_dropout,4,0.0,0.4984169991670304,,randomized_2M
