episode_idx,failure_mode,condition,seed,success,final_distance,first_success_step,model
0,never_reached_object,clean,0,0.0,0.3549225360528287,,randomized_500k
1,never_reached_object,clean,0,0.0,0.3884547695970575,,randomized_500k
2,never_reached_object,clean,0,0.0,0.2364647540081676,,randomized_500k
3,never_reached_object,clean,0,0.0,0.3213978804705762,,randomized_500k
4,never_reached_object,clean,0,0.0,0.3833991408667048,,randomized_500k
5,never_reached_object,clean,0,0.0,0.2566632391824746,,randomized_500k
6,never_reached_object,clean,0,0.0,0.1327306197333847,,randomized_500k
7,never_reached_object,clean,0,0.0,0.2066018563784001,,randomized_500k
8,never_reached_object,clean,0,0.0,0.2058833233297693,,randomized_500k
9,never_reached_object,clean,0,0.0,0.1676100894760241,,randomized_500k
10,never_reached_object,clean,0,0.0,0.3129097043258147,,randomized_500k
11,never_reached_object,clean,0,0.0,0.2001507977261797,,randomized_500k
12,never_reached_object,clean,0,0.0,0.3799650320755521,,randomized_500k
13,never_reached_object,clean,0,0.0,0.1788857498375788,,randomized_500k
14,never_reached_object,clean,0,0.0,0.154614811366096,,randomized_500k
15,never_reached_object,clean,0,0.0,0.4111389638095413,,randomized_500k
16,never_reached_object,clean,0,0.0,0.186082454838959,,randomized_500k
17,never_reached_object,clean,0,0.0,0.2200316888638789,,randomized_500k
18,never_reached_object,clean,0,0.0,0.2521079292661852,,randomized_500k
19,never_reached_object,clean,0,0.0,0.2634386735484078,,randomized_500k
20,never_reached_object,clean,0,0.0,0.1604367988897489,,randomized_500k
21,never_reached_object,clean,0,0.0,0.508012960487553,,randomized_500k
22,never_reached_object,clean,0,0.0,0.1498067725970526,,randomized_500k
23,never_reached_object,clean,0,0.0,0.4219135440886297,,randomized_500k
24,never_reached_object,clean,0,0.0,0.4796817585036592,,randomized_500k
25,never_reached_object,clean,0,0.0,0.4596373729419731,,randomized_500k
26,never_reached_object,clean,0,0.0,0.3386463014797066,,randomized_500k
27,never_reached_object,clean,0,0.0,0.3098377992113302,,randomized_500k
28,never_reached_object,clean,0,0.0,0.4706383277021961,,randomized_500k
29,never_reached_object,clean,0,0.0,0.2375975126520051,,randomized_500k
90,never_reached_object,sensor_dropout,0,0.0,0.3549225360528287,,randomized_500k
91,never_reached_object,sensor_dropout,0,0.0,0.3884547695970575,,randomized_500k
92,never_reached_object,sensor_dropout,0,0.0,0.2364647540081676,,randomized_500k
93,never_reached_object,sensor_dropout,0,0.0,0.3213978804705762,,randomized_500k
94,never_reached_object,sensor_dropout,0,0.0,0.8159560050037662,,randomized_500k
95,reached_but_failed_grasp,sensor_dropout,0,0.0,0.2781909869138506,,randomized_500k
96,never_reached_object,sensor_dropout,0,0.0,0.1327306197333847,,randomized_500k
97,never_reached_object,sensor_dropout,0,0.0,0.2066018563784001,,randomized_500k
98,never_reached_object,sensor_dropout,0,0.0,0.2058833233297693,,randomized_500k
99,never_reached_object,sensor_dropout,0,0.0,0.1676100894760241,,randomized_500k
100,never_reached_object,sensor_dropout,0,0.0,0.3129097043258147,,randomized_500k
101,never_reached_object,sensor_dropout,0,0.0,0.2001507977261797,,randomized_500k
102,never_reached_object,sensor_dropout,0,0.0,0.3799650320755521,,randomized_500k
103,never_reached_object,sensor_dropout,0,0.0,0.1788857498375788,,randomized_500k
104,never_reached_object,sensor_dropout,0,0.0,0.154614811366096,,randomized_500k
105,never_reached_object,sensor_dropout,0,0.0,0.4111389638095413,,randomized_500k
106,never_reached_object,sensor_dropout,0,0.0,0.186082454838959,,randomized_500k
107,never_reached_object,sensor_dropout,0,0.0,0.2200316888638789,,randomized_500k
108,never_reached_object,sensor_dropout,0,0.0,0.2521079292661852,,randomized_500k
109,never_reached_object,sensor_dropout,0,0.0,0.2634386735484078,,randomized_500k
110,never_reached_object,sensor_dropout,0,0.0,0.1604367988897489,,randomized_500k
111,never_reached_object,sensor_dropout,0,0.0,0.508012960487553,,randomized_500k
112,never_reached_object,sensor_dropout,0,0.0,0.1498067725970526,,randomized_500k
113,never_reached_object,sensor_dropout,0,0.0,0.4219135440886297,,randomized_500k
114,never_reached_object,sensor_dropout,0,0.0,0.4796817585036592,,randomized_500k
115,never_reached_object,sensor_dropout,0,0.0,0.4596373729419731,,randomized_500k
116,never_reached_object,sensor_dropout,0,0.0,0.3386463014797066,,randomized_500k
117,never_reached_object,sensor_dropout,0,0.0,0.3098377992113302,,randomized_500k
118,never_reached_object,sensor_dropout,0,0.0,0.4706383277021961,,randomized_500k
119,never_reached_object,sensor_dropout,0,0.0,0.2375975126520051,,randomized_500k
180,never_reached_object,sensor_bias,0,0.0,0.3549225360528287,,randomized_500k
181,never_reached_object,sensor_bias,0,0.0,0.3884547695970575,,randomized_500k
182,never_reached_object,sensor_bias,0,0.0,0.2364647540081676,,randomized_500k
183,never_reached_object,sensor_bias,0,0.0,0.3213978804705762,,randomized_500k
184,never_reached_object,sensor_bias,0,0.0,0.3833991408667048,,randomized_500k
185,never_reached_object,sensor_bias,0,0.0,0.2566632391824746,,randomized_500k
186,never_reached_object,sensor_bias,0,0.0,0.1327306197333847,,randomized_500k
187,never_reached_object,sensor_bias,0,0.0,0.2066018563784001,,randomized_500k
188,never_reached_object,sensor_bias,0,0.0,0.2058833233297693,,randomized_500k
189,never_reached_object,sensor_bias,0,0.0,0.1676100894760241,,randomized_500k
190,never_reached_object,sensor_bias,0,0.0,0.3129097043258147,,randomized_500k
191,never_reached_object,sensor_bias,0,0.0,0.2001507977261797,,randomized_500k
192,never_reached_object,sensor_bias,0,0.0,0.3799650320755521,,randomized_500k
193,never_reached_object,sensor_bias,0,0.0,0.1788857498375788,,randomized_500k
194,never_reached_object,sensor_bias,0,0.0,0.154614811366096,,randomized_500k
195,never_reached_object,sensor_bias,0,0.0,0.4111389638095413,,randomized_500k
196,never_reached_object,sensor_bias,0,0.0,0.186082454838959,,randomized_500k
197,never_reached_object,sensor_bias,0,0.0,0.2200316888638789,,randomized_500k
198,never_reached_object,sensor_bias,0,0.0,0.2521079292661852,,randomized_500k
199,never_reached_object,sensor_bias,0,0.0,0.2634386735484078,,randomized_500k
200,never_reached_object,sensor_bias,0,0.0,0.1604367988897489,,randomized_500k
201,never_reached_object,sensor_bias,0,0.0,0.508012960487553,,randomized_500k
202,never_reached_object,sensor_bias,0,0.0,0.1498067725970526,,randomized_500k
203,never_reached_object,sensor_bias,0,0.0,0.4219135440886297,,randomized_500k
204,never_reached_object,sensor_bias,0,0.0,0.4796817585036592,,randomized_500k
205,never_reached_object,sensor_bias,0,0.0,0.4596373729419731,,randomized_500k
206,never_reached_object,sensor_bias,0,0.0,0.3835726456000973,,randomized_500k
207,never_reached_object,sensor_bias,0,0.0,0.3098377992113302,,randomized_500k
208,never_reached_object,sensor_bias,0,0.0,0.4706383277021961,,randomized_500k
209,never_reached_object,sensor_bias,0,0.0,0.2375975126520051,,randomized_500k
270,never_reached_object,action_clipping,0,0.0,0.3549225360528287,,randomized_500k
271,never_reached_object,action_clipping,0,0.0,0.3884547695970575,,randomized_500k
272,never_reached_object,action_clipping,0,0.0,0.2364647540081676,,randomized_500k
273,never_reached_object,action_clipping,0,0.0,0.3213978804705762,,randomized_500k
274,never_reached_object,action_clipping,0,0.0,0.3833991408667048,,randomized_500k
275,never_reached_object,action_clipping,0,0.0,0.2566632391824746,,randomized_500k
276,never_reached_object,action_clipping,0,0.0,0.1327306197333847,,randomized_500k
277,never_reached_object,action_clipping,0,0.0,0.2066018563784001,,randomized_500k
278,never_reached_object,action_clipping,0,0.0,0.2058833233297693,,randomized_500k
279,never_reached_object,action_clipping,0,0.0,0.1676100894760241,,randomized_500k
280,never_reached_object,action_clipping,0,0.0,0.3129097043258147,,randomized_500k
281,never_reached_object,action_clipping,0,0.0,0.2001507977261797,,randomized_500k
282,never_reached_object,action_clipping,0,0.0,0.3799650320755521,,randomized_500k
283,never_reached_object,action_clipping,0,0.0,0.1788857498375788,,randomized_500k
284,never_reached_object,action_clipping,0,0.0,0.154614811366096,,randomized_500k
285,never_reached_object,action_clipping,0,0.0,0.4111389638095413,,randomized_500k
286,never_reached_object,action_clipping,0,0.0,0.186082454838959,,randomized_500k
287,never_reached_object,action_clipping,0,0.0,0.2200316888638789,,randomized_500k
288,never_reached_object,action_clipping,0,0.0,0.2521079292661852,,randomized_500k
289,never_reached_object,action_clipping,0,0.0,0.2634386735484078,,randomized_500k
290,never_reached_object,action_clipping,0,0.0,0.1604367988897489,,randomized_500k
291,never_reached_object,action_clipping,0,0.0,0.508012960487553,,randomized_500k
292,never_reached_object,action_clipping,0,0.0,0.1498067725970526,,randomized_500k
293,never_reached_object,action_clipping,0,0.0,0.4219135440886297,,randomized_500k
294,never_reached_object,action_clipping,0,0.0,0.4796817585036592,,randomized_500k
295,never_reached_object,action_clipping,0,0.0,0.4596373729419731,,randomized_500k
296,never_reached_object,action_clipping,0,0.0,0.3386463014797066,,randomized_500k
297,never_reached_object,action_clipping,0,0.0,0.3098377992113302,,randomized_500k
298,never_reached_object,action_clipping,0,0.0,0.4706383277021961,,randomized_500k
299,never_reached_object,action_clipping,0,0.0,0.2375975126520051,,randomized_500k
360,never_reached_object,action_delay,0,0.0,0.3549225360528287,,randomized_500k
361,never_reached_object,action_delay,0,0.0,0.3884547695970575,,randomized_500k
362,never_reached_object,action_delay,0,0.0,0.2364647540081676,,randomized_500k
363,never_reached_object,action_delay,0,0.0,0.3213978804705762,,randomized_500k
364,never_reached_object,action_delay,0,0.0,0.3833991408667048,,randomized_500k
365,never_reached_object,action_delay,0,0.0,0.2566632391824746,,randomized_500k
366,never_reached_object,action_delay,0,0.0,0.1327306197333847,,randomized_500k
367,never_reached_object,action_delay,0,0.0,0.2066018563784001,,randomized_500k
368,never_reached_object,action_delay,0,0.0,0.2058833233297693,,randomized_500k
369,never_reached_object,action_delay,0,0.0,0.1676100894760241,,randomized_500k
370,never_reached_object,action_delay,0,0.0,0.3129097043258147,,randomized_500k
371,never_reached_object,action_delay,0,0.0,0.2001507977261797,,randomized_500k
372,never_reached_object,action_delay,0,0.0,0.3799650320755521,,randomized_500k
373,never_reached_object,action_delay,0,0.0,0.1788857498375788,,randomized_500k
374,never_reached_object,action_delay,0,0.0,0.154614811366096,,randomized_500k
375,never_reached_object,action_delay,0,0.0,0.4111389638095413,,randomized_500k
376,never_reached_object,action_delay,0,0.0,0.186082454838959,,randomized_500k
377,never_reached_object,action_delay,0,0.0,0.2200316888638789,,randomized_500k
378,never_reached_object,action_delay,0,0.0,0.2521079292661852,,randomized_500k
379,never_reached_object,action_delay,0,0.0,0.2634386735484078,,randomized_500k
380,never_reached_object,action_delay,0,0.0,0.1604367988897489,,randomized_500k
381,never_reached_object,action_delay,0,0.0,0.508012960487553,,randomized_500k
382,never_reached_object,action_delay,0,0.0,0.1498067725970526,,randomized_500k
383,never_reached_object,action_delay,0,0.0,0.4219135440886297,,randomized_500k
384,never_reached_object,action_delay,0,0.0,0.4796817585036592,,randomized_500k
385,never_reached_object,action_delay,0,0.0,0.4596373729419731,,randomized_500k
386,never_reached_object,action_delay,0,0.0,0.3386463014797066,,randomized_500k
387,never_reached_object,action_delay,0,0.0,0.3098377992113302,,randomized_500k
388,never_reached_object,action_delay,0,0.0,0.4706383277021961,,randomized_500k
389,never_reached_object,action_delay,0,0.0,0.2375975126520051,,randomized_500k
450,never_reached_object,action_reversal,0,0.0,0.3549225360528287,,randomized_500k
451,never_reached_object,action_reversal,0,0.0,0.3884547695970575,,randomized_500k
452,never_reached_object,action_reversal,0,0.0,0.2364647540081676,,randomized_500k
453,never_reached_object,action_reversal,0,0.0,0.3213978804705762,,randomized_500k
454,never_reached_object,action_reversal,0,0.0,0.3833991408667048,,randomized_500k
455,never_reached_object,action_reversal,0,0.0,0.2566632391824746,,randomized_500k
456,never_reached_object,action_reversal,0,0.0,0.1327306197333847,,randomized_500k
457,never_reached_object,action_reversal,0,0.0,0.2066018563784001,,randomized_500k
458,never_reached_object,action_reversal,0,0.0,0.2058833233297693,,randomized_500k
459,never_reached_object,action_reversal,0,0.0,0.1676100894760241,,randomized_500k
460,never_reached_object,action_reversal,0,0.0,0.3129097043258147,,randomized_500k
461,never_reached_object,action_reversal,0,0.0,0.2001507977261797,,randomized_500k
462,never_reached_object,action_reversal,0,0.0,0.3799650320755521,,randomized_500k
463,never_reached_object,action_reversal,0,0.0,0.1788857498375788,,randomized_500k
464,never_reached_object,action_reversal,0,0.0,0.154614811366096,,randomized_500k
465,reached_but_failed_grasp,action_reversal,0,0.0,0.4883903310762585,,randomized_500k
466,never_reached_object,action_reversal,0,0.0,0.186082454838959,,randomized_500k
467,never_reached_object,action_reversal,0,0.0,0.2200316888638789,,randomized_500k
468,never_reached_object,action_reversal,0,0.0,0.2521079292661852,,randomized_500k
469,never_reached_object,action_reversal,0,0.0,0.2634386735484078,,randomized_500k
470,never_reached_object,action_reversal,0,0.0,0.1604367988897489,,randomized_500k
471,never_reached_object,action_reversal,0,0.0,0.5100948433348066,,randomized_500k
472,never_reached_object,action_reversal,0,0.0,0.1498067725970526,,randomized_500k
473,never_reached_object,action_reversal,0,0.0,0.4219135440886297,,randomized_500k
474,reached_but_failed_grasp,action_reversal,0,0.0,0.4799988868516081,,randomized_500k
475,never_reached_object,action_reversal,0,0.0,0.4596373729419731,,randomized_500k
476,never_reached_object,action_reversal,0,0.0,0.3386463014797066,,randomized_500k
477,never_reached_object,action_reversal,0,0.0,0.3098377992113302,,randomized_500k
478,reached_but_failed_grasp,action_reversal,0,0.0,0.4706383277021961,,randomized_500k
479,never_reached_object,action_reversal,0,0.0,0.2375975126520051,,randomized_500k
540,never_reached_object,goal_spoof_immediate,0,0.0,0.3549225360528287,,randomized_500k
541,never_reached_object,goal_spoof_immediate,0,0.0,0.3884547695970575,,randomized_500k
542,never_reached_object,goal_spoof_immediate,0,0.0,0.2364647540081676,,randomized_500k
543,reached_but_failed_grasp,goal_spoof_immediate,0,0.0,0.4529138984977932,,randomized_500k
544,never_reached_object,goal_spoof_immediate,0,0.0,0.3833991408667048,,randomized_500k
545,never_reached_object,goal_spoof_immediate,0,0.0,0.2566632391824746,,randomized_500k
546,never_reached_object,goal_spoof_immediate,0,0.0,0.1327306197333847,,randomized_500k
547,never_reached_object,goal_spoof_immediate,0,0.0,0.2100602651489425,,randomized_500k
548,never_reached_object,goal_spoof_immediate,0,0.0,0.2162148648402944,,randomized_500k
549,never_reached_object,goal_spoof_immediate,0,0.0,0.1676100894760241,,randomized_500k
550,never_reached_object,goal_spoof_immediate,0,0.0,0.3129097043258147,,randomized_500k
551,never_reached_object,goal_spoof_immediate,0,0.0,0.2001507977261797,,randomized_500k
552,never_reached_object,goal_spoof_immediate,0,0.0,0.3799650320755521,,randomized_500k
553,reached_but_failed_grasp,goal_spoof_immediate,0,0.0,0.0948608938534663,,randomized_500k
554,never_reached_object,goal_spoof_immediate,0,0.0,0.154614811366096,,randomized_500k
555,never_reached_object,goal_spoof_immediate,0,0.0,0.4111389638095413,,randomized_500k
556,never_reached_object,goal_spoof_immediate,0,0.0,0.186082454838959,,randomized_500k
557,never_reached_object,goal_spoof_immediate,0,0.0,0.2200316888638789,,randomized_500k
558,never_reached_object,goal_spoof_immediate,0,0.0,0.2521079292661852,,randomized_500k
559,never_reached_object,goal_spoof_immediate,0,0.0,0.2634386735484078,,randomized_500k
560,never_reached_object,goal_spoof_immediate,0,0.0,0.1604367988897489,,randomized_500k
561,never_reached_object,goal_spoof_immediate,0,0.0,0.508012960487553,,randomized_500k
562,never_reached_object,goal_spoof_immediate,0,0.0,0.1498067725970526,,randomized_500k
563,reached_but_failed_grasp,goal_spoof_immediate,0,0.0,0.4219135440886297,,randomized_500k
564,never_reached_object,goal_spoof_immediate,0,0.0,0.4796817585036592,,randomized_500k
565,never_reached_object,goal_spoof_immediate,0,0.0,0.4596373729419731,,randomized_500k
566,never_reached_object,goal_spoof_immediate,0,0.0,0.3386463014797066,,randomized_500k
567,never_reached_object,goal_spoof_immediate,0,0.0,0.3098377992113302,,randomized_500k
568,never_reached_object,goal_spoof_immediate,0,0.0,0.4706383277021961,,randomized_500k
569,grasped_but_dropped,goal_spoof_immediate,0,0.0,0.2594805956038234,,randomized_500k
630,never_reached_object,goal_spoof_midep,0,0.0,0.3549225360528287,,randomized_500k
631,never_reached_object,goal_spoof_midep,0,0.0,0.3884547695970575,,randomized_500k
632,never_reached_object,goal_spoof_midep,0,0.0,0.2364647540081676,,randomized_500k
633,never_reached_object,goal_spoof_midep,0,0.0,0.3213978804705762,,randomized_500k
634,never_reached_object,goal_spoof_midep,0,0.0,0.3833991408667048,,randomized_500k
635,never_reached_object,goal_spoof_midep,0,0.0,0.2566632391824746,,randomized_500k
636,never_reached_object,goal_spoof_midep,0,0.0,0.1327306197333847,,randomized_500k
637,never_reached_object,goal_spoof_midep,0,0.0,0.2066018563784001,,randomized_500k
638,never_reached_object,goal_spoof_midep,0,0.0,0.2058833233297693,,randomized_500k
639,never_reached_object,goal_spoof_midep,0,0.0,0.1676100894760241,,randomized_500k
640,never_reached_object,goal_spoof_midep,0,0.0,0.3129097043258147,,randomized_500k
641,never_reached_object,goal_spoof_midep,0,0.0,0.2001507977261797,,randomized_500k
642,never_reached_object,goal_spoof_midep,0,0.0,0.3799650320755521,,randomized_500k
643,never_reached_object,goal_spoof_midep,0,0.0,0.1788857498375788,,randomized_500k
644,never_reached_object,goal_spoof_midep,0,0.0,0.154614811366096,,randomized_500k
645,never_reached_object,goal_spoof_midep,0,0.0,0.4111389638095413,,randomized_500k
646,never_reached_object,goal_spoof_midep,0,0.0,0.186082454838959,,randomized_500k
647,never_reached_object,goal_spoof_midep,0,0.0,0.2200316888638789,,randomized_500k
648,never_reached_object,goal_spoof_midep,0,0.0,0.2521079292661852,,randomized_500k
649,never_reached_object,goal_spoof_midep,0,0.0,0.2634386735484078,,randomized_500k
650,never_reached_object,goal_spoof_midep,0,0.0,0.1604367988897489,,randomized_500k
651,never_reached_object,goal_spoof_midep,0,0.0,0.508012960487553,,randomized_500k
652,never_reached_object,goal_spoof_midep,0,0.0,0.1498067725970526,,randomized_500k
653,never_reached_object,goal_spoof_midep,0,0.0,0.4219135440886297,,randomized_500k
654,never_reached_object,goal_spoof_midep,0,0.0,0.4796817585036592,,randomized_500k
655,never_reached_object,goal_spoof_midep,0,0.0,0.4596373729419731,,randomized_500k
656,never_reached_object,goal_spoof_midep,0,0.0,0.3386463014797066,,randomized_500k
657,never_reached_object,goal_spoof_midep,0,0.0,0.3098377992113302,,randomized_500k
658,never_reached_object,goal_spoof_midep,0,0.0,0.4706383277021961,,randomized_500k
659,never_reached_object,goal_spoof_midep,0,0.0,0.2375975126520051,,randomized_500k
720,never_reached_object,object_pose_spoof,0,0.0,0.3549225360528287,,randomized_500k
721,never_reached_object,object_pose_spoof,0,0.0,0.3884547695970575,,randomized_500k
722,never_reached_object,object_pose_spoof,0,0.0,0.2364647540081676,,randomized_500k
723,never_reached_object,object_pose_spoof,0,0.0,0.3213978804705762,,randomized_500k
724,never_reached_object,object_pose_spoof,0,0.0,0.3833991408667048,,randomized_500k
725,never_reached_object,object_pose_spoof,0,0.0,0.2566632391824746,,randomized_500k
726,never_reached_object,object_pose_spoof,0,0.0,0.1327306197333847,,randomized_500k
727,never_reached_object,object_pose_spoof,0,0.0,0.2107523563778275,,randomized_500k
728,never_reached_object,object_pose_spoof,0,0.0,0.2058833233297693,,randomized_500k
729,never_reached_object,object_pose_spoof,0,0.0,0.1676100894760241,,randomized_500k
730,never_reached_object,object_pose_spoof,0,0.0,0.3129097043258147,,randomized_500k
731,never_reached_object,object_pose_spoof,0,0.0,0.2001507977261797,,randomized_500k
732,never_reached_object,object_pose_spoof,0,0.0,0.3799650320755521,,randomized_500k
733,never_reached_object,object_pose_spoof,0,0.0,0.1788857498375788,,randomized_500k
734,never_reached_object,object_pose_spoof,0,0.0,0.154614811366096,,randomized_500k
735,never_reached_object,object_pose_spoof,0,0.0,0.4111389638095413,,randomized_500k
736,never_reached_object,object_pose_spoof,0,0.0,0.186082454838959,,randomized_500k
737,never_reached_object,object_pose_spoof,0,0.0,0.2200316888638789,,randomized_500k
738,never_reached_object,object_pose_spoof,0,0.0,0.2521079292661852,,randomized_500k
739,never_reached_object,object_pose_spoof,0,0.0,0.2634386735484078,,randomized_500k
740,never_reached_object,object_pose_spoof,0,0.0,0.1604367988897489,,randomized_500k
741,never_reached_object,object_pose_spoof,0,0.0,0.508012960487553,,randomized_500k
742,never_reached_object,object_pose_spoof,0,0.0,0.1498067725970526,,randomized_500k
743,never_reached_object,object_pose_spoof,0,0.0,0.4219135440886297,,randomized_500k
744,never_reached_object,object_pose_spoof,0,0.0,0.4796817585036592,,randomized_500k
745,never_reached_object,object_pose_spoof,0,0.0,0.4596373729419731,,randomized_500k
746,never_reached_object,object_pose_spoof,0,0.0,0.3386463014797066,,randomized_500k
747,never_reached_object,object_pose_spoof,0,0.0,0.3098377992113302,,randomized_500k
748,never_reached_object,object_pose_spoof,0,0.0,0.4706383277021961,,randomized_500k
749,never_reached_object,object_pose_spoof,0,0.0,0.2375975126520051,,randomized_500k
810,never_reached_object,grip_state_falsification,0,0.0,0.3549225360528287,,randomized_500k
811,never_reached_object,grip_state_falsification,0,0.0,0.3884547695970575,,randomized_500k
812,never_reached_object,grip_state_falsification,0,0.0,0.2364647540081676,,randomized_500k
813,never_reached_object,grip_state_falsification,0,0.0,0.3213978804705762,,randomized_500k
814,never_reached_object,grip_state_falsification,0,0.0,0.3833991408667048,,randomized_500k
815,never_reached_object,grip_state_falsification,0,0.0,0.2566632391824746,,randomized_500k
816,never_reached_object,grip_state_falsification,0,0.0,0.1327306197333847,,randomized_500k
817,never_reached_object,grip_state_falsification,0,0.0,0.2066018563784001,,randomized_500k
818,never_reached_object,grip_state_falsification,0,0.0,0.2058833233297693,,randomized_500k
819,never_reached_object,grip_state_falsification,0,0.0,0.1676100894760241,,randomized_500k
820,never_reached_object,grip_state_falsification,0,0.0,0.3129097043258147,,randomized_500k
821,never_reached_object,grip_state_falsification,0,0.0,0.2001507977261797,,randomized_500k
822,never_reached_object,grip_state_falsification,0,0.0,0.3799650320755521,,randomized_500k
823,never_reached_object,grip_state_falsification,0,0.0,0.1788857498375788,,randomized_500k
824,never_reached_object,grip_state_falsification,0,0.0,0.154614811366096,,randomized_500k
825,never_reached_object,grip_state_falsification,0,0.0,0.4111389638095413,,randomized_500k
826,never_reached_object,grip_state_falsification,0,0.0,0.186082454838959,,randomized_500k
827,never_reached_object,grip_state_falsification,0,0.0,0.2200316888638789,,randomized_500k
828,never_reached_object,grip_state_falsification,0,0.0,0.2521079292661852,,randomized_500k
829,never_reached_object,grip_state_falsification,0,0.0,0.2634386735484078,,randomized_500k
830,never_reached_object,grip_state_falsification,0,0.0,0.1604367988897489,,randomized_500k
831,never_reached_object,grip_state_falsification,0,0.0,0.508012960487553,,randomized_500k
832,never_reached_object,grip_state_falsification,0,0.0,0.1498067725970526,,randomized_500k
833,never_reached_object,grip_state_falsification,0,0.0,0.4219135440886297,,randomized_500k
834,never_reached_object,grip_state_falsification,0,0.0,0.4796817585036592,,randomized_500k
835,never_reached_object,grip_state_falsification,0,0.0,0.4596373729419731,,randomized_500k
836,never_reached_object,grip_state_falsification,0,0.0,0.3386463014797066,,randomized_500k
837,never_reached_object,grip_state_falsification,0,0.0,0.3098377992113302,,randomized_500k
838,never_reached_object,grip_state_falsification,0,0.0,0.4706383277021961,,randomized_500k
839,never_reached_object,grip_state_falsification,0,0.0,0.2375975126520051,,randomized_500k
900,never_reached_object,contact_dropout,0,0.0,0.3549225360528287,,randomized_500k
901,never_reached_object,contact_dropout,0,0.0,0.3884547695970575,,randomized_500k
902,never_reached_object,contact_dropout,0,0.0,0.2364647540081676,,randomized_500k
903,never_reached_object,contact_dropout,0,0.0,0.3213978804705762,,randomized_500k
904,never_reached_object,contact_dropout,0,0.0,0.3833991408667048,,randomized_500k
905,never_reached_object,contact_dropout,0,0.0,0.2566632391824746,,randomized_500k
906,never_reached_object,contact_dropout,0,0.0,0.1327306197333847,,randomized_500k
907,never_reached_object,contact_dropout,0,0.0,0.2066018563784001,,randomized_500k
908,never_reached_object,contact_dropout,0,0.0,0.2058833233297693,,randomized_500k
909,never_reached_object,contact_dropout,0,0.0,0.1676100894760241,,randomized_500k
910,never_reached_object,contact_dropout,0,0.0,0.3129097043258147,,randomized_500k
911,never_reached_object,contact_dropout,0,0.0,0.2001507977261797,,randomized_500k
912,never_reached_object,contact_dropout,0,0.0,0.3799650320755521,,randomized_500k
913,never_reached_object,contact_dropout,0,0.0,0.1788857498375788,,randomized_500k
914,never_reached_object,contact_dropout,0,0.0,0.154614811366096,,randomized_500k
915,never_reached_object,contact_dropout,0,0.0,0.4111389638095413,,randomized_500k
916,never_reached_object,contact_dropout,0,0.0,0.186082454838959,,randomized_500k
917,never_reached_object,contact_dropout,0,0.0,0.2400741483973175,,randomized_500k
918,never_reached_object,contact_dropout,0,0.0,0.2521079292661852,,randomized_500k
919,never_reached_object,contact_dropout,0,0.0,0.2634386735484078,,randomized_500k
920,never_reached_object,contact_dropout,0,0.0,0.1604367988897489,,randomized_500k
921,never_reached_object,contact_dropout,0,0.0,0.508012960487553,,randomized_500k
922,never_reached_object,contact_dropout,0,0.0,0.1498067725970526,,randomized_500k
923,never_reached_object,contact_dropout,0,0.0,0.4219135440886297,,randomized_500k
924,never_reached_object,contact_dropout,0,0.0,0.4796817585036592,,randomized_500k
925,never_reached_object,contact_dropout,0,0.0,0.4596373729419731,,randomized_500k
926,never_reached_object,contact_dropout,0,0.0,0.3386463014797066,,randomized_500k
927,never_reached_object,contact_dropout,0,0.0,0.3098377992113302,,randomized_500k
928,never_reached_object,contact_dropout,0,0.0,0.4706383277021961,,randomized_500k
929,never_reached_object,contact_dropout,0,0.0,0.2375975126520051,,randomized_500k
990,never_reached_object,clean,1,0.0,0.2332914222106347,,randomized_500k
991,never_reached_object,clean,1,0.0,0.0842952111471444,,randomized_500k
992,never_reached_object,clean,1,0.0,0.4561277308732482,,randomized_500k
993,never_reached_object,clean,1,0.0,0.3042911997167348,,randomized_500k
994,never_reached_object,clean,1,0.0,0.2525469650993401,,randomized_500k
995,never_reached_object,clean,1,0.0,0.4533811987190141,,randomized_500k
996,never_reached_object,clean,1,0.0,0.3227130596495864,,randomized_500k
997,never_reached_object,clean,1,0.0,0.2748498705844067,,randomized_500k
998,never_reached_object,clean,1,0.0,0.3195959526341559,,randomized_500k
999,never_reached_object,clean,1,0.0,0.1785053410026053,,randomized_500k
1000,never_reached_object,clean,1,0.0,0.0654625980963785,,randomized_500k
1001,never_reached_object,clean,1,0.0,0.4018677051907181,,randomized_500k
1002,never_reached_object,clean,1,0.0,0.4918674881782117,,randomized_500k
1003,never_reached_object,clean,1,0.0,0.1396718198042763,,randomized_500k
1004,never_reached_object,clean,1,0.0,0.1903343093654964,,randomized_500k
1005,never_reached_object,clean,1,0.0,0.2176952721114957,,randomized_500k
1006,never_reached_object,clean,1,0.0,0.2364850002222144,,randomized_500k
1007,never_reached_object,clean,1,0.0,0.3300242720177412,,randomized_500k
1008,never_reached_object,clean,1,0.0,0.4206441292022121,,randomized_500k
1009,never_reached_object,clean,1,0.0,0.3116847328981841,,randomized_500k
1010,never_reached_object,clean,1,0.0,0.2544801351742931,,randomized_500k
1011,never_reached_object,clean,1,0.0,0.1346881951449397,,randomized_500k
1012,never_reached_object,clean,1,0.0,0.1347100872142967,,randomized_500k
1013,never_reached_object,clean,1,0.0,0.1440250317394531,,randomized_500k
1014,reached_but_failed_grasp,clean,1,0.0,0.0629379341531179,,randomized_500k
1015,never_reached_object,clean,1,0.0,0.1674864936253329,,randomized_500k
1016,never_reached_object,clean,1,0.0,0.368293308242639,,randomized_500k
1017,never_reached_object,clean,1,0.0,0.221817399080589,,randomized_500k
1018,reached_but_failed_grasp,clean,1,0.0,0.9340242989668748,,randomized_500k
1019,never_reached_object,clean,1,0.0,0.4156038630093016,,randomized_500k
1080,never_reached_object,sensor_dropout,1,0.0,0.2332914222106347,,randomized_500k
1081,never_reached_object,sensor_dropout,1,0.0,0.0842952111471444,,randomized_500k
1082,never_reached_object,sensor_dropout,1,0.0,0.4561277308732482,,randomized_500k
1083,never_reached_object,sensor_dropout,1,0.0,0.3042911997167348,,randomized_500k
1084,never_reached_object,sensor_dropout,1,0.0,0.2525469650993401,,randomized_500k
1085,never_reached_object,sensor_dropout,1,0.0,0.4533811987190141,,randomized_500k
1086,never_reached_object,sensor_dropout,1,0.0,0.3227130596495864,,randomized_500k
1087,never_reached_object,sensor_dropout,1,0.0,0.2748498705844067,,randomized_500k
1088,never_reached_object,sensor_dropout,1,0.0,0.3195959526341559,,randomized_500k
1089,never_reached_object,sensor_dropout,1,0.0,0.1785053410026053,,randomized_500k
1090,never_reached_object,sensor_dropout,1,0.0,0.0654625980963785,,randomized_500k
1091,never_reached_object,sensor_dropout,1,0.0,0.4018677051907181,,randomized_500k
1092,never_reached_object,sensor_dropout,1,0.0,0.4918674881782117,,randomized_500k
1093,never_reached_object,sensor_dropout,1,0.0,0.1396718198042763,,randomized_500k
1094,never_reached_object,sensor_dropout,1,0.0,0.1903343093654964,,randomized_500k
1095,never_reached_object,sensor_dropout,1,0.0,0.2176952721114957,,randomized_500k
1096,never_reached_object,sensor_dropout,1,0.0,0.2364850002222144,,randomized_500k
1097,never_reached_object,sensor_dropout,1,0.0,0.3300242720177412,,randomized_500k
1098,reached_but_failed_grasp,sensor_dropout,1,0.0,0.440064264696107,,randomized_500k
1099,reached_but_failed_grasp,sensor_dropout,1,0.0,0.3124851223285058,,randomized_500k
1100,never_reached_object,sensor_dropout,1,0.0,0.2544801351742931,,randomized_500k
1101,never_reached_object,sensor_dropout,1,0.0,0.1346881951449397,,randomized_500k
1102,never_reached_object,sensor_dropout,1,0.0,0.1347100872142967,,randomized_500k
1103,never_reached_object,sensor_dropout,1,0.0,0.1440250317394531,,randomized_500k
1104,never_reached_object,sensor_dropout,1,0.0,0.0563183431146463,,randomized_500k
1105,never_reached_object,sensor_dropout,1,0.0,0.1674864936253329,,randomized_500k
1106,never_reached_object,sensor_dropout,1,0.0,0.368293308242639,,randomized_500k
1107,never_reached_object,sensor_dropout,1,0.0,0.221817399080589,,randomized_500k
1108,never_reached_object,sensor_dropout,1,0.0,0.4719895919932224,,randomized_500k
1109,never_reached_object,sensor_dropout,1,0.0,0.4156038630093016,,randomized_500k
1170,never_reached_object,sensor_bias,1,0.0,0.2332914222106347,,randomized_500k
1171,never_reached_object,sensor_bias,1,0.0,0.0842952111471444,,randomized_500k
1172,never_reached_object,sensor_bias,1,0.0,0.4561277308732482,,randomized_500k
1173,never_reached_object,sensor_bias,1,0.0,0.3042911997167348,,randomized_500k
1174,never_reached_object,sensor_bias,1,0.0,0.2525469650993401,,randomized_500k
1175,never_reached_object,sensor_bias,1,0.0,0.4533811987190141,,randomized_500k
1176,never_reached_object,sensor_bias,1,0.0,0.3227130596495864,,randomized_500k
1177,never_reached_object,sensor_bias,1,0.0,0.2748498705844067,,randomized_500k
1178,never_reached_object,sensor_bias,1,0.0,0.3195959526341559,,randomized_500k
1179,never_reached_object,sensor_bias,1,0.0,0.1785053410026053,,randomized_500k
1180,never_reached_object,sensor_bias,1,0.0,0.0654625980963785,,randomized_500k
1181,never_reached_object,sensor_bias,1,0.0,0.4018677051907181,,randomized_500k
1182,never_reached_object,sensor_bias,1,0.0,0.4918674881782117,,randomized_500k
1183,never_reached_object,sensor_bias,1,0.0,0.1396718198042763,,randomized_500k
1184,never_reached_object,sensor_bias,1,0.0,0.1903343093654964,,randomized_500k
1185,never_reached_object,sensor_bias,1,0.0,0.2176952721114957,,randomized_500k
1186,never_reached_object,sensor_bias,1,0.0,0.2364850002222144,,randomized_500k
1187,never_reached_object,sensor_bias,1,0.0,0.3300242720177412,,randomized_500k
1188,never_reached_object,sensor_bias,1,0.0,0.4206441292022121,,randomized_500k
1189,never_reached_object,sensor_bias,1,0.0,0.3116847328981841,,randomized_500k
1190,never_reached_object,sensor_bias,1,0.0,0.2544801351742931,,randomized_500k
1191,never_reached_object,sensor_bias,1,0.0,0.1346881951449397,,randomized_500k
1192,never_reached_object,sensor_bias,1,0.0,0.1347100872142967,,randomized_500k
1193,reached_but_failed_grasp,sensor_bias,1,0.0,0.2400137113592132,,randomized_500k
1194,never_reached_object,sensor_bias,1,0.0,0.0563183431146463,,randomized_500k
1195,never_reached_object,sensor_bias,1,0.0,0.1674864936253329,,randomized_500k
1196,never_reached_object,sensor_bias,1,0.0,0.368293308242639,,randomized_500k
1197,never_reached_object,sensor_bias,1,0.0,0.221817399080589,,randomized_500k
1198,never_reached_object,sensor_bias,1,0.0,0.4719895919932224,,randomized_500k
1199,never_reached_object,sensor_bias,1,0.0,0.4156038630093016,,randomized_500k
1260,never_reached_object,action_clipping,1,0.0,0.2332914222106347,,randomized_500k
1261,never_reached_object,action_clipping,1,0.0,0.0842952111471444,,randomized_500k
1262,never_reached_object,action_clipping,1,0.0,0.4561277308732482,,randomized_500k
1263,never_reached_object,action_clipping,1,0.0,0.3042911997167348,,randomized_500k
1264,never_reached_object,action_clipping,1,0.0,0.2525469650993401,,randomized_500k
1265,never_reached_object,action_clipping,1,0.0,0.4533811987190141,,randomized_500k
1266,never_reached_object,action_clipping,1,0.0,0.3227130596495864,,randomized_500k
1267,never_reached_object,action_clipping,1,0.0,0.2748498705844067,,randomized_500k
1268,never_reached_object,action_clipping,1,0.0,0.3195959526341559,,randomized_500k
1269,never_reached_object,action_clipping,1,0.0,0.1785053410026053,,randomized_500k
1270,never_reached_object,action_clipping,1,0.0,0.0654625980963785,,randomized_500k
1271,never_reached_object,action_clipping,1,0.0,0.4018677051907181,,randomized_500k
1272,never_reached_object,action_clipping,1,0.0,0.4918674881782117,,randomized_500k
1273,never_reached_object,action_clipping,1,0.0,0.1396718198042763,,randomized_500k
1274,never_reached_object,action_clipping,1,0.0,0.1903343093654964,,randomized_500k
1275,never_reached_object,action_clipping,1,0.0,0.2176952721114957,,randomized_500k
1276,never_reached_object,action_clipping,1,0.0,0.2364850002222144,,randomized_500k
1277,never_reached_object,action_clipping,1,0.0,0.3300242720177412,,randomized_500k
1278,never_reached_object,action_clipping,1,0.0,0.4206441292022121,,randomized_500k
1279,never_reached_object,action_clipping,1,0.0,0.3116847328981841,,randomized_500k
1280,never_reached_object,action_clipping,1,0.0,0.2544801351742931,,randomized_500k
1281,never_reached_object,action_clipping,1,0.0,0.1346881951449397,,randomized_500k
1282,never_reached_object,action_clipping,1,0.0,0.1347100872142967,,randomized_500k
1283,never_reached_object,action_clipping,1,0.0,0.1440250317394531,,randomized_500k
1284,reached_but_failed_grasp,action_clipping,1,0.0,0.0567681166650944,,randomized_500k
1285,never_reached_object,action_clipping,1,0.0,0.1674864936253329,,randomized_500k
1286,never_reached_object,action_clipping,1,0.0,0.368293308242639,,randomized_500k
1287,never_reached_object,action_clipping,1,0.0,0.221817399080589,,randomized_500k
1288,reached_but_failed_grasp,action_clipping,1,0.0,0.9150580364035936,,randomized_500k
1289,never_reached_object,action_clipping,1,0.0,0.4156038630093016,,randomized_500k
1350,never_reached_object,action_delay,1,0.0,0.2332914222106347,,randomized_500k
1351,never_reached_object,action_delay,1,0.0,0.0842952111471444,,randomized_500k
1352,never_reached_object,action_delay,1,0.0,0.4561277308732482,,randomized_500k
1353,never_reached_object,action_delay,1,0.0,0.3042911997167348,,randomized_500k
1354,never_reached_object,action_delay,1,0.0,0.2525469650993401,,randomized_500k
1355,never_reached_object,action_delay,1,0.0,0.4533811987190141,,randomized_500k
1356,never_reached_object,action_delay,1,0.0,0.3227130596495864,,randomized_500k
1357,never_reached_object,action_delay,1,0.0,0.2748498705844067,,randomized_500k
1358,never_reached_object,action_delay,1,0.0,0.3195959526341559,,randomized_500k
1359,never_reached_object,action_delay,1,0.0,0.1785053410026053,,randomized_500k
1360,never_reached_object,action_delay,1,0.0,0.0654625980963785,,randomized_500k
1361,never_reached_object,action_delay,1,0.0,0.4018677051907181,,randomized_500k
1362,never_reached_object,action_delay,1,0.0,0.4918674881782117,,randomized_500k
1363,grasped_but_dropped,action_delay,1,0.0,1.052456714685397,,randomized_500k
1364,never_reached_object,action_delay,1,0.0,0.1903343093654964,,randomized_500k
1365,never_reached_object,action_delay,1,0.0,0.2176952721114957,,randomized_500k
1366,never_reached_object,action_delay,1,0.0,0.2364850002222144,,randomized_500k
1367,never_reached_object,action_delay,1,0.0,0.3300242720177412,,randomized_500k
1368,never_reached_object,action_delay,1,0.0,0.4206441292022121,,randomized_500k
1369,never_reached_object,action_delay,1,0.0,0.3116847328981841,,randomized_500k
1370,never_reached_object,action_delay,1,0.0,0.2544801351742931,,randomized_500k
1371,never_reached_object,action_delay,1,0.0,0.1346881951449397,,randomized_500k
1372,never_reached_object,action_delay,1,0.0,0.1347100872142967,,randomized_500k
1373,never_reached_object,action_delay,1,0.0,0.1440250317394531,,randomized_500k
1374,reached_but_failed_grasp,action_delay,1,0.0,0.0693997026097417,,randomized_500k
1375,never_reached_object,action_delay,1,0.0,0.1674864936253329,,randomized_500k
1376,never_reached_object,action_delay,1,0.0,0.368293308242639,,randomized_500k
1377,never_reached_object,action_delay,1,0.0,0.221817399080589,,randomized_500k
1378,reached_but_failed_grasp,action_delay,1,0.0,0.5476778278528539,,randomized_500k
1379,never_reached_object,action_delay,1,0.0,0.4156038630093016,,randomized_500k
1440,never_reached_object,action_reversal,1,0.0,0.2332914222106347,,randomized_500k
1441,never_reached_object,action_reversal,1,0.0,0.0842952111471444,,randomized_500k
1442,never_reached_object,action_reversal,1,0.0,0.4561277308732482,,randomized_500k
1443,never_reached_object,action_reversal,1,0.0,0.3042911997167348,,randomized_500k
1444,never_reached_object,action_reversal,1,0.0,0.2525469650993401,,randomized_500k
1445,never_reached_object,action_reversal,1,0.0,0.4533811987190141,,randomized_500k
1446,never_reached_object,action_reversal,1,0.0,0.3227130596495864,,randomized_500k
1447,never_reached_object,action_reversal,1,0.0,0.2748498705844067,,randomized_500k
1448,never_reached_object,action_reversal,1,0.0,0.3195959526341559,,randomized_500k
1449,never_reached_object,action_reversal,1,0.0,0.1785053410026053,,randomized_500k
1450,never_reached_object,action_reversal,1,0.0,0.0654625980963785,,randomized_500k
1451,never_reached_object,action_reversal,1,0.0,0.4018677051907181,,randomized_500k
1452,never_reached_object,action_reversal,1,0.0,0.4918674881782117,,randomized_500k
1453,never_reached_object,action_reversal,1,0.0,0.1396718198042763,,randomized_500k
1454,never_reached_object,action_reversal,1,0.0,0.1903343093654964,,randomized_500k
1455,never_reached_object,action_reversal,1,0.0,0.2176952721114957,,randomized_500k
1456,never_reached_object,action_reversal,1,0.0,0.2364850002222144,,randomized_500k
1457,never_reached_object,action_reversal,1,0.0,0.3300242720177412,,randomized_500k
1458,never_reached_object,action_reversal,1,0.0,0.4206441292022121,,randomized_500k
1459,never_reached_object,action_reversal,1,0.0,0.3116847328981841,,randomized_500k
1460,never_reached_object,action_reversal,1,0.0,0.2544801351742931,,randomized_500k
1461,never_reached_object,action_reversal,1,0.0,0.1346881951449397,,randomized_500k
1462,never_reached_object,action_reversal,1,0.0,0.1347100872142967,,randomized_500k
1463,never_reached_object,action_reversal,1,0.0,0.1440250317394531,,randomized_500k
1464,never_reached_object,action_reversal,1,0.0,0.0563183431146463,,randomized_500k
1465,reached_but_failed_grasp,action_reversal,1,0.0,0.515352118972081,,randomized_500k
1466,never_reached_object,action_reversal,1,0.0,0.368293308242639,,randomized_500k
1467,never_reached_object,action_reversal,1,0.0,0.221817399080589,,randomized_500k
1468,never_reached_object,action_reversal,1,0.0,0.4719895919932224,,randomized_500k
1469,never_reached_object,action_reversal,1,0.0,0.4156038630093016,,randomized_500k
1530,never_reached_object,goal_spoof_immediate,1,0.0,0.2332914222106347,,randomized_500k
1531,never_reached_object,goal_spoof_immediate,1,0.0,0.0842952111471444,,randomized_500k
1532,never_reached_object,goal_spoof_immediate,1,0.0,0.4561277308732482,,randomized_500k
1533,never_reached_object,goal_spoof_immediate,1,0.0,0.3042911997167348,,randomized_500k
1534,never_reached_object,goal_spoof_immediate,1,0.0,0.2525469650993401,,randomized_500k
1535,never_reached_object,goal_spoof_immediate,1,0.0,0.4533811987190141,,randomized_500k
1536,never_reached_object,goal_spoof_immediate,1,0.0,0.3227130596495864,,randomized_500k
1537,never_reached_object,goal_spoof_immediate,1,0.0,0.2748498705844067,,randomized_500k
1538,never_reached_object,goal_spoof_immediate,1,0.0,0.3195959526341559,,randomized_500k
1539,never_reached_object,goal_spoof_immediate,1,0.0,0.1785053410026053,,randomized_500k
1540,never_reached_object,goal_spoof_immediate,1,0.0,0.0654625980963785,,randomized_500k
1541,never_reached_object,goal_spoof_immediate,1,0.0,0.4018677051907181,,randomized_500k
1542,never_reached_object,goal_spoof_immediate,1,0.0,0.4918674881782117,,randomized_500k
1543,never_reached_object,goal_spoof_immediate,1,0.0,0.1510558539477611,,randomized_500k
1544,never_reached_object,goal_spoof_immediate,1,0.0,0.1903343093654964,,randomized_500k
1545,never_reached_object,goal_spoof_immediate,1,0.0,0.2176952721114957,,randomized_500k
1546,never_reached_object,goal_spoof_immediate,1,0.0,0.2364850002222144,,randomized_500k
1547,never_reached_object,goal_spoof_immediate,1,0.0,0.3300242720177412,,randomized_500k
1548,never_reached_object,goal_spoof_immediate,1,0.0,0.4206441292022121,,randomized_500k
1549,never_reached_object,goal_spoof_immediate,1,0.0,0.3116847328981841,,randomized_500k
1550,never_reached_object,goal_spoof_immediate,1,0.0,0.2544801351742931,,randomized_500k
1551,never_reached_object,goal_spoof_immediate,1,0.0,0.1346881951449397,,randomized_500k
1552,never_reached_object,goal_spoof_immediate,1,0.0,0.1347100872142967,,randomized_500k
1553,never_reached_object,goal_spoof_immediate,1,0.0,0.1440250317394531,,randomized_500k
1554,reached_but_failed_grasp,goal_spoof_immediate,1,0.0,0.0675118713768348,,randomized_500k
1555,never_reached_object,goal_spoof_immediate,1,0.0,0.1674864936253329,,randomized_500k
1556,never_reached_object,goal_spoof_immediate,1,0.0,0.368293308242639,,randomized_500k
1557,never_reached_object,goal_spoof_immediate,1,0.0,0.221817399080589,,randomized_500k
1558,reached_but_failed_grasp,goal_spoof_immediate,1,0.0,0.4719895919932224,,randomized_500k
1559,never_reached_object,goal_spoof_immediate,1,0.0,0.4156038630093016,,randomized_500k
1620,never_reached_object,goal_spoof_midep,1,0.0,0.2332914222106347,,randomized_500k
1621,never_reached_object,goal_spoof_midep,1,0.0,0.0842952111471444,,randomized_500k
1622,never_reached_object,goal_spoof_midep,1,0.0,0.4561277308732482,,randomized_500k
1623,never_reached_object,goal_spoof_midep,1,0.0,0.3042911997167348,,randomized_500k
1624,never_reached_object,goal_spoof_midep,1,0.0,0.2525469650993401,,randomized_500k
1625,never_reached_object,goal_spoof_midep,1,0.0,0.4533811987190141,,randomized_500k
1626,never_reached_object,goal_spoof_midep,1,0.0,0.3227130596495864,,randomized_500k
1627,never_reached_object,goal_spoof_midep,1,0.0,0.2748498705844067,,randomized_500k
1628,never_reached_object,goal_spoof_midep,1,0.0,0.3195959526341559,,randomized_500k
1629,never_reached_object,goal_spoof_midep,1,0.0,0.1785053410026053,,randomized_500k
1630,never_reached_object,goal_spoof_midep,1,0.0,0.0654625980963785,,randomized_500k
1631,never_reached_object,goal_spoof_midep,1,0.0,0.4018677051907181,,randomized_500k
1632,never_reached_object,goal_spoof_midep,1,0.0,0.4918674881782117,,randomized_500k
1633,never_reached_object,goal_spoof_midep,1,0.0,0.1396718198042763,,randomized_500k
1634,never_reached_object,goal_spoof_midep,1,0.0,0.1903343093654964,,randomized_500k
1635,never_reached_object,goal_spoof_midep,1,0.0,0.2176952721114957,,randomized_500k
1636,never_reached_object,goal_spoof_midep,1,0.0,0.2364850002222144,,randomized_500k
1637,never_reached_object,goal_spoof_midep,1,0.0,0.3300242720177412,,randomized_500k
1638,never_reached_object,goal_spoof_midep,1,0.0,0.4206441292022121,,randomized_500k
1639,never_reached_object,goal_spoof_midep,1,0.0,0.3116847328981841,,randomized_500k
1640,never_reached_object,goal_spoof_midep,1,0.0,0.2544801351742931,,randomized_500k
1641,never_reached_object,goal_spoof_midep,1,0.0,0.1346881951449397,,randomized_500k
1642,never_reached_object,goal_spoof_midep,1,0.0,0.1347100872142967,,randomized_500k
1643,never_reached_object,goal_spoof_midep,1,0.0,0.1440250317394531,,randomized_500k
1644,reached_but_failed_grasp,goal_spoof_midep,1,0.0,0.0629379341531179,,randomized_500k
1645,never_reached_object,goal_spoof_midep,1,0.0,0.1674864936253329,,randomized_500k
1646,never_reached_object,goal_spoof_midep,1,0.0,0.368293308242639,,randomized_500k
1647,never_reached_object,goal_spoof_midep,1,0.0,0.221817399080589,,randomized_500k
1648,reached_but_failed_grasp,goal_spoof_midep,1,0.0,0.9340242989668748,,randomized_500k
1649,never_reached_object,goal_spoof_midep,1,0.0,0.4156038630093016,,randomized_500k
1710,never_reached_object,object_pose_spoof,1,0.0,0.2332914222106347,,randomized_500k
1711,never_reached_object,object_pose_spoof,1,0.0,0.0842952111471444,,randomized_500k
1712,never_reached_object,object_pose_spoof,1,0.0,0.4561277308732482,,randomized_500k
1713,never_reached_object,object_pose_spoof,1,0.0,0.3042911997167348,,randomized_500k
1714,never_reached_object,object_pose_spoof,1,0.0,0.2525469650993401,,randomized_500k
1715,never_reached_object,object_pose_spoof,1,0.0,0.4533811987190141,,randomized_500k
1716,never_reached_object,object_pose_spoof,1,0.0,0.3227130596495864,,randomized_500k
1717,never_reached_object,object_pose_spoof,1,0.0,0.2748498705844067,,randomized_500k
1718,never_reached_object,object_pose_spoof,1,0.0,0.3195959526341559,,randomized_500k
1719,never_reached_object,object_pose_spoof,1,0.0,0.1785053410026053,,randomized_500k
1720,never_reached_object,object_pose_spoof,1,0.0,0.0654625980963785,,randomized_500k
1721,never_reached_object,object_pose_spoof,1,0.0,0.4018677051907181,,randomized_500k
1722,never_reached_object,object_pose_spoof,1,0.0,0.4918674881782117,,randomized_500k
1723,never_reached_object,object_pose_spoof,1,0.0,0.1396718198042763,,randomized_500k
1724,never_reached_object,object_pose_spoof,1,0.0,0.1903343093654964,,randomized_500k
1725,never_reached_object,object_pose_spoof,1,0.0,0.2176952721114957,,randomized_500k
1726,never_reached_object,object_pose_spoof,1,0.0,0.2364850002222144,,randomized_500k
1727,never_reached_object,object_pose_spoof,1,0.0,0.3300242720177412,,randomized_500k
1728,never_reached_object,object_pose_spoof,1,0.0,0.4206441292022121,,randomized_500k
1729,never_reached_object,object_pose_spoof,1,0.0,0.3116847328981841,,randomized_500k
1730,never_reached_object,object_pose_spoof,1,0.0,0.2544801351742931,,randomized_500k
1731,never_reached_object,object_pose_spoof,1,0.0,0.1346881951449397,,randomized_500k
1732,never_reached_object,object_pose_spoof,1,0.0,0.1347100872142967,,randomized_500k
1733,never_reached_object,object_pose_spoof,1,0.0,0.1440250317394531,,randomized_500k
1734,reached_but_failed_grasp,object_pose_spoof,1,0.0,0.0563183431146463,,randomized_500k
1735,never_reached_object,object_pose_spoof,1,0.0,0.1674864936253329,,randomized_500k
1736,reached_but_failed_grasp,object_pose_spoof,1,0.0,0.8199204459068964,,randomized_500k
1737,never_reached_object,object_pose_spoof,1,0.0,0.221817399080589,,randomized_500k
1738,reached_but_failed_grasp,object_pose_spoof,1,0.0,0.53566864942819,,randomized_500k
1739,never_reached_object,object_pose_spoof,1,0.0,0.4156038630093016,,randomized_500k
1800,never_reached_object,grip_state_falsification,1,0.0,0.2332914222106347,,randomized_500k
1801,never_reached_object,grip_state_falsification,1,0.0,0.0842952111471444,,randomized_500k
1802,never_reached_object,grip_state_falsification,1,0.0,0.4561277308732482,,randomized_500k
1803,never_reached_object,grip_state_falsification,1,0.0,0.3042911997167348,,randomized_500k
1804,never_reached_object,grip_state_falsification,1,0.0,0.2525469650993401,,randomized_500k
1805,never_reached_object,grip_state_falsification,1,0.0,0.4533811987190141,,randomized_500k
1806,never_reached_object,grip_state_falsification,1,0.0,0.3227130596495864,,randomized_500k
1807,never_reached_object,grip_state_falsification,1,0.0,0.2748498705844067,,randomized_500k
1808,never_reached_object,grip_state_falsification,1,0.0,0.3195959526341559,,randomized_500k
1809,never_reached_object,grip_state_falsification,1,0.0,0.1785053410026053,,randomized_500k
1810,never_reached_object,grip_state_falsification,1,0.0,0.0654625980963785,,randomized_500k
1811,never_reached_object,grip_state_falsification,1,0.0,0.4018677051907181,,randomized_500k
1812,never_reached_object,grip_state_falsification,1,0.0,0.4918674881782117,,randomized_500k
1813,never_reached_object,grip_state_falsification,1,0.0,0.1396718198042763,,randomized_500k
1814,never_reached_object,grip_state_falsification,1,0.0,0.1903343093654964,,randomized_500k
1815,never_reached_object,grip_state_falsification,1,0.0,0.2176952721114957,,randomized_500k
1816,never_reached_object,grip_state_falsification,1,0.0,0.2364850002222144,,randomized_500k
1817,never_reached_object,grip_state_falsification,1,0.0,0.3300242720177412,,randomized_500k
1818,never_reached_object,grip_state_falsification,1,0.0,0.4206441292022121,,randomized_500k
1819,never_reached_object,grip_state_falsification,1,0.0,0.3116847328981841,,randomized_500k
1820,never_reached_object,grip_state_falsification,1,0.0,0.2544801351742931,,randomized_500k
1821,never_reached_object,grip_state_falsification,1,0.0,0.1346881951449397,,randomized_500k
1822,never_reached_object,grip_state_falsification,1,0.0,0.1347100872142967,,randomized_500k
1823,never_reached_object,grip_state_falsification,1,0.0,0.1440250317394531,,randomized_500k
1824,divergent_transport,grip_state_falsification,1,0.0,0.1963361357620445,2.0,randomized_500k
1825,never_reached_object,grip_state_falsification,1,0.0,0.1674864936253329,,randomized_500k
1826,reached_but_failed_grasp,grip_state_falsification,1,0.0,0.3884296022399935,,randomized_500k
1827,never_reached_object,grip_state_falsification,1,0.0,0.221817399080589,,randomized_500k
1828,reached_but_failed_grasp,grip_state_falsification,1,0.0,0.4972803770411834,,randomized_500k
1829,never_reached_object,grip_state_falsification,1,0.0,0.4156038630093016,,randomized_500k
1890,never_reached_object,contact_dropout,1,0.0,0.2332914222106347,,randomized_500k
1891,never_reached_object,contact_dropout,1,0.0,0.0842952111471444,,randomized_500k
1892,never_reached_object,contact_dropout,1,0.0,0.4561277308732482,,randomized_500k
1893,never_reached_object,contact_dropout,1,0.0,0.3042911997167348,,randomized_500k
1894,never_reached_object,contact_dropout,1,0.0,0.2525469650993401,,randomized_500k
1895,never_reached_object,contact_dropout,1,0.0,0.4533811987190141,,randomized_500k
1896,never_reached_object,contact_dropout,1,0.0,0.3227130596495864,,randomized_500k
1897,never_reached_object,contact_dropout,1,0.0,0.2748498705844067,,randomized_500k
1898,never_reached_object,contact_dropout,1,0.0,0.3195959526341559,,randomized_500k
1899,never_reached_object,contact_dropout,1,0.0,0.1785053410026053,,randomized_500k
1900,never_reached_object,contact_dropout,1,0.0,0.0654625980963785,,randomized_500k
1901,never_reached_object,contact_dropout,1,0.0,0.4018677051907181,,randomized_500k
1902,never_reached_object,contact_dropout,1,0.0,0.4918674881782117,,randomized_500k
1903,never_reached_object,contact_dropout,1,0.0,0.1396718198042763,,randomized_500k
1904,never_reached_object,contact_dropout,1,0.0,0.1903343093654964,,randomized_500k
1905,never_reached_object,contact_dropout,1,0.0,0.2176952721114957,,randomized_500k
1906,never_reached_object,contact_dropout,1,0.0,0.2364850002222144,,randomized_500k
1907,never_reached_object,contact_dropout,1,0.0,0.3300242720177412,,randomized_500k
1908,never_reached_object,contact_dropout,1,0.0,0.4206441292022121,,randomized_500k
1909,never_reached_object,contact_dropout,1,0.0,0.3116847328981841,,randomized_500k
1910,never_reached_object,contact_dropout,1,0.0,0.2544801351742931,,randomized_500k
1911,never_reached_object,contact_dropout,1,0.0,0.1346881951449397,,randomized_500k
1912,never_reached_object,contact_dropout,1,0.0,0.1347100872142967,,randomized_500k
1913,never_reached_object,contact_dropout,1,0.0,0.1440250317394531,,randomized_500k
1914,never_reached_object,contact_dropout,1,0.0,0.0563183431146463,,randomized_500k
1915,never_reached_object,contact_dropout,1,0.0,0.1692419046492128,,randomized_500k
1916,never_reached_object,contact_dropout,1,0.0,0.368293308242639,,randomized_500k
1917,never_reached_object,contact_dropout,1,0.0,0.221817399080589,,randomized_500k
1918,never_reached_object,contact_dropout,1,0.0,0.4719895919932224,,randomized_500k
1919,never_reached_object,contact_dropout,1,0.0,0.4156038630093016,,randomized_500k
1980,never_reached_object,clean,2,0.0,0.1997172394190721,,randomized_500k
1981,never_reached_object,clean,2,0.0,0.1516293764280694,,randomized_500k
1982,never_reached_object,clean,2,0.0,0.1714851326945428,,randomized_500k
1983,never_reached_object,clean,2,0.0,0.3794429424862267,,randomized_500k
1984,never_reached_object,clean,2,1.0,0.0256559435823797,0.0,randomized_500k
1985,never_reached_object,clean,2,0.0,0.2100295104828423,,randomized_500k
1986,never_reached_object,clean,2,0.0,0.3842887087108118,,randomized_500k
1987,never_reached_object,clean,2,0.0,0.3003642952314868,,randomized_500k
1988,never_reached_object,clean,2,0.0,0.2275702867625625,,randomized_500k
1989,never_reached_object,clean,2,0.0,0.2738117894582931,,randomized_500k
1990,never_reached_object,clean,2,0.0,0.1228889878780494,,randomized_500k
1991,never_reached_object,clean,2,0.0,0.2228413796082498,,randomized_500k
1992,never_reached_object,clean,2,0.0,0.2877492579366268,,randomized_500k
1993,never_reached_object,clean,2,0.0,0.5138989605869597,,randomized_500k
1994,never_reached_object,clean,2,0.0,0.1452040196841573,,randomized_500k
1995,never_reached_object,clean,2,0.0,0.3179807564787726,,randomized_500k
1996,never_reached_object,clean,2,0.0,0.1751758115837957,,randomized_500k
1997,reached_but_failed_grasp,clean,2,0.0,0.130997230466157,0.0,randomized_500k
1998,never_reached_object,clean,2,0.0,0.1090182352590774,,randomized_500k
1999,never_reached_object,clean,2,0.0,0.3725494666153298,,randomized_500k
2000,never_reached_object,clean,2,0.0,0.2210127267540763,,randomized_500k
2001,reached_but_failed_grasp,clean,2,0.0,0.1938373454517132,,randomized_500k
2002,never_reached_object,clean,2,0.0,0.241597427331297,,randomized_500k
2003,never_reached_object,clean,2,0.0,0.1917556488987317,,randomized_500k
2004,never_reached_object,clean,2,0.0,0.1665615764017147,,randomized_500k
2005,never_reached_object,clean,2,0.0,0.2272207778030207,,randomized_500k
2006,never_reached_object,clean,2,0.0,0.4294161905946126,,randomized_500k
2007,never_reached_object,clean,2,0.0,0.2040305529511548,,randomized_500k
2008,never_reached_object,clean,2,0.0,0.2727845163095613,,randomized_500k
2009,never_reached_object,clean,2,0.0,0.4479705673575392,,randomized_500k
2070,never_reached_object,sensor_dropout,2,0.0,0.1997172394190721,,randomized_500k
2071,never_reached_object,sensor_dropout,2,0.0,0.1516293764280694,,randomized_500k
2072,never_reached_object,sensor_dropout,2,0.0,0.1714851326945428,,randomized_500k
2073,never_reached_object,sensor_dropout,2,0.0,0.3794429424862267,,randomized_500k
2074,never_reached_object,sensor_dropout,2,1.0,0.0256559435823797,0.0,randomized_500k
2075,never_reached_object,sensor_dropout,2,0.0,0.2100295104828423,,randomized_500k
2076,never_reached_object,sensor_dropout,2,0.0,0.3842887087108118,,randomized_500k
2077,never_reached_object,sensor_dropout,2,0.0,0.3003642952314868,,randomized_500k
2078,never_reached_object,sensor_dropout,2,0.0,0.2275702867625625,,randomized_500k
2079,never_reached_object,sensor_dropout,2,0.0,0.2738117894582931,,randomized_500k
2080,never_reached_object,sensor_dropout,2,0.0,0.1228889878780494,,randomized_500k
2081,never_reached_object,sensor_dropout,2,0.0,0.2228413796082498,,randomized_500k
2082,never_reached_object,sensor_dropout,2,0.0,0.2877492579366268,,randomized_500k
2083,never_reached_object,sensor_dropout,2,0.0,0.5138989605869597,,randomized_500k
2084,never_reached_object,sensor_dropout,2,0.0,0.1452040196841573,,randomized_500k
2085,never_reached_object,sensor_dropout,2,0.0,0.3179807564787726,,randomized_500k
2086,never_reached_object,sensor_dropout,2,0.0,0.1751758115837957,,randomized_500k
2087,never_reached_object,sensor_dropout,2,1.0,0.0434460754606292,0.0,randomized_500k
2088,never_reached_object,sensor_dropout,2,0.0,0.5444415370573509,,randomized_500k
2089,never_reached_object,sensor_dropout,2,0.0,0.3725494666153298,,randomized_500k
2090,never_reached_object,sensor_dropout,2,0.0,0.2210127267540763,,randomized_500k
2091,never_reached_object,sensor_dropout,2,0.0,0.1914299157330289,,randomized_500k
2092,never_reached_object,sensor_dropout,2,0.0,0.241597427331297,,randomized_500k
2093,never_reached_object,sensor_dropout,2,0.0,0.1917556488987317,,randomized_500k
2094,never_reached_object,sensor_dropout,2,0.0,0.1665615764017147,,randomized_500k
2095,never_reached_object,sensor_dropout,2,0.0,0.2272207778030207,,randomized_500k
2096,never_reached_object,sensor_dropout,2,0.0,0.4294161905946126,,randomized_500k
2097,never_reached_object,sensor_dropout,2,0.0,0.2040305529511548,,randomized_500k
2098,never_reached_object,sensor_dropout,2,0.0,0.2727845163095613,,randomized_500k
2099,never_reached_object,sensor_dropout,2,0.0,0.4479705673575392,,randomized_500k
2160,never_reached_object,sensor_bias,2,0.0,0.1997172394190721,,randomized_500k
2161,reached_but_failed_grasp,sensor_bias,2,0.0,0.1659007356380405,,randomized_500k
2162,never_reached_object,sensor_bias,2,0.0,0.1714851326945428,,randomized_500k
2163,reached_but_failed_grasp,sensor_bias,2,0.0,1.069901498818194,,randomized_500k
2164,never_reached_object,sensor_bias,2,1.0,0.0256559435823797,0.0,randomized_500k
2165,never_reached_object,sensor_bias,2,0.0,0.2100295104828423,,randomized_500k
2166,never_reached_object,sensor_bias,2,0.0,0.3842887087108118,,randomized_500k
2167,never_reached_object,sensor_bias,2,0.0,0.3003642952314868,,randomized_500k
2168,never_reached_object,sensor_bias,2,0.0,0.2275702867625625,,randomized_500k
2169,never_reached_object,sensor_bias,2,0.0,0.2738117894582931,,randomized_500k
2170,never_reached_object,sensor_bias,2,0.0,0.1228889878780494,,randomized_500k
2171,never_reached_object,sensor_bias,2,0.0,0.2228413796082498,,randomized_500k
2172,never_reached_object,sensor_bias,2,0.0,0.2877492579366268,,randomized_500k
2173,never_reached_object,sensor_bias,2,0.0,0.5138989605869597,,randomized_500k
2174,never_reached_object,sensor_bias,2,0.0,0.1452040196841573,,randomized_500k
2175,never_reached_object,sensor_bias,2,0.0,0.3179807564787726,,randomized_500k
2176,never_reached_object,sensor_bias,2,0.0,0.1751758115837957,,randomized_500k
2177,never_reached_object,sensor_bias,2,1.0,0.0434460754606292,0.0,randomized_500k
2178,never_reached_object,sensor_bias,2,0.0,0.1090182352590774,,randomized_500k
2179,reached_but_failed_grasp,sensor_bias,2,0.0,0.3725494666153298,,randomized_500k
2180,never_reached_object,sensor_bias,2,0.0,0.2210127267540763,,randomized_500k
2181,never_reached_object,sensor_bias,2,0.0,0.1914299157330289,,randomized_500k
2182,never_reached_object,sensor_bias,2,0.0,0.241597427331297,,randomized_500k
2183,never_reached_object,sensor_bias,2,0.0,0.1917556488987317,,randomized_500k
2184,never_reached_object,sensor_bias,2,0.0,0.1665615764017147,,randomized_500k
2185,never_reached_object,sensor_bias,2,0.0,0.2272207778030207,,randomized_500k
2186,never_reached_object,sensor_bias,2,0.0,0.4294161905946126,,randomized_500k
2187,never_reached_object,sensor_bias,2,0.0,0.2040305529511548,,randomized_500k
2188,never_reached_object,sensor_bias,2,0.0,0.2727845163095613,,randomized_500k
2189,never_reached_object,sensor_bias,2,0.0,0.4479705673575392,,randomized_500k
2250,never_reached_object,action_clipping,2,0.0,0.1997172394190721,,randomized_500k
2251,never_reached_object,action_clipping,2,0.0,0.1516293764280694,,randomized_500k
2252,never_reached_object,action_clipping,2,0.0,0.1714851326945428,,randomized_500k
2253,never_reached_object,action_clipping,2,0.0,0.3794429424862267,,randomized_500k
2254,never_reached_object,action_clipping,2,1.0,0.0256559435823797,0.0,randomized_500k
2255,never_reached_object,action_clipping,2,0.0,0.2100295104828423,,randomized_500k
2256,never_reached_object,action_clipping,2,0.0,0.3842887087108118,,randomized_500k
2257,never_reached_object,action_clipping,2,0.0,0.3003642952314868,,randomized_500k
2258,never_reached_object,action_clipping,2,0.0,0.2275702867625625,,randomized_500k
2259,never_reached_object,action_clipping,2,0.0,0.2738117894582931,,randomized_500k
2260,never_reached_object,action_clipping,2,0.0,0.1228889878780494,,randomized_500k
2261,never_reached_object,action_clipping,2,0.0,0.2228413796082498,,randomized_500k
2262,never_reached_object,action_clipping,2,0.0,0.2877492579366268,,randomized_500k
2263,never_reached_object,action_clipping,2,0.0,0.5138989605869597,,randomized_500k
2264,never_reached_object,action_clipping,2,0.0,0.1452040196841573,,randomized_500k
2265,never_reached_object,action_clipping,2,0.0,0.3179807564787726,,randomized_500k
2266,never_reached_object,action_clipping,2,0.0,0.1751758115837957,,randomized_500k
2267,divergent_transport,action_clipping,2,0.0,0.5224965406434063,0.0,randomized_500k
2268,never_reached_object,action_clipping,2,0.0,0.1090182352590774,,randomized_500k
2269,never_reached_object,action_clipping,2,0.0,0.3725494666153298,,randomized_500k
2270,never_reached_object,action_clipping,2,0.0,0.2210127267540763,,randomized_500k
2271,reached_but_failed_grasp,action_clipping,2,0.0,0.2117891669057092,,randomized_500k
2272,never_reached_object,action_clipping,2,0.0,0.241597427331297,,randomized_500k
2273,never_reached_object,action_clipping,2,0.0,0.1917556488987317,,randomized_500k
2274,never_reached_object,action_clipping,2,0.0,0.1665615764017147,,randomized_500k
2275,never_reached_object,action_clipping,2,0.0,0.2272207778030207,,randomized_500k
2276,never_reached_object,action_clipping,2,0.0,0.4294161905946126,,randomized_500k
2277,never_reached_object,action_clipping,2,0.0,0.2040305529511548,,randomized_500k
2278,never_reached_object,action_clipping,2,0.0,0.2727845163095613,,randomized_500k
2279,never_reached_object,action_clipping,2,0.0,0.4479705673575392,,randomized_500k
2340,never_reached_object,action_delay,2,0.0,0.1997172394190721,,randomized_500k
2341,never_reached_object,action_delay,2,0.0,0.1516293764280694,,randomized_500k
2342,never_reached_object,action_delay,2,0.0,0.1714851326945428,,randomized_500k
2343,never_reached_object,action_delay,2,0.0,0.3794429424862267,,randomized_500k
2344,never_reached_object,action_delay,2,1.0,0.0256559435823797,0.0,randomized_500k
2345,never_reached_object,action_delay,2,0.0,0.2100295104828423,,randomized_500k
2346,never_reached_object,action_delay,2,0.0,0.3842887087108118,,randomized_500k
2347,never_reached_object,action_delay,2,0.0,0.3003642952314868,,randomized_500k
2348,never_reached_object,action_delay,2,0.0,0.2275702867625625,,randomized_500k
2349,never_reached_object,action_delay,2,0.0,0.2738117894582931,,randomized_500k
2350,never_reached_object,action_delay,2,0.0,0.1228889878780494,,randomized_500k
2351,never_reached_object,action_delay,2,0.0,0.2228413796082498,,randomized_500k
2352,never_reached_object,action_delay,2,0.0,0.2877492579366268,,randomized_500k
2353,never_reached_object,action_delay,2,0.0,0.5138989605869597,,randomized_500k
2354,never_reached_object,action_delay,2,0.0,0.1452040196841573,,randomized_500k
2355,never_reached_object,action_delay,2,0.0,0.3179807564787726,,randomized_500k
2356,never_reached_object,action_delay,2,0.0,0.1751758115837957,,randomized_500k
2357,divergent_transport,action_delay,2,0.0,0.2336916784067708,0.0,randomized_500k
2358,never_reached_object,action_delay,2,0.0,0.1090182352590774,,randomized_500k
2359,never_reached_object,action_delay,2,0.0,0.3725494666153298,,randomized_500k
2360,never_reached_object,action_delay,2,0.0,0.2210127267540763,,randomized_500k
2361,reached_but_failed_grasp,action_delay,2,0.0,0.2173891319034807,,randomized_500k
2362,never_reached_object,action_delay,2,0.0,0.241597427331297,,randomized_500k
2363,never_reached_object,action_delay,2,0.0,0.1917556488987317,,randomized_500k
2364,never_reached_object,action_delay,2,0.0,0.1665615764017147,,randomized_500k
2365,never_reached_object,action_delay,2,0.0,0.2272207778030207,,randomized_500k
2366,never_reached_object,action_delay,2,0.0,0.4294161905946126,,randomized_500k
2367,never_reached_object,action_delay,2,0.0,0.2040305529511548,,randomized_500k
2368,never_reached_object,action_delay,2,0.0,0.2727845163095613,,randomized_500k
2369,never_reached_object,action_delay,2,0.0,0.4479705673575392,,randomized_500k
2430,never_reached_object,action_reversal,2,0.0,0.1997172394190721,,randomized_500k
2431,never_reached_object,action_reversal,2,0.0,0.1516293764280694,,randomized_500k
2432,never_reached_object,action_reversal,2,0.0,0.1714851326945428,,randomized_500k
2433,never_reached_object,action_reversal,2,0.0,0.3794429424862267,,randomized_500k
2434,never_reached_object,action_reversal,2,1.0,0.0256559435823797,0.0,randomized_500k
2435,never_reached_object,action_reversal,2,0.0,0.2100295104828423,,randomized_500k
2436,never_reached_object,action_reversal,2,0.0,0.3842887087108118,,randomized_500k
2437,never_reached_object,action_reversal,2,0.0,0.3003642952314868,,randomized_500k
2438,never_reached_object,action_reversal,2,0.0,0.2275702867625625,,randomized_500k
2439,never_reached_object,action_reversal,2,0.0,0.2738117894582931,,randomized_500k
2440,never_reached_object,action_reversal,2,0.0,0.1228889878780494,,randomized_500k
2441,never_reached_object,action_reversal,2,0.0,0.2228413796082498,,randomized_500k
2442,never_reached_object,action_reversal,2,0.0,0.2877492579366268,,randomized_500k
2443,never_reached_object,action_reversal,2,0.0,0.5138989605869597,,randomized_500k
2444,never_reached_object,action_reversal,2,0.0,0.1452040196841573,,randomized_500k
2445,never_reached_object,action_reversal,2,0.0,0.3179807564787726,,randomized_500k
2446,never_reached_object,action_reversal,2,0.0,0.1751758115837957,,randomized_500k
2447,never_reached_object,action_reversal,2,1.0,0.0434460754606292,0.0,randomized_500k
2448,never_reached_object,action_reversal,2,0.0,0.1090182352590774,,randomized_500k
2449,never_reached_object,action_reversal,2,0.0,0.3725494666153298,,randomized_500k
2450,never_reached_object,action_reversal,2,0.0,0.2210127267540763,,randomized_500k
2451,never_reached_object,action_reversal,2,0.0,0.1914299157330289,,randomized_500k
2452,never_reached_object,action_reversal,2,0.0,0.241597427331297,,randomized_500k
2453,never_reached_object,action_reversal,2,0.0,0.1917556488987317,,randomized_500k
2454,never_reached_object,action_reversal,2,0.0,0.1665615764017147,,randomized_500k
2455,never_reached_object,action_reversal,2,0.0,0.2272207778030207,,randomized_500k
2456,never_reached_object,action_reversal,2,0.0,0.4294161905946126,,randomized_500k
2457,never_reached_object,action_reversal,2,0.0,0.2040305529511548,,randomized_500k
2458,never_reached_object,action_reversal,2,0.0,0.2727845163095613,,randomized_500k
2459,never_reached_object,action_reversal,2,0.0,0.4479705673575392,,randomized_500k
2520,never_reached_object,goal_spoof_immediate,2,0.0,0.1997172394190721,,randomized_500k
2521,never_reached_object,goal_spoof_immediate,2,0.0,0.1516293764280694,,randomized_500k
2522,never_reached_object,goal_spoof_immediate,2,0.0,0.1714851326945428,,randomized_500k
2523,never_reached_object,goal_spoof_immediate,2,0.0,0.3794429424862267,,randomized_500k
2524,reached_but_failed_grasp,goal_spoof_immediate,2,0.0,0.0914694991864025,0.0,randomized_500k
2525,never_reached_object,goal_spoof_immediate,2,0.0,0.2100295104828423,,randomized_500k
2526,never_reached_object,goal_spoof_immediate,2,0.0,0.3842887087108118,,randomized_500k
2527,never_reached_object,goal_spoof_immediate,2,0.0,0.3003642952314868,,randomized_500k
2528,reached_but_failed_grasp,goal_spoof_immediate,2,0.0,0.1635650760884507,,randomized_500k
2529,never_reached_object,goal_spoof_immediate,2,0.0,0.2738117894582931,,randomized_500k
2530,never_reached_object,goal_spoof_immediate,2,0.0,0.1228889878780494,,randomized_500k
2531,never_reached_object,goal_spoof_immediate,2,0.0,0.2228413796082498,,randomized_500k
2532,never_reached_object,goal_spoof_immediate,2,0.0,0.2877492579366268,,randomized_500k
2533,never_reached_object,goal_spoof_immediate,2,0.0,0.5138989605869597,,randomized_500k
2534,never_reached_object,goal_spoof_immediate,2,0.0,0.1452040196841573,,randomized_500k
2535,never_reached_object,goal_spoof_immediate,2,0.0,0.3179807564787726,,randomized_500k
2536,never_reached_object,goal_spoof_immediate,2,0.0,0.1751758115837957,,randomized_500k
2537,reached_but_failed_grasp,goal_spoof_immediate,2,1.0,0.0434460754606292,0.0,randomized_500k
2538,never_reached_object,goal_spoof_immediate,2,0.0,0.1090182352590774,,randomized_500k
2539,never_reached_object,goal_spoof_immediate,2,0.0,0.3725494666153298,,randomized_500k
2540,never_reached_object,goal_spoof_immediate,2,0.0,0.2210127267540763,,randomized_500k
2541,never_reached_object,goal_spoof_immediate,2,0.0,0.1914299157330289,,randomized_500k
2542,never_reached_object,goal_spoof_immediate,2,0.0,0.241597427331297,,randomized_500k
2543,never_reached_object,goal_spoof_immediate,2,0.0,0.1917556488987317,,randomized_500k
2544,never_reached_object,goal_spoof_immediate,2,0.0,0.1665615764017147,,randomized_500k
2545,never_reached_object,goal_spoof_immediate,2,0.0,0.2272207778030207,,randomized_500k
2546,never_reached_object,goal_spoof_immediate,2,0.0,0.4294161905946126,,randomized_500k
2547,never_reached_object,goal_spoof_immediate,2,0.0,0.2040305529511548,,randomized_500k
2548,never_reached_object,goal_spoof_immediate,2,0.0,0.2727845163095613,,randomized_500k
2549,never_reached_object,goal_spoof_immediate,2,0.0,0.4479705673575392,,randomized_500k
2610,never_reached_object,goal_spoof_midep,2,0.0,0.1997172394190721,,randomized_500k
2611,never_reached_object,goal_spoof_midep,2,0.0,0.1516293764280694,,randomized_500k
2612,never_reached_object,goal_spoof_midep,2,0.0,0.1714851326945428,,randomized_500k
2613,never_reached_object,goal_spoof_midep,2,0.0,0.3794429424862267,,randomized_500k
2614,never_reached_object,goal_spoof_midep,2,1.0,0.0256559435823797,0.0,randomized_500k
2615,never_reached_object,goal_spoof_midep,2,0.0,0.2100295104828423,,randomized_500k
2616,never_reached_object,goal_spoof_midep,2,0.0,0.3842887087108118,,randomized_500k
2617,never_reached_object,goal_spoof_midep,2,0.0,0.3003642952314868,,randomized_500k
2618,never_reached_object,goal_spoof_midep,2,0.0,0.2275702867625625,,randomized_500k
2619,never_reached_object,goal_spoof_midep,2,0.0,0.2738117894582931,,randomized_500k
2620,never_reached_object,goal_spoof_midep,2,0.0,0.1228889878780494,,randomized_500k
2621,never_reached_object,goal_spoof_midep,2,0.0,0.2228413796082498,,randomized_500k
2622,never_reached_object,goal_spoof_midep,2,0.0,0.2877492579366268,,randomized_500k
2623,never_reached_object,goal_spoof_midep,2,0.0,0.5138989605869597,,randomized_500k
2624,never_reached_object,goal_spoof_midep,2,0.0,0.1452040196841573,,randomized_500k
2625,never_reached_object,goal_spoof_midep,2,0.0,0.3179807564787726,,randomized_500k
2626,never_reached_object,goal_spoof_midep,2,0.0,0.1751758115837957,,randomized_500k
2627,reached_but_failed_grasp,goal_spoof_midep,2,0.0,0.130997230466157,0.0,randomized_500k
2628,never_reached_object,goal_spoof_midep,2,0.0,0.1090182352590774,,randomized_500k
2629,never_reached_object,goal_spoof_midep,2,0.0,0.3725494666153298,,randomized_500k
2630,never_reached_object,goal_spoof_midep,2,0.0,0.2210127267540763,,randomized_500k
2631,reached_but_failed_grasp,goal_spoof_midep,2,0.0,0.1938373454517132,,randomized_500k
2632,never_reached_object,goal_spoof_midep,2,0.0,0.241597427331297,,randomized_500k
2633,never_reached_object,goal_spoof_midep,2,0.0,0.1917556488987317,,randomized_500k
2634,never_reached_object,goal_spoof_midep,2,0.0,0.1665615764017147,,randomized_500k
2635,never_reached_object,goal_spoof_midep,2,0.0,0.2272207778030207,,randomized_500k
2636,never_reached_object,goal_spoof_midep,2,0.0,0.4294161905946126,,randomized_500k
2637,never_reached_object,goal_spoof_midep,2,0.0,0.2040305529511548,,randomized_500k
2638,never_reached_object,goal_spoof_midep,2,0.0,0.2727845163095613,,randomized_500k
2639,never_reached_object,goal_spoof_midep,2,0.0,0.4479705673575392,,randomized_500k
2700,never_reached_object,object_pose_spoof,2,0.0,0.1997172394190721,,randomized_500k
2701,never_reached_object,object_pose_spoof,2,0.0,0.1516293764280694,,randomized_500k
2702,never_reached_object,object_pose_spoof,2,0.0,0.1714851326945428,,randomized_500k
2703,never_reached_object,object_pose_spoof,2,0.0,0.3794429424862267,,randomized_500k
2704,never_reached_object,object_pose_spoof,2,1.0,0.0256559435823797,0.0,randomized_500k
2705,never_reached_object,object_pose_spoof,2,0.0,0.2100295104828423,,randomized_500k
2706,never_reached_object,object_pose_spoof,2,0.0,0.3842887087108118,,randomized_500k
2707,never_reached_object,object_pose_spoof,2,0.0,0.3003642952314868,,randomized_500k
2708,never_reached_object,object_pose_spoof,2,0.0,0.2275702867625625,,randomized_500k
2709,never_reached_object,object_pose_spoof,2,0.0,0.2738117894582931,,randomized_500k
2710,never_reached_object,object_pose_spoof,2,0.0,0.1228889878780494,,randomized_500k
2711,never_reached_object,object_pose_spoof,2,0.0,0.2228413796082498,,randomized_500k
2712,never_reached_object,object_pose_spoof,2,0.0,0.2877492579366268,,randomized_500k
2713,never_reached_object,object_pose_spoof,2,0.0,0.5138989605869597,,randomized_500k
2714,never_reached_object,object_pose_spoof,2,0.0,0.1452040196841573,,randomized_500k
2715,never_reached_object,object_pose_spoof,2,0.0,0.3179807564787726,,randomized_500k
2716,never_reached_object,object_pose_spoof,2,0.0,0.1751758115837957,,randomized_500k
2717,never_reached_object,object_pose_spoof,2,1.0,0.0434460754606292,0.0,randomized_500k
2718,reached_but_failed_grasp,object_pose_spoof,2,0.0,0.1090182352590774,,randomized_500k
2719,never_reached_object,object_pose_spoof,2,0.0,0.3725494666153298,,randomized_500k
2720,never_reached_object,object_pose_spoof,2,0.0,0.2210127267540763,,randomized_500k
2721,never_reached_object,object_pose_spoof,2,0.0,0.1914299157330289,,randomized_500k
2722,never_reached_object,object_pose_spoof,2,0.0,0.241597427331297,,randomized_500k
2723,never_reached_object,object_pose_spoof,2,0.0,0.1917556488987317,,randomized_500k
2724,never_reached_object,object_pose_spoof,2,0.0,0.1665615764017147,,randomized_500k
2725,never_reached_object,object_pose_spoof,2,0.0,0.2272207778030207,,randomized_500k
2726,never_reached_object,object_pose_spoof,2,0.0,0.4294161905946126,,randomized_500k
2727,never_reached_object,object_pose_spoof,2,0.0,0.2040305529511548,,randomized_500k
2728,never_reached_object,object_pose_spoof,2,0.0,0.2727845163095613,,randomized_500k
2729,never_reached_object,object_pose_spoof,2,0.0,0.4479705673575392,,randomized_500k
2790,never_reached_object,grip_state_falsification,2,0.0,0.1997172394190721,,randomized_500k
2791,never_reached_object,grip_state_falsification,2,0.0,0.1516293764280694,,randomized_500k
2792,never_reached_object,grip_state_falsification,2,0.0,0.1714851326945428,,randomized_500k
2793,never_reached_object,grip_state_falsification,2,0.0,0.3794429424862267,,randomized_500k
2794,never_reached_object,grip_state_falsification,2,1.0,0.0256559435823797,0.0,randomized_500k
2795,never_reached_object,grip_state_falsification,2,0.0,0.2100295104828423,,randomized_500k
2796,never_reached_object,grip_state_falsification,2,0.0,0.3842887087108118,,randomized_500k
2797,never_reached_object,grip_state_falsification,2,0.0,0.3003642952314868,,randomized_500k
2798,never_reached_object,grip_state_falsification,2,0.0,0.2275702867625625,,randomized_500k
2799,never_reached_object,grip_state_falsification,2,0.0,0.2738117894582931,,randomized_500k
2800,never_reached_object,grip_state_falsification,2,0.0,0.1228889878780494,,randomized_500k
2801,never_reached_object,grip_state_falsification,2,0.0,0.2228413796082498,,randomized_500k
2802,never_reached_object,grip_state_falsification,2,0.0,0.2877492579366268,,randomized_500k
2803,never_reached_object,grip_state_falsification,2,0.0,0.5138989605869597,,randomized_500k
2804,never_reached_object,grip_state_falsification,2,0.0,0.1452040196841573,,randomized_500k
2805,never_reached_object,grip_state_falsification,2,0.0,0.3179807564787726,,randomized_500k
2806,never_reached_object,grip_state_falsification,2,0.0,0.1751758115837957,,randomized_500k
2807,reached_but_failed_grasp,grip_state_falsification,2,0.0,0.1392765633823523,0.0,randomized_500k
2808,never_reached_object,grip_state_falsification,2,0.0,0.1090182352590774,,randomized_500k
2809,never_reached_object,grip_state_falsification,2,0.0,0.3725494666153298,,randomized_500k
2810,never_reached_object,grip_state_falsification,2,0.0,0.2210127267540763,,randomized_500k
2811,never_reached_object,grip_state_falsification,2,0.0,0.1914299157330289,,randomized_500k
2812,never_reached_object,grip_state_falsification,2,0.0,0.241597427331297,,randomized_500k
2813,never_reached_object,grip_state_falsification,2,0.0,0.1917556488987317,,randomized_500k
2814,never_reached_object,grip_state_falsification,2,0.0,0.1665615764017147,,randomized_500k
2815,never_reached_object,grip_state_falsification,2,0.0,0.2272207778030207,,randomized_500k
2816,never_reached_object,grip_state_falsification,2,0.0,0.4294161905946126,,randomized_500k
2817,never_reached_object,grip_state_falsification,2,0.0,0.2040305529511548,,randomized_500k
2818,never_reached_object,grip_state_falsification,2,0.0,0.2727845163095613,,randomized_500k
2819,never_reached_object,grip_state_falsification,2,0.0,0.4479705673575392,,randomized_500k
2880,never_reached_object,contact_dropout,2,0.0,0.1997172394190721,,randomized_500k
2881,never_reached_object,contact_dropout,2,0.0,0.1516293764280694,,randomized_500k
2882,never_reached_object,contact_dropout,2,0.0,0.1714851326945428,,randomized_500k
2883,never_reached_object,contact_dropout,2,0.0,0.3794429424862267,,randomized_500k
2884,never_reached_object,contact_dropout,2,1.0,0.0256559435823797,0.0,randomized_500k
2885,never_reached_object,contact_dropout,2,0.0,0.2100295104828423,,randomized_500k
2886,never_reached_object,contact_dropout,2,0.0,0.3842887087108118,,randomized_500k
2887,never_reached_object,contact_dropout,2,0.0,0.3003642952314868,,randomized_500k
2888,never_reached_object,contact_dropout,2,0.0,0.2275702867625625,,randomized_500k
2889,never_reached_object,contact_dropout,2,0.0,0.2738117894582931,,randomized_500k
2890,never_reached_object,contact_dropout,2,0.0,0.1228889878780494,,randomized_500k
2891,never_reached_object,contact_dropout,2,0.0,0.2228413796082498,,randomized_500k
2892,never_reached_object,contact_dropout,2,0.0,0.2877492579366268,,randomized_500k
2893,never_reached_object,contact_dropout,2,0.0,0.5138989605869597,,randomized_500k
2894,never_reached_object,contact_dropout,2,0.0,0.1452040196841573,,randomized_500k
2895,never_reached_object,contact_dropout,2,0.0,0.3179807564787726,,randomized_500k
2896,never_reached_object,contact_dropout,2,0.0,0.1751758115837957,,randomized_500k
2897,never_reached_object,contact_dropout,2,1.0,0.0434460754606292,0.0,randomized_500k
2898,reached_but_failed_grasp,contact_dropout,2,0.0,0.1090182352590774,,randomized_500k
2899,never_reached_object,contact_dropout,2,0.0,0.3725494666153298,,randomized_500k
2900,never_reached_object,contact_dropout,2,0.0,0.2210127267540763,,randomized_500k
2901,never_reached_object,contact_dropout,2,0.0,0.1914299157330289,,randomized_500k
2902,never_reached_object,contact_dropout,2,0.0,0.241597427331297,,randomized_500k
2903,never_reached_object,contact_dropout,2,0.0,0.1917556488987317,,randomized_500k
2904,never_reached_object,contact_dropout,2,0.0,0.1665615764017147,,randomized_500k
2905,never_reached_object,contact_dropout,2,0.0,0.2272207778030207,,randomized_500k
2906,never_reached_object,contact_dropout,2,0.0,0.4294161905946126,,randomized_500k
2907,never_reached_object,contact_dropout,2,0.0,0.2040305529511548,,randomized_500k
2908,never_reached_object,contact_dropout,2,0.0,0.2727845163095613,,randomized_500k
2909,never_reached_object,contact_dropout,2,0.0,0.4479705673575392,,randomized_500k
2970,never_reached_object,clean,3,0.0,0.0921920359218829,,randomized_500k
2971,never_reached_object,clean,3,0.0,0.1713116515860395,,randomized_500k
2972,never_reached_object,clean,3,0.0,0.2593607735209519,,randomized_500k
2973,reached_but_failed_grasp,clean,3,1.0,0.0191889696138118,0.0,randomized_500k
2974,never_reached_object,clean,3,0.0,0.0977468901216232,,randomized_500k
2975,never_reached_object,clean,3,0.0,0.2587031461612938,,randomized_500k
2976,never_reached_object,clean,3,0.0,0.1698183853584665,,randomized_500k
2977,never_reached_object,clean,3,0.0,0.2672982743785004,,randomized_500k
2978,never_reached_object,clean,3,0.0,0.2209798349716103,,randomized_500k
2979,never_reached_object,clean,3,0.0,0.279938516178967,,randomized_500k
2980,never_reached_object,clean,3,0.0,0.2191373382687802,,randomized_500k
2981,never_reached_object,clean,3,0.0,0.1529128863943263,,randomized_500k
2982,never_reached_object,clean,3,0.0,0.0692846655247688,,randomized_500k
2983,never_reached_object,clean,3,0.0,0.2574102905370639,,randomized_500k
2984,never_reached_object,clean,3,0.0,0.1338297412238493,,randomized_500k
2985,never_reached_object,clean,3,0.0,0.1459001673444926,,randomized_500k
2986,never_reached_object,clean,3,0.0,0.1392507413420566,,randomized_500k
2987,never_reached_object,clean,3,0.0,0.1875237061164909,,randomized_500k
2988,never_reached_object,clean,3,0.0,0.1980756682670635,,randomized_500k
2989,never_reached_object,clean,3,0.0,0.3480997169291348,,randomized_500k
2990,never_reached_object,clean,3,0.0,0.3281712652057657,,randomized_500k
2991,never_reached_object,clean,3,0.0,0.076008293146753,,randomized_500k
2992,grasped_but_dropped,clean,3,0.0,0.2320331230696054,,randomized_500k
2993,never_reached_object,clean,3,0.0,0.2103465960151156,,randomized_500k
2994,never_reached_object,clean,3,0.0,0.1611516541029335,,randomized_500k
2995,never_reached_object,clean,3,0.0,0.1236579761970561,,randomized_500k
2996,never_reached_object,clean,3,0.0,0.2746588027334576,,randomized_500k
2997,never_reached_object,clean,3,0.0,0.0584436120154639,,randomized_500k
2998,never_reached_object,clean,3,0.0,0.0973883123062769,,randomized_500k
2999,never_reached_object,clean,3,0.0,0.2166593825132957,,randomized_500k
3060,never_reached_object,sensor_dropout,3,0.0,0.0921920359218829,,randomized_500k
3061,never_reached_object,sensor_dropout,3,0.0,0.1713116515860395,,randomized_500k
3062,never_reached_object,sensor_dropout,3,0.0,0.2593607735209519,,randomized_500k
3063,never_reached_object,sensor_dropout,3,1.0,0.0499459820946752,0.0,randomized_500k
3064,never_reached_object,sensor_dropout,3,0.0,0.0977468901216232,,randomized_500k
3065,never_reached_object,sensor_dropout,3,0.0,0.2587031461612938,,randomized_500k
3066,never_reached_object,sensor_dropout,3,0.0,0.1698183853584665,,randomized_500k
3067,never_reached_object,sensor_dropout,3,0.0,0.2672982743785004,,randomized_500k
3068,never_reached_object,sensor_dropout,3,0.0,0.2209798349716103,,randomized_500k
3069,never_reached_object,sensor_dropout,3,0.0,0.279938516178967,,randomized_500k
3070,never_reached_object,sensor_dropout,3,0.0,0.2191373382687802,,randomized_500k
3071,never_reached_object,sensor_dropout,3,0.0,0.1529128863943263,,randomized_500k
3072,never_reached_object,sensor_dropout,3,0.0,0.0692846655247688,,randomized_500k
3073,never_reached_object,sensor_dropout,3,0.0,0.2574102905370639,,randomized_500k
3074,reached_but_failed_grasp,sensor_dropout,3,0.0,0.7004811722179726,,randomized_500k
3075,never_reached_object,sensor_dropout,3,0.0,0.1459001673444926,,randomized_500k
3076,never_reached_object,sensor_dropout,3,0.0,0.1392507413420566,,randomized_500k
3077,never_reached_object,sensor_dropout,3,0.0,0.1875237061164909,,randomized_500k
3078,never_reached_object,sensor_dropout,3,0.0,0.1980756682670635,,randomized_500k
3079,never_reached_object,sensor_dropout,3,0.0,0.3480997169291348,,randomized_500k
3080,never_reached_object,sensor_dropout,3,0.0,0.3951886586985999,,randomized_500k
3081,never_reached_object,sensor_dropout,3,0.0,0.076008293146753,,randomized_500k
3082,never_reached_object,sensor_dropout,3,0.0,0.2450258686917939,,randomized_500k
3083,never_reached_object,sensor_dropout,3,0.0,0.2103465960151156,,randomized_500k
3084,never_reached_object,sensor_dropout,3,0.0,0.1611516541029335,,randomized_500k
3085,never_reached_object,sensor_dropout,3,0.0,0.1236579761970561,,randomized_500k
3086,never_reached_object,sensor_dropout,3,0.0,0.2746588027334576,,randomized_500k
3087,never_reached_object,sensor_dropout,3,0.0,0.0584436120154639,,randomized_500k
3088,never_reached_object,sensor_dropout,3,0.0,0.0973883123062769,,randomized_500k
3089,never_reached_object,sensor_dropout,3,0.0,0.2166593825132957,,randomized_500k
3150,never_reached_object,sensor_bias,3,0.0,0.0921920359218829,,randomized_500k
3151,never_reached_object,sensor_bias,3,0.0,0.1713116515860395,,randomized_500k
3152,never_reached_object,sensor_bias,3,0.0,0.2593607735209519,,randomized_500k
3153,reached_but_failed_grasp,sensor_bias,3,1.0,0.0100749232376002,0.0,randomized_500k
3154,never_reached_object,sensor_bias,3,0.0,0.0977468901216232,,randomized_500k
3155,never_reached_object,sensor_bias,3,0.0,0.2587031461612938,,randomized_500k
3156,never_reached_object,sensor_bias,3,0.0,0.1698183853584665,,randomized_500k
3157,never_reached_object,sensor_bias,3,0.0,0.2672982743785004,,randomized_500k
3158,never_reached_object,sensor_bias,3,0.0,0.2209798349716103,,randomized_500k
3159,never_reached_object,sensor_bias,3,0.0,0.279938516178967,,randomized_500k
3160,never_reached_object,sensor_bias,3,0.0,0.2191373382687802,,randomized_500k
3161,never_reached_object,sensor_bias,3,0.0,0.1529128863943263,,randomized_500k
3162,never_reached_object,sensor_bias,3,0.0,0.0692846655247688,,randomized_500k
3163,never_reached_object,sensor_bias,3,0.0,0.2574102905370639,,randomized_500k
3164,reached_but_failed_grasp,sensor_bias,3,0.0,0.1376744812250943,,randomized_500k
3165,reached_but_failed_grasp,sensor_bias,3,0.0,0.2002891170427227,,randomized_500k
3166,never_reached_object,sensor_bias,3,0.0,0.1392507413420566,,randomized_500k
3167,never_reached_object,sensor_bias,3,0.0,0.1875237061164909,,randomized_500k
3168,never_reached_object,sensor_bias,3,0.0,0.1980756682670635,,randomized_500k
3169,never_reached_object,sensor_bias,3,0.0,0.3480997169291348,,randomized_500k
3170,never_reached_object,sensor_bias,3,0.0,0.3281712652057657,,randomized_500k
3171,never_reached_object,sensor_bias,3,0.0,0.076008293146753,,randomized_500k
3172,never_reached_object,sensor_bias,3,0.0,0.2450258686917939,,randomized_500k
3173,never_reached_object,sensor_bias,3,0.0,0.2103465960151156,,randomized_500k
3174,never_reached_object,sensor_bias,3,0.0,0.1611516541029335,,randomized_500k
3175,reached_but_failed_grasp,sensor_bias,3,0.0,0.2266689445627659,,randomized_500k
3176,never_reached_object,sensor_bias,3,0.0,0.2746588027334576,,randomized_500k
3177,never_reached_object,sensor_bias,3,0.0,0.0584436120154639,,randomized_500k
3178,never_reached_object,sensor_bias,3,0.0,0.0973883123062769,,randomized_500k
3179,never_reached_object,sensor_bias,3,0.0,0.2166593825132957,,randomized_500k
3240,reached_but_failed_grasp,action_clipping,3,0.0,0.1021623676948327,,randomized_500k
3241,never_reached_object,action_clipping,3,0.0,0.1713116515860395,,randomized_500k
3242,never_reached_object,action_clipping,3,0.0,0.2593607735209519,,randomized_500k
3243,reached_but_failed_grasp,action_clipping,3,1.0,0.0192177263394486,0.0,randomized_500k
3244,never_reached_object,action_clipping,3,0.0,0.0977468901216232,,randomized_500k
3245,never_reached_object,action_clipping,3,0.0,0.2587031461612938,,randomized_500k
3246,never_reached_object,action_clipping,3,0.0,0.1698183853584665,,randomized_500k
3247,never_reached_object,action_clipping,3,0.0,0.2672982743785004,,randomized_500k
3248,never_reached_object,action_clipping,3,0.0,0.2209798349716103,,randomized_500k
3249,never_reached_object,action_clipping,3,0.0,0.279938516178967,,randomized_500k
3250,grasped_but_dropped,action_clipping,3,0.0,0.3208818119780739,,randomized_500k
3251,never_reached_object,action_clipping,3,0.0,0.1529128863943263,,randomized_500k
3252,never_reached_object,action_clipping,3,0.0,0.0692846655247688,,randomized_500k
3253,never_reached_object,action_clipping,3,0.0,0.2574102905370639,,randomized_500k
3254,never_reached_object,action_clipping,3,0.0,0.1338297412238493,,randomized_500k
3255,never_reached_object,action_clipping,3,0.0,0.1459001673444926,,randomized_500k
3256,never_reached_object,action_clipping,3,0.0,0.1392507413420566,,randomized_500k
3257,never_reached_object,action_clipping,3,0.0,0.1875237061164909,,randomized_500k
3258,never_reached_object,action_clipping,3,0.0,0.1980756682670635,,randomized_500k
3259,never_reached_object,action_clipping,3,0.0,0.3480997169291348,,randomized_500k
3260,never_reached_object,action_clipping,3,0.0,0.3281712652057657,,randomized_500k
3261,never_reached_object,action_clipping,3,0.0,0.076008293146753,,randomized_500k
3262,grasped_but_dropped,action_clipping,3,0.0,1.2004820860404326,,randomized_500k
3263,never_reached_object,action_clipping,3,0.0,0.2103465960151156,,randomized_500k
3264,never_reached_object,action_clipping,3,0.0,0.1611516541029335,,randomized_500k
3265,never_reached_object,action_clipping,3,0.0,0.1236579761970561,,randomized_500k
3266,never_reached_object,action_clipping,3,0.0,0.2746588027334576,,randomized_500k
3267,never_reached_object,action_clipping,3,0.0,0.0585562446958669,,randomized_500k
3268,never_reached_object,action_clipping,3,0.0,0.0973883123062769,,randomized_500k
3269,never_reached_object,action_clipping,3,0.0,0.2166593825132957,,randomized_500k
3330,never_reached_object,action_delay,3,0.0,0.0921920359218829,,randomized_500k
3331,never_reached_object,action_delay,3,0.0,0.1713116515860395,,randomized_500k
3332,never_reached_object,action_delay,3,0.0,0.2593607735209519,,randomized_500k
3333,reached_but_failed_grasp,action_delay,3,1.0,0.0474859497793347,0.0,randomized_500k
3334,never_reached_object,action_delay,3,0.0,0.0977468901216232,,randomized_500k
3335,never_reached_object,action_delay,3,0.0,0.2587031461612938,,randomized_500k
3336,never_reached_object,action_delay,3,0.0,0.1698183853584665,,randomized_500k
3337,never_reached_object,action_delay,3,0.0,0.2672982743785004,,randomized_500k
3338,never_reached_object,action_delay,3,0.0,0.2209798349716103,,randomized_500k
3339,never_reached_object,action_delay,3,0.0,0.279938516178967,,randomized_500k
3340,never_reached_object,action_delay,3,0.0,0.2191373382687802,,randomized_500k
3341,never_reached_object,action_delay,3,0.0,0.1529128863943263,,randomized_500k
3342,never_reached_object,action_delay,3,0.0,0.0692846655247688,,randomized_500k
3343,never_reached_object,action_delay,3,0.0,0.2574102905370639,,randomized_500k
3344,never_reached_object,action_delay,3,0.0,0.1338297412238493,,randomized_500k
3345,never_reached_object,action_delay,3,0.0,0.1459001673444926,,randomized_500k
3346,never_reached_object,action_delay,3,0.0,0.1392507413420566,,randomized_500k
3347,never_reached_object,action_delay,3,0.0,0.1875237061164909,,randomized_500k
3348,never_reached_object,action_delay,3,0.0,0.1980756682670635,,randomized_500k
3349,never_reached_object,action_delay,3,0.0,0.3480997169291348,,randomized_500k
3350,never_reached_object,action_delay,3,0.0,0.3281712652057657,,randomized_500k
3351,never_reached_object,action_delay,3,0.0,0.076008293146753,,randomized_500k
3352,grasped_but_dropped,action_delay,3,0.0,1.153145841644003,,randomized_500k
3353,never_reached_object,action_delay,3,0.0,0.2103465960151156,,randomized_500k
3354,never_reached_object,action_delay,3,0.0,0.1611516541029335,,randomized_500k
3355,never_reached_object,action_delay,3,0.0,0.1236579761970561,,randomized_500k
3356,never_reached_object,action_delay,3,0.0,0.2746588027334576,,randomized_500k
3357,never_reached_object,action_delay,3,0.0,0.0584436120154639,,randomized_500k
3358,never_reached_object,action_delay,3,0.0,0.0973883123062769,,randomized_500k
3359,never_reached_object,action_delay,3,0.0,0.2166593825132957,,randomized_500k
3420,never_reached_object,action_reversal,3,0.0,0.0921920359218829,,randomized_500k
3421,never_reached_object,action_reversal,3,0.0,0.1713116515860395,,randomized_500k
3422,never_reached_object,action_reversal,3,0.0,0.2593607735209519,,randomized_500k
3423,never_reached_object,action_reversal,3,1.0,0.0499459820946752,0.0,randomized_500k
3424,never_reached_object,action_reversal,3,0.0,0.0977468901216232,,randomized_500k
3425,never_reached_object,action_reversal,3,0.0,0.2587031461612938,,randomized_500k
3426,never_reached_object,action_reversal,3,0.0,0.1698183853584665,,randomized_500k
3427,never_reached_object,action_reversal,3,0.0,0.2672982743785004,,randomized_500k
3428,never_reached_object,action_reversal,3,0.0,0.2209798349716103,,randomized_500k
3429,never_reached_object,action_reversal,3,0.0,0.279938516178967,,randomized_500k
3430,never_reached_object,action_reversal,3,0.0,0.2191373382687802,,randomized_500k
3431,never_reached_object,action_reversal,3,0.0,0.1529128863943263,,randomized_500k
3432,never_reached_object,action_reversal,3,0.0,0.0692846655247688,,randomized_500k
3433,never_reached_object,action_reversal,3,0.0,0.2574102905370639,,randomized_500k
3434,never_reached_object,action_reversal,3,0.0,0.1338297412238493,,randomized_500k
3435,never_reached_object,action_reversal,3,0.0,0.1459001673444926,,randomized_500k
3436,never_reached_object,action_reversal,3,0.0,0.1392507413420566,,randomized_500k
3437,never_reached_object,action_reversal,3,0.0,0.1875237061164909,,randomized_500k
3438,never_reached_object,action_reversal,3,0.0,0.1980756682670635,,randomized_500k
3439,never_reached_object,action_reversal,3,0.0,0.3480997169291348,,randomized_500k
3440,never_reached_object,action_reversal,3,0.0,0.3281712652057657,,randomized_500k
3441,never_reached_object,action_reversal,3,0.0,0.076008293146753,,randomized_500k
3442,never_reached_object,action_reversal,3,0.0,0.2450258686917939,,randomized_500k
3443,never_reached_object,action_reversal,3,0.0,0.2103465960151156,,randomized_500k
3444,never_reached_object,action_reversal,3,0.0,0.1611516541029335,,randomized_500k
3445,never_reached_object,action_reversal,3,0.0,0.1236579761970561,,randomized_500k
3446,never_reached_object,action_reversal,3,0.0,0.2746588027334576,,randomized_500k
3447,never_reached_object,action_reversal,3,0.0,0.0584436120154639,,randomized_500k
3448,never_reached_object,action_reversal,3,0.0,0.0973883123062769,,randomized_500k
3449,never_reached_object,action_reversal,3,0.0,0.2166593825132957,,randomized_500k
3510,grasped_but_dropped,goal_spoof_immediate,3,0.0,0.8879868062562427,,randomized_500k
3511,never_reached_object,goal_spoof_immediate,3,0.0,0.1713116515860395,,randomized_500k
3512,never_reached_object,goal_spoof_immediate,3,0.0,0.2593607735209519,,randomized_500k
3513,never_reached_object,goal_spoof_immediate,3,0.0,0.0621216919909055,0.0,randomized_500k
3514,never_reached_object,goal_spoof_immediate,3,0.0,0.0977468901216232,,randomized_500k
3515,never_reached_object,goal_spoof_immediate,3,0.0,0.2587031461612938,,randomized_500k
3516,never_reached_object,goal_spoof_immediate,3,0.0,0.1698183853584665,,randomized_500k
3517,never_reached_object,goal_spoof_immediate,3,0.0,0.2672982743785004,,randomized_500k
3518,never_reached_object,goal_spoof_immediate,3,0.0,0.2209798349716103,,randomized_500k
3519,never_reached_object,goal_spoof_immediate,3,0.0,0.279938516178967,,randomized_500k
3520,never_reached_object,goal_spoof_immediate,3,0.0,0.2191373382687802,,randomized_500k
3521,never_reached_object,goal_spoof_immediate,3,0.0,0.1529128863943263,,randomized_500k
3522,never_reached_object,goal_spoof_immediate,3,0.0,0.0692846655247688,,randomized_500k
3523,never_reached_object,goal_spoof_immediate,3,0.0,0.2574102905370639,,randomized_500k
3524,never_reached_object,goal_spoof_immediate,3,0.0,0.1338297412238493,,randomized_500k
3525,never_reached_object,goal_spoof_immediate,3,0.0,0.1459001673444926,,randomized_500k
3526,never_reached_object,goal_spoof_immediate,3,0.0,0.1392507413420566,,randomized_500k
3527,never_reached_object,goal_spoof_immediate,3,0.0,0.1875237061164909,,randomized_500k
3528,never_reached_object,goal_spoof_immediate,3,0.0,0.1980756682670635,,randomized_500k
3529,never_reached_object,goal_spoof_immediate,3,0.0,0.3480997169291348,,randomized_500k
3530,never_reached_object,goal_spoof_immediate,3,0.0,0.3281712652057657,,randomized_500k
3531,reached_but_failed_grasp,goal_spoof_immediate,3,0.0,0.1622021601067771,,randomized_500k
3532,never_reached_object,goal_spoof_immediate,3,0.0,0.2450258686917939,,randomized_500k
3533,never_reached_object,goal_spoof_immediate,3,0.0,0.2103465960151156,,randomized_500k
3534,never_reached_object,goal_spoof_immediate,3,0.0,0.1611516541029335,,randomized_500k
3535,never_reached_object,goal_spoof_immediate,3,0.0,0.1236579761970561,,randomized_500k
3536,never_reached_object,goal_spoof_immediate,3,0.0,0.2746588027334576,,randomized_500k
3537,never_reached_object,goal_spoof_immediate,3,0.0,0.0584436120154639,,randomized_500k
3538,never_reached_object,goal_spoof_immediate,3,0.0,0.0973883123062769,,randomized_500k
3539,never_reached_object,goal_spoof_immediate,3,0.0,0.2166593825132957,,randomized_500k
3600,never_reached_object,goal_spoof_midep,3,0.0,0.0921920359218829,,randomized_500k
3601,never_reached_object,goal_spoof_midep,3,0.0,0.1713116515860395,,randomized_500k
3602,never_reached_object,goal_spoof_midep,3,0.0,0.2593607735209519,,randomized_500k
3603,reached_but_failed_grasp,goal_spoof_midep,3,1.0,0.0439855657739284,0.0,randomized_500k
3604,never_reached_object,goal_spoof_midep,3,0.0,0.0977468901216232,,randomized_500k
3605,never_reached_object,goal_spoof_midep,3,0.0,0.2587031461612938,,randomized_500k
3606,never_reached_object,goal_spoof_midep,3,0.0,0.1698183853584665,,randomized_500k
3607,never_reached_object,goal_spoof_midep,3,0.0,0.2672982743785004,,randomized_500k
3608,never_reached_object,goal_spoof_midep,3,0.0,0.2209798349716103,,randomized_500k
3609,never_reached_object,goal_spoof_midep,3,0.0,0.279938516178967,,randomized_500k
3610,never_reached_object,goal_spoof_midep,3,0.0,0.2191373382687802,,randomized_500k
3611,never_reached_object,goal_spoof_midep,3,0.0,0.1529128863943263,,randomized_500k
3612,never_reached_object,goal_spoof_midep,3,0.0,0.0700453045740163,,randomized_500k
3613,never_reached_object,goal_spoof_midep,3,0.0,0.2574102905370639,,randomized_500k
3614,never_reached_object,goal_spoof_midep,3,0.0,0.1338297412238493,,randomized_500k
3615,never_reached_object,goal_spoof_midep,3,0.0,0.1459001673444926,,randomized_500k
3616,never_reached_object,goal_spoof_midep,3,0.0,0.1392507413420566,,randomized_500k
3617,never_reached_object,goal_spoof_midep,3,0.0,0.1875237061164909,,randomized_500k
3618,never_reached_object,goal_spoof_midep,3,0.0,0.1980756682670635,,randomized_500k
3619,never_reached_object,goal_spoof_midep,3,0.0,0.3480997169291348,,randomized_500k
3620,never_reached_object,goal_spoof_midep,3,0.0,0.3281712652057657,,randomized_500k
3621,never_reached_object,goal_spoof_midep,3,0.0,0.076008293146753,,randomized_500k
3622,grasped_but_dropped,goal_spoof_midep,3,0.0,0.2320331230696054,,randomized_500k
3623,never_reached_object,goal_spoof_midep,3,0.0,0.2103465960151156,,randomized_500k
3624,never_reached_object,goal_spoof_midep,3,0.0,0.1611516541029335,,randomized_500k
3625,never_reached_object,goal_spoof_midep,3,0.0,0.1236579761970561,,randomized_500k
3626,never_reached_object,goal_spoof_midep,3,0.0,0.2746588027334576,,randomized_500k
3627,never_reached_object,goal_spoof_midep,3,0.0,0.0584436120154639,,randomized_500k
3628,never_reached_object,goal_spoof_midep,3,0.0,0.0973883123062769,,randomized_500k
3629,never_reached_object,goal_spoof_midep,3,0.0,0.2166593825132957,,randomized_500k
3690,reached_but_failed_grasp,object_pose_spoof,3,0.0,0.0921920359218829,,randomized_500k
3691,never_reached_object,object_pose_spoof,3,0.0,0.1713116515860395,,randomized_500k
3692,never_reached_object,object_pose_spoof,3,0.0,0.2593607735209519,,randomized_500k
3693,reached_but_failed_grasp,object_pose_spoof,3,0.0,0.0639527238315589,0.0,randomized_500k
3694,never_reached_object,object_pose_spoof,3,0.0,0.0977468901216232,,randomized_500k
3695,never_reached_object,object_pose_spoof,3,0.0,0.2587031461612938,,randomized_500k
3696,never_reached_object,object_pose_spoof,3,0.0,0.1698183853584665,,randomized_500k
3697,never_reached_object,object_pose_spoof,3,0.0,0.2672982743785004,,randomized_500k
3698,never_reached_object,object_pose_spoof,3,0.0,0.2209798349716103,,randomized_500k
3699,never_reached_object,object_pose_spoof,3,0.0,0.279938516178967,,randomized_500k
3700,reached_but_failed_grasp,object_pose_spoof,3,0.0,0.2662062770013498,,randomized_500k
3701,never_reached_object,object_pose_spoof,3,0.0,0.1529128863943263,,randomized_500k
3702,never_reached_object,object_pose_spoof,3,0.0,0.0692846655247688,,randomized_500k
3703,never_reached_object,object_pose_spoof,3,0.0,0.2574102905370639,,randomized_500k
3704,never_reached_object,object_pose_spoof,3,0.0,0.1338297412238493,,randomized_500k
3705,never_reached_object,object_pose_spoof,3,0.0,0.1459001673444926,,randomized_500k
3706,never_reached_object,object_pose_spoof,3,0.0,0.1392507413420566,,randomized_500k
3707,never_reached_object,object_pose_spoof,3,0.0,0.1875237061164909,,randomized_500k
3708,never_reached_object,object_pose_spoof,3,0.0,0.1980756682670635,,randomized_500k
3709,never_reached_object,object_pose_spoof,3,0.0,0.3480997169291348,,randomized_500k
3710,never_reached_object,object_pose_spoof,3,0.0,0.3281712652057657,,randomized_500k
3711,reached_but_failed_grasp,object_pose_spoof,3,0.0,0.076008293146753,,randomized_500k
3712,never_reached_object,object_pose_spoof,3,0.0,0.2450258686917939,,randomized_500k
3713,never_reached_object,object_pose_spoof,3,0.0,0.2103465960151156,,randomized_500k
3714,never_reached_object,object_pose_spoof,3,0.0,0.1611516541029335,,randomized_500k
3715,never_reached_object,object_pose_spoof,3,0.0,0.1236579761970561,,randomized_500k
3716,never_reached_object,object_pose_spoof,3,0.0,0.2746588027334576,,randomized_500k
3717,never_reached_object,object_pose_spoof,3,0.0,0.0584436120154639,,randomized_500k
3718,never_reached_object,object_pose_spoof,3,0.0,0.0973883123062769,,randomized_500k
3719,never_reached_object,object_pose_spoof,3,0.0,0.2166593825132957,,randomized_500k
3780,never_reached_object,grip_state_falsification,3,0.0,0.0921920359218829,,randomized_500k
3781,never_reached_object,grip_state_falsification,3,0.0,0.1713116515860395,,randomized_500k
3782,never_reached_object,grip_state_falsification,3,0.0,0.2593607735209519,,randomized_500k
3783,reached_but_failed_grasp,grip_state_falsification,3,0.0,0.7721746651171438,0.0,randomized_500k
3784,never_reached_object,grip_state_falsification,3,0.0,0.0977468901216232,,randomized_500k
3785,never_reached_object,grip_state_falsification,3,0.0,0.2587031461612938,,randomized_500k
3786,never_reached_object,grip_state_falsification,3,0.0,0.1698183853584665,,randomized_500k
3787,never_reached_object,grip_state_falsification,3,0.0,0.2672982743785004,,randomized_500k
3788,never_reached_object,grip_state_falsification,3,0.0,0.2209798349716103,,randomized_500k
3789,never_reached_object,grip_state_falsification,3,0.0,0.279938516178967,,randomized_500k
3790,never_reached_object,grip_state_falsification,3,0.0,0.2191373382687802,,randomized_500k
3791,never_reached_object,grip_state_falsification,3,0.0,0.1529128863943263,,randomized_500k
3792,never_reached_object,grip_state_falsification,3,0.0,0.0692846655247688,,randomized_500k
3793,never_reached_object,grip_state_falsification,3,0.0,0.2574102905370639,,randomized_500k
3794,never_reached_object,grip_state_falsification,3,0.0,0.1338297412238493,,randomized_500k
3795,never_reached_object,grip_state_falsification,3,0.0,0.1459001673444926,,randomized_500k
3796,never_reached_object,grip_state_falsification,3,0.0,0.1392507413420566,,randomized_500k
3797,never_reached_object,grip_state_falsification,3,0.0,0.1875237061164909,,randomized_500k
3798,never_reached_object,grip_state_falsification,3,0.0,0.1980756682670635,,randomized_500k
3799,never_reached_object,grip_state_falsification,3,0.0,0.3480997169291348,,randomized_500k
3800,never_reached_object,grip_state_falsification,3,0.0,0.3281712652057657,,randomized_500k
3801,never_reached_object,grip_state_falsification,3,0.0,0.076008293146753,,randomized_500k
3802,never_reached_object,grip_state_falsification,3,0.0,0.2450258686917939,,randomized_500k
3803,never_reached_object,grip_state_falsification,3,0.0,0.2103465960151156,,randomized_500k
3804,never_reached_object,grip_state_falsification,3,0.0,0.1611516541029335,,randomized_500k
3805,never_reached_object,grip_state_falsification,3,0.0,0.1236579761970561,,randomized_500k
3806,never_reached_object,grip_state_falsification,3,0.0,0.2746588027334576,,randomized_500k
3807,never_reached_object,grip_state_falsification,3,0.0,0.0584436120154639,,randomized_500k
3808,never_reached_object,grip_state_falsification,3,0.0,0.0973883123062769,,randomized_500k
3809,never_reached_object,grip_state_falsification,3,0.0,0.2166593825132957,,randomized_500k
3870,never_reached_object,contact_dropout,3,0.0,0.0921920359218829,,randomized_500k
3871,never_reached_object,contact_dropout,3,0.0,0.1713116515860395,,randomized_500k
3872,never_reached_object,contact_dropout,3,0.0,0.2593607735209519,,randomized_500k
3873,reached_but_failed_grasp,contact_dropout,3,1.0,0.008098806934438,0.0,randomized_500k
3874,never_reached_object,contact_dropout,3,0.0,0.0977468901216232,,randomized_500k
3875,never_reached_object,contact_dropout,3,0.0,0.2587031461612938,,randomized_500k
3876,never_reached_object,contact_dropout,3,0.0,0.1698183853584665,,randomized_500k
3877,never_reached_object,contact_dropout,3,0.0,0.2672982743785004,,randomized_500k
3878,never_reached_object,contact_dropout,3,0.0,0.2209798349716103,,randomized_500k
3879,never_reached_object,contact_dropout,3,0.0,0.279938516178967,,randomized_500k
3880,never_reached_object,contact_dropout,3,0.0,0.2191373382687802,,randomized_500k
3881,never_reached_object,contact_dropout,3,0.0,0.1529128863943263,,randomized_500k
3882,never_reached_object,contact_dropout,3,0.0,0.0692846655247688,,randomized_500k
3883,never_reached_object,contact_dropout,3,0.0,0.2574102905370639,,randomized_500k
3884,never_reached_object,contact_dropout,3,0.0,0.1338297412238493,,randomized_500k
3885,never_reached_object,contact_dropout,3,0.0,0.1459001673444926,,randomized_500k
3886,never_reached_object,contact_dropout,3,0.0,0.1392507413420566,,randomized_500k
3887,never_reached_object,contact_dropout,3,0.0,0.1875237061164909,,randomized_500k
3888,never_reached_object,contact_dropout,3,0.0,0.1980756682670635,,randomized_500k
3889,never_reached_object,contact_dropout,3,0.0,0.3480997169291348,,randomized_500k
3890,never_reached_object,contact_dropout,3,0.0,0.3281712652057657,,randomized_500k
3891,never_reached_object,contact_dropout,3,0.0,0.076008293146753,,randomized_500k
3892,never_reached_object,contact_dropout,3,0.0,0.2450258686917939,,randomized_500k
3893,never_reached_object,contact_dropout,3,0.0,0.2103465960151156,,randomized_500k
3894,never_reached_object,contact_dropout,3,0.0,0.1611516541029335,,randomized_500k
3895,never_reached_object,contact_dropout,3,0.0,0.1236579761970561,,randomized_500k
3896,never_reached_object,contact_dropout,3,0.0,0.2746588027334576,,randomized_500k
3897,never_reached_object,contact_dropout,3,0.0,0.0584436120154639,,randomized_500k
3898,never_reached_object,contact_dropout,3,0.0,0.0973883123062769,,randomized_500k
3899,never_reached_object,contact_dropout,3,0.0,0.2166593825132957,,randomized_500k
3960,never_reached_object,clean,4,0.0,0.4295086272890401,,randomized_500k
3961,never_reached_object,clean,4,0.0,0.2676570314780934,,randomized_500k
3962,never_reached_object,clean,4,0.0,0.1805411928599704,,randomized_500k
3963,never_reached_object,clean,4,0.0,0.4343474150549246,,randomized_500k
3964,never_reached_object,clean,4,0.0,0.1068484092360447,,randomized_500k
3965,never_reached_object,clean,4,0.0,0.2261682395328582,,randomized_500k
3966,never_reached_object,clean,4,0.0,0.2986576663914672,,randomized_500k
3967,never_reached_object,clean,4,0.0,0.3892672676711604,,randomized_500k
3968,never_reached_object,clean,4,0.0,0.2166554267276113,,randomized_500k
3969,never_reached_object,clean,4,0.0,0.2509328493314462,,randomized_500k
3970,never_reached_object,clean,4,0.0,0.1750517346496344,,randomized_500k
3971,grasped_but_dropped,clean,4,0.0,0.4465394247819275,,randomized_500k
3972,never_reached_object,clean,4,0.0,0.4497230303156639,,randomized_500k
3973,never_reached_object,clean,4,0.0,0.122400123784964,,randomized_500k
3974,never_reached_object,clean,4,0.0,0.1703734636857056,,randomized_500k
3975,reached_but_failed_grasp,clean,4,0.0,0.0572526063446548,,randomized_500k
3976,never_reached_object,clean,4,0.0,0.0810191806195431,,randomized_500k
3977,never_reached_object,clean,4,0.0,0.4442359995615462,,randomized_500k
3978,never_reached_object,clean,4,0.0,0.2099680938524908,,randomized_500k
3979,never_reached_object,clean,4,0.0,0.4243770527675358,,randomized_500k
3980,never_reached_object,clean,4,0.0,0.1574613915801231,,randomized_500k
3981,never_reached_object,clean,4,0.0,0.4431327053117166,,randomized_500k
3982,never_reached_object,clean,4,0.0,0.0721134074063093,,randomized_500k
3983,never_reached_object,clean,4,0.0,0.150515130925436,,randomized_500k
3984,never_reached_object,clean,4,0.0,0.4263347277634866,,randomized_500k
3985,never_reached_object,clean,4,0.0,0.3662215000153558,,randomized_500k
3986,never_reached_object,clean,4,0.0,0.1437793465619575,,randomized_500k
3987,reached_but_failed_grasp,clean,4,0.0,0.2448432285901211,,randomized_500k
3988,never_reached_object,clean,4,0.0,0.3040811076016184,,randomized_500k
3989,never_reached_object,clean,4,0.0,0.4984169991670304,,randomized_500k
4050,never_reached_object,sensor_dropout,4,0.0,0.4295086272890401,,randomized_500k
4051,never_reached_object,sensor_dropout,4,0.0,0.2676570314780934,,randomized_500k
4052,never_reached_object,sensor_dropout,4,0.0,0.1805411928599704,,randomized_500k
4053,never_reached_object,sensor_dropout,4,0.0,0.4343474150549246,,randomized_500k
4054,never_reached_object,sensor_dropout,4,0.0,0.1068484092360447,,randomized_500k
4055,never_reached_object,sensor_dropout,4,0.0,0.2261682395328582,,randomized_500k
4056,never_reached_object,sensor_dropout,4,0.0,0.2986576663914672,,randomized_500k
4057,never_reached_object,sensor_dropout,4,0.0,0.3892672676711604,,randomized_500k
4058,never_reached_object,sensor_dropout,4,0.0,0.2166554267276113,,randomized_500k
4059,never_reached_object,sensor_dropout,4,0.0,0.2509328493314462,,randomized_500k
4060,never_reached_object,sensor_dropout,4,0.0,0.1750517346496344,,randomized_500k
4061,never_reached_object,sensor_dropout,4,0.0,0.4413383870029088,,randomized_500k
4062,never_reached_object,sensor_dropout,4,0.0,0.4497230303156639,,randomized_500k
4063,never_reached_object,sensor_dropout,4,0.0,0.122400123784964,,randomized_500k
4064,never_reached_object,sensor_dropout,4,0.0,0.1703734636857056,,randomized_500k
4065,never_reached_object,sensor_dropout,4,0.0,0.0572526063446548,,randomized_500k
4066,never_reached_object,sensor_dropout,4,0.0,0.0810191806195431,,randomized_500k
4067,never_reached_object,sensor_dropout,4,0.0,0.4442359995615462,,randomized_500k
4068,reached_but_failed_grasp,sensor_dropout,4,0.0,0.2795347946802773,,randomized_500k
4069,never_reached_object,sensor_dropout,4,0.0,0.4243770527675358,,randomized_500k
4070,never_reached_object,sensor_dropout,4,0.0,0.1723055609233818,,randomized_500k
4071,never_reached_object,sensor_dropout,4,0.0,0.4431327053117166,,randomized_500k
4072,never_reached_object,sensor_dropout,4,0.0,0.0721134074063093,,randomized_500k
4073,never_reached_object,sensor_dropout,4,0.0,0.150515130925436,,randomized_500k
4074,never_reached_object,sensor_dropout,4,0.0,0.4263347277634866,,randomized_500k
4075,never_reached_object,sensor_dropout,4,0.0,0.3662215000153558,,randomized_500k
4076,never_reached_object,sensor_dropout,4,0.0,0.1437793465619575,,randomized_500k
4077,never_reached_object,sensor_dropout,4,0.0,0.2414766116036234,,randomized_500k
4078,never_reached_object,sensor_dropout,4,0.0,0.3040811076016184,,randomized_500k
4079,never_reached_object,sensor_dropout,4,0.0,0.4984169991670304,,randomized_500k
4140,never_reached_object,sensor_bias,4,0.0,0.4295086272890401,,randomized_500k
4141,never_reached_object,sensor_bias,4,0.0,0.2676570314780934,,randomized_500k
4142,never_reached_object,sensor_bias,4,0.0,0.1805411928599704,,randomized_500k
4143,never_reached_object,sensor_bias,4,0.0,0.4343474150549246,,randomized_500k
4144,never_reached_object,sensor_bias,4,0.0,0.1068484092360447,,randomized_500k
4145,never_reached_object,sensor_bias,4,0.0,0.2261682395328582,,randomized_500k
4146,never_reached_object,sensor_bias,4,0.0,0.2986576663914672,,randomized_500k
4147,never_reached_object,sensor_bias,4,0.0,0.3892672676711604,,randomized_500k
4148,never_reached_object,sensor_bias,4,0.0,0.2166554267276113,,randomized_500k
4149,never_reached_object,sensor_bias,4,0.0,0.2509328493314462,,randomized_500k
4150,never_reached_object,sensor_bias,4,0.0,0.1750517346496344,,randomized_500k
4151,never_reached_object,sensor_bias,4,0.0,0.4413383870029088,,randomized_500k
4152,never_reached_object,sensor_bias,4,0.0,0.4497230303156639,,randomized_500k
4153,never_reached_object,sensor_bias,4,0.0,0.122400123784964,,randomized_500k
4154,never_reached_object,sensor_bias,4,0.0,0.1703734636857056,,randomized_500k
4155,never_reached_object,sensor_bias,4,0.0,0.0572526063446548,,randomized_500k
4156,never_reached_object,sensor_bias,4,0.0,0.0810191806195431,,randomized_500k
4157,never_reached_object,sensor_bias,4,0.0,0.4442359995615462,,randomized_500k
4158,never_reached_object,sensor_bias,4,0.0,0.2099680938524908,,randomized_500k
4159,never_reached_object,sensor_bias,4,0.0,0.4243770527675358,,randomized_500k
4160,never_reached_object,sensor_bias,4,0.0,0.1723055609233818,,randomized_500k
4161,never_reached_object,sensor_bias,4,0.0,0.4431327053117166,,randomized_500k
4162,never_reached_object,sensor_bias,4,0.0,0.0721134074063093,,randomized_500k
4163,never_reached_object,sensor_bias,4,0.0,0.4933074584464234,,randomized_500k
4164,never_reached_object,sensor_bias,4,0.0,0.4263347277634866,,randomized_500k
4165,never_reached_object,sensor_bias,4,0.0,0.3662215000153558,,randomized_500k
4166,never_reached_object,sensor_bias,4,0.0,0.1437793465619575,,randomized_500k
4167,never_reached_object,sensor_bias,4,0.0,0.2414766116036234,,randomized_500k
4168,never_reached_object,sensor_bias,4,0.0,0.3040811076016184,,randomized_500k
4169,never_reached_object,sensor_bias,4,0.0,0.4984169991670304,,randomized_500k
4230,never_reached_object,action_clipping,4,0.0,0.4295086272890401,,randomized_500k
4231,never_reached_object,action_clipping,4,0.0,0.2676570314780934,,randomized_500k
4232,never_reached_object,action_clipping,4,0.0,0.1805411928599704,,randomized_500k
4233,reached_but_failed_grasp,action_clipping,4,0.0,1.0163617749699287,,randomized_500k
4234,never_reached_object,action_clipping,4,0.0,0.1068484092360447,,randomized_500k
4235,never_reached_object,action_clipping,4,0.0,0.2261682395328582,,randomized_500k
4236,never_reached_object,action_clipping,4,0.0,0.2986576663914672,,randomized_500k
4237,never_reached_object,action_clipping,4,0.0,0.3892672676711604,,randomized_500k
4238,never_reached_object,action_clipping,4,0.0,0.2166554267276113,,randomized_500k
4239,never_reached_object,action_clipping,4,0.0,0.2509328493314462,,randomized_500k
4240,never_reached_object,action_clipping,4,0.0,0.1750517346496344,,randomized_500k
4241,grasped_but_dropped,action_clipping,4,0.0,0.8830052664393231,,randomized_500k
4242,never_reached_object,action_clipping,4,0.0,0.4497230303156639,,randomized_500k
4243,never_reached_object,action_clipping,4,0.0,0.122400123784964,,randomized_500k
4244,never_reached_object,action_clipping,4,0.0,0.1703734636857056,,randomized_500k
4245,reached_but_failed_grasp,action_clipping,4,0.0,0.0561138620368488,,randomized_500k
4246,never_reached_object,action_clipping,4,0.0,0.0810191806195431,,randomized_500k
4247,never_reached_object,action_clipping,4,0.0,0.4442359995615462,,randomized_500k
4248,never_reached_object,action_clipping,4,0.0,0.2099680938524908,,randomized_500k
4249,never_reached_object,action_clipping,4,0.0,0.4243770527675358,,randomized_500k
4250,reached_but_failed_grasp,action_clipping,4,0.0,0.1726150081812385,,randomized_500k
4251,never_reached_object,action_clipping,4,0.0,0.4431327053117166,,randomized_500k
4252,never_reached_object,action_clipping,4,0.0,0.0721134074063093,,randomized_500k
4253,never_reached_object,action_clipping,4,0.0,0.150515130925436,,randomized_500k
4254,never_reached_object,action_clipping,4,0.0,0.4263347277634866,,randomized_500k
4255,never_reached_object,action_clipping,4,0.0,0.3662215000153558,,randomized_500k
4256,never_reached_object,action_clipping,4,0.0,0.1437793465619575,,randomized_500k
4257,reached_but_failed_grasp,action_clipping,4,0.0,0.2459481150175549,,randomized_500k
4258,never_reached_object,action_clipping,4,0.0,0.3040811076016184,,randomized_500k
4259,never_reached_object,action_clipping,4,0.0,0.4984169991670304,,randomized_500k
4320,never_reached_object,action_delay,4,0.0,0.4295086272890401,,randomized_500k
4321,never_reached_object,action_delay,4,0.0,0.2676570314780934,,randomized_500k
4322,never_reached_object,action_delay,4,0.0,0.1805411928599704,,randomized_500k
4323,reached_but_failed_grasp,action_delay,4,0.0,0.4454129600633116,,randomized_500k
4324,never_reached_object,action_delay,4,0.0,0.1068484092360447,,randomized_500k
4325,never_reached_object,action_delay,4,0.0,0.2261682395328582,,randomized_500k
4326,never_reached_object,action_delay,4,0.0,0.2986576663914672,,randomized_500k
4327,never_reached_object,action_delay,4,0.0,0.3892672676711604,,randomized_500k
4328,never_reached_object,action_delay,4,0.0,0.2166554267276113,,randomized_500k
4329,never_reached_object,action_delay,4,0.0,0.2509328493314462,,randomized_500k
4330,never_reached_object,action_delay,4,0.0,0.1750517346496344,,randomized_500k
4331,reached_but_failed_grasp,action_delay,4,0.0,0.4654118020073418,,randomized_500k
4332,never_reached_object,action_delay,4,0.0,0.4497230303156639,,randomized_500k
4333,never_reached_object,action_delay,4,0.0,0.122400123784964,,randomized_500k
4334,never_reached_object,action_delay,4,0.0,0.1703734636857056,,randomized_500k
4335,reached_but_failed_grasp,action_delay,4,0.0,0.0572526063446548,,randomized_500k
4336,never_reached_object,action_delay,4,0.0,0.0810191806195431,,randomized_500k
4337,never_reached_object,action_delay,4,0.0,0.4442359995615462,,randomized_500k
4338,never_reached_object,action_delay,4,0.0,0.2099680938524908,,randomized_500k
4339,never_reached_object,action_delay,4,0.0,0.4243770527675358,,randomized_500k
4340,grasped_but_dropped,action_delay,4,0.0,0.5540135773839984,,randomized_500k
4341,never_reached_object,action_delay,4,0.0,0.4431327053117166,,randomized_500k
4342,never_reached_object,action_delay,4,0.0,0.0721134074063093,,randomized_500k
4343,never_reached_object,action_delay,4,0.0,0.150515130925436,,randomized_500k
4344,never_reached_object,action_delay,4,0.0,0.4263347277634866,,randomized_500k
4345,never_reached_object,action_delay,4,0.0,0.3662215000153558,,randomized_500k
4346,never_reached_object,action_delay,4,0.0,0.1437793465619575,,randomized_500k
4347,reached_but_failed_grasp,action_delay,4,0.0,0.2435175931452919,,randomized_500k
4348,never_reached_object,action_delay,4,0.0,0.3040811076016184,,randomized_500k
4349,never_reached_object,action_delay,4,0.0,0.4984169991670304,,randomized_500k
4410,never_reached_object,action_reversal,4,0.0,0.4295086272890401,,randomized_500k
4411,never_reached_object,action_reversal,4,0.0,0.2676570314780934,,randomized_500k
4412,never_reached_object,action_reversal,4,0.0,0.1805411928599704,,randomized_500k
4413,never_reached_object,action_reversal,4,0.0,0.4343474150549246,,randomized_500k
4414,never_reached_object,action_reversal,4,0.0,0.1068484092360447,,randomized_500k
4415,never_reached_object,action_reversal,4,0.0,0.2261682395328582,,randomized_500k
4416,never_reached_object,action_reversal,4,0.0,0.2986576663914672,,randomized_500k
4417,never_reached_object,action_reversal,4,0.0,0.3892672676711604,,randomized_500k
4418,never_reached_object,action_reversal,4,0.0,0.2166554267276113,,randomized_500k
4419,never_reached_object,action_reversal,4,0.0,0.2509328493314462,,randomized_500k
4420,never_reached_object,action_reversal,4,0.0,0.1750517346496344,,randomized_500k
4421,never_reached_object,action_reversal,4,0.0,0.4413383870029088,,randomized_500k
4422,never_reached_object,action_reversal,4,0.0,0.4497230303156639,,randomized_500k
4423,never_reached_object,action_reversal,4,0.0,0.122400123784964,,randomized_500k
4424,never_reached_object,action_reversal,4,0.0,0.1703734636857056,,randomized_500k
4425,never_reached_object,action_reversal,4,0.0,0.0572526063446548,,randomized_500k
4426,never_reached_object,action_reversal,4,0.0,0.0810191806195431,,randomized_500k
4427,divergent_transport,action_reversal,4,0.0,0.4744068129254737,,randomized_500k
4428,never_reached_object,action_reversal,4,0.0,0.2099680938524908,,randomized_500k
4429,never_reached_object,action_reversal,4,0.0,0.4243770527675358,,randomized_500k
4430,never_reached_object,action_reversal,4,0.0,0.1723055609233818,,randomized_500k
4431,never_reached_object,action_reversal,4,0.0,0.4431327053117166,,randomized_500k
4432,never_reached_object,action_reversal,4,0.0,0.0721134074063093,,randomized_500k
4433,never_reached_object,action_reversal,4,0.0,0.150515130925436,,randomized_500k
4434,never_reached_object,action_reversal,4,0.0,0.4263347277634866,,randomized_500k
4435,never_reached_object,action_reversal,4,0.0,0.3662215000153558,,randomized_500k
4436,never_reached_object,action_reversal,4,0.0,0.1437793465619575,,randomized_500k
4437,never_reached_object,action_reversal,4,0.0,0.2414766116036234,,randomized_500k
4438,never_reached_object,action_reversal,4,0.0,0.3040811076016184,,randomized_500k
4439,never_reached_object,action_reversal,4,0.0,0.4984169991670304,,randomized_500k
4500,never_reached_object,goal_spoof_immediate,4,0.0,0.4295086272890401,,randomized_500k
4501,never_reached_object,goal_spoof_immediate,4,0.0,0.2676570314780934,,randomized_500k
4502,never_reached_object,goal_spoof_immediate,4,0.0,0.1805411928599704,,randomized_500k
4503,never_reached_object,goal_spoof_immediate,4,0.0,0.4343474150549246,,randomized_500k
4504,never_reached_object,goal_spoof_immediate,4,0.0,0.1068484092360447,,randomized_500k
4505,never_reached_object,goal_spoof_immediate,4,0.0,0.2261682395328582,,randomized_500k
4506,never_reached_object,goal_spoof_immediate,4,0.0,0.2986576663914672,,randomized_500k
4507,never_reached_object,goal_spoof_immediate,4,0.0,0.3892672676711604,,randomized_500k
4508,never_reached_object,goal_spoof_immediate,4,0.0,0.2166554267276113,,randomized_500k
4509,never_reached_object,goal_spoof_immediate,4,0.0,0.2509328493314462,,randomized_500k
4510,never_reached_object,goal_spoof_immediate,4,0.0,0.1750517346496344,,randomized_500k
4511,never_reached_object,goal_spoof_immediate,4,0.0,0.4413383870029088,,randomized_500k
4512,never_reached_object,goal_spoof_immediate,4,0.0,0.4497230303156639,,randomized_500k
4513,never_reached_object,goal_spoof_immediate,4,0.0,0.122400123784964,,randomized_500k
4514,never_reached_object,goal_spoof_immediate,4,0.0,0.1703734636857056,,randomized_500k
4515,reached_but_failed_grasp,goal_spoof_immediate,4,0.0,0.0515138530406072,,randomized_500k
4516,never_reached_object,goal_spoof_immediate,4,0.0,0.0810191806195431,,randomized_500k
4517,never_reached_object,goal_spoof_immediate,4,0.0,0.4442359995615462,,randomized_500k
4518,never_reached_object,goal_spoof_immediate,4,0.0,0.2099680938524908,,randomized_500k
4519,never_reached_object,goal_spoof_immediate,4,0.0,0.4243770527675358,,randomized_500k
4520,reached_but_failed_grasp,goal_spoof_immediate,4,0.0,0.1237025023229469,,randomized_500k
4521,never_reached_object,goal_spoof_immediate,4,0.0,0.4431327053117166,,randomized_500k
4522,reached_but_failed_grasp,goal_spoof_immediate,4,0.0,0.0707417696801557,,randomized_500k
4523,never_reached_object,goal_spoof_immediate,4,0.0,0.150515130925436,,randomized_500k
4524,never_reached_object,goal_spoof_immediate,4,0.0,0.4263347277634866,,randomized_500k
4525,never_reached_object,goal_spoof_immediate,4,0.0,0.3662215000153558,,randomized_500k
4526,never_reached_object,goal_spoof_immediate,4,0.0,0.1437793465619575,,randomized_500k
4527,never_reached_object,goal_spoof_immediate,4,0.0,0.2414766116036234,,randomized_500k
4528,never_reached_object,goal_spoof_immediate,4,0.0,0.3040811076016184,,randomized_500k
4529,never_reached_object,goal_spoof_immediate,4,0.0,0.4984169991670304,,randomized_500k
4590,never_reached_object,goal_spoof_midep,4,0.0,0.4295086272890401,,randomized_500k
4591,never_reached_object,goal_spoof_midep,4,0.0,0.2676570314780934,,randomized_500k
4592,never_reached_object,goal_spoof_midep,4,0.0,0.1805411928599704,,randomized_500k
4593,never_reached_object,goal_spoof_midep,4,0.0,0.4343474150549246,,randomized_500k
4594,never_reached_object,goal_spoof_midep,4,0.0,0.1068484092360447,,randomized_500k
4595,never_reached_object,goal_spoof_midep,4,0.0,0.2261682395328582,,randomized_500k
4596,never_reached_object,goal_spoof_midep,4,0.0,0.2986576663914672,,randomized_500k
4597,never_reached_object,goal_spoof_midep,4,0.0,0.3892672676711604,,randomized_500k
4598,grasped_but_dropped,goal_spoof_midep,4,0.0,0.0885856356693832,,randomized_500k
4599,never_reached_object,goal_spoof_midep,4,0.0,0.2509328493314462,,randomized_500k
4600,never_reached_object,goal_spoof_midep,4,0.0,0.1750517346496344,,randomized_500k
4601,grasped_but_dropped,goal_spoof_midep,4,0.0,0.4465394247819275,,randomized_500k
4602,never_reached_object,goal_spoof_midep,4,0.0,0.4497230303156639,,randomized_500k
4603,never_reached_object,goal_spoof_midep,4,0.0,0.122400123784964,,randomized_500k
4604,never_reached_object,goal_spoof_midep,4,0.0,0.1703734636857056,,randomized_500k
4605,reached_but_failed_grasp,goal_spoof_midep,4,0.0,0.0572526063446548,,randomized_500k
4606,never_reached_object,goal_spoof_midep,4,0.0,0.0810191806195431,,randomized_500k
4607,never_reached_object,goal_spoof_midep,4,0.0,0.4442359995615462,,randomized_500k
4608,never_reached_object,goal_spoof_midep,4,0.0,0.2099680938524908,,randomized_500k
4609,never_reached_object,goal_spoof_midep,4,0.0,0.4243770527675358,,randomized_500k
4610,never_reached_object,goal_spoof_midep,4,0.0,0.1574613915801231,,randomized_500k
4611,never_reached_object,goal_spoof_midep,4,0.0,0.4431327053117166,,randomized_500k
4612,never_reached_object,goal_spoof_midep,4,0.0,0.0721134074063093,,randomized_500k
4613,never_reached_object,goal_spoof_midep,4,0.0,0.150515130925436,,randomized_500k
4614,never_reached_object,goal_spoof_midep,4,0.0,0.4263347277634866,,randomized_500k
4615,never_reached_object,goal_spoof_midep,4,0.0,0.3662215000153558,,randomized_500k
4616,never_reached_object,goal_spoof_midep,4,0.0,0.1437793465619575,,randomized_500k
4617,reached_but_failed_grasp,goal_spoof_midep,4,0.0,0.2448432285901211,,randomized_500k
4618,never_reached_object,goal_spoof_midep,4,0.0,0.3040811076016184,,randomized_500k
4619,never_reached_object,goal_spoof_midep,4,0.0,0.4984169991670304,,randomized_500k
4680,never_reached_object,object_pose_spoof,4,0.0,0.4295086272890401,,randomized_500k
4681,never_reached_object,object_pose_spoof,4,0.0,0.2676570314780934,,randomized_500k
4682,never_reached_object,object_pose_spoof,4,0.0,0.1805411928599704,,randomized_500k
4683,never_reached_object,object_pose_spoof,4,0.0,0.4343474150549246,,randomized_500k
4684,never_reached_object,object_pose_spoof,4,0.0,0.1068484092360447,,randomized_500k
4685,never_reached_object,object_pose_spoof,4,0.0,0.2261682395328582,,randomized_500k
4686,never_reached_object,object_pose_spoof,4,0.0,0.2986576663914672,,randomized_500k
4687,never_reached_object,object_pose_spoof,4,0.0,0.3892672676711604,,randomized_500k
4688,never_reached_object,object_pose_spoof,4,0.0,0.2166554267276113,,randomized_500k
4689,never_reached_object,object_pose_spoof,4,0.0,0.2509328493314462,,randomized_500k
4690,never_reached_object,object_pose_spoof,4,0.0,0.1750517346496344,,randomized_500k
4691,never_reached_object,object_pose_spoof,4,0.0,0.4413383870029088,,randomized_500k
4692,never_reached_object,object_pose_spoof,4,0.0,0.4497230303156639,,randomized_500k
4693,never_reached_object,object_pose_spoof,4,0.0,0.122400123784964,,randomized_500k
4694,never_reached_object,object_pose_spoof,4,0.0,0.1703734636857056,,randomized_500k
4695,reached_but_failed_grasp,object_pose_spoof,4,0.0,0.0854176922018979,,randomized_500k
4696,never_reached_object,object_pose_spoof,4,0.0,0.0810191806195431,,randomized_500k
4697,never_reached_object,object_pose_spoof,4,0.0,0.4442359995615462,,randomized_500k
4698,never_reached_object,object_pose_spoof,4,0.0,0.2099680938524908,,randomized_500k
4699,never_reached_object,object_pose_spoof,4,0.0,0.4243770527675358,,randomized_500k
4700,reached_but_failed_grasp,object_pose_spoof,4,0.0,0.1574597671594856,,randomized_500k
4701,never_reached_object,object_pose_spoof,4,0.0,0.4431327053117166,,randomized_500k
4702,never_reached_object,object_pose_spoof,4,0.0,0.0721134074063093,,randomized_500k
4703,never_reached_object,object_pose_spoof,4,0.0,0.150515130925436,,randomized_500k
4704,never_reached_object,object_pose_spoof,4,0.0,0.4263347277634866,,randomized_500k
4705,never_reached_object,object_pose_spoof,4,0.0,0.3662215000153558,,randomized_500k
4706,never_reached_object,object_pose_spoof,4,0.0,0.1437793465619575,,randomized_500k
4707,never_reached_object,object_pose_spoof,4,0.0,0.2414766116036234,,randomized_500k
4708,never_reached_object,object_pose_spoof,4,0.0,0.3040811076016184,,randomized_500k
4709,never_reached_object,object_pose_spoof,4,0.0,0.4984169991670304,,randomized_500k
4770,never_reached_object,grip_state_falsification,4,0.0,0.4295086272890401,,randomized_500k
4771,never_reached_object,grip_state_falsification,4,0.0,0.2676570314780934,,randomized_500k
4772,never_reached_object,grip_state_falsification,4,0.0,0.1805411928599704,,randomized_500k
4773,never_reached_object,grip_state_falsification,4,0.0,0.4343474150549246,,randomized_500k
4774,never_reached_object,grip_state_falsification,4,0.0,0.1068484092360447,,randomized_500k
4775,never_reached_object,grip_state_falsification,4,0.0,0.2261682395328582,,randomized_500k
4776,never_reached_object,grip_state_falsification,4,0.0,0.2986576663914672,,randomized_500k
4777,never_reached_object,grip_state_falsification,4,0.0,0.3892672676711604,,randomized_500k
4778,never_reached_object,grip_state_falsification,4,0.0,0.2166554267276113,,randomized_500k
4779,never_reached_object,grip_state_falsification,4,0.0,0.2509328493314462,,randomized_500k
4780,never_reached_object,grip_state_falsification,4,0.0,0.1750517346496344,,randomized_500k
4781,never_reached_object,grip_state_falsification,4,0.0,0.4911835150244708,,randomized_500k
4782,never_reached_object,grip_state_falsification,4,0.0,0.4497230303156639,,randomized_500k
4783,never_reached_object,grip_state_falsification,4,0.0,0.122400123784964,,randomized_500k
4784,never_reached_object,grip_state_falsification,4,0.0,0.1703734636857056,,randomized_500k
4785,reached_but_failed_grasp,grip_state_falsification,4,1.0,0.0476715862588488,11.0,randomized_500k
4786,never_reached_object,grip_state_falsification,4,0.0,0.0810191806195431,,randomized_500k
4787,never_reached_object,grip_state_falsification,4,0.0,0.4442359995615462,,randomized_500k
4788,never_reached_object,grip_state_falsification,4,0.0,0.2099680938524908,,randomized_500k
4789,never_reached_object,grip_state_falsification,4,0.0,0.4243770527675358,,randomized_500k
4790,reached_but_failed_grasp,grip_state_falsification,4,0.0,0.2155751202105902,,randomized_500k
4791,never_reached_object,grip_state_falsification,4,0.0,0.4431327053117166,,randomized_500k
4792,never_reached_object,grip_state_falsification,4,0.0,0.0721134074063093,,randomized_500k
4793,never_reached_object,grip_state_falsification,4,0.0,0.150515130925436,,randomized_500k
4794,never_reached_object,grip_state_falsification,4,0.0,0.4263347277634866,,randomized_500k
4795,never_reached_object,grip_state_falsification,4,0.0,0.3662215000153558,,randomized_500k
4796,never_reached_object,grip_state_falsification,4,0.0,0.1437793465619575,,randomized_500k
4797,never_reached_object,grip_state_falsification,4,0.0,0.2414766116036234,,randomized_500k
4798,never_reached_object,grip_state_falsification,4,0.0,0.3040811076016184,,randomized_500k
4799,never_reached_object,grip_state_falsification,4,0.0,0.4984169991670304,,randomized_500k
4860,never_reached_object,contact_dropout,4,0.0,0.4295086272890401,,randomized_500k
4861,never_reached_object,contact_dropout,4,0.0,0.2676570314780934,,randomized_500k
4862,never_reached_object,contact_dropout,4,0.0,0.1805411928599704,,randomized_500k
4863,never_reached_object,contact_dropout,4,0.0,0.4343474150549246,,randomized_500k
4864,never_reached_object,contact_dropout,4,0.0,0.1068484092360447,,randomized_500k
4865,never_reached_object,contact_dropout,4,0.0,0.2261682395328582,,randomized_500k
4866,never_reached_object,contact_dropout,4,0.0,0.2986576663914672,,randomized_500k
4867,never_reached_object,contact_dropout,4,0.0,0.3892672676711604,,randomized_500k
4868,never_reached_object,contact_dropout,4,0.0,0.2166554267276113,,randomized_500k
4869,never_reached_object,contact_dropout,4,0.0,0.2509328493314462,,randomized_500k
4870,never_reached_object,contact_dropout,4,0.0,0.1750517346496344,,randomized_500k
4871,never_reached_object,contact_dropout,4,0.0,0.4413383870029088,,randomized_500k
4872,never_reached_object,contact_dropout,4,0.0,0.4497230303156639,,randomized_500k
4873,never_reached_object,contact_dropout,4,0.0,0.122400123784964,,randomized_500k
4874,never_reached_object,contact_dropout,4,0.0,0.1703734636857056,,randomized_500k
4875,never_reached_object,contact_dropout,4,0.0,0.0572526063446548,,randomized_500k
4876,never_reached_object,contact_dropout,4,0.0,0.0810191806195431,,randomized_500k
4877,never_reached_object,contact_dropout,4,0.0,0.4442359995615462,,randomized_500k
4878,never_reached_object,contact_dropout,4,0.0,0.2099680938524908,,randomized_500k
4879,never_reached_object,contact_dropout,4,0.0,0.4243770527675358,,randomized_500k
4880,never_reached_object,contact_dropout,4,0.0,0.1723055609233818,,randomized_500k
4881,never_reached_object,contact_dropout,4,0.0,0.4431327053117166,,randomized_500k
4882,never_reached_object,contact_dropout,4,0.0,0.0721134074063093,,randomized_500k
4883,reached_but_failed_grasp,contact_dropout,4,0.0,0.1623059777740081,,randomized_500k
4884,never_reached_object,contact_dropout,4,0.0,0.4263347277634866,,randomized_500k
4885,never_reached_object,contact_dropout,4,0.0,0.3662215000153558,,randomized_500k
4886,never_reached_object,contact_dropout,4,0.0,0.1437793465619575,,randomized_500k
4887,never_reached_object,contact_dropout,4,0.0,0.2414766116036234,,randomized_500k
4888,never_reached_object,contact_dropout,4,0.0,0.3040811076016184,,randomized_500k
4889,never_reached_object,contact_dropout,4,0.0,0.4984169991670304,,randomized_500k
