method,condition,seed,attack_level,total_reward,success,final_distance,episode_length,action_smoothness,action_magnitude,safety_violation,recovery_used,first_success_step,episode_idx,recovery_version,benchmark_layer,env
sac_her,clean,0,0.0,-150.0,0.0,0.35492253605282875,150,0.0246110912412405,1.7215909957885742,0.0,0.0,,0,none,B0,sac_her_pickandplace_randomized_500k
sac_her,clean,0,0.0,-150.0,0.0,0.35492253605282875,150,0.0246110912412405,1.7215909957885742,0.0,0.0,,1,none,B0,sac_her_pickandplace_randomized_500k
sac_her,clean,0,0.0,-150.0,0.0,0.35492253605282875,150,0.0246110912412405,1.7215909957885742,0.0,0.0,,2,none,B0,sac_her_pickandplace_randomized_500k
sac_her,clean,0,0.0,-150.0,0.0,0.35492253605282875,150,0.0246110912412405,1.7215909957885742,0.0,0.0,,3,none,B0,sac_her_pickandplace_randomized_500k
sac_her,clean,0,0.0,-150.0,0.0,0.35492253605282875,150,0.0246110912412405,1.7215909957885742,0.0,0.0,,4,none,B0,sac_her_pickandplace_randomized_500k
sac_her,clean,0,0.0,-150.0,0.0,0.35492253605282875,150,0.0246110912412405,1.7215909957885742,0.0,0.0,,5,none,B0,sac_her_pickandplace_randomized_500k
sac_her,clean,0,0.0,-150.0,0.0,0.35492253605282875,150,0.0246110912412405,1.7215909957885742,0.0,0.0,,6,none,B0,sac_her_pickandplace_randomized_500k
sac_her,clean,0,0.0,-150.0,0.0,0.35492253605282875,150,0.0246110912412405,1.7215909957885742,0.0,0.0,,7,none,B0,sac_her_pickandplace_randomized_500k
sac_her,clean,0,0.0,-150.0,0.0,0.35492253605282875,150,0.0246110912412405,1.7215909957885742,0.0,0.0,,8,none,B0,sac_her_pickandplace_randomized_500k
sac_her,clean,0,0.0,-150.0,0.0,0.35492253605282875,150,0.0246110912412405,1.7215909957885742,0.0,0.0,,9,none,B0,sac_her_pickandplace_randomized_500k
sac_her,clean,0,0.0,-150.0,0.0,0.35492253605282875,150,0.0246110912412405,1.7215909957885742,0.0,0.0,,10,none,B0,sac_her_pickandplace_randomized_500k
sac_her,clean,0,0.0,-150.0,0.0,0.35492253605282875,150,0.0246110912412405,1.7215909957885742,0.0,0.0,,11,none,B0,sac_her_pickandplace_randomized_500k
sac_her,clean,0,0.0,-150.0,0.0,0.35492253605282875,150,0.0246110912412405,1.7215909957885742,0.0,0.0,,12,none,B0,sac_her_pickandplace_randomized_500k
sac_her,clean,0,0.0,-150.0,0.0,0.35492253605282875,150,0.0246110912412405,1.7215909957885742,0.0,0.0,,13,none,B0,sac_her_pickandplace_randomized_500k
sac_her,clean,0,0.0,-150.0,0.0,0.35492253605282875,150,0.0246110912412405,1.7215909957885742,0.0,0.0,,14,none,B0,sac_her_pickandplace_randomized_500k
sac_her,clean,0,0.0,-150.0,0.0,0.35492253605282875,150,0.0246110912412405,1.7215909957885742,0.0,0.0,,15,none,B0,sac_her_pickandplace_randomized_500k
sac_her,clean,0,0.0,-150.0,0.0,0.35492253605282875,150,0.0246110912412405,1.7215909957885742,0.0,0.0,,16,none,B0,sac_her_pickandplace_randomized_500k
sac_her,clean,0,0.0,-150.0,0.0,0.35492253605282875,150,0.0246110912412405,1.7215909957885742,0.0,0.0,,17,none,B0,sac_her_pickandplace_randomized_500k
sac_her,clean,0,0.0,-150.0,0.0,0.35492253605282875,150,0.0246110912412405,1.7215909957885742,0.0,0.0,,18,none,B0,sac_her_pickandplace_randomized_500k
sac_her,clean,0,0.0,-150.0,0.0,0.35492253605282875,150,0.0246110912412405,1.7215909957885742,0.0,0.0,,19,none,B0,sac_her_pickandplace_randomized_500k
sac_her,clean,0,0.0,-150.0,0.0,0.35492253605282875,150,0.0246110912412405,1.7215909957885742,0.0,0.0,,20,none,B0,sac_her_pickandplace_randomized_500k
sac_her,clean,0,0.0,-150.0,0.0,0.35492253605282875,150,0.0246110912412405,1.7215909957885742,0.0,0.0,,21,none,B0,sac_her_pickandplace_randomized_500k
sac_her,clean,0,0.0,-150.0,0.0,0.35492253605282875,150,0.0246110912412405,1.7215909957885742,0.0,0.0,,22,none,B0,sac_her_pickandplace_randomized_500k
sac_her,clean,0,0.0,-150.0,0.0,0.35492253605282875,150,0.0246110912412405,1.7215909957885742,0.0,0.0,,23,none,B0,sac_her_pickandplace_randomized_500k
sac_her,clean,0,0.0,-150.0,0.0,0.35492253605282875,150,0.0246110912412405,1.7215909957885742,0.0,0.0,,24,none,B0,sac_her_pickandplace_randomized_500k
sac_her,clean,0,0.0,-150.0,0.0,0.35492253605282875,150,0.0246110912412405,1.7215909957885742,0.0,0.0,,25,none,B0,sac_her_pickandplace_randomized_500k
sac_her,clean,0,0.0,-150.0,0.0,0.35492253605282875,150,0.0246110912412405,1.7215909957885742,0.0,0.0,,26,none,B0,sac_her_pickandplace_randomized_500k
sac_her,clean,0,0.0,-150.0,0.0,0.35492253605282875,150,0.0246110912412405,1.7215909957885742,0.0,0.0,,27,none,B0,sac_her_pickandplace_randomized_500k
sac_her,clean,0,0.0,-150.0,0.0,0.35492253605282875,150,0.0246110912412405,1.7215909957885742,0.0,0.0,,28,none,B0,sac_her_pickandplace_randomized_500k
sac_her,clean,0,0.0,-150.0,0.0,0.35492253605282875,150,0.0246110912412405,1.7215909957885742,0.0,0.0,,29,none,B0,sac_her_pickandplace_randomized_500k
sac_her,sensor_dropout,0,0.0,-150.0,0.0,0.35492253605282875,150,0.0,1.833801507949829,0.0,0.0,,30,none,B1,sac_her_pickandplace_randomized_500k
sac_her,sensor_dropout,0,0.0,-150.0,0.0,0.35492253605282875,150,0.0,1.833801507949829,0.0,0.0,,31,none,B1,sac_her_pickandplace_randomized_500k
sac_her,sensor_dropout,0,0.0,-150.0,0.0,0.35492253605282875,150,0.0,1.833801507949829,0.0,0.0,,32,none,B1,sac_her_pickandplace_randomized_500k
sac_her,sensor_dropout,0,0.0,-150.0,0.0,0.35492253605282875,150,0.0,1.833801507949829,0.0,0.0,,33,none,B1,sac_her_pickandplace_randomized_500k
sac_her,sensor_dropout,0,0.0,-150.0,0.0,0.35492253605282875,150,0.0,1.833801507949829,0.0,0.0,,34,none,B1,sac_her_pickandplace_randomized_500k
sac_her,sensor_dropout,0,0.0,-150.0,0.0,0.35492253605282875,150,0.0,1.833801507949829,0.0,0.0,,35,none,B1,sac_her_pickandplace_randomized_500k
sac_her,sensor_dropout,0,0.0,-150.0,0.0,0.35492253605282875,150,0.0,1.833801507949829,0.0,0.0,,36,none,B1,sac_her_pickandplace_randomized_500k
sac_her,sensor_dropout,0,0.0,-150.0,0.0,0.35492253605282875,150,0.0,1.833801507949829,0.0,0.0,,37,none,B1,sac_her_pickandplace_randomized_500k
sac_her,sensor_dropout,0,0.0,-150.0,0.0,0.35492253605282875,150,0.0,1.833801507949829,0.0,0.0,,38,none,B1,sac_her_pickandplace_randomized_500k
sac_her,sensor_dropout,0,0.0,-150.0,0.0,0.35492253605282875,150,0.0,1.833801507949829,0.0,0.0,,39,none,B1,sac_her_pickandplace_randomized_500k
sac_her,sensor_dropout,0,0.0,-150.0,0.0,0.35492253605282875,150,0.0,1.833801507949829,0.0,0.0,,40,none,B1,sac_her_pickandplace_randomized_500k
sac_her,sensor_dropout,0,0.0,-150.0,0.0,0.35492253605282875,150,0.0,1.833801507949829,0.0,0.0,,41,none,B1,sac_her_pickandplace_randomized_500k
sac_her,sensor_dropout,0,0.0,-150.0,0.0,0.35492253605282875,150,0.0,1.833801507949829,0.0,0.0,,42,none,B1,sac_her_pickandplace_randomized_500k
sac_her,sensor_dropout,0,0.0,-150.0,0.0,0.35492253605282875,150,0.0,1.833801507949829,0.0,0.0,,43,none,B1,sac_her_pickandplace_randomized_500k
sac_her,sensor_dropout,0,0.0,-150.0,0.0,0.35492253605282875,150,0.0,1.833801507949829,0.0,0.0,,44,none,B1,sac_her_pickandplace_randomized_500k
sac_her,sensor_dropout,0,0.0,-150.0,0.0,0.35492253605282875,150,0.0,1.833801507949829,0.0,0.0,,45,none,B1,sac_her_pickandplace_randomized_500k
sac_her,sensor_dropout,0,0.0,-150.0,0.0,0.35492253605282875,150,0.0,1.833801507949829,0.0,0.0,,46,none,B1,sac_her_pickandplace_randomized_500k
sac_her,sensor_dropout,0,0.0,-150.0,0.0,0.35492253605282875,150,0.0,1.833801507949829,0.0,0.0,,47,none,B1,sac_her_pickandplace_randomized_500k
sac_her,sensor_dropout,0,0.0,-150.0,0.0,0.35492253605282875,150,0.0,1.833801507949829,0.0,0.0,,48,none,B1,sac_her_pickandplace_randomized_500k
sac_her,sensor_dropout,0,0.0,-150.0,0.0,0.35492253605282875,150,0.0,1.833801507949829,0.0,0.0,,49,none,B1,sac_her_pickandplace_randomized_500k
sac_her,sensor_dropout,0,0.0,-150.0,0.0,0.35492253605282875,150,0.0,1.833801507949829,0.0,0.0,,50,none,B1,sac_her_pickandplace_randomized_500k
sac_her,sensor_dropout,0,0.0,-150.0,0.0,0.35492253605282875,150,0.0,1.833801507949829,0.0,0.0,,51,none,B1,sac_her_pickandplace_randomized_500k
sac_her,sensor_dropout,0,0.0,-150.0,0.0,0.35492253605282875,150,0.0,1.833801507949829,0.0,0.0,,52,none,B1,sac_her_pickandplace_randomized_500k
sac_her,sensor_dropout,0,0.0,-150.0,0.0,0.35492253605282875,150,0.0,1.833801507949829,0.0,0.0,,53,none,B1,sac_her_pickandplace_randomized_500k
sac_her,sensor_dropout,0,0.0,-150.0,0.0,0.35492253605282875,150,0.0,1.833801507949829,0.0,0.0,,54,none,B1,sac_her_pickandplace_randomized_500k
sac_her,sensor_dropout,0,0.0,-150.0,0.0,0.35492253605282875,150,0.0,1.833801507949829,0.0,0.0,,55,none,B1,sac_her_pickandplace_randomized_500k
sac_her,sensor_dropout,0,0.0,-150.0,0.0,0.35492253605282875,150,0.0,1.833801507949829,0.0,0.0,,56,none,B1,sac_her_pickandplace_randomized_500k
sac_her,sensor_dropout,0,0.0,-150.0,0.0,0.35492253605282875,150,0.0,1.833801507949829,0.0,0.0,,57,none,B1,sac_her_pickandplace_randomized_500k
sac_her,sensor_dropout,0,0.0,-150.0,0.0,0.35492253605282875,150,0.0,1.833801507949829,0.0,0.0,,58,none,B1,sac_her_pickandplace_randomized_500k
sac_her,sensor_dropout,0,0.0,-150.0,0.0,0.35492253605282875,150,0.0,1.833801507949829,0.0,0.0,,59,none,B1,sac_her_pickandplace_randomized_500k
sac_her,sensor_bias,0,0.1,-150.0,0.0,0.35492253605282875,150,0.024652600288391113,1.59822678565979,0.0,0.0,,60,none,B1,sac_her_pickandplace_randomized_500k
sac_her,sensor_bias,0,0.1,-150.0,0.0,0.35492253605282875,150,0.015918048098683357,1.8012162446975708,0.0,0.0,,61,none,B1,sac_her_pickandplace_randomized_500k
sac_her,sensor_bias,0,0.1,-150.0,0.0,0.35492253605282875,150,0.03450055047869682,1.4683432579040527,0.0,0.0,,62,none,B1,sac_her_pickandplace_randomized_500k
sac_her,sensor_bias,0,0.1,-150.0,0.0,0.35492253605282875,150,0.026031987741589546,1.2363554239273071,0.0,0.0,,63,none,B1,sac_her_pickandplace_randomized_500k
sac_her,sensor_bias,0,0.1,-150.0,0.0,0.35492253605282875,150,0.06646659970283508,1.1507319211959839,0.0,0.0,,64,none,B1,sac_her_pickandplace_randomized_500k
sac_her,sensor_bias,0,0.1,-150.0,0.0,0.35492253605282875,150,0.04850804805755615,1.6333023309707642,0.0,0.0,,65,none,B1,sac_her_pickandplace_randomized_500k
sac_her,sensor_bias,0,0.1,-150.0,0.0,0.35492253605282875,150,0.024917302653193474,1.7042542695999146,0.0,0.0,,66,none,B1,sac_her_pickandplace_randomized_500k
sac_her,sensor_bias,0,0.1,-150.0,0.0,0.35492253605282875,150,0.019463252276182175,0.3921791613101959,0.0,0.0,,67,none,B1,sac_her_pickandplace_randomized_500k
sac_her,sensor_bias,0,0.1,-150.0,0.0,0.35492253605282875,150,0.024654528126120567,1.8814979791641235,0.0,0.0,,68,none,B1,sac_her_pickandplace_randomized_500k
sac_her,sensor_bias,0,0.1,-150.0,0.0,0.35492253605282875,150,0.014817514456808567,1.7494714260101318,0.0,0.0,,69,none,B1,sac_her_pickandplace_randomized_500k
sac_her,sensor_bias,0,0.1,-150.0,0.0,0.35492253605282875,150,0.01920360140502453,1.1150535345077515,0.0,0.0,,70,none,B1,sac_her_pickandplace_randomized_500k
sac_her,sensor_bias,0,0.1,-150.0,0.0,0.35492253605282875,150,0.016245074570178986,1.5906466245651245,0.0,0.0,,71,none,B1,sac_her_pickandplace_randomized_500k
sac_her,sensor_bias,0,0.1,-150.0,0.0,0.35492253605282875,150,0.039805661886930466,1.6650786399841309,0.0,0.0,,72,none,B1,sac_her_pickandplace_randomized_500k
sac_her,sensor_bias,0,0.1,-150.0,0.0,0.35492253605282875,150,0.01439178828150034,1.8228930234909058,0.0,0.0,,73,none,B1,sac_her_pickandplace_randomized_500k
sac_her,sensor_bias,0,0.1,-150.0,0.0,0.35492253605282875,150,0.01859624683856964,1.8327254056930542,0.0,0.0,,74,none,B1,sac_her_pickandplace_randomized_500k
sac_her,sensor_bias,0,0.1,-150.0,0.0,0.35492253605282875,150,0.02862580120563507,1.7854207754135132,0.0,0.0,,75,none,B1,sac_her_pickandplace_randomized_500k
sac_her,sensor_bias,0,0.1,-150.0,0.0,0.35492253605282875,150,0.050298020243644714,1.7643823623657227,0.0,0.0,,76,none,B1,sac_her_pickandplace_randomized_500k
sac_her,sensor_bias,0,0.1,-150.0,0.0,0.35492253605282875,150,0.046063464134931564,1.246028184890747,0.0,0.0,,77,none,B1,sac_her_pickandplace_randomized_500k
sac_her,sensor_bias,0,0.1,-150.0,0.0,0.35492253605282875,150,0.010609757155179977,1.7906194925308228,0.0,0.0,,78,none,B1,sac_her_pickandplace_randomized_500k
sac_her,sensor_bias,0,0.1,-150.0,0.0,0.35492253605282875,150,0.024041926488280296,1.8160988092422485,0.0,0.0,,79,none,B1,sac_her_pickandplace_randomized_500k
sac_her,sensor_bias,0,0.1,-150.0,0.0,0.35492253605282875,150,0.016413742676377296,1.8193434476852417,0.0,0.0,,80,none,B1,sac_her_pickandplace_randomized_500k
sac_her,sensor_bias,0,0.1,-150.0,0.0,0.35492253605282875,150,0.017427416518330574,1.9092260599136353,0.0,0.0,,81,none,B1,sac_her_pickandplace_randomized_500k
sac_her,sensor_bias,0,0.1,-150.0,0.0,0.35492253605282875,150,0.017949111759662628,1.6228471994400024,0.0,0.0,,82,none,B1,sac_her_pickandplace_randomized_500k
sac_her,sensor_bias,0,0.1,-150.0,0.0,0.35492253605282875,150,0.028767390176653862,1.6285840272903442,0.0,0.0,,83,none,B1,sac_her_pickandplace_randomized_500k
sac_her,sensor_bias,0,0.1,-150.0,0.0,0.35492253605282875,150,0.013997354544699192,1.6711596250534058,0.0,0.0,,84,none,B1,sac_her_pickandplace_randomized_500k
sac_her,sensor_bias,0,0.1,-150.0,0.0,0.35492253605282875,150,0.02418719045817852,1.7622184753417969,0.0,0.0,,85,none,B1,sac_her_pickandplace_randomized_500k
sac_her,sensor_bias,0,0.1,-150.0,0.0,0.35492253605282875,150,0.02916981279850006,1.7133431434631348,0.0,0.0,,86,none,B1,sac_her_pickandplace_randomized_500k
sac_her,sensor_bias,0,0.1,-150.0,0.0,0.35492253605282875,150,0.030251191928982735,1.9254202842712402,0.0,0.0,,87,none,B1,sac_her_pickandplace_randomized_500k
sac_her,sensor_bias,0,0.1,-150.0,0.0,0.35492253605282875,150,0.0476050041615963,1.9025973081588745,0.0,0.0,,88,none,B1,sac_her_pickandplace_randomized_500k
sac_her,sensor_bias,0,0.1,-150.0,0.0,0.35492253605282875,150,0.04322537034749985,1.664797306060791,0.0,0.0,,89,none,B1,sac_her_pickandplace_randomized_500k
sac_her,action_clipping,0,0.3,-150.0,0.0,0.35492253605282875,150,0.0052294558845460415,0.5789669156074524,0.0,0.0,,90,none,B1,sac_her_pickandplace_randomized_500k
sac_her,action_clipping,0,0.3,-150.0,0.0,0.35492253605282875,150,0.0052294558845460415,0.5789669156074524,0.0,0.0,,91,none,B1,sac_her_pickandplace_randomized_500k
sac_her,action_clipping,0,0.3,-150.0,0.0,0.35492253605282875,150,0.0052294558845460415,0.5789669156074524,0.0,0.0,,92,none,B1,sac_her_pickandplace_randomized_500k
sac_her,action_clipping,0,0.3,-150.0,0.0,0.35492253605282875,150,0.0052294558845460415,0.5789669156074524,0.0,0.0,,93,none,B1,sac_her_pickandplace_randomized_500k
sac_her,action_clipping,0,0.3,-150.0,0.0,0.35492253605282875,150,0.0052294558845460415,0.5789669156074524,0.0,0.0,,94,none,B1,sac_her_pickandplace_randomized_500k
sac_her,action_clipping,0,0.3,-150.0,0.0,0.35492253605282875,150,0.0052294558845460415,0.5789669156074524,0.0,0.0,,95,none,B1,sac_her_pickandplace_randomized_500k
sac_her,action_clipping,0,0.3,-150.0,0.0,0.35492253605282875,150,0.0052294558845460415,0.5789669156074524,0.0,0.0,,96,none,B1,sac_her_pickandplace_randomized_500k
sac_her,action_clipping,0,0.3,-150.0,0.0,0.35492253605282875,150,0.0052294558845460415,0.5789669156074524,0.0,0.0,,97,none,B1,sac_her_pickandplace_randomized_500k
sac_her,action_clipping,0,0.3,-150.0,0.0,0.35492253605282875,150,0.0052294558845460415,0.5789669156074524,0.0,0.0,,98,none,B1,sac_her_pickandplace_randomized_500k
sac_her,action_clipping,0,0.3,-150.0,0.0,0.35492253605282875,150,0.0052294558845460415,0.5789669156074524,0.0,0.0,,99,none,B1,sac_her_pickandplace_randomized_500k
sac_her,action_clipping,0,0.3,-150.0,0.0,0.35492253605282875,150,0.0052294558845460415,0.5789669156074524,0.0,0.0,,100,none,B1,sac_her_pickandplace_randomized_500k
sac_her,action_clipping,0,0.3,-150.0,0.0,0.35492253605282875,150,0.0052294558845460415,0.5789669156074524,0.0,0.0,,101,none,B1,sac_her_pickandplace_randomized_500k
sac_her,action_clipping,0,0.3,-150.0,0.0,0.35492253605282875,150,0.0052294558845460415,0.5789669156074524,0.0,0.0,,102,none,B1,sac_her_pickandplace_randomized_500k
sac_her,action_clipping,0,0.3,-150.0,0.0,0.35492253605282875,150,0.0052294558845460415,0.5789669156074524,0.0,0.0,,103,none,B1,sac_her_pickandplace_randomized_500k
sac_her,action_clipping,0,0.3,-150.0,0.0,0.35492253605282875,150,0.0052294558845460415,0.5789669156074524,0.0,0.0,,104,none,B1,sac_her_pickandplace_randomized_500k
sac_her,action_clipping,0,0.3,-150.0,0.0,0.35492253605282875,150,0.0052294558845460415,0.5789669156074524,0.0,0.0,,105,none,B1,sac_her_pickandplace_randomized_500k
sac_her,action_clipping,0,0.3,-150.0,0.0,0.35492253605282875,150,0.0052294558845460415,0.5789669156074524,0.0,0.0,,106,none,B1,sac_her_pickandplace_randomized_500k
sac_her,action_clipping,0,0.3,-150.0,0.0,0.35492253605282875,150,0.0052294558845460415,0.5789669156074524,0.0,0.0,,107,none,B1,sac_her_pickandplace_randomized_500k
sac_her,action_clipping,0,0.3,-150.0,0.0,0.35492253605282875,150,0.0052294558845460415,0.5789669156074524,0.0,0.0,,108,none,B1,sac_her_pickandplace_randomized_500k
sac_her,action_clipping,0,0.3,-150.0,0.0,0.35492253605282875,150,0.0052294558845460415,0.5789669156074524,0.0,0.0,,109,none,B1,sac_her_pickandplace_randomized_500k
sac_her,action_clipping,0,0.3,-150.0,0.0,0.35492253605282875,150,0.0052294558845460415,0.5789669156074524,0.0,0.0,,110,none,B1,sac_her_pickandplace_randomized_500k
sac_her,action_clipping,0,0.3,-150.0,0.0,0.35492253605282875,150,0.0052294558845460415,0.5789669156074524,0.0,0.0,,111,none,B1,sac_her_pickandplace_randomized_500k
sac_her,action_clipping,0,0.3,-150.0,0.0,0.35492253605282875,150,0.0052294558845460415,0.5789669156074524,0.0,0.0,,112,none,B1,sac_her_pickandplace_randomized_500k
sac_her,action_clipping,0,0.3,-150.0,0.0,0.35492253605282875,150,0.0052294558845460415,0.5789669156074524,0.0,0.0,,113,none,B1,sac_her_pickandplace_randomized_500k
sac_her,action_clipping,0,0.3,-150.0,0.0,0.35492253605282875,150,0.0052294558845460415,0.5789669156074524,0.0,0.0,,114,none,B1,sac_her_pickandplace_randomized_500k
sac_her,action_clipping,0,0.3,-150.0,0.0,0.35492253605282875,150,0.0052294558845460415,0.5789669156074524,0.0,0.0,,115,none,B1,sac_her_pickandplace_randomized_500k
sac_her,action_clipping,0,0.3,-150.0,0.0,0.35492253605282875,150,0.0052294558845460415,0.5789669156074524,0.0,0.0,,116,none,B1,sac_her_pickandplace_randomized_500k
sac_her,action_clipping,0,0.3,-150.0,0.0,0.35492253605282875,150,0.0052294558845460415,0.5789669156074524,0.0,0.0,,117,none,B1,sac_her_pickandplace_randomized_500k
sac_her,action_clipping,0,0.3,-150.0,0.0,0.35492253605282875,150,0.0052294558845460415,0.5789669156074524,0.0,0.0,,118,none,B1,sac_her_pickandplace_randomized_500k
sac_her,action_clipping,0,0.3,-150.0,0.0,0.35492253605282875,150,0.0052294558845460415,0.5789669156074524,0.0,0.0,,119,none,B1,sac_her_pickandplace_randomized_500k
sac_her,action_delay,0,0.0,-150.0,0.0,0.35492253605282875,150,0.03687159717082977,1.7097798585891724,0.0,0.0,,120,none,B1,sac_her_pickandplace_randomized_500k
sac_her,action_delay,0,0.0,-150.0,0.0,0.35492253605282875,150,0.03687159717082977,1.7097798585891724,0.0,0.0,,121,none,B1,sac_her_pickandplace_randomized_500k
sac_her,action_delay,0,0.0,-150.0,0.0,0.35492253605282875,150,0.03687159717082977,1.7097798585891724,0.0,0.0,,122,none,B1,sac_her_pickandplace_randomized_500k
sac_her,action_delay,0,0.0,-150.0,0.0,0.35492253605282875,150,0.03687159717082977,1.7097798585891724,0.0,0.0,,123,none,B1,sac_her_pickandplace_randomized_500k
sac_her,action_delay,0,0.0,-150.0,0.0,0.35492253605282875,150,0.03687159717082977,1.7097798585891724,0.0,0.0,,124,none,B1,sac_her_pickandplace_randomized_500k
sac_her,action_delay,0,0.0,-150.0,0.0,0.35492253605282875,150,0.03687159717082977,1.7097798585891724,0.0,0.0,,125,none,B1,sac_her_pickandplace_randomized_500k
sac_her,action_delay,0,0.0,-150.0,0.0,0.35492253605282875,150,0.03687159717082977,1.7097798585891724,0.0,0.0,,126,none,B1,sac_her_pickandplace_randomized_500k
sac_her,action_delay,0,0.0,-150.0,0.0,0.35492253605282875,150,0.03687159717082977,1.7097798585891724,0.0,0.0,,127,none,B1,sac_her_pickandplace_randomized_500k
sac_her,action_delay,0,0.0,-150.0,0.0,0.35492253605282875,150,0.03687159717082977,1.7097798585891724,0.0,0.0,,128,none,B1,sac_her_pickandplace_randomized_500k
sac_her,action_delay,0,0.0,-150.0,0.0,0.35492253605282875,150,0.03687159717082977,1.7097798585891724,0.0,0.0,,129,none,B1,sac_her_pickandplace_randomized_500k
sac_her,action_delay,0,0.0,-150.0,0.0,0.35492253605282875,150,0.03687159717082977,1.7097798585891724,0.0,0.0,,130,none,B1,sac_her_pickandplace_randomized_500k
sac_her,action_delay,0,0.0,-150.0,0.0,0.35492253605282875,150,0.03687159717082977,1.7097798585891724,0.0,0.0,,131,none,B1,sac_her_pickandplace_randomized_500k
sac_her,action_delay,0,0.0,-150.0,0.0,0.35492253605282875,150,0.03687159717082977,1.7097798585891724,0.0,0.0,,132,none,B1,sac_her_pickandplace_randomized_500k
sac_her,action_delay,0,0.0,-150.0,0.0,0.35492253605282875,150,0.03687159717082977,1.7097798585891724,0.0,0.0,,133,none,B1,sac_her_pickandplace_randomized_500k
sac_her,action_delay,0,0.0,-150.0,0.0,0.35492253605282875,150,0.03687159717082977,1.7097798585891724,0.0,0.0,,134,none,B1,sac_her_pickandplace_randomized_500k
sac_her,action_delay,0,0.0,-150.0,0.0,0.35492253605282875,150,0.03687159717082977,1.7097798585891724,0.0,0.0,,135,none,B1,sac_her_pickandplace_randomized_500k
sac_her,action_delay,0,0.0,-150.0,0.0,0.35492253605282875,150,0.03687159717082977,1.7097798585891724,0.0,0.0,,136,none,B1,sac_her_pickandplace_randomized_500k
sac_her,action_delay,0,0.0,-150.0,0.0,0.35492253605282875,150,0.03687159717082977,1.7097798585891724,0.0,0.0,,137,none,B1,sac_her_pickandplace_randomized_500k
sac_her,action_delay,0,0.0,-150.0,0.0,0.35492253605282875,150,0.03687159717082977,1.7097798585891724,0.0,0.0,,138,none,B1,sac_her_pickandplace_randomized_500k
sac_her,action_delay,0,0.0,-150.0,0.0,0.35492253605282875,150,0.03687159717082977,1.7097798585891724,0.0,0.0,,139,none,B1,sac_her_pickandplace_randomized_500k
sac_her,action_delay,0,0.0,-150.0,0.0,0.35492253605282875,150,0.03687159717082977,1.7097798585891724,0.0,0.0,,140,none,B1,sac_her_pickandplace_randomized_500k
sac_her,action_delay,0,0.0,-150.0,0.0,0.35492253605282875,150,0.03687159717082977,1.7097798585891724,0.0,0.0,,141,none,B1,sac_her_pickandplace_randomized_500k
sac_her,action_delay,0,0.0,-150.0,0.0,0.35492253605282875,150,0.03687159717082977,1.7097798585891724,0.0,0.0,,142,none,B1,sac_her_pickandplace_randomized_500k
sac_her,action_delay,0,0.0,-150.0,0.0,0.35492253605282875,150,0.03687159717082977,1.7097798585891724,0.0,0.0,,143,none,B1,sac_her_pickandplace_randomized_500k
sac_her,action_delay,0,0.0,-150.0,0.0,0.35492253605282875,150,0.03687159717082977,1.7097798585891724,0.0,0.0,,144,none,B1,sac_her_pickandplace_randomized_500k
sac_her,action_delay,0,0.0,-150.0,0.0,0.35492253605282875,150,0.03687159717082977,1.7097798585891724,0.0,0.0,,145,none,B1,sac_her_pickandplace_randomized_500k
sac_her,action_delay,0,0.0,-150.0,0.0,0.35492253605282875,150,0.03687159717082977,1.7097798585891724,0.0,0.0,,146,none,B1,sac_her_pickandplace_randomized_500k
sac_her,action_delay,0,0.0,-150.0,0.0,0.35492253605282875,150,0.03687159717082977,1.7097798585891724,0.0,0.0,,147,none,B1,sac_her_pickandplace_randomized_500k
sac_her,action_delay,0,0.0,-150.0,0.0,0.35492253605282875,150,0.03687159717082977,1.7097798585891724,0.0,0.0,,148,none,B1,sac_her_pickandplace_randomized_500k
sac_her,action_delay,0,0.0,-150.0,0.0,0.35492253605282875,150,0.03687159717082977,1.7097798585891724,0.0,0.0,,149,none,B1,sac_her_pickandplace_randomized_500k
sac_her,action_reversal,0,0.0,-150.0,0.0,0.35492253605282875,150,0.03871696814894676,1.7803125381469727,0.0,0.0,,150,none,B1,sac_her_pickandplace_randomized_500k
sac_her,action_reversal,0,0.0,-150.0,0.0,0.35492253605282875,150,0.03871696814894676,1.7803125381469727,0.0,0.0,,151,none,B1,sac_her_pickandplace_randomized_500k
sac_her,action_reversal,0,0.0,-150.0,0.0,0.35492253605282875,150,0.03871696814894676,1.7803125381469727,0.0,0.0,,152,none,B1,sac_her_pickandplace_randomized_500k
sac_her,action_reversal,0,0.0,-150.0,0.0,0.35492253605282875,150,0.03871696814894676,1.7803125381469727,0.0,0.0,,153,none,B1,sac_her_pickandplace_randomized_500k
sac_her,action_reversal,0,0.0,-150.0,0.0,0.35492253605282875,150,0.03871696814894676,1.7803125381469727,0.0,0.0,,154,none,B1,sac_her_pickandplace_randomized_500k
sac_her,action_reversal,0,0.0,-150.0,0.0,0.35492253605282875,150,0.03871696814894676,1.7803125381469727,0.0,0.0,,155,none,B1,sac_her_pickandplace_randomized_500k
sac_her,action_reversal,0,0.0,-150.0,0.0,0.35492253605282875,150,0.03871696814894676,1.7803125381469727,0.0,0.0,,156,none,B1,sac_her_pickandplace_randomized_500k
sac_her,action_reversal,0,0.0,-150.0,0.0,0.35492253605282875,150,0.03871696814894676,1.7803125381469727,0.0,0.0,,157,none,B1,sac_her_pickandplace_randomized_500k
sac_her,action_reversal,0,0.0,-150.0,0.0,0.35492253605282875,150,0.03871696814894676,1.7803125381469727,0.0,0.0,,158,none,B1,sac_her_pickandplace_randomized_500k
sac_her,action_reversal,0,0.0,-150.0,0.0,0.35492253605282875,150,0.03871696814894676,1.7803125381469727,0.0,0.0,,159,none,B1,sac_her_pickandplace_randomized_500k
sac_her,action_reversal,0,0.0,-150.0,0.0,0.35492253605282875,150,0.03871696814894676,1.7803125381469727,0.0,0.0,,160,none,B1,sac_her_pickandplace_randomized_500k
sac_her,action_reversal,0,0.0,-150.0,0.0,0.35492253605282875,150,0.03871696814894676,1.7803125381469727,0.0,0.0,,161,none,B1,sac_her_pickandplace_randomized_500k
sac_her,action_reversal,0,0.0,-150.0,0.0,0.35492253605282875,150,0.03871696814894676,1.7803125381469727,0.0,0.0,,162,none,B1,sac_her_pickandplace_randomized_500k
sac_her,action_reversal,0,0.0,-150.0,0.0,0.35492253605282875,150,0.03871696814894676,1.7803125381469727,0.0,0.0,,163,none,B1,sac_her_pickandplace_randomized_500k
sac_her,action_reversal,0,0.0,-150.0,0.0,0.35492253605282875,150,0.03871696814894676,1.7803125381469727,0.0,0.0,,164,none,B1,sac_her_pickandplace_randomized_500k
sac_her,action_reversal,0,0.0,-150.0,0.0,0.35492253605282875,150,0.03871696814894676,1.7803125381469727,0.0,0.0,,165,none,B1,sac_her_pickandplace_randomized_500k
sac_her,action_reversal,0,0.0,-150.0,0.0,0.35492253605282875,150,0.03871696814894676,1.7803125381469727,0.0,0.0,,166,none,B1,sac_her_pickandplace_randomized_500k
sac_her,action_reversal,0,0.0,-150.0,0.0,0.35492253605282875,150,0.03871696814894676,1.7803125381469727,0.0,0.0,,167,none,B1,sac_her_pickandplace_randomized_500k
sac_her,action_reversal,0,0.0,-150.0,0.0,0.35492253605282875,150,0.03871696814894676,1.7803125381469727,0.0,0.0,,168,none,B1,sac_her_pickandplace_randomized_500k
sac_her,action_reversal,0,0.0,-150.0,0.0,0.35492253605282875,150,0.03871696814894676,1.7803125381469727,0.0,0.0,,169,none,B1,sac_her_pickandplace_randomized_500k
sac_her,action_reversal,0,0.0,-150.0,0.0,0.35492253605282875,150,0.03871696814894676,1.7803125381469727,0.0,0.0,,170,none,B1,sac_her_pickandplace_randomized_500k
sac_her,action_reversal,0,0.0,-150.0,0.0,0.35492253605282875,150,0.03871696814894676,1.7803125381469727,0.0,0.0,,171,none,B1,sac_her_pickandplace_randomized_500k
sac_her,action_reversal,0,0.0,-150.0,0.0,0.35492253605282875,150,0.03871696814894676,1.7803125381469727,0.0,0.0,,172,none,B1,sac_her_pickandplace_randomized_500k
sac_her,action_reversal,0,0.0,-150.0,0.0,0.35492253605282875,150,0.03871696814894676,1.7803125381469727,0.0,0.0,,173,none,B1,sac_her_pickandplace_randomized_500k
sac_her,action_reversal,0,0.0,-150.0,0.0,0.35492253605282875,150,0.03871696814894676,1.7803125381469727,0.0,0.0,,174,none,B1,sac_her_pickandplace_randomized_500k
sac_her,action_reversal,0,0.0,-150.0,0.0,0.35492253605282875,150,0.03871696814894676,1.7803125381469727,0.0,0.0,,175,none,B1,sac_her_pickandplace_randomized_500k
sac_her,action_reversal,0,0.0,-150.0,0.0,0.35492253605282875,150,0.03871696814894676,1.7803125381469727,0.0,0.0,,176,none,B1,sac_her_pickandplace_randomized_500k
sac_her,action_reversal,0,0.0,-150.0,0.0,0.35492253605282875,150,0.03871696814894676,1.7803125381469727,0.0,0.0,,177,none,B1,sac_her_pickandplace_randomized_500k
sac_her,action_reversal,0,0.0,-150.0,0.0,0.35492253605282875,150,0.03871696814894676,1.7803125381469727,0.0,0.0,,178,none,B1,sac_her_pickandplace_randomized_500k
sac_her,action_reversal,0,0.0,-150.0,0.0,0.35492253605282875,150,0.03871696814894676,1.7803125381469727,0.0,0.0,,179,none,B1,sac_her_pickandplace_randomized_500k
sac_her,goal_spoof_immediate,0,0.1,-150.0,0.0,0.35492253605282875,150,0.10217978060245514,1.6344443559646606,0.0,0.0,,180,none,B1,sac_her_pickandplace_randomized_500k
sac_her,goal_spoof_immediate,0,0.1,-150.0,0.0,0.35492253605282875,150,0.018990186974406242,1.559308409690857,0.0,0.0,,181,none,B1,sac_her_pickandplace_randomized_500k
sac_her,goal_spoof_immediate,0,0.1,-150.0,0.0,0.35492253605282875,150,0.028085758909583092,1.8351362943649292,0.0,0.0,,182,none,B1,sac_her_pickandplace_randomized_500k
sac_her,goal_spoof_immediate,0,0.1,-150.0,0.0,0.35492253605282875,150,0.017688782885670662,1.710301160812378,0.0,0.0,,183,none,B1,sac_her_pickandplace_randomized_500k
sac_her,goal_spoof_immediate,0,0.1,-150.0,0.0,0.35492253605282875,150,0.012716305442154408,1.7139794826507568,0.0,0.0,,184,none,B1,sac_her_pickandplace_randomized_500k
sac_her,goal_spoof_immediate,0,0.1,-150.0,0.0,0.35492253605282875,150,0.026006534695625305,1.677040696144104,0.0,0.0,,185,none,B1,sac_her_pickandplace_randomized_500k
sac_her,goal_spoof_immediate,0,0.1,-150.0,0.0,0.35492253605282875,150,0.02849302440881729,1.7509866952896118,0.0,0.0,,186,none,B1,sac_her_pickandplace_randomized_500k
sac_her,goal_spoof_immediate,0,0.1,-150.0,0.0,0.35492253605282875,150,0.03364555910229683,1.7387217283248901,0.0,0.0,,187,none,B1,sac_her_pickandplace_randomized_500k
sac_her,goal_spoof_immediate,0,0.1,-150.0,0.0,0.35492253605282875,150,0.02557329274713993,1.6901874542236328,0.0,0.0,,188,none,B1,sac_her_pickandplace_randomized_500k
sac_her,goal_spoof_immediate,0,0.1,-150.0,0.0,0.35492253605282875,150,0.08663066476583481,1.732909083366394,0.0,0.0,,189,none,B1,sac_her_pickandplace_randomized_500k
sac_her,goal_spoof_immediate,0,0.1,-150.0,0.0,0.35492253605282875,150,0.015297840349376202,1.6986910104751587,0.0,0.0,,190,none,B1,sac_her_pickandplace_randomized_500k
sac_her,goal_spoof_immediate,0,0.1,-150.0,0.0,0.35492253605282875,150,0.0700686052441597,1.723059892654419,0.0,0.0,,191,none,B1,sac_her_pickandplace_randomized_500k
sac_her,goal_spoof_immediate,0,0.1,-150.0,0.0,0.35492253605282875,150,0.02983391471207142,1.7796227931976318,0.0,0.0,,192,none,B1,sac_her_pickandplace_randomized_500k
sac_her,goal_spoof_immediate,0,0.1,-150.0,0.0,0.35492253605282875,150,0.02455834299325943,1.7404561042785645,0.0,0.0,,193,none,B1,sac_her_pickandplace_randomized_500k
sac_her,goal_spoof_immediate,0,0.1,-150.0,0.0,0.35492253605282875,150,0.026301035657525063,1.7859278917312622,0.0,0.0,,194,none,B1,sac_her_pickandplace_randomized_500k
sac_her,goal_spoof_immediate,0,0.1,-150.0,0.0,0.35492253605282875,150,0.026265157386660576,1.822035551071167,0.0,0.0,,195,none,B1,sac_her_pickandplace_randomized_500k
sac_her,goal_spoof_immediate,0,0.1,-150.0,0.0,0.35492253605282875,150,0.03011518158018589,1.7386409044265747,0.0,0.0,,196,none,B1,sac_her_pickandplace_randomized_500k
sac_her,goal_spoof_immediate,0,0.1,-150.0,0.0,0.35492253605282875,150,0.013284236192703247,1.6733357906341553,0.0,0.0,,197,none,B1,sac_her_pickandplace_randomized_500k
sac_her,goal_spoof_immediate,0,0.1,-150.0,0.0,0.35492253605282875,150,0.046945855021476746,1.4722983837127686,0.0,0.0,,198,none,B1,sac_her_pickandplace_randomized_500k
sac_her,goal_spoof_immediate,0,0.1,-150.0,0.0,0.35492253605282875,150,0.028129763901233673,1.8567053079605103,0.0,0.0,,199,none,B1,sac_her_pickandplace_randomized_500k
sac_her,goal_spoof_immediate,0,0.1,-150.0,0.0,0.35492253605282875,150,0.016371140256524086,1.6969914436340332,0.0,0.0,,200,none,B1,sac_her_pickandplace_randomized_500k
sac_her,goal_spoof_immediate,0,0.1,-150.0,0.0,0.35492253605282875,150,0.01333716418594122,1.6962552070617676,0.0,0.0,,201,none,B1,sac_her_pickandplace_randomized_500k
sac_her,goal_spoof_immediate,0,0.1,-150.0,0.0,0.35492253605282875,150,0.020426055416464806,1.7016726732254028,0.0,0.0,,202,none,B1,sac_her_pickandplace_randomized_500k
sac_her,goal_spoof_immediate,0,0.1,-150.0,0.0,0.35492253605282875,150,0.027691790834069252,1.8070807456970215,0.0,0.0,,203,none,B1,sac_her_pickandplace_randomized_500k
sac_her,goal_spoof_immediate,0,0.1,-150.0,0.0,0.35492253605282875,150,0.10066546499729156,1.659704327583313,0.0,0.0,,204,none,B1,sac_her_pickandplace_randomized_500k
sac_her,goal_spoof_immediate,0,0.1,-150.0,0.0,0.35492253605282875,150,0.03392890840768814,1.7695308923721313,0.0,0.0,,205,none,B1,sac_her_pickandplace_randomized_500k
sac_her,goal_spoof_immediate,0,0.1,-150.0,0.0,0.35492253605282875,150,0.022424764931201935,1.6885511875152588,0.0,0.0,,206,none,B1,sac_her_pickandplace_randomized_500k
sac_her,goal_spoof_immediate,0,0.1,-150.0,0.0,0.35492253605282875,150,0.030722657218575478,1.360077977180481,0.0,0.0,,207,none,B1,sac_her_pickandplace_randomized_500k
sac_her,goal_spoof_immediate,0,0.1,-150.0,0.0,0.35492253605282875,150,0.07004709541797638,1.743981957435608,0.0,0.0,,208,none,B1,sac_her_pickandplace_randomized_500k
sac_her,goal_spoof_immediate,0,0.1,-150.0,0.0,0.35492253605282875,150,0.028629245236516,1.7919856309890747,0.0,0.0,,209,none,B1,sac_her_pickandplace_randomized_500k
sac_her,goal_spoof_midep,0,0.1,-150.0,0.0,0.35492253605282875,150,0.04173564910888672,1.6221060752868652,0.0,0.0,,210,none,B1,sac_her_pickandplace_randomized_500k
sac_her,goal_spoof_midep,0,0.1,-150.0,0.0,0.35492253605282875,150,0.0262712761759758,1.7135957479476929,0.0,0.0,,211,none,B1,sac_her_pickandplace_randomized_500k
sac_her,goal_spoof_midep,0,0.1,-150.0,0.0,0.35492253605282875,150,0.026450252160429955,1.7098578214645386,0.0,0.0,,212,none,B1,sac_her_pickandplace_randomized_500k
sac_her,goal_spoof_midep,0,0.1,-150.0,0.0,0.35492253605282875,150,0.04010476544499397,1.5800050497055054,0.0,0.0,,213,none,B1,sac_her_pickandplace_randomized_500k
sac_her,goal_spoof_midep,0,0.1,-150.0,0.0,0.35492253605282875,150,0.027380038052797318,1.7289175987243652,0.0,0.0,,214,none,B1,sac_her_pickandplace_randomized_500k
sac_her,goal_spoof_midep,0,0.1,-150.0,0.0,0.35492253605282875,150,0.03494363650679588,1.6475334167480469,0.0,0.0,,215,none,B1,sac_her_pickandplace_randomized_500k
sac_her,goal_spoof_midep,0,0.1,-150.0,0.0,0.35492253605282875,150,0.030681801959872246,1.6500669717788696,0.0,0.0,,216,none,B1,sac_her_pickandplace_randomized_500k
sac_her,goal_spoof_midep,0,0.1,-150.0,0.0,0.35492253605282875,150,0.14344196021556854,1.7264485359191895,0.0,0.0,,217,none,B1,sac_her_pickandplace_randomized_500k
sac_her,goal_spoof_midep,0,0.1,-150.0,0.0,0.35492253605282875,150,0.026765022426843643,1.8005818128585815,0.0,0.0,,218,none,B1,sac_her_pickandplace_randomized_500k
sac_her,goal_spoof_midep,0,0.1,-150.0,0.0,0.35492253605282875,150,0.026287401095032692,1.759800672531128,0.0,0.0,,219,none,B1,sac_her_pickandplace_randomized_500k
sac_her,goal_spoof_midep,0,0.1,-150.0,0.0,0.35492253605282875,150,0.02888505719602108,1.6764100790023804,0.0,0.0,,220,none,B1,sac_her_pickandplace_randomized_500k
sac_her,goal_spoof_midep,0,0.1,-150.0,0.0,0.35492253605282875,150,0.026200374588370323,1.7552437782287598,0.0,0.0,,221,none,B1,sac_her_pickandplace_randomized_500k
sac_her,goal_spoof_midep,0,0.1,-150.0,0.0,0.35492253605282875,150,0.027696721255779266,1.7163901329040527,0.0,0.0,,222,none,B1,sac_her_pickandplace_randomized_500k
sac_her,goal_spoof_midep,0,0.1,-150.0,0.0,0.35492253605282875,150,0.02806350588798523,1.8519165515899658,0.0,0.0,,223,none,B1,sac_her_pickandplace_randomized_500k
sac_her,goal_spoof_midep,0,0.1,-150.0,0.0,0.35492253605282875,150,0.02624414674937725,1.7707605361938477,0.0,0.0,,224,none,B1,sac_her_pickandplace_randomized_500k
sac_her,goal_spoof_midep,0,0.1,-150.0,0.0,0.35492253605282875,150,0.032799139618873596,1.6751712560653687,0.0,0.0,,225,none,B1,sac_her_pickandplace_randomized_500k
sac_her,goal_spoof_midep,0,0.1,-150.0,0.0,0.35492253605282875,150,0.026565102860331535,1.780808925628662,0.0,0.0,,226,none,B1,sac_her_pickandplace_randomized_500k
sac_her,goal_spoof_midep,0,0.1,-150.0,0.0,0.35492253605282875,150,0.026884904131293297,1.7781832218170166,0.0,0.0,,227,none,B1,sac_her_pickandplace_randomized_500k
sac_her,goal_spoof_midep,0,0.1,-150.0,0.0,0.35492253605282875,150,0.026836421340703964,1.7466522455215454,0.0,0.0,,228,none,B1,sac_her_pickandplace_randomized_500k
sac_her,goal_spoof_midep,0,0.1,-150.0,0.0,0.35492253605282875,150,0.03298570215702057,1.6489559412002563,0.0,0.0,,229,none,B1,sac_her_pickandplace_randomized_500k
sac_her,goal_spoof_midep,0,0.1,-150.0,0.0,0.35492253605282875,150,0.026667045429348946,1.7709730863571167,0.0,0.0,,230,none,B1,sac_her_pickandplace_randomized_500k
sac_her,goal_spoof_midep,0,0.1,-150.0,0.0,0.35492253605282875,150,0.025923188775777817,1.772890567779541,0.0,0.0,,231,none,B1,sac_her_pickandplace_randomized_500k
sac_her,goal_spoof_midep,0,0.1,-150.0,0.0,0.35492253605282875,150,0.029212266206741333,1.721638560295105,0.0,0.0,,232,none,B1,sac_her_pickandplace_randomized_500k
sac_her,goal_spoof_midep,0,0.1,-150.0,0.0,0.35492253605282875,150,0.026827285066246986,1.7818080186843872,0.0,0.0,,233,none,B1,sac_her_pickandplace_randomized_500k
sac_her,goal_spoof_midep,0,0.1,-150.0,0.0,0.35492253605282875,150,0.02526797540485859,1.7111185789108276,0.0,0.0,,234,none,B1,sac_her_pickandplace_randomized_500k
sac_her,goal_spoof_midep,0,0.1,-150.0,0.0,0.35492253605282875,150,0.026571638882160187,1.722537875175476,0.0,0.0,,235,none,B1,sac_her_pickandplace_randomized_500k
sac_her,goal_spoof_midep,0,0.1,-150.0,0.0,0.35492253605282875,150,0.02764330618083477,1.7094472646713257,0.0,0.0,,236,none,B1,sac_her_pickandplace_randomized_500k
sac_her,goal_spoof_midep,0,0.1,-150.0,0.0,0.35492253605282875,150,0.02675549127161503,1.7813724279403687,0.0,0.0,,237,none,B1,sac_her_pickandplace_randomized_500k
sac_her,goal_spoof_midep,0,0.1,-150.0,0.0,0.35492253605282875,150,0.02697664685547352,1.7140120267868042,0.0,0.0,,238,none,B1,sac_her_pickandplace_randomized_500k
sac_her,goal_spoof_midep,0,0.1,-150.0,0.0,0.35492253605282875,150,0.025707058608531952,1.7525980472564697,0.0,0.0,,239,none,B1,sac_her_pickandplace_randomized_500k
sac_her,object_pose_spoof,0,0.1,-150.0,0.0,0.35492253605282875,150,0.015551680698990822,1.3811235427856445,0.0,0.0,,240,none,B1,sac_her_pickandplace_randomized_500k
sac_her,object_pose_spoof,0,0.1,-150.0,0.0,0.35492253605282875,150,0.014700207859277725,1.6773470640182495,0.0,0.0,,241,none,B1,sac_her_pickandplace_randomized_500k
sac_her,object_pose_spoof,0,0.1,-150.0,0.0,0.35492253605282875,150,0.014697861857712269,1.6727043390274048,0.0,0.0,,242,none,B1,sac_her_pickandplace_randomized_500k
sac_her,object_pose_spoof,0,0.1,-150.0,0.0,0.35492253605282875,150,0.019562147557735443,1.7225123643875122,0.0,0.0,,243,none,B1,sac_her_pickandplace_randomized_500k
sac_her,object_pose_spoof,0,0.1,-150.0,0.0,0.35492253605282875,150,0.042032390832901,1.4271525144577026,0.0,0.0,,244,none,B1,sac_her_pickandplace_randomized_500k
sac_her,object_pose_spoof,0,0.1,-150.0,0.0,0.35492253605282875,150,0.03222978115081787,1.7603955268859863,0.0,0.0,,245,none,B1,sac_her_pickandplace_randomized_500k
sac_her,object_pose_spoof,0,0.1,-150.0,0.0,0.35492253605282875,150,0.03419165685772896,1.807420015335083,0.0,0.0,,246,none,B1,sac_her_pickandplace_randomized_500k
sac_her,object_pose_spoof,0,0.1,-150.0,0.0,0.35492253605282875,150,0.051510754972696304,1.7731423377990723,0.0,0.0,,247,none,B1,sac_her_pickandplace_randomized_500k
sac_her,object_pose_spoof,0,0.1,-150.0,0.0,0.35492253605282875,150,0.02843838930130005,1.3756921291351318,0.0,0.0,,248,none,B1,sac_her_pickandplace_randomized_500k
sac_her,object_pose_spoof,0,0.1,-150.0,0.0,0.35492253605282875,150,0.03982670232653618,1.783897042274475,0.0,0.0,,249,none,B1,sac_her_pickandplace_randomized_500k
sac_her,object_pose_spoof,0,0.1,-150.0,0.0,0.35492253605282875,150,0.013996485620737076,1.6705316305160522,0.0,0.0,,250,none,B1,sac_her_pickandplace_randomized_500k
sac_her,object_pose_spoof,0,0.1,-150.0,0.0,0.35492253605282875,150,0.04685458913445473,1.9326859712600708,0.0,0.0,,251,none,B1,sac_her_pickandplace_randomized_500k
sac_her,object_pose_spoof,0,0.1,-150.0,0.0,0.35492253605282875,150,0.03226928040385246,1.8714617490768433,0.0,0.0,,252,none,B1,sac_her_pickandplace_randomized_500k
sac_her,object_pose_spoof,0,0.1,-150.0,0.0,0.35492253605282875,150,0.00921239610761404,1.746404767036438,0.0,0.0,,253,none,B1,sac_her_pickandplace_randomized_500k
sac_her,object_pose_spoof,0,0.1,-150.0,0.0,0.35492253605282875,150,0.04547378420829773,1.9159741401672363,0.0,0.0,,254,none,B1,sac_her_pickandplace_randomized_500k
sac_her,object_pose_spoof,0,0.1,-150.0,0.0,0.35492253605282875,150,0.02376684546470642,1.7446614503860474,0.0,0.0,,255,none,B1,sac_her_pickandplace_randomized_500k
sac_her,object_pose_spoof,0,0.1,-150.0,0.0,0.35492253605282875,150,0.025905534625053406,1.814945936203003,0.0,0.0,,256,none,B1,sac_her_pickandplace_randomized_500k
sac_her,object_pose_spoof,0,0.1,-150.0,0.0,0.35492253605282875,150,0.031588632613420486,1.6565618515014648,0.0,0.0,,257,none,B1,sac_her_pickandplace_randomized_500k
sac_her,object_pose_spoof,0,0.1,-150.0,0.0,0.35492253605282875,150,0.0267131719738245,1.7787026166915894,0.0,0.0,,258,none,B1,sac_her_pickandplace_randomized_500k
sac_her,object_pose_spoof,0,0.1,-150.0,0.0,0.35492253605282875,150,0.04529847577214241,1.8807342052459717,0.0,0.0,,259,none,B1,sac_her_pickandplace_randomized_500k
sac_her,object_pose_spoof,0,0.1,-150.0,0.0,0.35492253605282875,150,0.017167024314403534,1.7941967248916626,0.0,0.0,,260,none,B1,sac_her_pickandplace_randomized_500k
sac_her,object_pose_spoof,0,0.1,-150.0,0.0,0.35492253605282875,150,0.0345490388572216,1.8431710004806519,0.0,0.0,,261,none,B1,sac_her_pickandplace_randomized_500k
sac_her,object_pose_spoof,0,0.1,-150.0,0.0,0.35492253605282875,150,0.013838090002536774,1.6871448755264282,0.0,0.0,,262,none,B1,sac_her_pickandplace_randomized_500k
sac_her,object_pose_spoof,0,0.1,-150.0,0.0,0.35492253605282875,150,0.05695337802171707,1.925615668296814,0.0,0.0,,263,none,B1,sac_her_pickandplace_randomized_500k
sac_her,object_pose_spoof,0,0.1,-150.0,0.0,0.35492253605282875,150,0.05136554688215256,1.8588142395019531,0.0,0.0,,264,none,B1,sac_her_pickandplace_randomized_500k
sac_her,object_pose_spoof,0,0.1,-150.0,0.0,0.35492253605282875,150,0.018771030008792877,1.7023077011108398,0.0,0.0,,265,none,B1,sac_her_pickandplace_randomized_500k
sac_her,object_pose_spoof,0,0.1,-150.0,0.0,0.35492253605282875,150,0.03478197380900383,1.8241544961929321,0.0,0.0,,266,none,B1,sac_her_pickandplace_randomized_500k
sac_her,object_pose_spoof,0,0.1,-150.0,0.0,0.35492253605282875,150,0.028688978403806686,1.628362774848938,0.0,0.0,,267,none,B1,sac_her_pickandplace_randomized_500k
sac_her,object_pose_spoof,0,0.1,-150.0,0.0,0.35492253605282875,150,0.04811997339129448,1.8596528768539429,0.0,0.0,,268,none,B1,sac_her_pickandplace_randomized_500k
sac_her,object_pose_spoof,0,0.1,-150.0,0.0,0.35492253605282875,150,0.023333026096224785,1.6309977769851685,0.0,0.0,,269,none,B1,sac_her_pickandplace_randomized_500k
sac_her,grip_state_falsification,0,0.0,-150.0,0.0,0.35492253605282875,150,0.01488886121660471,1.758296251296997,0.0,0.0,,270,none,B1,sac_her_pickandplace_randomized_500k
sac_her,grip_state_falsification,0,0.0,-150.0,0.0,0.35492253605282875,150,0.01488886121660471,1.758296251296997,0.0,0.0,,271,none,B1,sac_her_pickandplace_randomized_500k
sac_her,grip_state_falsification,0,0.0,-150.0,0.0,0.35492253605282875,150,0.01488886121660471,1.758296251296997,0.0,0.0,,272,none,B1,sac_her_pickandplace_randomized_500k
sac_her,grip_state_falsification,0,0.0,-150.0,0.0,0.35492253605282875,150,0.01488886121660471,1.758296251296997,0.0,0.0,,273,none,B1,sac_her_pickandplace_randomized_500k
sac_her,grip_state_falsification,0,0.0,-150.0,0.0,0.35492253605282875,150,0.01488886121660471,1.758296251296997,0.0,0.0,,274,none,B1,sac_her_pickandplace_randomized_500k
sac_her,grip_state_falsification,0,0.0,-150.0,0.0,0.35492253605282875,150,0.01488886121660471,1.758296251296997,0.0,0.0,,275,none,B1,sac_her_pickandplace_randomized_500k
sac_her,grip_state_falsification,0,0.0,-150.0,0.0,0.35492253605282875,150,0.01488886121660471,1.758296251296997,0.0,0.0,,276,none,B1,sac_her_pickandplace_randomized_500k
sac_her,grip_state_falsification,0,0.0,-150.0,0.0,0.35492253605282875,150,0.01488886121660471,1.758296251296997,0.0,0.0,,277,none,B1,sac_her_pickandplace_randomized_500k
sac_her,grip_state_falsification,0,0.0,-150.0,0.0,0.35492253605282875,150,0.01488886121660471,1.758296251296997,0.0,0.0,,278,none,B1,sac_her_pickandplace_randomized_500k
sac_her,grip_state_falsification,0,0.0,-150.0,0.0,0.35492253605282875,150,0.01488886121660471,1.758296251296997,0.0,0.0,,279,none,B1,sac_her_pickandplace_randomized_500k
sac_her,grip_state_falsification,0,0.0,-150.0,0.0,0.35492253605282875,150,0.01488886121660471,1.758296251296997,0.0,0.0,,280,none,B1,sac_her_pickandplace_randomized_500k
sac_her,grip_state_falsification,0,0.0,-150.0,0.0,0.35492253605282875,150,0.01488886121660471,1.758296251296997,0.0,0.0,,281,none,B1,sac_her_pickandplace_randomized_500k
sac_her,grip_state_falsification,0,0.0,-150.0,0.0,0.35492253605282875,150,0.01488886121660471,1.758296251296997,0.0,0.0,,282,none,B1,sac_her_pickandplace_randomized_500k
sac_her,grip_state_falsification,0,0.0,-150.0,0.0,0.35492253605282875,150,0.01488886121660471,1.758296251296997,0.0,0.0,,283,none,B1,sac_her_pickandplace_randomized_500k
sac_her,grip_state_falsification,0,0.0,-150.0,0.0,0.35492253605282875,150,0.01488886121660471,1.758296251296997,0.0,0.0,,284,none,B1,sac_her_pickandplace_randomized_500k
sac_her,grip_state_falsification,0,0.0,-150.0,0.0,0.35492253605282875,150,0.01488886121660471,1.758296251296997,0.0,0.0,,285,none,B1,sac_her_pickandplace_randomized_500k
sac_her,grip_state_falsification,0,0.0,-150.0,0.0,0.35492253605282875,150,0.01488886121660471,1.758296251296997,0.0,0.0,,286,none,B1,sac_her_pickandplace_randomized_500k
sac_her,grip_state_falsification,0,0.0,-150.0,0.0,0.35492253605282875,150,0.01488886121660471,1.758296251296997,0.0,0.0,,287,none,B1,sac_her_pickandplace_randomized_500k
sac_her,grip_state_falsification,0,0.0,-150.0,0.0,0.35492253605282875,150,0.01488886121660471,1.758296251296997,0.0,0.0,,288,none,B1,sac_her_pickandplace_randomized_500k
sac_her,grip_state_falsification,0,0.0,-150.0,0.0,0.35492253605282875,150,0.01488886121660471,1.758296251296997,0.0,0.0,,289,none,B1,sac_her_pickandplace_randomized_500k
sac_her,grip_state_falsification,0,0.0,-150.0,0.0,0.35492253605282875,150,0.01488886121660471,1.758296251296997,0.0,0.0,,290,none,B1,sac_her_pickandplace_randomized_500k
sac_her,grip_state_falsification,0,0.0,-150.0,0.0,0.35492253605282875,150,0.01488886121660471,1.758296251296997,0.0,0.0,,291,none,B1,sac_her_pickandplace_randomized_500k
sac_her,grip_state_falsification,0,0.0,-150.0,0.0,0.35492253605282875,150,0.01488886121660471,1.758296251296997,0.0,0.0,,292,none,B1,sac_her_pickandplace_randomized_500k
sac_her,grip_state_falsification,0,0.0,-150.0,0.0,0.35492253605282875,150,0.01488886121660471,1.758296251296997,0.0,0.0,,293,none,B1,sac_her_pickandplace_randomized_500k
sac_her,grip_state_falsification,0,0.0,-150.0,0.0,0.35492253605282875,150,0.01488886121660471,1.758296251296997,0.0,0.0,,294,none,B1,sac_her_pickandplace_randomized_500k
sac_her,grip_state_falsification,0,0.0,-150.0,0.0,0.35492253605282875,150,0.01488886121660471,1.758296251296997,0.0,0.0,,295,none,B1,sac_her_pickandplace_randomized_500k
sac_her,grip_state_falsification,0,0.0,-150.0,0.0,0.35492253605282875,150,0.01488886121660471,1.758296251296997,0.0,0.0,,296,none,B1,sac_her_pickandplace_randomized_500k
sac_her,grip_state_falsification,0,0.0,-150.0,0.0,0.35492253605282875,150,0.01488886121660471,1.758296251296997,0.0,0.0,,297,none,B1,sac_her_pickandplace_randomized_500k
sac_her,grip_state_falsification,0,0.0,-150.0,0.0,0.35492253605282875,150,0.01488886121660471,1.758296251296997,0.0,0.0,,298,none,B1,sac_her_pickandplace_randomized_500k
sac_her,grip_state_falsification,0,0.0,-150.0,0.0,0.35492253605282875,150,0.01488886121660471,1.758296251296997,0.0,0.0,,299,none,B1,sac_her_pickandplace_randomized_500k
sac_her,contact_dropout,0,0.0,-150.0,0.0,0.35492253605282875,150,0.03315882012248039,1.5107779502868652,0.0,0.0,,300,none,B1,sac_her_pickandplace_randomized_500k
sac_her,contact_dropout,0,0.0,-150.0,0.0,0.35492253605282875,150,0.03315882012248039,1.5107779502868652,0.0,0.0,,301,none,B1,sac_her_pickandplace_randomized_500k
sac_her,contact_dropout,0,0.0,-150.0,0.0,0.35492253605282875,150,0.03315882012248039,1.5107779502868652,0.0,0.0,,302,none,B1,sac_her_pickandplace_randomized_500k
sac_her,contact_dropout,0,0.0,-150.0,0.0,0.35492253605282875,150,0.03315882012248039,1.5107779502868652,0.0,0.0,,303,none,B1,sac_her_pickandplace_randomized_500k
sac_her,contact_dropout,0,0.0,-150.0,0.0,0.35492253605282875,150,0.03315882012248039,1.5107779502868652,0.0,0.0,,304,none,B1,sac_her_pickandplace_randomized_500k
sac_her,contact_dropout,0,0.0,-150.0,0.0,0.35492253605282875,150,0.03315882012248039,1.5107779502868652,0.0,0.0,,305,none,B1,sac_her_pickandplace_randomized_500k
sac_her,contact_dropout,0,0.0,-150.0,0.0,0.35492253605282875,150,0.03315882012248039,1.5107779502868652,0.0,0.0,,306,none,B1,sac_her_pickandplace_randomized_500k
sac_her,contact_dropout,0,0.0,-150.0,0.0,0.35492253605282875,150,0.03315882012248039,1.5107779502868652,0.0,0.0,,307,none,B1,sac_her_pickandplace_randomized_500k
sac_her,contact_dropout,0,0.0,-150.0,0.0,0.35492253605282875,150,0.03315882012248039,1.5107779502868652,0.0,0.0,,308,none,B1,sac_her_pickandplace_randomized_500k
sac_her,contact_dropout,0,0.0,-150.0,0.0,0.35492253605282875,150,0.03315882012248039,1.5107779502868652,0.0,0.0,,309,none,B1,sac_her_pickandplace_randomized_500k
sac_her,contact_dropout,0,0.0,-150.0,0.0,0.35492253605282875,150,0.03315882012248039,1.5107779502868652,0.0,0.0,,310,none,B1,sac_her_pickandplace_randomized_500k
sac_her,contact_dropout,0,0.0,-150.0,0.0,0.35492253605282875,150,0.03315882012248039,1.5107779502868652,0.0,0.0,,311,none,B1,sac_her_pickandplace_randomized_500k
sac_her,contact_dropout,0,0.0,-150.0,0.0,0.35492253605282875,150,0.03315882012248039,1.5107779502868652,0.0,0.0,,312,none,B1,sac_her_pickandplace_randomized_500k
sac_her,contact_dropout,0,0.0,-150.0,0.0,0.35492253605282875,150,0.03315882012248039,1.5107779502868652,0.0,0.0,,313,none,B1,sac_her_pickandplace_randomized_500k
sac_her,contact_dropout,0,0.0,-150.0,0.0,0.35492253605282875,150,0.03315882012248039,1.5107779502868652,0.0,0.0,,314,none,B1,sac_her_pickandplace_randomized_500k
sac_her,contact_dropout,0,0.0,-150.0,0.0,0.35492253605282875,150,0.03315882012248039,1.5107779502868652,0.0,0.0,,315,none,B1,sac_her_pickandplace_randomized_500k
sac_her,contact_dropout,0,0.0,-150.0,0.0,0.35492253605282875,150,0.03315882012248039,1.5107779502868652,0.0,0.0,,316,none,B1,sac_her_pickandplace_randomized_500k
sac_her,contact_dropout,0,0.0,-150.0,0.0,0.35492253605282875,150,0.03315882012248039,1.5107779502868652,0.0,0.0,,317,none,B1,sac_her_pickandplace_randomized_500k
sac_her,contact_dropout,0,0.0,-150.0,0.0,0.35492253605282875,150,0.03315882012248039,1.5107779502868652,0.0,0.0,,318,none,B1,sac_her_pickandplace_randomized_500k
sac_her,contact_dropout,0,0.0,-150.0,0.0,0.35492253605282875,150,0.03315882012248039,1.5107779502868652,0.0,0.0,,319,none,B1,sac_her_pickandplace_randomized_500k
sac_her,contact_dropout,0,0.0,-150.0,0.0,0.35492253605282875,150,0.03315882012248039,1.5107779502868652,0.0,0.0,,320,none,B1,sac_her_pickandplace_randomized_500k
sac_her,contact_dropout,0,0.0,-150.0,0.0,0.35492253605282875,150,0.03315882012248039,1.5107779502868652,0.0,0.0,,321,none,B1,sac_her_pickandplace_randomized_500k
sac_her,contact_dropout,0,0.0,-150.0,0.0,0.35492253605282875,150,0.03315882012248039,1.5107779502868652,0.0,0.0,,322,none,B1,sac_her_pickandplace_randomized_500k
sac_her,contact_dropout,0,0.0,-150.0,0.0,0.35492253605282875,150,0.03315882012248039,1.5107779502868652,0.0,0.0,,323,none,B1,sac_her_pickandplace_randomized_500k
sac_her,contact_dropout,0,0.0,-150.0,0.0,0.35492253605282875,150,0.03315882012248039,1.5107779502868652,0.0,0.0,,324,none,B1,sac_her_pickandplace_randomized_500k
sac_her,contact_dropout,0,0.0,-150.0,0.0,0.35492253605282875,150,0.03315882012248039,1.5107779502868652,0.0,0.0,,325,none,B1,sac_her_pickandplace_randomized_500k
sac_her,contact_dropout,0,0.0,-150.0,0.0,0.35492253605282875,150,0.03315882012248039,1.5107779502868652,0.0,0.0,,326,none,B1,sac_her_pickandplace_randomized_500k
sac_her,contact_dropout,0,0.0,-150.0,0.0,0.35492253605282875,150,0.03315882012248039,1.5107779502868652,0.0,0.0,,327,none,B1,sac_her_pickandplace_randomized_500k
sac_her,contact_dropout,0,0.0,-150.0,0.0,0.35492253605282875,150,0.03315882012248039,1.5107779502868652,0.0,0.0,,328,none,B1,sac_her_pickandplace_randomized_500k
sac_her,contact_dropout,0,0.0,-150.0,0.0,0.35492253605282875,150,0.03315882012248039,1.5107779502868652,0.0,0.0,,329,none,B1,sac_her_pickandplace_randomized_500k
sac_her,clean,1,0.0,-150.0,0.0,0.3884547695970575,150,0.042650964111089706,1.2975634336471558,0.0,0.0,,330,none,B0,sac_her_pickandplace_randomized_500k
sac_her,clean,1,0.0,-150.0,0.0,0.3884547695970575,150,0.042650964111089706,1.2975634336471558,0.0,0.0,,331,none,B0,sac_her_pickandplace_randomized_500k
sac_her,clean,1,0.0,-150.0,0.0,0.3884547695970575,150,0.042650964111089706,1.2975634336471558,0.0,0.0,,332,none,B0,sac_her_pickandplace_randomized_500k
sac_her,clean,1,0.0,-150.0,0.0,0.3884547695970575,150,0.042650964111089706,1.2975634336471558,0.0,0.0,,333,none,B0,sac_her_pickandplace_randomized_500k
sac_her,clean,1,0.0,-150.0,0.0,0.3884547695970575,150,0.042650964111089706,1.2975634336471558,0.0,0.0,,334,none,B0,sac_her_pickandplace_randomized_500k
sac_her,clean,1,0.0,-150.0,0.0,0.3884547695970575,150,0.042650964111089706,1.2975634336471558,0.0,0.0,,335,none,B0,sac_her_pickandplace_randomized_500k
sac_her,clean,1,0.0,-150.0,0.0,0.3884547695970575,150,0.042650964111089706,1.2975634336471558,0.0,0.0,,336,none,B0,sac_her_pickandplace_randomized_500k
sac_her,clean,1,0.0,-150.0,0.0,0.3884547695970575,150,0.042650964111089706,1.2975634336471558,0.0,0.0,,337,none,B0,sac_her_pickandplace_randomized_500k
sac_her,clean,1,0.0,-150.0,0.0,0.3884547695970575,150,0.042650964111089706,1.2975634336471558,0.0,0.0,,338,none,B0,sac_her_pickandplace_randomized_500k
sac_her,clean,1,0.0,-150.0,0.0,0.3884547695970575,150,0.042650964111089706,1.2975634336471558,0.0,0.0,,339,none,B0,sac_her_pickandplace_randomized_500k
sac_her,clean,1,0.0,-150.0,0.0,0.3884547695970575,150,0.042650964111089706,1.2975634336471558,0.0,0.0,,340,none,B0,sac_her_pickandplace_randomized_500k
sac_her,clean,1,0.0,-150.0,0.0,0.3884547695970575,150,0.042650964111089706,1.2975634336471558,0.0,0.0,,341,none,B0,sac_her_pickandplace_randomized_500k
sac_her,clean,1,0.0,-150.0,0.0,0.3884547695970575,150,0.042650964111089706,1.2975634336471558,0.0,0.0,,342,none,B0,sac_her_pickandplace_randomized_500k
sac_her,clean,1,0.0,-150.0,0.0,0.3884547695970575,150,0.042650964111089706,1.2975634336471558,0.0,0.0,,343,none,B0,sac_her_pickandplace_randomized_500k
sac_her,clean,1,0.0,-150.0,0.0,0.3884547695970575,150,0.042650964111089706,1.2975634336471558,0.0,0.0,,344,none,B0,sac_her_pickandplace_randomized_500k
sac_her,clean,1,0.0,-150.0,0.0,0.3884547695970575,150,0.042650964111089706,1.2975634336471558,0.0,0.0,,345,none,B0,sac_her_pickandplace_randomized_500k
sac_her,clean,1,0.0,-150.0,0.0,0.3884547695970575,150,0.042650964111089706,1.2975634336471558,0.0,0.0,,346,none,B0,sac_her_pickandplace_randomized_500k
sac_her,clean,1,0.0,-150.0,0.0,0.3884547695970575,150,0.042650964111089706,1.2975634336471558,0.0,0.0,,347,none,B0,sac_her_pickandplace_randomized_500k
sac_her,clean,1,0.0,-150.0,0.0,0.3884547695970575,150,0.042650964111089706,1.2975634336471558,0.0,0.0,,348,none,B0,sac_her_pickandplace_randomized_500k
sac_her,clean,1,0.0,-150.0,0.0,0.3884547695970575,150,0.042650964111089706,1.2975634336471558,0.0,0.0,,349,none,B0,sac_her_pickandplace_randomized_500k
sac_her,clean,1,0.0,-150.0,0.0,0.3884547695970575,150,0.042650964111089706,1.2975634336471558,0.0,0.0,,350,none,B0,sac_her_pickandplace_randomized_500k
sac_her,clean,1,0.0,-150.0,0.0,0.3884547695970575,150,0.042650964111089706,1.2975634336471558,0.0,0.0,,351,none,B0,sac_her_pickandplace_randomized_500k
sac_her,clean,1,0.0,-150.0,0.0,0.3884547695970575,150,0.042650964111089706,1.2975634336471558,0.0,0.0,,352,none,B0,sac_her_pickandplace_randomized_500k
sac_her,clean,1,0.0,-150.0,0.0,0.3884547695970575,150,0.042650964111089706,1.2975634336471558,0.0,0.0,,353,none,B0,sac_her_pickandplace_randomized_500k
sac_her,clean,1,0.0,-150.0,0.0,0.3884547695970575,150,0.042650964111089706,1.2975634336471558,0.0,0.0,,354,none,B0,sac_her_pickandplace_randomized_500k
sac_her,clean,1,0.0,-150.0,0.0,0.3884547695970575,150,0.042650964111089706,1.2975634336471558,0.0,0.0,,355,none,B0,sac_her_pickandplace_randomized_500k
sac_her,clean,1,0.0,-150.0,0.0,0.3884547695970575,150,0.042650964111089706,1.2975634336471558,0.0,0.0,,356,none,B0,sac_her_pickandplace_randomized_500k
sac_her,clean,1,0.0,-150.0,0.0,0.3884547695970575,150,0.042650964111089706,1.2975634336471558,0.0,0.0,,357,none,B0,sac_her_pickandplace_randomized_500k
sac_her,clean,1,0.0,-150.0,0.0,0.3884547695970575,150,0.042650964111089706,1.2975634336471558,0.0,0.0,,358,none,B0,sac_her_pickandplace_randomized_500k
sac_her,clean,1,0.0,-150.0,0.0,0.3884547695970575,150,0.042650964111089706,1.2975634336471558,0.0,0.0,,359,none,B0,sac_her_pickandplace_randomized_500k
sac_her,sensor_dropout,1,0.0,-150.0,0.0,0.3884547695970575,150,4.543480702778879e-09,1.4422999620437622,0.0,0.0,,360,none,B1,sac_her_pickandplace_randomized_500k
sac_her,sensor_dropout,1,0.0,-150.0,0.0,0.3884547695970575,150,4.543480702778879e-09,1.4422999620437622,0.0,0.0,,361,none,B1,sac_her_pickandplace_randomized_500k
sac_her,sensor_dropout,1,0.0,-150.0,0.0,0.3884547695970575,150,4.543480702778879e-09,1.4422999620437622,0.0,0.0,,362,none,B1,sac_her_pickandplace_randomized_500k
sac_her,sensor_dropout,1,0.0,-150.0,0.0,0.3884547695970575,150,4.543480702778879e-09,1.4422999620437622,0.0,0.0,,363,none,B1,sac_her_pickandplace_randomized_500k
sac_her,sensor_dropout,1,0.0,-150.0,0.0,0.3884547695970575,150,4.543480702778879e-09,1.4422999620437622,0.0,0.0,,364,none,B1,sac_her_pickandplace_randomized_500k
sac_her,sensor_dropout,1,0.0,-150.0,0.0,0.3884547695970575,150,4.543480702778879e-09,1.4422999620437622,0.0,0.0,,365,none,B1,sac_her_pickandplace_randomized_500k
sac_her,sensor_dropout,1,0.0,-150.0,0.0,0.3884547695970575,150,4.543480702778879e-09,1.4422999620437622,0.0,0.0,,366,none,B1,sac_her_pickandplace_randomized_500k
sac_her,sensor_dropout,1,0.0,-150.0,0.0,0.3884547695970575,150,4.543480702778879e-09,1.4422999620437622,0.0,0.0,,367,none,B1,sac_her_pickandplace_randomized_500k
sac_her,sensor_dropout,1,0.0,-150.0,0.0,0.3884547695970575,150,4.543480702778879e-09,1.4422999620437622,0.0,0.0,,368,none,B1,sac_her_pickandplace_randomized_500k
sac_her,sensor_dropout,1,0.0,-150.0,0.0,0.3884547695970575,150,4.543480702778879e-09,1.4422999620437622,0.0,0.0,,369,none,B1,sac_her_pickandplace_randomized_500k
sac_her,sensor_dropout,1,0.0,-150.0,0.0,0.3884547695970575,150,4.543480702778879e-09,1.4422999620437622,0.0,0.0,,370,none,B1,sac_her_pickandplace_randomized_500k
sac_her,sensor_dropout,1,0.0,-150.0,0.0,0.3884547695970575,150,4.543480702778879e-09,1.4422999620437622,0.0,0.0,,371,none,B1,sac_her_pickandplace_randomized_500k
sac_her,sensor_dropout,1,0.0,-150.0,0.0,0.3884547695970575,150,4.543480702778879e-09,1.4422999620437622,0.0,0.0,,372,none,B1,sac_her_pickandplace_randomized_500k
sac_her,sensor_dropout,1,0.0,-150.0,0.0,0.3884547695970575,150,4.543480702778879e-09,1.4422999620437622,0.0,0.0,,373,none,B1,sac_her_pickandplace_randomized_500k
sac_her,sensor_dropout,1,0.0,-150.0,0.0,0.3884547695970575,150,4.543480702778879e-09,1.4422999620437622,0.0,0.0,,374,none,B1,sac_her_pickandplace_randomized_500k
sac_her,sensor_dropout,1,0.0,-150.0,0.0,0.3884547695970575,150,4.543480702778879e-09,1.4422999620437622,0.0,0.0,,375,none,B1,sac_her_pickandplace_randomized_500k
sac_her,sensor_dropout,1,0.0,-150.0,0.0,0.3884547695970575,150,4.543480702778879e-09,1.4422999620437622,0.0,0.0,,376,none,B1,sac_her_pickandplace_randomized_500k
sac_her,sensor_dropout,1,0.0,-150.0,0.0,0.3884547695970575,150,4.543480702778879e-09,1.4422999620437622,0.0,0.0,,377,none,B1,sac_her_pickandplace_randomized_500k
sac_her,sensor_dropout,1,0.0,-150.0,0.0,0.3884547695970575,150,4.543480702778879e-09,1.4422999620437622,0.0,0.0,,378,none,B1,sac_her_pickandplace_randomized_500k
sac_her,sensor_dropout,1,0.0,-150.0,0.0,0.3884547695970575,150,4.543480702778879e-09,1.4422999620437622,0.0,0.0,,379,none,B1,sac_her_pickandplace_randomized_500k
sac_her,sensor_dropout,1,0.0,-150.0,0.0,0.3884547695970575,150,4.543480702778879e-09,1.4422999620437622,0.0,0.0,,380,none,B1,sac_her_pickandplace_randomized_500k
sac_her,sensor_dropout,1,0.0,-150.0,0.0,0.3884547695970575,150,4.543480702778879e-09,1.4422999620437622,0.0,0.0,,381,none,B1,sac_her_pickandplace_randomized_500k
sac_her,sensor_dropout,1,0.0,-150.0,0.0,0.3884547695970575,150,4.543480702778879e-09,1.4422999620437622,0.0,0.0,,382,none,B1,sac_her_pickandplace_randomized_500k
sac_her,sensor_dropout,1,0.0,-150.0,0.0,0.3884547695970575,150,4.543480702778879e-09,1.4422999620437622,0.0,0.0,,383,none,B1,sac_her_pickandplace_randomized_500k
sac_her,sensor_dropout,1,0.0,-150.0,0.0,0.3884547695970575,150,4.543480702778879e-09,1.4422999620437622,0.0,0.0,,384,none,B1,sac_her_pickandplace_randomized_500k
sac_her,sensor_dropout,1,0.0,-150.0,0.0,0.3884547695970575,150,4.543480702778879e-09,1.4422999620437622,0.0,0.0,,385,none,B1,sac_her_pickandplace_randomized_500k
sac_her,sensor_dropout,1,0.0,-150.0,0.0,0.3884547695970575,150,4.543480702778879e-09,1.4422999620437622,0.0,0.0,,386,none,B1,sac_her_pickandplace_randomized_500k
sac_her,sensor_dropout,1,0.0,-150.0,0.0,0.3884547695970575,150,4.543480702778879e-09,1.4422999620437622,0.0,0.0,,387,none,B1,sac_her_pickandplace_randomized_500k
sac_her,sensor_dropout,1,0.0,-150.0,0.0,0.3884547695970575,150,4.543480702778879e-09,1.4422999620437622,0.0,0.0,,388,none,B1,sac_her_pickandplace_randomized_500k
sac_her,sensor_dropout,1,0.0,-150.0,0.0,0.3884547695970575,150,4.543480702778879e-09,1.4422999620437622,0.0,0.0,,389,none,B1,sac_her_pickandplace_randomized_500k
sac_her,sensor_bias,1,0.1,-150.0,0.0,0.3884547695970575,150,0.026376502588391304,1.4577586650848389,0.0,0.0,,390,none,B1,sac_her_pickandplace_randomized_500k
sac_her,sensor_bias,1,0.1,-150.0,0.0,0.3884547695970575,150,0.03803827986121178,1.1600065231323242,0.0,0.0,,391,none,B1,sac_her_pickandplace_randomized_500k
sac_her,sensor_bias,1,0.1,-150.0,0.0,0.3884547695970575,150,0.058292239904403687,1.3373931646347046,0.0,0.0,,392,none,B1,sac_her_pickandplace_randomized_500k
sac_her,sensor_bias,1,0.1,-150.0,0.0,0.5074534625150458,150,0.3113342523574829,1.2343182563781738,0.0,0.0,,393,none,B1,sac_her_pickandplace_randomized_500k
sac_her,sensor_bias,1,0.1,-150.0,0.0,0.3884547695970575,150,0.052466582506895065,1.2353498935699463,0.0,0.0,,394,none,B1,sac_her_pickandplace_randomized_500k
sac_her,sensor_bias,1,0.1,-150.0,0.0,0.3884547695970575,150,0.06313587725162506,0.5707606077194214,0.0,0.0,,395,none,B1,sac_her_pickandplace_randomized_500k
sac_her,sensor_bias,1,0.1,-150.0,0.0,0.3884547695970575,150,0.02280399203300476,1.0381569862365723,0.0,0.0,,396,none,B1,sac_her_pickandplace_randomized_500k
sac_her,sensor_bias,1,0.1,-150.0,0.0,0.3884547695970575,150,0.05788680166006088,1.081070065498352,0.0,0.0,,397,none,B1,sac_her_pickandplace_randomized_500k
sac_her,sensor_bias,1,0.1,-150.0,0.0,0.3884547695970575,150,0.03260450065135956,1.0661063194274902,0.0,0.0,,398,none,B1,sac_her_pickandplace_randomized_500k
sac_her,sensor_bias,1,0.1,-150.0,0.0,0.3884547695970575,150,0.04283222183585167,1.1813095808029175,0.0,0.0,,399,none,B1,sac_her_pickandplace_randomized_500k
sac_her,sensor_bias,1,0.1,-150.0,0.0,0.3884547695970575,150,0.03861210495233536,0.9196348190307617,0.0,0.0,,400,none,B1,sac_her_pickandplace_randomized_500k
sac_her,sensor_bias,1,0.1,-150.0,0.0,0.3884547695970575,150,0.04289179667830467,1.4966187477111816,0.0,0.0,,401,none,B1,sac_her_pickandplace_randomized_500k
sac_her,sensor_bias,1,0.1,-150.0,0.0,0.3884547695970575,150,0.06271035969257355,1.2005884647369385,0.0,0.0,,402,none,B1,sac_her_pickandplace_randomized_500k
sac_her,sensor_bias,1,0.1,-150.0,0.0,0.3884547695970575,150,0.03377620130777359,0.9660647511482239,0.0,0.0,,403,none,B1,sac_her_pickandplace_randomized_500k
sac_her,sensor_bias,1,0.1,-150.0,0.0,0.3884547695970575,150,0.09497812390327454,1.2362732887268066,0.0,0.0,,404,none,B1,sac_her_pickandplace_randomized_500k
sac_her,sensor_bias,1,0.1,-150.0,0.0,0.3884547695970575,150,0.04055552929639816,0.8566216826438904,0.0,0.0,,405,none,B1,sac_her_pickandplace_randomized_500k
sac_her,sensor_bias,1,0.1,-150.0,0.0,0.3884547695970575,150,0.022196339443325996,1.285169243812561,0.0,0.0,,406,none,B1,sac_her_pickandplace_randomized_500k
sac_her,sensor_bias,1,0.1,-150.0,0.0,0.3884547695970575,150,0.05632143095135689,0.948747456073761,0.0,0.0,,407,none,B1,sac_her_pickandplace_randomized_500k
sac_her,sensor_bias,1,0.1,-150.0,0.0,0.3884547695970575,150,0.012694679200649261,1.3389533758163452,0.0,0.0,,408,none,B1,sac_her_pickandplace_randomized_500k
sac_her,sensor_bias,1,0.1,-150.0,0.0,0.3884547695970575,150,0.04127775877714157,1.3594273328781128,0.0,0.0,,409,none,B1,sac_her_pickandplace_randomized_500k
sac_her,sensor_bias,1,0.1,-150.0,0.0,0.3884547695970575,150,0.02785511501133442,1.6974949836730957,0.0,0.0,,410,none,B1,sac_her_pickandplace_randomized_500k
sac_her,sensor_bias,1,0.1,-150.0,0.0,0.3884547695970575,150,0.029655609279870987,0.6955002546310425,0.0,0.0,,411,none,B1,sac_her_pickandplace_randomized_500k
sac_her,sensor_bias,1,0.1,-150.0,0.0,0.3884547695970575,150,0.04104256629943848,1.0067999362945557,0.0,0.0,,412,none,B1,sac_her_pickandplace_randomized_500k
sac_her,sensor_bias,1,0.1,-150.0,0.0,0.388250502672793,150,0.02788935974240303,1.419271469116211,0.0,0.0,,413,none,B1,sac_her_pickandplace_randomized_500k
sac_her,sensor_bias,1,0.1,-150.0,0.0,0.3884547695970575,150,0.03368398919701576,0.2704019844532013,0.0,0.0,,414,none,B1,sac_her_pickandplace_randomized_500k
sac_her,sensor_bias,1,0.1,-150.0,0.0,0.3884547695970575,150,0.03214092552661896,1.3684593439102173,0.0,0.0,,415,none,B1,sac_her_pickandplace_randomized_500k
sac_her,sensor_bias,1,0.1,-150.0,0.0,0.3884547695970575,150,0.009029258042573929,1.4779800176620483,0.0,0.0,,416,none,B1,sac_her_pickandplace_randomized_500k
sac_her,sensor_bias,1,0.1,-150.0,0.0,0.3884547695970575,150,0.03179895505309105,0.9294419288635254,0.0,0.0,,417,none,B1,sac_her_pickandplace_randomized_500k
sac_her,sensor_bias,1,0.1,-150.0,0.0,0.3884547695970575,150,0.032934609800577164,1.5576008558273315,0.0,0.0,,418,none,B1,sac_her_pickandplace_randomized_500k
sac_her,sensor_bias,1,0.1,-150.0,0.0,0.3884547695970575,150,0.028912607580423355,1.611886739730835,0.0,0.0,,419,none,B1,sac_her_pickandplace_randomized_500k
sac_her,action_clipping,1,0.3,-150.0,0.0,0.3884547695970575,150,0.00872021447867155,0.5812336206436157,0.0,0.0,,420,none,B1,sac_her_pickandplace_randomized_500k
sac_her,action_clipping,1,0.3,-150.0,0.0,0.3884547695970575,150,0.00872021447867155,0.5812336206436157,0.0,0.0,,421,none,B1,sac_her_pickandplace_randomized_500k
sac_her,action_clipping,1,0.3,-150.0,0.0,0.3884547695970575,150,0.00872021447867155,0.5812336206436157,0.0,0.0,,422,none,B1,sac_her_pickandplace_randomized_500k
sac_her,action_clipping,1,0.3,-150.0,0.0,0.3884547695970575,150,0.00872021447867155,0.5812336206436157,0.0,0.0,,423,none,B1,sac_her_pickandplace_randomized_500k
sac_her,action_clipping,1,0.3,-150.0,0.0,0.3884547695970575,150,0.00872021447867155,0.5812336206436157,0.0,0.0,,424,none,B1,sac_her_pickandplace_randomized_500k
sac_her,action_clipping,1,0.3,-150.0,0.0,0.3884547695970575,150,0.00872021447867155,0.5812336206436157,0.0,0.0,,425,none,B1,sac_her_pickandplace_randomized_500k
sac_her,action_clipping,1,0.3,-150.0,0.0,0.3884547695970575,150,0.00872021447867155,0.5812336206436157,0.0,0.0,,426,none,B1,sac_her_pickandplace_randomized_500k
sac_her,action_clipping,1,0.3,-150.0,0.0,0.3884547695970575,150,0.00872021447867155,0.5812336206436157,0.0,0.0,,427,none,B1,sac_her_pickandplace_randomized_500k
sac_her,action_clipping,1,0.3,-150.0,0.0,0.3884547695970575,150,0.00872021447867155,0.5812336206436157,0.0,0.0,,428,none,B1,sac_her_pickandplace_randomized_500k
sac_her,action_clipping,1,0.3,-150.0,0.0,0.3884547695970575,150,0.00872021447867155,0.5812336206436157,0.0,0.0,,429,none,B1,sac_her_pickandplace_randomized_500k
sac_her,action_clipping,1,0.3,-150.0,0.0,0.3884547695970575,150,0.00872021447867155,0.5812336206436157,0.0,0.0,,430,none,B1,sac_her_pickandplace_randomized_500k
sac_her,action_clipping,1,0.3,-150.0,0.0,0.3884547695970575,150,0.00872021447867155,0.5812336206436157,0.0,0.0,,431,none,B1,sac_her_pickandplace_randomized_500k
sac_her,action_clipping,1,0.3,-150.0,0.0,0.3884547695970575,150,0.00872021447867155,0.5812336206436157,0.0,0.0,,432,none,B1,sac_her_pickandplace_randomized_500k
sac_her,action_clipping,1,0.3,-150.0,0.0,0.3884547695970575,150,0.00872021447867155,0.5812336206436157,0.0,0.0,,433,none,B1,sac_her_pickandplace_randomized_500k
sac_her,action_clipping,1,0.3,-150.0,0.0,0.3884547695970575,150,0.00872021447867155,0.5812336206436157,0.0,0.0,,434,none,B1,sac_her_pickandplace_randomized_500k
sac_her,action_clipping,1,0.3,-150.0,0.0,0.3884547695970575,150,0.00872021447867155,0.5812336206436157,0.0,0.0,,435,none,B1,sac_her_pickandplace_randomized_500k
sac_her,action_clipping,1,0.3,-150.0,0.0,0.3884547695970575,150,0.00872021447867155,0.5812336206436157,0.0,0.0,,436,none,B1,sac_her_pickandplace_randomized_500k
sac_her,action_clipping,1,0.3,-150.0,0.0,0.3884547695970575,150,0.00872021447867155,0.5812336206436157,0.0,0.0,,437,none,B1,sac_her_pickandplace_randomized_500k
sac_her,action_clipping,1,0.3,-150.0,0.0,0.3884547695970575,150,0.00872021447867155,0.5812336206436157,0.0,0.0,,438,none,B1,sac_her_pickandplace_randomized_500k
sac_her,action_clipping,1,0.3,-150.0,0.0,0.3884547695970575,150,0.00872021447867155,0.5812336206436157,0.0,0.0,,439,none,B1,sac_her_pickandplace_randomized_500k
sac_her,action_clipping,1,0.3,-150.0,0.0,0.3884547695970575,150,0.00872021447867155,0.5812336206436157,0.0,0.0,,440,none,B1,sac_her_pickandplace_randomized_500k
sac_her,action_clipping,1,0.3,-150.0,0.0,0.3884547695970575,150,0.00872021447867155,0.5812336206436157,0.0,0.0,,441,none,B1,sac_her_pickandplace_randomized_500k
sac_her,action_clipping,1,0.3,-150.0,0.0,0.3884547695970575,150,0.00872021447867155,0.5812336206436157,0.0,0.0,,442,none,B1,sac_her_pickandplace_randomized_500k
sac_her,action_clipping,1,0.3,-150.0,0.0,0.3884547695970575,150,0.00872021447867155,0.5812336206436157,0.0,0.0,,443,none,B1,sac_her_pickandplace_randomized_500k
sac_her,action_clipping,1,0.3,-150.0,0.0,0.3884547695970575,150,0.00872021447867155,0.5812336206436157,0.0,0.0,,444,none,B1,sac_her_pickandplace_randomized_500k
sac_her,action_clipping,1,0.3,-150.0,0.0,0.3884547695970575,150,0.00872021447867155,0.5812336206436157,0.0,0.0,,445,none,B1,sac_her_pickandplace_randomized_500k
sac_her,action_clipping,1,0.3,-150.0,0.0,0.3884547695970575,150,0.00872021447867155,0.5812336206436157,0.0,0.0,,446,none,B1,sac_her_pickandplace_randomized_500k
sac_her,action_clipping,1,0.3,-150.0,0.0,0.3884547695970575,150,0.00872021447867155,0.5812336206436157,0.0,0.0,,447,none,B1,sac_her_pickandplace_randomized_500k
sac_her,action_clipping,1,0.3,-150.0,0.0,0.3884547695970575,150,0.00872021447867155,0.5812336206436157,0.0,0.0,,448,none,B1,sac_her_pickandplace_randomized_500k
sac_her,action_clipping,1,0.3,-150.0,0.0,0.3884547695970575,150,0.00872021447867155,0.5812336206436157,0.0,0.0,,449,none,B1,sac_her_pickandplace_randomized_500k
sac_her,action_delay,1,0.0,-150.0,0.0,0.3884547695970575,150,0.05113723874092102,1.3123470544815063,0.0,0.0,,450,none,B1,sac_her_pickandplace_randomized_500k
sac_her,action_delay,1,0.0,-150.0,0.0,0.3884547695970575,150,0.05113723874092102,1.3123470544815063,0.0,0.0,,451,none,B1,sac_her_pickandplace_randomized_500k
sac_her,action_delay,1,0.0,-150.0,0.0,0.3884547695970575,150,0.05113723874092102,1.3123470544815063,0.0,0.0,,452,none,B1,sac_her_pickandplace_randomized_500k
sac_her,action_delay,1,0.0,-150.0,0.0,0.3884547695970575,150,0.05113723874092102,1.3123470544815063,0.0,0.0,,453,none,B1,sac_her_pickandplace_randomized_500k
sac_her,action_delay,1,0.0,-150.0,0.0,0.3884547695970575,150,0.05113723874092102,1.3123470544815063,0.0,0.0,,454,none,B1,sac_her_pickandplace_randomized_500k
sac_her,action_delay,1,0.0,-150.0,0.0,0.3884547695970575,150,0.05113723874092102,1.3123470544815063,0.0,0.0,,455,none,B1,sac_her_pickandplace_randomized_500k
sac_her,action_delay,1,0.0,-150.0,0.0,0.3884547695970575,150,0.05113723874092102,1.3123470544815063,0.0,0.0,,456,none,B1,sac_her_pickandplace_randomized_500k
sac_her,action_delay,1,0.0,-150.0,0.0,0.3884547695970575,150,0.05113723874092102,1.3123470544815063,0.0,0.0,,457,none,B1,sac_her_pickandplace_randomized_500k
sac_her,action_delay,1,0.0,-150.0,0.0,0.3884547695970575,150,0.05113723874092102,1.3123470544815063,0.0,0.0,,458,none,B1,sac_her_pickandplace_randomized_500k
sac_her,action_delay,1,0.0,-150.0,0.0,0.3884547695970575,150,0.05113723874092102,1.3123470544815063,0.0,0.0,,459,none,B1,sac_her_pickandplace_randomized_500k
sac_her,action_delay,1,0.0,-150.0,0.0,0.3884547695970575,150,0.05113723874092102,1.3123470544815063,0.0,0.0,,460,none,B1,sac_her_pickandplace_randomized_500k
sac_her,action_delay,1,0.0,-150.0,0.0,0.3884547695970575,150,0.05113723874092102,1.3123470544815063,0.0,0.0,,461,none,B1,sac_her_pickandplace_randomized_500k
sac_her,action_delay,1,0.0,-150.0,0.0,0.3884547695970575,150,0.05113723874092102,1.3123470544815063,0.0,0.0,,462,none,B1,sac_her_pickandplace_randomized_500k
sac_her,action_delay,1,0.0,-150.0,0.0,0.3884547695970575,150,0.05113723874092102,1.3123470544815063,0.0,0.0,,463,none,B1,sac_her_pickandplace_randomized_500k
sac_her,action_delay,1,0.0,-150.0,0.0,0.3884547695970575,150,0.05113723874092102,1.3123470544815063,0.0,0.0,,464,none,B1,sac_her_pickandplace_randomized_500k
sac_her,action_delay,1,0.0,-150.0,0.0,0.3884547695970575,150,0.05113723874092102,1.3123470544815063,0.0,0.0,,465,none,B1,sac_her_pickandplace_randomized_500k
sac_her,action_delay,1,0.0,-150.0,0.0,0.3884547695970575,150,0.05113723874092102,1.3123470544815063,0.0,0.0,,466,none,B1,sac_her_pickandplace_randomized_500k
sac_her,action_delay,1,0.0,-150.0,0.0,0.3884547695970575,150,0.05113723874092102,1.3123470544815063,0.0,0.0,,467,none,B1,sac_her_pickandplace_randomized_500k
sac_her,action_delay,1,0.0,-150.0,0.0,0.3884547695970575,150,0.05113723874092102,1.3123470544815063,0.0,0.0,,468,none,B1,sac_her_pickandplace_randomized_500k
sac_her,action_delay,1,0.0,-150.0,0.0,0.3884547695970575,150,0.05113723874092102,1.3123470544815063,0.0,0.0,,469,none,B1,sac_her_pickandplace_randomized_500k
sac_her,action_delay,1,0.0,-150.0,0.0,0.3884547695970575,150,0.05113723874092102,1.3123470544815063,0.0,0.0,,470,none,B1,sac_her_pickandplace_randomized_500k
sac_her,action_delay,1,0.0,-150.0,0.0,0.3884547695970575,150,0.05113723874092102,1.3123470544815063,0.0,0.0,,471,none,B1,sac_her_pickandplace_randomized_500k
sac_her,action_delay,1,0.0,-150.0,0.0,0.3884547695970575,150,0.05113723874092102,1.3123470544815063,0.0,0.0,,472,none,B1,sac_her_pickandplace_randomized_500k
sac_her,action_delay,1,0.0,-150.0,0.0,0.3884547695970575,150,0.05113723874092102,1.3123470544815063,0.0,0.0,,473,none,B1,sac_her_pickandplace_randomized_500k
sac_her,action_delay,1,0.0,-150.0,0.0,0.3884547695970575,150,0.05113723874092102,1.3123470544815063,0.0,0.0,,474,none,B1,sac_her_pickandplace_randomized_500k
sac_her,action_delay,1,0.0,-150.0,0.0,0.3884547695970575,150,0.05113723874092102,1.3123470544815063,0.0,0.0,,475,none,B1,sac_her_pickandplace_randomized_500k
sac_her,action_delay,1,0.0,-150.0,0.0,0.3884547695970575,150,0.05113723874092102,1.3123470544815063,0.0,0.0,,476,none,B1,sac_her_pickandplace_randomized_500k
sac_her,action_delay,1,0.0,-150.0,0.0,0.3884547695970575,150,0.05113723874092102,1.3123470544815063,0.0,0.0,,477,none,B1,sac_her_pickandplace_randomized_500k
sac_her,action_delay,1,0.0,-150.0,0.0,0.3884547695970575,150,0.05113723874092102,1.3123470544815063,0.0,0.0,,478,none,B1,sac_her_pickandplace_randomized_500k
sac_her,action_delay,1,0.0,-150.0,0.0,0.3884547695970575,150,0.05113723874092102,1.3123470544815063,0.0,0.0,,479,none,B1,sac_her_pickandplace_randomized_500k
sac_her,action_reversal,1,0.0,-150.0,0.0,0.3884547695970575,150,0.024516092613339424,0.7740450501441956,0.0,0.0,,480,none,B1,sac_her_pickandplace_randomized_500k
sac_her,action_reversal,1,0.0,-150.0,0.0,0.3884547695970575,150,0.024516092613339424,0.7740450501441956,0.0,0.0,,481,none,B1,sac_her_pickandplace_randomized_500k
sac_her,action_reversal,1,0.0,-150.0,0.0,0.3884547695970575,150,0.024516092613339424,0.7740450501441956,0.0,0.0,,482,none,B1,sac_her_pickandplace_randomized_500k
sac_her,action_reversal,1,0.0,-150.0,0.0,0.3884547695970575,150,0.024516092613339424,0.7740450501441956,0.0,0.0,,483,none,B1,sac_her_pickandplace_randomized_500k
sac_her,action_reversal,1,0.0,-150.0,0.0,0.3884547695970575,150,0.024516092613339424,0.7740450501441956,0.0,0.0,,484,none,B1,sac_her_pickandplace_randomized_500k
sac_her,action_reversal,1,0.0,-150.0,0.0,0.3884547695970575,150,0.024516092613339424,0.7740450501441956,0.0,0.0,,485,none,B1,sac_her_pickandplace_randomized_500k
sac_her,action_reversal,1,0.0,-150.0,0.0,0.3884547695970575,150,0.024516092613339424,0.7740450501441956,0.0,0.0,,486,none,B1,sac_her_pickandplace_randomized_500k
sac_her,action_reversal,1,0.0,-150.0,0.0,0.3884547695970575,150,0.024516092613339424,0.7740450501441956,0.0,0.0,,487,none,B1,sac_her_pickandplace_randomized_500k
sac_her,action_reversal,1,0.0,-150.0,0.0,0.3884547695970575,150,0.024516092613339424,0.7740450501441956,0.0,0.0,,488,none,B1,sac_her_pickandplace_randomized_500k
sac_her,action_reversal,1,0.0,-150.0,0.0,0.3884547695970575,150,0.024516092613339424,0.7740450501441956,0.0,0.0,,489,none,B1,sac_her_pickandplace_randomized_500k
sac_her,action_reversal,1,0.0,-150.0,0.0,0.3884547695970575,150,0.024516092613339424,0.7740450501441956,0.0,0.0,,490,none,B1,sac_her_pickandplace_randomized_500k
sac_her,action_reversal,1,0.0,-150.0,0.0,0.3884547695970575,150,0.024516092613339424,0.7740450501441956,0.0,0.0,,491,none,B1,sac_her_pickandplace_randomized_500k
sac_her,action_reversal,1,0.0,-150.0,0.0,0.3884547695970575,150,0.024516092613339424,0.7740450501441956,0.0,0.0,,492,none,B1,sac_her_pickandplace_randomized_500k
sac_her,action_reversal,1,0.0,-150.0,0.0,0.3884547695970575,150,0.024516092613339424,0.7740450501441956,0.0,0.0,,493,none,B1,sac_her_pickandplace_randomized_500k
sac_her,action_reversal,1,0.0,-150.0,0.0,0.3884547695970575,150,0.024516092613339424,0.7740450501441956,0.0,0.0,,494,none,B1,sac_her_pickandplace_randomized_500k
sac_her,action_reversal,1,0.0,-150.0,0.0,0.3884547695970575,150,0.024516092613339424,0.7740450501441956,0.0,0.0,,495,none,B1,sac_her_pickandplace_randomized_500k
sac_her,action_reversal,1,0.0,-150.0,0.0,0.3884547695970575,150,0.024516092613339424,0.7740450501441956,0.0,0.0,,496,none,B1,sac_her_pickandplace_randomized_500k
sac_her,action_reversal,1,0.0,-150.0,0.0,0.3884547695970575,150,0.024516092613339424,0.7740450501441956,0.0,0.0,,497,none,B1,sac_her_pickandplace_randomized_500k
sac_her,action_reversal,1,0.0,-150.0,0.0,0.3884547695970575,150,0.024516092613339424,0.7740450501441956,0.0,0.0,,498,none,B1,sac_her_pickandplace_randomized_500k
sac_her,action_reversal,1,0.0,-150.0,0.0,0.3884547695970575,150,0.024516092613339424,0.7740450501441956,0.0,0.0,,499,none,B1,sac_her_pickandplace_randomized_500k
sac_her,action_reversal,1,0.0,-150.0,0.0,0.3884547695970575,150,0.024516092613339424,0.7740450501441956,0.0,0.0,,500,none,B1,sac_her_pickandplace_randomized_500k
sac_her,action_reversal,1,0.0,-150.0,0.0,0.3884547695970575,150,0.024516092613339424,0.7740450501441956,0.0,0.0,,501,none,B1,sac_her_pickandplace_randomized_500k
sac_her,action_reversal,1,0.0,-150.0,0.0,0.3884547695970575,150,0.024516092613339424,0.7740450501441956,0.0,0.0,,502,none,B1,sac_her_pickandplace_randomized_500k
sac_her,action_reversal,1,0.0,-150.0,0.0,0.3884547695970575,150,0.024516092613339424,0.7740450501441956,0.0,0.0,,503,none,B1,sac_her_pickandplace_randomized_500k
sac_her,action_reversal,1,0.0,-150.0,0.0,0.3884547695970575,150,0.024516092613339424,0.7740450501441956,0.0,0.0,,504,none,B1,sac_her_pickandplace_randomized_500k
sac_her,action_reversal,1,0.0,-150.0,0.0,0.3884547695970575,150,0.024516092613339424,0.7740450501441956,0.0,0.0,,505,none,B1,sac_her_pickandplace_randomized_500k
sac_her,action_reversal,1,0.0,-150.0,0.0,0.3884547695970575,150,0.024516092613339424,0.7740450501441956,0.0,0.0,,506,none,B1,sac_her_pickandplace_randomized_500k
sac_her,action_reversal,1,0.0,-150.0,0.0,0.3884547695970575,150,0.024516092613339424,0.7740450501441956,0.0,0.0,,507,none,B1,sac_her_pickandplace_randomized_500k
sac_her,action_reversal,1,0.0,-150.0,0.0,0.3884547695970575,150,0.024516092613339424,0.7740450501441956,0.0,0.0,,508,none,B1,sac_her_pickandplace_randomized_500k
sac_her,action_reversal,1,0.0,-150.0,0.0,0.3884547695970575,150,0.024516092613339424,0.7740450501441956,0.0,0.0,,509,none,B1,sac_her_pickandplace_randomized_500k
sac_her,goal_spoof_immediate,1,0.1,-150.0,0.0,0.3884547695970575,150,0.04132283478975296,1.394613265991211,0.0,0.0,,510,none,B1,sac_her_pickandplace_randomized_500k
sac_her,goal_spoof_immediate,1,0.1,-150.0,0.0,0.3884547695970575,150,0.03895869478583336,1.454703450202942,0.0,0.0,,511,none,B1,sac_her_pickandplace_randomized_500k
sac_her,goal_spoof_immediate,1,0.1,-150.0,0.0,0.3884547695970575,150,0.026558756828308105,1.6136395931243896,0.0,0.0,,512,none,B1,sac_her_pickandplace_randomized_500k
sac_her,goal_spoof_immediate,1,0.1,-150.0,0.0,0.3884547695970575,150,0.02742760255932808,0.6745776534080505,0.0,0.0,,513,none,B1,sac_her_pickandplace_randomized_500k
sac_her,goal_spoof_immediate,1,0.1,-150.0,0.0,0.3884547695970575,150,0.041635382920503616,0.690246045589447,0.0,0.0,,514,none,B1,sac_her_pickandplace_randomized_500k
sac_her,goal_spoof_immediate,1,0.1,-150.0,0.0,0.3884547695970575,150,0.038241684436798096,1.391027569770813,0.0,0.0,,515,none,B1,sac_her_pickandplace_randomized_500k
sac_her,goal_spoof_immediate,1,0.1,-150.0,0.0,0.3884547695970575,150,0.03672710806131363,1.33224356174469,0.0,0.0,,516,none,B1,sac_her_pickandplace_randomized_500k
sac_her,goal_spoof_immediate,1,0.1,-150.0,0.0,0.3884547695970575,150,0.05553615465760231,0.9556195139884949,0.0,0.0,,517,none,B1,sac_her_pickandplace_randomized_500k
sac_her,goal_spoof_immediate,1,0.1,-150.0,0.0,0.3884547695970575,150,0.023513048887252808,0.912757158279419,0.0,0.0,,518,none,B1,sac_her_pickandplace_randomized_500k
sac_her,goal_spoof_immediate,1,0.1,-150.0,0.0,0.3884547695970575,150,0.0440039299428463,1.3226772546768188,0.0,0.0,,519,none,B1,sac_her_pickandplace_randomized_500k
sac_her,goal_spoof_immediate,1,0.1,-150.0,0.0,0.3884547695970575,150,0.03001437336206436,0.7724817991256714,0.0,0.0,,520,none,B1,sac_her_pickandplace_randomized_500k
sac_her,goal_spoof_immediate,1,0.1,-150.0,0.0,0.3884547695970575,150,0.02177581563591957,0.6766757965087891,0.0,0.0,,521,none,B1,sac_her_pickandplace_randomized_500k
sac_her,goal_spoof_immediate,1,0.1,-150.0,0.0,0.3884547695970575,150,0.03435838222503662,1.3582698106765747,0.0,0.0,,522,none,B1,sac_her_pickandplace_randomized_500k
sac_her,goal_spoof_immediate,1,0.1,-150.0,0.0,0.3884547695970575,150,0.02303057722747326,0.6853277683258057,0.0,0.0,,523,none,B1,sac_her_pickandplace_randomized_500k
sac_her,goal_spoof_immediate,1,0.1,-150.0,0.0,0.3884547695970575,150,0.04096253216266632,1.3306818008422852,0.0,0.0,,524,none,B1,sac_her_pickandplace_randomized_500k
sac_her,goal_spoof_immediate,1,0.1,-150.0,0.0,0.3884547695970575,150,0.0337812639772892,0.6896783709526062,0.0,0.0,,525,none,B1,sac_her_pickandplace_randomized_500k
sac_her,goal_spoof_immediate,1,0.1,-150.0,0.0,0.3884547695970575,150,0.035037387162446976,1.4629311561584473,0.0,0.0,,526,none,B1,sac_her_pickandplace_randomized_500k
sac_her,goal_spoof_immediate,1,0.1,-150.0,0.0,0.3884547695970575,150,0.026198776438832283,0.631466269493103,0.0,0.0,,527,none,B1,sac_her_pickandplace_randomized_500k
sac_her,goal_spoof_immediate,1,0.1,-150.0,0.0,0.3884547695970575,150,0.02355385385453701,0.7985290288925171,0.0,0.0,,528,none,B1,sac_her_pickandplace_randomized_500k
sac_her,goal_spoof_immediate,1,0.1,-150.0,0.0,0.3884547695970575,150,0.03871792182326317,1.275489330291748,0.0,0.0,,529,none,B1,sac_her_pickandplace_randomized_500k
sac_her,goal_spoof_immediate,1,0.1,-150.0,0.0,0.3884547695970575,150,0.03570939600467682,1.5229486227035522,0.0,0.0,,530,none,B1,sac_her_pickandplace_randomized_500k
sac_her,goal_spoof_immediate,1,0.1,-150.0,0.0,0.3884547695970575,150,0.02572973445057869,0.7070584893226624,0.0,0.0,,531,none,B1,sac_her_pickandplace_randomized_500k
sac_her,goal_spoof_immediate,1,0.1,-150.0,0.0,0.3884547695970575,150,0.03474225476384163,1.2937357425689697,0.0,0.0,,532,none,B1,sac_her_pickandplace_randomized_500k
sac_her,goal_spoof_immediate,1,0.1,-150.0,0.0,0.3884547695970575,150,0.027408817782998085,0.8747873902320862,0.0,0.0,,533,none,B1,sac_her_pickandplace_randomized_500k
sac_her,goal_spoof_immediate,1,0.1,-150.0,0.0,0.3884547695970575,150,0.02312200330197811,0.5218768119812012,0.0,0.0,,534,none,B1,sac_her_pickandplace_randomized_500k
sac_her,goal_spoof_immediate,1,0.1,-150.0,0.0,0.3884547695970575,150,0.04894721880555153,1.1998775005340576,0.0,0.0,,535,none,B1,sac_her_pickandplace_randomized_500k
sac_her,goal_spoof_immediate,1,0.1,-150.0,0.0,0.3884547695970575,150,0.036037638783454895,1.4650168418884277,0.0,0.0,,536,none,B1,sac_her_pickandplace_randomized_500k
sac_her,goal_spoof_immediate,1,0.1,-150.0,0.0,0.3884547695970575,150,0.05290529504418373,1.169275164604187,0.0,0.0,,537,none,B1,sac_her_pickandplace_randomized_500k
sac_her,goal_spoof_immediate,1,0.1,-150.0,0.0,0.3884547695970575,150,0.03924274444580078,1.2697969675064087,0.0,0.0,,538,none,B1,sac_her_pickandplace_randomized_500k
sac_her,goal_spoof_immediate,1,0.1,-150.0,0.0,0.3884547695970575,150,0.03959992900490761,1.273136019706726,0.0,0.0,,539,none,B1,sac_her_pickandplace_randomized_500k
sac_her,goal_spoof_midep,1,0.1,-150.0,0.0,0.3884547695970575,150,0.038826834410429,1.3834210634231567,0.0,0.0,,540,none,B1,sac_her_pickandplace_randomized_500k
sac_her,goal_spoof_midep,1,0.1,-150.0,0.0,0.3884547695970575,150,0.037132542580366135,1.2489807605743408,0.0,0.0,,541,none,B1,sac_her_pickandplace_randomized_500k
sac_her,goal_spoof_midep,1,0.1,-150.0,0.0,0.3884547695970575,150,0.0356844924390316,1.4794433116912842,0.0,0.0,,542,none,B1,sac_her_pickandplace_randomized_500k
sac_her,goal_spoof_midep,1,0.1,-150.0,0.0,0.3884547695970575,150,0.028520910069346428,1.4078772068023682,0.0,0.0,,543,none,B1,sac_her_pickandplace_randomized_500k
sac_her,goal_spoof_midep,1,0.1,-150.0,0.0,0.3884547695970575,150,0.03420908749103546,1.4502434730529785,0.0,0.0,,544,none,B1,sac_her_pickandplace_randomized_500k
sac_her,goal_spoof_midep,1,0.1,-150.0,0.0,0.3884547695970575,150,0.030422156676650047,1.4785888195037842,0.0,0.0,,545,none,B1,sac_her_pickandplace_randomized_500k
sac_her,goal_spoof_midep,1,0.1,-150.0,0.0,0.3884547695970575,150,0.04604246839880943,1.3170171976089478,0.0,0.0,,546,none,B1,sac_her_pickandplace_randomized_500k
sac_her,goal_spoof_midep,1,0.1,-150.0,0.0,0.3884547695970575,150,0.031535398215055466,1.490568995475769,0.0,0.0,,547,none,B1,sac_her_pickandplace_randomized_500k
sac_her,goal_spoof_midep,1,0.1,-150.0,0.0,0.3884547695970575,150,0.03689020127058029,1.3235275745391846,0.0,0.0,,548,none,B1,sac_her_pickandplace_randomized_500k
sac_her,goal_spoof_midep,1,0.1,-150.0,0.0,0.3884547695970575,150,0.07397444546222687,1.2305821180343628,0.0,0.0,,549,none,B1,sac_her_pickandplace_randomized_500k
sac_her,goal_spoof_midep,1,0.1,-150.0,0.0,0.3884547695970575,150,0.05312998220324516,1.2137278318405151,0.0,0.0,,550,none,B1,sac_her_pickandplace_randomized_500k
sac_her,goal_spoof_midep,1,0.1,-150.0,0.0,0.3884547695970575,150,0.037382423877716064,1.359951138496399,0.0,0.0,,551,none,B1,sac_her_pickandplace_randomized_500k
sac_her,goal_spoof_midep,1,0.1,-150.0,0.0,0.3884547695970575,150,0.02874930575489998,1.5133841037750244,0.0,0.0,,552,none,B1,sac_her_pickandplace_randomized_500k
sac_her,goal_spoof_midep,1,0.1,-150.0,0.0,0.3884547695970575,150,0.03815922141075134,1.3317490816116333,0.0,0.0,,553,none,B1,sac_her_pickandplace_randomized_500k
sac_her,goal_spoof_midep,1,0.1,-150.0,0.0,0.3884547695970575,150,0.03736662492156029,1.3411766290664673,0.0,0.0,,554,none,B1,sac_her_pickandplace_randomized_500k
sac_her,goal_spoof_midep,1,0.1,-150.0,0.0,0.3884547695970575,150,0.04871289059519768,1.2667350769042969,0.0,0.0,,555,none,B1,sac_her_pickandplace_randomized_500k
sac_her,goal_spoof_midep,1,0.1,-150.0,0.0,0.3884547695970575,150,0.05788910761475563,1.195505976676941,0.0,0.0,,556,none,B1,sac_her_pickandplace_randomized_500k
sac_her,goal_spoof_midep,1,0.1,-150.0,0.0,0.3884547695970575,150,0.09325453639030457,1.2394380569458008,0.0,0.0,,557,none,B1,sac_her_pickandplace_randomized_500k
sac_her,goal_spoof_midep,1,0.1,-150.0,0.0,0.3884547695970575,150,0.037589702755212784,1.3183789253234863,0.0,0.0,,558,none,B1,sac_her_pickandplace_randomized_500k
sac_her,goal_spoof_midep,1,0.1,-150.0,0.0,0.3884547695970575,150,0.03711049631237984,1.4396004676818848,0.0,0.0,,559,none,B1,sac_her_pickandplace_randomized_500k
sac_her,goal_spoof_midep,1,0.1,-150.0,0.0,0.3884547695970575,150,0.03685370087623596,1.2562416791915894,0.0,0.0,,560,none,B1,sac_her_pickandplace_randomized_500k
sac_her,goal_spoof_midep,1,0.1,-150.0,0.0,0.3884547695970575,150,0.030172882601618767,1.4378472566604614,0.0,0.0,,561,none,B1,sac_her_pickandplace_randomized_500k
sac_her,goal_spoof_midep,1,0.1,-150.0,0.0,0.3884547695970575,150,0.05136636644601822,1.2493524551391602,0.0,0.0,,562,none,B1,sac_her_pickandplace_randomized_500k
sac_her,goal_spoof_midep,1,0.1,-150.0,0.0,0.3884547695970575,150,0.0376482754945755,1.2788041830062866,0.0,0.0,,563,none,B1,sac_her_pickandplace_randomized_500k
sac_her,goal_spoof_midep,1,0.1,-150.0,0.0,0.3884547695970575,150,0.07563649863004684,1.1495240926742554,0.0,0.0,,564,none,B1,sac_her_pickandplace_randomized_500k
sac_her,goal_spoof_midep,1,0.1,-150.0,0.0,0.3884547695970575,150,0.09717153757810593,1.1718798875808716,0.0,0.0,,565,none,B1,sac_her_pickandplace_randomized_500k
sac_her,goal_spoof_midep,1,0.1,-150.0,0.0,0.3884547695970575,150,0.03647083416581154,1.3052867650985718,0.0,0.0,,566,none,B1,sac_her_pickandplace_randomized_500k
sac_her,goal_spoof_midep,1,0.1,-150.0,0.0,0.3884547695970575,150,0.08085229247808456,1.220764398574829,0.0,0.0,,567,none,B1,sac_her_pickandplace_randomized_500k
sac_her,goal_spoof_midep,1,0.1,-150.0,0.0,0.3884547695970575,150,0.03695148229598999,1.3418242931365967,0.0,0.0,,568,none,B1,sac_her_pickandplace_randomized_500k
sac_her,goal_spoof_midep,1,0.1,-150.0,0.0,0.3884547695970575,150,0.05151386559009552,1.2326065301895142,0.0,0.0,,569,none,B1,sac_her_pickandplace_randomized_500k
sac_her,object_pose_spoof,1,0.1,-150.0,0.0,0.3884547695970575,150,0.04032203555107117,1.3619486093521118,0.0,0.0,,570,none,B1,sac_her_pickandplace_randomized_500k
sac_her,object_pose_spoof,1,0.1,-150.0,0.0,0.3884547695970575,150,0.038278862833976746,1.376921534538269,0.0,0.0,,571,none,B1,sac_her_pickandplace_randomized_500k
sac_her,object_pose_spoof,1,0.1,-150.0,0.0,0.3884547695970575,150,0.046727731823921204,1.2868980169296265,0.0,0.0,,572,none,B1,sac_her_pickandplace_randomized_500k
sac_her,object_pose_spoof,1,0.1,-150.0,0.0,0.3884547695970575,150,0.022759851068258286,0.9119530320167542,0.0,0.0,,573,none,B1,sac_her_pickandplace_randomized_500k
sac_her,object_pose_spoof,1,0.1,-150.0,0.0,0.3884547695970575,150,0.025820575654506683,0.5883154273033142,0.0,0.0,,574,none,B1,sac_her_pickandplace_randomized_500k
sac_her,object_pose_spoof,1,0.1,-150.0,0.0,0.3884547695970575,150,0.023183729499578476,0.7168563008308411,0.0,0.0,,575,none,B1,sac_her_pickandplace_randomized_500k
sac_her,object_pose_spoof,1,0.1,-150.0,0.0,0.3884547695970575,150,0.03030361235141754,1.542201280593872,0.0,0.0,,576,none,B1,sac_her_pickandplace_randomized_500k
sac_her,object_pose_spoof,1,0.1,-150.0,0.0,0.3884547695970575,150,0.039510056376457214,1.2266591787338257,0.0,0.0,,577,none,B1,sac_her_pickandplace_randomized_500k
sac_her,object_pose_spoof,1,0.1,-150.0,0.0,0.3884547695970575,150,0.016323687508702278,0.8357256650924683,0.0,0.0,,578,none,B1,sac_her_pickandplace_randomized_500k
sac_her,object_pose_spoof,1,0.1,-150.0,0.0,0.3884547695970575,150,0.034111011773347855,1.4169224500656128,0.0,0.0,,579,none,B1,sac_her_pickandplace_randomized_500k
sac_her,object_pose_spoof,1,0.1,-150.0,0.0,0.3884547695970575,150,0.03947560116648674,1.3281453847885132,0.0,0.0,,580,none,B1,sac_her_pickandplace_randomized_500k
sac_her,object_pose_spoof,1,0.1,-150.0,0.0,0.3884547695970575,150,0.03966566175222397,1.1274776458740234,0.0,0.0,,581,none,B1,sac_her_pickandplace_randomized_500k
sac_her,object_pose_spoof,1,0.1,-150.0,0.0,0.3884547695970575,150,0.03599489480257034,1.442638874053955,0.0,0.0,,582,none,B1,sac_her_pickandplace_randomized_500k
sac_her,object_pose_spoof,1,0.1,-150.0,0.0,0.3884547695970575,150,0.03119632788002491,0.9760809540748596,0.0,0.0,,583,none,B1,sac_her_pickandplace_randomized_500k
sac_her,object_pose_spoof,1,0.1,-150.0,0.0,0.3884547695970575,150,0.01923374831676483,0.970853865146637,0.0,0.0,,584,none,B1,sac_her_pickandplace_randomized_500k
sac_her,object_pose_spoof,1,0.1,-150.0,0.0,0.3884547695970575,150,0.046290770173072815,1.2630244493484497,0.0,0.0,,585,none,B1,sac_her_pickandplace_randomized_500k
sac_her,object_pose_spoof,1,0.1,-150.0,0.0,0.3884547695970575,150,0.016841180622577667,0.7916352152824402,0.0,0.0,,586,none,B1,sac_her_pickandplace_randomized_500k
sac_her,object_pose_spoof,1,0.1,-150.0,0.0,0.3884547695970575,150,0.039353709667921066,1.4450122117996216,0.0,0.0,,587,none,B1,sac_her_pickandplace_randomized_500k
sac_her,object_pose_spoof,1,0.1,-150.0,0.0,0.3884547695970575,150,0.06592900305986404,1.1319608688354492,0.0,0.0,,588,none,B1,sac_her_pickandplace_randomized_500k
sac_her,object_pose_spoof,1,0.1,-150.0,0.0,0.3884547695970575,150,0.021203378215432167,0.9143085479736328,0.0,0.0,,589,none,B1,sac_her_pickandplace_randomized_500k
sac_her,object_pose_spoof,1,0.1,-150.0,0.0,0.3884547695970575,150,0.04308649152517319,1.3480273485183716,0.0,0.0,,590,none,B1,sac_her_pickandplace_randomized_500k
sac_her,object_pose_spoof,1,0.1,-150.0,0.0,0.3884547695970575,150,0.042093463242053986,1.2878499031066895,0.0,0.0,,591,none,B1,sac_her_pickandplace_randomized_500k
sac_her,object_pose_spoof,1,0.1,-150.0,0.0,0.3884547695970575,150,0.017238697037100792,0.5566614270210266,0.0,0.0,,592,none,B1,sac_her_pickandplace_randomized_500k
sac_her,object_pose_spoof,1,0.1,-150.0,0.0,0.3884547695970575,150,0.030442209914326668,0.6179213523864746,0.0,0.0,,593,none,B1,sac_her_pickandplace_randomized_500k
sac_her,object_pose_spoof,1,0.1,-150.0,0.0,0.3884547695970575,150,0.04588383063673973,1.210270643234253,0.0,0.0,,594,none,B1,sac_her_pickandplace_randomized_500k
sac_her,object_pose_spoof,1,0.1,-150.0,0.0,0.3884547695970575,150,0.02867763675749302,0.7529526948928833,0.0,0.0,,595,none,B1,sac_her_pickandplace_randomized_500k
sac_her,object_pose_spoof,1,0.1,-150.0,0.0,0.3884547695970575,150,0.036848485469818115,1.4586302042007446,0.0,0.0,,596,none,B1,sac_her_pickandplace_randomized_500k
sac_her,object_pose_spoof,1,0.1,-150.0,0.0,0.3884547695970575,150,0.03238368779420853,0.797648012638092,0.0,0.0,,597,none,B1,sac_her_pickandplace_randomized_500k
sac_her,object_pose_spoof,1,0.1,-150.0,0.0,0.3884547695970575,150,0.04421941936016083,1.245971918106079,0.0,0.0,,598,none,B1,sac_her_pickandplace_randomized_500k
sac_her,object_pose_spoof,1,0.1,-150.0,0.0,0.3884547695970575,150,0.03367895260453224,1.2973459959030151,0.0,0.0,,599,none,B1,sac_her_pickandplace_randomized_500k
sac_her,grip_state_falsification,1,0.0,-150.0,0.0,0.3884547695970575,150,0.04580327495932579,1.1480010747909546,0.0,0.0,,600,none,B1,sac_her_pickandplace_randomized_500k
sac_her,grip_state_falsification,1,0.0,-150.0,0.0,0.3884547695970575,150,0.04580327495932579,1.1480010747909546,0.0,0.0,,601,none,B1,sac_her_pickandplace_randomized_500k
sac_her,grip_state_falsification,1,0.0,-150.0,0.0,0.3884547695970575,150,0.04580327495932579,1.1480010747909546,0.0,0.0,,602,none,B1,sac_her_pickandplace_randomized_500k
sac_her,grip_state_falsification,1,0.0,-150.0,0.0,0.3884547695970575,150,0.04580327495932579,1.1480010747909546,0.0,0.0,,603,none,B1,sac_her_pickandplace_randomized_500k
sac_her,grip_state_falsification,1,0.0,-150.0,0.0,0.3884547695970575,150,0.04580327495932579,1.1480010747909546,0.0,0.0,,604,none,B1,sac_her_pickandplace_randomized_500k
sac_her,grip_state_falsification,1,0.0,-150.0,0.0,0.3884547695970575,150,0.04580327495932579,1.1480010747909546,0.0,0.0,,605,none,B1,sac_her_pickandplace_randomized_500k
sac_her,grip_state_falsification,1,0.0,-150.0,0.0,0.3884547695970575,150,0.04580327495932579,1.1480010747909546,0.0,0.0,,606,none,B1,sac_her_pickandplace_randomized_500k
sac_her,grip_state_falsification,1,0.0,-150.0,0.0,0.3884547695970575,150,0.04580327495932579,1.1480010747909546,0.0,0.0,,607,none,B1,sac_her_pickandplace_randomized_500k
sac_her,grip_state_falsification,1,0.0,-150.0,0.0,0.3884547695970575,150,0.04580327495932579,1.1480010747909546,0.0,0.0,,608,none,B1,sac_her_pickandplace_randomized_500k
sac_her,grip_state_falsification,1,0.0,-150.0,0.0,0.3884547695970575,150,0.04580327495932579,1.1480010747909546,0.0,0.0,,609,none,B1,sac_her_pickandplace_randomized_500k
sac_her,grip_state_falsification,1,0.0,-150.0,0.0,0.3884547695970575,150,0.04580327495932579,1.1480010747909546,0.0,0.0,,610,none,B1,sac_her_pickandplace_randomized_500k
sac_her,grip_state_falsification,1,0.0,-150.0,0.0,0.3884547695970575,150,0.04580327495932579,1.1480010747909546,0.0,0.0,,611,none,B1,sac_her_pickandplace_randomized_500k
sac_her,grip_state_falsification,1,0.0,-150.0,0.0,0.3884547695970575,150,0.04580327495932579,1.1480010747909546,0.0,0.0,,612,none,B1,sac_her_pickandplace_randomized_500k
sac_her,grip_state_falsification,1,0.0,-150.0,0.0,0.3884547695970575,150,0.04580327495932579,1.1480010747909546,0.0,0.0,,613,none,B1,sac_her_pickandplace_randomized_500k
sac_her,grip_state_falsification,1,0.0,-150.0,0.0,0.3884547695970575,150,0.04580327495932579,1.1480010747909546,0.0,0.0,,614,none,B1,sac_her_pickandplace_randomized_500k
sac_her,grip_state_falsification,1,0.0,-150.0,0.0,0.3884547695970575,150,0.04580327495932579,1.1480010747909546,0.0,0.0,,615,none,B1,sac_her_pickandplace_randomized_500k
sac_her,grip_state_falsification,1,0.0,-150.0,0.0,0.3884547695970575,150,0.04580327495932579,1.1480010747909546,0.0,0.0,,616,none,B1,sac_her_pickandplace_randomized_500k
sac_her,grip_state_falsification,1,0.0,-150.0,0.0,0.3884547695970575,150,0.04580327495932579,1.1480010747909546,0.0,0.0,,617,none,B1,sac_her_pickandplace_randomized_500k
sac_her,grip_state_falsification,1,0.0,-150.0,0.0,0.3884547695970575,150,0.04580327495932579,1.1480010747909546,0.0,0.0,,618,none,B1,sac_her_pickandplace_randomized_500k
sac_her,grip_state_falsification,1,0.0,-150.0,0.0,0.3884547695970575,150,0.04580327495932579,1.1480010747909546,0.0,0.0,,619,none,B1,sac_her_pickandplace_randomized_500k
sac_her,grip_state_falsification,1,0.0,-150.0,0.0,0.3884547695970575,150,0.04580327495932579,1.1480010747909546,0.0,0.0,,620,none,B1,sac_her_pickandplace_randomized_500k
sac_her,grip_state_falsification,1,0.0,-150.0,0.0,0.3884547695970575,150,0.04580327495932579,1.1480010747909546,0.0,0.0,,621,none,B1,sac_her_pickandplace_randomized_500k
sac_her,grip_state_falsification,1,0.0,-150.0,0.0,0.3884547695970575,150,0.04580327495932579,1.1480010747909546,0.0,0.0,,622,none,B1,sac_her_pickandplace_randomized_500k
sac_her,grip_state_falsification,1,0.0,-150.0,0.0,0.3884547695970575,150,0.04580327495932579,1.1480010747909546,0.0,0.0,,623,none,B1,sac_her_pickandplace_randomized_500k
sac_her,grip_state_falsification,1,0.0,-150.0,0.0,0.3884547695970575,150,0.04580327495932579,1.1480010747909546,0.0,0.0,,624,none,B1,sac_her_pickandplace_randomized_500k
sac_her,grip_state_falsification,1,0.0,-150.0,0.0,0.3884547695970575,150,0.04580327495932579,1.1480010747909546,0.0,0.0,,625,none,B1,sac_her_pickandplace_randomized_500k
sac_her,grip_state_falsification,1,0.0,-150.0,0.0,0.3884547695970575,150,0.04580327495932579,1.1480010747909546,0.0,0.0,,626,none,B1,sac_her_pickandplace_randomized_500k
sac_her,grip_state_falsification,1,0.0,-150.0,0.0,0.3884547695970575,150,0.04580327495932579,1.1480010747909546,0.0,0.0,,627,none,B1,sac_her_pickandplace_randomized_500k
sac_her,grip_state_falsification,1,0.0,-150.0,0.0,0.3884547695970575,150,0.04580327495932579,1.1480010747909546,0.0,0.0,,628,none,B1,sac_her_pickandplace_randomized_500k
sac_her,grip_state_falsification,1,0.0,-150.0,0.0,0.3884547695970575,150,0.04580327495932579,1.1480010747909546,0.0,0.0,,629,none,B1,sac_her_pickandplace_randomized_500k
sac_her,contact_dropout,1,0.0,-150.0,0.0,0.3884547695970575,150,0.013207288458943367,1.1929197311401367,0.0,0.0,,630,none,B1,sac_her_pickandplace_randomized_500k
sac_her,contact_dropout,1,0.0,-150.0,0.0,0.3884547695970575,150,0.013207288458943367,1.1929197311401367,0.0,0.0,,631,none,B1,sac_her_pickandplace_randomized_500k
sac_her,contact_dropout,1,0.0,-150.0,0.0,0.3884547695970575,150,0.013207288458943367,1.1929197311401367,0.0,0.0,,632,none,B1,sac_her_pickandplace_randomized_500k
sac_her,contact_dropout,1,0.0,-150.0,0.0,0.3884547695970575,150,0.013207288458943367,1.1929197311401367,0.0,0.0,,633,none,B1,sac_her_pickandplace_randomized_500k
sac_her,contact_dropout,1,0.0,-150.0,0.0,0.3884547695970575,150,0.013207288458943367,1.1929197311401367,0.0,0.0,,634,none,B1,sac_her_pickandplace_randomized_500k
sac_her,contact_dropout,1,0.0,-150.0,0.0,0.3884547695970575,150,0.013207288458943367,1.1929197311401367,0.0,0.0,,635,none,B1,sac_her_pickandplace_randomized_500k
sac_her,contact_dropout,1,0.0,-150.0,0.0,0.3884547695970575,150,0.013207288458943367,1.1929197311401367,0.0,0.0,,636,none,B1,sac_her_pickandplace_randomized_500k
sac_her,contact_dropout,1,0.0,-150.0,0.0,0.3884547695970575,150,0.013207288458943367,1.1929197311401367,0.0,0.0,,637,none,B1,sac_her_pickandplace_randomized_500k
sac_her,contact_dropout,1,0.0,-150.0,0.0,0.3884547695970575,150,0.013207288458943367,1.1929197311401367,0.0,0.0,,638,none,B1,sac_her_pickandplace_randomized_500k
sac_her,contact_dropout,1,0.0,-150.0,0.0,0.3884547695970575,150,0.013207288458943367,1.1929197311401367,0.0,0.0,,639,none,B1,sac_her_pickandplace_randomized_500k
sac_her,contact_dropout,1,0.0,-150.0,0.0,0.3884547695970575,150,0.013207288458943367,1.1929197311401367,0.0,0.0,,640,none,B1,sac_her_pickandplace_randomized_500k
sac_her,contact_dropout,1,0.0,-150.0,0.0,0.3884547695970575,150,0.013207288458943367,1.1929197311401367,0.0,0.0,,641,none,B1,sac_her_pickandplace_randomized_500k
sac_her,contact_dropout,1,0.0,-150.0,0.0,0.3884547695970575,150,0.013207288458943367,1.1929197311401367,0.0,0.0,,642,none,B1,sac_her_pickandplace_randomized_500k
sac_her,contact_dropout,1,0.0,-150.0,0.0,0.3884547695970575,150,0.013207288458943367,1.1929197311401367,0.0,0.0,,643,none,B1,sac_her_pickandplace_randomized_500k
sac_her,contact_dropout,1,0.0,-150.0,0.0,0.3884547695970575,150,0.013207288458943367,1.1929197311401367,0.0,0.0,,644,none,B1,sac_her_pickandplace_randomized_500k
sac_her,contact_dropout,1,0.0,-150.0,0.0,0.3884547695970575,150,0.013207288458943367,1.1929197311401367,0.0,0.0,,645,none,B1,sac_her_pickandplace_randomized_500k
sac_her,contact_dropout,1,0.0,-150.0,0.0,0.3884547695970575,150,0.013207288458943367,1.1929197311401367,0.0,0.0,,646,none,B1,sac_her_pickandplace_randomized_500k
sac_her,contact_dropout,1,0.0,-150.0,0.0,0.3884547695970575,150,0.013207288458943367,1.1929197311401367,0.0,0.0,,647,none,B1,sac_her_pickandplace_randomized_500k
sac_her,contact_dropout,1,0.0,-150.0,0.0,0.3884547695970575,150,0.013207288458943367,1.1929197311401367,0.0,0.0,,648,none,B1,sac_her_pickandplace_randomized_500k
sac_her,contact_dropout,1,0.0,-150.0,0.0,0.3884547695970575,150,0.013207288458943367,1.1929197311401367,0.0,0.0,,649,none,B1,sac_her_pickandplace_randomized_500k
sac_her,contact_dropout,1,0.0,-150.0,0.0,0.3884547695970575,150,0.013207288458943367,1.1929197311401367,0.0,0.0,,650,none,B1,sac_her_pickandplace_randomized_500k
sac_her,contact_dropout,1,0.0,-150.0,0.0,0.3884547695970575,150,0.013207288458943367,1.1929197311401367,0.0,0.0,,651,none,B1,sac_her_pickandplace_randomized_500k
sac_her,contact_dropout,1,0.0,-150.0,0.0,0.3884547695970575,150,0.013207288458943367,1.1929197311401367,0.0,0.0,,652,none,B1,sac_her_pickandplace_randomized_500k
sac_her,contact_dropout,1,0.0,-150.0,0.0,0.3884547695970575,150,0.013207288458943367,1.1929197311401367,0.0,0.0,,653,none,B1,sac_her_pickandplace_randomized_500k
sac_her,contact_dropout,1,0.0,-150.0,0.0,0.3884547695970575,150,0.013207288458943367,1.1929197311401367,0.0,0.0,,654,none,B1,sac_her_pickandplace_randomized_500k
sac_her,contact_dropout,1,0.0,-150.0,0.0,0.3884547695970575,150,0.013207288458943367,1.1929197311401367,0.0,0.0,,655,none,B1,sac_her_pickandplace_randomized_500k
sac_her,contact_dropout,1,0.0,-150.0,0.0,0.3884547695970575,150,0.013207288458943367,1.1929197311401367,0.0,0.0,,656,none,B1,sac_her_pickandplace_randomized_500k
sac_her,contact_dropout,1,0.0,-150.0,0.0,0.3884547695970575,150,0.013207288458943367,1.1929197311401367,0.0,0.0,,657,none,B1,sac_her_pickandplace_randomized_500k
sac_her,contact_dropout,1,0.0,-150.0,0.0,0.3884547695970575,150,0.013207288458943367,1.1929197311401367,0.0,0.0,,658,none,B1,sac_her_pickandplace_randomized_500k
sac_her,contact_dropout,1,0.0,-150.0,0.0,0.3884547695970575,150,0.013207288458943367,1.1929197311401367,0.0,0.0,,659,none,B1,sac_her_pickandplace_randomized_500k
sac_her,clean,2,0.0,-150.0,0.0,0.2364647540081676,150,0.01609344407916069,0.7316124439239502,0.0,0.0,,660,none,B0,sac_her_pickandplace_randomized_500k
sac_her,clean,2,0.0,-150.0,0.0,0.2364647540081676,150,0.01609344407916069,0.7316124439239502,0.0,0.0,,661,none,B0,sac_her_pickandplace_randomized_500k
sac_her,clean,2,0.0,-150.0,0.0,0.2364647540081676,150,0.01609344407916069,0.7316124439239502,0.0,0.0,,662,none,B0,sac_her_pickandplace_randomized_500k
sac_her,clean,2,0.0,-150.0,0.0,0.2364647540081676,150,0.01609344407916069,0.7316124439239502,0.0,0.0,,663,none,B0,sac_her_pickandplace_randomized_500k
sac_her,clean,2,0.0,-150.0,0.0,0.2364647540081676,150,0.01609344407916069,0.7316124439239502,0.0,0.0,,664,none,B0,sac_her_pickandplace_randomized_500k
sac_her,clean,2,0.0,-150.0,0.0,0.2364647540081676,150,0.01609344407916069,0.7316124439239502,0.0,0.0,,665,none,B0,sac_her_pickandplace_randomized_500k
sac_her,clean,2,0.0,-150.0,0.0,0.2364647540081676,150,0.01609344407916069,0.7316124439239502,0.0,0.0,,666,none,B0,sac_her_pickandplace_randomized_500k
sac_her,clean,2,0.0,-150.0,0.0,0.2364647540081676,150,0.01609344407916069,0.7316124439239502,0.0,0.0,,667,none,B0,sac_her_pickandplace_randomized_500k
sac_her,clean,2,0.0,-150.0,0.0,0.2364647540081676,150,0.01609344407916069,0.7316124439239502,0.0,0.0,,668,none,B0,sac_her_pickandplace_randomized_500k
sac_her,clean,2,0.0,-150.0,0.0,0.2364647540081676,150,0.01609344407916069,0.7316124439239502,0.0,0.0,,669,none,B0,sac_her_pickandplace_randomized_500k
sac_her,clean,2,0.0,-150.0,0.0,0.2364647540081676,150,0.01609344407916069,0.7316124439239502,0.0,0.0,,670,none,B0,sac_her_pickandplace_randomized_500k
sac_her,clean,2,0.0,-150.0,0.0,0.2364647540081676,150,0.01609344407916069,0.7316124439239502,0.0,0.0,,671,none,B0,sac_her_pickandplace_randomized_500k
sac_her,clean,2,0.0,-150.0,0.0,0.2364647540081676,150,0.01609344407916069,0.7316124439239502,0.0,0.0,,672,none,B0,sac_her_pickandplace_randomized_500k
sac_her,clean,2,0.0,-150.0,0.0,0.2364647540081676,150,0.01609344407916069,0.7316124439239502,0.0,0.0,,673,none,B0,sac_her_pickandplace_randomized_500k
sac_her,clean,2,0.0,-150.0,0.0,0.2364647540081676,150,0.01609344407916069,0.7316124439239502,0.0,0.0,,674,none,B0,sac_her_pickandplace_randomized_500k
sac_her,clean,2,0.0,-150.0,0.0,0.2364647540081676,150,0.01609344407916069,0.7316124439239502,0.0,0.0,,675,none,B0,sac_her_pickandplace_randomized_500k
sac_her,clean,2,0.0,-150.0,0.0,0.2364647540081676,150,0.01609344407916069,0.7316124439239502,0.0,0.0,,676,none,B0,sac_her_pickandplace_randomized_500k
sac_her,clean,2,0.0,-150.0,0.0,0.2364647540081676,150,0.01609344407916069,0.7316124439239502,0.0,0.0,,677,none,B0,sac_her_pickandplace_randomized_500k
sac_her,clean,2,0.0,-150.0,0.0,0.2364647540081676,150,0.01609344407916069,0.7316124439239502,0.0,0.0,,678,none,B0,sac_her_pickandplace_randomized_500k
sac_her,clean,2,0.0,-150.0,0.0,0.2364647540081676,150,0.01609344407916069,0.7316124439239502,0.0,0.0,,679,none,B0,sac_her_pickandplace_randomized_500k
sac_her,clean,2,0.0,-150.0,0.0,0.2364647540081676,150,0.01609344407916069,0.7316124439239502,0.0,0.0,,680,none,B0,sac_her_pickandplace_randomized_500k
sac_her,clean,2,0.0,-150.0,0.0,0.2364647540081676,150,0.01609344407916069,0.7316124439239502,0.0,0.0,,681,none,B0,sac_her_pickandplace_randomized_500k
sac_her,clean,2,0.0,-150.0,0.0,0.2364647540081676,150,0.01609344407916069,0.7316124439239502,0.0,0.0,,682,none,B0,sac_her_pickandplace_randomized_500k
sac_her,clean,2,0.0,-150.0,0.0,0.2364647540081676,150,0.01609344407916069,0.7316124439239502,0.0,0.0,,683,none,B0,sac_her_pickandplace_randomized_500k
sac_her,clean,2,0.0,-150.0,0.0,0.2364647540081676,150,0.01609344407916069,0.7316124439239502,0.0,0.0,,684,none,B0,sac_her_pickandplace_randomized_500k
sac_her,clean,2,0.0,-150.0,0.0,0.2364647540081676,150,0.01609344407916069,0.7316124439239502,0.0,0.0,,685,none,B0,sac_her_pickandplace_randomized_500k
sac_her,clean,2,0.0,-150.0,0.0,0.2364647540081676,150,0.01609344407916069,0.7316124439239502,0.0,0.0,,686,none,B0,sac_her_pickandplace_randomized_500k
sac_her,clean,2,0.0,-150.0,0.0,0.2364647540081676,150,0.01609344407916069,0.7316124439239502,0.0,0.0,,687,none,B0,sac_her_pickandplace_randomized_500k
sac_her,clean,2,0.0,-150.0,0.0,0.2364647540081676,150,0.01609344407916069,0.7316124439239502,0.0,0.0,,688,none,B0,sac_her_pickandplace_randomized_500k
sac_her,clean,2,0.0,-150.0,0.0,0.2364647540081676,150,0.01609344407916069,0.7316124439239502,0.0,0.0,,689,none,B0,sac_her_pickandplace_randomized_500k
sac_her,sensor_dropout,2,0.0,-150.0,0.0,0.2364647540081676,150,2.4001869380896323e-09,1.776407241821289,0.0,0.0,,690,none,B1,sac_her_pickandplace_randomized_500k
sac_her,sensor_dropout,2,0.0,-150.0,0.0,0.2364647540081676,150,2.4001869380896323e-09,1.776407241821289,0.0,0.0,,691,none,B1,sac_her_pickandplace_randomized_500k
sac_her,sensor_dropout,2,0.0,-150.0,0.0,0.2364647540081676,150,2.4001869380896323e-09,1.776407241821289,0.0,0.0,,692,none,B1,sac_her_pickandplace_randomized_500k
sac_her,sensor_dropout,2,0.0,-150.0,0.0,0.2364647540081676,150,2.4001869380896323e-09,1.776407241821289,0.0,0.0,,693,none,B1,sac_her_pickandplace_randomized_500k
sac_her,sensor_dropout,2,0.0,-150.0,0.0,0.2364647540081676,150,2.4001869380896323e-09,1.776407241821289,0.0,0.0,,694,none,B1,sac_her_pickandplace_randomized_500k
sac_her,sensor_dropout,2,0.0,-150.0,0.0,0.2364647540081676,150,2.4001869380896323e-09,1.776407241821289,0.0,0.0,,695,none,B1,sac_her_pickandplace_randomized_500k
sac_her,sensor_dropout,2,0.0,-150.0,0.0,0.2364647540081676,150,2.4001869380896323e-09,1.776407241821289,0.0,0.0,,696,none,B1,sac_her_pickandplace_randomized_500k
sac_her,sensor_dropout,2,0.0,-150.0,0.0,0.2364647540081676,150,2.4001869380896323e-09,1.776407241821289,0.0,0.0,,697,none,B1,sac_her_pickandplace_randomized_500k
sac_her,sensor_dropout,2,0.0,-150.0,0.0,0.2364647540081676,150,2.4001869380896323e-09,1.776407241821289,0.0,0.0,,698,none,B1,sac_her_pickandplace_randomized_500k
sac_her,sensor_dropout,2,0.0,-150.0,0.0,0.2364647540081676,150,2.4001869380896323e-09,1.776407241821289,0.0,0.0,,699,none,B1,sac_her_pickandplace_randomized_500k
sac_her,sensor_dropout,2,0.0,-150.0,0.0,0.2364647540081676,150,2.4001869380896323e-09,1.776407241821289,0.0,0.0,,700,none,B1,sac_her_pickandplace_randomized_500k
sac_her,sensor_dropout,2,0.0,-150.0,0.0,0.2364647540081676,150,2.4001869380896323e-09,1.776407241821289,0.0,0.0,,701,none,B1,sac_her_pickandplace_randomized_500k
sac_her,sensor_dropout,2,0.0,-150.0,0.0,0.2364647540081676,150,2.4001869380896323e-09,1.776407241821289,0.0,0.0,,702,none,B1,sac_her_pickandplace_randomized_500k
sac_her,sensor_dropout,2,0.0,-150.0,0.0,0.2364647540081676,150,2.4001869380896323e-09,1.776407241821289,0.0,0.0,,703,none,B1,sac_her_pickandplace_randomized_500k
sac_her,sensor_dropout,2,0.0,-150.0,0.0,0.2364647540081676,150,2.4001869380896323e-09,1.776407241821289,0.0,0.0,,704,none,B1,sac_her_pickandplace_randomized_500k
sac_her,sensor_dropout,2,0.0,-150.0,0.0,0.2364647540081676,150,2.4001869380896323e-09,1.776407241821289,0.0,0.0,,705,none,B1,sac_her_pickandplace_randomized_500k
sac_her,sensor_dropout,2,0.0,-150.0,0.0,0.2364647540081676,150,2.4001869380896323e-09,1.776407241821289,0.0,0.0,,706,none,B1,sac_her_pickandplace_randomized_500k
sac_her,sensor_dropout,2,0.0,-150.0,0.0,0.2364647540081676,150,2.4001869380896323e-09,1.776407241821289,0.0,0.0,,707,none,B1,sac_her_pickandplace_randomized_500k
sac_her,sensor_dropout,2,0.0,-150.0,0.0,0.2364647540081676,150,2.4001869380896323e-09,1.776407241821289,0.0,0.0,,708,none,B1,sac_her_pickandplace_randomized_500k
sac_her,sensor_dropout,2,0.0,-150.0,0.0,0.2364647540081676,150,2.4001869380896323e-09,1.776407241821289,0.0,0.0,,709,none,B1,sac_her_pickandplace_randomized_500k
sac_her,sensor_dropout,2,0.0,-150.0,0.0,0.2364647540081676,150,2.4001869380896323e-09,1.776407241821289,0.0,0.0,,710,none,B1,sac_her_pickandplace_randomized_500k
sac_her,sensor_dropout,2,0.0,-150.0,0.0,0.2364647540081676,150,2.4001869380896323e-09,1.776407241821289,0.0,0.0,,711,none,B1,sac_her_pickandplace_randomized_500k
sac_her,sensor_dropout,2,0.0,-150.0,0.0,0.2364647540081676,150,2.4001869380896323e-09,1.776407241821289,0.0,0.0,,712,none,B1,sac_her_pickandplace_randomized_500k
sac_her,sensor_dropout,2,0.0,-150.0,0.0,0.2364647540081676,150,2.4001869380896323e-09,1.776407241821289,0.0,0.0,,713,none,B1,sac_her_pickandplace_randomized_500k
sac_her,sensor_dropout,2,0.0,-150.0,0.0,0.2364647540081676,150,2.4001869380896323e-09,1.776407241821289,0.0,0.0,,714,none,B1,sac_her_pickandplace_randomized_500k
sac_her,sensor_dropout,2,0.0,-150.0,0.0,0.2364647540081676,150,2.4001869380896323e-09,1.776407241821289,0.0,0.0,,715,none,B1,sac_her_pickandplace_randomized_500k
sac_her,sensor_dropout,2,0.0,-150.0,0.0,0.2364647540081676,150,2.4001869380896323e-09,1.776407241821289,0.0,0.0,,716,none,B1,sac_her_pickandplace_randomized_500k
sac_her,sensor_dropout,2,0.0,-150.0,0.0,0.2364647540081676,150,2.4001869380896323e-09,1.776407241821289,0.0,0.0,,717,none,B1,sac_her_pickandplace_randomized_500k
sac_her,sensor_dropout,2,0.0,-150.0,0.0,0.2364647540081676,150,2.4001869380896323e-09,1.776407241821289,0.0,0.0,,718,none,B1,sac_her_pickandplace_randomized_500k
sac_her,sensor_dropout,2,0.0,-150.0,0.0,0.2364647540081676,150,2.4001869380896323e-09,1.776407241821289,0.0,0.0,,719,none,B1,sac_her_pickandplace_randomized_500k
sac_her,sensor_bias,2,0.1,-150.0,0.0,0.2364647540081676,150,0.10210960358381271,1.4269356727600098,0.0,0.0,,720,none,B1,sac_her_pickandplace_randomized_500k
sac_her,sensor_bias,2,0.1,-150.0,0.0,0.2364647540081676,150,0.021723389625549316,1.1298354864120483,0.0,0.0,,721,none,B1,sac_her_pickandplace_randomized_500k
sac_her,sensor_bias,2,0.1,-150.0,0.0,0.2364647540081676,150,0.07119273394346237,0.5889214277267456,0.0,0.0,,722,none,B1,sac_her_pickandplace_randomized_500k
sac_her,sensor_bias,2,0.1,-150.0,0.0,0.2364647540081676,150,0.0594281367957592,1.1050668954849243,0.0,0.0,,723,none,B1,sac_her_pickandplace_randomized_500k
sac_her,sensor_bias,2,0.1,-150.0,0.0,0.2364647540081676,150,0.02434307523071766,1.4660961627960205,0.0,0.0,,724,none,B1,sac_her_pickandplace_randomized_500k
sac_her,sensor_bias,2,0.1,-150.0,0.0,0.2364647540081676,150,0.09582999348640442,1.408485770225525,0.0,0.0,,725,none,B1,sac_her_pickandplace_randomized_500k
sac_her,sensor_bias,2,0.1,-150.0,0.0,0.2364647540081676,150,0.02656865492463112,1.770115613937378,0.0,0.0,,726,none,B1,sac_her_pickandplace_randomized_500k
sac_her,sensor_bias,2,0.1,-150.0,0.0,0.2364647540081676,150,0.0518033504486084,1.5051531791687012,0.0,0.0,,727,none,B1,sac_her_pickandplace_randomized_500k
sac_her,sensor_bias,2,0.1,-150.0,0.0,0.2364647540081676,150,0.03559044003486633,0.9623633027076721,0.0,0.0,,728,none,B1,sac_her_pickandplace_randomized_500k
sac_her,sensor_bias,2,0.1,-150.0,0.0,0.2364647540081676,150,0.10307027399539948,0.8544262647628784,0.0,0.0,,729,none,B1,sac_her_pickandplace_randomized_500k
sac_her,sensor_bias,2,0.1,-150.0,0.0,0.2364647540081676,150,0.021127568557858467,1.7646162509918213,0.0,0.0,,730,none,B1,sac_her_pickandplace_randomized_500k
sac_her,sensor_bias,2,0.1,-150.0,0.0,0.2364647540081676,150,0.041708193719387054,1.6333959102630615,0.0,0.0,,731,none,B1,sac_her_pickandplace_randomized_500k
sac_her,sensor_bias,2,0.1,-150.0,0.0,0.2364647540081676,150,0.015367685817182064,0.7637698650360107,0.0,0.0,,732,none,B1,sac_her_pickandplace_randomized_500k
sac_her,sensor_bias,2,0.1,-150.0,0.0,0.2364647540081676,150,0.09746765345335007,1.2288893461227417,0.0,0.0,,733,none,B1,sac_her_pickandplace_randomized_500k
sac_her,sensor_bias,2,0.1,-150.0,0.0,0.2364647540081676,150,0.047785963863134384,0.41517364978790283,0.0,0.0,,734,none,B1,sac_her_pickandplace_randomized_500k
sac_her,sensor_bias,2,0.1,-150.0,0.0,0.2364647540081676,150,0.035712629556655884,1.4968674182891846,0.0,0.0,,735,none,B1,sac_her_pickandplace_randomized_500k
sac_her,sensor_bias,2,0.1,-150.0,0.0,0.2364647540081676,150,0.057851843535900116,1.6016228199005127,0.0,0.0,,736,none,B1,sac_her_pickandplace_randomized_500k
sac_her,sensor_bias,2,0.1,-150.0,0.0,0.2364647540081676,150,0.02393370121717453,1.547387719154358,0.0,0.0,,737,none,B1,sac_her_pickandplace_randomized_500k
sac_her,sensor_bias,2,0.1,-150.0,0.0,0.2364647540081676,150,0.0290939062833786,1.7425956726074219,0.0,0.0,,738,none,B1,sac_her_pickandplace_randomized_500k
sac_her,sensor_bias,2,0.1,-150.0,0.0,0.2364647540081676,150,0.01799502782523632,1.4104361534118652,0.0,0.0,,739,none,B1,sac_her_pickandplace_randomized_500k
sac_her,sensor_bias,2,0.1,-150.0,0.0,0.2364647540081676,150,0.033432744443416595,1.4841763973236084,0.0,0.0,,740,none,B1,sac_her_pickandplace_randomized_500k
sac_her,sensor_bias,2,0.1,-150.0,0.0,0.2364647540081676,150,0.015180581249296665,1.6943546533584595,0.0,0.0,,741,none,B1,sac_her_pickandplace_randomized_500k
sac_her,sensor_bias,2,0.1,-150.0,0.0,0.2364647540081676,150,0.051686160266399384,1.4069551229476929,0.0,0.0,,742,none,B1,sac_her_pickandplace_randomized_500k
sac_her,sensor_bias,2,0.1,-150.0,0.0,0.2364647540081676,150,0.01870458945631981,1.8464289903640747,0.0,0.0,,743,none,B1,sac_her_pickandplace_randomized_500k
sac_her,sensor_bias,2,0.1,-150.0,0.0,0.2364647540081676,150,0.01738641783595085,1.4282368421554565,0.0,0.0,,744,none,B1,sac_her_pickandplace_randomized_500k
sac_her,sensor_bias,2,0.1,-150.0,0.0,0.2364647540081676,150,0.07710244506597519,1.6151933670043945,0.0,0.0,,745,none,B1,sac_her_pickandplace_randomized_500k
sac_her,sensor_bias,2,0.1,-150.0,0.0,0.2364647540081676,150,0.06855503469705582,0.780778169631958,0.0,0.0,,746,none,B1,sac_her_pickandplace_randomized_500k
sac_her,sensor_bias,2,0.1,-150.0,0.0,0.2364647540081676,150,0.07069889456033707,1.3046143054962158,0.0,0.0,,747,none,B1,sac_her_pickandplace_randomized_500k
sac_her,sensor_bias,2,0.1,-150.0,0.0,0.2364647540081676,150,0.05486966297030449,1.66232430934906,0.0,0.0,,748,none,B1,sac_her_pickandplace_randomized_500k
sac_her,sensor_bias,2,0.1,-150.0,0.0,0.2364647540081676,150,0.07816743105649948,1.0943899154663086,0.0,0.0,,749,none,B1,sac_her_pickandplace_randomized_500k
sac_her,action_clipping,2,0.3,-150.0,0.0,0.2364647540081676,150,0.006843423005193472,0.4230230450630188,0.0,0.0,,750,none,B1,sac_her_pickandplace_randomized_500k
sac_her,action_clipping,2,0.3,-150.0,0.0,0.2364647540081676,150,0.006843423005193472,0.4230230450630188,0.0,0.0,,751,none,B1,sac_her_pickandplace_randomized_500k
sac_her,action_clipping,2,0.3,-150.0,0.0,0.2364647540081676,150,0.006843423005193472,0.4230230450630188,0.0,0.0,,752,none,B1,sac_her_pickandplace_randomized_500k
sac_her,action_clipping,2,0.3,-150.0,0.0,0.2364647540081676,150,0.006843423005193472,0.4230230450630188,0.0,0.0,,753,none,B1,sac_her_pickandplace_randomized_500k
sac_her,action_clipping,2,0.3,-150.0,0.0,0.2364647540081676,150,0.006843423005193472,0.4230230450630188,0.0,0.0,,754,none,B1,sac_her_pickandplace_randomized_500k
sac_her,action_clipping,2,0.3,-150.0,0.0,0.2364647540081676,150,0.006843423005193472,0.4230230450630188,0.0,0.0,,755,none,B1,sac_her_pickandplace_randomized_500k
sac_her,action_clipping,2,0.3,-150.0,0.0,0.2364647540081676,150,0.006843423005193472,0.4230230450630188,0.0,0.0,,756,none,B1,sac_her_pickandplace_randomized_500k
sac_her,action_clipping,2,0.3,-150.0,0.0,0.2364647540081676,150,0.006843423005193472,0.4230230450630188,0.0,0.0,,757,none,B1,sac_her_pickandplace_randomized_500k
sac_her,action_clipping,2,0.3,-150.0,0.0,0.2364647540081676,150,0.006843423005193472,0.4230230450630188,0.0,0.0,,758,none,B1,sac_her_pickandplace_randomized_500k
sac_her,action_clipping,2,0.3,-150.0,0.0,0.2364647540081676,150,0.006843423005193472,0.4230230450630188,0.0,0.0,,759,none,B1,sac_her_pickandplace_randomized_500k
sac_her,action_clipping,2,0.3,-150.0,0.0,0.2364647540081676,150,0.006843423005193472,0.4230230450630188,0.0,0.0,,760,none,B1,sac_her_pickandplace_randomized_500k
sac_her,action_clipping,2,0.3,-150.0,0.0,0.2364647540081676,150,0.006843423005193472,0.4230230450630188,0.0,0.0,,761,none,B1,sac_her_pickandplace_randomized_500k
sac_her,action_clipping,2,0.3,-150.0,0.0,0.2364647540081676,150,0.006843423005193472,0.4230230450630188,0.0,0.0,,762,none,B1,sac_her_pickandplace_randomized_500k
sac_her,action_clipping,2,0.3,-150.0,0.0,0.2364647540081676,150,0.006843423005193472,0.4230230450630188,0.0,0.0,,763,none,B1,sac_her_pickandplace_randomized_500k
sac_her,action_clipping,2,0.3,-150.0,0.0,0.2364647540081676,150,0.006843423005193472,0.4230230450630188,0.0,0.0,,764,none,B1,sac_her_pickandplace_randomized_500k
sac_her,action_clipping,2,0.3,-150.0,0.0,0.2364647540081676,150,0.006843423005193472,0.4230230450630188,0.0,0.0,,765,none,B1,sac_her_pickandplace_randomized_500k
sac_her,action_clipping,2,0.3,-150.0,0.0,0.2364647540081676,150,0.006843423005193472,0.4230230450630188,0.0,0.0,,766,none,B1,sac_her_pickandplace_randomized_500k
sac_her,action_clipping,2,0.3,-150.0,0.0,0.2364647540081676,150,0.006843423005193472,0.4230230450630188,0.0,0.0,,767,none,B1,sac_her_pickandplace_randomized_500k
sac_her,action_clipping,2,0.3,-150.0,0.0,0.2364647540081676,150,0.006843423005193472,0.4230230450630188,0.0,0.0,,768,none,B1,sac_her_pickandplace_randomized_500k
sac_her,action_clipping,2,0.3,-150.0,0.0,0.2364647540081676,150,0.006843423005193472,0.4230230450630188,0.0,0.0,,769,none,B1,sac_her_pickandplace_randomized_500k
sac_her,action_clipping,2,0.3,-150.0,0.0,0.2364647540081676,150,0.006843423005193472,0.4230230450630188,0.0,0.0,,770,none,B1,sac_her_pickandplace_randomized_500k
sac_her,action_clipping,2,0.3,-150.0,0.0,0.2364647540081676,150,0.006843423005193472,0.4230230450630188,0.0,0.0,,771,none,B1,sac_her_pickandplace_randomized_500k
sac_her,action_clipping,2,0.3,-150.0,0.0,0.2364647540081676,150,0.006843423005193472,0.4230230450630188,0.0,0.0,,772,none,B1,sac_her_pickandplace_randomized_500k
sac_her,action_clipping,2,0.3,-150.0,0.0,0.2364647540081676,150,0.006843423005193472,0.4230230450630188,0.0,0.0,,773,none,B1,sac_her_pickandplace_randomized_500k
sac_her,action_clipping,2,0.3,-150.0,0.0,0.2364647540081676,150,0.006843423005193472,0.4230230450630188,0.0,0.0,,774,none,B1,sac_her_pickandplace_randomized_500k
sac_her,action_clipping,2,0.3,-150.0,0.0,0.2364647540081676,150,0.006843423005193472,0.4230230450630188,0.0,0.0,,775,none,B1,sac_her_pickandplace_randomized_500k
sac_her,action_clipping,2,0.3,-150.0,0.0,0.2364647540081676,150,0.006843423005193472,0.4230230450630188,0.0,0.0,,776,none,B1,sac_her_pickandplace_randomized_500k
sac_her,action_clipping,2,0.3,-150.0,0.0,0.2364647540081676,150,0.006843423005193472,0.4230230450630188,0.0,0.0,,777,none,B1,sac_her_pickandplace_randomized_500k
sac_her,action_clipping,2,0.3,-150.0,0.0,0.2364647540081676,150,0.006843423005193472,0.4230230450630188,0.0,0.0,,778,none,B1,sac_her_pickandplace_randomized_500k
sac_her,action_clipping,2,0.3,-150.0,0.0,0.2364647540081676,150,0.006843423005193472,0.4230230450630188,0.0,0.0,,779,none,B1,sac_her_pickandplace_randomized_500k
sac_her,action_delay,2,0.0,-150.0,0.0,0.2364647540081676,150,0.020727571099996567,0.7213298678398132,0.0,0.0,,780,none,B1,sac_her_pickandplace_randomized_500k
sac_her,action_delay,2,0.0,-150.0,0.0,0.2364647540081676,150,0.020727571099996567,0.7213298678398132,0.0,0.0,,781,none,B1,sac_her_pickandplace_randomized_500k
sac_her,action_delay,2,0.0,-150.0,0.0,0.2364647540081676,150,0.020727571099996567,0.7213298678398132,0.0,0.0,,782,none,B1,sac_her_pickandplace_randomized_500k
sac_her,action_delay,2,0.0,-150.0,0.0,0.2364647540081676,150,0.020727571099996567,0.7213298678398132,0.0,0.0,,783,none,B1,sac_her_pickandplace_randomized_500k
sac_her,action_delay,2,0.0,-150.0,0.0,0.2364647540081676,150,0.020727571099996567,0.7213298678398132,0.0,0.0,,784,none,B1,sac_her_pickandplace_randomized_500k
sac_her,action_delay,2,0.0,-150.0,0.0,0.2364647540081676,150,0.020727571099996567,0.7213298678398132,0.0,0.0,,785,none,B1,sac_her_pickandplace_randomized_500k
sac_her,action_delay,2,0.0,-150.0,0.0,0.2364647540081676,150,0.020727571099996567,0.7213298678398132,0.0,0.0,,786,none,B1,sac_her_pickandplace_randomized_500k
sac_her,action_delay,2,0.0,-150.0,0.0,0.2364647540081676,150,0.020727571099996567,0.7213298678398132,0.0,0.0,,787,none,B1,sac_her_pickandplace_randomized_500k
sac_her,action_delay,2,0.0,-150.0,0.0,0.2364647540081676,150,0.020727571099996567,0.7213298678398132,0.0,0.0,,788,none,B1,sac_her_pickandplace_randomized_500k
sac_her,action_delay,2,0.0,-150.0,0.0,0.2364647540081676,150,0.020727571099996567,0.7213298678398132,0.0,0.0,,789,none,B1,sac_her_pickandplace_randomized_500k
sac_her,action_delay,2,0.0,-150.0,0.0,0.2364647540081676,150,0.020727571099996567,0.7213298678398132,0.0,0.0,,790,none,B1,sac_her_pickandplace_randomized_500k
sac_her,action_delay,2,0.0,-150.0,0.0,0.2364647540081676,150,0.020727571099996567,0.7213298678398132,0.0,0.0,,791,none,B1,sac_her_pickandplace_randomized_500k
sac_her,action_delay,2,0.0,-150.0,0.0,0.2364647540081676,150,0.020727571099996567,0.7213298678398132,0.0,0.0,,792,none,B1,sac_her_pickandplace_randomized_500k
sac_her,action_delay,2,0.0,-150.0,0.0,0.2364647540081676,150,0.020727571099996567,0.7213298678398132,0.0,0.0,,793,none,B1,sac_her_pickandplace_randomized_500k
sac_her,action_delay,2,0.0,-150.0,0.0,0.2364647540081676,150,0.020727571099996567,0.7213298678398132,0.0,0.0,,794,none,B1,sac_her_pickandplace_randomized_500k
sac_her,action_delay,2,0.0,-150.0,0.0,0.2364647540081676,150,0.020727571099996567,0.7213298678398132,0.0,0.0,,795,none,B1,sac_her_pickandplace_randomized_500k
sac_her,action_delay,2,0.0,-150.0,0.0,0.2364647540081676,150,0.020727571099996567,0.7213298678398132,0.0,0.0,,796,none,B1,sac_her_pickandplace_randomized_500k
sac_her,action_delay,2,0.0,-150.0,0.0,0.2364647540081676,150,0.020727571099996567,0.7213298678398132,0.0,0.0,,797,none,B1,sac_her_pickandplace_randomized_500k
sac_her,action_delay,2,0.0,-150.0,0.0,0.2364647540081676,150,0.020727571099996567,0.7213298678398132,0.0,0.0,,798,none,B1,sac_her_pickandplace_randomized_500k
sac_her,action_delay,2,0.0,-150.0,0.0,0.2364647540081676,150,0.020727571099996567,0.7213298678398132,0.0,0.0,,799,none,B1,sac_her_pickandplace_randomized_500k
sac_her,action_delay,2,0.0,-150.0,0.0,0.2364647540081676,150,0.020727571099996567,0.7213298678398132,0.0,0.0,,800,none,B1,sac_her_pickandplace_randomized_500k
sac_her,action_delay,2,0.0,-150.0,0.0,0.2364647540081676,150,0.020727571099996567,0.7213298678398132,0.0,0.0,,801,none,B1,sac_her_pickandplace_randomized_500k
sac_her,action_delay,2,0.0,-150.0,0.0,0.2364647540081676,150,0.020727571099996567,0.7213298678398132,0.0,0.0,,802,none,B1,sac_her_pickandplace_randomized_500k
sac_her,action_delay,2,0.0,-150.0,0.0,0.2364647540081676,150,0.020727571099996567,0.7213298678398132,0.0,0.0,,803,none,B1,sac_her_pickandplace_randomized_500k
sac_her,action_delay,2,0.0,-150.0,0.0,0.2364647540081676,150,0.020727571099996567,0.7213298678398132,0.0,0.0,,804,none,B1,sac_her_pickandplace_randomized_500k
sac_her,action_delay,2,0.0,-150.0,0.0,0.2364647540081676,150,0.020727571099996567,0.7213298678398132,0.0,0.0,,805,none,B1,sac_her_pickandplace_randomized_500k
sac_her,action_delay,2,0.0,-150.0,0.0,0.2364647540081676,150,0.020727571099996567,0.7213298678398132,0.0,0.0,,806,none,B1,sac_her_pickandplace_randomized_500k
sac_her,action_delay,2,0.0,-150.0,0.0,0.2364647540081676,150,0.020727571099996567,0.7213298678398132,0.0,0.0,,807,none,B1,sac_her_pickandplace_randomized_500k
sac_her,action_delay,2,0.0,-150.0,0.0,0.2364647540081676,150,0.020727571099996567,0.7213298678398132,0.0,0.0,,808,none,B1,sac_her_pickandplace_randomized_500k
sac_her,action_delay,2,0.0,-150.0,0.0,0.2364647540081676,150,0.020727571099996567,0.7213298678398132,0.0,0.0,,809,none,B1,sac_her_pickandplace_randomized_500k
sac_her,action_reversal,2,0.0,-150.0,0.0,0.2364647540081676,150,0.09377551823854446,1.5548988580703735,0.0,0.0,,810,none,B1,sac_her_pickandplace_randomized_500k
sac_her,action_reversal,2,0.0,-150.0,0.0,0.2364647540081676,150,0.09377551823854446,1.5548988580703735,0.0,0.0,,811,none,B1,sac_her_pickandplace_randomized_500k
sac_her,action_reversal,2,0.0,-150.0,0.0,0.2364647540081676,150,0.09377551823854446,1.5548988580703735,0.0,0.0,,812,none,B1,sac_her_pickandplace_randomized_500k
sac_her,action_reversal,2,0.0,-150.0,0.0,0.2364647540081676,150,0.09377551823854446,1.5548988580703735,0.0,0.0,,813,none,B1,sac_her_pickandplace_randomized_500k
sac_her,action_reversal,2,0.0,-150.0,0.0,0.2364647540081676,150,0.09377551823854446,1.5548988580703735,0.0,0.0,,814,none,B1,sac_her_pickandplace_randomized_500k
sac_her,action_reversal,2,0.0,-150.0,0.0,0.2364647540081676,150,0.09377551823854446,1.5548988580703735,0.0,0.0,,815,none,B1,sac_her_pickandplace_randomized_500k
sac_her,action_reversal,2,0.0,-150.0,0.0,0.2364647540081676,150,0.09377551823854446,1.5548988580703735,0.0,0.0,,816,none,B1,sac_her_pickandplace_randomized_500k
sac_her,action_reversal,2,0.0,-150.0,0.0,0.2364647540081676,150,0.09377551823854446,1.5548988580703735,0.0,0.0,,817,none,B1,sac_her_pickandplace_randomized_500k
sac_her,action_reversal,2,0.0,-150.0,0.0,0.2364647540081676,150,0.09377551823854446,1.5548988580703735,0.0,0.0,,818,none,B1,sac_her_pickandplace_randomized_500k
sac_her,action_reversal,2,0.0,-150.0,0.0,0.2364647540081676,150,0.09377551823854446,1.5548988580703735,0.0,0.0,,819,none,B1,sac_her_pickandplace_randomized_500k
sac_her,action_reversal,2,0.0,-150.0,0.0,0.2364647540081676,150,0.09377551823854446,1.5548988580703735,0.0,0.0,,820,none,B1,sac_her_pickandplace_randomized_500k
sac_her,action_reversal,2,0.0,-150.0,0.0,0.2364647540081676,150,0.09377551823854446,1.5548988580703735,0.0,0.0,,821,none,B1,sac_her_pickandplace_randomized_500k
sac_her,action_reversal,2,0.0,-150.0,0.0,0.2364647540081676,150,0.09377551823854446,1.5548988580703735,0.0,0.0,,822,none,B1,sac_her_pickandplace_randomized_500k
sac_her,action_reversal,2,0.0,-150.0,0.0,0.2364647540081676,150,0.09377551823854446,1.5548988580703735,0.0,0.0,,823,none,B1,sac_her_pickandplace_randomized_500k
sac_her,action_reversal,2,0.0,-150.0,0.0,0.2364647540081676,150,0.09377551823854446,1.5548988580703735,0.0,0.0,,824,none,B1,sac_her_pickandplace_randomized_500k
sac_her,action_reversal,2,0.0,-150.0,0.0,0.2364647540081676,150,0.09377551823854446,1.5548988580703735,0.0,0.0,,825,none,B1,sac_her_pickandplace_randomized_500k
sac_her,action_reversal,2,0.0,-150.0,0.0,0.2364647540081676,150,0.09377551823854446,1.5548988580703735,0.0,0.0,,826,none,B1,sac_her_pickandplace_randomized_500k
sac_her,action_reversal,2,0.0,-150.0,0.0,0.2364647540081676,150,0.09377551823854446,1.5548988580703735,0.0,0.0,,827,none,B1,sac_her_pickandplace_randomized_500k
sac_her,action_reversal,2,0.0,-150.0,0.0,0.2364647540081676,150,0.09377551823854446,1.5548988580703735,0.0,0.0,,828,none,B1,sac_her_pickandplace_randomized_500k
sac_her,action_reversal,2,0.0,-150.0,0.0,0.2364647540081676,150,0.09377551823854446,1.5548988580703735,0.0,0.0,,829,none,B1,sac_her_pickandplace_randomized_500k
sac_her,action_reversal,2,0.0,-150.0,0.0,0.2364647540081676,150,0.09377551823854446,1.5548988580703735,0.0,0.0,,830,none,B1,sac_her_pickandplace_randomized_500k
sac_her,action_reversal,2,0.0,-150.0,0.0,0.2364647540081676,150,0.09377551823854446,1.5548988580703735,0.0,0.0,,831,none,B1,sac_her_pickandplace_randomized_500k
sac_her,action_reversal,2,0.0,-150.0,0.0,0.2364647540081676,150,0.09377551823854446,1.5548988580703735,0.0,0.0,,832,none,B1,sac_her_pickandplace_randomized_500k
sac_her,action_reversal,2,0.0,-150.0,0.0,0.2364647540081676,150,0.09377551823854446,1.5548988580703735,0.0,0.0,,833,none,B1,sac_her_pickandplace_randomized_500k
sac_her,action_reversal,2,0.0,-150.0,0.0,0.2364647540081676,150,0.09377551823854446,1.5548988580703735,0.0,0.0,,834,none,B1,sac_her_pickandplace_randomized_500k
sac_her,action_reversal,2,0.0,-150.0,0.0,0.2364647540081676,150,0.09377551823854446,1.5548988580703735,0.0,0.0,,835,none,B1,sac_her_pickandplace_randomized_500k
sac_her,action_reversal,2,0.0,-150.0,0.0,0.2364647540081676,150,0.09377551823854446,1.5548988580703735,0.0,0.0,,836,none,B1,sac_her_pickandplace_randomized_500k
sac_her,action_reversal,2,0.0,-150.0,0.0,0.2364647540081676,150,0.09377551823854446,1.5548988580703735,0.0,0.0,,837,none,B1,sac_her_pickandplace_randomized_500k
sac_her,action_reversal,2,0.0,-150.0,0.0,0.2364647540081676,150,0.09377551823854446,1.5548988580703735,0.0,0.0,,838,none,B1,sac_her_pickandplace_randomized_500k
sac_her,action_reversal,2,0.0,-150.0,0.0,0.2364647540081676,150,0.09377551823854446,1.5548988580703735,0.0,0.0,,839,none,B1,sac_her_pickandplace_randomized_500k
sac_her,goal_spoof_immediate,2,0.1,-150.0,0.0,0.2364647540081676,150,0.04814264178276062,1.2003027200698853,0.0,0.0,,840,none,B1,sac_her_pickandplace_randomized_500k
sac_her,goal_spoof_immediate,2,0.1,-150.0,0.0,0.2364647540081676,150,0.06542716920375824,1.500718355178833,0.0,0.0,,841,none,B1,sac_her_pickandplace_randomized_500k
sac_her,goal_spoof_immediate,2,0.1,-150.0,0.0,0.2364647540081676,150,1.0638837814331055,0.5714415311813354,0.0,0.0,,842,none,B1,sac_her_pickandplace_randomized_500k
sac_her,goal_spoof_immediate,2,0.1,-150.0,0.0,0.2364647540081676,150,0.10701648890972137,1.2181742191314697,0.0,0.0,,843,none,B1,sac_her_pickandplace_randomized_500k
sac_her,goal_spoof_immediate,2,0.1,-150.0,0.0,0.2364647540081676,150,0.08905602991580963,1.5773227214813232,0.0,0.0,,844,none,B1,sac_her_pickandplace_randomized_500k
sac_her,goal_spoof_immediate,2,0.1,-150.0,0.0,0.2364647540081676,150,0.042540568858385086,1.6685774326324463,0.0,0.0,,845,none,B1,sac_her_pickandplace_randomized_500k
sac_her,goal_spoof_immediate,2,0.1,-150.0,0.0,0.2364647540081676,150,0.333332896232605,0.7947973608970642,0.0,0.0,,846,none,B1,sac_her_pickandplace_randomized_500k
sac_her,goal_spoof_immediate,2,0.1,-150.0,0.0,0.2364647540081676,150,0.07763034850358963,1.3403631448745728,0.0,0.0,,847,none,B1,sac_her_pickandplace_randomized_500k
sac_her,goal_spoof_immediate,2,0.1,-150.0,0.0,0.2364647540081676,150,0.024341169744729996,0.9830656051635742,0.0,0.0,,848,none,B1,sac_her_pickandplace_randomized_500k
sac_her,goal_spoof_immediate,2,0.1,-150.0,0.0,0.2364647540081676,150,1.503836989402771,0.8771533370018005,0.0,0.0,,849,none,B1,sac_her_pickandplace_randomized_500k
sac_her,goal_spoof_immediate,2,0.1,-150.0,0.0,0.2364647540081676,150,0.039735570549964905,1.4522194862365723,0.0,0.0,,850,none,B1,sac_her_pickandplace_randomized_500k
sac_her,goal_spoof_immediate,2,0.1,-150.0,0.0,0.2364647540081676,150,0.09116151928901672,1.5440161228179932,0.0,0.0,,851,none,B1,sac_her_pickandplace_randomized_500k
sac_her,goal_spoof_immediate,2,0.1,-150.0,0.0,0.2364647540081676,150,0.0955093577504158,1.558959722518921,0.0,0.0,,852,none,B1,sac_her_pickandplace_randomized_500k
sac_her,goal_spoof_immediate,2,0.1,-150.0,0.0,0.2364647540081676,150,1.5887082815170288,1.0762923955917358,0.0,0.0,,853,none,B1,sac_her_pickandplace_randomized_500k
sac_her,goal_spoof_immediate,2,0.1,-150.0,0.0,0.2364647540081676,150,0.028252659365534782,0.3956393003463745,0.0,0.0,,854,none,B1,sac_her_pickandplace_randomized_500k
sac_her,goal_spoof_immediate,2,0.1,-150.0,0.0,0.2364647540081676,150,0.032657794654369354,1.4765899181365967,0.0,0.0,,855,none,B1,sac_her_pickandplace_randomized_500k
sac_her,goal_spoof_immediate,2,0.1,-150.0,0.0,0.2364647540081676,150,0.06865106523036957,1.3851304054260254,0.0,0.0,,856,none,B1,sac_her_pickandplace_randomized_500k
sac_her,goal_spoof_immediate,2,0.1,-150.0,0.0,0.2364647540081676,150,0.09067639708518982,1.280442476272583,0.0,0.0,,857,none,B1,sac_her_pickandplace_randomized_500k
sac_her,goal_spoof_immediate,2,0.1,-150.0,0.0,0.2364647540081676,150,0.07519254833459854,1.3857065439224243,0.0,0.0,,858,none,B1,sac_her_pickandplace_randomized_500k
sac_her,goal_spoof_immediate,2,0.1,-150.0,0.0,0.2364647540081676,150,0.04187026247382164,1.4850175380706787,0.0,0.0,,859,none,B1,sac_her_pickandplace_randomized_500k
sac_her,goal_spoof_immediate,2,0.1,-150.0,0.0,0.2364647540081676,150,0.0446169376373291,0.5875539183616638,0.0,0.0,,860,none,B1,sac_her_pickandplace_randomized_500k
sac_her,goal_spoof_immediate,2,0.1,-150.0,0.0,0.2364647540081676,150,0.2861117422580719,1.0276471376419067,0.0,0.0,,861,none,B1,sac_her_pickandplace_randomized_500k
sac_her,goal_spoof_immediate,2,0.1,-150.0,0.0,0.2364647540081676,150,0.02773214504122734,0.20868219435214996,0.0,0.0,,862,none,B1,sac_her_pickandplace_randomized_500k
sac_her,goal_spoof_immediate,2,0.1,-150.0,0.0,0.2364647540081676,150,0.032982539385557175,0.9713708758354187,0.0,0.0,,863,none,B1,sac_her_pickandplace_randomized_500k
sac_her,goal_spoof_immediate,2,0.1,-150.0,0.0,0.2364647540081676,150,0.7226666808128357,0.5341336131095886,0.0,0.0,,864,none,B1,sac_her_pickandplace_randomized_500k
sac_her,goal_spoof_immediate,2,0.1,-150.0,0.0,0.2364647540081676,150,0.02469109371304512,0.8018448352813721,0.0,0.0,,865,none,B1,sac_her_pickandplace_randomized_500k
sac_her,goal_spoof_immediate,2,0.1,-150.0,0.0,0.2364647540081676,150,0.08284789323806763,1.3166652917861938,0.0,0.0,,866,none,B1,sac_her_pickandplace_randomized_500k
sac_her,goal_spoof_immediate,2,0.1,-150.0,0.0,0.2364647540081676,150,1.8371803760528564,1.0182075500488281,0.0,0.0,,867,none,B1,sac_her_pickandplace_randomized_500k
sac_her,goal_spoof_immediate,2,0.1,-150.0,0.0,0.2364647540081676,150,0.08826872706413269,1.3865940570831299,0.0,0.0,,868,none,B1,sac_her_pickandplace_randomized_500k
sac_her,goal_spoof_immediate,2,0.1,-150.0,0.0,0.2364647540081676,150,0.06342602521181107,0.9345373511314392,0.0,0.0,,869,none,B1,sac_her_pickandplace_randomized_500k
sac_her,goal_spoof_midep,2,0.1,-150.0,0.0,0.2364647540081676,150,0.20086729526519775,0.9580233693122864,0.0,0.0,,870,none,B1,sac_her_pickandplace_randomized_500k
sac_her,goal_spoof_midep,2,0.1,-150.0,0.0,0.2364647540081676,150,0.3197309374809265,0.5442660450935364,0.0,0.0,,871,none,B1,sac_her_pickandplace_randomized_500k
sac_her,goal_spoof_midep,2,0.1,-150.0,0.0,0.2364647540081676,150,0.06537691503763199,1.2808895111083984,0.0,0.0,,872,none,B1,sac_her_pickandplace_randomized_500k
sac_her,goal_spoof_midep,2,0.1,-150.0,0.0,0.2364647540081676,150,0.09185479581356049,1.2400866746902466,0.0,0.0,,873,none,B1,sac_her_pickandplace_randomized_500k
sac_her,goal_spoof_midep,2,0.1,-150.0,0.0,0.2364647540081676,150,0.020665830001235008,0.806425929069519,0.0,0.0,,874,none,B1,sac_her_pickandplace_randomized_500k
sac_her,goal_spoof_midep,2,0.1,-150.0,0.0,0.2364647540081676,150,0.44967037439346313,0.6515176296234131,0.0,0.0,,875,none,B1,sac_her_pickandplace_randomized_500k
sac_her,goal_spoof_midep,2,0.1,-150.0,0.0,0.2364647540081676,150,0.07898672670125961,1.1093096733093262,0.0,0.0,,876,none,B1,sac_her_pickandplace_randomized_500k
sac_her,goal_spoof_midep,2,0.1,-150.0,0.0,0.2364647540081676,150,0.07710935920476913,1.2172753810882568,0.0,0.0,,877,none,B1,sac_her_pickandplace_randomized_500k
sac_her,goal_spoof_midep,2,0.1,-150.0,0.0,0.2364647540081676,150,0.578647255897522,0.7910435795783997,0.0,0.0,,878,none,B1,sac_her_pickandplace_randomized_500k
sac_her,goal_spoof_midep,2,0.1,-150.0,0.0,0.2364647540081676,150,0.7127230763435364,0.802529513835907,0.0,0.0,,879,none,B1,sac_her_pickandplace_randomized_500k
sac_her,goal_spoof_midep,2,0.1,-150.0,0.0,0.2364647540081676,150,0.2495005875825882,0.4568692147731781,0.0,0.0,,880,none,B1,sac_her_pickandplace_randomized_500k
sac_her,goal_spoof_midep,2,0.1,-150.0,0.0,0.2364647540081676,150,0.06296893954277039,1.1674479246139526,0.0,0.0,,881,none,B1,sac_her_pickandplace_randomized_500k
sac_her,goal_spoof_midep,2,0.1,-150.0,0.0,0.2364647540081676,150,0.04772954434156418,1.1594903469085693,0.0,0.0,,882,none,B1,sac_her_pickandplace_randomized_500k
sac_her,goal_spoof_midep,2,0.1,-150.0,0.0,0.2364647540081676,150,0.026751335710287094,0.6565538644790649,0.0,0.0,,883,none,B1,sac_her_pickandplace_randomized_500k
sac_her,goal_spoof_midep,2,0.1,-150.0,0.0,0.2364647540081676,150,0.0695105791091919,1.3003803491592407,0.0,0.0,,884,none,B1,sac_her_pickandplace_randomized_500k
sac_her,goal_spoof_midep,2,0.1,-150.0,0.0,0.2364647540081676,150,0.08809715509414673,1.2667381763458252,0.0,0.0,,885,none,B1,sac_her_pickandplace_randomized_500k
sac_her,goal_spoof_midep,2,0.1,-150.0,0.0,0.2364647540081676,150,0.04821823909878731,0.5162245035171509,0.0,0.0,,886,none,B1,sac_her_pickandplace_randomized_500k
sac_her,goal_spoof_midep,2,0.1,-150.0,0.0,0.2364647540081676,150,0.2104831337928772,0.4775002598762512,0.0,0.0,,887,none,B1,sac_her_pickandplace_randomized_500k
sac_her,goal_spoof_midep,2,0.1,-150.0,0.0,0.2364647540081676,150,0.04917237162590027,0.5656951069831848,0.0,0.0,,888,none,B1,sac_her_pickandplace_randomized_500k
sac_her,goal_spoof_midep,2,0.1,-150.0,0.0,0.2364647540081676,150,0.30103200674057007,0.5608252882957458,0.0,0.0,,889,none,B1,sac_her_pickandplace_randomized_500k
sac_her,goal_spoof_midep,2,0.1,-150.0,0.0,0.2364647540081676,150,0.05757730081677437,0.4103170931339264,0.0,0.0,,890,none,B1,sac_her_pickandplace_randomized_500k
sac_her,goal_spoof_midep,2,0.1,-150.0,0.0,0.2364647540081676,150,0.22476091980934143,0.4621260166168213,0.0,0.0,,891,none,B1,sac_her_pickandplace_randomized_500k
sac_her,goal_spoof_midep,2,0.1,-150.0,0.0,0.2364647540081676,150,0.1107766330242157,1.1740320920944214,0.0,0.0,,892,none,B1,sac_her_pickandplace_randomized_500k
sac_her,goal_spoof_midep,2,0.1,-150.0,0.0,0.2364647540081676,150,0.16012880206108093,1.0037879943847656,0.0,0.0,,893,none,B1,sac_her_pickandplace_randomized_500k
sac_her,goal_spoof_midep,2,0.1,-150.0,0.0,0.2364647540081676,150,0.06393232941627502,1.0984350442886353,0.0,0.0,,894,none,B1,sac_her_pickandplace_randomized_500k
sac_her,goal_spoof_midep,2,0.1,-150.0,0.0,0.2364647540081676,150,0.08958154916763306,1.140341877937317,0.0,0.0,,895,none,B1,sac_her_pickandplace_randomized_500k
sac_her,goal_spoof_midep,2,0.1,-150.0,0.0,0.2364647540081676,150,0.09510740637779236,1.132752537727356,0.0,0.0,,896,none,B1,sac_her_pickandplace_randomized_500k
sac_her,goal_spoof_midep,2,0.1,-150.0,0.0,0.2364647540081676,150,0.06478127837181091,0.7919278144836426,0.0,0.0,,897,none,B1,sac_her_pickandplace_randomized_500k
sac_her,goal_spoof_midep,2,0.1,-150.0,0.0,0.2364647540081676,150,0.061549194157123566,0.5673805475234985,0.0,0.0,,898,none,B1,sac_her_pickandplace_randomized_500k
sac_her,goal_spoof_midep,2,0.1,-150.0,0.0,0.2364647540081676,150,0.049257855862379074,0.8644773364067078,0.0,0.0,,899,none,B1,sac_her_pickandplace_randomized_500k
sac_her,object_pose_spoof,2,0.1,-150.0,0.0,0.2364647540081676,150,0.04594551771879196,1.200033187866211,0.0,0.0,,900,none,B1,sac_her_pickandplace_randomized_500k
sac_her,object_pose_spoof,2,0.1,-150.0,0.0,0.2364647540081676,150,0.0295626912266016,0.19576586782932281,0.0,0.0,,901,none,B1,sac_her_pickandplace_randomized_500k
sac_her,object_pose_spoof,2,0.1,-150.0,0.0,0.2364647540081676,150,0.012361029163002968,0.6055861115455627,0.0,0.0,,902,none,B1,sac_her_pickandplace_randomized_500k
sac_her,object_pose_spoof,2,0.1,-150.0,0.0,0.2364647540081676,150,0.025043359026312828,0.2767660915851593,0.0,0.0,,903,none,B1,sac_her_pickandplace_randomized_500k
sac_her,object_pose_spoof,2,0.1,-150.0,0.0,0.2364647540081676,150,0.020728468894958496,0.541888415813446,0.0,0.0,,904,none,B1,sac_her_pickandplace_randomized_500k
sac_her,object_pose_spoof,2,0.1,-150.0,0.0,0.2364647540081676,150,0.07694371789693832,1.1844203472137451,0.0,0.0,,905,none,B1,sac_her_pickandplace_randomized_500k
sac_her,object_pose_spoof,2,0.1,-150.0,0.0,0.2364647540081676,150,0.009442725218832493,0.752292275428772,0.0,0.0,,906,none,B1,sac_her_pickandplace_randomized_500k
sac_her,object_pose_spoof,2,0.1,-150.0,0.0,0.2364647540081676,150,0.018570655956864357,0.637596845626831,0.0,0.0,,907,none,B1,sac_her_pickandplace_randomized_500k
sac_her,object_pose_spoof,2,0.1,-150.0,0.0,0.2364647540081676,150,0.08017238974571228,1.225131869316101,0.0,0.0,,908,none,B1,sac_her_pickandplace_randomized_500k
sac_her,object_pose_spoof,2,0.1,-150.0,0.0,0.2364647540081676,150,0.020382950082421303,0.9207730293273926,0.0,0.0,,909,none,B1,sac_her_pickandplace_randomized_500k
sac_her,object_pose_spoof,2,0.1,-150.0,0.0,0.2364647540081676,150,0.01648157276213169,0.41312864422798157,0.0,0.0,,910,none,B1,sac_her_pickandplace_randomized_500k
sac_her,object_pose_spoof,2,0.1,-150.0,0.0,0.2364647540081676,150,0.01389363780617714,0.8912878632545471,0.0,0.0,,911,none,B1,sac_her_pickandplace_randomized_500k
sac_her,object_pose_spoof,2,0.1,-150.0,0.0,0.2364647540081676,150,0.066075399518013,1.2042635679244995,0.0,0.0,,912,none,B1,sac_her_pickandplace_randomized_500k
sac_her,object_pose_spoof,2,0.1,-150.0,0.0,0.2364647540081676,150,0.09856787323951721,0.9653118848800659,0.0,0.0,,913,none,B1,sac_her_pickandplace_randomized_500k
sac_her,object_pose_spoof,2,0.1,-150.0,0.0,0.2364647540081676,150,0.013550364412367344,0.42978206276893616,0.0,0.0,,914,none,B1,sac_her_pickandplace_randomized_500k
sac_her,object_pose_spoof,2,0.1,-150.0,0.0,0.2364647540081676,150,0.08541976660490036,1.1819078922271729,0.0,0.0,,915,none,B1,sac_her_pickandplace_randomized_500k
sac_her,object_pose_spoof,2,0.1,-150.0,0.0,0.2364647540081676,150,0.05532149598002434,1.2121433019638062,0.0,0.0,,916,none,B1,sac_her_pickandplace_randomized_500k
sac_her,object_pose_spoof,2,0.1,-150.0,0.0,0.2364647540081676,150,0.04987727850675583,1.0082334280014038,0.0,0.0,,917,none,B1,sac_her_pickandplace_randomized_500k
sac_her,object_pose_spoof,2,0.1,-150.0,0.0,0.2364647540081676,150,0.09145627170801163,0.6295191049575806,0.0,0.0,,918,none,B1,sac_her_pickandplace_randomized_500k
sac_her,object_pose_spoof,2,0.1,-150.0,0.0,0.2364647540081676,150,0.5198951959609985,0.48344025015830994,0.0,0.0,,919,none,B1,sac_her_pickandplace_randomized_500k
sac_her,object_pose_spoof,2,0.1,-150.0,0.0,0.2364647540081676,150,0.13718633353710175,0.4978397488594055,0.0,0.0,,920,none,B1,sac_her_pickandplace_randomized_500k
sac_her,object_pose_spoof,2,0.1,-150.0,0.0,0.2364647540081676,150,0.011411680839955807,1.1372870206832886,0.0,0.0,,921,none,B1,sac_her_pickandplace_randomized_500k
sac_her,object_pose_spoof,2,0.1,-150.0,0.0,0.2364647540081676,150,0.08185308426618576,0.47798630595207214,0.0,0.0,,922,none,B1,sac_her_pickandplace_randomized_500k
sac_her,object_pose_spoof,2,0.1,-150.0,0.0,0.2364647540081676,150,0.015085924416780472,0.2588847875595093,0.0,0.0,,923,none,B1,sac_her_pickandplace_randomized_500k
sac_her,object_pose_spoof,2,0.1,-150.0,0.0,0.2364647540081676,150,0.044798996299505234,0.7833783030509949,0.0,0.0,,924,none,B1,sac_her_pickandplace_randomized_500k
sac_her,object_pose_spoof,2,0.1,-150.0,0.0,0.2364647540081676,150,0.07202267646789551,1.187018632888794,0.0,0.0,,925,none,B1,sac_her_pickandplace_randomized_500k
sac_her,object_pose_spoof,2,0.1,-150.0,0.0,0.2364647540081676,150,0.01252882368862629,1.0307832956314087,0.0,0.0,,926,none,B1,sac_her_pickandplace_randomized_500k
sac_her,object_pose_spoof,2,0.1,-150.0,0.0,0.2364647540081676,150,0.10282614082098007,0.6757526397705078,0.0,0.0,,927,none,B1,sac_her_pickandplace_randomized_500k
sac_her,object_pose_spoof,2,0.1,-150.0,0.0,0.2364647540081676,150,0.08286065608263016,0.13073977828025818,0.0,0.0,,928,none,B1,sac_her_pickandplace_randomized_500k
sac_her,object_pose_spoof,2,0.1,-150.0,0.0,0.2364647540081676,150,0.12791801989078522,0.39921462535858154,0.0,0.0,,929,none,B1,sac_her_pickandplace_randomized_500k
sac_her,grip_state_falsification,2,0.0,-150.0,0.0,0.2364647540081676,150,0.02916688099503517,1.1776739358901978,0.0,0.0,,930,none,B1,sac_her_pickandplace_randomized_500k
sac_her,grip_state_falsification,2,0.0,-150.0,0.0,0.2364647540081676,150,0.02916688099503517,1.1776739358901978,0.0,0.0,,931,none,B1,sac_her_pickandplace_randomized_500k
sac_her,grip_state_falsification,2,0.0,-150.0,0.0,0.2364647540081676,150,0.02916688099503517,1.1776739358901978,0.0,0.0,,932,none,B1,sac_her_pickandplace_randomized_500k
sac_her,grip_state_falsification,2,0.0,-150.0,0.0,0.2364647540081676,150,0.02916688099503517,1.1776739358901978,0.0,0.0,,933,none,B1,sac_her_pickandplace_randomized_500k
sac_her,grip_state_falsification,2,0.0,-150.0,0.0,0.2364647540081676,150,0.02916688099503517,1.1776739358901978,0.0,0.0,,934,none,B1,sac_her_pickandplace_randomized_500k
sac_her,grip_state_falsification,2,0.0,-150.0,0.0,0.2364647540081676,150,0.02916688099503517,1.1776739358901978,0.0,0.0,,935,none,B1,sac_her_pickandplace_randomized_500k
sac_her,grip_state_falsification,2,0.0,-150.0,0.0,0.2364647540081676,150,0.02916688099503517,1.1776739358901978,0.0,0.0,,936,none,B1,sac_her_pickandplace_randomized_500k
sac_her,grip_state_falsification,2,0.0,-150.0,0.0,0.2364647540081676,150,0.02916688099503517,1.1776739358901978,0.0,0.0,,937,none,B1,sac_her_pickandplace_randomized_500k
sac_her,grip_state_falsification,2,0.0,-150.0,0.0,0.2364647540081676,150,0.02916688099503517,1.1776739358901978,0.0,0.0,,938,none,B1,sac_her_pickandplace_randomized_500k
sac_her,grip_state_falsification,2,0.0,-150.0,0.0,0.2364647540081676,150,0.02916688099503517,1.1776739358901978,0.0,0.0,,939,none,B1,sac_her_pickandplace_randomized_500k
sac_her,grip_state_falsification,2,0.0,-150.0,0.0,0.2364647540081676,150,0.02916688099503517,1.1776739358901978,0.0,0.0,,940,none,B1,sac_her_pickandplace_randomized_500k
sac_her,grip_state_falsification,2,0.0,-150.0,0.0,0.2364647540081676,150,0.02916688099503517,1.1776739358901978,0.0,0.0,,941,none,B1,sac_her_pickandplace_randomized_500k
sac_her,grip_state_falsification,2,0.0,-150.0,0.0,0.2364647540081676,150,0.02916688099503517,1.1776739358901978,0.0,0.0,,942,none,B1,sac_her_pickandplace_randomized_500k
sac_her,grip_state_falsification,2,0.0,-150.0,0.0,0.2364647540081676,150,0.02916688099503517,1.1776739358901978,0.0,0.0,,943,none,B1,sac_her_pickandplace_randomized_500k
sac_her,grip_state_falsification,2,0.0,-150.0,0.0,0.2364647540081676,150,0.02916688099503517,1.1776739358901978,0.0,0.0,,944,none,B1,sac_her_pickandplace_randomized_500k
sac_her,grip_state_falsification,2,0.0,-150.0,0.0,0.2364647540081676,150,0.02916688099503517,1.1776739358901978,0.0,0.0,,945,none,B1,sac_her_pickandplace_randomized_500k
sac_her,grip_state_falsification,2,0.0,-150.0,0.0,0.2364647540081676,150,0.02916688099503517,1.1776739358901978,0.0,0.0,,946,none,B1,sac_her_pickandplace_randomized_500k
sac_her,grip_state_falsification,2,0.0,-150.0,0.0,0.2364647540081676,150,0.02916688099503517,1.1776739358901978,0.0,0.0,,947,none,B1,sac_her_pickandplace_randomized_500k
sac_her,grip_state_falsification,2,0.0,-150.0,0.0,0.2364647540081676,150,0.02916688099503517,1.1776739358901978,0.0,0.0,,948,none,B1,sac_her_pickandplace_randomized_500k
sac_her,grip_state_falsification,2,0.0,-150.0,0.0,0.2364647540081676,150,0.02916688099503517,1.1776739358901978,0.0,0.0,,949,none,B1,sac_her_pickandplace_randomized_500k
sac_her,grip_state_falsification,2,0.0,-150.0,0.0,0.2364647540081676,150,0.02916688099503517,1.1776739358901978,0.0,0.0,,950,none,B1,sac_her_pickandplace_randomized_500k
sac_her,grip_state_falsification,2,0.0,-150.0,0.0,0.2364647540081676,150,0.02916688099503517,1.1776739358901978,0.0,0.0,,951,none,B1,sac_her_pickandplace_randomized_500k
sac_her,grip_state_falsification,2,0.0,-150.0,0.0,0.2364647540081676,150,0.02916688099503517,1.1776739358901978,0.0,0.0,,952,none,B1,sac_her_pickandplace_randomized_500k
sac_her,grip_state_falsification,2,0.0,-150.0,0.0,0.2364647540081676,150,0.02916688099503517,1.1776739358901978,0.0,0.0,,953,none,B1,sac_her_pickandplace_randomized_500k
sac_her,grip_state_falsification,2,0.0,-150.0,0.0,0.2364647540081676,150,0.02916688099503517,1.1776739358901978,0.0,0.0,,954,none,B1,sac_her_pickandplace_randomized_500k
sac_her,grip_state_falsification,2,0.0,-150.0,0.0,0.2364647540081676,150,0.02916688099503517,1.1776739358901978,0.0,0.0,,955,none,B1,sac_her_pickandplace_randomized_500k
sac_her,grip_state_falsification,2,0.0,-150.0,0.0,0.2364647540081676,150,0.02916688099503517,1.1776739358901978,0.0,0.0,,956,none,B1,sac_her_pickandplace_randomized_500k
sac_her,grip_state_falsification,2,0.0,-150.0,0.0,0.2364647540081676,150,0.02916688099503517,1.1776739358901978,0.0,0.0,,957,none,B1,sac_her_pickandplace_randomized_500k
sac_her,grip_state_falsification,2,0.0,-150.0,0.0,0.2364647540081676,150,0.02916688099503517,1.1776739358901978,0.0,0.0,,958,none,B1,sac_her_pickandplace_randomized_500k
sac_her,grip_state_falsification,2,0.0,-150.0,0.0,0.2364647540081676,150,0.02916688099503517,1.1776739358901978,0.0,0.0,,959,none,B1,sac_her_pickandplace_randomized_500k
sac_her,contact_dropout,2,0.0,-150.0,0.0,0.2364647540081676,150,0.01641271822154522,0.6234053373336792,0.0,0.0,,960,none,B1,sac_her_pickandplace_randomized_500k
sac_her,contact_dropout,2,0.0,-150.0,0.0,0.2364647540081676,150,0.01641271822154522,0.6234053373336792,0.0,0.0,,961,none,B1,sac_her_pickandplace_randomized_500k
sac_her,contact_dropout,2,0.0,-150.0,0.0,0.2364647540081676,150,0.01641271822154522,0.6234053373336792,0.0,0.0,,962,none,B1,sac_her_pickandplace_randomized_500k
sac_her,contact_dropout,2,0.0,-150.0,0.0,0.2364647540081676,150,0.01641271822154522,0.6234053373336792,0.0,0.0,,963,none,B1,sac_her_pickandplace_randomized_500k
sac_her,contact_dropout,2,0.0,-150.0,0.0,0.2364647540081676,150,0.01641271822154522,0.6234053373336792,0.0,0.0,,964,none,B1,sac_her_pickandplace_randomized_500k
sac_her,contact_dropout,2,0.0,-150.0,0.0,0.2364647540081676,150,0.01641271822154522,0.6234053373336792,0.0,0.0,,965,none,B1,sac_her_pickandplace_randomized_500k
sac_her,contact_dropout,2,0.0,-150.0,0.0,0.2364647540081676,150,0.01641271822154522,0.6234053373336792,0.0,0.0,,966,none,B1,sac_her_pickandplace_randomized_500k
sac_her,contact_dropout,2,0.0,-150.0,0.0,0.2364647540081676,150,0.01641271822154522,0.6234053373336792,0.0,0.0,,967,none,B1,sac_her_pickandplace_randomized_500k
sac_her,contact_dropout,2,0.0,-150.0,0.0,0.2364647540081676,150,0.01641271822154522,0.6234053373336792,0.0,0.0,,968,none,B1,sac_her_pickandplace_randomized_500k
sac_her,contact_dropout,2,0.0,-150.0,0.0,0.2364647540081676,150,0.01641271822154522,0.6234053373336792,0.0,0.0,,969,none,B1,sac_her_pickandplace_randomized_500k
sac_her,contact_dropout,2,0.0,-150.0,0.0,0.2364647540081676,150,0.01641271822154522,0.6234053373336792,0.0,0.0,,970,none,B1,sac_her_pickandplace_randomized_500k
sac_her,contact_dropout,2,0.0,-150.0,0.0,0.2364647540081676,150,0.01641271822154522,0.6234053373336792,0.0,0.0,,971,none,B1,sac_her_pickandplace_randomized_500k
sac_her,contact_dropout,2,0.0,-150.0,0.0,0.2364647540081676,150,0.01641271822154522,0.6234053373336792,0.0,0.0,,972,none,B1,sac_her_pickandplace_randomized_500k
sac_her,contact_dropout,2,0.0,-150.0,0.0,0.2364647540081676,150,0.01641271822154522,0.6234053373336792,0.0,0.0,,973,none,B1,sac_her_pickandplace_randomized_500k
sac_her,contact_dropout,2,0.0,-150.0,0.0,0.2364647540081676,150,0.01641271822154522,0.6234053373336792,0.0,0.0,,974,none,B1,sac_her_pickandplace_randomized_500k
sac_her,contact_dropout,2,0.0,-150.0,0.0,0.2364647540081676,150,0.01641271822154522,0.6234053373336792,0.0,0.0,,975,none,B1,sac_her_pickandplace_randomized_500k
sac_her,contact_dropout,2,0.0,-150.0,0.0,0.2364647540081676,150,0.01641271822154522,0.6234053373336792,0.0,0.0,,976,none,B1,sac_her_pickandplace_randomized_500k
sac_her,contact_dropout,2,0.0,-150.0,0.0,0.2364647540081676,150,0.01641271822154522,0.6234053373336792,0.0,0.0,,977,none,B1,sac_her_pickandplace_randomized_500k
sac_her,contact_dropout,2,0.0,-150.0,0.0,0.2364647540081676,150,0.01641271822154522,0.6234053373336792,0.0,0.0,,978,none,B1,sac_her_pickandplace_randomized_500k
sac_her,contact_dropout,2,0.0,-150.0,0.0,0.2364647540081676,150,0.01641271822154522,0.6234053373336792,0.0,0.0,,979,none,B1,sac_her_pickandplace_randomized_500k
sac_her,contact_dropout,2,0.0,-150.0,0.0,0.2364647540081676,150,0.01641271822154522,0.6234053373336792,0.0,0.0,,980,none,B1,sac_her_pickandplace_randomized_500k
sac_her,contact_dropout,2,0.0,-150.0,0.0,0.2364647540081676,150,0.01641271822154522,0.6234053373336792,0.0,0.0,,981,none,B1,sac_her_pickandplace_randomized_500k
sac_her,contact_dropout,2,0.0,-150.0,0.0,0.2364647540081676,150,0.01641271822154522,0.6234053373336792,0.0,0.0,,982,none,B1,sac_her_pickandplace_randomized_500k
sac_her,contact_dropout,2,0.0,-150.0,0.0,0.2364647540081676,150,0.01641271822154522,0.6234053373336792,0.0,0.0,,983,none,B1,sac_her_pickandplace_randomized_500k
sac_her,contact_dropout,2,0.0,-150.0,0.0,0.2364647540081676,150,0.01641271822154522,0.6234053373336792,0.0,0.0,,984,none,B1,sac_her_pickandplace_randomized_500k
sac_her,contact_dropout,2,0.0,-150.0,0.0,0.2364647540081676,150,0.01641271822154522,0.6234053373336792,0.0,0.0,,985,none,B1,sac_her_pickandplace_randomized_500k
sac_her,contact_dropout,2,0.0,-150.0,0.0,0.2364647540081676,150,0.01641271822154522,0.6234053373336792,0.0,0.0,,986,none,B1,sac_her_pickandplace_randomized_500k
sac_her,contact_dropout,2,0.0,-150.0,0.0,0.2364647540081676,150,0.01641271822154522,0.6234053373336792,0.0,0.0,,987,none,B1,sac_her_pickandplace_randomized_500k
sac_her,contact_dropout,2,0.0,-150.0,0.0,0.2364647540081676,150,0.01641271822154522,0.6234053373336792,0.0,0.0,,988,none,B1,sac_her_pickandplace_randomized_500k
sac_her,contact_dropout,2,0.0,-150.0,0.0,0.2364647540081676,150,0.01641271822154522,0.6234053373336792,0.0,0.0,,989,none,B1,sac_her_pickandplace_randomized_500k
sac_her,clean,3,0.0,-150.0,0.0,0.32139788047057627,150,0.03694760054349899,1.1815234422683716,0.0,0.0,,990,none,B0,sac_her_pickandplace_randomized_500k
sac_her,clean,3,0.0,-150.0,0.0,0.32139788047057627,150,0.03694760054349899,1.1815234422683716,0.0,0.0,,991,none,B0,sac_her_pickandplace_randomized_500k
sac_her,clean,3,0.0,-150.0,0.0,0.32139788047057627,150,0.03694760054349899,1.1815234422683716,0.0,0.0,,992,none,B0,sac_her_pickandplace_randomized_500k
sac_her,clean,3,0.0,-150.0,0.0,0.32139788047057627,150,0.03694760054349899,1.1815234422683716,0.0,0.0,,993,none,B0,sac_her_pickandplace_randomized_500k
sac_her,clean,3,0.0,-150.0,0.0,0.32139788047057627,150,0.03694760054349899,1.1815234422683716,0.0,0.0,,994,none,B0,sac_her_pickandplace_randomized_500k
sac_her,clean,3,0.0,-150.0,0.0,0.32139788047057627,150,0.03694760054349899,1.1815234422683716,0.0,0.0,,995,none,B0,sac_her_pickandplace_randomized_500k
sac_her,clean,3,0.0,-150.0,0.0,0.32139788047057627,150,0.03694760054349899,1.1815234422683716,0.0,0.0,,996,none,B0,sac_her_pickandplace_randomized_500k
sac_her,clean,3,0.0,-150.0,0.0,0.32139788047057627,150,0.03694760054349899,1.1815234422683716,0.0,0.0,,997,none,B0,sac_her_pickandplace_randomized_500k
sac_her,clean,3,0.0,-150.0,0.0,0.32139788047057627,150,0.03694760054349899,1.1815234422683716,0.0,0.0,,998,none,B0,sac_her_pickandplace_randomized_500k
sac_her,clean,3,0.0,-150.0,0.0,0.32139788047057627,150,0.03694760054349899,1.1815234422683716,0.0,0.0,,999,none,B0,sac_her_pickandplace_randomized_500k
sac_her,clean,3,0.0,-150.0,0.0,0.32139788047057627,150,0.03694760054349899,1.1815234422683716,0.0,0.0,,1000,none,B0,sac_her_pickandplace_randomized_500k
sac_her,clean,3,0.0,-150.0,0.0,0.32139788047057627,150,0.03694760054349899,1.1815234422683716,0.0,0.0,,1001,none,B0,sac_her_pickandplace_randomized_500k
sac_her,clean,3,0.0,-150.0,0.0,0.32139788047057627,150,0.03694760054349899,1.1815234422683716,0.0,0.0,,1002,none,B0,sac_her_pickandplace_randomized_500k
sac_her,clean,3,0.0,-150.0,0.0,0.32139788047057627,150,0.03694760054349899,1.1815234422683716,0.0,0.0,,1003,none,B0,sac_her_pickandplace_randomized_500k
sac_her,clean,3,0.0,-150.0,0.0,0.32139788047057627,150,0.03694760054349899,1.1815234422683716,0.0,0.0,,1004,none,B0,sac_her_pickandplace_randomized_500k
sac_her,clean,3,0.0,-150.0,0.0,0.32139788047057627,150,0.03694760054349899,1.1815234422683716,0.0,0.0,,1005,none,B0,sac_her_pickandplace_randomized_500k
sac_her,clean,3,0.0,-150.0,0.0,0.32139788047057627,150,0.03694760054349899,1.1815234422683716,0.0,0.0,,1006,none,B0,sac_her_pickandplace_randomized_500k
sac_her,clean,3,0.0,-150.0,0.0,0.32139788047057627,150,0.03694760054349899,1.1815234422683716,0.0,0.0,,1007,none,B0,sac_her_pickandplace_randomized_500k
sac_her,clean,3,0.0,-150.0,0.0,0.32139788047057627,150,0.03694760054349899,1.1815234422683716,0.0,0.0,,1008,none,B0,sac_her_pickandplace_randomized_500k
sac_her,clean,3,0.0,-150.0,0.0,0.32139788047057627,150,0.03694760054349899,1.1815234422683716,0.0,0.0,,1009,none,B0,sac_her_pickandplace_randomized_500k
sac_her,clean,3,0.0,-150.0,0.0,0.32139788047057627,150,0.03694760054349899,1.1815234422683716,0.0,0.0,,1010,none,B0,sac_her_pickandplace_randomized_500k
sac_her,clean,3,0.0,-150.0,0.0,0.32139788047057627,150,0.03694760054349899,1.1815234422683716,0.0,0.0,,1011,none,B0,sac_her_pickandplace_randomized_500k
sac_her,clean,3,0.0,-150.0,0.0,0.32139788047057627,150,0.03694760054349899,1.1815234422683716,0.0,0.0,,1012,none,B0,sac_her_pickandplace_randomized_500k
sac_her,clean,3,0.0,-150.0,0.0,0.32139788047057627,150,0.03694760054349899,1.1815234422683716,0.0,0.0,,1013,none,B0,sac_her_pickandplace_randomized_500k
sac_her,clean,3,0.0,-150.0,0.0,0.32139788047057627,150,0.03694760054349899,1.1815234422683716,0.0,0.0,,1014,none,B0,sac_her_pickandplace_randomized_500k
sac_her,clean,3,0.0,-150.0,0.0,0.32139788047057627,150,0.03694760054349899,1.1815234422683716,0.0,0.0,,1015,none,B0,sac_her_pickandplace_randomized_500k
sac_her,clean,3,0.0,-150.0,0.0,0.32139788047057627,150,0.03694760054349899,1.1815234422683716,0.0,0.0,,1016,none,B0,sac_her_pickandplace_randomized_500k
sac_her,clean,3,0.0,-150.0,0.0,0.32139788047057627,150,0.03694760054349899,1.1815234422683716,0.0,0.0,,1017,none,B0,sac_her_pickandplace_randomized_500k
sac_her,clean,3,0.0,-150.0,0.0,0.32139788047057627,150,0.03694760054349899,1.1815234422683716,0.0,0.0,,1018,none,B0,sac_her_pickandplace_randomized_500k
sac_her,clean,3,0.0,-150.0,0.0,0.32139788047057627,150,0.03694760054349899,1.1815234422683716,0.0,0.0,,1019,none,B0,sac_her_pickandplace_randomized_500k
sac_her,sensor_dropout,3,0.0,-150.0,0.0,0.32139788047057627,150,0.0,1.2276686429977417,0.0,0.0,,1020,none,B1,sac_her_pickandplace_randomized_500k
sac_her,sensor_dropout,3,0.0,-150.0,0.0,0.32139788047057627,150,0.0,1.2276686429977417,0.0,0.0,,1021,none,B1,sac_her_pickandplace_randomized_500k
sac_her,sensor_dropout,3,0.0,-150.0,0.0,0.32139788047057627,150,0.0,1.2276686429977417,0.0,0.0,,1022,none,B1,sac_her_pickandplace_randomized_500k
sac_her,sensor_dropout,3,0.0,-150.0,0.0,0.32139788047057627,150,0.0,1.2276686429977417,0.0,0.0,,1023,none,B1,sac_her_pickandplace_randomized_500k
sac_her,sensor_dropout,3,0.0,-150.0,0.0,0.32139788047057627,150,0.0,1.2276686429977417,0.0,0.0,,1024,none,B1,sac_her_pickandplace_randomized_500k
sac_her,sensor_dropout,3,0.0,-150.0,0.0,0.32139788047057627,150,0.0,1.2276686429977417,0.0,0.0,,1025,none,B1,sac_her_pickandplace_randomized_500k
sac_her,sensor_dropout,3,0.0,-150.0,0.0,0.32139788047057627,150,0.0,1.2276686429977417,0.0,0.0,,1026,none,B1,sac_her_pickandplace_randomized_500k
sac_her,sensor_dropout,3,0.0,-150.0,0.0,0.32139788047057627,150,0.0,1.2276686429977417,0.0,0.0,,1027,none,B1,sac_her_pickandplace_randomized_500k
sac_her,sensor_dropout,3,0.0,-150.0,0.0,0.32139788047057627,150,0.0,1.2276686429977417,0.0,0.0,,1028,none,B1,sac_her_pickandplace_randomized_500k
sac_her,sensor_dropout,3,0.0,-150.0,0.0,0.32139788047057627,150,0.0,1.2276686429977417,0.0,0.0,,1029,none,B1,sac_her_pickandplace_randomized_500k
sac_her,sensor_dropout,3,0.0,-150.0,0.0,0.32139788047057627,150,0.0,1.2276686429977417,0.0,0.0,,1030,none,B1,sac_her_pickandplace_randomized_500k
sac_her,sensor_dropout,3,0.0,-150.0,0.0,0.32139788047057627,150,0.0,1.2276686429977417,0.0,0.0,,1031,none,B1,sac_her_pickandplace_randomized_500k
sac_her,sensor_dropout,3,0.0,-150.0,0.0,0.32139788047057627,150,0.0,1.2276686429977417,0.0,0.0,,1032,none,B1,sac_her_pickandplace_randomized_500k
sac_her,sensor_dropout,3,0.0,-150.0,0.0,0.32139788047057627,150,0.0,1.2276686429977417,0.0,0.0,,1033,none,B1,sac_her_pickandplace_randomized_500k
sac_her,sensor_dropout,3,0.0,-150.0,0.0,0.32139788047057627,150,0.0,1.2276686429977417,0.0,0.0,,1034,none,B1,sac_her_pickandplace_randomized_500k
sac_her,sensor_dropout,3,0.0,-150.0,0.0,0.32139788047057627,150,0.0,1.2276686429977417,0.0,0.0,,1035,none,B1,sac_her_pickandplace_randomized_500k
sac_her,sensor_dropout,3,0.0,-150.0,0.0,0.32139788047057627,150,0.0,1.2276686429977417,0.0,0.0,,1036,none,B1,sac_her_pickandplace_randomized_500k
sac_her,sensor_dropout,3,0.0,-150.0,0.0,0.32139788047057627,150,0.0,1.2276686429977417,0.0,0.0,,1037,none,B1,sac_her_pickandplace_randomized_500k
sac_her,sensor_dropout,3,0.0,-150.0,0.0,0.32139788047057627,150,0.0,1.2276686429977417,0.0,0.0,,1038,none,B1,sac_her_pickandplace_randomized_500k
sac_her,sensor_dropout,3,0.0,-150.0,0.0,0.32139788047057627,150,0.0,1.2276686429977417,0.0,0.0,,1039,none,B1,sac_her_pickandplace_randomized_500k
sac_her,sensor_dropout,3,0.0,-150.0,0.0,0.32139788047057627,150,0.0,1.2276686429977417,0.0,0.0,,1040,none,B1,sac_her_pickandplace_randomized_500k
sac_her,sensor_dropout,3,0.0,-150.0,0.0,0.32139788047057627,150,0.0,1.2276686429977417,0.0,0.0,,1041,none,B1,sac_her_pickandplace_randomized_500k
sac_her,sensor_dropout,3,0.0,-150.0,0.0,0.32139788047057627,150,0.0,1.2276686429977417,0.0,0.0,,1042,none,B1,sac_her_pickandplace_randomized_500k
sac_her,sensor_dropout,3,0.0,-150.0,0.0,0.32139788047057627,150,0.0,1.2276686429977417,0.0,0.0,,1043,none,B1,sac_her_pickandplace_randomized_500k
sac_her,sensor_dropout,3,0.0,-150.0,0.0,0.32139788047057627,150,0.0,1.2276686429977417,0.0,0.0,,1044,none,B1,sac_her_pickandplace_randomized_500k
sac_her,sensor_dropout,3,0.0,-150.0,0.0,0.32139788047057627,150,0.0,1.2276686429977417,0.0,0.0,,1045,none,B1,sac_her_pickandplace_randomized_500k
sac_her,sensor_dropout,3,0.0,-150.0,0.0,0.32139788047057627,150,0.0,1.2276686429977417,0.0,0.0,,1046,none,B1,sac_her_pickandplace_randomized_500k
sac_her,sensor_dropout,3,0.0,-150.0,0.0,0.32139788047057627,150,0.0,1.2276686429977417,0.0,0.0,,1047,none,B1,sac_her_pickandplace_randomized_500k
sac_her,sensor_dropout,3,0.0,-150.0,0.0,0.32139788047057627,150,0.0,1.2276686429977417,0.0,0.0,,1048,none,B1,sac_her_pickandplace_randomized_500k
sac_her,sensor_dropout,3,0.0,-150.0,0.0,0.32139788047057627,150,0.0,1.2276686429977417,0.0,0.0,,1049,none,B1,sac_her_pickandplace_randomized_500k
sac_her,sensor_bias,3,0.1,-150.0,0.0,0.32139788047057627,150,0.009475626051425934,1.7382495403289795,0.0,0.0,,1050,none,B1,sac_her_pickandplace_randomized_500k
sac_her,sensor_bias,3,0.1,-150.0,0.0,0.32139788047057627,150,0.02027083747088909,1.3902945518493652,0.0,0.0,,1051,none,B1,sac_her_pickandplace_randomized_500k
sac_her,sensor_bias,3,0.1,-150.0,0.0,0.32139788047057627,150,0.021808816120028496,1.6056972742080688,0.0,0.0,,1052,none,B1,sac_her_pickandplace_randomized_500k
sac_her,sensor_bias,3,0.1,-150.0,0.0,0.32139788047057627,150,0.03383968397974968,1.614473581314087,0.0,0.0,,1053,none,B1,sac_her_pickandplace_randomized_500k
sac_her,sensor_bias,3,0.1,-150.0,0.0,0.32139788047057627,150,0.03581441193819046,1.3837525844573975,0.0,0.0,,1054,none,B1,sac_her_pickandplace_randomized_500k
sac_her,sensor_bias,3,0.1,-150.0,0.0,0.32139788047057627,150,0.03306448087096214,1.5715415477752686,0.0,0.0,,1055,none,B1,sac_her_pickandplace_randomized_500k
sac_her,sensor_bias,3,0.1,-150.0,0.0,0.32139788047057627,150,0.011769729666411877,1.507181167602539,0.0,0.0,,1056,none,B1,sac_her_pickandplace_randomized_500k
sac_her,sensor_bias,3,0.1,-150.0,0.0,0.32139788047057627,150,0.02843261882662773,1.136690616607666,0.0,0.0,,1057,none,B1,sac_her_pickandplace_randomized_500k
sac_her,sensor_bias,3,0.1,-150.0,0.0,0.32139788047057627,150,0.013862300664186478,0.7502173185348511,0.0,0.0,,1058,none,B1,sac_her_pickandplace_randomized_500k
sac_her,sensor_bias,3,0.1,-150.0,0.0,0.32139788047057627,150,0.023348605260252953,1.5484812259674072,0.0,0.0,,1059,none,B1,sac_her_pickandplace_randomized_500k
sac_her,sensor_bias,3,0.1,-150.0,0.0,0.32139788047057627,150,0.010670424439013004,1.7765954732894897,0.0,0.0,,1060,none,B1,sac_her_pickandplace_randomized_500k
sac_her,sensor_bias,3,0.1,-150.0,0.0,0.32139788047057627,150,0.035438232123851776,1.465315341949463,0.0,0.0,,1061,none,B1,sac_her_pickandplace_randomized_500k
sac_her,sensor_bias,3,0.1,-150.0,0.0,0.32139788047057627,150,0.012615920975804329,1.8027280569076538,0.0,0.0,,1062,none,B1,sac_her_pickandplace_randomized_500k
sac_her,sensor_bias,3,0.1,-150.0,0.0,0.32139788047057627,150,0.012791518121957779,1.8024024963378906,0.0,0.0,,1063,none,B1,sac_her_pickandplace_randomized_500k
sac_her,sensor_bias,3,0.1,-150.0,0.0,0.32139788047057627,150,0.025320082902908325,1.4535186290740967,0.0,0.0,,1064,none,B1,sac_her_pickandplace_randomized_500k
sac_her,sensor_bias,3,0.1,-150.0,0.0,0.32139788047057627,150,0.02233639732003212,1.6899430751800537,0.0,0.0,,1065,none,B1,sac_her_pickandplace_randomized_500k
sac_her,sensor_bias,3,0.1,-150.0,0.0,0.32139788047057627,150,0.020921312272548676,1.3348921537399292,0.0,0.0,,1066,none,B1,sac_her_pickandplace_randomized_500k
sac_her,sensor_bias,3,0.1,-150.0,0.0,0.32139788047057627,150,0.008110583759844303,0.7921631932258606,0.0,0.0,,1067,none,B1,sac_her_pickandplace_randomized_500k
sac_her,sensor_bias,3,0.1,-150.0,0.0,0.32139788047057627,150,0.023611070588231087,1.6268161535263062,0.0,0.0,,1068,none,B1,sac_her_pickandplace_randomized_500k
sac_her,sensor_bias,3,0.1,-150.0,0.0,0.32139788047057627,150,0.030672041699290276,1.5206828117370605,0.0,0.0,,1069,none,B1,sac_her_pickandplace_randomized_500k
sac_her,sensor_bias,3,0.1,-150.0,0.0,0.32139788047057627,150,0.016684548929333687,1.836728572845459,0.0,0.0,,1070,none,B1,sac_her_pickandplace_randomized_500k
sac_her,sensor_bias,3,0.1,-150.0,0.0,0.32139788047057627,150,0.014956176280975342,1.5644017457962036,0.0,0.0,,1071,none,B1,sac_her_pickandplace_randomized_500k
sac_her,sensor_bias,3,0.1,-150.0,0.0,0.29030991640945,150,0.11119771003723145,0.9256134033203125,0.0,0.0,,1072,none,B1,sac_her_pickandplace_randomized_500k
sac_her,sensor_bias,3,0.1,-150.0,0.0,0.32139788047057627,150,0.010677621699869633,1.2182170152664185,0.0,0.0,,1073,none,B1,sac_her_pickandplace_randomized_500k
sac_her,sensor_bias,3,0.1,-150.0,0.0,0.32139788047057627,150,0.01614212989807129,1.7257388830184937,0.0,0.0,,1074,none,B1,sac_her_pickandplace_randomized_500k
sac_her,sensor_bias,3,0.1,-150.0,0.0,0.32139788047057627,150,0.030123433098196983,1.1875741481781006,0.0,0.0,,1075,none,B1,sac_her_pickandplace_randomized_500k
sac_her,sensor_bias,3,0.1,-150.0,0.0,0.32139788047057627,150,0.01731020025908947,1.7218412160873413,0.0,0.0,,1076,none,B1,sac_her_pickandplace_randomized_500k
sac_her,sensor_bias,3,0.1,-150.0,0.0,0.32139788047057627,150,0.013216646388173103,1.7965646982192993,0.0,0.0,,1077,none,B1,sac_her_pickandplace_randomized_500k
sac_her,sensor_bias,3,0.1,-150.0,0.0,0.32139788047057627,150,0.011831920593976974,1.594061017036438,0.0,0.0,,1078,none,B1,sac_her_pickandplace_randomized_500k
sac_her,sensor_bias,3,0.1,-150.0,0.0,0.32139788047057627,150,0.05886450409889221,1.474198579788208,0.0,0.0,,1079,none,B1,sac_her_pickandplace_randomized_500k
sac_her,action_clipping,3,0.3,-150.0,0.0,0.32139788047057627,150,0.007104503456503153,0.5938609838485718,0.0,0.0,,1080,none,B1,sac_her_pickandplace_randomized_500k
sac_her,action_clipping,3,0.3,-150.0,0.0,0.32139788047057627,150,0.007104503456503153,0.5938609838485718,0.0,0.0,,1081,none,B1,sac_her_pickandplace_randomized_500k
sac_her,action_clipping,3,0.3,-150.0,0.0,0.32139788047057627,150,0.007104503456503153,0.5938609838485718,0.0,0.0,,1082,none,B1,sac_her_pickandplace_randomized_500k
sac_her,action_clipping,3,0.3,-150.0,0.0,0.32139788047057627,150,0.007104503456503153,0.5938609838485718,0.0,0.0,,1083,none,B1,sac_her_pickandplace_randomized_500k
sac_her,action_clipping,3,0.3,-150.0,0.0,0.32139788047057627,150,0.007104503456503153,0.5938609838485718,0.0,0.0,,1084,none,B1,sac_her_pickandplace_randomized_500k
sac_her,action_clipping,3,0.3,-150.0,0.0,0.32139788047057627,150,0.007104503456503153,0.5938609838485718,0.0,0.0,,1085,none,B1,sac_her_pickandplace_randomized_500k
sac_her,action_clipping,3,0.3,-150.0,0.0,0.32139788047057627,150,0.007104503456503153,0.5938609838485718,0.0,0.0,,1086,none,B1,sac_her_pickandplace_randomized_500k
sac_her,action_clipping,3,0.3,-150.0,0.0,0.32139788047057627,150,0.007104503456503153,0.5938609838485718,0.0,0.0,,1087,none,B1,sac_her_pickandplace_randomized_500k
sac_her,action_clipping,3,0.3,-150.0,0.0,0.32139788047057627,150,0.007104503456503153,0.5938609838485718,0.0,0.0,,1088,none,B1,sac_her_pickandplace_randomized_500k
sac_her,action_clipping,3,0.3,-150.0,0.0,0.32139788047057627,150,0.007104503456503153,0.5938609838485718,0.0,0.0,,1089,none,B1,sac_her_pickandplace_randomized_500k
sac_her,action_clipping,3,0.3,-150.0,0.0,0.32139788047057627,150,0.007104503456503153,0.5938609838485718,0.0,0.0,,1090,none,B1,sac_her_pickandplace_randomized_500k
sac_her,action_clipping,3,0.3,-150.0,0.0,0.32139788047057627,150,0.007104503456503153,0.5938609838485718,0.0,0.0,,1091,none,B1,sac_her_pickandplace_randomized_500k
sac_her,action_clipping,3,0.3,-150.0,0.0,0.32139788047057627,150,0.007104503456503153,0.5938609838485718,0.0,0.0,,1092,none,B1,sac_her_pickandplace_randomized_500k
sac_her,action_clipping,3,0.3,-150.0,0.0,0.32139788047057627,150,0.007104503456503153,0.5938609838485718,0.0,0.0,,1093,none,B1,sac_her_pickandplace_randomized_500k
sac_her,action_clipping,3,0.3,-150.0,0.0,0.32139788047057627,150,0.007104503456503153,0.5938609838485718,0.0,0.0,,1094,none,B1,sac_her_pickandplace_randomized_500k
sac_her,action_clipping,3,0.3,-150.0,0.0,0.32139788047057627,150,0.007104503456503153,0.5938609838485718,0.0,0.0,,1095,none,B1,sac_her_pickandplace_randomized_500k
sac_her,action_clipping,3,0.3,-150.0,0.0,0.32139788047057627,150,0.007104503456503153,0.5938609838485718,0.0,0.0,,1096,none,B1,sac_her_pickandplace_randomized_500k
sac_her,action_clipping,3,0.3,-150.0,0.0,0.32139788047057627,150,0.007104503456503153,0.5938609838485718,0.0,0.0,,1097,none,B1,sac_her_pickandplace_randomized_500k
sac_her,action_clipping,3,0.3,-150.0,0.0,0.32139788047057627,150,0.007104503456503153,0.5938609838485718,0.0,0.0,,1098,none,B1,sac_her_pickandplace_randomized_500k
sac_her,action_clipping,3,0.3,-150.0,0.0,0.32139788047057627,150,0.007104503456503153,0.5938609838485718,0.0,0.0,,1099,none,B1,sac_her_pickandplace_randomized_500k
sac_her,action_clipping,3,0.3,-150.0,0.0,0.32139788047057627,150,0.007104503456503153,0.5938609838485718,0.0,0.0,,1100,none,B1,sac_her_pickandplace_randomized_500k
sac_her,action_clipping,3,0.3,-150.0,0.0,0.32139788047057627,150,0.007104503456503153,0.5938609838485718,0.0,0.0,,1101,none,B1,sac_her_pickandplace_randomized_500k
sac_her,action_clipping,3,0.3,-150.0,0.0,0.32139788047057627,150,0.007104503456503153,0.5938609838485718,0.0,0.0,,1102,none,B1,sac_her_pickandplace_randomized_500k
sac_her,action_clipping,3,0.3,-150.0,0.0,0.32139788047057627,150,0.007104503456503153,0.5938609838485718,0.0,0.0,,1103,none,B1,sac_her_pickandplace_randomized_500k
sac_her,action_clipping,3,0.3,-150.0,0.0,0.32139788047057627,150,0.007104503456503153,0.5938609838485718,0.0,0.0,,1104,none,B1,sac_her_pickandplace_randomized_500k
sac_her,action_clipping,3,0.3,-150.0,0.0,0.32139788047057627,150,0.007104503456503153,0.5938609838485718,0.0,0.0,,1105,none,B1,sac_her_pickandplace_randomized_500k
sac_her,action_clipping,3,0.3,-150.0,0.0,0.32139788047057627,150,0.007104503456503153,0.5938609838485718,0.0,0.0,,1106,none,B1,sac_her_pickandplace_randomized_500k
sac_her,action_clipping,3,0.3,-150.0,0.0,0.32139788047057627,150,0.007104503456503153,0.5938609838485718,0.0,0.0,,1107,none,B1,sac_her_pickandplace_randomized_500k
sac_her,action_clipping,3,0.3,-150.0,0.0,0.32139788047057627,150,0.007104503456503153,0.5938609838485718,0.0,0.0,,1108,none,B1,sac_her_pickandplace_randomized_500k
sac_her,action_clipping,3,0.3,-150.0,0.0,0.32139788047057627,150,0.007104503456503153,0.5938609838485718,0.0,0.0,,1109,none,B1,sac_her_pickandplace_randomized_500k
sac_her,action_delay,3,0.0,-150.0,0.0,0.32139788047057627,150,0.046321459114551544,1.2177081108093262,0.0,0.0,,1110,none,B1,sac_her_pickandplace_randomized_500k
sac_her,action_delay,3,0.0,-150.0,0.0,0.32139788047057627,150,0.046321459114551544,1.2177081108093262,0.0,0.0,,1111,none,B1,sac_her_pickandplace_randomized_500k
sac_her,action_delay,3,0.0,-150.0,0.0,0.32139788047057627,150,0.046321459114551544,1.2177081108093262,0.0,0.0,,1112,none,B1,sac_her_pickandplace_randomized_500k
sac_her,action_delay,3,0.0,-150.0,0.0,0.32139788047057627,150,0.046321459114551544,1.2177081108093262,0.0,0.0,,1113,none,B1,sac_her_pickandplace_randomized_500k
sac_her,action_delay,3,0.0,-150.0,0.0,0.32139788047057627,150,0.046321459114551544,1.2177081108093262,0.0,0.0,,1114,none,B1,sac_her_pickandplace_randomized_500k
sac_her,action_delay,3,0.0,-150.0,0.0,0.32139788047057627,150,0.046321459114551544,1.2177081108093262,0.0,0.0,,1115,none,B1,sac_her_pickandplace_randomized_500k
sac_her,action_delay,3,0.0,-150.0,0.0,0.32139788047057627,150,0.046321459114551544,1.2177081108093262,0.0,0.0,,1116,none,B1,sac_her_pickandplace_randomized_500k
sac_her,action_delay,3,0.0,-150.0,0.0,0.32139788047057627,150,0.046321459114551544,1.2177081108093262,0.0,0.0,,1117,none,B1,sac_her_pickandplace_randomized_500k
sac_her,action_delay,3,0.0,-150.0,0.0,0.32139788047057627,150,0.046321459114551544,1.2177081108093262,0.0,0.0,,1118,none,B1,sac_her_pickandplace_randomized_500k
sac_her,action_delay,3,0.0,-150.0,0.0,0.32139788047057627,150,0.046321459114551544,1.2177081108093262,0.0,0.0,,1119,none,B1,sac_her_pickandplace_randomized_500k
sac_her,action_delay,3,0.0,-150.0,0.0,0.32139788047057627,150,0.046321459114551544,1.2177081108093262,0.0,0.0,,1120,none,B1,sac_her_pickandplace_randomized_500k
sac_her,action_delay,3,0.0,-150.0,0.0,0.32139788047057627,150,0.046321459114551544,1.2177081108093262,0.0,0.0,,1121,none,B1,sac_her_pickandplace_randomized_500k
sac_her,action_delay,3,0.0,-150.0,0.0,0.32139788047057627,150,0.046321459114551544,1.2177081108093262,0.0,0.0,,1122,none,B1,sac_her_pickandplace_randomized_500k
sac_her,action_delay,3,0.0,-150.0,0.0,0.32139788047057627,150,0.046321459114551544,1.2177081108093262,0.0,0.0,,1123,none,B1,sac_her_pickandplace_randomized_500k
sac_her,action_delay,3,0.0,-150.0,0.0,0.32139788047057627,150,0.046321459114551544,1.2177081108093262,0.0,0.0,,1124,none,B1,sac_her_pickandplace_randomized_500k
sac_her,action_delay,3,0.0,-150.0,0.0,0.32139788047057627,150,0.046321459114551544,1.2177081108093262,0.0,0.0,,1125,none,B1,sac_her_pickandplace_randomized_500k
sac_her,action_delay,3,0.0,-150.0,0.0,0.32139788047057627,150,0.046321459114551544,1.2177081108093262,0.0,0.0,,1126,none,B1,sac_her_pickandplace_randomized_500k
sac_her,action_delay,3,0.0,-150.0,0.0,0.32139788047057627,150,0.046321459114551544,1.2177081108093262,0.0,0.0,,1127,none,B1,sac_her_pickandplace_randomized_500k
sac_her,action_delay,3,0.0,-150.0,0.0,0.32139788047057627,150,0.046321459114551544,1.2177081108093262,0.0,0.0,,1128,none,B1,sac_her_pickandplace_randomized_500k
sac_her,action_delay,3,0.0,-150.0,0.0,0.32139788047057627,150,0.046321459114551544,1.2177081108093262,0.0,0.0,,1129,none,B1,sac_her_pickandplace_randomized_500k
sac_her,action_delay,3,0.0,-150.0,0.0,0.32139788047057627,150,0.046321459114551544,1.2177081108093262,0.0,0.0,,1130,none,B1,sac_her_pickandplace_randomized_500k
sac_her,action_delay,3,0.0,-150.0,0.0,0.32139788047057627,150,0.046321459114551544,1.2177081108093262,0.0,0.0,,1131,none,B1,sac_her_pickandplace_randomized_500k
sac_her,action_delay,3,0.0,-150.0,0.0,0.32139788047057627,150,0.046321459114551544,1.2177081108093262,0.0,0.0,,1132,none,B1,sac_her_pickandplace_randomized_500k
sac_her,action_delay,3,0.0,-150.0,0.0,0.32139788047057627,150,0.046321459114551544,1.2177081108093262,0.0,0.0,,1133,none,B1,sac_her_pickandplace_randomized_500k
sac_her,action_delay,3,0.0,-150.0,0.0,0.32139788047057627,150,0.046321459114551544,1.2177081108093262,0.0,0.0,,1134,none,B1,sac_her_pickandplace_randomized_500k
sac_her,action_delay,3,0.0,-150.0,0.0,0.32139788047057627,150,0.046321459114551544,1.2177081108093262,0.0,0.0,,1135,none,B1,sac_her_pickandplace_randomized_500k
sac_her,action_delay,3,0.0,-150.0,0.0,0.32139788047057627,150,0.046321459114551544,1.2177081108093262,0.0,0.0,,1136,none,B1,sac_her_pickandplace_randomized_500k
sac_her,action_delay,3,0.0,-150.0,0.0,0.32139788047057627,150,0.046321459114551544,1.2177081108093262,0.0,0.0,,1137,none,B1,sac_her_pickandplace_randomized_500k
sac_her,action_delay,3,0.0,-150.0,0.0,0.32139788047057627,150,0.046321459114551544,1.2177081108093262,0.0,0.0,,1138,none,B1,sac_her_pickandplace_randomized_500k
sac_her,action_delay,3,0.0,-150.0,0.0,0.32139788047057627,150,0.046321459114551544,1.2177081108093262,0.0,0.0,,1139,none,B1,sac_her_pickandplace_randomized_500k
sac_her,action_reversal,3,0.0,-150.0,0.0,0.32139788047057627,150,0.015784133225679398,1.0192978382110596,0.0,0.0,,1140,none,B1,sac_her_pickandplace_randomized_500k
sac_her,action_reversal,3,0.0,-150.0,0.0,0.32139788047057627,150,0.015784133225679398,1.0192978382110596,0.0,0.0,,1141,none,B1,sac_her_pickandplace_randomized_500k
sac_her,action_reversal,3,0.0,-150.0,0.0,0.32139788047057627,150,0.015784133225679398,1.0192978382110596,0.0,0.0,,1142,none,B1,sac_her_pickandplace_randomized_500k
sac_her,action_reversal,3,0.0,-150.0,0.0,0.32139788047057627,150,0.015784133225679398,1.0192978382110596,0.0,0.0,,1143,none,B1,sac_her_pickandplace_randomized_500k
sac_her,action_reversal,3,0.0,-150.0,0.0,0.32139788047057627,150,0.015784133225679398,1.0192978382110596,0.0,0.0,,1144,none,B1,sac_her_pickandplace_randomized_500k
sac_her,action_reversal,3,0.0,-150.0,0.0,0.32139788047057627,150,0.015784133225679398,1.0192978382110596,0.0,0.0,,1145,none,B1,sac_her_pickandplace_randomized_500k
sac_her,action_reversal,3,0.0,-150.0,0.0,0.32139788047057627,150,0.015784133225679398,1.0192978382110596,0.0,0.0,,1146,none,B1,sac_her_pickandplace_randomized_500k
sac_her,action_reversal,3,0.0,-150.0,0.0,0.32139788047057627,150,0.015784133225679398,1.0192978382110596,0.0,0.0,,1147,none,B1,sac_her_pickandplace_randomized_500k
sac_her,action_reversal,3,0.0,-150.0,0.0,0.32139788047057627,150,0.015784133225679398,1.0192978382110596,0.0,0.0,,1148,none,B1,sac_her_pickandplace_randomized_500k
sac_her,action_reversal,3,0.0,-150.0,0.0,0.32139788047057627,150,0.015784133225679398,1.0192978382110596,0.0,0.0,,1149,none,B1,sac_her_pickandplace_randomized_500k
sac_her,action_reversal,3,0.0,-150.0,0.0,0.32139788047057627,150,0.015784133225679398,1.0192978382110596,0.0,0.0,,1150,none,B1,sac_her_pickandplace_randomized_500k
sac_her,action_reversal,3,0.0,-150.0,0.0,0.32139788047057627,150,0.015784133225679398,1.0192978382110596,0.0,0.0,,1151,none,B1,sac_her_pickandplace_randomized_500k
sac_her,action_reversal,3,0.0,-150.0,0.0,0.32139788047057627,150,0.015784133225679398,1.0192978382110596,0.0,0.0,,1152,none,B1,sac_her_pickandplace_randomized_500k
sac_her,action_reversal,3,0.0,-150.0,0.0,0.32139788047057627,150,0.015784133225679398,1.0192978382110596,0.0,0.0,,1153,none,B1,sac_her_pickandplace_randomized_500k
sac_her,action_reversal,3,0.0,-150.0,0.0,0.32139788047057627,150,0.015784133225679398,1.0192978382110596,0.0,0.0,,1154,none,B1,sac_her_pickandplace_randomized_500k
sac_her,action_reversal,3,0.0,-150.0,0.0,0.32139788047057627,150,0.015784133225679398,1.0192978382110596,0.0,0.0,,1155,none,B1,sac_her_pickandplace_randomized_500k
sac_her,action_reversal,3,0.0,-150.0,0.0,0.32139788047057627,150,0.015784133225679398,1.0192978382110596,0.0,0.0,,1156,none,B1,sac_her_pickandplace_randomized_500k
sac_her,action_reversal,3,0.0,-150.0,0.0,0.32139788047057627,150,0.015784133225679398,1.0192978382110596,0.0,0.0,,1157,none,B1,sac_her_pickandplace_randomized_500k
sac_her,action_reversal,3,0.0,-150.0,0.0,0.32139788047057627,150,0.015784133225679398,1.0192978382110596,0.0,0.0,,1158,none,B1,sac_her_pickandplace_randomized_500k
sac_her,action_reversal,3,0.0,-150.0,0.0,0.32139788047057627,150,0.015784133225679398,1.0192978382110596,0.0,0.0,,1159,none,B1,sac_her_pickandplace_randomized_500k
sac_her,action_reversal,3,0.0,-150.0,0.0,0.32139788047057627,150,0.015784133225679398,1.0192978382110596,0.0,0.0,,1160,none,B1,sac_her_pickandplace_randomized_500k
sac_her,action_reversal,3,0.0,-150.0,0.0,0.32139788047057627,150,0.015784133225679398,1.0192978382110596,0.0,0.0,,1161,none,B1,sac_her_pickandplace_randomized_500k
sac_her,action_reversal,3,0.0,-150.0,0.0,0.32139788047057627,150,0.015784133225679398,1.0192978382110596,0.0,0.0,,1162,none,B1,sac_her_pickandplace_randomized_500k
sac_her,action_reversal,3,0.0,-150.0,0.0,0.32139788047057627,150,0.015784133225679398,1.0192978382110596,0.0,0.0,,1163,none,B1,sac_her_pickandplace_randomized_500k
sac_her,action_reversal,3,0.0,-150.0,0.0,0.32139788047057627,150,0.015784133225679398,1.0192978382110596,0.0,0.0,,1164,none,B1,sac_her_pickandplace_randomized_500k
sac_her,action_reversal,3,0.0,-150.0,0.0,0.32139788047057627,150,0.015784133225679398,1.0192978382110596,0.0,0.0,,1165,none,B1,sac_her_pickandplace_randomized_500k
sac_her,action_reversal,3,0.0,-150.0,0.0,0.32139788047057627,150,0.015784133225679398,1.0192978382110596,0.0,0.0,,1166,none,B1,sac_her_pickandplace_randomized_500k
sac_her,action_reversal,3,0.0,-150.0,0.0,0.32139788047057627,150,0.015784133225679398,1.0192978382110596,0.0,0.0,,1167,none,B1,sac_her_pickandplace_randomized_500k
sac_her,action_reversal,3,0.0,-150.0,0.0,0.32139788047057627,150,0.015784133225679398,1.0192978382110596,0.0,0.0,,1168,none,B1,sac_her_pickandplace_randomized_500k
sac_her,action_reversal,3,0.0,-150.0,0.0,0.32139788047057627,150,0.015784133225679398,1.0192978382110596,0.0,0.0,,1169,none,B1,sac_her_pickandplace_randomized_500k
sac_her,goal_spoof_immediate,3,0.1,-150.0,0.0,0.32139788047057627,150,0.01224708091467619,1.2579765319824219,0.0,0.0,,1170,none,B1,sac_her_pickandplace_randomized_500k
sac_her,goal_spoof_immediate,3,0.1,-150.0,0.0,0.32139788047057627,150,0.06146828457713127,1.3486273288726807,0.0,0.0,,1171,none,B1,sac_her_pickandplace_randomized_500k
sac_her,goal_spoof_immediate,3,0.1,-150.0,0.0,0.4278991823417168,150,0.06762969493865967,1.5847331285476685,0.0,0.0,,1172,none,B1,sac_her_pickandplace_randomized_500k
sac_her,goal_spoof_immediate,3,0.1,-150.0,0.0,0.32139788047057627,150,0.030794357880949974,1.2765635251998901,0.0,0.0,,1173,none,B1,sac_her_pickandplace_randomized_500k
sac_her,goal_spoof_immediate,3,0.1,-150.0,0.0,0.370319617277842,150,0.04063441604375839,0.7972724437713623,0.0,0.0,,1174,none,B1,sac_her_pickandplace_randomized_500k
sac_her,goal_spoof_immediate,3,0.1,-150.0,0.0,0.32139788047057627,150,0.019221706315875053,1.621801495552063,0.0,0.0,,1175,none,B1,sac_her_pickandplace_randomized_500k
sac_her,goal_spoof_immediate,3,0.1,-150.0,0.0,0.32139788047057627,150,0.02223389223217964,1.3699344396591187,0.0,0.0,,1176,none,B1,sac_her_pickandplace_randomized_500k
sac_her,goal_spoof_immediate,3,0.1,-150.0,0.0,0.32139788047057627,150,0.02721562422811985,1.4117237329483032,0.0,0.0,,1177,none,B1,sac_her_pickandplace_randomized_500k
sac_her,goal_spoof_immediate,3,0.1,-150.0,0.0,0.32139788047057627,150,0.026415841653943062,1.417051911354065,0.0,0.0,,1178,none,B1,sac_her_pickandplace_randomized_500k
sac_her,goal_spoof_immediate,3,0.1,-150.0,0.0,0.32139788047057627,150,0.018931224942207336,1.6662514209747314,0.0,0.0,,1179,none,B1,sac_her_pickandplace_randomized_500k
sac_her,goal_spoof_immediate,3,0.1,-150.0,0.0,0.32139788047057627,150,0.02872214838862419,1.2983311414718628,0.0,0.0,,1180,none,B1,sac_her_pickandplace_randomized_500k
sac_her,goal_spoof_immediate,3,0.1,-150.0,0.0,0.3267113420797985,150,0.06327753514051437,1.1433172225952148,0.0,0.0,,1181,none,B1,sac_her_pickandplace_randomized_500k
sac_her,goal_spoof_immediate,3,0.1,-150.0,0.0,0.32139788047057627,150,0.009796207770705223,1.2539746761322021,0.0,0.0,,1182,none,B1,sac_her_pickandplace_randomized_500k
sac_her,goal_spoof_immediate,3,0.1,-150.0,0.0,0.32139788047057627,150,0.0325944684445858,0.8161767721176147,0.0,0.0,,1183,none,B1,sac_her_pickandplace_randomized_500k
sac_her,goal_spoof_immediate,3,0.1,-150.0,0.0,0.32139788047057627,150,0.00822046585381031,0.9432993531227112,0.0,0.0,,1184,none,B1,sac_her_pickandplace_randomized_500k
sac_her,goal_spoof_immediate,3,0.1,-150.0,0.0,0.32139788047057627,150,0.017787298187613487,1.7053781747817993,0.0,0.0,,1185,none,B1,sac_her_pickandplace_randomized_500k
sac_her,goal_spoof_immediate,3,0.1,-150.0,0.0,0.32139788047057627,150,0.02390608750283718,1.5049515962600708,0.0,0.0,,1186,none,B1,sac_her_pickandplace_randomized_500k
sac_her,goal_spoof_immediate,3,0.1,-150.0,0.0,0.32139788047057627,150,0.04513312503695488,1.1002804040908813,0.0,0.0,,1187,none,B1,sac_her_pickandplace_randomized_500k
sac_her,goal_spoof_immediate,3,0.1,-150.0,0.0,0.32139788047057627,150,0.028880329802632332,1.3431386947631836,0.0,0.0,,1188,none,B1,sac_her_pickandplace_randomized_500k
sac_her,goal_spoof_immediate,3,0.1,-150.0,0.0,0.32139788047057627,150,0.021523604169487953,1.6317824125289917,0.0,0.0,,1189,none,B1,sac_her_pickandplace_randomized_500k
sac_her,goal_spoof_immediate,3,0.1,-150.0,0.0,0.32139788047057627,150,0.021132977679371834,1.618629813194275,0.0,0.0,,1190,none,B1,sac_her_pickandplace_randomized_500k
sac_her,goal_spoof_immediate,3,0.1,-150.0,0.0,0.32139788047057627,150,0.04630301147699356,0.9523540139198303,0.0,0.0,,1191,none,B1,sac_her_pickandplace_randomized_500k
sac_her,goal_spoof_immediate,3,0.1,-150.0,0.0,0.32139788047057627,150,0.035634130239486694,0.8834101557731628,0.0,0.0,,1192,none,B1,sac_her_pickandplace_randomized_500k
sac_her,goal_spoof_immediate,3,0.1,-150.0,0.0,0.32139788047057627,150,0.024588149040937424,1.5909638404846191,0.0,0.0,,1193,none,B1,sac_her_pickandplace_randomized_500k
sac_her,goal_spoof_immediate,3,0.1,-150.0,0.0,0.32139788047057627,150,0.022284304723143578,1.4223655462265015,0.0,0.0,,1194,none,B1,sac_her_pickandplace_randomized_500k
sac_her,goal_spoof_immediate,3,0.1,-150.0,0.0,0.32139788047057627,150,0.028432125225663185,1.448635220527649,0.0,0.0,,1195,none,B1,sac_her_pickandplace_randomized_500k
sac_her,goal_spoof_immediate,3,0.1,-150.0,0.0,0.3670863088581537,150,0.024632353335618973,0.8467954397201538,0.0,0.0,,1196,none,B1,sac_her_pickandplace_randomized_500k
sac_her,goal_spoof_immediate,3,0.1,-150.0,0.0,0.32139788047057627,150,0.010414179414510727,0.9687158465385437,0.0,0.0,,1197,none,B1,sac_her_pickandplace_randomized_500k
sac_her,goal_spoof_immediate,3,0.1,-150.0,0.0,0.32139788047057627,150,0.029723037034273148,1.479735016822815,0.0,0.0,,1198,none,B1,sac_her_pickandplace_randomized_500k
sac_her,goal_spoof_immediate,3,0.1,-150.0,0.0,0.32139788047057627,150,0.039770808070898056,1.3904762268066406,0.0,0.0,,1199,none,B1,sac_her_pickandplace_randomized_500k
sac_her,goal_spoof_midep,3,0.1,-150.0,0.0,0.3201959404390683,150,0.12027671188116074,1.3056870698928833,0.0,0.0,,1200,none,B1,sac_her_pickandplace_randomized_500k
sac_her,goal_spoof_midep,3,0.1,-150.0,0.0,0.32139788047057627,150,0.03852275013923645,1.2598956823349,0.0,0.0,,1201,none,B1,sac_her_pickandplace_randomized_500k
sac_her,goal_spoof_midep,3,0.1,-150.0,0.0,0.32139788047057627,150,0.05693400651216507,1.2652565240859985,0.0,0.0,,1202,none,B1,sac_her_pickandplace_randomized_500k
sac_her,goal_spoof_midep,3,0.1,-150.0,0.0,0.32139788047057627,150,0.03257198631763458,1.2423875331878662,0.0,0.0,,1203,none,B1,sac_her_pickandplace_randomized_500k
sac_her,goal_spoof_midep,3,0.1,-150.0,0.0,0.32139788047057627,150,0.05336000770330429,1.2921761274337769,0.0,0.0,,1204,none,B1,sac_her_pickandplace_randomized_500k
sac_her,goal_spoof_midep,3,0.1,-150.0,0.0,0.32449244107856073,150,0.08843456208705902,1.109860897064209,0.0,0.0,,1205,none,B1,sac_her_pickandplace_randomized_500k
sac_her,goal_spoof_midep,3,0.1,-150.0,0.0,0.32139788047057627,150,0.03349782153964043,1.2466861009597778,0.0,0.0,,1206,none,B1,sac_her_pickandplace_randomized_500k
sac_her,goal_spoof_midep,3,0.1,-150.0,0.0,0.32139788047057627,150,0.07026157528162003,1.2507857084274292,0.0,0.0,,1207,none,B1,sac_her_pickandplace_randomized_500k
sac_her,goal_spoof_midep,3,0.1,-150.0,0.0,0.32139788047057627,150,0.07030979543924332,1.2917532920837402,0.0,0.0,,1208,none,B1,sac_her_pickandplace_randomized_500k
sac_her,goal_spoof_midep,3,0.1,-150.0,0.0,0.30811990375300347,150,0.05631782114505768,1.002726674079895,0.0,0.0,,1209,none,B1,sac_her_pickandplace_randomized_500k
sac_her,goal_spoof_midep,3,0.1,-150.0,0.0,0.32139788047057627,150,0.04316408187150955,1.3844789266586304,0.0,0.0,,1210,none,B1,sac_her_pickandplace_randomized_500k
sac_her,goal_spoof_midep,3,0.1,-150.0,0.0,0.32139788047057627,150,0.05138830095529556,1.2067344188690186,0.0,0.0,,1211,none,B1,sac_her_pickandplace_randomized_500k
sac_her,goal_spoof_midep,3,0.1,-150.0,0.0,0.32139788047057627,150,0.04660468548536301,1.2435011863708496,0.0,0.0,,1212,none,B1,sac_her_pickandplace_randomized_500k
sac_her,goal_spoof_midep,3,0.1,-150.0,0.0,0.32139788047057627,150,0.043482910841703415,1.3422493934631348,0.0,0.0,,1213,none,B1,sac_her_pickandplace_randomized_500k
sac_her,goal_spoof_midep,3,0.1,-150.0,0.0,0.32139788047057627,150,0.06682727485895157,1.255448818206787,0.0,0.0,,1214,none,B1,sac_her_pickandplace_randomized_500k
sac_her,goal_spoof_midep,3,0.1,-150.0,0.0,0.32139788047057627,150,0.06906347721815109,1.2785086631774902,0.0,0.0,,1215,none,B1,sac_her_pickandplace_randomized_500k
sac_her,goal_spoof_midep,3,0.1,-150.0,0.0,0.32139788047057627,150,0.04868842661380768,1.2402231693267822,0.0,0.0,,1216,none,B1,sac_her_pickandplace_randomized_500k
sac_her,goal_spoof_midep,3,0.1,-150.0,0.0,0.32139788047057627,150,0.04881537705659866,1.2004855871200562,0.0,0.0,,1217,none,B1,sac_her_pickandplace_randomized_500k
sac_her,goal_spoof_midep,3,0.1,-150.0,0.0,0.32139788047057627,150,0.05121579393744469,1.2424161434173584,0.0,0.0,,1218,none,B1,sac_her_pickandplace_randomized_500k
sac_her,goal_spoof_midep,3,0.1,-150.0,0.0,0.32139788047057627,150,0.040251221507787704,1.281247615814209,0.0,0.0,,1219,none,B1,sac_her_pickandplace_randomized_500k
sac_her,goal_spoof_midep,3,0.1,-150.0,0.0,0.32139788047057627,150,0.05185907334089279,1.2244395017623901,0.0,0.0,,1220,none,B1,sac_her_pickandplace_randomized_500k
sac_her,goal_spoof_midep,3,0.1,-150.0,0.0,0.3261153772602959,150,0.0981215387582779,1.1890453100204468,0.0,0.0,,1221,none,B1,sac_her_pickandplace_randomized_500k
sac_her,goal_spoof_midep,3,0.1,-150.0,0.0,0.3891192935800067,150,0.11317773163318634,1.388830542564392,0.0,0.0,,1222,none,B1,sac_her_pickandplace_randomized_500k
sac_her,goal_spoof_midep,3,0.1,-150.0,0.0,0.32139788047057627,150,0.04026506096124649,1.2790788412094116,0.0,0.0,,1223,none,B1,sac_her_pickandplace_randomized_500k
sac_her,goal_spoof_midep,3,0.1,-150.0,0.0,0.32139788047057627,150,0.06671038269996643,1.3108831644058228,0.0,0.0,,1224,none,B1,sac_her_pickandplace_randomized_500k
sac_her,goal_spoof_midep,3,0.1,-150.0,0.0,0.32139788047057627,150,0.0611567385494709,1.176746129989624,0.0,0.0,,1225,none,B1,sac_her_pickandplace_randomized_500k
sac_her,goal_spoof_midep,3,0.1,-150.0,0.0,0.32139788047057627,150,0.05308539792895317,1.3459899425506592,0.0,0.0,,1226,none,B1,sac_her_pickandplace_randomized_500k
sac_her,goal_spoof_midep,3,0.1,-150.0,0.0,0.32139788047057627,150,0.03861398622393608,1.3961268663406372,0.0,0.0,,1227,none,B1,sac_her_pickandplace_randomized_500k
sac_her,goal_spoof_midep,3,0.1,-150.0,0.0,0.32139788047057627,150,0.044962137937545776,1.0912153720855713,0.0,0.0,,1228,none,B1,sac_her_pickandplace_randomized_500k
sac_her,goal_spoof_midep,3,0.1,-150.0,0.0,0.32139788047057627,150,0.03993655741214752,1.3501570224761963,0.0,0.0,,1229,none,B1,sac_her_pickandplace_randomized_500k
sac_her,object_pose_spoof,3,0.1,-150.0,0.0,0.32139788047057627,150,0.05302568897604942,1.1273689270019531,0.0,0.0,,1230,none,B1,sac_her_pickandplace_randomized_500k
sac_her,object_pose_spoof,3,0.1,-150.0,0.0,0.32139788047057627,150,0.02903841994702816,1.4717910289764404,0.0,0.0,,1231,none,B1,sac_her_pickandplace_randomized_500k
sac_her,object_pose_spoof,3,0.1,-150.0,0.0,0.32139788047057627,150,0.0685662180185318,1.3355854749679565,0.0,0.0,,1232,none,B1,sac_her_pickandplace_randomized_500k
sac_her,object_pose_spoof,3,0.1,-150.0,0.0,0.32139788047057627,150,0.06829801946878433,1.3236347436904907,0.0,0.0,,1233,none,B1,sac_her_pickandplace_randomized_500k
sac_her,object_pose_spoof,3,0.1,-150.0,0.0,0.32139788047057627,150,0.031286731362342834,1.5352011919021606,0.0,0.0,,1234,none,B1,sac_her_pickandplace_randomized_500k
sac_her,object_pose_spoof,3,0.1,-150.0,0.0,0.3370286451455517,150,0.06410614401102066,1.2550996541976929,0.0,0.0,,1235,none,B1,sac_her_pickandplace_randomized_500k
sac_her,object_pose_spoof,3,0.1,-150.0,0.0,0.32139788047057627,150,0.029696334153413773,1.4077068567276,0.0,0.0,,1236,none,B1,sac_her_pickandplace_randomized_500k
sac_her,object_pose_spoof,3,0.1,-150.0,0.0,0.32139788047057627,150,0.06039862707257271,1.48949134349823,0.0,0.0,,1237,none,B1,sac_her_pickandplace_randomized_500k
sac_her,object_pose_spoof,3,0.1,-150.0,0.0,0.32139788047057627,150,0.018040047958493233,1.2507611513137817,0.0,0.0,,1238,none,B1,sac_her_pickandplace_randomized_500k
sac_her,object_pose_spoof,3,0.1,-150.0,0.0,0.32139788047057627,150,0.016857154667377472,0.861996054649353,0.0,0.0,,1239,none,B1,sac_her_pickandplace_randomized_500k
sac_her,object_pose_spoof,3,0.1,-150.0,0.0,0.32139788047057627,150,0.02298923209309578,1.3680493831634521,0.0,0.0,,1240,none,B1,sac_her_pickandplace_randomized_500k
sac_her,object_pose_spoof,3,0.1,-150.0,0.0,0.32139788047057627,150,0.022138431668281555,1.3658958673477173,0.0,0.0,,1241,none,B1,sac_her_pickandplace_randomized_500k
sac_her,object_pose_spoof,3,0.1,-150.0,0.0,0.32139788047057627,150,0.07816414535045624,1.430711030960083,0.0,0.0,,1242,none,B1,sac_her_pickandplace_randomized_500k
sac_her,object_pose_spoof,3,0.1,-150.0,0.0,0.32139788047057627,150,0.02927294373512268,1.4132572412490845,0.0,0.0,,1243,none,B1,sac_her_pickandplace_randomized_500k
sac_her,object_pose_spoof,3,0.1,-150.0,0.0,0.32139788047057627,150,0.024810828268527985,1.5594258308410645,0.0,0.0,,1244,none,B1,sac_her_pickandplace_randomized_500k
sac_her,object_pose_spoof,3,0.1,-150.0,0.0,0.32139788047057627,150,0.06829209625720978,1.296267032623291,0.0,0.0,,1245,none,B1,sac_her_pickandplace_randomized_500k
sac_her,object_pose_spoof,3,0.1,-150.0,0.0,0.32139788047057627,150,0.015872430056333542,0.845142126083374,0.0,0.0,,1246,none,B1,sac_her_pickandplace_randomized_500k
sac_her,object_pose_spoof,3,0.1,-150.0,0.0,0.32139788047057627,150,0.021419599652290344,1.3108649253845215,0.0,0.0,,1247,none,B1,sac_her_pickandplace_randomized_500k
sac_her,object_pose_spoof,3,0.1,-150.0,0.0,0.41045119439990163,150,0.18278689682483673,1.3938703536987305,0.0,0.0,,1248,none,B1,sac_her_pickandplace_randomized_500k
sac_her,object_pose_spoof,3,0.1,-150.0,0.0,0.32139788047057627,150,0.02455388754606247,1.557619333267212,0.0,0.0,,1249,none,B1,sac_her_pickandplace_randomized_500k
sac_her,object_pose_spoof,3,0.1,-150.0,0.0,0.32139788047057627,150,0.027785908430814743,1.5469613075256348,0.0,0.0,,1250,none,B1,sac_her_pickandplace_randomized_500k
sac_her,object_pose_spoof,3,0.1,-150.0,0.0,0.32139788047057627,150,0.06155172735452652,1.48261559009552,0.0,0.0,,1251,none,B1,sac_her_pickandplace_randomized_500k
sac_her,object_pose_spoof,3,0.1,-150.0,0.0,0.32139788047057627,150,0.023513516411185265,1.3771939277648926,0.0,0.0,,1252,none,B1,sac_her_pickandplace_randomized_500k
sac_her,object_pose_spoof,3,0.1,-150.0,0.0,0.32139788047057627,150,0.01818588376045227,0.8025153875350952,0.0,0.0,,1253,none,B1,sac_her_pickandplace_randomized_500k
sac_her,object_pose_spoof,3,0.1,-150.0,0.0,0.32139788047057627,150,0.009629220701754093,0.8708655834197998,0.0,0.0,,1254,none,B1,sac_her_pickandplace_randomized_500k
sac_her,object_pose_spoof,3,0.1,-150.0,0.0,0.32139788047057627,150,0.018718549981713295,0.8494446873664856,0.0,0.0,,1255,none,B1,sac_her_pickandplace_randomized_500k
sac_her,object_pose_spoof,3,0.1,-150.0,0.0,0.32139788047057627,150,0.02075950801372528,1.5624454021453857,0.0,0.0,,1256,none,B1,sac_her_pickandplace_randomized_500k
sac_her,object_pose_spoof,3,0.1,-150.0,0.0,0.32139788047057627,150,0.010809958912432194,0.7562364935874939,0.0,0.0,,1257,none,B1,sac_her_pickandplace_randomized_500k
sac_her,object_pose_spoof,3,0.1,-150.0,0.0,0.32139788047057627,150,0.024405624717473984,1.164017915725708,0.0,0.0,,1258,none,B1,sac_her_pickandplace_randomized_500k
sac_her,object_pose_spoof,3,0.1,-150.0,0.0,0.32139788047057627,150,0.0633016973733902,1.263372778892517,0.0,0.0,,1259,none,B1,sac_her_pickandplace_randomized_500k
sac_her,grip_state_falsification,3,0.0,-150.0,0.0,0.32139788047057627,150,0.022669900208711624,1.1177847385406494,0.0,0.0,,1260,none,B1,sac_her_pickandplace_randomized_500k
sac_her,grip_state_falsification,3,0.0,-150.0,0.0,0.32139788047057627,150,0.022669900208711624,1.1177847385406494,0.0,0.0,,1261,none,B1,sac_her_pickandplace_randomized_500k
sac_her,grip_state_falsification,3,0.0,-150.0,0.0,0.32139788047057627,150,0.022669900208711624,1.1177847385406494,0.0,0.0,,1262,none,B1,sac_her_pickandplace_randomized_500k
sac_her,grip_state_falsification,3,0.0,-150.0,0.0,0.32139788047057627,150,0.022669900208711624,1.1177847385406494,0.0,0.0,,1263,none,B1,sac_her_pickandplace_randomized_500k
sac_her,grip_state_falsification,3,0.0,-150.0,0.0,0.32139788047057627,150,0.022669900208711624,1.1177847385406494,0.0,0.0,,1264,none,B1,sac_her_pickandplace_randomized_500k
sac_her,grip_state_falsification,3,0.0,-150.0,0.0,0.32139788047057627,150,0.022669900208711624,1.1177847385406494,0.0,0.0,,1265,none,B1,sac_her_pickandplace_randomized_500k
sac_her,grip_state_falsification,3,0.0,-150.0,0.0,0.32139788047057627,150,0.022669900208711624,1.1177847385406494,0.0,0.0,,1266,none,B1,sac_her_pickandplace_randomized_500k
sac_her,grip_state_falsification,3,0.0,-150.0,0.0,0.32139788047057627,150,0.022669900208711624,1.1177847385406494,0.0,0.0,,1267,none,B1,sac_her_pickandplace_randomized_500k
sac_her,grip_state_falsification,3,0.0,-150.0,0.0,0.32139788047057627,150,0.022669900208711624,1.1177847385406494,0.0,0.0,,1268,none,B1,sac_her_pickandplace_randomized_500k
sac_her,grip_state_falsification,3,0.0,-150.0,0.0,0.32139788047057627,150,0.022669900208711624,1.1177847385406494,0.0,0.0,,1269,none,B1,sac_her_pickandplace_randomized_500k
sac_her,grip_state_falsification,3,0.0,-150.0,0.0,0.32139788047057627,150,0.022669900208711624,1.1177847385406494,0.0,0.0,,1270,none,B1,sac_her_pickandplace_randomized_500k
sac_her,grip_state_falsification,3,0.0,-150.0,0.0,0.32139788047057627,150,0.022669900208711624,1.1177847385406494,0.0,0.0,,1271,none,B1,sac_her_pickandplace_randomized_500k
sac_her,grip_state_falsification,3,0.0,-150.0,0.0,0.32139788047057627,150,0.022669900208711624,1.1177847385406494,0.0,0.0,,1272,none,B1,sac_her_pickandplace_randomized_500k
sac_her,grip_state_falsification,3,0.0,-150.0,0.0,0.32139788047057627,150,0.022669900208711624,1.1177847385406494,0.0,0.0,,1273,none,B1,sac_her_pickandplace_randomized_500k
sac_her,grip_state_falsification,3,0.0,-150.0,0.0,0.32139788047057627,150,0.022669900208711624,1.1177847385406494,0.0,0.0,,1274,none,B1,sac_her_pickandplace_randomized_500k
sac_her,grip_state_falsification,3,0.0,-150.0,0.0,0.32139788047057627,150,0.022669900208711624,1.1177847385406494,0.0,0.0,,1275,none,B1,sac_her_pickandplace_randomized_500k
sac_her,grip_state_falsification,3,0.0,-150.0,0.0,0.32139788047057627,150,0.022669900208711624,1.1177847385406494,0.0,0.0,,1276,none,B1,sac_her_pickandplace_randomized_500k
sac_her,grip_state_falsification,3,0.0,-150.0,0.0,0.32139788047057627,150,0.022669900208711624,1.1177847385406494,0.0,0.0,,1277,none,B1,sac_her_pickandplace_randomized_500k
sac_her,grip_state_falsification,3,0.0,-150.0,0.0,0.32139788047057627,150,0.022669900208711624,1.1177847385406494,0.0,0.0,,1278,none,B1,sac_her_pickandplace_randomized_500k
sac_her,grip_state_falsification,3,0.0,-150.0,0.0,0.32139788047057627,150,0.022669900208711624,1.1177847385406494,0.0,0.0,,1279,none,B1,sac_her_pickandplace_randomized_500k
sac_her,grip_state_falsification,3,0.0,-150.0,0.0,0.32139788047057627,150,0.022669900208711624,1.1177847385406494,0.0,0.0,,1280,none,B1,sac_her_pickandplace_randomized_500k
sac_her,grip_state_falsification,3,0.0,-150.0,0.0,0.32139788047057627,150,0.022669900208711624,1.1177847385406494,0.0,0.0,,1281,none,B1,sac_her_pickandplace_randomized_500k
sac_her,grip_state_falsification,3,0.0,-150.0,0.0,0.32139788047057627,150,0.022669900208711624,1.1177847385406494,0.0,0.0,,1282,none,B1,sac_her_pickandplace_randomized_500k
sac_her,grip_state_falsification,3,0.0,-150.0,0.0,0.32139788047057627,150,0.022669900208711624,1.1177847385406494,0.0,0.0,,1283,none,B1,sac_her_pickandplace_randomized_500k
sac_her,grip_state_falsification,3,0.0,-150.0,0.0,0.32139788047057627,150,0.022669900208711624,1.1177847385406494,0.0,0.0,,1284,none,B1,sac_her_pickandplace_randomized_500k
sac_her,grip_state_falsification,3,0.0,-150.0,0.0,0.32139788047057627,150,0.022669900208711624,1.1177847385406494,0.0,0.0,,1285,none,B1,sac_her_pickandplace_randomized_500k
sac_her,grip_state_falsification,3,0.0,-150.0,0.0,0.32139788047057627,150,0.022669900208711624,1.1177847385406494,0.0,0.0,,1286,none,B1,sac_her_pickandplace_randomized_500k
sac_her,grip_state_falsification,3,0.0,-150.0,0.0,0.32139788047057627,150,0.022669900208711624,1.1177847385406494,0.0,0.0,,1287,none,B1,sac_her_pickandplace_randomized_500k
sac_her,grip_state_falsification,3,0.0,-150.0,0.0,0.32139788047057627,150,0.022669900208711624,1.1177847385406494,0.0,0.0,,1288,none,B1,sac_her_pickandplace_randomized_500k
sac_her,grip_state_falsification,3,0.0,-150.0,0.0,0.32139788047057627,150,0.022669900208711624,1.1177847385406494,0.0,0.0,,1289,none,B1,sac_her_pickandplace_randomized_500k
sac_her,contact_dropout,3,0.0,-150.0,0.0,0.32139788047057627,150,0.01446332037448883,1.550516963005066,0.0,0.0,,1290,none,B1,sac_her_pickandplace_randomized_500k
sac_her,contact_dropout,3,0.0,-150.0,0.0,0.32139788047057627,150,0.01446332037448883,1.550516963005066,0.0,0.0,,1291,none,B1,sac_her_pickandplace_randomized_500k
sac_her,contact_dropout,3,0.0,-150.0,0.0,0.32139788047057627,150,0.01446332037448883,1.550516963005066,0.0,0.0,,1292,none,B1,sac_her_pickandplace_randomized_500k
sac_her,contact_dropout,3,0.0,-150.0,0.0,0.32139788047057627,150,0.01446332037448883,1.550516963005066,0.0,0.0,,1293,none,B1,sac_her_pickandplace_randomized_500k
sac_her,contact_dropout,3,0.0,-150.0,0.0,0.32139788047057627,150,0.01446332037448883,1.550516963005066,0.0,0.0,,1294,none,B1,sac_her_pickandplace_randomized_500k
sac_her,contact_dropout,3,0.0,-150.0,0.0,0.32139788047057627,150,0.01446332037448883,1.550516963005066,0.0,0.0,,1295,none,B1,sac_her_pickandplace_randomized_500k
sac_her,contact_dropout,3,0.0,-150.0,0.0,0.32139788047057627,150,0.01446332037448883,1.550516963005066,0.0,0.0,,1296,none,B1,sac_her_pickandplace_randomized_500k
sac_her,contact_dropout,3,0.0,-150.0,0.0,0.32139788047057627,150,0.01446332037448883,1.550516963005066,0.0,0.0,,1297,none,B1,sac_her_pickandplace_randomized_500k
sac_her,contact_dropout,3,0.0,-150.0,0.0,0.32139788047057627,150,0.01446332037448883,1.550516963005066,0.0,0.0,,1298,none,B1,sac_her_pickandplace_randomized_500k
sac_her,contact_dropout,3,0.0,-150.0,0.0,0.32139788047057627,150,0.01446332037448883,1.550516963005066,0.0,0.0,,1299,none,B1,sac_her_pickandplace_randomized_500k
sac_her,contact_dropout,3,0.0,-150.0,0.0,0.32139788047057627,150,0.01446332037448883,1.550516963005066,0.0,0.0,,1300,none,B1,sac_her_pickandplace_randomized_500k
sac_her,contact_dropout,3,0.0,-150.0,0.0,0.32139788047057627,150,0.01446332037448883,1.550516963005066,0.0,0.0,,1301,none,B1,sac_her_pickandplace_randomized_500k
sac_her,contact_dropout,3,0.0,-150.0,0.0,0.32139788047057627,150,0.01446332037448883,1.550516963005066,0.0,0.0,,1302,none,B1,sac_her_pickandplace_randomized_500k
sac_her,contact_dropout,3,0.0,-150.0,0.0,0.32139788047057627,150,0.01446332037448883,1.550516963005066,0.0,0.0,,1303,none,B1,sac_her_pickandplace_randomized_500k
sac_her,contact_dropout,3,0.0,-150.0,0.0,0.32139788047057627,150,0.01446332037448883,1.550516963005066,0.0,0.0,,1304,none,B1,sac_her_pickandplace_randomized_500k
sac_her,contact_dropout,3,0.0,-150.0,0.0,0.32139788047057627,150,0.01446332037448883,1.550516963005066,0.0,0.0,,1305,none,B1,sac_her_pickandplace_randomized_500k
sac_her,contact_dropout,3,0.0,-150.0,0.0,0.32139788047057627,150,0.01446332037448883,1.550516963005066,0.0,0.0,,1306,none,B1,sac_her_pickandplace_randomized_500k
sac_her,contact_dropout,3,0.0,-150.0,0.0,0.32139788047057627,150,0.01446332037448883,1.550516963005066,0.0,0.0,,1307,none,B1,sac_her_pickandplace_randomized_500k
sac_her,contact_dropout,3,0.0,-150.0,0.0,0.32139788047057627,150,0.01446332037448883,1.550516963005066,0.0,0.0,,1308,none,B1,sac_her_pickandplace_randomized_500k
sac_her,contact_dropout,3,0.0,-150.0,0.0,0.32139788047057627,150,0.01446332037448883,1.550516963005066,0.0,0.0,,1309,none,B1,sac_her_pickandplace_randomized_500k
sac_her,contact_dropout,3,0.0,-150.0,0.0,0.32139788047057627,150,0.01446332037448883,1.550516963005066,0.0,0.0,,1310,none,B1,sac_her_pickandplace_randomized_500k
sac_her,contact_dropout,3,0.0,-150.0,0.0,0.32139788047057627,150,0.01446332037448883,1.550516963005066,0.0,0.0,,1311,none,B1,sac_her_pickandplace_randomized_500k
sac_her,contact_dropout,3,0.0,-150.0,0.0,0.32139788047057627,150,0.01446332037448883,1.550516963005066,0.0,0.0,,1312,none,B1,sac_her_pickandplace_randomized_500k
sac_her,contact_dropout,3,0.0,-150.0,0.0,0.32139788047057627,150,0.01446332037448883,1.550516963005066,0.0,0.0,,1313,none,B1,sac_her_pickandplace_randomized_500k
sac_her,contact_dropout,3,0.0,-150.0,0.0,0.32139788047057627,150,0.01446332037448883,1.550516963005066,0.0,0.0,,1314,none,B1,sac_her_pickandplace_randomized_500k
sac_her,contact_dropout,3,0.0,-150.0,0.0,0.32139788047057627,150,0.01446332037448883,1.550516963005066,0.0,0.0,,1315,none,B1,sac_her_pickandplace_randomized_500k
sac_her,contact_dropout,3,0.0,-150.0,0.0,0.32139788047057627,150,0.01446332037448883,1.550516963005066,0.0,0.0,,1316,none,B1,sac_her_pickandplace_randomized_500k
sac_her,contact_dropout,3,0.0,-150.0,0.0,0.32139788047057627,150,0.01446332037448883,1.550516963005066,0.0,0.0,,1317,none,B1,sac_her_pickandplace_randomized_500k
sac_her,contact_dropout,3,0.0,-150.0,0.0,0.32139788047057627,150,0.01446332037448883,1.550516963005066,0.0,0.0,,1318,none,B1,sac_her_pickandplace_randomized_500k
sac_her,contact_dropout,3,0.0,-150.0,0.0,0.32139788047057627,150,0.01446332037448883,1.550516963005066,0.0,0.0,,1319,none,B1,sac_her_pickandplace_randomized_500k
sac_her,clean,4,0.0,-150.0,0.0,0.3833991408667048,150,0.029762648046016693,1.3327817916870117,0.0,0.0,,1320,none,B0,sac_her_pickandplace_randomized_500k
sac_her,clean,4,0.0,-150.0,0.0,0.3833991408667048,150,0.029762648046016693,1.3327817916870117,0.0,0.0,,1321,none,B0,sac_her_pickandplace_randomized_500k
sac_her,clean,4,0.0,-150.0,0.0,0.3833991408667048,150,0.029762648046016693,1.3327817916870117,0.0,0.0,,1322,none,B0,sac_her_pickandplace_randomized_500k
sac_her,clean,4,0.0,-150.0,0.0,0.3833991408667048,150,0.029762648046016693,1.3327817916870117,0.0,0.0,,1323,none,B0,sac_her_pickandplace_randomized_500k
sac_her,clean,4,0.0,-150.0,0.0,0.3833991408667048,150,0.029762648046016693,1.3327817916870117,0.0,0.0,,1324,none,B0,sac_her_pickandplace_randomized_500k
sac_her,clean,4,0.0,-150.0,0.0,0.3833991408667048,150,0.029762648046016693,1.3327817916870117,0.0,0.0,,1325,none,B0,sac_her_pickandplace_randomized_500k
sac_her,clean,4,0.0,-150.0,0.0,0.3833991408667048,150,0.029762648046016693,1.3327817916870117,0.0,0.0,,1326,none,B0,sac_her_pickandplace_randomized_500k
sac_her,clean,4,0.0,-150.0,0.0,0.3833991408667048,150,0.029762648046016693,1.3327817916870117,0.0,0.0,,1327,none,B0,sac_her_pickandplace_randomized_500k
sac_her,clean,4,0.0,-150.0,0.0,0.3833991408667048,150,0.029762648046016693,1.3327817916870117,0.0,0.0,,1328,none,B0,sac_her_pickandplace_randomized_500k
sac_her,clean,4,0.0,-150.0,0.0,0.3833991408667048,150,0.029762648046016693,1.3327817916870117,0.0,0.0,,1329,none,B0,sac_her_pickandplace_randomized_500k
sac_her,clean,4,0.0,-150.0,0.0,0.3833991408667048,150,0.029762648046016693,1.3327817916870117,0.0,0.0,,1330,none,B0,sac_her_pickandplace_randomized_500k
sac_her,clean,4,0.0,-150.0,0.0,0.3833991408667048,150,0.029762648046016693,1.3327817916870117,0.0,0.0,,1331,none,B0,sac_her_pickandplace_randomized_500k
sac_her,clean,4,0.0,-150.0,0.0,0.3833991408667048,150,0.029762648046016693,1.3327817916870117,0.0,0.0,,1332,none,B0,sac_her_pickandplace_randomized_500k
sac_her,clean,4,0.0,-150.0,0.0,0.3833991408667048,150,0.029762648046016693,1.3327817916870117,0.0,0.0,,1333,none,B0,sac_her_pickandplace_randomized_500k
sac_her,clean,4,0.0,-150.0,0.0,0.3833991408667048,150,0.029762648046016693,1.3327817916870117,0.0,0.0,,1334,none,B0,sac_her_pickandplace_randomized_500k
sac_her,clean,4,0.0,-150.0,0.0,0.3833991408667048,150,0.029762648046016693,1.3327817916870117,0.0,0.0,,1335,none,B0,sac_her_pickandplace_randomized_500k
sac_her,clean,4,0.0,-150.0,0.0,0.3833991408667048,150,0.029762648046016693,1.3327817916870117,0.0,0.0,,1336,none,B0,sac_her_pickandplace_randomized_500k
sac_her,clean,4,0.0,-150.0,0.0,0.3833991408667048,150,0.029762648046016693,1.3327817916870117,0.0,0.0,,1337,none,B0,sac_her_pickandplace_randomized_500k
sac_her,clean,4,0.0,-150.0,0.0,0.3833991408667048,150,0.029762648046016693,1.3327817916870117,0.0,0.0,,1338,none,B0,sac_her_pickandplace_randomized_500k
sac_her,clean,4,0.0,-150.0,0.0,0.3833991408667048,150,0.029762648046016693,1.3327817916870117,0.0,0.0,,1339,none,B0,sac_her_pickandplace_randomized_500k
sac_her,clean,4,0.0,-150.0,0.0,0.3833991408667048,150,0.029762648046016693,1.3327817916870117,0.0,0.0,,1340,none,B0,sac_her_pickandplace_randomized_500k
sac_her,clean,4,0.0,-150.0,0.0,0.3833991408667048,150,0.029762648046016693,1.3327817916870117,0.0,0.0,,1341,none,B0,sac_her_pickandplace_randomized_500k
sac_her,clean,4,0.0,-150.0,0.0,0.3833991408667048,150,0.029762648046016693,1.3327817916870117,0.0,0.0,,1342,none,B0,sac_her_pickandplace_randomized_500k
sac_her,clean,4,0.0,-150.0,0.0,0.3833991408667048,150,0.029762648046016693,1.3327817916870117,0.0,0.0,,1343,none,B0,sac_her_pickandplace_randomized_500k
sac_her,clean,4,0.0,-150.0,0.0,0.3833991408667048,150,0.029762648046016693,1.3327817916870117,0.0,0.0,,1344,none,B0,sac_her_pickandplace_randomized_500k
sac_her,clean,4,0.0,-150.0,0.0,0.3833991408667048,150,0.029762648046016693,1.3327817916870117,0.0,0.0,,1345,none,B0,sac_her_pickandplace_randomized_500k
sac_her,clean,4,0.0,-150.0,0.0,0.3833991408667048,150,0.029762648046016693,1.3327817916870117,0.0,0.0,,1346,none,B0,sac_her_pickandplace_randomized_500k
sac_her,clean,4,0.0,-150.0,0.0,0.3833991408667048,150,0.029762648046016693,1.3327817916870117,0.0,0.0,,1347,none,B0,sac_her_pickandplace_randomized_500k
sac_her,clean,4,0.0,-150.0,0.0,0.3833991408667048,150,0.029762648046016693,1.3327817916870117,0.0,0.0,,1348,none,B0,sac_her_pickandplace_randomized_500k
sac_her,clean,4,0.0,-150.0,0.0,0.3833991408667048,150,0.029762648046016693,1.3327817916870117,0.0,0.0,,1349,none,B0,sac_her_pickandplace_randomized_500k
sac_her,sensor_dropout,4,0.0,-150.0,0.0,0.8159560050037662,150,0.011836452409625053,1.6136260032653809,0.0,0.0,,1350,none,B1,sac_her_pickandplace_randomized_500k
sac_her,sensor_dropout,4,0.0,-150.0,0.0,0.8159560050037662,150,0.011836452409625053,1.6136260032653809,0.0,0.0,,1351,none,B1,sac_her_pickandplace_randomized_500k
sac_her,sensor_dropout,4,0.0,-150.0,0.0,0.8159560050037662,150,0.011836452409625053,1.6136260032653809,0.0,0.0,,1352,none,B1,sac_her_pickandplace_randomized_500k
sac_her,sensor_dropout,4,0.0,-150.0,0.0,0.8159560050037662,150,0.011836452409625053,1.6136260032653809,0.0,0.0,,1353,none,B1,sac_her_pickandplace_randomized_500k
sac_her,sensor_dropout,4,0.0,-150.0,0.0,0.8159560050037662,150,0.011836452409625053,1.6136260032653809,0.0,0.0,,1354,none,B1,sac_her_pickandplace_randomized_500k
sac_her,sensor_dropout,4,0.0,-150.0,0.0,0.8159560050037662,150,0.011836452409625053,1.6136260032653809,0.0,0.0,,1355,none,B1,sac_her_pickandplace_randomized_500k
sac_her,sensor_dropout,4,0.0,-150.0,0.0,0.8159560050037662,150,0.011836452409625053,1.6136260032653809,0.0,0.0,,1356,none,B1,sac_her_pickandplace_randomized_500k
sac_her,sensor_dropout,4,0.0,-150.0,0.0,0.8159560050037662,150,0.011836452409625053,1.6136260032653809,0.0,0.0,,1357,none,B1,sac_her_pickandplace_randomized_500k
sac_her,sensor_dropout,4,0.0,-150.0,0.0,0.8159560050037662,150,0.011836452409625053,1.6136260032653809,0.0,0.0,,1358,none,B1,sac_her_pickandplace_randomized_500k
sac_her,sensor_dropout,4,0.0,-150.0,0.0,0.8159560050037662,150,0.011836452409625053,1.6136260032653809,0.0,0.0,,1359,none,B1,sac_her_pickandplace_randomized_500k
sac_her,sensor_dropout,4,0.0,-150.0,0.0,0.8159560050037662,150,0.011836452409625053,1.6136260032653809,0.0,0.0,,1360,none,B1,sac_her_pickandplace_randomized_500k
sac_her,sensor_dropout,4,0.0,-150.0,0.0,0.8159560050037662,150,0.011836452409625053,1.6136260032653809,0.0,0.0,,1361,none,B1,sac_her_pickandplace_randomized_500k
sac_her,sensor_dropout,4,0.0,-150.0,0.0,0.8159560050037662,150,0.011836452409625053,1.6136260032653809,0.0,0.0,,1362,none,B1,sac_her_pickandplace_randomized_500k
sac_her,sensor_dropout,4,0.0,-150.0,0.0,0.8159560050037662,150,0.011836452409625053,1.6136260032653809,0.0,0.0,,1363,none,B1,sac_her_pickandplace_randomized_500k
sac_her,sensor_dropout,4,0.0,-150.0,0.0,0.8159560050037662,150,0.011836452409625053,1.6136260032653809,0.0,0.0,,1364,none,B1,sac_her_pickandplace_randomized_500k
sac_her,sensor_dropout,4,0.0,-150.0,0.0,0.8159560050037662,150,0.011836452409625053,1.6136260032653809,0.0,0.0,,1365,none,B1,sac_her_pickandplace_randomized_500k
sac_her,sensor_dropout,4,0.0,-150.0,0.0,0.8159560050037662,150,0.011836452409625053,1.6136260032653809,0.0,0.0,,1366,none,B1,sac_her_pickandplace_randomized_500k
sac_her,sensor_dropout,4,0.0,-150.0,0.0,0.8159560050037662,150,0.011836452409625053,1.6136260032653809,0.0,0.0,,1367,none,B1,sac_her_pickandplace_randomized_500k
sac_her,sensor_dropout,4,0.0,-150.0,0.0,0.8159560050037662,150,0.011836452409625053,1.6136260032653809,0.0,0.0,,1368,none,B1,sac_her_pickandplace_randomized_500k
sac_her,sensor_dropout,4,0.0,-150.0,0.0,0.8159560050037662,150,0.011836452409625053,1.6136260032653809,0.0,0.0,,1369,none,B1,sac_her_pickandplace_randomized_500k
sac_her,sensor_dropout,4,0.0,-150.0,0.0,0.8159560050037662,150,0.011836452409625053,1.6136260032653809,0.0,0.0,,1370,none,B1,sac_her_pickandplace_randomized_500k
sac_her,sensor_dropout,4,0.0,-150.0,0.0,0.8159560050037662,150,0.011836452409625053,1.6136260032653809,0.0,0.0,,1371,none,B1,sac_her_pickandplace_randomized_500k
sac_her,sensor_dropout,4,0.0,-150.0,0.0,0.8159560050037662,150,0.011836452409625053,1.6136260032653809,0.0,0.0,,1372,none,B1,sac_her_pickandplace_randomized_500k
sac_her,sensor_dropout,4,0.0,-150.0,0.0,0.8159560050037662,150,0.011836452409625053,1.6136260032653809,0.0,0.0,,1373,none,B1,sac_her_pickandplace_randomized_500k
sac_her,sensor_dropout,4,0.0,-150.0,0.0,0.8159560050037662,150,0.011836452409625053,1.6136260032653809,0.0,0.0,,1374,none,B1,sac_her_pickandplace_randomized_500k
sac_her,sensor_dropout,4,0.0,-150.0,0.0,0.8159560050037662,150,0.011836452409625053,1.6136260032653809,0.0,0.0,,1375,none,B1,sac_her_pickandplace_randomized_500k
sac_her,sensor_dropout,4,0.0,-150.0,0.0,0.8159560050037662,150,0.011836452409625053,1.6136260032653809,0.0,0.0,,1376,none,B1,sac_her_pickandplace_randomized_500k
sac_her,sensor_dropout,4,0.0,-150.0,0.0,0.8159560050037662,150,0.011836452409625053,1.6136260032653809,0.0,0.0,,1377,none,B1,sac_her_pickandplace_randomized_500k
sac_her,sensor_dropout,4,0.0,-150.0,0.0,0.8159560050037662,150,0.011836452409625053,1.6136260032653809,0.0,0.0,,1378,none,B1,sac_her_pickandplace_randomized_500k
sac_her,sensor_dropout,4,0.0,-150.0,0.0,0.8159560050037662,150,0.011836452409625053,1.6136260032653809,0.0,0.0,,1379,none,B1,sac_her_pickandplace_randomized_500k
sac_her,sensor_bias,4,0.1,-150.0,0.0,0.3833991408667048,150,0.011243109591305256,1.5551892518997192,0.0,0.0,,1380,none,B1,sac_her_pickandplace_randomized_500k
sac_her,sensor_bias,4,0.1,-150.0,0.0,0.3833991408667048,150,0.04316481575369835,1.3961275815963745,0.0,0.0,,1381,none,B1,sac_her_pickandplace_randomized_500k
sac_her,sensor_bias,4,0.1,-150.0,0.0,0.3833991408667048,150,0.014642416499555111,1.4428426027297974,0.0,0.0,,1382,none,B1,sac_her_pickandplace_randomized_500k
sac_her,sensor_bias,4,0.1,-150.0,0.0,0.3833991408667048,150,0.01194025482982397,1.6099196672439575,0.0,0.0,,1383,none,B1,sac_her_pickandplace_randomized_500k
sac_her,sensor_bias,4,0.1,-150.0,0.0,0.3833991408667048,150,0.03130054473876953,1.3375036716461182,0.0,0.0,,1384,none,B1,sac_her_pickandplace_randomized_500k
sac_her,sensor_bias,4,0.1,-150.0,0.0,0.3833991408667048,150,0.03929745778441429,1.5046025514602661,0.0,0.0,,1385,none,B1,sac_her_pickandplace_randomized_500k
sac_her,sensor_bias,4,0.1,-150.0,0.0,0.3833991408667048,150,0.017616843804717064,1.4747413396835327,0.0,0.0,,1386,none,B1,sac_her_pickandplace_randomized_500k
sac_her,sensor_bias,4,0.1,-150.0,0.0,0.3833991408667048,150,0.013047811575233936,1.4454439878463745,0.0,0.0,,1387,none,B1,sac_her_pickandplace_randomized_500k
sac_her,sensor_bias,4,0.1,-150.0,0.0,0.3833991408667048,150,0.023042764514684677,1.7130544185638428,0.0,0.0,,1388,none,B1,sac_her_pickandplace_randomized_500k
sac_her,sensor_bias,4,0.1,-150.0,0.0,0.3833991408667048,150,0.03847194463014603,1.39801025390625,0.0,0.0,,1389,none,B1,sac_her_pickandplace_randomized_500k
sac_her,sensor_bias,4,0.1,-150.0,0.0,0.3833991408667048,150,0.020575866103172302,1.6132392883300781,0.0,0.0,,1390,none,B1,sac_her_pickandplace_randomized_500k
sac_her,sensor_bias,4,0.1,-150.0,0.0,0.3833991408667048,150,0.014168496243655682,1.5710018873214722,0.0,0.0,,1391,none,B1,sac_her_pickandplace_randomized_500k
sac_her,sensor_bias,4,0.1,-150.0,0.0,0.3833991408667048,150,0.01033248845487833,1.6280226707458496,0.0,0.0,,1392,none,B1,sac_her_pickandplace_randomized_500k
sac_her,sensor_bias,4,0.1,-150.0,0.0,0.3833991408667048,150,0.017392287030816078,1.4271421432495117,0.0,0.0,,1393,none,B1,sac_her_pickandplace_randomized_500k
sac_her,sensor_bias,4,0.1,-150.0,0.0,0.3833991408667048,150,0.014366074465215206,1.7654145956039429,0.0,0.0,,1394,none,B1,sac_her_pickandplace_randomized_500k
sac_her,sensor_bias,4,0.1,-150.0,0.0,0.3833991408667048,150,0.031251873821020126,1.6033738851547241,0.0,0.0,,1395,none,B1,sac_her_pickandplace_randomized_500k
sac_her,sensor_bias,4,0.1,-150.0,0.0,0.3833991408667048,150,0.014453718438744545,1.6163159608840942,0.0,0.0,,1396,none,B1,sac_her_pickandplace_randomized_500k
sac_her,sensor_bias,4,0.1,-150.0,0.0,0.3833991408667048,150,0.012641956098377705,1.3496021032333374,0.0,0.0,,1397,none,B1,sac_her_pickandplace_randomized_500k
sac_her,sensor_bias,4,0.1,-150.0,0.0,0.3833991408667048,150,0.026411239057779312,1.5395301580429077,0.0,0.0,,1398,none,B1,sac_her_pickandplace_randomized_500k
sac_her,sensor_bias,4,0.1,-150.0,0.0,0.3833991408667048,150,0.016438698396086693,1.5605874061584473,0.0,0.0,,1399,none,B1,sac_her_pickandplace_randomized_500k
sac_her,sensor_bias,4,0.1,-150.0,0.0,0.3833991408667048,150,0.022600186988711357,1.4030314683914185,0.0,0.0,,1400,none,B1,sac_her_pickandplace_randomized_500k
sac_her,sensor_bias,4,0.1,-150.0,0.0,0.3833991408667048,150,0.02690686099231243,1.131407380104065,0.0,0.0,,1401,none,B1,sac_her_pickandplace_randomized_500k
sac_her,sensor_bias,4,0.1,-150.0,0.0,0.3833991408667048,150,0.026928318664431572,1.4569439888000488,0.0,0.0,,1402,none,B1,sac_her_pickandplace_randomized_500k
sac_her,sensor_bias,4,0.1,-150.0,0.0,0.3833991408667048,150,0.00898531824350357,1.6955244541168213,0.0,0.0,,1403,none,B1,sac_her_pickandplace_randomized_500k
sac_her,sensor_bias,4,0.1,-150.0,0.0,0.3833991408667048,150,0.011830968782305717,1.6570769548416138,0.0,0.0,,1404,none,B1,sac_her_pickandplace_randomized_500k
sac_her,sensor_bias,4,0.1,-150.0,0.0,0.3833991408667048,150,0.020543456077575684,1.474804401397705,0.0,0.0,,1405,none,B1,sac_her_pickandplace_randomized_500k
sac_her,sensor_bias,4,0.1,-150.0,0.0,0.3833991408667048,150,0.014663531444966793,1.2310339212417603,0.0,0.0,,1406,none,B1,sac_her_pickandplace_randomized_500k
sac_her,sensor_bias,4,0.1,-150.0,0.0,0.3833991408667048,150,0.00855338852852583,1.7594059705734253,0.0,0.0,,1407,none,B1,sac_her_pickandplace_randomized_500k
sac_her,sensor_bias,4,0.1,-150.0,0.0,0.3833991408667048,150,0.018781503662467003,1.5032546520233154,0.0,0.0,,1408,none,B1,sac_her_pickandplace_randomized_500k
sac_her,sensor_bias,4,0.1,-150.0,0.0,0.3833991408667048,150,0.04055623710155487,1.2132421731948853,0.0,0.0,,1409,none,B1,sac_her_pickandplace_randomized_500k
sac_her,action_clipping,4,0.3,-150.0,0.0,0.3833991408667048,150,0.0028876399155706167,0.5908622145652771,0.0,0.0,,1410,none,B1,sac_her_pickandplace_randomized_500k
sac_her,action_clipping,4,0.3,-150.0,0.0,0.3833991408667048,150,0.0028876399155706167,0.5908622145652771,0.0,0.0,,1411,none,B1,sac_her_pickandplace_randomized_500k
sac_her,action_clipping,4,0.3,-150.0,0.0,0.3833991408667048,150,0.0028876399155706167,0.5908622145652771,0.0,0.0,,1412,none,B1,sac_her_pickandplace_randomized_500k
sac_her,action_clipping,4,0.3,-150.0,0.0,0.3833991408667048,150,0.0028876399155706167,0.5908622145652771,0.0,0.0,,1413,none,B1,sac_her_pickandplace_randomized_500k
sac_her,action_clipping,4,0.3,-150.0,0.0,0.3833991408667048,150,0.0028876399155706167,0.5908622145652771,0.0,0.0,,1414,none,B1,sac_her_pickandplace_randomized_500k
sac_her,action_clipping,4,0.3,-150.0,0.0,0.3833991408667048,150,0.0028876399155706167,0.5908622145652771,0.0,0.0,,1415,none,B1,sac_her_pickandplace_randomized_500k
sac_her,action_clipping,4,0.3,-150.0,0.0,0.3833991408667048,150,0.0028876399155706167,0.5908622145652771,0.0,0.0,,1416,none,B1,sac_her_pickandplace_randomized_500k
sac_her,action_clipping,4,0.3,-150.0,0.0,0.3833991408667048,150,0.0028876399155706167,0.5908622145652771,0.0,0.0,,1417,none,B1,sac_her_pickandplace_randomized_500k
sac_her,action_clipping,4,0.3,-150.0,0.0,0.3833991408667048,150,0.0028876399155706167,0.5908622145652771,0.0,0.0,,1418,none,B1,sac_her_pickandplace_randomized_500k
sac_her,action_clipping,4,0.3,-150.0,0.0,0.3833991408667048,150,0.0028876399155706167,0.5908622145652771,0.0,0.0,,1419,none,B1,sac_her_pickandplace_randomized_500k
sac_her,action_clipping,4,0.3,-150.0,0.0,0.3833991408667048,150,0.0028876399155706167,0.5908622145652771,0.0,0.0,,1420,none,B1,sac_her_pickandplace_randomized_500k
sac_her,action_clipping,4,0.3,-150.0,0.0,0.3833991408667048,150,0.0028876399155706167,0.5908622145652771,0.0,0.0,,1421,none,B1,sac_her_pickandplace_randomized_500k
sac_her,action_clipping,4,0.3,-150.0,0.0,0.3833991408667048,150,0.0028876399155706167,0.5908622145652771,0.0,0.0,,1422,none,B1,sac_her_pickandplace_randomized_500k
sac_her,action_clipping,4,0.3,-150.0,0.0,0.3833991408667048,150,0.0028876399155706167,0.5908622145652771,0.0,0.0,,1423,none,B1,sac_her_pickandplace_randomized_500k
sac_her,action_clipping,4,0.3,-150.0,0.0,0.3833991408667048,150,0.0028876399155706167,0.5908622145652771,0.0,0.0,,1424,none,B1,sac_her_pickandplace_randomized_500k
sac_her,action_clipping,4,0.3,-150.0,0.0,0.3833991408667048,150,0.0028876399155706167,0.5908622145652771,0.0,0.0,,1425,none,B1,sac_her_pickandplace_randomized_500k
sac_her,action_clipping,4,0.3,-150.0,0.0,0.3833991408667048,150,0.0028876399155706167,0.5908622145652771,0.0,0.0,,1426,none,B1,sac_her_pickandplace_randomized_500k
sac_her,action_clipping,4,0.3,-150.0,0.0,0.3833991408667048,150,0.0028876399155706167,0.5908622145652771,0.0,0.0,,1427,none,B1,sac_her_pickandplace_randomized_500k
sac_her,action_clipping,4,0.3,-150.0,0.0,0.3833991408667048,150,0.0028876399155706167,0.5908622145652771,0.0,0.0,,1428,none,B1,sac_her_pickandplace_randomized_500k
sac_her,action_clipping,4,0.3,-150.0,0.0,0.3833991408667048,150,0.0028876399155706167,0.5908622145652771,0.0,0.0,,1429,none,B1,sac_her_pickandplace_randomized_500k
sac_her,action_clipping,4,0.3,-150.0,0.0,0.3833991408667048,150,0.0028876399155706167,0.5908622145652771,0.0,0.0,,1430,none,B1,sac_her_pickandplace_randomized_500k
sac_her,action_clipping,4,0.3,-150.0,0.0,0.3833991408667048,150,0.0028876399155706167,0.5908622145652771,0.0,0.0,,1431,none,B1,sac_her_pickandplace_randomized_500k
sac_her,action_clipping,4,0.3,-150.0,0.0,0.3833991408667048,150,0.0028876399155706167,0.5908622145652771,0.0,0.0,,1432,none,B1,sac_her_pickandplace_randomized_500k
sac_her,action_clipping,4,0.3,-150.0,0.0,0.3833991408667048,150,0.0028876399155706167,0.5908622145652771,0.0,0.0,,1433,none,B1,sac_her_pickandplace_randomized_500k
sac_her,action_clipping,4,0.3,-150.0,0.0,0.3833991408667048,150,0.0028876399155706167,0.5908622145652771,0.0,0.0,,1434,none,B1,sac_her_pickandplace_randomized_500k
sac_her,action_clipping,4,0.3,-150.0,0.0,0.3833991408667048,150,0.0028876399155706167,0.5908622145652771,0.0,0.0,,1435,none,B1,sac_her_pickandplace_randomized_500k
sac_her,action_clipping,4,0.3,-150.0,0.0,0.3833991408667048,150,0.0028876399155706167,0.5908622145652771,0.0,0.0,,1436,none,B1,sac_her_pickandplace_randomized_500k
sac_her,action_clipping,4,0.3,-150.0,0.0,0.3833991408667048,150,0.0028876399155706167,0.5908622145652771,0.0,0.0,,1437,none,B1,sac_her_pickandplace_randomized_500k
sac_her,action_clipping,4,0.3,-150.0,0.0,0.3833991408667048,150,0.0028876399155706167,0.5908622145652771,0.0,0.0,,1438,none,B1,sac_her_pickandplace_randomized_500k
sac_her,action_clipping,4,0.3,-150.0,0.0,0.3833991408667048,150,0.0028876399155706167,0.5908622145652771,0.0,0.0,,1439,none,B1,sac_her_pickandplace_randomized_500k
sac_her,action_delay,4,0.0,-150.0,0.0,0.3833991408667048,150,0.039791740477085114,1.3249504566192627,0.0,0.0,,1440,none,B1,sac_her_pickandplace_randomized_500k
sac_her,action_delay,4,0.0,-150.0,0.0,0.3833991408667048,150,0.039791740477085114,1.3249504566192627,0.0,0.0,,1441,none,B1,sac_her_pickandplace_randomized_500k
sac_her,action_delay,4,0.0,-150.0,0.0,0.3833991408667048,150,0.039791740477085114,1.3249504566192627,0.0,0.0,,1442,none,B1,sac_her_pickandplace_randomized_500k
sac_her,action_delay,4,0.0,-150.0,0.0,0.3833991408667048,150,0.039791740477085114,1.3249504566192627,0.0,0.0,,1443,none,B1,sac_her_pickandplace_randomized_500k
sac_her,action_delay,4,0.0,-150.0,0.0,0.3833991408667048,150,0.039791740477085114,1.3249504566192627,0.0,0.0,,1444,none,B1,sac_her_pickandplace_randomized_500k
sac_her,action_delay,4,0.0,-150.0,0.0,0.3833991408667048,150,0.039791740477085114,1.3249504566192627,0.0,0.0,,1445,none,B1,sac_her_pickandplace_randomized_500k
sac_her,action_delay,4,0.0,-150.0,0.0,0.3833991408667048,150,0.039791740477085114,1.3249504566192627,0.0,0.0,,1446,none,B1,sac_her_pickandplace_randomized_500k
sac_her,action_delay,4,0.0,-150.0,0.0,0.3833991408667048,150,0.039791740477085114,1.3249504566192627,0.0,0.0,,1447,none,B1,sac_her_pickandplace_randomized_500k
sac_her,action_delay,4,0.0,-150.0,0.0,0.3833991408667048,150,0.039791740477085114,1.3249504566192627,0.0,0.0,,1448,none,B1,sac_her_pickandplace_randomized_500k
sac_her,action_delay,4,0.0,-150.0,0.0,0.3833991408667048,150,0.039791740477085114,1.3249504566192627,0.0,0.0,,1449,none,B1,sac_her_pickandplace_randomized_500k
sac_her,action_delay,4,0.0,-150.0,0.0,0.3833991408667048,150,0.039791740477085114,1.3249504566192627,0.0,0.0,,1450,none,B1,sac_her_pickandplace_randomized_500k
sac_her,action_delay,4,0.0,-150.0,0.0,0.3833991408667048,150,0.039791740477085114,1.3249504566192627,0.0,0.0,,1451,none,B1,sac_her_pickandplace_randomized_500k
sac_her,action_delay,4,0.0,-150.0,0.0,0.3833991408667048,150,0.039791740477085114,1.3249504566192627,0.0,0.0,,1452,none,B1,sac_her_pickandplace_randomized_500k
sac_her,action_delay,4,0.0,-150.0,0.0,0.3833991408667048,150,0.039791740477085114,1.3249504566192627,0.0,0.0,,1453,none,B1,sac_her_pickandplace_randomized_500k
sac_her,action_delay,4,0.0,-150.0,0.0,0.3833991408667048,150,0.039791740477085114,1.3249504566192627,0.0,0.0,,1454,none,B1,sac_her_pickandplace_randomized_500k
sac_her,action_delay,4,0.0,-150.0,0.0,0.3833991408667048,150,0.039791740477085114,1.3249504566192627,0.0,0.0,,1455,none,B1,sac_her_pickandplace_randomized_500k
sac_her,action_delay,4,0.0,-150.0,0.0,0.3833991408667048,150,0.039791740477085114,1.3249504566192627,0.0,0.0,,1456,none,B1,sac_her_pickandplace_randomized_500k
sac_her,action_delay,4,0.0,-150.0,0.0,0.3833991408667048,150,0.039791740477085114,1.3249504566192627,0.0,0.0,,1457,none,B1,sac_her_pickandplace_randomized_500k
sac_her,action_delay,4,0.0,-150.0,0.0,0.3833991408667048,150,0.039791740477085114,1.3249504566192627,0.0,0.0,,1458,none,B1,sac_her_pickandplace_randomized_500k
sac_her,action_delay,4,0.0,-150.0,0.0,0.3833991408667048,150,0.039791740477085114,1.3249504566192627,0.0,0.0,,1459,none,B1,sac_her_pickandplace_randomized_500k
sac_her,action_delay,4,0.0,-150.0,0.0,0.3833991408667048,150,0.039791740477085114,1.3249504566192627,0.0,0.0,,1460,none,B1,sac_her_pickandplace_randomized_500k
sac_her,action_delay,4,0.0,-150.0,0.0,0.3833991408667048,150,0.039791740477085114,1.3249504566192627,0.0,0.0,,1461,none,B1,sac_her_pickandplace_randomized_500k
sac_her,action_delay,4,0.0,-150.0,0.0,0.3833991408667048,150,0.039791740477085114,1.3249504566192627,0.0,0.0,,1462,none,B1,sac_her_pickandplace_randomized_500k
sac_her,action_delay,4,0.0,-150.0,0.0,0.3833991408667048,150,0.039791740477085114,1.3249504566192627,0.0,0.0,,1463,none,B1,sac_her_pickandplace_randomized_500k
sac_her,action_delay,4,0.0,-150.0,0.0,0.3833991408667048,150,0.039791740477085114,1.3249504566192627,0.0,0.0,,1464,none,B1,sac_her_pickandplace_randomized_500k
sac_her,action_delay,4,0.0,-150.0,0.0,0.3833991408667048,150,0.039791740477085114,1.3249504566192627,0.0,0.0,,1465,none,B1,sac_her_pickandplace_randomized_500k
sac_her,action_delay,4,0.0,-150.0,0.0,0.3833991408667048,150,0.039791740477085114,1.3249504566192627,0.0,0.0,,1466,none,B1,sac_her_pickandplace_randomized_500k
sac_her,action_delay,4,0.0,-150.0,0.0,0.3833991408667048,150,0.039791740477085114,1.3249504566192627,0.0,0.0,,1467,none,B1,sac_her_pickandplace_randomized_500k
sac_her,action_delay,4,0.0,-150.0,0.0,0.3833991408667048,150,0.039791740477085114,1.3249504566192627,0.0,0.0,,1468,none,B1,sac_her_pickandplace_randomized_500k
sac_her,action_delay,4,0.0,-150.0,0.0,0.3833991408667048,150,0.039791740477085114,1.3249504566192627,0.0,0.0,,1469,none,B1,sac_her_pickandplace_randomized_500k
sac_her,action_reversal,4,0.0,-150.0,0.0,0.3833991408667048,150,0.04291531816124916,0.85574871301651,0.0,0.0,,1470,none,B1,sac_her_pickandplace_randomized_500k
sac_her,action_reversal,4,0.0,-150.0,0.0,0.3833991408667048,150,0.04291531816124916,0.85574871301651,0.0,0.0,,1471,none,B1,sac_her_pickandplace_randomized_500k
sac_her,action_reversal,4,0.0,-150.0,0.0,0.3833991408667048,150,0.04291531816124916,0.85574871301651,0.0,0.0,,1472,none,B1,sac_her_pickandplace_randomized_500k
sac_her,action_reversal,4,0.0,-150.0,0.0,0.3833991408667048,150,0.04291531816124916,0.85574871301651,0.0,0.0,,1473,none,B1,sac_her_pickandplace_randomized_500k
sac_her,action_reversal,4,0.0,-150.0,0.0,0.3833991408667048,150,0.04291531816124916,0.85574871301651,0.0,0.0,,1474,none,B1,sac_her_pickandplace_randomized_500k
sac_her,action_reversal,4,0.0,-150.0,0.0,0.3833991408667048,150,0.04291531816124916,0.85574871301651,0.0,0.0,,1475,none,B1,sac_her_pickandplace_randomized_500k
sac_her,action_reversal,4,0.0,-150.0,0.0,0.3833991408667048,150,0.04291531816124916,0.85574871301651,0.0,0.0,,1476,none,B1,sac_her_pickandplace_randomized_500k
sac_her,action_reversal,4,0.0,-150.0,0.0,0.3833991408667048,150,0.04291531816124916,0.85574871301651,0.0,0.0,,1477,none,B1,sac_her_pickandplace_randomized_500k
sac_her,action_reversal,4,0.0,-150.0,0.0,0.3833991408667048,150,0.04291531816124916,0.85574871301651,0.0,0.0,,1478,none,B1,sac_her_pickandplace_randomized_500k
sac_her,action_reversal,4,0.0,-150.0,0.0,0.3833991408667048,150,0.04291531816124916,0.85574871301651,0.0,0.0,,1479,none,B1,sac_her_pickandplace_randomized_500k
sac_her,action_reversal,4,0.0,-150.0,0.0,0.3833991408667048,150,0.04291531816124916,0.85574871301651,0.0,0.0,,1480,none,B1,sac_her_pickandplace_randomized_500k
sac_her,action_reversal,4,0.0,-150.0,0.0,0.3833991408667048,150,0.04291531816124916,0.85574871301651,0.0,0.0,,1481,none,B1,sac_her_pickandplace_randomized_500k
sac_her,action_reversal,4,0.0,-150.0,0.0,0.3833991408667048,150,0.04291531816124916,0.85574871301651,0.0,0.0,,1482,none,B1,sac_her_pickandplace_randomized_500k
sac_her,action_reversal,4,0.0,-150.0,0.0,0.3833991408667048,150,0.04291531816124916,0.85574871301651,0.0,0.0,,1483,none,B1,sac_her_pickandplace_randomized_500k
sac_her,action_reversal,4,0.0,-150.0,0.0,0.3833991408667048,150,0.04291531816124916,0.85574871301651,0.0,0.0,,1484,none,B1,sac_her_pickandplace_randomized_500k
sac_her,action_reversal,4,0.0,-150.0,0.0,0.3833991408667048,150,0.04291531816124916,0.85574871301651,0.0,0.0,,1485,none,B1,sac_her_pickandplace_randomized_500k
sac_her,action_reversal,4,0.0,-150.0,0.0,0.3833991408667048,150,0.04291531816124916,0.85574871301651,0.0,0.0,,1486,none,B1,sac_her_pickandplace_randomized_500k
sac_her,action_reversal,4,0.0,-150.0,0.0,0.3833991408667048,150,0.04291531816124916,0.85574871301651,0.0,0.0,,1487,none,B1,sac_her_pickandplace_randomized_500k
sac_her,action_reversal,4,0.0,-150.0,0.0,0.3833991408667048,150,0.04291531816124916,0.85574871301651,0.0,0.0,,1488,none,B1,sac_her_pickandplace_randomized_500k
sac_her,action_reversal,4,0.0,-150.0,0.0,0.3833991408667048,150,0.04291531816124916,0.85574871301651,0.0,0.0,,1489,none,B1,sac_her_pickandplace_randomized_500k
sac_her,action_reversal,4,0.0,-150.0,0.0,0.3833991408667048,150,0.04291531816124916,0.85574871301651,0.0,0.0,,1490,none,B1,sac_her_pickandplace_randomized_500k
sac_her,action_reversal,4,0.0,-150.0,0.0,0.3833991408667048,150,0.04291531816124916,0.85574871301651,0.0,0.0,,1491,none,B1,sac_her_pickandplace_randomized_500k
sac_her,action_reversal,4,0.0,-150.0,0.0,0.3833991408667048,150,0.04291531816124916,0.85574871301651,0.0,0.0,,1492,none,B1,sac_her_pickandplace_randomized_500k
sac_her,action_reversal,4,0.0,-150.0,0.0,0.3833991408667048,150,0.04291531816124916,0.85574871301651,0.0,0.0,,1493,none,B1,sac_her_pickandplace_randomized_500k
sac_her,action_reversal,4,0.0,-150.0,0.0,0.3833991408667048,150,0.04291531816124916,0.85574871301651,0.0,0.0,,1494,none,B1,sac_her_pickandplace_randomized_500k
sac_her,action_reversal,4,0.0,-150.0,0.0,0.3833991408667048,150,0.04291531816124916,0.85574871301651,0.0,0.0,,1495,none,B1,sac_her_pickandplace_randomized_500k
sac_her,action_reversal,4,0.0,-150.0,0.0,0.3833991408667048,150,0.04291531816124916,0.85574871301651,0.0,0.0,,1496,none,B1,sac_her_pickandplace_randomized_500k
sac_her,action_reversal,4,0.0,-150.0,0.0,0.3833991408667048,150,0.04291531816124916,0.85574871301651,0.0,0.0,,1497,none,B1,sac_her_pickandplace_randomized_500k
sac_her,action_reversal,4,0.0,-150.0,0.0,0.3833991408667048,150,0.04291531816124916,0.85574871301651,0.0,0.0,,1498,none,B1,sac_her_pickandplace_randomized_500k
sac_her,action_reversal,4,0.0,-150.0,0.0,0.3833991408667048,150,0.04291531816124916,0.85574871301651,0.0,0.0,,1499,none,B1,sac_her_pickandplace_randomized_500k
sac_her,goal_spoof_immediate,4,0.1,-150.0,0.0,0.3833991408667048,150,0.03711652383208275,1.1914829015731812,0.0,0.0,,1500,none,B1,sac_her_pickandplace_randomized_500k
sac_her,goal_spoof_immediate,4,0.1,-150.0,0.0,0.3833991408667048,150,0.024092668667435646,1.1001092195510864,0.0,0.0,,1501,none,B1,sac_her_pickandplace_randomized_500k
sac_her,goal_spoof_immediate,4,0.1,-150.0,0.0,0.3833991408667048,150,0.01891934685409069,1.038019061088562,0.0,0.0,,1502,none,B1,sac_her_pickandplace_randomized_500k
sac_her,goal_spoof_immediate,4,0.1,-150.0,0.0,0.3833991408667048,150,0.01963593252003193,1.121467113494873,0.0,0.0,,1503,none,B1,sac_her_pickandplace_randomized_500k
sac_her,goal_spoof_immediate,4,0.1,-150.0,0.0,0.3833991408667048,150,0.02402382344007492,1.4704391956329346,0.0,0.0,,1504,none,B1,sac_her_pickandplace_randomized_500k
sac_her,goal_spoof_immediate,4,0.1,-150.0,0.0,0.3833991408667048,150,0.025844410061836243,1.4184650182724,0.0,0.0,,1505,none,B1,sac_her_pickandplace_randomized_500k
sac_her,goal_spoof_immediate,4,0.1,-150.0,0.0,0.3833991408667048,150,0.03352327644824982,1.0879193544387817,0.0,0.0,,1506,none,B1,sac_her_pickandplace_randomized_500k
sac_her,goal_spoof_immediate,4,0.1,-150.0,0.0,0.3833991408667048,150,0.017833707854151726,1.076754093170166,0.0,0.0,,1507,none,B1,sac_her_pickandplace_randomized_500k
sac_her,goal_spoof_immediate,4,0.1,-150.0,0.0,0.3833991408667048,150,0.0214711781591177,0.9959527850151062,0.0,0.0,,1508,none,B1,sac_her_pickandplace_randomized_500k
sac_her,goal_spoof_immediate,4,0.1,-150.0,0.0,0.3833991408667048,150,0.029712432995438576,1.3550665378570557,0.0,0.0,,1509,none,B1,sac_her_pickandplace_randomized_500k
sac_her,goal_spoof_immediate,4,0.1,-150.0,0.0,0.3833991408667048,150,0.033240847289562225,1.175386905670166,0.0,0.0,,1510,none,B1,sac_her_pickandplace_randomized_500k
sac_her,goal_spoof_immediate,4,0.1,-150.0,0.0,0.3833991408667048,150,0.019613109529018402,1.5576151609420776,0.0,0.0,,1511,none,B1,sac_her_pickandplace_randomized_500k
sac_her,goal_spoof_immediate,4,0.1,-150.0,0.0,0.3833991408667048,150,0.012802024371922016,1.099280834197998,0.0,0.0,,1512,none,B1,sac_her_pickandplace_randomized_500k
sac_her,goal_spoof_immediate,4,0.1,-150.0,0.0,0.3833991408667048,150,0.03667042404413223,1.2549515962600708,0.0,0.0,,1513,none,B1,sac_her_pickandplace_randomized_500k
sac_her,goal_spoof_immediate,4,0.1,-150.0,0.0,0.3833991408667048,150,0.027450289577245712,1.4692769050598145,0.0,0.0,,1514,none,B1,sac_her_pickandplace_randomized_500k
sac_her,goal_spoof_immediate,4,0.1,-150.0,0.0,0.3833991408667048,150,0.020670900121331215,1.0276694297790527,0.0,0.0,,1515,none,B1,sac_her_pickandplace_randomized_500k
sac_her,goal_spoof_immediate,4,0.1,-150.0,0.0,0.3833991408667048,150,0.01903201825916767,1.4311702251434326,0.0,0.0,,1516,none,B1,sac_her_pickandplace_randomized_500k
sac_her,goal_spoof_immediate,4,0.1,-150.0,0.0,0.3833991408667048,150,0.03091263212263584,1.29808509349823,0.0,0.0,,1517,none,B1,sac_her_pickandplace_randomized_500k
sac_her,goal_spoof_immediate,4,0.1,-150.0,0.0,0.3833991408667048,150,0.013683397322893143,1.1712141036987305,0.0,0.0,,1518,none,B1,sac_her_pickandplace_randomized_500k
sac_her,goal_spoof_immediate,4,0.1,-150.0,0.0,0.3833991408667048,150,0.017839694395661354,1.507321834564209,0.0,0.0,,1519,none,B1,sac_her_pickandplace_randomized_500k
sac_her,goal_spoof_immediate,4,0.1,-150.0,0.0,0.3833991408667048,150,0.024605130776762962,1.5237796306610107,0.0,0.0,,1520,none,B1,sac_her_pickandplace_randomized_500k
sac_her,goal_spoof_immediate,4,0.1,-150.0,0.0,0.3833991408667048,150,0.021337362006306648,1.2921019792556763,0.0,0.0,,1521,none,B1,sac_her_pickandplace_randomized_500k
sac_her,goal_spoof_immediate,4,0.1,-150.0,0.0,0.3833991408667048,150,0.017335955053567886,1.578823447227478,0.0,0.0,,1522,none,B1,sac_her_pickandplace_randomized_500k
sac_her,goal_spoof_immediate,4,0.1,-150.0,0.0,0.3833991408667048,150,0.030291695147752762,1.2320671081542969,0.0,0.0,,1523,none,B1,sac_her_pickandplace_randomized_500k
sac_her,goal_spoof_immediate,4,0.1,-150.0,0.0,0.3833991408667048,150,0.02562626823782921,1.3003525733947754,0.0,0.0,,1524,none,B1,sac_her_pickandplace_randomized_500k
sac_her,goal_spoof_immediate,4,0.1,-150.0,0.0,0.3833991408667048,150,0.022561386227607727,1.296647548675537,0.0,0.0,,1525,none,B1,sac_her_pickandplace_randomized_500k
sac_her,goal_spoof_immediate,4,0.1,-150.0,0.0,0.3833991408667048,150,0.01713814213871956,1.5950242280960083,0.0,0.0,,1526,none,B1,sac_her_pickandplace_randomized_500k
sac_her,goal_spoof_immediate,4,0.1,-150.0,0.0,0.3833991408667048,150,0.02835364080965519,1.298078179359436,0.0,0.0,,1527,none,B1,sac_her_pickandplace_randomized_500k
sac_her,goal_spoof_immediate,4,0.1,-150.0,0.0,0.3833991408667048,150,0.016265079379081726,1.0572911500930786,0.0,0.0,,1528,none,B1,sac_her_pickandplace_randomized_500k
sac_her,goal_spoof_immediate,4,0.1,-150.0,0.0,0.3833991408667048,150,0.02130303531885147,1.3942923545837402,0.0,0.0,,1529,none,B1,sac_her_pickandplace_randomized_500k
sac_her,goal_spoof_midep,4,0.1,-150.0,0.0,0.3833991408667048,150,0.02940325066447258,1.2815896272659302,0.0,0.0,,1530,none,B1,sac_her_pickandplace_randomized_500k
sac_her,goal_spoof_midep,4,0.1,-150.0,0.0,0.3833991408667048,150,0.020091550424695015,1.3495622873306274,0.0,0.0,,1531,none,B1,sac_her_pickandplace_randomized_500k
sac_her,goal_spoof_midep,4,0.1,-150.0,0.0,0.3833991408667048,150,0.026303241029381752,1.361524224281311,0.0,0.0,,1532,none,B1,sac_her_pickandplace_randomized_500k
sac_her,goal_spoof_midep,4,0.1,-150.0,0.0,0.3833991408667048,150,0.033404815942049026,1.223546028137207,0.0,0.0,,1533,none,B1,sac_her_pickandplace_randomized_500k
sac_her,goal_spoof_midep,4,0.1,-150.0,0.0,0.3833991408667048,150,0.030649235472083092,1.2839643955230713,0.0,0.0,,1534,none,B1,sac_her_pickandplace_randomized_500k
sac_her,goal_spoof_midep,4,0.1,-150.0,0.0,0.3833991408667048,150,0.027789944782853127,1.3188605308532715,0.0,0.0,,1535,none,B1,sac_her_pickandplace_randomized_500k
sac_her,goal_spoof_midep,4,0.1,-150.0,0.0,0.3833991408667048,150,0.026523621752858162,1.3555654287338257,0.0,0.0,,1536,none,B1,sac_her_pickandplace_randomized_500k
sac_her,goal_spoof_midep,4,0.1,-150.0,0.0,0.3833991408667048,150,0.020425425842404366,1.3987228870391846,0.0,0.0,,1537,none,B1,sac_her_pickandplace_randomized_500k
sac_her,goal_spoof_midep,4,0.1,-150.0,0.0,0.3833991408667048,150,0.02735384739935398,1.3751357793807983,0.0,0.0,,1538,none,B1,sac_her_pickandplace_randomized_500k
sac_her,goal_spoof_midep,4,0.1,-150.0,0.0,0.3833991408667048,150,0.026507165282964706,1.4983223676681519,0.0,0.0,,1539,none,B1,sac_her_pickandplace_randomized_500k
sac_her,goal_spoof_midep,4,0.1,-150.0,0.0,0.3833991408667048,150,0.03776771202683449,1.1546481847763062,0.0,0.0,,1540,none,B1,sac_her_pickandplace_randomized_500k
sac_her,goal_spoof_midep,4,0.1,-150.0,0.0,0.3833991408667048,150,0.027356641367077827,1.3096989393234253,0.0,0.0,,1541,none,B1,sac_her_pickandplace_randomized_500k
sac_her,goal_spoof_midep,4,0.1,-150.0,0.0,0.3833991408667048,150,0.02978254109621048,1.484375238418579,0.0,0.0,,1542,none,B1,sac_her_pickandplace_randomized_500k
sac_her,goal_spoof_midep,4,0.1,-150.0,0.0,0.3833991408667048,150,0.039588384330272675,1.2403684854507446,0.0,0.0,,1543,none,B1,sac_her_pickandplace_randomized_500k
sac_her,goal_spoof_midep,4,0.1,-150.0,0.0,0.3833991408667048,150,0.03318727761507034,1.2433669567108154,0.0,0.0,,1544,none,B1,sac_her_pickandplace_randomized_500k
sac_her,goal_spoof_midep,4,0.1,-150.0,0.0,0.3833991408667048,150,0.029923535883426666,1.2239058017730713,0.0,0.0,,1545,none,B1,sac_her_pickandplace_randomized_500k
sac_her,goal_spoof_midep,4,0.1,-150.0,0.0,0.3833991408667048,150,0.028959857299923897,1.3499666452407837,0.0,0.0,,1546,none,B1,sac_her_pickandplace_randomized_500k
sac_her,goal_spoof_midep,4,0.1,-150.0,0.0,0.3833991408667048,150,0.03324611857533455,1.3599770069122314,0.0,0.0,,1547,none,B1,sac_her_pickandplace_randomized_500k
sac_her,goal_spoof_midep,4,0.1,-150.0,0.0,0.3833991408667048,150,0.027794111520051956,1.3592545986175537,0.0,0.0,,1548,none,B1,sac_her_pickandplace_randomized_500k
sac_her,goal_spoof_midep,4,0.1,-150.0,0.0,0.3833991408667048,150,0.030867397785186768,1.3514870405197144,0.0,0.0,,1549,none,B1,sac_her_pickandplace_randomized_500k
sac_her,goal_spoof_midep,4,0.1,-150.0,0.0,0.3833991408667048,150,0.03310580551624298,1.546858549118042,0.0,0.0,,1550,none,B1,sac_her_pickandplace_randomized_500k
sac_her,goal_spoof_midep,4,0.1,-150.0,0.0,0.3833991408667048,150,0.03021634742617607,1.2514417171478271,0.0,0.0,,1551,none,B1,sac_her_pickandplace_randomized_500k
sac_her,goal_spoof_midep,4,0.1,-150.0,0.0,0.3833991408667048,150,0.02767976000905037,1.341532826423645,0.0,0.0,,1552,none,B1,sac_her_pickandplace_randomized_500k
sac_her,goal_spoof_midep,4,0.1,-150.0,0.0,0.3833991408667048,150,0.03250491991639137,1.2452657222747803,0.0,0.0,,1553,none,B1,sac_her_pickandplace_randomized_500k
sac_her,goal_spoof_midep,4,0.1,-150.0,0.0,0.3833991408667048,150,0.02561226300895214,1.3171873092651367,0.0,0.0,,1554,none,B1,sac_her_pickandplace_randomized_500k
sac_her,goal_spoof_midep,4,0.1,-150.0,0.0,0.3833991408667048,150,0.027990924194455147,1.5001839399337769,0.0,0.0,,1555,none,B1,sac_her_pickandplace_randomized_500k
sac_her,goal_spoof_midep,4,0.1,-150.0,0.0,0.3833991408667048,150,0.03996875509619713,1.2006444931030273,0.0,0.0,,1556,none,B1,sac_her_pickandplace_randomized_500k
sac_her,goal_spoof_midep,4,0.1,-150.0,0.0,0.3833991408667048,150,0.03131292387843132,1.445123553276062,0.0,0.0,,1557,none,B1,sac_her_pickandplace_randomized_500k
sac_her,goal_spoof_midep,4,0.1,-150.0,0.0,0.3833991408667048,150,0.03110009990632534,1.3548187017440796,0.0,0.0,,1558,none,B1,sac_her_pickandplace_randomized_500k
sac_her,goal_spoof_midep,4,0.1,-150.0,0.0,0.3833991408667048,150,0.027733637019991875,1.3674685955047607,0.0,0.0,,1559,none,B1,sac_her_pickandplace_randomized_500k
sac_her,object_pose_spoof,4,0.1,-150.0,0.0,0.3833991408667048,150,0.0217057466506958,1.3399994373321533,0.0,0.0,,1560,none,B1,sac_her_pickandplace_randomized_500k
sac_her,object_pose_spoof,4,0.1,-150.0,0.0,0.3833991408667048,150,0.023983286693692207,1.2776347398757935,0.0,0.0,,1561,none,B1,sac_her_pickandplace_randomized_500k
sac_her,object_pose_spoof,4,0.1,-150.0,0.0,0.3833991408667048,150,0.028407592326402664,1.3864442110061646,0.0,0.0,,1562,none,B1,sac_her_pickandplace_randomized_500k
sac_her,object_pose_spoof,4,0.1,-150.0,0.0,0.3833991408667048,150,0.01941615529358387,1.295056939125061,0.0,0.0,,1563,none,B1,sac_her_pickandplace_randomized_500k
sac_her,object_pose_spoof,4,0.1,-150.0,0.0,0.3833991408667048,150,0.019003067165613174,1.2204958200454712,0.0,0.0,,1564,none,B1,sac_her_pickandplace_randomized_500k
sac_her,object_pose_spoof,4,0.1,-150.0,0.0,0.3833991408667048,150,0.022357605397701263,1.380126953125,0.0,0.0,,1565,none,B1,sac_her_pickandplace_randomized_500k
sac_her,object_pose_spoof,4,0.1,-150.0,0.0,0.3833991408667048,150,0.023300781846046448,1.4611001014709473,0.0,0.0,,1566,none,B1,sac_her_pickandplace_randomized_500k
sac_her,object_pose_spoof,4,0.1,-150.0,0.0,0.3833991408667048,150,0.02269006334245205,1.2521748542785645,0.0,0.0,,1567,none,B1,sac_her_pickandplace_randomized_500k
sac_her,object_pose_spoof,4,0.1,-150.0,0.0,0.3833991408667048,150,0.030683578923344612,1.3263065814971924,0.0,0.0,,1568,none,B1,sac_her_pickandplace_randomized_500k
sac_her,object_pose_spoof,4,0.1,-150.0,0.0,0.3833991408667048,150,0.027255259454250336,1.4100955724716187,0.0,0.0,,1569,none,B1,sac_her_pickandplace_randomized_500k
sac_her,object_pose_spoof,4,0.1,-150.0,0.0,0.3833991408667048,150,0.022280937060713768,1.1083186864852905,0.0,0.0,,1570,none,B1,sac_her_pickandplace_randomized_500k
sac_her,object_pose_spoof,4,0.1,-150.0,0.0,0.3833991408667048,150,0.02378096990287304,1.4264408349990845,0.0,0.0,,1571,none,B1,sac_her_pickandplace_randomized_500k
sac_her,object_pose_spoof,4,0.1,-150.0,0.0,0.3833991408667048,150,0.027505112811923027,1.372690200805664,0.0,0.0,,1572,none,B1,sac_her_pickandplace_randomized_500k
sac_her,object_pose_spoof,4,0.1,-150.0,0.0,0.3833991408667048,150,0.02931833639740944,1.3555244207382202,0.0,0.0,,1573,none,B1,sac_her_pickandplace_randomized_500k
sac_her,object_pose_spoof,4,0.1,-150.0,0.0,0.3833991408667048,150,0.017205122858285904,1.1716917753219604,0.0,0.0,,1574,none,B1,sac_her_pickandplace_randomized_500k
sac_her,object_pose_spoof,4,0.1,-150.0,0.0,0.3833991408667048,150,0.02640177495777607,1.3359043598175049,0.0,0.0,,1575,none,B1,sac_her_pickandplace_randomized_500k
sac_her,object_pose_spoof,4,0.1,-150.0,0.0,0.3833991408667048,150,0.02625393681228161,1.3748644590377808,0.0,0.0,,1576,none,B1,sac_her_pickandplace_randomized_500k
sac_her,object_pose_spoof,4,0.1,-150.0,0.0,0.3833991408667048,150,0.015061474405229092,1.092187523841858,0.0,0.0,,1577,none,B1,sac_her_pickandplace_randomized_500k
sac_her,object_pose_spoof,4,0.1,-150.0,0.0,0.3833991408667048,150,0.03404727578163147,1.183176875114441,0.0,0.0,,1578,none,B1,sac_her_pickandplace_randomized_500k
sac_her,object_pose_spoof,4,0.1,-150.0,0.0,0.3833991408667048,150,0.019336802884936333,1.3320022821426392,0.0,0.0,,1579,none,B1,sac_her_pickandplace_randomized_500k
sac_her,object_pose_spoof,4,0.1,-150.0,0.0,0.3833991408667048,150,0.02619626559317112,1.4280587434768677,0.0,0.0,,1580,none,B1,sac_her_pickandplace_randomized_500k
sac_her,object_pose_spoof,4,0.1,-150.0,0.0,0.3833991408667048,150,0.01931498944759369,1.0912625789642334,0.0,0.0,,1581,none,B1,sac_her_pickandplace_randomized_500k
sac_her,object_pose_spoof,4,0.1,-150.0,0.0,0.3833991408667048,150,0.01558422390371561,1.289018154144287,0.0,0.0,,1582,none,B1,sac_her_pickandplace_randomized_500k
sac_her,object_pose_spoof,4,0.1,-150.0,0.0,0.3833991408667048,150,0.02538228966295719,1.3091766834259033,0.0,0.0,,1583,none,B1,sac_her_pickandplace_randomized_500k
sac_her,object_pose_spoof,4,0.1,-150.0,0.0,0.3833991408667048,150,0.012353903613984585,1.1846450567245483,0.0,0.0,,1584,none,B1,sac_her_pickandplace_randomized_500k
sac_her,object_pose_spoof,4,0.1,-150.0,0.0,0.3833991408667048,150,0.02316727489233017,1.4415408372879028,0.0,0.0,,1585,none,B1,sac_her_pickandplace_randomized_500k
sac_her,object_pose_spoof,4,0.1,-150.0,0.0,0.3833991408667048,150,0.0290643610060215,1.2990546226501465,0.0,0.0,,1586,none,B1,sac_her_pickandplace_randomized_500k
sac_her,object_pose_spoof,4,0.1,-150.0,0.0,0.3833991408667048,150,0.024805307388305664,1.3818377256393433,0.0,0.0,,1587,none,B1,sac_her_pickandplace_randomized_500k
sac_her,object_pose_spoof,4,0.1,-150.0,0.0,0.3833991408667048,150,0.025103649124503136,1.356361746788025,0.0,0.0,,1588,none,B1,sac_her_pickandplace_randomized_500k
sac_her,object_pose_spoof,4,0.1,-150.0,0.0,0.3833991408667048,150,0.029566995799541473,1.2832505702972412,0.0,0.0,,1589,none,B1,sac_her_pickandplace_randomized_500k
sac_her,grip_state_falsification,4,0.0,-150.0,0.0,0.3833991408667048,150,0.019810086116194725,1.227445125579834,0.0,0.0,,1590,none,B1,sac_her_pickandplace_randomized_500k
sac_her,grip_state_falsification,4,0.0,-150.0,0.0,0.3833991408667048,150,0.019810086116194725,1.227445125579834,0.0,0.0,,1591,none,B1,sac_her_pickandplace_randomized_500k
sac_her,grip_state_falsification,4,0.0,-150.0,0.0,0.3833991408667048,150,0.019810086116194725,1.227445125579834,0.0,0.0,,1592,none,B1,sac_her_pickandplace_randomized_500k
sac_her,grip_state_falsification,4,0.0,-150.0,0.0,0.3833991408667048,150,0.019810086116194725,1.227445125579834,0.0,0.0,,1593,none,B1,sac_her_pickandplace_randomized_500k
sac_her,grip_state_falsification,4,0.0,-150.0,0.0,0.3833991408667048,150,0.019810086116194725,1.227445125579834,0.0,0.0,,1594,none,B1,sac_her_pickandplace_randomized_500k
sac_her,grip_state_falsification,4,0.0,-150.0,0.0,0.3833991408667048,150,0.019810086116194725,1.227445125579834,0.0,0.0,,1595,none,B1,sac_her_pickandplace_randomized_500k
sac_her,grip_state_falsification,4,0.0,-150.0,0.0,0.3833991408667048,150,0.019810086116194725,1.227445125579834,0.0,0.0,,1596,none,B1,sac_her_pickandplace_randomized_500k
sac_her,grip_state_falsification,4,0.0,-150.0,0.0,0.3833991408667048,150,0.019810086116194725,1.227445125579834,0.0,0.0,,1597,none,B1,sac_her_pickandplace_randomized_500k
sac_her,grip_state_falsification,4,0.0,-150.0,0.0,0.3833991408667048,150,0.019810086116194725,1.227445125579834,0.0,0.0,,1598,none,B1,sac_her_pickandplace_randomized_500k
sac_her,grip_state_falsification,4,0.0,-150.0,0.0,0.3833991408667048,150,0.019810086116194725,1.227445125579834,0.0,0.0,,1599,none,B1,sac_her_pickandplace_randomized_500k
sac_her,grip_state_falsification,4,0.0,-150.0,0.0,0.3833991408667048,150,0.019810086116194725,1.227445125579834,0.0,0.0,,1600,none,B1,sac_her_pickandplace_randomized_500k
sac_her,grip_state_falsification,4,0.0,-150.0,0.0,0.3833991408667048,150,0.019810086116194725,1.227445125579834,0.0,0.0,,1601,none,B1,sac_her_pickandplace_randomized_500k
sac_her,grip_state_falsification,4,0.0,-150.0,0.0,0.3833991408667048,150,0.019810086116194725,1.227445125579834,0.0,0.0,,1602,none,B1,sac_her_pickandplace_randomized_500k
sac_her,grip_state_falsification,4,0.0,-150.0,0.0,0.3833991408667048,150,0.019810086116194725,1.227445125579834,0.0,0.0,,1603,none,B1,sac_her_pickandplace_randomized_500k
sac_her,grip_state_falsification,4,0.0,-150.0,0.0,0.3833991408667048,150,0.019810086116194725,1.227445125579834,0.0,0.0,,1604,none,B1,sac_her_pickandplace_randomized_500k
sac_her,grip_state_falsification,4,0.0,-150.0,0.0,0.3833991408667048,150,0.019810086116194725,1.227445125579834,0.0,0.0,,1605,none,B1,sac_her_pickandplace_randomized_500k
sac_her,grip_state_falsification,4,0.0,-150.0,0.0,0.3833991408667048,150,0.019810086116194725,1.227445125579834,0.0,0.0,,1606,none,B1,sac_her_pickandplace_randomized_500k
sac_her,grip_state_falsification,4,0.0,-150.0,0.0,0.3833991408667048,150,0.019810086116194725,1.227445125579834,0.0,0.0,,1607,none,B1,sac_her_pickandplace_randomized_500k
sac_her,grip_state_falsification,4,0.0,-150.0,0.0,0.3833991408667048,150,0.019810086116194725,1.227445125579834,0.0,0.0,,1608,none,B1,sac_her_pickandplace_randomized_500k
sac_her,grip_state_falsification,4,0.0,-150.0,0.0,0.3833991408667048,150,0.019810086116194725,1.227445125579834,0.0,0.0,,1609,none,B1,sac_her_pickandplace_randomized_500k
sac_her,grip_state_falsification,4,0.0,-150.0,0.0,0.3833991408667048,150,0.019810086116194725,1.227445125579834,0.0,0.0,,1610,none,B1,sac_her_pickandplace_randomized_500k
sac_her,grip_state_falsification,4,0.0,-150.0,0.0,0.3833991408667048,150,0.019810086116194725,1.227445125579834,0.0,0.0,,1611,none,B1,sac_her_pickandplace_randomized_500k
sac_her,grip_state_falsification,4,0.0,-150.0,0.0,0.3833991408667048,150,0.019810086116194725,1.227445125579834,0.0,0.0,,1612,none,B1,sac_her_pickandplace_randomized_500k
sac_her,grip_state_falsification,4,0.0,-150.0,0.0,0.3833991408667048,150,0.019810086116194725,1.227445125579834,0.0,0.0,,1613,none,B1,sac_her_pickandplace_randomized_500k
sac_her,grip_state_falsification,4,0.0,-150.0,0.0,0.3833991408667048,150,0.019810086116194725,1.227445125579834,0.0,0.0,,1614,none,B1,sac_her_pickandplace_randomized_500k
sac_her,grip_state_falsification,4,0.0,-150.0,0.0,0.3833991408667048,150,0.019810086116194725,1.227445125579834,0.0,0.0,,1615,none,B1,sac_her_pickandplace_randomized_500k
sac_her,grip_state_falsification,4,0.0,-150.0,0.0,0.3833991408667048,150,0.019810086116194725,1.227445125579834,0.0,0.0,,1616,none,B1,sac_her_pickandplace_randomized_500k
sac_her,grip_state_falsification,4,0.0,-150.0,0.0,0.3833991408667048,150,0.019810086116194725,1.227445125579834,0.0,0.0,,1617,none,B1,sac_her_pickandplace_randomized_500k
sac_her,grip_state_falsification,4,0.0,-150.0,0.0,0.3833991408667048,150,0.019810086116194725,1.227445125579834,0.0,0.0,,1618,none,B1,sac_her_pickandplace_randomized_500k
sac_her,grip_state_falsification,4,0.0,-150.0,0.0,0.3833991408667048,150,0.019810086116194725,1.227445125579834,0.0,0.0,,1619,none,B1,sac_her_pickandplace_randomized_500k
sac_her,contact_dropout,4,0.0,-150.0,0.0,0.3833991408667048,150,0.01868320256471634,1.5855646133422852,0.0,0.0,,1620,none,B1,sac_her_pickandplace_randomized_500k
sac_her,contact_dropout,4,0.0,-150.0,0.0,0.3833991408667048,150,0.01868320256471634,1.5855646133422852,0.0,0.0,,1621,none,B1,sac_her_pickandplace_randomized_500k
sac_her,contact_dropout,4,0.0,-150.0,0.0,0.3833991408667048,150,0.01868320256471634,1.5855646133422852,0.0,0.0,,1622,none,B1,sac_her_pickandplace_randomized_500k
sac_her,contact_dropout,4,0.0,-150.0,0.0,0.3833991408667048,150,0.01868320256471634,1.5855646133422852,0.0,0.0,,1623,none,B1,sac_her_pickandplace_randomized_500k
sac_her,contact_dropout,4,0.0,-150.0,0.0,0.3833991408667048,150,0.01868320256471634,1.5855646133422852,0.0,0.0,,1624,none,B1,sac_her_pickandplace_randomized_500k
sac_her,contact_dropout,4,0.0,-150.0,0.0,0.3833991408667048,150,0.01868320256471634,1.5855646133422852,0.0,0.0,,1625,none,B1,sac_her_pickandplace_randomized_500k
sac_her,contact_dropout,4,0.0,-150.0,0.0,0.3833991408667048,150,0.01868320256471634,1.5855646133422852,0.0,0.0,,1626,none,B1,sac_her_pickandplace_randomized_500k
sac_her,contact_dropout,4,0.0,-150.0,0.0,0.3833991408667048,150,0.01868320256471634,1.5855646133422852,0.0,0.0,,1627,none,B1,sac_her_pickandplace_randomized_500k
sac_her,contact_dropout,4,0.0,-150.0,0.0,0.3833991408667048,150,0.01868320256471634,1.5855646133422852,0.0,0.0,,1628,none,B1,sac_her_pickandplace_randomized_500k
sac_her,contact_dropout,4,0.0,-150.0,0.0,0.3833991408667048,150,0.01868320256471634,1.5855646133422852,0.0,0.0,,1629,none,B1,sac_her_pickandplace_randomized_500k
sac_her,contact_dropout,4,0.0,-150.0,0.0,0.3833991408667048,150,0.01868320256471634,1.5855646133422852,0.0,0.0,,1630,none,B1,sac_her_pickandplace_randomized_500k
sac_her,contact_dropout,4,0.0,-150.0,0.0,0.3833991408667048,150,0.01868320256471634,1.5855646133422852,0.0,0.0,,1631,none,B1,sac_her_pickandplace_randomized_500k
sac_her,contact_dropout,4,0.0,-150.0,0.0,0.3833991408667048,150,0.01868320256471634,1.5855646133422852,0.0,0.0,,1632,none,B1,sac_her_pickandplace_randomized_500k
sac_her,contact_dropout,4,0.0,-150.0,0.0,0.3833991408667048,150,0.01868320256471634,1.5855646133422852,0.0,0.0,,1633,none,B1,sac_her_pickandplace_randomized_500k
sac_her,contact_dropout,4,0.0,-150.0,0.0,0.3833991408667048,150,0.01868320256471634,1.5855646133422852,0.0,0.0,,1634,none,B1,sac_her_pickandplace_randomized_500k
sac_her,contact_dropout,4,0.0,-150.0,0.0,0.3833991408667048,150,0.01868320256471634,1.5855646133422852,0.0,0.0,,1635,none,B1,sac_her_pickandplace_randomized_500k
sac_her,contact_dropout,4,0.0,-150.0,0.0,0.3833991408667048,150,0.01868320256471634,1.5855646133422852,0.0,0.0,,1636,none,B1,sac_her_pickandplace_randomized_500k
sac_her,contact_dropout,4,0.0,-150.0,0.0,0.3833991408667048,150,0.01868320256471634,1.5855646133422852,0.0,0.0,,1637,none,B1,sac_her_pickandplace_randomized_500k
sac_her,contact_dropout,4,0.0,-150.0,0.0,0.3833991408667048,150,0.01868320256471634,1.5855646133422852,0.0,0.0,,1638,none,B1,sac_her_pickandplace_randomized_500k
sac_her,contact_dropout,4,0.0,-150.0,0.0,0.3833991408667048,150,0.01868320256471634,1.5855646133422852,0.0,0.0,,1639,none,B1,sac_her_pickandplace_randomized_500k
sac_her,contact_dropout,4,0.0,-150.0,0.0,0.3833991408667048,150,0.01868320256471634,1.5855646133422852,0.0,0.0,,1640,none,B1,sac_her_pickandplace_randomized_500k
sac_her,contact_dropout,4,0.0,-150.0,0.0,0.3833991408667048,150,0.01868320256471634,1.5855646133422852,0.0,0.0,,1641,none,B1,sac_her_pickandplace_randomized_500k
sac_her,contact_dropout,4,0.0,-150.0,0.0,0.3833991408667048,150,0.01868320256471634,1.5855646133422852,0.0,0.0,,1642,none,B1,sac_her_pickandplace_randomized_500k
sac_her,contact_dropout,4,0.0,-150.0,0.0,0.3833991408667048,150,0.01868320256471634,1.5855646133422852,0.0,0.0,,1643,none,B1,sac_her_pickandplace_randomized_500k
sac_her,contact_dropout,4,0.0,-150.0,0.0,0.3833991408667048,150,0.01868320256471634,1.5855646133422852,0.0,0.0,,1644,none,B1,sac_her_pickandplace_randomized_500k
sac_her,contact_dropout,4,0.0,-150.0,0.0,0.3833991408667048,150,0.01868320256471634,1.5855646133422852,0.0,0.0,,1645,none,B1,sac_her_pickandplace_randomized_500k
sac_her,contact_dropout,4,0.0,-150.0,0.0,0.3833991408667048,150,0.01868320256471634,1.5855646133422852,0.0,0.0,,1646,none,B1,sac_her_pickandplace_randomized_500k
sac_her,contact_dropout,4,0.0,-150.0,0.0,0.3833991408667048,150,0.01868320256471634,1.5855646133422852,0.0,0.0,,1647,none,B1,sac_her_pickandplace_randomized_500k
sac_her,contact_dropout,4,0.0,-150.0,0.0,0.3833991408667048,150,0.01868320256471634,1.5855646133422852,0.0,0.0,,1648,none,B1,sac_her_pickandplace_randomized_500k
sac_her,contact_dropout,4,0.0,-150.0,0.0,0.3833991408667048,150,0.01868320256471634,1.5855646133422852,0.0,0.0,,1649,none,B1,sac_her_pickandplace_randomized_500k
