episode_idx,failure_mode,condition,seed,success,final_distance,first_success_step,model
0,never_reached_object,clean,0,0.0,0.3549225360528287,,clean_500k
1,never_reached_object,clean,0,0.0,0.3549225360528287,,clean_500k
2,never_reached_object,clean,0,0.0,0.3549225360528287,,clean_500k
3,never_reached_object,clean,0,0.0,0.3549225360528287,,clean_500k
4,never_reached_object,clean,0,0.0,0.3549225360528287,,clean_500k
5,never_reached_object,clean,0,0.0,0.3549225360528287,,clean_500k
6,never_reached_object,clean,0,0.0,0.3549225360528287,,clean_500k
7,never_reached_object,clean,0,0.0,0.3549225360528287,,clean_500k
8,never_reached_object,clean,0,0.0,0.3549225360528287,,clean_500k
9,never_reached_object,clean,0,0.0,0.3549225360528287,,clean_500k
10,never_reached_object,clean,0,0.0,0.3549225360528287,,clean_500k
11,never_reached_object,clean,0,0.0,0.3549225360528287,,clean_500k
12,never_reached_object,clean,0,0.0,0.3549225360528287,,clean_500k
13,never_reached_object,clean,0,0.0,0.3549225360528287,,clean_500k
14,never_reached_object,clean,0,0.0,0.3549225360528287,,clean_500k
15,never_reached_object,clean,0,0.0,0.3549225360528287,,clean_500k
16,never_reached_object,clean,0,0.0,0.3549225360528287,,clean_500k
17,never_reached_object,clean,0,0.0,0.3549225360528287,,clean_500k
18,never_reached_object,clean,0,0.0,0.3549225360528287,,clean_500k
19,never_reached_object,clean,0,0.0,0.3549225360528287,,clean_500k
20,never_reached_object,clean,0,0.0,0.3549225360528287,,clean_500k
21,never_reached_object,clean,0,0.0,0.3549225360528287,,clean_500k
22,never_reached_object,clean,0,0.0,0.3549225360528287,,clean_500k
23,never_reached_object,clean,0,0.0,0.3549225360528287,,clean_500k
24,never_reached_object,clean,0,0.0,0.3549225360528287,,clean_500k
25,never_reached_object,clean,0,0.0,0.3549225360528287,,clean_500k
26,never_reached_object,clean,0,0.0,0.3549225360528287,,clean_500k
27,never_reached_object,clean,0,0.0,0.3549225360528287,,clean_500k
28,never_reached_object,clean,0,0.0,0.3549225360528287,,clean_500k
29,never_reached_object,clean,0,0.0,0.3549225360528287,,clean_500k
30,never_reached_object,sensor_dropout,0,0.0,0.3549225360528287,,clean_500k
31,never_reached_object,sensor_dropout,0,0.0,0.3549225360528287,,clean_500k
32,never_reached_object,sensor_dropout,0,0.0,0.3549225360528287,,clean_500k
33,never_reached_object,sensor_dropout,0,0.0,0.3549225360528287,,clean_500k
34,never_reached_object,sensor_dropout,0,0.0,0.3549225360528287,,clean_500k
35,never_reached_object,sensor_dropout,0,0.0,0.3549225360528287,,clean_500k
36,never_reached_object,sensor_dropout,0,0.0,0.3549225360528287,,clean_500k
37,never_reached_object,sensor_dropout,0,0.0,0.3549225360528287,,clean_500k
38,never_reached_object,sensor_dropout,0,0.0,0.3549225360528287,,clean_500k
39,never_reached_object,sensor_dropout,0,0.0,0.3549225360528287,,clean_500k
40,never_reached_object,sensor_dropout,0,0.0,0.3549225360528287,,clean_500k
41,never_reached_object,sensor_dropout,0,0.0,0.3549225360528287,,clean_500k
42,never_reached_object,sensor_dropout,0,0.0,0.3549225360528287,,clean_500k
43,never_reached_object,sensor_dropout,0,0.0,0.3549225360528287,,clean_500k
44,never_reached_object,sensor_dropout,0,0.0,0.3549225360528287,,clean_500k
45,never_reached_object,sensor_dropout,0,0.0,0.3549225360528287,,clean_500k
46,never_reached_object,sensor_dropout,0,0.0,0.3549225360528287,,clean_500k
47,never_reached_object,sensor_dropout,0,0.0,0.3549225360528287,,clean_500k
48,never_reached_object,sensor_dropout,0,0.0,0.3549225360528287,,clean_500k
49,never_reached_object,sensor_dropout,0,0.0,0.3549225360528287,,clean_500k
50,never_reached_object,sensor_dropout,0,0.0,0.3549225360528287,,clean_500k
51,never_reached_object,sensor_dropout,0,0.0,0.3549225360528287,,clean_500k
52,never_reached_object,sensor_dropout,0,0.0,0.3549225360528287,,clean_500k
53,never_reached_object,sensor_dropout,0,0.0,0.3549225360528287,,clean_500k
54,never_reached_object,sensor_dropout,0,0.0,0.3549225360528287,,clean_500k
55,never_reached_object,sensor_dropout,0,0.0,0.3549225360528287,,clean_500k
56,never_reached_object,sensor_dropout,0,0.0,0.3549225360528287,,clean_500k
57,never_reached_object,sensor_dropout,0,0.0,0.3549225360528287,,clean_500k
58,never_reached_object,sensor_dropout,0,0.0,0.3549225360528287,,clean_500k
59,never_reached_object,sensor_dropout,0,0.0,0.3549225360528287,,clean_500k
60,never_reached_object,sensor_bias,0,0.0,0.3549225360528287,,clean_500k
61,never_reached_object,sensor_bias,0,0.0,0.3549225360528287,,clean_500k
62,never_reached_object,sensor_bias,0,0.0,0.3549225360528287,,clean_500k
63,never_reached_object,sensor_bias,0,0.0,0.3549225360528287,,clean_500k
64,never_reached_object,sensor_bias,0,0.0,0.3549225360528287,,clean_500k
65,never_reached_object,sensor_bias,0,0.0,0.4063882775684813,,clean_500k
66,never_reached_object,sensor_bias,0,0.0,0.3549225360528287,,clean_500k
67,never_reached_object,sensor_bias,0,0.0,0.3549225360528287,,clean_500k
68,reached_but_failed_grasp,sensor_bias,0,0.0,0.369009583703668,,clean_500k
69,reached_but_failed_grasp,sensor_bias,0,0.0,0.3126514539961298,,clean_500k
70,never_reached_object,sensor_bias,0,0.0,0.3549225360528287,,clean_500k
71,never_reached_object,sensor_bias,0,0.0,0.3549225360528287,,clean_500k
72,never_reached_object,sensor_bias,0,0.0,0.3549225360528287,,clean_500k
73,never_reached_object,sensor_bias,0,0.0,0.3549225360528287,,clean_500k
74,never_reached_object,sensor_bias,0,0.0,0.3549225360528287,,clean_500k
75,never_reached_object,sensor_bias,0,0.0,0.3549225360528287,,clean_500k
76,reached_but_failed_grasp,sensor_bias,0,0.0,0.2941456650530318,,clean_500k
77,never_reached_object,sensor_bias,0,0.0,0.3549225360528287,,clean_500k
78,reached_but_failed_grasp,sensor_bias,0,0.0,0.3620555605642393,,clean_500k
79,never_reached_object,sensor_bias,0,0.0,0.3549225360528287,,clean_500k
80,never_reached_object,sensor_bias,0,0.0,0.3549225360528287,,clean_500k
81,reached_but_failed_grasp,sensor_bias,0,0.0,0.4697483181309791,,clean_500k
82,never_reached_object,sensor_bias,0,0.0,0.3549225360528287,,clean_500k
83,never_reached_object,sensor_bias,0,0.0,0.3549225360528287,,clean_500k
84,never_reached_object,sensor_bias,0,0.0,0.3549225360528287,,clean_500k
85,never_reached_object,sensor_bias,0,0.0,0.3549225360528287,,clean_500k
86,never_reached_object,sensor_bias,0,0.0,0.3549225360528287,,clean_500k
87,never_reached_object,sensor_bias,0,0.0,0.3549225360528287,,clean_500k
88,never_reached_object,sensor_bias,0,0.0,0.3549225360528287,,clean_500k
89,never_reached_object,sensor_bias,0,0.0,0.4060091322428008,,clean_500k
90,never_reached_object,action_clipping,0,0.0,0.3549225360528287,,clean_500k
91,never_reached_object,action_clipping,0,0.0,0.3549225360528287,,clean_500k
92,never_reached_object,action_clipping,0,0.0,0.3549225360528287,,clean_500k
93,never_reached_object,action_clipping,0,0.0,0.3549225360528287,,clean_500k
94,never_reached_object,action_clipping,0,0.0,0.3549225360528287,,clean_500k
95,never_reached_object,action_clipping,0,0.0,0.3549225360528287,,clean_500k
96,never_reached_object,action_clipping,0,0.0,0.3549225360528287,,clean_500k
97,never_reached_object,action_clipping,0,0.0,0.3549225360528287,,clean_500k
98,never_reached_object,action_clipping,0,0.0,0.3549225360528287,,clean_500k
99,never_reached_object,action_clipping,0,0.0,0.3549225360528287,,clean_500k
100,never_reached_object,action_clipping,0,0.0,0.3549225360528287,,clean_500k
101,never_reached_object,action_clipping,0,0.0,0.3549225360528287,,clean_500k
102,never_reached_object,action_clipping,0,0.0,0.3549225360528287,,clean_500k
103,never_reached_object,action_clipping,0,0.0,0.3549225360528287,,clean_500k
104,never_reached_object,action_clipping,0,0.0,0.3549225360528287,,clean_500k
105,never_reached_object,action_clipping,0,0.0,0.3549225360528287,,clean_500k
106,never_reached_object,action_clipping,0,0.0,0.3549225360528287,,clean_500k
107,never_reached_object,action_clipping,0,0.0,0.3549225360528287,,clean_500k
108,never_reached_object,action_clipping,0,0.0,0.3549225360528287,,clean_500k
109,never_reached_object,action_clipping,0,0.0,0.3549225360528287,,clean_500k
110,never_reached_object,action_clipping,0,0.0,0.3549225360528287,,clean_500k
111,never_reached_object,action_clipping,0,0.0,0.3549225360528287,,clean_500k
112,never_reached_object,action_clipping,0,0.0,0.3549225360528287,,clean_500k
113,never_reached_object,action_clipping,0,0.0,0.3549225360528287,,clean_500k
114,never_reached_object,action_clipping,0,0.0,0.3549225360528287,,clean_500k
115,never_reached_object,action_clipping,0,0.0,0.3549225360528287,,clean_500k
116,never_reached_object,action_clipping,0,0.0,0.3549225360528287,,clean_500k
117,never_reached_object,action_clipping,0,0.0,0.3549225360528287,,clean_500k
118,never_reached_object,action_clipping,0,0.0,0.3549225360528287,,clean_500k
119,never_reached_object,action_clipping,0,0.0,0.3549225360528287,,clean_500k
120,never_reached_object,action_delay,0,0.0,0.3549225360528287,,clean_500k
121,never_reached_object,action_delay,0,0.0,0.3549225360528287,,clean_500k
122,never_reached_object,action_delay,0,0.0,0.3549225360528287,,clean_500k
123,never_reached_object,action_delay,0,0.0,0.3549225360528287,,clean_500k
124,never_reached_object,action_delay,0,0.0,0.3549225360528287,,clean_500k
125,never_reached_object,action_delay,0,0.0,0.3549225360528287,,clean_500k
126,never_reached_object,action_delay,0,0.0,0.3549225360528287,,clean_500k
127,never_reached_object,action_delay,0,0.0,0.3549225360528287,,clean_500k
128,never_reached_object,action_delay,0,0.0,0.3549225360528287,,clean_500k
129,never_reached_object,action_delay,0,0.0,0.3549225360528287,,clean_500k
130,never_reached_object,action_delay,0,0.0,0.3549225360528287,,clean_500k
131,never_reached_object,action_delay,0,0.0,0.3549225360528287,,clean_500k
132,never_reached_object,action_delay,0,0.0,0.3549225360528287,,clean_500k
133,never_reached_object,action_delay,0,0.0,0.3549225360528287,,clean_500k
134,never_reached_object,action_delay,0,0.0,0.3549225360528287,,clean_500k
135,never_reached_object,action_delay,0,0.0,0.3549225360528287,,clean_500k
136,never_reached_object,action_delay,0,0.0,0.3549225360528287,,clean_500k
137,never_reached_object,action_delay,0,0.0,0.3549225360528287,,clean_500k
138,never_reached_object,action_delay,0,0.0,0.3549225360528287,,clean_500k
139,never_reached_object,action_delay,0,0.0,0.3549225360528287,,clean_500k
140,never_reached_object,action_delay,0,0.0,0.3549225360528287,,clean_500k
141,never_reached_object,action_delay,0,0.0,0.3549225360528287,,clean_500k
142,never_reached_object,action_delay,0,0.0,0.3549225360528287,,clean_500k
143,never_reached_object,action_delay,0,0.0,0.3549225360528287,,clean_500k
144,never_reached_object,action_delay,0,0.0,0.3549225360528287,,clean_500k
145,never_reached_object,action_delay,0,0.0,0.3549225360528287,,clean_500k
146,never_reached_object,action_delay,0,0.0,0.3549225360528287,,clean_500k
147,never_reached_object,action_delay,0,0.0,0.3549225360528287,,clean_500k
148,never_reached_object,action_delay,0,0.0,0.3549225360528287,,clean_500k
149,never_reached_object,action_delay,0,0.0,0.3549225360528287,,clean_500k
150,never_reached_object,action_reversal,0,0.0,0.3549225360528287,,clean_500k
151,never_reached_object,action_reversal,0,0.0,0.3549225360528287,,clean_500k
152,never_reached_object,action_reversal,0,0.0,0.3549225360528287,,clean_500k
153,never_reached_object,action_reversal,0,0.0,0.3549225360528287,,clean_500k
154,never_reached_object,action_reversal,0,0.0,0.3549225360528287,,clean_500k
155,never_reached_object,action_reversal,0,0.0,0.3549225360528287,,clean_500k
156,never_reached_object,action_reversal,0,0.0,0.3549225360528287,,clean_500k
157,never_reached_object,action_reversal,0,0.0,0.3549225360528287,,clean_500k
158,never_reached_object,action_reversal,0,0.0,0.3549225360528287,,clean_500k
159,never_reached_object,action_reversal,0,0.0,0.3549225360528287,,clean_500k
160,never_reached_object,action_reversal,0,0.0,0.3549225360528287,,clean_500k
161,never_reached_object,action_reversal,0,0.0,0.3549225360528287,,clean_500k
162,never_reached_object,action_reversal,0,0.0,0.3549225360528287,,clean_500k
163,never_reached_object,action_reversal,0,0.0,0.3549225360528287,,clean_500k
164,never_reached_object,action_reversal,0,0.0,0.3549225360528287,,clean_500k
165,never_reached_object,action_reversal,0,0.0,0.3549225360528287,,clean_500k
166,never_reached_object,action_reversal,0,0.0,0.3549225360528287,,clean_500k
167,never_reached_object,action_reversal,0,0.0,0.3549225360528287,,clean_500k
168,never_reached_object,action_reversal,0,0.0,0.3549225360528287,,clean_500k
169,never_reached_object,action_reversal,0,0.0,0.3549225360528287,,clean_500k
170,never_reached_object,action_reversal,0,0.0,0.3549225360528287,,clean_500k
171,never_reached_object,action_reversal,0,0.0,0.3549225360528287,,clean_500k
172,never_reached_object,action_reversal,0,0.0,0.3549225360528287,,clean_500k
173,never_reached_object,action_reversal,0,0.0,0.3549225360528287,,clean_500k
174,never_reached_object,action_reversal,0,0.0,0.3549225360528287,,clean_500k
175,never_reached_object,action_reversal,0,0.0,0.3549225360528287,,clean_500k
176,never_reached_object,action_reversal,0,0.0,0.3549225360528287,,clean_500k
177,never_reached_object,action_reversal,0,0.0,0.3549225360528287,,clean_500k
178,never_reached_object,action_reversal,0,0.0,0.3549225360528287,,clean_500k
179,never_reached_object,action_reversal,0,0.0,0.3549225360528287,,clean_500k
180,reached_but_failed_grasp,goal_spoof_immediate,0,0.0,0.3526731126773962,,clean_500k
181,never_reached_object,goal_spoof_immediate,0,0.0,0.3549225360528287,,clean_500k
182,never_reached_object,goal_spoof_immediate,0,0.0,0.3549225360528287,,clean_500k
183,never_reached_object,goal_spoof_immediate,0,0.0,0.3549225360528287,,clean_500k
184,never_reached_object,goal_spoof_immediate,0,0.0,0.3549225360528287,,clean_500k
185,never_reached_object,goal_spoof_immediate,0,0.0,0.3549225360528287,,clean_500k
186,never_reached_object,goal_spoof_immediate,0,0.0,0.3549225360528287,,clean_500k
187,never_reached_object,goal_spoof_immediate,0,0.0,0.3549225360528287,,clean_500k
188,never_reached_object,goal_spoof_immediate,0,0.0,0.3549225360528287,,clean_500k
189,never_reached_object,goal_spoof_immediate,0,0.0,0.3549225360528287,,clean_500k
190,never_reached_object,goal_spoof_immediate,0,0.0,0.3549225360528287,,clean_500k
191,never_reached_object,goal_spoof_immediate,0,0.0,0.3549225360528287,,clean_500k
192,never_reached_object,goal_spoof_immediate,0,0.0,0.3549225360528287,,clean_500k
193,never_reached_object,goal_spoof_immediate,0,0.0,0.3549225360528287,,clean_500k
194,never_reached_object,goal_spoof_immediate,0,0.0,0.3549225360528287,,clean_500k
195,never_reached_object,goal_spoof_immediate,0,0.0,0.3549225360528287,,clean_500k
196,never_reached_object,goal_spoof_immediate,0,0.0,0.3549225360528287,,clean_500k
197,never_reached_object,goal_spoof_immediate,0,0.0,0.3549225360528287,,clean_500k
198,reached_but_failed_grasp,goal_spoof_immediate,0,0.0,0.3549225360528287,,clean_500k
199,never_reached_object,goal_spoof_immediate,0,0.0,0.3549225360528287,,clean_500k
200,reached_but_failed_grasp,goal_spoof_immediate,0,0.0,0.354517843611166,,clean_500k
201,reached_but_failed_grasp,goal_spoof_immediate,0,0.0,0.3549225360528287,,clean_500k
202,never_reached_object,goal_spoof_immediate,0,0.0,0.3549225360528287,,clean_500k
203,never_reached_object,goal_spoof_immediate,0,0.0,0.3549225360528287,,clean_500k
204,reached_but_failed_grasp,goal_spoof_immediate,0,0.0,0.3594712116587384,,clean_500k
205,reached_but_failed_grasp,goal_spoof_immediate,0,0.0,0.3539757490304776,,clean_500k
206,never_reached_object,goal_spoof_immediate,0,0.0,0.3549225360528287,,clean_500k
207,never_reached_object,goal_spoof_immediate,0,0.0,0.3549225360528287,,clean_500k
208,never_reached_object,goal_spoof_immediate,0,0.0,0.3549225360528287,,clean_500k
209,never_reached_object,goal_spoof_immediate,0,0.0,0.3549225360528287,,clean_500k
210,never_reached_object,goal_spoof_midep,0,0.0,0.3549225360528287,,clean_500k
211,never_reached_object,goal_spoof_midep,0,0.0,0.3549225360528287,,clean_500k
212,never_reached_object,goal_spoof_midep,0,0.0,0.3549225360528287,,clean_500k
213,never_reached_object,goal_spoof_midep,0,0.0,0.3549225360528287,,clean_500k
214,never_reached_object,goal_spoof_midep,0,0.0,0.3549225360528287,,clean_500k
215,never_reached_object,goal_spoof_midep,0,0.0,0.3549225360528287,,clean_500k
216,never_reached_object,goal_spoof_midep,0,0.0,0.3549225360528287,,clean_500k
217,never_reached_object,goal_spoof_midep,0,0.0,0.3549225360528287,,clean_500k
218,never_reached_object,goal_spoof_midep,0,0.0,0.3549225360528287,,clean_500k
219,never_reached_object,goal_spoof_midep,0,0.0,0.3549225360528287,,clean_500k
220,never_reached_object,goal_spoof_midep,0,0.0,0.3549225360528287,,clean_500k
221,never_reached_object,goal_spoof_midep,0,0.0,0.3549225360528287,,clean_500k
222,never_reached_object,goal_spoof_midep,0,0.0,0.3549225360528287,,clean_500k
223,never_reached_object,goal_spoof_midep,0,0.0,0.3549225360528287,,clean_500k
224,never_reached_object,goal_spoof_midep,0,0.0,0.3549225360528287,,clean_500k
225,never_reached_object,goal_spoof_midep,0,0.0,0.3549225360528287,,clean_500k
226,never_reached_object,goal_spoof_midep,0,0.0,0.3549225360528287,,clean_500k
227,never_reached_object,goal_spoof_midep,0,0.0,0.3549225360528287,,clean_500k
228,never_reached_object,goal_spoof_midep,0,0.0,0.3549225360528287,,clean_500k
229,never_reached_object,goal_spoof_midep,0,0.0,0.3549225360528287,,clean_500k
230,never_reached_object,goal_spoof_midep,0,0.0,0.3549225360528287,,clean_500k
231,never_reached_object,goal_spoof_midep,0,0.0,0.3549225360528287,,clean_500k
232,never_reached_object,goal_spoof_midep,0,0.0,0.3549225360528287,,clean_500k
233,never_reached_object,goal_spoof_midep,0,0.0,0.3549225360528287,,clean_500k
234,never_reached_object,goal_spoof_midep,0,0.0,0.3549225360528287,,clean_500k
235,never_reached_object,goal_spoof_midep,0,0.0,0.3549225360528287,,clean_500k
236,never_reached_object,goal_spoof_midep,0,0.0,0.3549225360528287,,clean_500k
237,never_reached_object,goal_spoof_midep,0,0.0,0.3549225360528287,,clean_500k
238,never_reached_object,goal_spoof_midep,0,0.0,0.3549225360528287,,clean_500k
239,never_reached_object,goal_spoof_midep,0,0.0,0.3549225360528287,,clean_500k
240,never_reached_object,object_pose_spoof,0,0.0,0.3549225360528287,,clean_500k
241,never_reached_object,object_pose_spoof,0,0.0,0.3549225360528287,,clean_500k
242,never_reached_object,object_pose_spoof,0,0.0,0.3549225360528287,,clean_500k
243,never_reached_object,object_pose_spoof,0,0.0,0.3549225360528287,,clean_500k
244,reached_but_failed_grasp,object_pose_spoof,0,0.0,0.2432247927879385,,clean_500k
245,reached_but_failed_grasp,object_pose_spoof,0,0.0,0.3549225360528287,,clean_500k
246,never_reached_object,object_pose_spoof,0,0.0,0.3549225360528287,,clean_500k
247,reached_but_failed_grasp,object_pose_spoof,0,0.0,0.3549225360528287,,clean_500k
248,reached_but_failed_grasp,object_pose_spoof,0,0.0,0.3570632428520374,,clean_500k
249,never_reached_object,object_pose_spoof,0,0.0,0.3549225360528287,,clean_500k
250,never_reached_object,object_pose_spoof,0,0.0,0.3549225360528287,,clean_500k
251,reached_but_failed_grasp,object_pose_spoof,0,0.0,0.1253304312988715,,clean_500k
252,never_reached_object,object_pose_spoof,0,0.0,0.3549225360528287,,clean_500k
253,never_reached_object,object_pose_spoof,0,0.0,0.3549225360528287,,clean_500k
254,never_reached_object,object_pose_spoof,0,0.0,0.3549225360528287,,clean_500k
255,never_reached_object,object_pose_spoof,0,0.0,0.3549225360528287,,clean_500k
256,reached_but_failed_grasp,object_pose_spoof,0,0.0,0.2631608427904299,,clean_500k
257,never_reached_object,object_pose_spoof,0,0.0,0.3549225360528287,,clean_500k
258,reached_but_failed_grasp,object_pose_spoof,0,0.0,0.3656404592777704,,clean_500k
259,never_reached_object,object_pose_spoof,0,0.0,0.3549225360528287,,clean_500k
260,reached_but_failed_grasp,object_pose_spoof,0,0.0,0.5802183710216758,,clean_500k
261,never_reached_object,object_pose_spoof,0,0.0,0.3549225360528287,,clean_500k
262,never_reached_object,object_pose_spoof,0,0.0,0.3549225360528287,,clean_500k
263,never_reached_object,object_pose_spoof,0,0.0,0.3549225360528287,,clean_500k
264,never_reached_object,object_pose_spoof,0,0.0,0.3549225360528287,,clean_500k
265,never_reached_object,object_pose_spoof,0,0.0,0.3549225360528287,,clean_500k
266,never_reached_object,object_pose_spoof,0,0.0,0.3549225360528287,,clean_500k
267,reached_but_failed_grasp,object_pose_spoof,0,0.0,0.3543074569863372,,clean_500k
268,reached_but_failed_grasp,object_pose_spoof,0,0.0,0.3495341920013977,,clean_500k
269,never_reached_object,object_pose_spoof,0,0.0,0.3549225360528287,,clean_500k
270,never_reached_object,grip_state_falsification,0,0.0,0.3549225360528287,,clean_500k
271,never_reached_object,grip_state_falsification,0,0.0,0.3549225360528287,,clean_500k
272,never_reached_object,grip_state_falsification,0,0.0,0.3549225360528287,,clean_500k
273,never_reached_object,grip_state_falsification,0,0.0,0.3549225360528287,,clean_500k
274,never_reached_object,grip_state_falsification,0,0.0,0.3549225360528287,,clean_500k
275,never_reached_object,grip_state_falsification,0,0.0,0.3549225360528287,,clean_500k
276,never_reached_object,grip_state_falsification,0,0.0,0.3549225360528287,,clean_500k
277,never_reached_object,grip_state_falsification,0,0.0,0.3549225360528287,,clean_500k
278,never_reached_object,grip_state_falsification,0,0.0,0.3549225360528287,,clean_500k
279,never_reached_object,grip_state_falsification,0,0.0,0.3549225360528287,,clean_500k
280,never_reached_object,grip_state_falsification,0,0.0,0.3549225360528287,,clean_500k
281,never_reached_object,grip_state_falsification,0,0.0,0.3549225360528287,,clean_500k
282,never_reached_object,grip_state_falsification,0,0.0,0.3549225360528287,,clean_500k
283,never_reached_object,grip_state_falsification,0,0.0,0.3549225360528287,,clean_500k
284,never_reached_object,grip_state_falsification,0,0.0,0.3549225360528287,,clean_500k
285,never_reached_object,grip_state_falsification,0,0.0,0.3549225360528287,,clean_500k
286,never_reached_object,grip_state_falsification,0,0.0,0.3549225360528287,,clean_500k
287,never_reached_object,grip_state_falsification,0,0.0,0.3549225360528287,,clean_500k
288,never_reached_object,grip_state_falsification,0,0.0,0.3549225360528287,,clean_500k
289,never_reached_object,grip_state_falsification,0,0.0,0.3549225360528287,,clean_500k
290,never_reached_object,grip_state_falsification,0,0.0,0.3549225360528287,,clean_500k
291,never_reached_object,grip_state_falsification,0,0.0,0.3549225360528287,,clean_500k
292,never_reached_object,grip_state_falsification,0,0.0,0.3549225360528287,,clean_500k
293,never_reached_object,grip_state_falsification,0,0.0,0.3549225360528287,,clean_500k
294,never_reached_object,grip_state_falsification,0,0.0,0.3549225360528287,,clean_500k
295,never_reached_object,grip_state_falsification,0,0.0,0.3549225360528287,,clean_500k
296,never_reached_object,grip_state_falsification,0,0.0,0.3549225360528287,,clean_500k
297,never_reached_object,grip_state_falsification,0,0.0,0.3549225360528287,,clean_500k
298,never_reached_object,grip_state_falsification,0,0.0,0.3549225360528287,,clean_500k
299,never_reached_object,grip_state_falsification,0,0.0,0.3549225360528287,,clean_500k
300,never_reached_object,contact_dropout,0,0.0,0.3549225360528287,,clean_500k
301,never_reached_object,contact_dropout,0,0.0,0.3549225360528287,,clean_500k
302,never_reached_object,contact_dropout,0,0.0,0.3549225360528287,,clean_500k
303,never_reached_object,contact_dropout,0,0.0,0.3549225360528287,,clean_500k
304,never_reached_object,contact_dropout,0,0.0,0.3549225360528287,,clean_500k
305,never_reached_object,contact_dropout,0,0.0,0.3549225360528287,,clean_500k
306,never_reached_object,contact_dropout,0,0.0,0.3549225360528287,,clean_500k
307,never_reached_object,contact_dropout,0,0.0,0.3549225360528287,,clean_500k
308,never_reached_object,contact_dropout,0,0.0,0.3549225360528287,,clean_500k
309,never_reached_object,contact_dropout,0,0.0,0.3549225360528287,,clean_500k
310,never_reached_object,contact_dropout,0,0.0,0.3549225360528287,,clean_500k
311,never_reached_object,contact_dropout,0,0.0,0.3549225360528287,,clean_500k
312,never_reached_object,contact_dropout,0,0.0,0.3549225360528287,,clean_500k
313,never_reached_object,contact_dropout,0,0.0,0.3549225360528287,,clean_500k
314,never_reached_object,contact_dropout,0,0.0,0.3549225360528287,,clean_500k
315,never_reached_object,contact_dropout,0,0.0,0.3549225360528287,,clean_500k
316,never_reached_object,contact_dropout,0,0.0,0.3549225360528287,,clean_500k
317,never_reached_object,contact_dropout,0,0.0,0.3549225360528287,,clean_500k
318,never_reached_object,contact_dropout,0,0.0,0.3549225360528287,,clean_500k
319,never_reached_object,contact_dropout,0,0.0,0.3549225360528287,,clean_500k
320,never_reached_object,contact_dropout,0,0.0,0.3549225360528287,,clean_500k
321,never_reached_object,contact_dropout,0,0.0,0.3549225360528287,,clean_500k
322,never_reached_object,contact_dropout,0,0.0,0.3549225360528287,,clean_500k
323,never_reached_object,contact_dropout,0,0.0,0.3549225360528287,,clean_500k
324,never_reached_object,contact_dropout,0,0.0,0.3549225360528287,,clean_500k
325,never_reached_object,contact_dropout,0,0.0,0.3549225360528287,,clean_500k
326,never_reached_object,contact_dropout,0,0.0,0.3549225360528287,,clean_500k
327,never_reached_object,contact_dropout,0,0.0,0.3549225360528287,,clean_500k
328,never_reached_object,contact_dropout,0,0.0,0.3549225360528287,,clean_500k
329,never_reached_object,contact_dropout,0,0.0,0.3549225360528287,,clean_500k
330,never_reached_object,clean,1,0.0,0.3884547695970575,,clean_500k
331,never_reached_object,clean,1,0.0,0.3884547695970575,,clean_500k
332,never_reached_object,clean,1,0.0,0.3884547695970575,,clean_500k
333,never_reached_object,clean,1,0.0,0.3884547695970575,,clean_500k
334,never_reached_object,clean,1,0.0,0.3884547695970575,,clean_500k
335,never_reached_object,clean,1,0.0,0.3884547695970575,,clean_500k
336,never_reached_object,clean,1,0.0,0.3884547695970575,,clean_500k
337,never_reached_object,clean,1,0.0,0.3884547695970575,,clean_500k
338,never_reached_object,clean,1,0.0,0.3884547695970575,,clean_500k
339,never_reached_object,clean,1,0.0,0.3884547695970575,,clean_500k
340,never_reached_object,clean,1,0.0,0.3884547695970575,,clean_500k
341,never_reached_object,clean,1,0.0,0.3884547695970575,,clean_500k
342,never_reached_object,clean,1,0.0,0.3884547695970575,,clean_500k
343,never_reached_object,clean,1,0.0,0.3884547695970575,,clean_500k
344,never_reached_object,clean,1,0.0,0.3884547695970575,,clean_500k
345,never_reached_object,clean,1,0.0,0.3884547695970575,,clean_500k
346,never_reached_object,clean,1,0.0,0.3884547695970575,,clean_500k
347,never_reached_object,clean,1,0.0,0.3884547695970575,,clean_500k
348,never_reached_object,clean,1,0.0,0.3884547695970575,,clean_500k
349,never_reached_object,clean,1,0.0,0.3884547695970575,,clean_500k
350,never_reached_object,clean,1,0.0,0.3884547695970575,,clean_500k
351,never_reached_object,clean,1,0.0,0.3884547695970575,,clean_500k
352,never_reached_object,clean,1,0.0,0.3884547695970575,,clean_500k
353,never_reached_object,clean,1,0.0,0.3884547695970575,,clean_500k
354,never_reached_object,clean,1,0.0,0.3884547695970575,,clean_500k
355,never_reached_object,clean,1,0.0,0.3884547695970575,,clean_500k
356,never_reached_object,clean,1,0.0,0.3884547695970575,,clean_500k
357,never_reached_object,clean,1,0.0,0.3884547695970575,,clean_500k
358,never_reached_object,clean,1,0.0,0.3884547695970575,,clean_500k
359,never_reached_object,clean,1,0.0,0.3884547695970575,,clean_500k
360,never_reached_object,sensor_dropout,1,0.0,0.3884547695970575,,clean_500k
361,never_reached_object,sensor_dropout,1,0.0,0.3884547695970575,,clean_500k
362,never_reached_object,sensor_dropout,1,0.0,0.3884547695970575,,clean_500k
363,never_reached_object,sensor_dropout,1,0.0,0.3884547695970575,,clean_500k
364,never_reached_object,sensor_dropout,1,0.0,0.3884547695970575,,clean_500k
365,never_reached_object,sensor_dropout,1,0.0,0.3884547695970575,,clean_500k
366,never_reached_object,sensor_dropout,1,0.0,0.3884547695970575,,clean_500k
367,never_reached_object,sensor_dropout,1,0.0,0.3884547695970575,,clean_500k
368,never_reached_object,sensor_dropout,1,0.0,0.3884547695970575,,clean_500k
369,never_reached_object,sensor_dropout,1,0.0,0.3884547695970575,,clean_500k
370,never_reached_object,sensor_dropout,1,0.0,0.3884547695970575,,clean_500k
371,never_reached_object,sensor_dropout,1,0.0,0.3884547695970575,,clean_500k
372,never_reached_object,sensor_dropout,1,0.0,0.3884547695970575,,clean_500k
373,never_reached_object,sensor_dropout,1,0.0,0.3884547695970575,,clean_500k
374,never_reached_object,sensor_dropout,1,0.0,0.3884547695970575,,clean_500k
375,never_reached_object,sensor_dropout,1,0.0,0.3884547695970575,,clean_500k
376,never_reached_object,sensor_dropout,1,0.0,0.3884547695970575,,clean_500k
377,never_reached_object,sensor_dropout,1,0.0,0.3884547695970575,,clean_500k
378,never_reached_object,sensor_dropout,1,0.0,0.3884547695970575,,clean_500k
379,never_reached_object,sensor_dropout,1,0.0,0.3884547695970575,,clean_500k
380,never_reached_object,sensor_dropout,1,0.0,0.3884547695970575,,clean_500k
381,never_reached_object,sensor_dropout,1,0.0,0.3884547695970575,,clean_500k
382,never_reached_object,sensor_dropout,1,0.0,0.3884547695970575,,clean_500k
383,never_reached_object,sensor_dropout,1,0.0,0.3884547695970575,,clean_500k
384,never_reached_object,sensor_dropout,1,0.0,0.3884547695970575,,clean_500k
385,never_reached_object,sensor_dropout,1,0.0,0.3884547695970575,,clean_500k
386,never_reached_object,sensor_dropout,1,0.0,0.3884547695970575,,clean_500k
387,never_reached_object,sensor_dropout,1,0.0,0.3884547695970575,,clean_500k
388,never_reached_object,sensor_dropout,1,0.0,0.3884547695970575,,clean_500k
389,never_reached_object,sensor_dropout,1,0.0,0.3884547695970575,,clean_500k
390,never_reached_object,sensor_bias,1,0.0,0.3884547695970575,,clean_500k
391,never_reached_object,sensor_bias,1,0.0,0.3884547695970575,,clean_500k
392,never_reached_object,sensor_bias,1,0.0,0.3884547695970575,,clean_500k
393,never_reached_object,sensor_bias,1,0.0,0.3884547695970575,,clean_500k
394,never_reached_object,sensor_bias,1,0.0,0.3884547695970575,,clean_500k
395,never_reached_object,sensor_bias,1,0.0,0.3884547695970575,,clean_500k
396,never_reached_object,sensor_bias,1,0.0,0.3884547695970575,,clean_500k
397,never_reached_object,sensor_bias,1,0.0,0.3884547695970575,,clean_500k
398,never_reached_object,sensor_bias,1,0.0,0.3884547695970575,,clean_500k
399,never_reached_object,sensor_bias,1,0.0,0.3884547695970575,,clean_500k
400,never_reached_object,sensor_bias,1,0.0,0.3884547695970575,,clean_500k
401,never_reached_object,sensor_bias,1,0.0,0.3884547695970575,,clean_500k
402,never_reached_object,sensor_bias,1,0.0,0.3884547695970575,,clean_500k
403,never_reached_object,sensor_bias,1,0.0,0.3884547695970575,,clean_500k
404,never_reached_object,sensor_bias,1,0.0,0.3884547695970575,,clean_500k
405,never_reached_object,sensor_bias,1,0.0,0.3884547695970575,,clean_500k
406,never_reached_object,sensor_bias,1,0.0,0.3884547695970575,,clean_500k
407,never_reached_object,sensor_bias,1,0.0,0.3884547695970575,,clean_500k
408,never_reached_object,sensor_bias,1,0.0,0.3884547695970575,,clean_500k
409,never_reached_object,sensor_bias,1,0.0,0.3884547695970575,,clean_500k
410,never_reached_object,sensor_bias,1,0.0,0.3884547695970575,,clean_500k
411,never_reached_object,sensor_bias,1,0.0,0.3884547695970575,,clean_500k
412,never_reached_object,sensor_bias,1,0.0,0.3884547695970575,,clean_500k
413,never_reached_object,sensor_bias,1,0.0,0.3884547695970575,,clean_500k
414,never_reached_object,sensor_bias,1,0.0,0.3884547695970575,,clean_500k
415,never_reached_object,sensor_bias,1,0.0,0.3884547695970575,,clean_500k
416,never_reached_object,sensor_bias,1,0.0,0.3884547695970575,,clean_500k
417,never_reached_object,sensor_bias,1,0.0,0.3884547695970575,,clean_500k
418,never_reached_object,sensor_bias,1,0.0,0.3884547695970575,,clean_500k
419,never_reached_object,sensor_bias,1,0.0,0.3884547695970575,,clean_500k
420,never_reached_object,action_clipping,1,0.0,0.3884547695970575,,clean_500k
421,never_reached_object,action_clipping,1,0.0,0.3884547695970575,,clean_500k
422,never_reached_object,action_clipping,1,0.0,0.3884547695970575,,clean_500k
423,never_reached_object,action_clipping,1,0.0,0.3884547695970575,,clean_500k
424,never_reached_object,action_clipping,1,0.0,0.3884547695970575,,clean_500k
425,never_reached_object,action_clipping,1,0.0,0.3884547695970575,,clean_500k
426,never_reached_object,action_clipping,1,0.0,0.3884547695970575,,clean_500k
427,never_reached_object,action_clipping,1,0.0,0.3884547695970575,,clean_500k
428,never_reached_object,action_clipping,1,0.0,0.3884547695970575,,clean_500k
429,never_reached_object,action_clipping,1,0.0,0.3884547695970575,,clean_500k
430,never_reached_object,action_clipping,1,0.0,0.3884547695970575,,clean_500k
431,never_reached_object,action_clipping,1,0.0,0.3884547695970575,,clean_500k
432,never_reached_object,action_clipping,1,0.0,0.3884547695970575,,clean_500k
433,never_reached_object,action_clipping,1,0.0,0.3884547695970575,,clean_500k
434,never_reached_object,action_clipping,1,0.0,0.3884547695970575,,clean_500k
435,never_reached_object,action_clipping,1,0.0,0.3884547695970575,,clean_500k
436,never_reached_object,action_clipping,1,0.0,0.3884547695970575,,clean_500k
437,never_reached_object,action_clipping,1,0.0,0.3884547695970575,,clean_500k
438,never_reached_object,action_clipping,1,0.0,0.3884547695970575,,clean_500k
439,never_reached_object,action_clipping,1,0.0,0.3884547695970575,,clean_500k
440,never_reached_object,action_clipping,1,0.0,0.3884547695970575,,clean_500k
441,never_reached_object,action_clipping,1,0.0,0.3884547695970575,,clean_500k
442,never_reached_object,action_clipping,1,0.0,0.3884547695970575,,clean_500k
443,never_reached_object,action_clipping,1,0.0,0.3884547695970575,,clean_500k
444,never_reached_object,action_clipping,1,0.0,0.3884547695970575,,clean_500k
445,never_reached_object,action_clipping,1,0.0,0.3884547695970575,,clean_500k
446,never_reached_object,action_clipping,1,0.0,0.3884547695970575,,clean_500k
447,never_reached_object,action_clipping,1,0.0,0.3884547695970575,,clean_500k
448,never_reached_object,action_clipping,1,0.0,0.3884547695970575,,clean_500k
449,never_reached_object,action_clipping,1,0.0,0.3884547695970575,,clean_500k
450,never_reached_object,action_delay,1,0.0,0.3884547695970575,,clean_500k
451,never_reached_object,action_delay,1,0.0,0.3884547695970575,,clean_500k
452,never_reached_object,action_delay,1,0.0,0.3884547695970575,,clean_500k
453,never_reached_object,action_delay,1,0.0,0.3884547695970575,,clean_500k
454,never_reached_object,action_delay,1,0.0,0.3884547695970575,,clean_500k
455,never_reached_object,action_delay,1,0.0,0.3884547695970575,,clean_500k
456,never_reached_object,action_delay,1,0.0,0.3884547695970575,,clean_500k
457,never_reached_object,action_delay,1,0.0,0.3884547695970575,,clean_500k
458,never_reached_object,action_delay,1,0.0,0.3884547695970575,,clean_500k
459,never_reached_object,action_delay,1,0.0,0.3884547695970575,,clean_500k
460,never_reached_object,action_delay,1,0.0,0.3884547695970575,,clean_500k
461,never_reached_object,action_delay,1,0.0,0.3884547695970575,,clean_500k
462,never_reached_object,action_delay,1,0.0,0.3884547695970575,,clean_500k
463,never_reached_object,action_delay,1,0.0,0.3884547695970575,,clean_500k
464,never_reached_object,action_delay,1,0.0,0.3884547695970575,,clean_500k
465,never_reached_object,action_delay,1,0.0,0.3884547695970575,,clean_500k
466,never_reached_object,action_delay,1,0.0,0.3884547695970575,,clean_500k
467,never_reached_object,action_delay,1,0.0,0.3884547695970575,,clean_500k
468,never_reached_object,action_delay,1,0.0,0.3884547695970575,,clean_500k
469,never_reached_object,action_delay,1,0.0,0.3884547695970575,,clean_500k
470,never_reached_object,action_delay,1,0.0,0.3884547695970575,,clean_500k
471,never_reached_object,action_delay,1,0.0,0.3884547695970575,,clean_500k
472,never_reached_object,action_delay,1,0.0,0.3884547695970575,,clean_500k
473,never_reached_object,action_delay,1,0.0,0.3884547695970575,,clean_500k
474,never_reached_object,action_delay,1,0.0,0.3884547695970575,,clean_500k
475,never_reached_object,action_delay,1,0.0,0.3884547695970575,,clean_500k
476,never_reached_object,action_delay,1,0.0,0.3884547695970575,,clean_500k
477,never_reached_object,action_delay,1,0.0,0.3884547695970575,,clean_500k
478,never_reached_object,action_delay,1,0.0,0.3884547695970575,,clean_500k
479,never_reached_object,action_delay,1,0.0,0.3884547695970575,,clean_500k
480,never_reached_object,action_reversal,1,0.0,0.3884547695970575,,clean_500k
481,never_reached_object,action_reversal,1,0.0,0.3884547695970575,,clean_500k
482,never_reached_object,action_reversal,1,0.0,0.3884547695970575,,clean_500k
483,never_reached_object,action_reversal,1,0.0,0.3884547695970575,,clean_500k
484,never_reached_object,action_reversal,1,0.0,0.3884547695970575,,clean_500k
485,never_reached_object,action_reversal,1,0.0,0.3884547695970575,,clean_500k
486,never_reached_object,action_reversal,1,0.0,0.3884547695970575,,clean_500k
487,never_reached_object,action_reversal,1,0.0,0.3884547695970575,,clean_500k
488,never_reached_object,action_reversal,1,0.0,0.3884547695970575,,clean_500k
489,never_reached_object,action_reversal,1,0.0,0.3884547695970575,,clean_500k
490,never_reached_object,action_reversal,1,0.0,0.3884547695970575,,clean_500k
491,never_reached_object,action_reversal,1,0.0,0.3884547695970575,,clean_500k
492,never_reached_object,action_reversal,1,0.0,0.3884547695970575,,clean_500k
493,never_reached_object,action_reversal,1,0.0,0.3884547695970575,,clean_500k
494,never_reached_object,action_reversal,1,0.0,0.3884547695970575,,clean_500k
495,never_reached_object,action_reversal,1,0.0,0.3884547695970575,,clean_500k
496,never_reached_object,action_reversal,1,0.0,0.3884547695970575,,clean_500k
497,never_reached_object,action_reversal,1,0.0,0.3884547695970575,,clean_500k
498,never_reached_object,action_reversal,1,0.0,0.3884547695970575,,clean_500k
499,never_reached_object,action_reversal,1,0.0,0.3884547695970575,,clean_500k
500,never_reached_object,action_reversal,1,0.0,0.3884547695970575,,clean_500k
501,never_reached_object,action_reversal,1,0.0,0.3884547695970575,,clean_500k
502,never_reached_object,action_reversal,1,0.0,0.3884547695970575,,clean_500k
503,never_reached_object,action_reversal,1,0.0,0.3884547695970575,,clean_500k
504,never_reached_object,action_reversal,1,0.0,0.3884547695970575,,clean_500k
505,never_reached_object,action_reversal,1,0.0,0.3884547695970575,,clean_500k
506,never_reached_object,action_reversal,1,0.0,0.3884547695970575,,clean_500k
507,never_reached_object,action_reversal,1,0.0,0.3884547695970575,,clean_500k
508,never_reached_object,action_reversal,1,0.0,0.3884547695970575,,clean_500k
509,never_reached_object,action_reversal,1,0.0,0.3884547695970575,,clean_500k
510,never_reached_object,goal_spoof_immediate,1,0.0,0.3884547695970575,,clean_500k
511,never_reached_object,goal_spoof_immediate,1,0.0,0.3884547695970575,,clean_500k
512,never_reached_object,goal_spoof_immediate,1,0.0,0.3884547695970575,,clean_500k
513,never_reached_object,goal_spoof_immediate,1,0.0,0.3884547695970575,,clean_500k
514,never_reached_object,goal_spoof_immediate,1,0.0,0.3884547695970575,,clean_500k
515,never_reached_object,goal_spoof_immediate,1,0.0,0.3884547695970575,,clean_500k
516,never_reached_object,goal_spoof_immediate,1,0.0,0.3884547695970575,,clean_500k
517,never_reached_object,goal_spoof_immediate,1,0.0,0.3884547695970575,,clean_500k
518,never_reached_object,goal_spoof_immediate,1,0.0,0.3884547695970575,,clean_500k
519,never_reached_object,goal_spoof_immediate,1,0.0,0.3884547695970575,,clean_500k
520,never_reached_object,goal_spoof_immediate,1,0.0,0.3884547695970575,,clean_500k
521,never_reached_object,goal_spoof_immediate,1,0.0,0.3884547695970575,,clean_500k
522,never_reached_object,goal_spoof_immediate,1,0.0,0.3884547695970575,,clean_500k
523,never_reached_object,goal_spoof_immediate,1,0.0,0.3884547695970575,,clean_500k
524,never_reached_object,goal_spoof_immediate,1,0.0,0.3884547695970575,,clean_500k
525,never_reached_object,goal_spoof_immediate,1,0.0,0.3884547695970575,,clean_500k
526,never_reached_object,goal_spoof_immediate,1,0.0,0.3884547695970575,,clean_500k
527,never_reached_object,goal_spoof_immediate,1,0.0,0.3884547695970575,,clean_500k
528,never_reached_object,goal_spoof_immediate,1,0.0,0.3884547695970575,,clean_500k
529,never_reached_object,goal_spoof_immediate,1,0.0,0.3884547695970575,,clean_500k
530,never_reached_object,goal_spoof_immediate,1,0.0,0.3884547695970575,,clean_500k
531,never_reached_object,goal_spoof_immediate,1,0.0,0.3884547695970575,,clean_500k
532,never_reached_object,goal_spoof_immediate,1,0.0,0.3884547695970575,,clean_500k
533,never_reached_object,goal_spoof_immediate,1,0.0,0.3884547695970575,,clean_500k
534,never_reached_object,goal_spoof_immediate,1,0.0,0.3884547695970575,,clean_500k
535,never_reached_object,goal_spoof_immediate,1,0.0,0.3884547695970575,,clean_500k
536,never_reached_object,goal_spoof_immediate,1,0.0,0.3884547695970575,,clean_500k
537,never_reached_object,goal_spoof_immediate,1,0.0,0.3884547695970575,,clean_500k
538,never_reached_object,goal_spoof_immediate,1,0.0,0.3884547695970575,,clean_500k
539,never_reached_object,goal_spoof_immediate,1,0.0,0.3884547695970575,,clean_500k
540,never_reached_object,goal_spoof_midep,1,0.0,0.3884547695970575,,clean_500k
541,never_reached_object,goal_spoof_midep,1,0.0,0.3884547695970575,,clean_500k
542,never_reached_object,goal_spoof_midep,1,0.0,0.3884547695970575,,clean_500k
543,never_reached_object,goal_spoof_midep,1,0.0,0.3884547695970575,,clean_500k
544,never_reached_object,goal_spoof_midep,1,0.0,0.3884547695970575,,clean_500k
545,never_reached_object,goal_spoof_midep,1,0.0,0.3884547695970575,,clean_500k
546,never_reached_object,goal_spoof_midep,1,0.0,0.3884547695970575,,clean_500k
547,never_reached_object,goal_spoof_midep,1,0.0,0.3884547695970575,,clean_500k
548,never_reached_object,goal_spoof_midep,1,0.0,0.3884547695970575,,clean_500k
549,never_reached_object,goal_spoof_midep,1,0.0,0.3884547695970575,,clean_500k
550,never_reached_object,goal_spoof_midep,1,0.0,0.3884547695970575,,clean_500k
551,never_reached_object,goal_spoof_midep,1,0.0,0.3884547695970575,,clean_500k
552,never_reached_object,goal_spoof_midep,1,0.0,0.3884547695970575,,clean_500k
553,never_reached_object,goal_spoof_midep,1,0.0,0.3884547695970575,,clean_500k
554,never_reached_object,goal_spoof_midep,1,0.0,0.3884547695970575,,clean_500k
555,never_reached_object,goal_spoof_midep,1,0.0,0.3884547695970575,,clean_500k
556,never_reached_object,goal_spoof_midep,1,0.0,0.3884547695970575,,clean_500k
557,never_reached_object,goal_spoof_midep,1,0.0,0.3884547695970575,,clean_500k
558,never_reached_object,goal_spoof_midep,1,0.0,0.3884547695970575,,clean_500k
559,never_reached_object,goal_spoof_midep,1,0.0,0.3884547695970575,,clean_500k
560,never_reached_object,goal_spoof_midep,1,0.0,0.3884547695970575,,clean_500k
561,never_reached_object,goal_spoof_midep,1,0.0,0.3884547695970575,,clean_500k
562,never_reached_object,goal_spoof_midep,1,0.0,0.3884547695970575,,clean_500k
563,never_reached_object,goal_spoof_midep,1,0.0,0.3884547695970575,,clean_500k
564,never_reached_object,goal_spoof_midep,1,0.0,0.3884547695970575,,clean_500k
565,never_reached_object,goal_spoof_midep,1,0.0,0.3884547695970575,,clean_500k
566,never_reached_object,goal_spoof_midep,1,0.0,0.3884547695970575,,clean_500k
567,never_reached_object,goal_spoof_midep,1,0.0,0.3884547695970575,,clean_500k
568,never_reached_object,goal_spoof_midep,1,0.0,0.3884547695970575,,clean_500k
569,never_reached_object,goal_spoof_midep,1,0.0,0.3884547695970575,,clean_500k
570,never_reached_object,object_pose_spoof,1,0.0,0.3884547695970575,,clean_500k
571,never_reached_object,object_pose_spoof,1,0.0,0.3884547695970575,,clean_500k
572,never_reached_object,object_pose_spoof,1,0.0,0.3884547695970575,,clean_500k
573,never_reached_object,object_pose_spoof,1,0.0,0.3884547695970575,,clean_500k
574,never_reached_object,object_pose_spoof,1,0.0,0.3884547695970575,,clean_500k
575,never_reached_object,object_pose_spoof,1,0.0,0.3884547695970575,,clean_500k
576,never_reached_object,object_pose_spoof,1,0.0,0.3884547695970575,,clean_500k
577,never_reached_object,object_pose_spoof,1,0.0,0.3884547695970575,,clean_500k
578,never_reached_object,object_pose_spoof,1,0.0,0.3884547695970575,,clean_500k
579,never_reached_object,object_pose_spoof,1,0.0,0.3884547695970575,,clean_500k
580,never_reached_object,object_pose_spoof,1,0.0,0.3884547695970575,,clean_500k
581,never_reached_object,object_pose_spoof,1,0.0,0.3884547695970575,,clean_500k
582,never_reached_object,object_pose_spoof,1,0.0,0.3884547695970575,,clean_500k
583,never_reached_object,object_pose_spoof,1,0.0,0.3884547695970575,,clean_500k
584,never_reached_object,object_pose_spoof,1,0.0,0.3884547695970575,,clean_500k
585,never_reached_object,object_pose_spoof,1,0.0,0.3884547695970575,,clean_500k
586,never_reached_object,object_pose_spoof,1,0.0,0.3884547695970575,,clean_500k
587,never_reached_object,object_pose_spoof,1,0.0,0.3884547695970575,,clean_500k
588,never_reached_object,object_pose_spoof,1,0.0,0.3884547695970575,,clean_500k
589,never_reached_object,object_pose_spoof,1,0.0,0.3884547695970575,,clean_500k
590,never_reached_object,object_pose_spoof,1,0.0,0.3884547695970575,,clean_500k
591,never_reached_object,object_pose_spoof,1,0.0,0.3884547695970575,,clean_500k
592,never_reached_object,object_pose_spoof,1,0.0,0.3884547695970575,,clean_500k
593,never_reached_object,object_pose_spoof,1,0.0,0.3884547695970575,,clean_500k
594,never_reached_object,object_pose_spoof,1,0.0,0.3884547695970575,,clean_500k
595,never_reached_object,object_pose_spoof,1,0.0,0.3884547695970575,,clean_500k
596,never_reached_object,object_pose_spoof,1,0.0,0.3884547695970575,,clean_500k
597,never_reached_object,object_pose_spoof,1,0.0,0.3884547695970575,,clean_500k
598,never_reached_object,object_pose_spoof,1,0.0,0.3884547695970575,,clean_500k
599,never_reached_object,object_pose_spoof,1,0.0,0.3884547695970575,,clean_500k
600,never_reached_object,grip_state_falsification,1,0.0,0.3884547695970575,,clean_500k
601,never_reached_object,grip_state_falsification,1,0.0,0.3884547695970575,,clean_500k
602,never_reached_object,grip_state_falsification,1,0.0,0.3884547695970575,,clean_500k
603,never_reached_object,grip_state_falsification,1,0.0,0.3884547695970575,,clean_500k
604,never_reached_object,grip_state_falsification,1,0.0,0.3884547695970575,,clean_500k
605,never_reached_object,grip_state_falsification,1,0.0,0.3884547695970575,,clean_500k
606,never_reached_object,grip_state_falsification,1,0.0,0.3884547695970575,,clean_500k
607,never_reached_object,grip_state_falsification,1,0.0,0.3884547695970575,,clean_500k
608,never_reached_object,grip_state_falsification,1,0.0,0.3884547695970575,,clean_500k
609,never_reached_object,grip_state_falsification,1,0.0,0.3884547695970575,,clean_500k
610,never_reached_object,grip_state_falsification,1,0.0,0.3884547695970575,,clean_500k
611,never_reached_object,grip_state_falsification,1,0.0,0.3884547695970575,,clean_500k
612,never_reached_object,grip_state_falsification,1,0.0,0.3884547695970575,,clean_500k
613,never_reached_object,grip_state_falsification,1,0.0,0.3884547695970575,,clean_500k
614,never_reached_object,grip_state_falsification,1,0.0,0.3884547695970575,,clean_500k
615,never_reached_object,grip_state_falsification,1,0.0,0.3884547695970575,,clean_500k
616,never_reached_object,grip_state_falsification,1,0.0,0.3884547695970575,,clean_500k
617,never_reached_object,grip_state_falsification,1,0.0,0.3884547695970575,,clean_500k
618,never_reached_object,grip_state_falsification,1,0.0,0.3884547695970575,,clean_500k
619,never_reached_object,grip_state_falsification,1,0.0,0.3884547695970575,,clean_500k
620,never_reached_object,grip_state_falsification,1,0.0,0.3884547695970575,,clean_500k
621,never_reached_object,grip_state_falsification,1,0.0,0.3884547695970575,,clean_500k
622,never_reached_object,grip_state_falsification,1,0.0,0.3884547695970575,,clean_500k
623,never_reached_object,grip_state_falsification,1,0.0,0.3884547695970575,,clean_500k
624,never_reached_object,grip_state_falsification,1,0.0,0.3884547695970575,,clean_500k
625,never_reached_object,grip_state_falsification,1,0.0,0.3884547695970575,,clean_500k
626,never_reached_object,grip_state_falsification,1,0.0,0.3884547695970575,,clean_500k
627,never_reached_object,grip_state_falsification,1,0.0,0.3884547695970575,,clean_500k
628,never_reached_object,grip_state_falsification,1,0.0,0.3884547695970575,,clean_500k
629,never_reached_object,grip_state_falsification,1,0.0,0.3884547695970575,,clean_500k
630,never_reached_object,contact_dropout,1,0.0,0.3884547695970575,,clean_500k
631,never_reached_object,contact_dropout,1,0.0,0.3884547695970575,,clean_500k
632,never_reached_object,contact_dropout,1,0.0,0.3884547695970575,,clean_500k
633,never_reached_object,contact_dropout,1,0.0,0.3884547695970575,,clean_500k
634,never_reached_object,contact_dropout,1,0.0,0.3884547695970575,,clean_500k
635,never_reached_object,contact_dropout,1,0.0,0.3884547695970575,,clean_500k
636,never_reached_object,contact_dropout,1,0.0,0.3884547695970575,,clean_500k
637,never_reached_object,contact_dropout,1,0.0,0.3884547695970575,,clean_500k
638,never_reached_object,contact_dropout,1,0.0,0.3884547695970575,,clean_500k
639,never_reached_object,contact_dropout,1,0.0,0.3884547695970575,,clean_500k
640,never_reached_object,contact_dropout,1,0.0,0.3884547695970575,,clean_500k
641,never_reached_object,contact_dropout,1,0.0,0.3884547695970575,,clean_500k
642,never_reached_object,contact_dropout,1,0.0,0.3884547695970575,,clean_500k
643,never_reached_object,contact_dropout,1,0.0,0.3884547695970575,,clean_500k
644,never_reached_object,contact_dropout,1,0.0,0.3884547695970575,,clean_500k
645,never_reached_object,contact_dropout,1,0.0,0.3884547695970575,,clean_500k
646,never_reached_object,contact_dropout,1,0.0,0.3884547695970575,,clean_500k
647,never_reached_object,contact_dropout,1,0.0,0.3884547695970575,,clean_500k
648,never_reached_object,contact_dropout,1,0.0,0.3884547695970575,,clean_500k
649,never_reached_object,contact_dropout,1,0.0,0.3884547695970575,,clean_500k
650,never_reached_object,contact_dropout,1,0.0,0.3884547695970575,,clean_500k
651,never_reached_object,contact_dropout,1,0.0,0.3884547695970575,,clean_500k
652,never_reached_object,contact_dropout,1,0.0,0.3884547695970575,,clean_500k
653,never_reached_object,contact_dropout,1,0.0,0.3884547695970575,,clean_500k
654,never_reached_object,contact_dropout,1,0.0,0.3884547695970575,,clean_500k
655,never_reached_object,contact_dropout,1,0.0,0.3884547695970575,,clean_500k
656,never_reached_object,contact_dropout,1,0.0,0.3884547695970575,,clean_500k
657,never_reached_object,contact_dropout,1,0.0,0.3884547695970575,,clean_500k
658,never_reached_object,contact_dropout,1,0.0,0.3884547695970575,,clean_500k
659,never_reached_object,contact_dropout,1,0.0,0.3884547695970575,,clean_500k
660,never_reached_object,clean,2,0.0,0.2364647540081676,,clean_500k
661,never_reached_object,clean,2,0.0,0.2364647540081676,,clean_500k
662,never_reached_object,clean,2,0.0,0.2364647540081676,,clean_500k
663,never_reached_object,clean,2,0.0,0.2364647540081676,,clean_500k
664,never_reached_object,clean,2,0.0,0.2364647540081676,,clean_500k
665,never_reached_object,clean,2,0.0,0.2364647540081676,,clean_500k
666,never_reached_object,clean,2,0.0,0.2364647540081676,,clean_500k
667,never_reached_object,clean,2,0.0,0.2364647540081676,,clean_500k
668,never_reached_object,clean,2,0.0,0.2364647540081676,,clean_500k
669,never_reached_object,clean,2,0.0,0.2364647540081676,,clean_500k
670,never_reached_object,clean,2,0.0,0.2364647540081676,,clean_500k
671,never_reached_object,clean,2,0.0,0.2364647540081676,,clean_500k
672,never_reached_object,clean,2,0.0,0.2364647540081676,,clean_500k
673,never_reached_object,clean,2,0.0,0.2364647540081676,,clean_500k
674,never_reached_object,clean,2,0.0,0.2364647540081676,,clean_500k
675,never_reached_object,clean,2,0.0,0.2364647540081676,,clean_500k
676,never_reached_object,clean,2,0.0,0.2364647540081676,,clean_500k
677,never_reached_object,clean,2,0.0,0.2364647540081676,,clean_500k
678,never_reached_object,clean,2,0.0,0.2364647540081676,,clean_500k
679,never_reached_object,clean,2,0.0,0.2364647540081676,,clean_500k
680,never_reached_object,clean,2,0.0,0.2364647540081676,,clean_500k
681,never_reached_object,clean,2,0.0,0.2364647540081676,,clean_500k
682,never_reached_object,clean,2,0.0,0.2364647540081676,,clean_500k
683,never_reached_object,clean,2,0.0,0.2364647540081676,,clean_500k
684,never_reached_object,clean,2,0.0,0.2364647540081676,,clean_500k
685,never_reached_object,clean,2,0.0,0.2364647540081676,,clean_500k
686,never_reached_object,clean,2,0.0,0.2364647540081676,,clean_500k
687,never_reached_object,clean,2,0.0,0.2364647540081676,,clean_500k
688,never_reached_object,clean,2,0.0,0.2364647540081676,,clean_500k
689,never_reached_object,clean,2,0.0,0.2364647540081676,,clean_500k
690,never_reached_object,sensor_dropout,2,0.0,0.2364647540081676,,clean_500k
691,never_reached_object,sensor_dropout,2,0.0,0.2364647540081676,,clean_500k
692,never_reached_object,sensor_dropout,2,0.0,0.2364647540081676,,clean_500k
693,never_reached_object,sensor_dropout,2,0.0,0.2364647540081676,,clean_500k
694,never_reached_object,sensor_dropout,2,0.0,0.2364647540081676,,clean_500k
695,never_reached_object,sensor_dropout,2,0.0,0.2364647540081676,,clean_500k
696,never_reached_object,sensor_dropout,2,0.0,0.2364647540081676,,clean_500k
697,never_reached_object,sensor_dropout,2,0.0,0.2364647540081676,,clean_500k
698,never_reached_object,sensor_dropout,2,0.0,0.2364647540081676,,clean_500k
699,never_reached_object,sensor_dropout,2,0.0,0.2364647540081676,,clean_500k
700,never_reached_object,sensor_dropout,2,0.0,0.2364647540081676,,clean_500k
701,never_reached_object,sensor_dropout,2,0.0,0.2364647540081676,,clean_500k
702,never_reached_object,sensor_dropout,2,0.0,0.2364647540081676,,clean_500k
703,never_reached_object,sensor_dropout,2,0.0,0.2364647540081676,,clean_500k
704,never_reached_object,sensor_dropout,2,0.0,0.2364647540081676,,clean_500k
705,never_reached_object,sensor_dropout,2,0.0,0.2364647540081676,,clean_500k
706,never_reached_object,sensor_dropout,2,0.0,0.2364647540081676,,clean_500k
707,never_reached_object,sensor_dropout,2,0.0,0.2364647540081676,,clean_500k
708,never_reached_object,sensor_dropout,2,0.0,0.2364647540081676,,clean_500k
709,never_reached_object,sensor_dropout,2,0.0,0.2364647540081676,,clean_500k
710,never_reached_object,sensor_dropout,2,0.0,0.2364647540081676,,clean_500k
711,never_reached_object,sensor_dropout,2,0.0,0.2364647540081676,,clean_500k
712,never_reached_object,sensor_dropout,2,0.0,0.2364647540081676,,clean_500k
713,never_reached_object,sensor_dropout,2,0.0,0.2364647540081676,,clean_500k
714,never_reached_object,sensor_dropout,2,0.0,0.2364647540081676,,clean_500k
715,never_reached_object,sensor_dropout,2,0.0,0.2364647540081676,,clean_500k
716,never_reached_object,sensor_dropout,2,0.0,0.2364647540081676,,clean_500k
717,never_reached_object,sensor_dropout,2,0.0,0.2364647540081676,,clean_500k
718,never_reached_object,sensor_dropout,2,0.0,0.2364647540081676,,clean_500k
719,never_reached_object,sensor_dropout,2,0.0,0.2364647540081676,,clean_500k
720,never_reached_object,sensor_bias,2,0.0,0.2364647540081676,,clean_500k
721,never_reached_object,sensor_bias,2,0.0,0.2364647540081676,,clean_500k
722,never_reached_object,sensor_bias,2,0.0,0.2364647540081676,,clean_500k
723,never_reached_object,sensor_bias,2,0.0,0.2364647540081676,,clean_500k
724,never_reached_object,sensor_bias,2,0.0,0.2364647540081676,,clean_500k
725,never_reached_object,sensor_bias,2,0.0,0.2364647540081676,,clean_500k
726,never_reached_object,sensor_bias,2,0.0,0.2364647540081676,,clean_500k
727,never_reached_object,sensor_bias,2,0.0,0.2364647540081676,,clean_500k
728,never_reached_object,sensor_bias,2,0.0,0.2364647540081676,,clean_500k
729,never_reached_object,sensor_bias,2,0.0,0.2364647540081676,,clean_500k
730,never_reached_object,sensor_bias,2,0.0,0.2364647540081676,,clean_500k
731,never_reached_object,sensor_bias,2,0.0,0.2364647540081676,,clean_500k
732,never_reached_object,sensor_bias,2,0.0,0.2364647540081676,,clean_500k
733,never_reached_object,sensor_bias,2,0.0,0.2364647540081676,,clean_500k
734,never_reached_object,sensor_bias,2,0.0,0.2364647540081676,,clean_500k
735,never_reached_object,sensor_bias,2,0.0,0.3258427973051317,,clean_500k
736,never_reached_object,sensor_bias,2,0.0,0.2364647540081676,,clean_500k
737,never_reached_object,sensor_bias,2,0.0,0.2364647540081676,,clean_500k
738,never_reached_object,sensor_bias,2,0.0,0.2364647540081676,,clean_500k
739,never_reached_object,sensor_bias,2,0.0,0.2364647540081676,,clean_500k
740,never_reached_object,sensor_bias,2,0.0,0.2364647540081676,,clean_500k
741,never_reached_object,sensor_bias,2,0.0,0.2364647540081676,,clean_500k
742,never_reached_object,sensor_bias,2,0.0,0.2364647540081676,,clean_500k
743,never_reached_object,sensor_bias,2,0.0,0.2364647540081676,,clean_500k
744,never_reached_object,sensor_bias,2,0.0,0.2364647540081676,,clean_500k
745,never_reached_object,sensor_bias,2,0.0,0.2364647540081676,,clean_500k
746,never_reached_object,sensor_bias,2,0.0,0.2364647540081676,,clean_500k
747,never_reached_object,sensor_bias,2,0.0,0.2364647540081676,,clean_500k
748,never_reached_object,sensor_bias,2,0.0,0.2364647540081676,,clean_500k
749,never_reached_object,sensor_bias,2,0.0,0.2364647540081676,,clean_500k
750,never_reached_object,action_clipping,2,0.0,0.2364647540081676,,clean_500k
751,never_reached_object,action_clipping,2,0.0,0.2364647540081676,,clean_500k
752,never_reached_object,action_clipping,2,0.0,0.2364647540081676,,clean_500k
753,never_reached_object,action_clipping,2,0.0,0.2364647540081676,,clean_500k
754,never_reached_object,action_clipping,2,0.0,0.2364647540081676,,clean_500k
755,never_reached_object,action_clipping,2,0.0,0.2364647540081676,,clean_500k
756,never_reached_object,action_clipping,2,0.0,0.2364647540081676,,clean_500k
757,never_reached_object,action_clipping,2,0.0,0.2364647540081676,,clean_500k
758,never_reached_object,action_clipping,2,0.0,0.2364647540081676,,clean_500k
759,never_reached_object,action_clipping,2,0.0,0.2364647540081676,,clean_500k
760,never_reached_object,action_clipping,2,0.0,0.2364647540081676,,clean_500k
761,never_reached_object,action_clipping,2,0.0,0.2364647540081676,,clean_500k
762,never_reached_object,action_clipping,2,0.0,0.2364647540081676,,clean_500k
763,never_reached_object,action_clipping,2,0.0,0.2364647540081676,,clean_500k
764,never_reached_object,action_clipping,2,0.0,0.2364647540081676,,clean_500k
765,never_reached_object,action_clipping,2,0.0,0.2364647540081676,,clean_500k
766,never_reached_object,action_clipping,2,0.0,0.2364647540081676,,clean_500k
767,never_reached_object,action_clipping,2,0.0,0.2364647540081676,,clean_500k
768,never_reached_object,action_clipping,2,0.0,0.2364647540081676,,clean_500k
769,never_reached_object,action_clipping,2,0.0,0.2364647540081676,,clean_500k
770,never_reached_object,action_clipping,2,0.0,0.2364647540081676,,clean_500k
771,never_reached_object,action_clipping,2,0.0,0.2364647540081676,,clean_500k
772,never_reached_object,action_clipping,2,0.0,0.2364647540081676,,clean_500k
773,never_reached_object,action_clipping,2,0.0,0.2364647540081676,,clean_500k
774,never_reached_object,action_clipping,2,0.0,0.2364647540081676,,clean_500k
775,never_reached_object,action_clipping,2,0.0,0.2364647540081676,,clean_500k
776,never_reached_object,action_clipping,2,0.0,0.2364647540081676,,clean_500k
777,never_reached_object,action_clipping,2,0.0,0.2364647540081676,,clean_500k
778,never_reached_object,action_clipping,2,0.0,0.2364647540081676,,clean_500k
779,never_reached_object,action_clipping,2,0.0,0.2364647540081676,,clean_500k
780,never_reached_object,action_delay,2,0.0,0.2364647540081676,,clean_500k
781,never_reached_object,action_delay,2,0.0,0.2364647540081676,,clean_500k
782,never_reached_object,action_delay,2,0.0,0.2364647540081676,,clean_500k
783,never_reached_object,action_delay,2,0.0,0.2364647540081676,,clean_500k
784,never_reached_object,action_delay,2,0.0,0.2364647540081676,,clean_500k
785,never_reached_object,action_delay,2,0.0,0.2364647540081676,,clean_500k
786,never_reached_object,action_delay,2,0.0,0.2364647540081676,,clean_500k
787,never_reached_object,action_delay,2,0.0,0.2364647540081676,,clean_500k
788,never_reached_object,action_delay,2,0.0,0.2364647540081676,,clean_500k
789,never_reached_object,action_delay,2,0.0,0.2364647540081676,,clean_500k
790,never_reached_object,action_delay,2,0.0,0.2364647540081676,,clean_500k
791,never_reached_object,action_delay,2,0.0,0.2364647540081676,,clean_500k
792,never_reached_object,action_delay,2,0.0,0.2364647540081676,,clean_500k
793,never_reached_object,action_delay,2,0.0,0.2364647540081676,,clean_500k
794,never_reached_object,action_delay,2,0.0,0.2364647540081676,,clean_500k
795,never_reached_object,action_delay,2,0.0,0.2364647540081676,,clean_500k
796,never_reached_object,action_delay,2,0.0,0.2364647540081676,,clean_500k
797,never_reached_object,action_delay,2,0.0,0.2364647540081676,,clean_500k
798,never_reached_object,action_delay,2,0.0,0.2364647540081676,,clean_500k
799,never_reached_object,action_delay,2,0.0,0.2364647540081676,,clean_500k
800,never_reached_object,action_delay,2,0.0,0.2364647540081676,,clean_500k
801,never_reached_object,action_delay,2,0.0,0.2364647540081676,,clean_500k
802,never_reached_object,action_delay,2,0.0,0.2364647540081676,,clean_500k
803,never_reached_object,action_delay,2,0.0,0.2364647540081676,,clean_500k
804,never_reached_object,action_delay,2,0.0,0.2364647540081676,,clean_500k
805,never_reached_object,action_delay,2,0.0,0.2364647540081676,,clean_500k
806,never_reached_object,action_delay,2,0.0,0.2364647540081676,,clean_500k
807,never_reached_object,action_delay,2,0.0,0.2364647540081676,,clean_500k
808,never_reached_object,action_delay,2,0.0,0.2364647540081676,,clean_500k
809,never_reached_object,action_delay,2,0.0,0.2364647540081676,,clean_500k
810,never_reached_object,action_reversal,2,0.0,0.2364647540081676,,clean_500k
811,never_reached_object,action_reversal,2,0.0,0.2364647540081676,,clean_500k
812,never_reached_object,action_reversal,2,0.0,0.2364647540081676,,clean_500k
813,never_reached_object,action_reversal,2,0.0,0.2364647540081676,,clean_500k
814,never_reached_object,action_reversal,2,0.0,0.2364647540081676,,clean_500k
815,never_reached_object,action_reversal,2,0.0,0.2364647540081676,,clean_500k
816,never_reached_object,action_reversal,2,0.0,0.2364647540081676,,clean_500k
817,never_reached_object,action_reversal,2,0.0,0.2364647540081676,,clean_500k
818,never_reached_object,action_reversal,2,0.0,0.2364647540081676,,clean_500k
819,never_reached_object,action_reversal,2,0.0,0.2364647540081676,,clean_500k
820,never_reached_object,action_reversal,2,0.0,0.2364647540081676,,clean_500k
821,never_reached_object,action_reversal,2,0.0,0.2364647540081676,,clean_500k
822,never_reached_object,action_reversal,2,0.0,0.2364647540081676,,clean_500k
823,never_reached_object,action_reversal,2,0.0,0.2364647540081676,,clean_500k
824,never_reached_object,action_reversal,2,0.0,0.2364647540081676,,clean_500k
825,never_reached_object,action_reversal,2,0.0,0.2364647540081676,,clean_500k
826,never_reached_object,action_reversal,2,0.0,0.2364647540081676,,clean_500k
827,never_reached_object,action_reversal,2,0.0,0.2364647540081676,,clean_500k
828,never_reached_object,action_reversal,2,0.0,0.2364647540081676,,clean_500k
829,never_reached_object,action_reversal,2,0.0,0.2364647540081676,,clean_500k
830,never_reached_object,action_reversal,2,0.0,0.2364647540081676,,clean_500k
831,never_reached_object,action_reversal,2,0.0,0.2364647540081676,,clean_500k
832,never_reached_object,action_reversal,2,0.0,0.2364647540081676,,clean_500k
833,never_reached_object,action_reversal,2,0.0,0.2364647540081676,,clean_500k
834,never_reached_object,action_reversal,2,0.0,0.2364647540081676,,clean_500k
835,never_reached_object,action_reversal,2,0.0,0.2364647540081676,,clean_500k
836,never_reached_object,action_reversal,2,0.0,0.2364647540081676,,clean_500k
837,never_reached_object,action_reversal,2,0.0,0.2364647540081676,,clean_500k
838,never_reached_object,action_reversal,2,0.0,0.2364647540081676,,clean_500k
839,never_reached_object,action_reversal,2,0.0,0.2364647540081676,,clean_500k
840,never_reached_object,goal_spoof_immediate,2,0.0,0.2364647540081676,,clean_500k
841,never_reached_object,goal_spoof_immediate,2,0.0,0.2364647540081676,,clean_500k
842,never_reached_object,goal_spoof_immediate,2,0.0,0.2364647540081676,,clean_500k
843,never_reached_object,goal_spoof_immediate,2,0.0,0.2364647540081676,,clean_500k
844,never_reached_object,goal_spoof_immediate,2,0.0,0.2364647540081676,,clean_500k
845,never_reached_object,goal_spoof_immediate,2,0.0,0.2364647540081676,,clean_500k
846,never_reached_object,goal_spoof_immediate,2,0.0,0.2364647540081676,,clean_500k
847,never_reached_object,goal_spoof_immediate,2,0.0,0.2364647540081676,,clean_500k
848,never_reached_object,goal_spoof_immediate,2,0.0,0.2364647540081676,,clean_500k
849,never_reached_object,goal_spoof_immediate,2,0.0,0.2364647540081676,,clean_500k
850,reached_but_failed_grasp,goal_spoof_immediate,2,0.0,0.125586480724108,,clean_500k
851,never_reached_object,goal_spoof_immediate,2,0.0,0.2364647540081676,,clean_500k
852,never_reached_object,goal_spoof_immediate,2,0.0,0.2364647540081676,,clean_500k
853,never_reached_object,goal_spoof_immediate,2,0.0,0.2364647540081676,,clean_500k
854,never_reached_object,goal_spoof_immediate,2,0.0,0.2364647540081676,,clean_500k
855,never_reached_object,goal_spoof_immediate,2,0.0,0.2364647540081676,,clean_500k
856,never_reached_object,goal_spoof_immediate,2,0.0,0.2364647540081676,,clean_500k
857,never_reached_object,goal_spoof_immediate,2,0.0,0.2364647540081676,,clean_500k
858,never_reached_object,goal_spoof_immediate,2,0.0,0.2364647540081676,,clean_500k
859,never_reached_object,goal_spoof_immediate,2,0.0,0.2364647540081676,,clean_500k
860,never_reached_object,goal_spoof_immediate,2,0.0,0.2364647540081676,,clean_500k
861,never_reached_object,goal_spoof_immediate,2,0.0,0.2364647540081676,,clean_500k
862,never_reached_object,goal_spoof_immediate,2,0.0,0.2364647540081676,,clean_500k
863,never_reached_object,goal_spoof_immediate,2,0.0,0.2364647540081676,,clean_500k
864,never_reached_object,goal_spoof_immediate,2,0.0,0.2364647540081676,,clean_500k
865,never_reached_object,goal_spoof_immediate,2,0.0,0.2364647540081676,,clean_500k
866,never_reached_object,goal_spoof_immediate,2,0.0,0.2364647540081676,,clean_500k
867,never_reached_object,goal_spoof_immediate,2,0.0,0.2364647540081676,,clean_500k
868,never_reached_object,goal_spoof_immediate,2,0.0,0.2364647540081676,,clean_500k
869,never_reached_object,goal_spoof_immediate,2,0.0,0.2364647540081676,,clean_500k
870,never_reached_object,goal_spoof_midep,2,0.0,0.2364647540081676,,clean_500k
871,never_reached_object,goal_spoof_midep,2,0.0,0.2364647540081676,,clean_500k
872,never_reached_object,goal_spoof_midep,2,0.0,0.2364647540081676,,clean_500k
873,never_reached_object,goal_spoof_midep,2,0.0,0.2364647540081676,,clean_500k
874,never_reached_object,goal_spoof_midep,2,0.0,0.2364647540081676,,clean_500k
875,never_reached_object,goal_spoof_midep,2,0.0,0.2364647540081676,,clean_500k
876,never_reached_object,goal_spoof_midep,2,0.0,0.2364647540081676,,clean_500k
877,never_reached_object,goal_spoof_midep,2,0.0,0.2364647540081676,,clean_500k
878,never_reached_object,goal_spoof_midep,2,0.0,0.2364647540081676,,clean_500k
879,never_reached_object,goal_spoof_midep,2,0.0,0.2364647540081676,,clean_500k
880,never_reached_object,goal_spoof_midep,2,0.0,0.2364647540081676,,clean_500k
881,never_reached_object,goal_spoof_midep,2,0.0,0.2364647540081676,,clean_500k
882,never_reached_object,goal_spoof_midep,2,0.0,0.2364647540081676,,clean_500k
883,never_reached_object,goal_spoof_midep,2,0.0,0.2364647540081676,,clean_500k
884,never_reached_object,goal_spoof_midep,2,0.0,0.2364647540081676,,clean_500k
885,never_reached_object,goal_spoof_midep,2,0.0,0.2364647540081676,,clean_500k
886,never_reached_object,goal_spoof_midep,2,0.0,0.2364647540081676,,clean_500k
887,never_reached_object,goal_spoof_midep,2,0.0,0.2364647540081676,,clean_500k
888,never_reached_object,goal_spoof_midep,2,0.0,0.2364647540081676,,clean_500k
889,never_reached_object,goal_spoof_midep,2,0.0,0.2364647540081676,,clean_500k
890,never_reached_object,goal_spoof_midep,2,0.0,0.2364647540081676,,clean_500k
891,never_reached_object,goal_spoof_midep,2,0.0,0.2364647540081676,,clean_500k
892,never_reached_object,goal_spoof_midep,2,0.0,0.2364647540081676,,clean_500k
893,never_reached_object,goal_spoof_midep,2,0.0,0.2364647540081676,,clean_500k
894,never_reached_object,goal_spoof_midep,2,0.0,0.2364647540081676,,clean_500k
895,never_reached_object,goal_spoof_midep,2,0.0,0.2364647540081676,,clean_500k
896,never_reached_object,goal_spoof_midep,2,0.0,0.2364647540081676,,clean_500k
897,never_reached_object,goal_spoof_midep,2,0.0,0.2364647540081676,,clean_500k
898,never_reached_object,goal_spoof_midep,2,0.0,0.2364647540081676,,clean_500k
899,never_reached_object,goal_spoof_midep,2,0.0,0.2364647540081676,,clean_500k
900,never_reached_object,object_pose_spoof,2,0.0,0.2364647540081676,,clean_500k
901,never_reached_object,object_pose_spoof,2,0.0,0.2364647540081676,,clean_500k
902,never_reached_object,object_pose_spoof,2,0.0,0.2364647540081676,,clean_500k
903,never_reached_object,object_pose_spoof,2,0.0,0.2364647540081676,,clean_500k
904,never_reached_object,object_pose_spoof,2,0.0,0.2364647540081676,,clean_500k
905,never_reached_object,object_pose_spoof,2,0.0,0.2364647540081676,,clean_500k
906,never_reached_object,object_pose_spoof,2,0.0,0.2364647540081676,,clean_500k
907,never_reached_object,object_pose_spoof,2,0.0,0.2364647540081676,,clean_500k
908,never_reached_object,object_pose_spoof,2,0.0,0.2364647540081676,,clean_500k
909,never_reached_object,object_pose_spoof,2,0.0,0.2364647540081676,,clean_500k
910,never_reached_object,object_pose_spoof,2,0.0,0.2364647540081676,,clean_500k
911,never_reached_object,object_pose_spoof,2,0.0,0.2364647540081676,,clean_500k
912,never_reached_object,object_pose_spoof,2,0.0,0.2364647540081676,,clean_500k
913,never_reached_object,object_pose_spoof,2,0.0,0.2364647540081676,,clean_500k
914,never_reached_object,object_pose_spoof,2,0.0,0.2364647540081676,,clean_500k
915,never_reached_object,object_pose_spoof,2,0.0,0.2364647540081676,,clean_500k
916,never_reached_object,object_pose_spoof,2,0.0,0.2364647540081676,,clean_500k
917,never_reached_object,object_pose_spoof,2,0.0,0.2364647540081676,,clean_500k
918,never_reached_object,object_pose_spoof,2,0.0,0.2364647540081676,,clean_500k
919,never_reached_object,object_pose_spoof,2,0.0,0.2364647540081676,,clean_500k
920,never_reached_object,object_pose_spoof,2,0.0,0.2364647540081676,,clean_500k
921,never_reached_object,object_pose_spoof,2,0.0,0.2364647540081676,,clean_500k
922,never_reached_object,object_pose_spoof,2,0.0,0.2364647540081676,,clean_500k
923,never_reached_object,object_pose_spoof,2,0.0,0.2364647540081676,,clean_500k
924,never_reached_object,object_pose_spoof,2,0.0,0.2364647540081676,,clean_500k
925,never_reached_object,object_pose_spoof,2,0.0,0.2364647540081676,,clean_500k
926,never_reached_object,object_pose_spoof,2,0.0,0.2364647540081676,,clean_500k
927,never_reached_object,object_pose_spoof,2,0.0,0.2364647540081676,,clean_500k
928,never_reached_object,object_pose_spoof,2,0.0,0.2364647540081676,,clean_500k
929,never_reached_object,object_pose_spoof,2,0.0,0.2364647540081676,,clean_500k
930,never_reached_object,grip_state_falsification,2,0.0,0.2364647540081676,,clean_500k
931,never_reached_object,grip_state_falsification,2,0.0,0.2364647540081676,,clean_500k
932,never_reached_object,grip_state_falsification,2,0.0,0.2364647540081676,,clean_500k
933,never_reached_object,grip_state_falsification,2,0.0,0.2364647540081676,,clean_500k
934,never_reached_object,grip_state_falsification,2,0.0,0.2364647540081676,,clean_500k
935,never_reached_object,grip_state_falsification,2,0.0,0.2364647540081676,,clean_500k
936,never_reached_object,grip_state_falsification,2,0.0,0.2364647540081676,,clean_500k
937,never_reached_object,grip_state_falsification,2,0.0,0.2364647540081676,,clean_500k
938,never_reached_object,grip_state_falsification,2,0.0,0.2364647540081676,,clean_500k
939,never_reached_object,grip_state_falsification,2,0.0,0.2364647540081676,,clean_500k
940,never_reached_object,grip_state_falsification,2,0.0,0.2364647540081676,,clean_500k
941,never_reached_object,grip_state_falsification,2,0.0,0.2364647540081676,,clean_500k
942,never_reached_object,grip_state_falsification,2,0.0,0.2364647540081676,,clean_500k
943,never_reached_object,grip_state_falsification,2,0.0,0.2364647540081676,,clean_500k
944,never_reached_object,grip_state_falsification,2,0.0,0.2364647540081676,,clean_500k
945,never_reached_object,grip_state_falsification,2,0.0,0.2364647540081676,,clean_500k
946,never_reached_object,grip_state_falsification,2,0.0,0.2364647540081676,,clean_500k
947,never_reached_object,grip_state_falsification,2,0.0,0.2364647540081676,,clean_500k
948,never_reached_object,grip_state_falsification,2,0.0,0.2364647540081676,,clean_500k
949,never_reached_object,grip_state_falsification,2,0.0,0.2364647540081676,,clean_500k
950,never_reached_object,grip_state_falsification,2,0.0,0.2364647540081676,,clean_500k
951,never_reached_object,grip_state_falsification,2,0.0,0.2364647540081676,,clean_500k
952,never_reached_object,grip_state_falsification,2,0.0,0.2364647540081676,,clean_500k
953,never_reached_object,grip_state_falsification,2,0.0,0.2364647540081676,,clean_500k
954,never_reached_object,grip_state_falsification,2,0.0,0.2364647540081676,,clean_500k
955,never_reached_object,grip_state_falsification,2,0.0,0.2364647540081676,,clean_500k
956,never_reached_object,grip_state_falsification,2,0.0,0.2364647540081676,,clean_500k
957,never_reached_object,grip_state_falsification,2,0.0,0.2364647540081676,,clean_500k
958,never_reached_object,grip_state_falsification,2,0.0,0.2364647540081676,,clean_500k
959,never_reached_object,grip_state_falsification,2,0.0,0.2364647540081676,,clean_500k
960,never_reached_object,contact_dropout,2,0.0,0.2364647540081676,,clean_500k
961,never_reached_object,contact_dropout,2,0.0,0.2364647540081676,,clean_500k
962,never_reached_object,contact_dropout,2,0.0,0.2364647540081676,,clean_500k
963,never_reached_object,contact_dropout,2,0.0,0.2364647540081676,,clean_500k
964,never_reached_object,contact_dropout,2,0.0,0.2364647540081676,,clean_500k
965,never_reached_object,contact_dropout,2,0.0,0.2364647540081676,,clean_500k
966,never_reached_object,contact_dropout,2,0.0,0.2364647540081676,,clean_500k
967,never_reached_object,contact_dropout,2,0.0,0.2364647540081676,,clean_500k
968,never_reached_object,contact_dropout,2,0.0,0.2364647540081676,,clean_500k
969,never_reached_object,contact_dropout,2,0.0,0.2364647540081676,,clean_500k
970,never_reached_object,contact_dropout,2,0.0,0.2364647540081676,,clean_500k
971,never_reached_object,contact_dropout,2,0.0,0.2364647540081676,,clean_500k
972,never_reached_object,contact_dropout,2,0.0,0.2364647540081676,,clean_500k
973,never_reached_object,contact_dropout,2,0.0,0.2364647540081676,,clean_500k
974,never_reached_object,contact_dropout,2,0.0,0.2364647540081676,,clean_500k
975,never_reached_object,contact_dropout,2,0.0,0.2364647540081676,,clean_500k
976,never_reached_object,contact_dropout,2,0.0,0.2364647540081676,,clean_500k
977,never_reached_object,contact_dropout,2,0.0,0.2364647540081676,,clean_500k
978,never_reached_object,contact_dropout,2,0.0,0.2364647540081676,,clean_500k
979,never_reached_object,contact_dropout,2,0.0,0.2364647540081676,,clean_500k
980,never_reached_object,contact_dropout,2,0.0,0.2364647540081676,,clean_500k
981,never_reached_object,contact_dropout,2,0.0,0.2364647540081676,,clean_500k
982,never_reached_object,contact_dropout,2,0.0,0.2364647540081676,,clean_500k
983,never_reached_object,contact_dropout,2,0.0,0.2364647540081676,,clean_500k
984,never_reached_object,contact_dropout,2,0.0,0.2364647540081676,,clean_500k
985,never_reached_object,contact_dropout,2,0.0,0.2364647540081676,,clean_500k
986,never_reached_object,contact_dropout,2,0.0,0.2364647540081676,,clean_500k
987,never_reached_object,contact_dropout,2,0.0,0.2364647540081676,,clean_500k
988,never_reached_object,contact_dropout,2,0.0,0.2364647540081676,,clean_500k
989,never_reached_object,contact_dropout,2,0.0,0.2364647540081676,,clean_500k
990,never_reached_object,clean,3,0.0,0.3213978804705762,,clean_500k
991,never_reached_object,clean,3,0.0,0.3213978804705762,,clean_500k
992,never_reached_object,clean,3,0.0,0.3213978804705762,,clean_500k
993,never_reached_object,clean,3,0.0,0.3213978804705762,,clean_500k
994,never_reached_object,clean,3,0.0,0.3213978804705762,,clean_500k
995,never_reached_object,clean,3,0.0,0.3213978804705762,,clean_500k
996,never_reached_object,clean,3,0.0,0.3213978804705762,,clean_500k
997,never_reached_object,clean,3,0.0,0.3213978804705762,,clean_500k
998,never_reached_object,clean,3,0.0,0.3213978804705762,,clean_500k
999,never_reached_object,clean,3,0.0,0.3213978804705762,,clean_500k
1000,never_reached_object,clean,3,0.0,0.3213978804705762,,clean_500k
1001,never_reached_object,clean,3,0.0,0.3213978804705762,,clean_500k
1002,never_reached_object,clean,3,0.0,0.3213978804705762,,clean_500k
1003,never_reached_object,clean,3,0.0,0.3213978804705762,,clean_500k
1004,never_reached_object,clean,3,0.0,0.3213978804705762,,clean_500k
1005,never_reached_object,clean,3,0.0,0.3213978804705762,,clean_500k
1006,never_reached_object,clean,3,0.0,0.3213978804705762,,clean_500k
1007,never_reached_object,clean,3,0.0,0.3213978804705762,,clean_500k
1008,never_reached_object,clean,3,0.0,0.3213978804705762,,clean_500k
1009,never_reached_object,clean,3,0.0,0.3213978804705762,,clean_500k
1010,never_reached_object,clean,3,0.0,0.3213978804705762,,clean_500k
1011,never_reached_object,clean,3,0.0,0.3213978804705762,,clean_500k
1012,never_reached_object,clean,3,0.0,0.3213978804705762,,clean_500k
1013,never_reached_object,clean,3,0.0,0.3213978804705762,,clean_500k
1014,never_reached_object,clean,3,0.0,0.3213978804705762,,clean_500k
1015,never_reached_object,clean,3,0.0,0.3213978804705762,,clean_500k
1016,never_reached_object,clean,3,0.0,0.3213978804705762,,clean_500k
1017,never_reached_object,clean,3,0.0,0.3213978804705762,,clean_500k
1018,never_reached_object,clean,3,0.0,0.3213978804705762,,clean_500k
1019,never_reached_object,clean,3,0.0,0.3213978804705762,,clean_500k
1020,never_reached_object,sensor_dropout,3,0.0,0.3213978804705762,,clean_500k
1021,never_reached_object,sensor_dropout,3,0.0,0.3213978804705762,,clean_500k
1022,never_reached_object,sensor_dropout,3,0.0,0.3213978804705762,,clean_500k
1023,never_reached_object,sensor_dropout,3,0.0,0.3213978804705762,,clean_500k
1024,never_reached_object,sensor_dropout,3,0.0,0.3213978804705762,,clean_500k
1025,never_reached_object,sensor_dropout,3,0.0,0.3213978804705762,,clean_500k
1026,never_reached_object,sensor_dropout,3,0.0,0.3213978804705762,,clean_500k
1027,never_reached_object,sensor_dropout,3,0.0,0.3213978804705762,,clean_500k
1028,never_reached_object,sensor_dropout,3,0.0,0.3213978804705762,,clean_500k
1029,never_reached_object,sensor_dropout,3,0.0,0.3213978804705762,,clean_500k
1030,never_reached_object,sensor_dropout,3,0.0,0.3213978804705762,,clean_500k
1031,never_reached_object,sensor_dropout,3,0.0,0.3213978804705762,,clean_500k
1032,never_reached_object,sensor_dropout,3,0.0,0.3213978804705762,,clean_500k
1033,never_reached_object,sensor_dropout,3,0.0,0.3213978804705762,,clean_500k
1034,never_reached_object,sensor_dropout,3,0.0,0.3213978804705762,,clean_500k
1035,never_reached_object,sensor_dropout,3,0.0,0.3213978804705762,,clean_500k
1036,never_reached_object,sensor_dropout,3,0.0,0.3213978804705762,,clean_500k
1037,never_reached_object,sensor_dropout,3,0.0,0.3213978804705762,,clean_500k
1038,never_reached_object,sensor_dropout,3,0.0,0.3213978804705762,,clean_500k
1039,never_reached_object,sensor_dropout,3,0.0,0.3213978804705762,,clean_500k
1040,never_reached_object,sensor_dropout,3,0.0,0.3213978804705762,,clean_500k
1041,never_reached_object,sensor_dropout,3,0.0,0.3213978804705762,,clean_500k
1042,never_reached_object,sensor_dropout,3,0.0,0.3213978804705762,,clean_500k
1043,never_reached_object,sensor_dropout,3,0.0,0.3213978804705762,,clean_500k
1044,never_reached_object,sensor_dropout,3,0.0,0.3213978804705762,,clean_500k
1045,never_reached_object,sensor_dropout,3,0.0,0.3213978804705762,,clean_500k
1046,never_reached_object,sensor_dropout,3,0.0,0.3213978804705762,,clean_500k
1047,never_reached_object,sensor_dropout,3,0.0,0.3213978804705762,,clean_500k
1048,never_reached_object,sensor_dropout,3,0.0,0.3213978804705762,,clean_500k
1049,never_reached_object,sensor_dropout,3,0.0,0.3213978804705762,,clean_500k
1050,never_reached_object,sensor_bias,3,0.0,0.3213978804705762,,clean_500k
1051,never_reached_object,sensor_bias,3,0.0,0.3213978804705762,,clean_500k
1052,never_reached_object,sensor_bias,3,0.0,0.3213978804705762,,clean_500k
1053,never_reached_object,sensor_bias,3,0.0,0.3213978804705762,,clean_500k
1054,never_reached_object,sensor_bias,3,0.0,0.3213978804705762,,clean_500k
1055,never_reached_object,sensor_bias,3,0.0,0.3213978804705762,,clean_500k
1056,never_reached_object,sensor_bias,3,0.0,0.3213978804705762,,clean_500k
1057,never_reached_object,sensor_bias,3,0.0,0.3213978804705762,,clean_500k
1058,never_reached_object,sensor_bias,3,0.0,0.3213978804705762,,clean_500k
1059,never_reached_object,sensor_bias,3,0.0,0.3213978804705762,,clean_500k
1060,never_reached_object,sensor_bias,3,0.0,0.3213978804705762,,clean_500k
1061,never_reached_object,sensor_bias,3,0.0,0.3213978804705762,,clean_500k
1062,never_reached_object,sensor_bias,3,0.0,0.3213978804705762,,clean_500k
1063,never_reached_object,sensor_bias,3,0.0,0.3213978804705762,,clean_500k
1064,never_reached_object,sensor_bias,3,0.0,0.3213978804705762,,clean_500k
1065,never_reached_object,sensor_bias,3,0.0,0.3213978804705762,,clean_500k
1066,never_reached_object,sensor_bias,3,0.0,0.3213978804705762,,clean_500k
1067,never_reached_object,sensor_bias,3,0.0,0.3213978804705762,,clean_500k
1068,never_reached_object,sensor_bias,3,0.0,0.3213978804705762,,clean_500k
1069,never_reached_object,sensor_bias,3,0.0,0.3213978804705762,,clean_500k
1070,never_reached_object,sensor_bias,3,0.0,0.3213978804705762,,clean_500k
1071,never_reached_object,sensor_bias,3,0.0,0.3213978804705762,,clean_500k
1072,never_reached_object,sensor_bias,3,0.0,0.3213978804705762,,clean_500k
1073,never_reached_object,sensor_bias,3,0.0,0.3213978804705762,,clean_500k
1074,never_reached_object,sensor_bias,3,0.0,0.3213978804705762,,clean_500k
1075,never_reached_object,sensor_bias,3,0.0,0.3213978804705762,,clean_500k
1076,never_reached_object,sensor_bias,3,0.0,0.3213978804705762,,clean_500k
1077,never_reached_object,sensor_bias,3,0.0,0.3213978804705762,,clean_500k
1078,never_reached_object,sensor_bias,3,0.0,0.3213978804705762,,clean_500k
1079,never_reached_object,sensor_bias,3,0.0,0.3213978804705762,,clean_500k
1080,never_reached_object,action_clipping,3,0.0,0.3213978804705762,,clean_500k
1081,never_reached_object,action_clipping,3,0.0,0.3213978804705762,,clean_500k
1082,never_reached_object,action_clipping,3,0.0,0.3213978804705762,,clean_500k
1083,never_reached_object,action_clipping,3,0.0,0.3213978804705762,,clean_500k
1084,never_reached_object,action_clipping,3,0.0,0.3213978804705762,,clean_500k
1085,never_reached_object,action_clipping,3,0.0,0.3213978804705762,,clean_500k
1086,never_reached_object,action_clipping,3,0.0,0.3213978804705762,,clean_500k
1087,never_reached_object,action_clipping,3,0.0,0.3213978804705762,,clean_500k
1088,never_reached_object,action_clipping,3,0.0,0.3213978804705762,,clean_500k
1089,never_reached_object,action_clipping,3,0.0,0.3213978804705762,,clean_500k
1090,never_reached_object,action_clipping,3,0.0,0.3213978804705762,,clean_500k
1091,never_reached_object,action_clipping,3,0.0,0.3213978804705762,,clean_500k
1092,never_reached_object,action_clipping,3,0.0,0.3213978804705762,,clean_500k
1093,never_reached_object,action_clipping,3,0.0,0.3213978804705762,,clean_500k
1094,never_reached_object,action_clipping,3,0.0,0.3213978804705762,,clean_500k
1095,never_reached_object,action_clipping,3,0.0,0.3213978804705762,,clean_500k
1096,never_reached_object,action_clipping,3,0.0,0.3213978804705762,,clean_500k
1097,never_reached_object,action_clipping,3,0.0,0.3213978804705762,,clean_500k
1098,never_reached_object,action_clipping,3,0.0,0.3213978804705762,,clean_500k
1099,never_reached_object,action_clipping,3,0.0,0.3213978804705762,,clean_500k
1100,never_reached_object,action_clipping,3,0.0,0.3213978804705762,,clean_500k
1101,never_reached_object,action_clipping,3,0.0,0.3213978804705762,,clean_500k
1102,never_reached_object,action_clipping,3,0.0,0.3213978804705762,,clean_500k
1103,never_reached_object,action_clipping,3,0.0,0.3213978804705762,,clean_500k
1104,never_reached_object,action_clipping,3,0.0,0.3213978804705762,,clean_500k
1105,never_reached_object,action_clipping,3,0.0,0.3213978804705762,,clean_500k
1106,never_reached_object,action_clipping,3,0.0,0.3213978804705762,,clean_500k
1107,never_reached_object,action_clipping,3,0.0,0.3213978804705762,,clean_500k
1108,never_reached_object,action_clipping,3,0.0,0.3213978804705762,,clean_500k
1109,never_reached_object,action_clipping,3,0.0,0.3213978804705762,,clean_500k
1110,never_reached_object,action_delay,3,0.0,0.3213978804705762,,clean_500k
1111,never_reached_object,action_delay,3,0.0,0.3213978804705762,,clean_500k
1112,never_reached_object,action_delay,3,0.0,0.3213978804705762,,clean_500k
1113,never_reached_object,action_delay,3,0.0,0.3213978804705762,,clean_500k
1114,never_reached_object,action_delay,3,0.0,0.3213978804705762,,clean_500k
1115,never_reached_object,action_delay,3,0.0,0.3213978804705762,,clean_500k
1116,never_reached_object,action_delay,3,0.0,0.3213978804705762,,clean_500k
1117,never_reached_object,action_delay,3,0.0,0.3213978804705762,,clean_500k
1118,never_reached_object,action_delay,3,0.0,0.3213978804705762,,clean_500k
1119,never_reached_object,action_delay,3,0.0,0.3213978804705762,,clean_500k
1120,never_reached_object,action_delay,3,0.0,0.3213978804705762,,clean_500k
1121,never_reached_object,action_delay,3,0.0,0.3213978804705762,,clean_500k
1122,never_reached_object,action_delay,3,0.0,0.3213978804705762,,clean_500k
1123,never_reached_object,action_delay,3,0.0,0.3213978804705762,,clean_500k
1124,never_reached_object,action_delay,3,0.0,0.3213978804705762,,clean_500k
1125,never_reached_object,action_delay,3,0.0,0.3213978804705762,,clean_500k
1126,never_reached_object,action_delay,3,0.0,0.3213978804705762,,clean_500k
1127,never_reached_object,action_delay,3,0.0,0.3213978804705762,,clean_500k
1128,never_reached_object,action_delay,3,0.0,0.3213978804705762,,clean_500k
1129,never_reached_object,action_delay,3,0.0,0.3213978804705762,,clean_500k
1130,never_reached_object,action_delay,3,0.0,0.3213978804705762,,clean_500k
1131,never_reached_object,action_delay,3,0.0,0.3213978804705762,,clean_500k
1132,never_reached_object,action_delay,3,0.0,0.3213978804705762,,clean_500k
1133,never_reached_object,action_delay,3,0.0,0.3213978804705762,,clean_500k
1134,never_reached_object,action_delay,3,0.0,0.3213978804705762,,clean_500k
1135,never_reached_object,action_delay,3,0.0,0.3213978804705762,,clean_500k
1136,never_reached_object,action_delay,3,0.0,0.3213978804705762,,clean_500k
1137,never_reached_object,action_delay,3,0.0,0.3213978804705762,,clean_500k
1138,never_reached_object,action_delay,3,0.0,0.3213978804705762,,clean_500k
1139,never_reached_object,action_delay,3,0.0,0.3213978804705762,,clean_500k
1140,never_reached_object,action_reversal,3,0.0,0.3213978804705762,,clean_500k
1141,never_reached_object,action_reversal,3,0.0,0.3213978804705762,,clean_500k
1142,never_reached_object,action_reversal,3,0.0,0.3213978804705762,,clean_500k
1143,never_reached_object,action_reversal,3,0.0,0.3213978804705762,,clean_500k
1144,never_reached_object,action_reversal,3,0.0,0.3213978804705762,,clean_500k
1145,never_reached_object,action_reversal,3,0.0,0.3213978804705762,,clean_500k
1146,never_reached_object,action_reversal,3,0.0,0.3213978804705762,,clean_500k
1147,never_reached_object,action_reversal,3,0.0,0.3213978804705762,,clean_500k
1148,never_reached_object,action_reversal,3,0.0,0.3213978804705762,,clean_500k
1149,never_reached_object,action_reversal,3,0.0,0.3213978804705762,,clean_500k
1150,never_reached_object,action_reversal,3,0.0,0.3213978804705762,,clean_500k
1151,never_reached_object,action_reversal,3,0.0,0.3213978804705762,,clean_500k
1152,never_reached_object,action_reversal,3,0.0,0.3213978804705762,,clean_500k
1153,never_reached_object,action_reversal,3,0.0,0.3213978804705762,,clean_500k
1154,never_reached_object,action_reversal,3,0.0,0.3213978804705762,,clean_500k
1155,never_reached_object,action_reversal,3,0.0,0.3213978804705762,,clean_500k
1156,never_reached_object,action_reversal,3,0.0,0.3213978804705762,,clean_500k
1157,never_reached_object,action_reversal,3,0.0,0.3213978804705762,,clean_500k
1158,never_reached_object,action_reversal,3,0.0,0.3213978804705762,,clean_500k
1159,never_reached_object,action_reversal,3,0.0,0.3213978804705762,,clean_500k
1160,never_reached_object,action_reversal,3,0.0,0.3213978804705762,,clean_500k
1161,never_reached_object,action_reversal,3,0.0,0.3213978804705762,,clean_500k
1162,never_reached_object,action_reversal,3,0.0,0.3213978804705762,,clean_500k
1163,never_reached_object,action_reversal,3,0.0,0.3213978804705762,,clean_500k
1164,never_reached_object,action_reversal,3,0.0,0.3213978804705762,,clean_500k
1165,never_reached_object,action_reversal,3,0.0,0.3213978804705762,,clean_500k
1166,never_reached_object,action_reversal,3,0.0,0.3213978804705762,,clean_500k
1167,never_reached_object,action_reversal,3,0.0,0.3213978804705762,,clean_500k
1168,never_reached_object,action_reversal,3,0.0,0.3213978804705762,,clean_500k
1169,never_reached_object,action_reversal,3,0.0,0.3213978804705762,,clean_500k
1170,never_reached_object,goal_spoof_immediate,3,0.0,0.3213978804705762,,clean_500k
1171,never_reached_object,goal_spoof_immediate,3,0.0,0.3213978804705762,,clean_500k
1172,never_reached_object,goal_spoof_immediate,3,0.0,0.3213978804705762,,clean_500k
1173,never_reached_object,goal_spoof_immediate,3,0.0,0.3213978804705762,,clean_500k
1174,never_reached_object,goal_spoof_immediate,3,0.0,0.3213978804705762,,clean_500k
1175,never_reached_object,goal_spoof_immediate,3,0.0,0.3213978804705762,,clean_500k
1176,never_reached_object,goal_spoof_immediate,3,0.0,0.3213978804705762,,clean_500k
1177,never_reached_object,goal_spoof_immediate,3,0.0,0.3213978804705762,,clean_500k
1178,never_reached_object,goal_spoof_immediate,3,0.0,0.3213978804705762,,clean_500k
1179,never_reached_object,goal_spoof_immediate,3,0.0,0.3213978804705762,,clean_500k
1180,never_reached_object,goal_spoof_immediate,3,0.0,0.3213978804705762,,clean_500k
1181,never_reached_object,goal_spoof_immediate,3,0.0,0.3213978804705762,,clean_500k
1182,never_reached_object,goal_spoof_immediate,3,0.0,0.3213978804705762,,clean_500k
1183,never_reached_object,goal_spoof_immediate,3,0.0,0.3213978804705762,,clean_500k
1184,never_reached_object,goal_spoof_immediate,3,0.0,0.3213978804705762,,clean_500k
1185,never_reached_object,goal_spoof_immediate,3,0.0,0.3213978804705762,,clean_500k
1186,never_reached_object,goal_spoof_immediate,3,0.0,0.3213978804705762,,clean_500k
1187,never_reached_object,goal_spoof_immediate,3,0.0,0.3213978804705762,,clean_500k
1188,never_reached_object,goal_spoof_immediate,3,0.0,0.3213978804705762,,clean_500k
1189,never_reached_object,goal_spoof_immediate,3,0.0,0.3213978804705762,,clean_500k
1190,never_reached_object,goal_spoof_immediate,3,0.0,0.3213978804705762,,clean_500k
1191,never_reached_object,goal_spoof_immediate,3,0.0,0.3213978804705762,,clean_500k
1192,never_reached_object,goal_spoof_immediate,3,0.0,0.3213978804705762,,clean_500k
1193,never_reached_object,goal_spoof_immediate,3,0.0,0.3213978804705762,,clean_500k
1194,never_reached_object,goal_spoof_immediate,3,0.0,0.3213978804705762,,clean_500k
1195,never_reached_object,goal_spoof_immediate,3,0.0,0.3213978804705762,,clean_500k
1196,never_reached_object,goal_spoof_immediate,3,0.0,0.3213978804705762,,clean_500k
1197,never_reached_object,goal_spoof_immediate,3,0.0,0.3213978804705762,,clean_500k
1198,never_reached_object,goal_spoof_immediate,3,0.0,0.3213978804705762,,clean_500k
1199,never_reached_object,goal_spoof_immediate,3,0.0,0.3213978804705762,,clean_500k
1200,never_reached_object,goal_spoof_midep,3,0.0,0.3213978804705762,,clean_500k
1201,never_reached_object,goal_spoof_midep,3,0.0,0.3213978804705762,,clean_500k
1202,never_reached_object,goal_spoof_midep,3,0.0,0.3213978804705762,,clean_500k
1203,never_reached_object,goal_spoof_midep,3,0.0,0.3213978804705762,,clean_500k
1204,never_reached_object,goal_spoof_midep,3,0.0,0.3213978804705762,,clean_500k
1205,never_reached_object,goal_spoof_midep,3,0.0,0.3213978804705762,,clean_500k
1206,never_reached_object,goal_spoof_midep,3,0.0,0.3213978804705762,,clean_500k
1207,never_reached_object,goal_spoof_midep,3,0.0,0.3213978804705762,,clean_500k
1208,never_reached_object,goal_spoof_midep,3,0.0,0.3213978804705762,,clean_500k
1209,never_reached_object,goal_spoof_midep,3,0.0,0.3213978804705762,,clean_500k
1210,never_reached_object,goal_spoof_midep,3,0.0,0.3213978804705762,,clean_500k
1211,never_reached_object,goal_spoof_midep,3,0.0,0.3213978804705762,,clean_500k
1212,never_reached_object,goal_spoof_midep,3,0.0,0.3213978804705762,,clean_500k
1213,never_reached_object,goal_spoof_midep,3,0.0,0.3213978804705762,,clean_500k
1214,never_reached_object,goal_spoof_midep,3,0.0,0.3213978804705762,,clean_500k
1215,never_reached_object,goal_spoof_midep,3,0.0,0.3213978804705762,,clean_500k
1216,never_reached_object,goal_spoof_midep,3,0.0,0.3213978804705762,,clean_500k
1217,never_reached_object,goal_spoof_midep,3,0.0,0.3213978804705762,,clean_500k
1218,never_reached_object,goal_spoof_midep,3,0.0,0.3213978804705762,,clean_500k
1219,never_reached_object,goal_spoof_midep,3,0.0,0.3213978804705762,,clean_500k
1220,never_reached_object,goal_spoof_midep,3,0.0,0.3213978804705762,,clean_500k
1221,never_reached_object,goal_spoof_midep,3,0.0,0.3213978804705762,,clean_500k
1222,never_reached_object,goal_spoof_midep,3,0.0,0.3213978804705762,,clean_500k
1223,never_reached_object,goal_spoof_midep,3,0.0,0.3213978804705762,,clean_500k
1224,never_reached_object,goal_spoof_midep,3,0.0,0.3213978804705762,,clean_500k
1225,never_reached_object,goal_spoof_midep,3,0.0,0.3213978804705762,,clean_500k
1226,never_reached_object,goal_spoof_midep,3,0.0,0.3213978804705762,,clean_500k
1227,never_reached_object,goal_spoof_midep,3,0.0,0.3213978804705762,,clean_500k
1228,never_reached_object,goal_spoof_midep,3,0.0,0.3213978804705762,,clean_500k
1229,never_reached_object,goal_spoof_midep,3,0.0,0.3213978804705762,,clean_500k
1230,never_reached_object,object_pose_spoof,3,0.0,0.3213978804705762,,clean_500k
1231,never_reached_object,object_pose_spoof,3,0.0,0.3213978804705762,,clean_500k
1232,never_reached_object,object_pose_spoof,3,0.0,0.3213978804705762,,clean_500k
1233,never_reached_object,object_pose_spoof,3,0.0,0.3213978804705762,,clean_500k
1234,never_reached_object,object_pose_spoof,3,0.0,0.3213978804705762,,clean_500k
1235,never_reached_object,object_pose_spoof,3,0.0,0.3213978804705762,,clean_500k
1236,never_reached_object,object_pose_spoof,3,0.0,0.3213978804705762,,clean_500k
1237,never_reached_object,object_pose_spoof,3,0.0,0.3213978804705762,,clean_500k
1238,never_reached_object,object_pose_spoof,3,0.0,0.3213978804705762,,clean_500k
1239,never_reached_object,object_pose_spoof,3,0.0,0.3213978804705762,,clean_500k
1240,never_reached_object,object_pose_spoof,3,0.0,0.3213978804705762,,clean_500k
1241,never_reached_object,object_pose_spoof,3,0.0,0.3213978804705762,,clean_500k
1242,never_reached_object,object_pose_spoof,3,0.0,0.3213978804705762,,clean_500k
1243,never_reached_object,object_pose_spoof,3,0.0,0.3213978804705762,,clean_500k
1244,never_reached_object,object_pose_spoof,3,0.0,0.3213978804705762,,clean_500k
1245,never_reached_object,object_pose_spoof,3,0.0,0.3213978804705762,,clean_500k
1246,never_reached_object,object_pose_spoof,3,0.0,0.3213978804705762,,clean_500k
1247,never_reached_object,object_pose_spoof,3,0.0,0.3213978804705762,,clean_500k
1248,never_reached_object,object_pose_spoof,3,0.0,0.3213978804705762,,clean_500k
1249,never_reached_object,object_pose_spoof,3,0.0,0.3213978804705762,,clean_500k
1250,never_reached_object,object_pose_spoof,3,0.0,0.3213978804705762,,clean_500k
1251,never_reached_object,object_pose_spoof,3,0.0,0.3213978804705762,,clean_500k
1252,never_reached_object,object_pose_spoof,3,0.0,0.3213978804705762,,clean_500k
1253,never_reached_object,object_pose_spoof,3,0.0,0.3600598568050191,,clean_500k
1254,never_reached_object,object_pose_spoof,3,0.0,0.3213978804705762,,clean_500k
1255,never_reached_object,object_pose_spoof,3,0.0,0.3213978804705762,,clean_500k
1256,never_reached_object,object_pose_spoof,3,0.0,0.3213978804705762,,clean_500k
1257,never_reached_object,object_pose_spoof,3,0.0,0.3213978804705762,,clean_500k
1258,never_reached_object,object_pose_spoof,3,0.0,0.3213978804705762,,clean_500k
1259,never_reached_object,object_pose_spoof,3,0.0,0.3213978804705762,,clean_500k
1260,never_reached_object,grip_state_falsification,3,0.0,0.3213978804705762,,clean_500k
1261,never_reached_object,grip_state_falsification,3,0.0,0.3213978804705762,,clean_500k
1262,never_reached_object,grip_state_falsification,3,0.0,0.3213978804705762,,clean_500k
1263,never_reached_object,grip_state_falsification,3,0.0,0.3213978804705762,,clean_500k
1264,never_reached_object,grip_state_falsification,3,0.0,0.3213978804705762,,clean_500k
1265,never_reached_object,grip_state_falsification,3,0.0,0.3213978804705762,,clean_500k
1266,never_reached_object,grip_state_falsification,3,0.0,0.3213978804705762,,clean_500k
1267,never_reached_object,grip_state_falsification,3,0.0,0.3213978804705762,,clean_500k
1268,never_reached_object,grip_state_falsification,3,0.0,0.3213978804705762,,clean_500k
1269,never_reached_object,grip_state_falsification,3,0.0,0.3213978804705762,,clean_500k
1270,never_reached_object,grip_state_falsification,3,0.0,0.3213978804705762,,clean_500k
1271,never_reached_object,grip_state_falsification,3,0.0,0.3213978804705762,,clean_500k
1272,never_reached_object,grip_state_falsification,3,0.0,0.3213978804705762,,clean_500k
1273,never_reached_object,grip_state_falsification,3,0.0,0.3213978804705762,,clean_500k
1274,never_reached_object,grip_state_falsification,3,0.0,0.3213978804705762,,clean_500k
1275,never_reached_object,grip_state_falsification,3,0.0,0.3213978804705762,,clean_500k
1276,never_reached_object,grip_state_falsification,3,0.0,0.3213978804705762,,clean_500k
1277,never_reached_object,grip_state_falsification,3,0.0,0.3213978804705762,,clean_500k
1278,never_reached_object,grip_state_falsification,3,0.0,0.3213978804705762,,clean_500k
1279,never_reached_object,grip_state_falsification,3,0.0,0.3213978804705762,,clean_500k
1280,never_reached_object,grip_state_falsification,3,0.0,0.3213978804705762,,clean_500k
1281,never_reached_object,grip_state_falsification,3,0.0,0.3213978804705762,,clean_500k
1282,never_reached_object,grip_state_falsification,3,0.0,0.3213978804705762,,clean_500k
1283,never_reached_object,grip_state_falsification,3,0.0,0.3213978804705762,,clean_500k
1284,never_reached_object,grip_state_falsification,3,0.0,0.3213978804705762,,clean_500k
1285,never_reached_object,grip_state_falsification,3,0.0,0.3213978804705762,,clean_500k
1286,never_reached_object,grip_state_falsification,3,0.0,0.3213978804705762,,clean_500k
1287,never_reached_object,grip_state_falsification,3,0.0,0.3213978804705762,,clean_500k
1288,never_reached_object,grip_state_falsification,3,0.0,0.3213978804705762,,clean_500k
1289,never_reached_object,grip_state_falsification,3,0.0,0.3213978804705762,,clean_500k
1290,never_reached_object,contact_dropout,3,0.0,0.3213978804705762,,clean_500k
1291,never_reached_object,contact_dropout,3,0.0,0.3213978804705762,,clean_500k
1292,never_reached_object,contact_dropout,3,0.0,0.3213978804705762,,clean_500k
1293,never_reached_object,contact_dropout,3,0.0,0.3213978804705762,,clean_500k
1294,never_reached_object,contact_dropout,3,0.0,0.3213978804705762,,clean_500k
1295,never_reached_object,contact_dropout,3,0.0,0.3213978804705762,,clean_500k
1296,never_reached_object,contact_dropout,3,0.0,0.3213978804705762,,clean_500k
1297,never_reached_object,contact_dropout,3,0.0,0.3213978804705762,,clean_500k
1298,never_reached_object,contact_dropout,3,0.0,0.3213978804705762,,clean_500k
1299,never_reached_object,contact_dropout,3,0.0,0.3213978804705762,,clean_500k
1300,never_reached_object,contact_dropout,3,0.0,0.3213978804705762,,clean_500k
1301,never_reached_object,contact_dropout,3,0.0,0.3213978804705762,,clean_500k
1302,never_reached_object,contact_dropout,3,0.0,0.3213978804705762,,clean_500k
1303,never_reached_object,contact_dropout,3,0.0,0.3213978804705762,,clean_500k
1304,never_reached_object,contact_dropout,3,0.0,0.3213978804705762,,clean_500k
1305,never_reached_object,contact_dropout,3,0.0,0.3213978804705762,,clean_500k
1306,never_reached_object,contact_dropout,3,0.0,0.3213978804705762,,clean_500k
1307,never_reached_object,contact_dropout,3,0.0,0.3213978804705762,,clean_500k
1308,never_reached_object,contact_dropout,3,0.0,0.3213978804705762,,clean_500k
1309,never_reached_object,contact_dropout,3,0.0,0.3213978804705762,,clean_500k
1310,never_reached_object,contact_dropout,3,0.0,0.3213978804705762,,clean_500k
1311,never_reached_object,contact_dropout,3,0.0,0.3213978804705762,,clean_500k
1312,never_reached_object,contact_dropout,3,0.0,0.3213978804705762,,clean_500k
1313,never_reached_object,contact_dropout,3,0.0,0.3213978804705762,,clean_500k
1314,never_reached_object,contact_dropout,3,0.0,0.3213978804705762,,clean_500k
1315,never_reached_object,contact_dropout,3,0.0,0.3213978804705762,,clean_500k
1316,never_reached_object,contact_dropout,3,0.0,0.3213978804705762,,clean_500k
1317,never_reached_object,contact_dropout,3,0.0,0.3213978804705762,,clean_500k
1318,never_reached_object,contact_dropout,3,0.0,0.3213978804705762,,clean_500k
1319,never_reached_object,contact_dropout,3,0.0,0.3213978804705762,,clean_500k
1320,never_reached_object,clean,4,0.0,0.3833991408667048,,clean_500k
1321,never_reached_object,clean,4,0.0,0.3833991408667048,,clean_500k
1322,never_reached_object,clean,4,0.0,0.3833991408667048,,clean_500k
1323,never_reached_object,clean,4,0.0,0.3833991408667048,,clean_500k
1324,never_reached_object,clean,4,0.0,0.3833991408667048,,clean_500k
1325,never_reached_object,clean,4,0.0,0.3833991408667048,,clean_500k
1326,never_reached_object,clean,4,0.0,0.3833991408667048,,clean_500k
1327,never_reached_object,clean,4,0.0,0.3833991408667048,,clean_500k
1328,never_reached_object,clean,4,0.0,0.3833991408667048,,clean_500k
1329,never_reached_object,clean,4,0.0,0.3833991408667048,,clean_500k
1330,never_reached_object,clean,4,0.0,0.3833991408667048,,clean_500k
1331,never_reached_object,clean,4,0.0,0.3833991408667048,,clean_500k
1332,never_reached_object,clean,4,0.0,0.3833991408667048,,clean_500k
1333,never_reached_object,clean,4,0.0,0.3833991408667048,,clean_500k
1334,never_reached_object,clean,4,0.0,0.3833991408667048,,clean_500k
1335,never_reached_object,clean,4,0.0,0.3833991408667048,,clean_500k
1336,never_reached_object,clean,4,0.0,0.3833991408667048,,clean_500k
1337,never_reached_object,clean,4,0.0,0.3833991408667048,,clean_500k
1338,never_reached_object,clean,4,0.0,0.3833991408667048,,clean_500k
1339,never_reached_object,clean,4,0.0,0.3833991408667048,,clean_500k
1340,never_reached_object,clean,4,0.0,0.3833991408667048,,clean_500k
1341,never_reached_object,clean,4,0.0,0.3833991408667048,,clean_500k
1342,never_reached_object,clean,4,0.0,0.3833991408667048,,clean_500k
1343,never_reached_object,clean,4,0.0,0.3833991408667048,,clean_500k
1344,never_reached_object,clean,4,0.0,0.3833991408667048,,clean_500k
1345,never_reached_object,clean,4,0.0,0.3833991408667048,,clean_500k
1346,never_reached_object,clean,4,0.0,0.3833991408667048,,clean_500k
1347,never_reached_object,clean,4,0.0,0.3833991408667048,,clean_500k
1348,never_reached_object,clean,4,0.0,0.3833991408667048,,clean_500k
1349,never_reached_object,clean,4,0.0,0.3833991408667048,,clean_500k
1350,never_reached_object,sensor_dropout,4,0.0,0.3833991408667048,,clean_500k
1351,never_reached_object,sensor_dropout,4,0.0,0.3833991408667048,,clean_500k
1352,never_reached_object,sensor_dropout,4,0.0,0.3833991408667048,,clean_500k
1353,never_reached_object,sensor_dropout,4,0.0,0.3833991408667048,,clean_500k
1354,never_reached_object,sensor_dropout,4,0.0,0.3833991408667048,,clean_500k
1355,never_reached_object,sensor_dropout,4,0.0,0.3833991408667048,,clean_500k
1356,never_reached_object,sensor_dropout,4,0.0,0.3833991408667048,,clean_500k
1357,never_reached_object,sensor_dropout,4,0.0,0.3833991408667048,,clean_500k
1358,never_reached_object,sensor_dropout,4,0.0,0.3833991408667048,,clean_500k
1359,never_reached_object,sensor_dropout,4,0.0,0.3833991408667048,,clean_500k
1360,never_reached_object,sensor_dropout,4,0.0,0.3833991408667048,,clean_500k
1361,never_reached_object,sensor_dropout,4,0.0,0.3833991408667048,,clean_500k
1362,never_reached_object,sensor_dropout,4,0.0,0.3833991408667048,,clean_500k
1363,never_reached_object,sensor_dropout,4,0.0,0.3833991408667048,,clean_500k
1364,never_reached_object,sensor_dropout,4,0.0,0.3833991408667048,,clean_500k
1365,never_reached_object,sensor_dropout,4,0.0,0.3833991408667048,,clean_500k
1366,never_reached_object,sensor_dropout,4,0.0,0.3833991408667048,,clean_500k
1367,never_reached_object,sensor_dropout,4,0.0,0.3833991408667048,,clean_500k
1368,never_reached_object,sensor_dropout,4,0.0,0.3833991408667048,,clean_500k
1369,never_reached_object,sensor_dropout,4,0.0,0.3833991408667048,,clean_500k
1370,never_reached_object,sensor_dropout,4,0.0,0.3833991408667048,,clean_500k
1371,never_reached_object,sensor_dropout,4,0.0,0.3833991408667048,,clean_500k
1372,never_reached_object,sensor_dropout,4,0.0,0.3833991408667048,,clean_500k
1373,never_reached_object,sensor_dropout,4,0.0,0.3833991408667048,,clean_500k
1374,never_reached_object,sensor_dropout,4,0.0,0.3833991408667048,,clean_500k
1375,never_reached_object,sensor_dropout,4,0.0,0.3833991408667048,,clean_500k
1376,never_reached_object,sensor_dropout,4,0.0,0.3833991408667048,,clean_500k
1377,never_reached_object,sensor_dropout,4,0.0,0.3833991408667048,,clean_500k
1378,never_reached_object,sensor_dropout,4,0.0,0.3833991408667048,,clean_500k
1379,never_reached_object,sensor_dropout,4,0.0,0.3833991408667048,,clean_500k
1380,never_reached_object,sensor_bias,4,0.0,0.3833991408667048,,clean_500k
1381,never_reached_object,sensor_bias,4,0.0,0.3833991408667048,,clean_500k
1382,never_reached_object,sensor_bias,4,0.0,0.3833991408667048,,clean_500k
1383,never_reached_object,sensor_bias,4,0.0,0.3833991408667048,,clean_500k
1384,never_reached_object,sensor_bias,4,0.0,0.3833991408667048,,clean_500k
1385,never_reached_object,sensor_bias,4,0.0,0.3833991408667048,,clean_500k
1386,never_reached_object,sensor_bias,4,0.0,0.3833991408667048,,clean_500k
1387,never_reached_object,sensor_bias,4,0.0,0.3833991408667048,,clean_500k
1388,never_reached_object,sensor_bias,4,0.0,0.3833991408667048,,clean_500k
1389,never_reached_object,sensor_bias,4,0.0,0.3833991408667048,,clean_500k
1390,never_reached_object,sensor_bias,4,0.0,0.3833991408667048,,clean_500k
1391,never_reached_object,sensor_bias,4,0.0,0.3833991408667048,,clean_500k
1392,never_reached_object,sensor_bias,4,0.0,0.3833991408667048,,clean_500k
1393,never_reached_object,sensor_bias,4,0.0,0.3833991408667048,,clean_500k
1394,never_reached_object,sensor_bias,4,0.0,0.3833991408667048,,clean_500k
1395,never_reached_object,sensor_bias,4,0.0,0.3833991408667048,,clean_500k
1396,never_reached_object,sensor_bias,4,0.0,0.3833991408667048,,clean_500k
1397,never_reached_object,sensor_bias,4,0.0,0.3833991408667048,,clean_500k
1398,never_reached_object,sensor_bias,4,0.0,0.3833991408667048,,clean_500k
1399,never_reached_object,sensor_bias,4,0.0,0.3833991408667048,,clean_500k
1400,never_reached_object,sensor_bias,4,0.0,0.3833991408667048,,clean_500k
1401,never_reached_object,sensor_bias,4,0.0,0.3833991408667048,,clean_500k
1402,never_reached_object,sensor_bias,4,0.0,0.3833991408667048,,clean_500k
1403,never_reached_object,sensor_bias,4,0.0,0.3833991408667048,,clean_500k
1404,never_reached_object,sensor_bias,4,0.0,0.3833991408667048,,clean_500k
1405,never_reached_object,sensor_bias,4,0.0,0.3833991408667048,,clean_500k
1406,never_reached_object,sensor_bias,4,0.0,0.3833991408667048,,clean_500k
1407,never_reached_object,sensor_bias,4,0.0,0.3833991408667048,,clean_500k
1408,never_reached_object,sensor_bias,4,0.0,0.3833991408667048,,clean_500k
1409,never_reached_object,sensor_bias,4,0.0,0.3833991408667048,,clean_500k
1410,never_reached_object,action_clipping,4,0.0,0.3833991408667048,,clean_500k
1411,never_reached_object,action_clipping,4,0.0,0.3833991408667048,,clean_500k
1412,never_reached_object,action_clipping,4,0.0,0.3833991408667048,,clean_500k
1413,never_reached_object,action_clipping,4,0.0,0.3833991408667048,,clean_500k
1414,never_reached_object,action_clipping,4,0.0,0.3833991408667048,,clean_500k
1415,never_reached_object,action_clipping,4,0.0,0.3833991408667048,,clean_500k
1416,never_reached_object,action_clipping,4,0.0,0.3833991408667048,,clean_500k
1417,never_reached_object,action_clipping,4,0.0,0.3833991408667048,,clean_500k
1418,never_reached_object,action_clipping,4,0.0,0.3833991408667048,,clean_500k
1419,never_reached_object,action_clipping,4,0.0,0.3833991408667048,,clean_500k
1420,never_reached_object,action_clipping,4,0.0,0.3833991408667048,,clean_500k
1421,never_reached_object,action_clipping,4,0.0,0.3833991408667048,,clean_500k
1422,never_reached_object,action_clipping,4,0.0,0.3833991408667048,,clean_500k
1423,never_reached_object,action_clipping,4,0.0,0.3833991408667048,,clean_500k
1424,never_reached_object,action_clipping,4,0.0,0.3833991408667048,,clean_500k
1425,never_reached_object,action_clipping,4,0.0,0.3833991408667048,,clean_500k
1426,never_reached_object,action_clipping,4,0.0,0.3833991408667048,,clean_500k
1427,never_reached_object,action_clipping,4,0.0,0.3833991408667048,,clean_500k
1428,never_reached_object,action_clipping,4,0.0,0.3833991408667048,,clean_500k
1429,never_reached_object,action_clipping,4,0.0,0.3833991408667048,,clean_500k
1430,never_reached_object,action_clipping,4,0.0,0.3833991408667048,,clean_500k
1431,never_reached_object,action_clipping,4,0.0,0.3833991408667048,,clean_500k
1432,never_reached_object,action_clipping,4,0.0,0.3833991408667048,,clean_500k
1433,never_reached_object,action_clipping,4,0.0,0.3833991408667048,,clean_500k
1434,never_reached_object,action_clipping,4,0.0,0.3833991408667048,,clean_500k
1435,never_reached_object,action_clipping,4,0.0,0.3833991408667048,,clean_500k
1436,never_reached_object,action_clipping,4,0.0,0.3833991408667048,,clean_500k
1437,never_reached_object,action_clipping,4,0.0,0.3833991408667048,,clean_500k
1438,never_reached_object,action_clipping,4,0.0,0.3833991408667048,,clean_500k
1439,never_reached_object,action_clipping,4,0.0,0.3833991408667048,,clean_500k
1440,never_reached_object,action_delay,4,0.0,0.3833991408667048,,clean_500k
1441,never_reached_object,action_delay,4,0.0,0.3833991408667048,,clean_500k
1442,never_reached_object,action_delay,4,0.0,0.3833991408667048,,clean_500k
1443,never_reached_object,action_delay,4,0.0,0.3833991408667048,,clean_500k
1444,never_reached_object,action_delay,4,0.0,0.3833991408667048,,clean_500k
1445,never_reached_object,action_delay,4,0.0,0.3833991408667048,,clean_500k
1446,never_reached_object,action_delay,4,0.0,0.3833991408667048,,clean_500k
1447,never_reached_object,action_delay,4,0.0,0.3833991408667048,,clean_500k
1448,never_reached_object,action_delay,4,0.0,0.3833991408667048,,clean_500k
1449,never_reached_object,action_delay,4,0.0,0.3833991408667048,,clean_500k
1450,never_reached_object,action_delay,4,0.0,0.3833991408667048,,clean_500k
1451,never_reached_object,action_delay,4,0.0,0.3833991408667048,,clean_500k
1452,never_reached_object,action_delay,4,0.0,0.3833991408667048,,clean_500k
1453,never_reached_object,action_delay,4,0.0,0.3833991408667048,,clean_500k
1454,never_reached_object,action_delay,4,0.0,0.3833991408667048,,clean_500k
1455,never_reached_object,action_delay,4,0.0,0.3833991408667048,,clean_500k
1456,never_reached_object,action_delay,4,0.0,0.3833991408667048,,clean_500k
1457,never_reached_object,action_delay,4,0.0,0.3833991408667048,,clean_500k
1458,never_reached_object,action_delay,4,0.0,0.3833991408667048,,clean_500k
1459,never_reached_object,action_delay,4,0.0,0.3833991408667048,,clean_500k
1460,never_reached_object,action_delay,4,0.0,0.3833991408667048,,clean_500k
1461,never_reached_object,action_delay,4,0.0,0.3833991408667048,,clean_500k
1462,never_reached_object,action_delay,4,0.0,0.3833991408667048,,clean_500k
1463,never_reached_object,action_delay,4,0.0,0.3833991408667048,,clean_500k
1464,never_reached_object,action_delay,4,0.0,0.3833991408667048,,clean_500k
1465,never_reached_object,action_delay,4,0.0,0.3833991408667048,,clean_500k
1466,never_reached_object,action_delay,4,0.0,0.3833991408667048,,clean_500k
1467,never_reached_object,action_delay,4,0.0,0.3833991408667048,,clean_500k
1468,never_reached_object,action_delay,4,0.0,0.3833991408667048,,clean_500k
1469,never_reached_object,action_delay,4,0.0,0.3833991408667048,,clean_500k
1470,never_reached_object,action_reversal,4,0.0,0.3833991408667048,,clean_500k
1471,never_reached_object,action_reversal,4,0.0,0.3833991408667048,,clean_500k
1472,never_reached_object,action_reversal,4,0.0,0.3833991408667048,,clean_500k
1473,never_reached_object,action_reversal,4,0.0,0.3833991408667048,,clean_500k
1474,never_reached_object,action_reversal,4,0.0,0.3833991408667048,,clean_500k
1475,never_reached_object,action_reversal,4,0.0,0.3833991408667048,,clean_500k
1476,never_reached_object,action_reversal,4,0.0,0.3833991408667048,,clean_500k
1477,never_reached_object,action_reversal,4,0.0,0.3833991408667048,,clean_500k
1478,never_reached_object,action_reversal,4,0.0,0.3833991408667048,,clean_500k
1479,never_reached_object,action_reversal,4,0.0,0.3833991408667048,,clean_500k
1480,never_reached_object,action_reversal,4,0.0,0.3833991408667048,,clean_500k
1481,never_reached_object,action_reversal,4,0.0,0.3833991408667048,,clean_500k
1482,never_reached_object,action_reversal,4,0.0,0.3833991408667048,,clean_500k
1483,never_reached_object,action_reversal,4,0.0,0.3833991408667048,,clean_500k
1484,never_reached_object,action_reversal,4,0.0,0.3833991408667048,,clean_500k
1485,never_reached_object,action_reversal,4,0.0,0.3833991408667048,,clean_500k
1486,never_reached_object,action_reversal,4,0.0,0.3833991408667048,,clean_500k
1487,never_reached_object,action_reversal,4,0.0,0.3833991408667048,,clean_500k
1488,never_reached_object,action_reversal,4,0.0,0.3833991408667048,,clean_500k
1489,never_reached_object,action_reversal,4,0.0,0.3833991408667048,,clean_500k
1490,never_reached_object,action_reversal,4,0.0,0.3833991408667048,,clean_500k
1491,never_reached_object,action_reversal,4,0.0,0.3833991408667048,,clean_500k
1492,never_reached_object,action_reversal,4,0.0,0.3833991408667048,,clean_500k
1493,never_reached_object,action_reversal,4,0.0,0.3833991408667048,,clean_500k
1494,never_reached_object,action_reversal,4,0.0,0.3833991408667048,,clean_500k
1495,never_reached_object,action_reversal,4,0.0,0.3833991408667048,,clean_500k
1496,never_reached_object,action_reversal,4,0.0,0.3833991408667048,,clean_500k
1497,never_reached_object,action_reversal,4,0.0,0.3833991408667048,,clean_500k
1498,never_reached_object,action_reversal,4,0.0,0.3833991408667048,,clean_500k
1499,never_reached_object,action_reversal,4,0.0,0.3833991408667048,,clean_500k
1500,never_reached_object,goal_spoof_immediate,4,0.0,0.3833991408667048,,clean_500k
1501,never_reached_object,goal_spoof_immediate,4,0.0,0.3833991408667048,,clean_500k
1502,never_reached_object,goal_spoof_immediate,4,0.0,0.3833991408667048,,clean_500k
1503,never_reached_object,goal_spoof_immediate,4,0.0,0.3833991408667048,,clean_500k
1504,never_reached_object,goal_spoof_immediate,4,0.0,0.3833991408667048,,clean_500k
1505,never_reached_object,goal_spoof_immediate,4,0.0,0.3833991408667048,,clean_500k
1506,never_reached_object,goal_spoof_immediate,4,0.0,0.3833991408667048,,clean_500k
1507,never_reached_object,goal_spoof_immediate,4,0.0,0.3833991408667048,,clean_500k
1508,never_reached_object,goal_spoof_immediate,4,0.0,0.3833991408667048,,clean_500k
1509,never_reached_object,goal_spoof_immediate,4,0.0,0.3833991408667048,,clean_500k
1510,never_reached_object,goal_spoof_immediate,4,0.0,0.3833991408667048,,clean_500k
1511,never_reached_object,goal_spoof_immediate,4,0.0,0.3833991408667048,,clean_500k
1512,never_reached_object,goal_spoof_immediate,4,0.0,0.3833991408667048,,clean_500k
1513,never_reached_object,goal_spoof_immediate,4,0.0,0.3833991408667048,,clean_500k
1514,never_reached_object,goal_spoof_immediate,4,0.0,0.3833991408667048,,clean_500k
1515,never_reached_object,goal_spoof_immediate,4,0.0,0.3833991408667048,,clean_500k
1516,never_reached_object,goal_spoof_immediate,4,0.0,0.3833991408667048,,clean_500k
1517,never_reached_object,goal_spoof_immediate,4,0.0,0.3833991408667048,,clean_500k
1518,never_reached_object,goal_spoof_immediate,4,0.0,0.3833991408667048,,clean_500k
1519,never_reached_object,goal_spoof_immediate,4,0.0,0.3833991408667048,,clean_500k
1520,never_reached_object,goal_spoof_immediate,4,0.0,0.3833991408667048,,clean_500k
1521,never_reached_object,goal_spoof_immediate,4,0.0,0.3833991408667048,,clean_500k
1522,never_reached_object,goal_spoof_immediate,4,0.0,0.3833991408667048,,clean_500k
1523,never_reached_object,goal_spoof_immediate,4,0.0,0.3833991408667048,,clean_500k
1524,never_reached_object,goal_spoof_immediate,4,0.0,0.3833991408667048,,clean_500k
1525,never_reached_object,goal_spoof_immediate,4,0.0,0.3833991408667048,,clean_500k
1526,never_reached_object,goal_spoof_immediate,4,0.0,0.3833991408667048,,clean_500k
1527,never_reached_object,goal_spoof_immediate,4,0.0,0.3833991408667048,,clean_500k
1528,never_reached_object,goal_spoof_immediate,4,0.0,0.3833991408667048,,clean_500k
1529,never_reached_object,goal_spoof_immediate,4,0.0,0.3833991408667048,,clean_500k
1530,never_reached_object,goal_spoof_midep,4,0.0,0.3833991408667048,,clean_500k
1531,never_reached_object,goal_spoof_midep,4,0.0,0.3833991408667048,,clean_500k
1532,never_reached_object,goal_spoof_midep,4,0.0,0.3833991408667048,,clean_500k
1533,never_reached_object,goal_spoof_midep,4,0.0,0.3833991408667048,,clean_500k
1534,never_reached_object,goal_spoof_midep,4,0.0,0.3833991408667048,,clean_500k
1535,never_reached_object,goal_spoof_midep,4,0.0,0.3833991408667048,,clean_500k
1536,never_reached_object,goal_spoof_midep,4,0.0,0.3833991408667048,,clean_500k
1537,never_reached_object,goal_spoof_midep,4,0.0,0.3833991408667048,,clean_500k
1538,never_reached_object,goal_spoof_midep,4,0.0,0.3833991408667048,,clean_500k
1539,never_reached_object,goal_spoof_midep,4,0.0,0.3833991408667048,,clean_500k
1540,never_reached_object,goal_spoof_midep,4,0.0,0.3833991408667048,,clean_500k
1541,never_reached_object,goal_spoof_midep,4,0.0,0.3833991408667048,,clean_500k
1542,never_reached_object,goal_spoof_midep,4,0.0,0.3833991408667048,,clean_500k
1543,never_reached_object,goal_spoof_midep,4,0.0,0.3833991408667048,,clean_500k
1544,never_reached_object,goal_spoof_midep,4,0.0,0.3833991408667048,,clean_500k
1545,never_reached_object,goal_spoof_midep,4,0.0,0.3833991408667048,,clean_500k
1546,never_reached_object,goal_spoof_midep,4,0.0,0.3833991408667048,,clean_500k
1547,never_reached_object,goal_spoof_midep,4,0.0,0.3833991408667048,,clean_500k
1548,never_reached_object,goal_spoof_midep,4,0.0,0.3833991408667048,,clean_500k
1549,never_reached_object,goal_spoof_midep,4,0.0,0.3833991408667048,,clean_500k
1550,never_reached_object,goal_spoof_midep,4,0.0,0.3833991408667048,,clean_500k
1551,never_reached_object,goal_spoof_midep,4,0.0,0.3833991408667048,,clean_500k
1552,never_reached_object,goal_spoof_midep,4,0.0,0.3833991408667048,,clean_500k
1553,never_reached_object,goal_spoof_midep,4,0.0,0.3833991408667048,,clean_500k
1554,never_reached_object,goal_spoof_midep,4,0.0,0.3833991408667048,,clean_500k
1555,never_reached_object,goal_spoof_midep,4,0.0,0.3833991408667048,,clean_500k
1556,never_reached_object,goal_spoof_midep,4,0.0,0.3833991408667048,,clean_500k
1557,never_reached_object,goal_spoof_midep,4,0.0,0.3833991408667048,,clean_500k
1558,never_reached_object,goal_spoof_midep,4,0.0,0.3833991408667048,,clean_500k
1559,never_reached_object,goal_spoof_midep,4,0.0,0.3833991408667048,,clean_500k
1560,never_reached_object,object_pose_spoof,4,0.0,0.3833991408667048,,clean_500k
1561,never_reached_object,object_pose_spoof,4,0.0,0.3833991408667048,,clean_500k
1562,never_reached_object,object_pose_spoof,4,0.0,0.3833991408667048,,clean_500k
1563,never_reached_object,object_pose_spoof,4,0.0,0.3833991408667048,,clean_500k
1564,never_reached_object,object_pose_spoof,4,0.0,0.3833991408667048,,clean_500k
1565,never_reached_object,object_pose_spoof,4,0.0,0.3833991408667048,,clean_500k
1566,never_reached_object,object_pose_spoof,4,0.0,0.3833991408667048,,clean_500k
1567,never_reached_object,object_pose_spoof,4,0.0,0.3833991408667048,,clean_500k
1568,never_reached_object,object_pose_spoof,4,0.0,0.3833991408667048,,clean_500k
1569,never_reached_object,object_pose_spoof,4,0.0,0.3833991408667048,,clean_500k
1570,never_reached_object,object_pose_spoof,4,0.0,0.3833991408667048,,clean_500k
1571,never_reached_object,object_pose_spoof,4,0.0,0.3833991408667048,,clean_500k
1572,never_reached_object,object_pose_spoof,4,0.0,0.3833991408667048,,clean_500k
1573,never_reached_object,object_pose_spoof,4,0.0,0.3833991408667048,,clean_500k
1574,never_reached_object,object_pose_spoof,4,0.0,0.3833991408667048,,clean_500k
1575,never_reached_object,object_pose_spoof,4,0.0,0.3833991408667048,,clean_500k
1576,never_reached_object,object_pose_spoof,4,0.0,0.3833991408667048,,clean_500k
1577,never_reached_object,object_pose_spoof,4,0.0,0.3833991408667048,,clean_500k
1578,never_reached_object,object_pose_spoof,4,0.0,0.3833991408667048,,clean_500k
1579,never_reached_object,object_pose_spoof,4,0.0,0.3833991408667048,,clean_500k
1580,never_reached_object,object_pose_spoof,4,0.0,0.3833991408667048,,clean_500k
1581,never_reached_object,object_pose_spoof,4,0.0,0.3833991408667048,,clean_500k
1582,never_reached_object,object_pose_spoof,4,0.0,0.3833991408667048,,clean_500k
1583,never_reached_object,object_pose_spoof,4,0.0,0.3833991408667048,,clean_500k
1584,never_reached_object,object_pose_spoof,4,0.0,0.3833991408667048,,clean_500k
1585,never_reached_object,object_pose_spoof,4,0.0,0.3833991408667048,,clean_500k
1586,never_reached_object,object_pose_spoof,4,0.0,0.3833991408667048,,clean_500k
1587,never_reached_object,object_pose_spoof,4,0.0,0.3833991408667048,,clean_500k
1588,never_reached_object,object_pose_spoof,4,0.0,0.3833991408667048,,clean_500k
1589,never_reached_object,object_pose_spoof,4,0.0,0.3833991408667048,,clean_500k
1590,never_reached_object,grip_state_falsification,4,0.0,0.3833991408667048,,clean_500k
1591,never_reached_object,grip_state_falsification,4,0.0,0.3833991408667048,,clean_500k
1592,never_reached_object,grip_state_falsification,4,0.0,0.3833991408667048,,clean_500k
1593,never_reached_object,grip_state_falsification,4,0.0,0.3833991408667048,,clean_500k
1594,never_reached_object,grip_state_falsification,4,0.0,0.3833991408667048,,clean_500k
1595,never_reached_object,grip_state_falsification,4,0.0,0.3833991408667048,,clean_500k
1596,never_reached_object,grip_state_falsification,4,0.0,0.3833991408667048,,clean_500k
1597,never_reached_object,grip_state_falsification,4,0.0,0.3833991408667048,,clean_500k
1598,never_reached_object,grip_state_falsification,4,0.0,0.3833991408667048,,clean_500k
1599,never_reached_object,grip_state_falsification,4,0.0,0.3833991408667048,,clean_500k
1600,never_reached_object,grip_state_falsification,4,0.0,0.3833991408667048,,clean_500k
1601,never_reached_object,grip_state_falsification,4,0.0,0.3833991408667048,,clean_500k
1602,never_reached_object,grip_state_falsification,4,0.0,0.3833991408667048,,clean_500k
1603,never_reached_object,grip_state_falsification,4,0.0,0.3833991408667048,,clean_500k
1604,never_reached_object,grip_state_falsification,4,0.0,0.3833991408667048,,clean_500k
1605,never_reached_object,grip_state_falsification,4,0.0,0.3833991408667048,,clean_500k
1606,never_reached_object,grip_state_falsification,4,0.0,0.3833991408667048,,clean_500k
1607,never_reached_object,grip_state_falsification,4,0.0,0.3833991408667048,,clean_500k
1608,never_reached_object,grip_state_falsification,4,0.0,0.3833991408667048,,clean_500k
1609,never_reached_object,grip_state_falsification,4,0.0,0.3833991408667048,,clean_500k
1610,never_reached_object,grip_state_falsification,4,0.0,0.3833991408667048,,clean_500k
1611,never_reached_object,grip_state_falsification,4,0.0,0.3833991408667048,,clean_500k
1612,never_reached_object,grip_state_falsification,4,0.0,0.3833991408667048,,clean_500k
1613,never_reached_object,grip_state_falsification,4,0.0,0.3833991408667048,,clean_500k
1614,never_reached_object,grip_state_falsification,4,0.0,0.3833991408667048,,clean_500k
1615,never_reached_object,grip_state_falsification,4,0.0,0.3833991408667048,,clean_500k
1616,never_reached_object,grip_state_falsification,4,0.0,0.3833991408667048,,clean_500k
1617,never_reached_object,grip_state_falsification,4,0.0,0.3833991408667048,,clean_500k
1618,never_reached_object,grip_state_falsification,4,0.0,0.3833991408667048,,clean_500k
1619,never_reached_object,grip_state_falsification,4,0.0,0.3833991408667048,,clean_500k
1620,never_reached_object,contact_dropout,4,0.0,0.3833991408667048,,clean_500k
1621,never_reached_object,contact_dropout,4,0.0,0.3833991408667048,,clean_500k
1622,never_reached_object,contact_dropout,4,0.0,0.3833991408667048,,clean_500k
1623,never_reached_object,contact_dropout,4,0.0,0.3833991408667048,,clean_500k
1624,never_reached_object,contact_dropout,4,0.0,0.3833991408667048,,clean_500k
1625,never_reached_object,contact_dropout,4,0.0,0.3833991408667048,,clean_500k
1626,never_reached_object,contact_dropout,4,0.0,0.3833991408667048,,clean_500k
1627,never_reached_object,contact_dropout,4,0.0,0.3833991408667048,,clean_500k
1628,never_reached_object,contact_dropout,4,0.0,0.3833991408667048,,clean_500k
1629,never_reached_object,contact_dropout,4,0.0,0.3833991408667048,,clean_500k
1630,never_reached_object,contact_dropout,4,0.0,0.3833991408667048,,clean_500k
1631,never_reached_object,contact_dropout,4,0.0,0.3833991408667048,,clean_500k
1632,never_reached_object,contact_dropout,4,0.0,0.3833991408667048,,clean_500k
1633,never_reached_object,contact_dropout,4,0.0,0.3833991408667048,,clean_500k
1634,never_reached_object,contact_dropout,4,0.0,0.3833991408667048,,clean_500k
1635,never_reached_object,contact_dropout,4,0.0,0.3833991408667048,,clean_500k
1636,never_reached_object,contact_dropout,4,0.0,0.3833991408667048,,clean_500k
1637,never_reached_object,contact_dropout,4,0.0,0.3833991408667048,,clean_500k
1638,never_reached_object,contact_dropout,4,0.0,0.3833991408667048,,clean_500k
1639,never_reached_object,contact_dropout,4,0.0,0.3833991408667048,,clean_500k
1640,never_reached_object,contact_dropout,4,0.0,0.3833991408667048,,clean_500k
1641,never_reached_object,contact_dropout,4,0.0,0.3833991408667048,,clean_500k
1642,never_reached_object,contact_dropout,4,0.0,0.3833991408667048,,clean_500k
1643,never_reached_object,contact_dropout,4,0.0,0.3833991408667048,,clean_500k
1644,never_reached_object,contact_dropout,4,0.0,0.3833991408667048,,clean_500k
1645,never_reached_object,contact_dropout,4,0.0,0.3833991408667048,,clean_500k
1646,never_reached_object,contact_dropout,4,0.0,0.3833991408667048,,clean_500k
1647,never_reached_object,contact_dropout,4,0.0,0.3833991408667048,,clean_500k
1648,never_reached_object,contact_dropout,4,0.0,0.3833991408667048,,clean_500k
1649,never_reached_object,contact_dropout,4,0.0,0.3833991408667048,,clean_500k
