episode_idx,failure_mode,condition,seed,success,final_distance,first_success_step,model
0,success,clean,0,1.0,0.0196744097083744,12.0,clean_2M
1,success,clean,0,1.0,0.0196744097083744,12.0,clean_2M
2,success,clean,0,1.0,0.0196744097083744,12.0,clean_2M
3,success,clean,0,1.0,0.0196744097083744,12.0,clean_2M
4,success,clean,0,1.0,0.0196744097083744,12.0,clean_2M
5,success,clean,0,1.0,0.0196744097083744,12.0,clean_2M
6,success,clean,0,1.0,0.0196744097083744,12.0,clean_2M
7,success,clean,0,1.0,0.0196744097083744,12.0,clean_2M
8,success,clean,0,1.0,0.0196744097083744,12.0,clean_2M
9,success,clean,0,1.0,0.0196744097083744,12.0,clean_2M
10,success,clean,0,1.0,0.0196744097083744,12.0,clean_2M
11,success,clean,0,1.0,0.0196744097083744,12.0,clean_2M
12,success,clean,0,1.0,0.0196744097083744,12.0,clean_2M
13,success,clean,0,1.0,0.0196744097083744,12.0,clean_2M
14,success,clean,0,1.0,0.0196744097083744,12.0,clean_2M
15,success,clean,0,1.0,0.0196744097083744,12.0,clean_2M
16,success,clean,0,1.0,0.0196744097083744,12.0,clean_2M
17,success,clean,0,1.0,0.0196744097083744,12.0,clean_2M
18,success,clean,0,1.0,0.0196744097083744,12.0,clean_2M
19,success,clean,0,1.0,0.0196744097083744,12.0,clean_2M
20,success,clean,0,1.0,0.0196744097083744,12.0,clean_2M
21,success,clean,0,1.0,0.0196744097083744,12.0,clean_2M
22,success,clean,0,1.0,0.0196744097083744,12.0,clean_2M
23,success,clean,0,1.0,0.0196744097083744,12.0,clean_2M
24,success,clean,0,1.0,0.0196744097083744,12.0,clean_2M
25,success,clean,0,1.0,0.0196744097083744,12.0,clean_2M
26,success,clean,0,1.0,0.0196744097083744,12.0,clean_2M
27,success,clean,0,1.0,0.0196744097083744,12.0,clean_2M
28,success,clean,0,1.0,0.0196744097083744,12.0,clean_2M
29,success,clean,0,1.0,0.0196744097083744,12.0,clean_2M
30,never_reached_object,sensor_dropout,0,0.0,0.3549225360528287,,clean_2M
31,never_reached_object,sensor_dropout,0,0.0,0.3549225360528287,,clean_2M
32,never_reached_object,sensor_dropout,0,0.0,0.3549225360528287,,clean_2M
33,never_reached_object,sensor_dropout,0,0.0,0.3549225360528287,,clean_2M
34,never_reached_object,sensor_dropout,0,0.0,0.3549225360528287,,clean_2M
35,never_reached_object,sensor_dropout,0,0.0,0.3549225360528287,,clean_2M
36,never_reached_object,sensor_dropout,0,0.0,0.3549225360528287,,clean_2M
37,never_reached_object,sensor_dropout,0,0.0,0.3549225360528287,,clean_2M
38,never_reached_object,sensor_dropout,0,0.0,0.3549225360528287,,clean_2M
39,never_reached_object,sensor_dropout,0,0.0,0.3549225360528287,,clean_2M
40,never_reached_object,sensor_dropout,0,0.0,0.3549225360528287,,clean_2M
41,never_reached_object,sensor_dropout,0,0.0,0.3549225360528287,,clean_2M
42,never_reached_object,sensor_dropout,0,0.0,0.3549225360528287,,clean_2M
43,never_reached_object,sensor_dropout,0,0.0,0.3549225360528287,,clean_2M
44,never_reached_object,sensor_dropout,0,0.0,0.3549225360528287,,clean_2M
45,never_reached_object,sensor_dropout,0,0.0,0.3549225360528287,,clean_2M
46,never_reached_object,sensor_dropout,0,0.0,0.3549225360528287,,clean_2M
47,never_reached_object,sensor_dropout,0,0.0,0.3549225360528287,,clean_2M
48,never_reached_object,sensor_dropout,0,0.0,0.3549225360528287,,clean_2M
49,never_reached_object,sensor_dropout,0,0.0,0.3549225360528287,,clean_2M
50,never_reached_object,sensor_dropout,0,0.0,0.3549225360528287,,clean_2M
51,never_reached_object,sensor_dropout,0,0.0,0.3549225360528287,,clean_2M
52,never_reached_object,sensor_dropout,0,0.0,0.3549225360528287,,clean_2M
53,never_reached_object,sensor_dropout,0,0.0,0.3549225360528287,,clean_2M
54,never_reached_object,sensor_dropout,0,0.0,0.3549225360528287,,clean_2M
55,never_reached_object,sensor_dropout,0,0.0,0.3549225360528287,,clean_2M
56,never_reached_object,sensor_dropout,0,0.0,0.3549225360528287,,clean_2M
57,never_reached_object,sensor_dropout,0,0.0,0.3549225360528287,,clean_2M
58,never_reached_object,sensor_dropout,0,0.0,0.3549225360528287,,clean_2M
59,never_reached_object,sensor_dropout,0,0.0,0.3549225360528287,,clean_2M
60,never_reached_object,sensor_bias,0,0.0,0.3549225360528287,,clean_2M
61,never_reached_object,sensor_bias,0,0.0,0.3549225360528287,,clean_2M
62,never_reached_object,sensor_bias,0,0.0,0.3549225360528287,,clean_2M
63,reached_but_failed_grasp,sensor_bias,0,0.0,0.3549225360528287,,clean_2M
64,never_reached_object,sensor_bias,0,0.0,0.3549225360528287,,clean_2M
65,reached_but_failed_grasp,sensor_bias,0,0.0,0.3769835524738389,,clean_2M
66,never_reached_object,sensor_bias,0,0.0,0.3549225360528287,,clean_2M
67,never_reached_object,sensor_bias,0,0.0,0.3549225360528287,,clean_2M
68,reached_but_failed_grasp,sensor_bias,0,0.0,0.3549225360528287,,clean_2M
69,never_reached_object,sensor_bias,0,0.0,0.3549225360528287,,clean_2M
70,never_reached_object,sensor_bias,0,0.0,0.3549225360528287,,clean_2M
71,reached_but_failed_grasp,sensor_bias,0,0.0,0.3548359969820484,,clean_2M
72,never_reached_object,sensor_bias,0,0.0,0.8144737327505811,,clean_2M
73,never_reached_object,sensor_bias,0,0.0,0.3549225360528287,,clean_2M
74,reached_but_failed_grasp,sensor_bias,0,0.0,0.7150148653820455,,clean_2M
75,never_reached_object,sensor_bias,0,0.0,0.3549225360528287,,clean_2M
76,never_reached_object,sensor_bias,0,0.0,0.3549225360528287,,clean_2M
77,reached_but_failed_grasp,sensor_bias,0,0.0,0.6538003702521104,,clean_2M
78,never_reached_object,sensor_bias,0,0.0,0.3549225360528287,,clean_2M
79,reached_but_failed_grasp,sensor_bias,0,0.0,0.3559514062304958,,clean_2M
80,never_reached_object,sensor_bias,0,0.0,0.3549225360528287,,clean_2M
81,reached_but_failed_grasp,sensor_bias,0,0.0,0.3549225360528287,,clean_2M
82,never_reached_object,sensor_bias,0,0.0,0.3549225360528287,,clean_2M
83,reached_but_failed_grasp,sensor_bias,0,0.0,0.3549225360528287,,clean_2M
84,never_reached_object,sensor_bias,0,0.0,0.3544272903159963,,clean_2M
85,never_reached_object,sensor_bias,0,0.0,0.3549225360528287,,clean_2M
86,never_reached_object,sensor_bias,0,0.0,0.3549225360528287,,clean_2M
87,reached_but_failed_grasp,sensor_bias,0,0.0,0.3873673801416125,,clean_2M
88,never_reached_object,sensor_bias,0,0.0,0.3549225360528287,,clean_2M
89,reached_but_failed_grasp,sensor_bias,0,0.0,0.372276430803239,,clean_2M
90,success,action_clipping,0,1.0,0.0156151223721789,41.0,clean_2M
91,success,action_clipping,0,1.0,0.0156151223721789,41.0,clean_2M
92,success,action_clipping,0,1.0,0.0156151223721789,41.0,clean_2M
93,success,action_clipping,0,1.0,0.0156151223721789,41.0,clean_2M
94,success,action_clipping,0,1.0,0.0156151223721789,41.0,clean_2M
95,success,action_clipping,0,1.0,0.0156151223721789,41.0,clean_2M
96,success,action_clipping,0,1.0,0.0156151223721789,41.0,clean_2M
97,success,action_clipping,0,1.0,0.0156151223721789,41.0,clean_2M
98,success,action_clipping,0,1.0,0.0156151223721789,41.0,clean_2M
99,success,action_clipping,0,1.0,0.0156151223721789,41.0,clean_2M
100,success,action_clipping,0,1.0,0.0156151223721789,41.0,clean_2M
101,success,action_clipping,0,1.0,0.0156151223721789,41.0,clean_2M
102,success,action_clipping,0,1.0,0.0156151223721789,41.0,clean_2M
103,success,action_clipping,0,1.0,0.0156151223721789,41.0,clean_2M
104,success,action_clipping,0,1.0,0.0156151223721789,41.0,clean_2M
105,success,action_clipping,0,1.0,0.0156151223721789,41.0,clean_2M
106,success,action_clipping,0,1.0,0.0156151223721789,41.0,clean_2M
107,success,action_clipping,0,1.0,0.0156151223721789,41.0,clean_2M
108,success,action_clipping,0,1.0,0.0156151223721789,41.0,clean_2M
109,success,action_clipping,0,1.0,0.0156151223721789,41.0,clean_2M
110,success,action_clipping,0,1.0,0.0156151223721789,41.0,clean_2M
111,success,action_clipping,0,1.0,0.0156151223721789,41.0,clean_2M
112,success,action_clipping,0,1.0,0.0156151223721789,41.0,clean_2M
113,success,action_clipping,0,1.0,0.0156151223721789,41.0,clean_2M
114,success,action_clipping,0,1.0,0.0156151223721789,41.0,clean_2M
115,success,action_clipping,0,1.0,0.0156151223721789,41.0,clean_2M
116,success,action_clipping,0,1.0,0.0156151223721789,41.0,clean_2M
117,success,action_clipping,0,1.0,0.0156151223721789,41.0,clean_2M
118,success,action_clipping,0,1.0,0.0156151223721789,41.0,clean_2M
119,success,action_clipping,0,1.0,0.0156151223721789,41.0,clean_2M
120,success,action_delay,0,1.0,0.0178455548712649,16.0,clean_2M
121,success,action_delay,0,1.0,0.0178455548712649,16.0,clean_2M
122,success,action_delay,0,1.0,0.0178455548712649,16.0,clean_2M
123,success,action_delay,0,1.0,0.0178455548712649,16.0,clean_2M
124,success,action_delay,0,1.0,0.0178455548712649,16.0,clean_2M
125,success,action_delay,0,1.0,0.0178455548712649,16.0,clean_2M
126,success,action_delay,0,1.0,0.0178455548712649,16.0,clean_2M
127,success,action_delay,0,1.0,0.0178455548712649,16.0,clean_2M
128,success,action_delay,0,1.0,0.0178455548712649,16.0,clean_2M
129,success,action_delay,0,1.0,0.0178455548712649,16.0,clean_2M
130,success,action_delay,0,1.0,0.0178455548712649,16.0,clean_2M
131,success,action_delay,0,1.0,0.0178455548712649,16.0,clean_2M
132,success,action_delay,0,1.0,0.0178455548712649,16.0,clean_2M
133,success,action_delay,0,1.0,0.0178455548712649,16.0,clean_2M
134,success,action_delay,0,1.0,0.0178455548712649,16.0,clean_2M
135,success,action_delay,0,1.0,0.0178455548712649,16.0,clean_2M
136,success,action_delay,0,1.0,0.0178455548712649,16.0,clean_2M
137,success,action_delay,0,1.0,0.0178455548712649,16.0,clean_2M
138,success,action_delay,0,1.0,0.0178455548712649,16.0,clean_2M
139,success,action_delay,0,1.0,0.0178455548712649,16.0,clean_2M
140,success,action_delay,0,1.0,0.0178455548712649,16.0,clean_2M
141,success,action_delay,0,1.0,0.0178455548712649,16.0,clean_2M
142,success,action_delay,0,1.0,0.0178455548712649,16.0,clean_2M
143,success,action_delay,0,1.0,0.0178455548712649,16.0,clean_2M
144,success,action_delay,0,1.0,0.0178455548712649,16.0,clean_2M
145,success,action_delay,0,1.0,0.0178455548712649,16.0,clean_2M
146,success,action_delay,0,1.0,0.0178455548712649,16.0,clean_2M
147,success,action_delay,0,1.0,0.0178455548712649,16.0,clean_2M
148,success,action_delay,0,1.0,0.0178455548712649,16.0,clean_2M
149,success,action_delay,0,1.0,0.0178455548712649,16.0,clean_2M
150,never_reached_object,action_reversal,0,0.0,0.3549225360528287,,clean_2M
151,never_reached_object,action_reversal,0,0.0,0.3549225360528287,,clean_2M
152,never_reached_object,action_reversal,0,0.0,0.3549225360528287,,clean_2M
153,never_reached_object,action_reversal,0,0.0,0.3549225360528287,,clean_2M
154,never_reached_object,action_reversal,0,0.0,0.3549225360528287,,clean_2M
155,never_reached_object,action_reversal,0,0.0,0.3549225360528287,,clean_2M
156,never_reached_object,action_reversal,0,0.0,0.3549225360528287,,clean_2M
157,never_reached_object,action_reversal,0,0.0,0.3549225360528287,,clean_2M
158,never_reached_object,action_reversal,0,0.0,0.3549225360528287,,clean_2M
159,never_reached_object,action_reversal,0,0.0,0.3549225360528287,,clean_2M
160,never_reached_object,action_reversal,0,0.0,0.3549225360528287,,clean_2M
161,never_reached_object,action_reversal,0,0.0,0.3549225360528287,,clean_2M
162,never_reached_object,action_reversal,0,0.0,0.3549225360528287,,clean_2M
163,never_reached_object,action_reversal,0,0.0,0.3549225360528287,,clean_2M
164,never_reached_object,action_reversal,0,0.0,0.3549225360528287,,clean_2M
165,never_reached_object,action_reversal,0,0.0,0.3549225360528287,,clean_2M
166,never_reached_object,action_reversal,0,0.0,0.3549225360528287,,clean_2M
167,never_reached_object,action_reversal,0,0.0,0.3549225360528287,,clean_2M
168,never_reached_object,action_reversal,0,0.0,0.3549225360528287,,clean_2M
169,never_reached_object,action_reversal,0,0.0,0.3549225360528287,,clean_2M
170,never_reached_object,action_reversal,0,0.0,0.3549225360528287,,clean_2M
171,never_reached_object,action_reversal,0,0.0,0.3549225360528287,,clean_2M
172,never_reached_object,action_reversal,0,0.0,0.3549225360528287,,clean_2M
173,never_reached_object,action_reversal,0,0.0,0.3549225360528287,,clean_2M
174,never_reached_object,action_reversal,0,0.0,0.3549225360528287,,clean_2M
175,never_reached_object,action_reversal,0,0.0,0.3549225360528287,,clean_2M
176,never_reached_object,action_reversal,0,0.0,0.3549225360528287,,clean_2M
177,never_reached_object,action_reversal,0,0.0,0.3549225360528287,,clean_2M
178,never_reached_object,action_reversal,0,0.0,0.3549225360528287,,clean_2M
179,never_reached_object,action_reversal,0,0.0,0.3549225360528287,,clean_2M
180,spoofed_goal,goal_spoof_immediate,0,0.0,0.0900934667959396,,clean_2M
181,spoofed_goal,goal_spoof_immediate,0,0.0,0.0927060968865662,,clean_2M
182,spoofed_goal,goal_spoof_immediate,0,0.0,0.1000577759626785,13.0,clean_2M
183,spoofed_goal,goal_spoof_immediate,0,0.0,0.1001547357454477,,clean_2M
184,spoofed_goal,goal_spoof_immediate,0,0.0,0.0755457471382811,,clean_2M
185,spoofed_goal,goal_spoof_immediate,0,0.0,0.1214546134059097,12.0,clean_2M
186,spoofed_goal,goal_spoof_immediate,0,0.0,0.0799576647104793,,clean_2M
187,success,goal_spoof_immediate,0,1.0,0.0400176674023099,13.0,clean_2M
188,spoofed_goal,goal_spoof_immediate,0,0.0,0.1099630659858932,,clean_2M
189,action_control_corruption,goal_spoof_immediate,0,0.0,0.0515409235007054,12.0,clean_2M
190,spoofed_goal,goal_spoof_immediate,0,0.0,0.0838463367339682,,clean_2M
191,spoofed_goal,goal_spoof_immediate,0,0.0,0.1188004653620088,,clean_2M
192,spoofed_goal,goal_spoof_immediate,0,0.0,0.0598475974554736,12.0,clean_2M
193,spoofed_goal,goal_spoof_immediate,0,0.0,0.0773241349133469,13.0,clean_2M
194,spoofed_goal,goal_spoof_immediate,0,0.0,0.0684833936222426,,clean_2M
195,spoofed_goal,goal_spoof_immediate,0,0.0,0.1070303239793301,,clean_2M
196,spoofed_goal,goal_spoof_immediate,0,0.0,0.0693814720961494,12.0,clean_2M
197,action_control_corruption,goal_spoof_immediate,0,0.0,0.1188352413728646,,clean_2M
198,spoofed_goal,goal_spoof_immediate,0,0.0,0.0827397660273955,,clean_2M
199,spoofed_goal,goal_spoof_immediate,0,0.0,0.1272587868313479,,clean_2M
200,spoofed_goal,goal_spoof_immediate,0,0.0,0.1557975608744879,,clean_2M
201,spoofed_goal,goal_spoof_immediate,0,0.0,0.1283067029800756,,clean_2M
202,spoofed_goal,goal_spoof_immediate,0,0.0,0.0544242251825786,,clean_2M
203,spoofed_goal,goal_spoof_immediate,0,0.0,0.1096772399882276,12.0,clean_2M
204,spoofed_goal,goal_spoof_immediate,0,0.0,0.0780631159821909,13.0,clean_2M
205,spoofed_goal,goal_spoof_immediate,0,0.0,0.1273255640348795,,clean_2M
206,spoofed_goal,goal_spoof_immediate,0,0.0,0.0892264617496759,,clean_2M
207,spoofed_goal,goal_spoof_immediate,0,0.0,0.1370199087316372,,clean_2M
208,spoofed_goal,goal_spoof_immediate,0,0.0,0.1054133703740818,,clean_2M
209,success,goal_spoof_immediate,0,1.0,0.0421023633822403,11.0,clean_2M
210,success,goal_spoof_midep,0,1.0,0.0354237013671283,12.0,clean_2M
211,spoofed_goal,goal_spoof_midep,0,0.0,0.1277406050097273,12.0,clean_2M
212,spoofed_goal,goal_spoof_midep,0,0.0,0.1094968026635229,12.0,clean_2M
213,spoofed_goal,goal_spoof_midep,0,0.0,0.1018795385241463,12.0,clean_2M
214,spoofed_goal,goal_spoof_midep,0,0.0,0.0736614022546301,12.0,clean_2M
215,success,goal_spoof_midep,0,1.0,0.0405643003932441,12.0,clean_2M
216,spoofed_goal,goal_spoof_midep,0,0.0,0.0784933516412259,12.0,clean_2M
217,spoofed_goal,goal_spoof_midep,0,0.0,0.0877255688357028,12.0,clean_2M
218,spoofed_goal,goal_spoof_midep,0,0.0,0.0875849294259298,12.0,clean_2M
219,success,goal_spoof_midep,0,1.0,0.0263718712425256,12.0,clean_2M
220,spoofed_goal,goal_spoof_midep,0,0.0,0.1020742687112673,12.0,clean_2M
221,spoofed_goal,goal_spoof_midep,0,0.0,0.1069663800412281,12.0,clean_2M
222,spoofed_goal,goal_spoof_midep,0,0.0,0.0967919503937163,12.0,clean_2M
223,spoofed_goal,goal_spoof_midep,0,0.0,0.0910256757642273,12.0,clean_2M
224,spoofed_goal,goal_spoof_midep,0,0.0,0.0746932261165926,12.0,clean_2M
225,spoofed_goal,goal_spoof_midep,0,0.0,0.0879019986218779,12.0,clean_2M
226,spoofed_goal,goal_spoof_midep,0,0.0,0.0972315017366631,12.0,clean_2M
227,spoofed_goal,goal_spoof_midep,0,0.0,0.0951206837098764,12.0,clean_2M
228,spoofed_goal,goal_spoof_midep,0,0.0,0.088336158635451,12.0,clean_2M
229,spoofed_goal,goal_spoof_midep,0,0.0,0.1184258391161864,12.0,clean_2M
230,spoofed_goal,goal_spoof_midep,0,0.0,0.0832439106777636,12.0,clean_2M
231,spoofed_goal,goal_spoof_midep,0,0.0,0.1142513844293306,12.0,clean_2M
232,success,goal_spoof_midep,0,1.0,0.0444152408235345,12.0,clean_2M
233,success,goal_spoof_midep,0,1.0,0.0389474907922352,12.0,clean_2M
234,spoofed_goal,goal_spoof_midep,0,0.0,0.1319317346336977,12.0,clean_2M
235,spoofed_goal,goal_spoof_midep,0,0.0,0.1092263814396185,12.0,clean_2M
236,spoofed_goal,goal_spoof_midep,0,0.0,0.1153845362940191,12.0,clean_2M
237,spoofed_goal,goal_spoof_midep,0,0.0,0.056264358307375,12.0,clean_2M
238,spoofed_goal,goal_spoof_midep,0,0.0,0.1047669821918375,12.0,clean_2M
239,spoofed_goal,goal_spoof_midep,0,0.0,0.0796065096632447,12.0,clean_2M
240,wrong_direction,object_pose_spoof,0,0.0,0.083756393052252,,clean_2M
241,grasped_but_dropped,object_pose_spoof,0,0.0,0.6020325699454384,,clean_2M
242,action_control_corruption,object_pose_spoof,0,0.0,0.0989505814987501,,clean_2M
243,action_control_corruption,object_pose_spoof,0,0.0,0.0547294852463295,13.0,clean_2M
244,wrong_direction,object_pose_spoof,0,0.0,0.0607312049276482,15.0,clean_2M
245,reached_but_failed_grasp,object_pose_spoof,0,0.0,0.0542014908854742,12.0,clean_2M
246,action_control_corruption,object_pose_spoof,0,0.0,0.076158267355576,,clean_2M
247,action_control_corruption,object_pose_spoof,0,0.0,0.0946617279504256,,clean_2M
248,wrong_direction,object_pose_spoof,0,0.0,0.0555199517989459,12.0,clean_2M
249,success,object_pose_spoof,0,1.0,0.0302678620311958,13.0,clean_2M
250,grasped_but_dropped,object_pose_spoof,0,0.0,0.0515296671433587,19.0,clean_2M
251,wrong_direction,object_pose_spoof,0,0.0,0.1067502776487755,,clean_2M
252,action_control_corruption,object_pose_spoof,0,0.0,0.0530404856444852,13.0,clean_2M
253,success,object_pose_spoof,0,1.0,0.0442439614147168,12.0,clean_2M
254,success,object_pose_spoof,0,1.0,0.0194005337640754,12.0,clean_2M
255,action_control_corruption,object_pose_spoof,0,0.0,0.0852199527636631,,clean_2M
256,action_control_corruption,object_pose_spoof,0,0.0,0.0628590154788231,12.0,clean_2M
257,wrong_direction,object_pose_spoof,0,0.0,0.0732639290939338,,clean_2M
258,action_control_corruption,object_pose_spoof,0,0.0,0.1089082389676413,,clean_2M
259,wrong_direction,object_pose_spoof,0,0.0,0.0621441577954421,,clean_2M
260,reached_but_failed_grasp,object_pose_spoof,0,0.0,0.0937775676286367,,clean_2M
261,wrong_direction,object_pose_spoof,0,0.0,0.0670405900660063,13.0,clean_2M
262,wrong_direction,object_pose_spoof,0,0.0,0.0725046190644065,,clean_2M
263,wrong_direction,object_pose_spoof,0,0.0,0.0878824108128214,,clean_2M
264,action_control_corruption,object_pose_spoof,0,0.0,0.0617752487847418,,clean_2M
265,success,object_pose_spoof,0,1.0,0.0367114086938551,14.0,clean_2M
266,wrong_direction,object_pose_spoof,0,0.0,0.0559252851563059,13.0,clean_2M
267,action_control_corruption,object_pose_spoof,0,0.0,0.0503076869078148,12.0,clean_2M
268,reached_but_failed_grasp,object_pose_spoof,0,0.0,0.0624743197268344,35.0,clean_2M
269,wrong_direction,object_pose_spoof,0,0.0,0.0625732107365534,,clean_2M
270,reached_but_failed_grasp,grip_state_falsification,0,0.0,0.3159122602003048,,clean_2M
271,reached_but_failed_grasp,grip_state_falsification,0,0.0,0.3159122602003048,,clean_2M
272,reached_but_failed_grasp,grip_state_falsification,0,0.0,0.3159122602003048,,clean_2M
273,reached_but_failed_grasp,grip_state_falsification,0,0.0,0.3159122602003048,,clean_2M
274,reached_but_failed_grasp,grip_state_falsification,0,0.0,0.3159122602003048,,clean_2M
275,reached_but_failed_grasp,grip_state_falsification,0,0.0,0.3159122602003048,,clean_2M
276,reached_but_failed_grasp,grip_state_falsification,0,0.0,0.3159122602003048,,clean_2M
277,reached_but_failed_grasp,grip_state_falsification,0,0.0,0.3159122602003048,,clean_2M
278,reached_but_failed_grasp,grip_state_falsification,0,0.0,0.3159122602003048,,clean_2M
279,reached_but_failed_grasp,grip_state_falsification,0,0.0,0.3159122602003048,,clean_2M
280,reached_but_failed_grasp,grip_state_falsification,0,0.0,0.3159122602003048,,clean_2M
281,reached_but_failed_grasp,grip_state_falsification,0,0.0,0.3159122602003048,,clean_2M
282,reached_but_failed_grasp,grip_state_falsification,0,0.0,0.3159122602003048,,clean_2M
283,reached_but_failed_grasp,grip_state_falsification,0,0.0,0.3159122602003048,,clean_2M
284,reached_but_failed_grasp,grip_state_falsification,0,0.0,0.3159122602003048,,clean_2M
285,reached_but_failed_grasp,grip_state_falsification,0,0.0,0.3159122602003048,,clean_2M
286,reached_but_failed_grasp,grip_state_falsification,0,0.0,0.3159122602003048,,clean_2M
287,reached_but_failed_grasp,grip_state_falsification,0,0.0,0.3159122602003048,,clean_2M
288,reached_but_failed_grasp,grip_state_falsification,0,0.0,0.3159122602003048,,clean_2M
289,reached_but_failed_grasp,grip_state_falsification,0,0.0,0.3159122602003048,,clean_2M
290,reached_but_failed_grasp,grip_state_falsification,0,0.0,0.3159122602003048,,clean_2M
291,reached_but_failed_grasp,grip_state_falsification,0,0.0,0.3159122602003048,,clean_2M
292,reached_but_failed_grasp,grip_state_falsification,0,0.0,0.3159122602003048,,clean_2M
293,reached_but_failed_grasp,grip_state_falsification,0,0.0,0.3159122602003048,,clean_2M
294,reached_but_failed_grasp,grip_state_falsification,0,0.0,0.3159122602003048,,clean_2M
295,reached_but_failed_grasp,grip_state_falsification,0,0.0,0.3159122602003048,,clean_2M
296,reached_but_failed_grasp,grip_state_falsification,0,0.0,0.3159122602003048,,clean_2M
297,reached_but_failed_grasp,grip_state_falsification,0,0.0,0.3159122602003048,,clean_2M
298,reached_but_failed_grasp,grip_state_falsification,0,0.0,0.3159122602003048,,clean_2M
299,reached_but_failed_grasp,grip_state_falsification,0,0.0,0.3159122602003048,,clean_2M
300,never_reached_object,contact_dropout,0,0.0,0.3549225360528287,,clean_2M
301,never_reached_object,contact_dropout,0,0.0,0.3549225360528287,,clean_2M
302,never_reached_object,contact_dropout,0,0.0,0.3549225360528287,,clean_2M
303,never_reached_object,contact_dropout,0,0.0,0.3549225360528287,,clean_2M
304,never_reached_object,contact_dropout,0,0.0,0.3549225360528287,,clean_2M
305,never_reached_object,contact_dropout,0,0.0,0.3549225360528287,,clean_2M
306,never_reached_object,contact_dropout,0,0.0,0.3549225360528287,,clean_2M
307,never_reached_object,contact_dropout,0,0.0,0.3549225360528287,,clean_2M
308,never_reached_object,contact_dropout,0,0.0,0.3549225360528287,,clean_2M
309,never_reached_object,contact_dropout,0,0.0,0.3549225360528287,,clean_2M
310,never_reached_object,contact_dropout,0,0.0,0.3549225360528287,,clean_2M
311,never_reached_object,contact_dropout,0,0.0,0.3549225360528287,,clean_2M
312,never_reached_object,contact_dropout,0,0.0,0.3549225360528287,,clean_2M
313,never_reached_object,contact_dropout,0,0.0,0.3549225360528287,,clean_2M
314,never_reached_object,contact_dropout,0,0.0,0.3549225360528287,,clean_2M
315,never_reached_object,contact_dropout,0,0.0,0.3549225360528287,,clean_2M
316,never_reached_object,contact_dropout,0,0.0,0.3549225360528287,,clean_2M
317,never_reached_object,contact_dropout,0,0.0,0.3549225360528287,,clean_2M
318,never_reached_object,contact_dropout,0,0.0,0.3549225360528287,,clean_2M
319,never_reached_object,contact_dropout,0,0.0,0.3549225360528287,,clean_2M
320,never_reached_object,contact_dropout,0,0.0,0.3549225360528287,,clean_2M
321,never_reached_object,contact_dropout,0,0.0,0.3549225360528287,,clean_2M
322,never_reached_object,contact_dropout,0,0.0,0.3549225360528287,,clean_2M
323,never_reached_object,contact_dropout,0,0.0,0.3549225360528287,,clean_2M
324,never_reached_object,contact_dropout,0,0.0,0.3549225360528287,,clean_2M
325,never_reached_object,contact_dropout,0,0.0,0.3549225360528287,,clean_2M
326,never_reached_object,contact_dropout,0,0.0,0.3549225360528287,,clean_2M
327,never_reached_object,contact_dropout,0,0.0,0.3549225360528287,,clean_2M
328,never_reached_object,contact_dropout,0,0.0,0.3549225360528287,,clean_2M
329,never_reached_object,contact_dropout,0,0.0,0.3549225360528287,,clean_2M
330,success,clean,1,1.0,0.034429519515542,16.0,clean_2M
331,success,clean,1,1.0,0.034429519515542,16.0,clean_2M
332,success,clean,1,1.0,0.034429519515542,16.0,clean_2M
333,success,clean,1,1.0,0.034429519515542,16.0,clean_2M
334,success,clean,1,1.0,0.034429519515542,16.0,clean_2M
335,success,clean,1,1.0,0.034429519515542,16.0,clean_2M
336,success,clean,1,1.0,0.034429519515542,16.0,clean_2M
337,success,clean,1,1.0,0.034429519515542,16.0,clean_2M
338,success,clean,1,1.0,0.034429519515542,16.0,clean_2M
339,success,clean,1,1.0,0.034429519515542,16.0,clean_2M
340,success,clean,1,1.0,0.034429519515542,16.0,clean_2M
341,success,clean,1,1.0,0.034429519515542,16.0,clean_2M
342,success,clean,1,1.0,0.034429519515542,16.0,clean_2M
343,success,clean,1,1.0,0.034429519515542,16.0,clean_2M
344,success,clean,1,1.0,0.034429519515542,16.0,clean_2M
345,success,clean,1,1.0,0.034429519515542,16.0,clean_2M
346,success,clean,1,1.0,0.034429519515542,16.0,clean_2M
347,success,clean,1,1.0,0.034429519515542,16.0,clean_2M
348,success,clean,1,1.0,0.034429519515542,16.0,clean_2M
349,success,clean,1,1.0,0.034429519515542,16.0,clean_2M
350,success,clean,1,1.0,0.034429519515542,16.0,clean_2M
351,success,clean,1,1.0,0.034429519515542,16.0,clean_2M
352,success,clean,1,1.0,0.034429519515542,16.0,clean_2M
353,success,clean,1,1.0,0.034429519515542,16.0,clean_2M
354,success,clean,1,1.0,0.034429519515542,16.0,clean_2M
355,success,clean,1,1.0,0.034429519515542,16.0,clean_2M
356,success,clean,1,1.0,0.034429519515542,16.0,clean_2M
357,success,clean,1,1.0,0.034429519515542,16.0,clean_2M
358,success,clean,1,1.0,0.034429519515542,16.0,clean_2M
359,success,clean,1,1.0,0.034429519515542,16.0,clean_2M
360,never_reached_object,sensor_dropout,1,0.0,0.3884547695970575,,clean_2M
361,never_reached_object,sensor_dropout,1,0.0,0.3884547695970575,,clean_2M
362,never_reached_object,sensor_dropout,1,0.0,0.3884547695970575,,clean_2M
363,never_reached_object,sensor_dropout,1,0.0,0.3884547695970575,,clean_2M
364,never_reached_object,sensor_dropout,1,0.0,0.3884547695970575,,clean_2M
365,never_reached_object,sensor_dropout,1,0.0,0.3884547695970575,,clean_2M
366,never_reached_object,sensor_dropout,1,0.0,0.3884547695970575,,clean_2M
367,never_reached_object,sensor_dropout,1,0.0,0.3884547695970575,,clean_2M
368,never_reached_object,sensor_dropout,1,0.0,0.3884547695970575,,clean_2M
369,never_reached_object,sensor_dropout,1,0.0,0.3884547695970575,,clean_2M
370,never_reached_object,sensor_dropout,1,0.0,0.3884547695970575,,clean_2M
371,never_reached_object,sensor_dropout,1,0.0,0.3884547695970575,,clean_2M
372,never_reached_object,sensor_dropout,1,0.0,0.3884547695970575,,clean_2M
373,never_reached_object,sensor_dropout,1,0.0,0.3884547695970575,,clean_2M
374,never_reached_object,sensor_dropout,1,0.0,0.3884547695970575,,clean_2M
375,never_reached_object,sensor_dropout,1,0.0,0.3884547695970575,,clean_2M
376,never_reached_object,sensor_dropout,1,0.0,0.3884547695970575,,clean_2M
377,never_reached_object,sensor_dropout,1,0.0,0.3884547695970575,,clean_2M
378,never_reached_object,sensor_dropout,1,0.0,0.3884547695970575,,clean_2M
379,never_reached_object,sensor_dropout,1,0.0,0.3884547695970575,,clean_2M
380,never_reached_object,sensor_dropout,1,0.0,0.3884547695970575,,clean_2M
381,never_reached_object,sensor_dropout,1,0.0,0.3884547695970575,,clean_2M
382,never_reached_object,sensor_dropout,1,0.0,0.3884547695970575,,clean_2M
383,never_reached_object,sensor_dropout,1,0.0,0.3884547695970575,,clean_2M
384,never_reached_object,sensor_dropout,1,0.0,0.3884547695970575,,clean_2M
385,never_reached_object,sensor_dropout,1,0.0,0.3884547695970575,,clean_2M
386,never_reached_object,sensor_dropout,1,0.0,0.3884547695970575,,clean_2M
387,never_reached_object,sensor_dropout,1,0.0,0.3884547695970575,,clean_2M
388,never_reached_object,sensor_dropout,1,0.0,0.3884547695970575,,clean_2M
389,never_reached_object,sensor_dropout,1,0.0,0.3884547695970575,,clean_2M
390,never_reached_object,sensor_bias,1,0.0,0.3884547695970575,,clean_2M
391,never_reached_object,sensor_bias,1,0.0,0.3884547695970575,,clean_2M
392,reached_but_failed_grasp,sensor_bias,1,0.0,0.3884547695970575,,clean_2M
393,never_reached_object,sensor_bias,1,0.0,0.3884547695970575,,clean_2M
394,never_reached_object,sensor_bias,1,0.0,0.3884547695970575,,clean_2M
395,wrong_direction,sensor_bias,1,0.0,0.0835861562703598,,clean_2M
396,never_reached_object,sensor_bias,1,0.0,0.3884547695970575,,clean_2M
397,reached_but_failed_grasp,sensor_bias,1,0.0,0.4197063180164838,,clean_2M
398,never_reached_object,sensor_bias,1,0.0,0.3884547695970575,,clean_2M
399,never_reached_object,sensor_bias,1,0.0,0.3884547695970575,,clean_2M
400,never_reached_object,sensor_bias,1,0.0,0.3884547695970575,,clean_2M
401,never_reached_object,sensor_bias,1,0.0,0.3884547695970575,,clean_2M
402,never_reached_object,sensor_bias,1,0.0,0.3884547695970575,,clean_2M
403,never_reached_object,sensor_bias,1,0.0,0.3884547695970575,,clean_2M
404,never_reached_object,sensor_bias,1,0.0,0.3884547695970575,,clean_2M
405,reached_but_failed_grasp,sensor_bias,1,0.0,0.3918509168480128,,clean_2M
406,never_reached_object,sensor_bias,1,0.0,0.3884547695970575,,clean_2M
407,never_reached_object,sensor_bias,1,0.0,0.3884547695970575,,clean_2M
408,reached_but_failed_grasp,sensor_bias,1,0.0,0.3809038993789826,,clean_2M
409,reached_but_failed_grasp,sensor_bias,1,0.0,0.3884547695970575,,clean_2M
410,reached_but_failed_grasp,sensor_bias,1,0.0,0.3858530620807649,,clean_2M
411,never_reached_object,sensor_bias,1,0.0,0.3884547695970575,,clean_2M
412,never_reached_object,sensor_bias,1,0.0,0.3739834957256201,,clean_2M
413,reached_but_failed_grasp,sensor_bias,1,0.0,0.99664809909527,,clean_2M
414,never_reached_object,sensor_bias,1,0.0,0.3884547695970575,,clean_2M
415,reached_but_failed_grasp,sensor_bias,1,0.0,0.435066516996349,,clean_2M
416,never_reached_object,sensor_bias,1,0.0,0.3884547695970575,,clean_2M
417,never_reached_object,sensor_bias,1,0.0,0.3884547695970575,,clean_2M
418,never_reached_object,sensor_bias,1,0.0,0.3884547695970575,,clean_2M
419,never_reached_object,sensor_bias,1,0.0,0.3884547695970575,,clean_2M
420,success,action_clipping,1,1.0,0.0387191250531471,63.0,clean_2M
421,success,action_clipping,1,1.0,0.0387191250531471,63.0,clean_2M
422,success,action_clipping,1,1.0,0.0387191250531471,63.0,clean_2M
423,success,action_clipping,1,1.0,0.0387191250531471,63.0,clean_2M
424,success,action_clipping,1,1.0,0.0387191250531471,63.0,clean_2M
425,success,action_clipping,1,1.0,0.0387191250531471,63.0,clean_2M
426,success,action_clipping,1,1.0,0.0387191250531471,63.0,clean_2M
427,success,action_clipping,1,1.0,0.0387191250531471,63.0,clean_2M
428,success,action_clipping,1,1.0,0.0387191250531471,63.0,clean_2M
429,success,action_clipping,1,1.0,0.0387191250531471,63.0,clean_2M
430,success,action_clipping,1,1.0,0.0387191250531471,63.0,clean_2M
431,success,action_clipping,1,1.0,0.0387191250531471,63.0,clean_2M
432,success,action_clipping,1,1.0,0.0387191250531471,63.0,clean_2M
433,success,action_clipping,1,1.0,0.0387191250531471,63.0,clean_2M
434,success,action_clipping,1,1.0,0.0387191250531471,63.0,clean_2M
435,success,action_clipping,1,1.0,0.0387191250531471,63.0,clean_2M
436,success,action_clipping,1,1.0,0.0387191250531471,63.0,clean_2M
437,success,action_clipping,1,1.0,0.0387191250531471,63.0,clean_2M
438,success,action_clipping,1,1.0,0.0387191250531471,63.0,clean_2M
439,success,action_clipping,1,1.0,0.0387191250531471,63.0,clean_2M
440,success,action_clipping,1,1.0,0.0387191250531471,63.0,clean_2M
441,success,action_clipping,1,1.0,0.0387191250531471,63.0,clean_2M
442,success,action_clipping,1,1.0,0.0387191250531471,63.0,clean_2M
443,success,action_clipping,1,1.0,0.0387191250531471,63.0,clean_2M
444,success,action_clipping,1,1.0,0.0387191250531471,63.0,clean_2M
445,success,action_clipping,1,1.0,0.0387191250531471,63.0,clean_2M
446,success,action_clipping,1,1.0,0.0387191250531471,63.0,clean_2M
447,success,action_clipping,1,1.0,0.0387191250531471,63.0,clean_2M
448,success,action_clipping,1,1.0,0.0387191250531471,63.0,clean_2M
449,success,action_clipping,1,1.0,0.0387191250531471,63.0,clean_2M
450,success,action_delay,1,1.0,0.0326542872880553,20.0,clean_2M
451,success,action_delay,1,1.0,0.0326542872880553,20.0,clean_2M
452,success,action_delay,1,1.0,0.0326542872880553,20.0,clean_2M
453,success,action_delay,1,1.0,0.0326542872880553,20.0,clean_2M
454,success,action_delay,1,1.0,0.0326542872880553,20.0,clean_2M
455,success,action_delay,1,1.0,0.0326542872880553,20.0,clean_2M
456,success,action_delay,1,1.0,0.0326542872880553,20.0,clean_2M
457,success,action_delay,1,1.0,0.0326542872880553,20.0,clean_2M
458,success,action_delay,1,1.0,0.0326542872880553,20.0,clean_2M
459,success,action_delay,1,1.0,0.0326542872880553,20.0,clean_2M
460,success,action_delay,1,1.0,0.0326542872880553,20.0,clean_2M
461,success,action_delay,1,1.0,0.0326542872880553,20.0,clean_2M
462,success,action_delay,1,1.0,0.0326542872880553,20.0,clean_2M
463,success,action_delay,1,1.0,0.0326542872880553,20.0,clean_2M
464,success,action_delay,1,1.0,0.0326542872880553,20.0,clean_2M
465,success,action_delay,1,1.0,0.0326542872880553,20.0,clean_2M
466,success,action_delay,1,1.0,0.0326542872880553,20.0,clean_2M
467,success,action_delay,1,1.0,0.0326542872880553,20.0,clean_2M
468,success,action_delay,1,1.0,0.0326542872880553,20.0,clean_2M
469,success,action_delay,1,1.0,0.0326542872880553,20.0,clean_2M
470,success,action_delay,1,1.0,0.0326542872880553,20.0,clean_2M
471,success,action_delay,1,1.0,0.0326542872880553,20.0,clean_2M
472,success,action_delay,1,1.0,0.0326542872880553,20.0,clean_2M
473,success,action_delay,1,1.0,0.0326542872880553,20.0,clean_2M
474,success,action_delay,1,1.0,0.0326542872880553,20.0,clean_2M
475,success,action_delay,1,1.0,0.0326542872880553,20.0,clean_2M
476,success,action_delay,1,1.0,0.0326542872880553,20.0,clean_2M
477,success,action_delay,1,1.0,0.0326542872880553,20.0,clean_2M
478,success,action_delay,1,1.0,0.0326542872880553,20.0,clean_2M
479,success,action_delay,1,1.0,0.0326542872880553,20.0,clean_2M
480,never_reached_object,action_reversal,1,0.0,0.3884547695970575,,clean_2M
481,never_reached_object,action_reversal,1,0.0,0.3884547695970575,,clean_2M
482,never_reached_object,action_reversal,1,0.0,0.3884547695970575,,clean_2M
483,never_reached_object,action_reversal,1,0.0,0.3884547695970575,,clean_2M
484,never_reached_object,action_reversal,1,0.0,0.3884547695970575,,clean_2M
485,never_reached_object,action_reversal,1,0.0,0.3884547695970575,,clean_2M
486,never_reached_object,action_reversal,1,0.0,0.3884547695970575,,clean_2M
487,never_reached_object,action_reversal,1,0.0,0.3884547695970575,,clean_2M
488,never_reached_object,action_reversal,1,0.0,0.3884547695970575,,clean_2M
489,never_reached_object,action_reversal,1,0.0,0.3884547695970575,,clean_2M
490,never_reached_object,action_reversal,1,0.0,0.3884547695970575,,clean_2M
491,never_reached_object,action_reversal,1,0.0,0.3884547695970575,,clean_2M
492,never_reached_object,action_reversal,1,0.0,0.3884547695970575,,clean_2M
493,never_reached_object,action_reversal,1,0.0,0.3884547695970575,,clean_2M
494,never_reached_object,action_reversal,1,0.0,0.3884547695970575,,clean_2M
495,never_reached_object,action_reversal,1,0.0,0.3884547695970575,,clean_2M
496,never_reached_object,action_reversal,1,0.0,0.3884547695970575,,clean_2M
497,never_reached_object,action_reversal,1,0.0,0.3884547695970575,,clean_2M
498,never_reached_object,action_reversal,1,0.0,0.3884547695970575,,clean_2M
499,never_reached_object,action_reversal,1,0.0,0.3884547695970575,,clean_2M
500,never_reached_object,action_reversal,1,0.0,0.3884547695970575,,clean_2M
501,never_reached_object,action_reversal,1,0.0,0.3884547695970575,,clean_2M
502,never_reached_object,action_reversal,1,0.0,0.3884547695970575,,clean_2M
503,never_reached_object,action_reversal,1,0.0,0.3884547695970575,,clean_2M
504,never_reached_object,action_reversal,1,0.0,0.3884547695970575,,clean_2M
505,never_reached_object,action_reversal,1,0.0,0.3884547695970575,,clean_2M
506,never_reached_object,action_reversal,1,0.0,0.3884547695970575,,clean_2M
507,never_reached_object,action_reversal,1,0.0,0.3884547695970575,,clean_2M
508,never_reached_object,action_reversal,1,0.0,0.3884547695970575,,clean_2M
509,never_reached_object,action_reversal,1,0.0,0.3884547695970575,,clean_2M
510,success,goal_spoof_immediate,1,1.0,0.049688837521265,16.0,clean_2M
511,spoofed_goal,goal_spoof_immediate,1,0.0,0.1414435659090238,,clean_2M
512,spoofed_goal,goal_spoof_immediate,1,0.0,0.0827032186498957,,clean_2M
513,spoofed_goal,goal_spoof_immediate,1,0.0,0.1071118332940461,,clean_2M
514,spoofed_goal,goal_spoof_immediate,1,0.0,0.0912348082388926,,clean_2M
515,spoofed_goal,goal_spoof_immediate,1,0.0,0.1051705892465753,,clean_2M
516,spoofed_goal,goal_spoof_immediate,1,0.0,0.1152328122404549,,clean_2M
517,success,goal_spoof_immediate,1,1.0,0.0498027370541626,18.0,clean_2M
518,spoofed_goal,goal_spoof_immediate,1,0.0,0.1298894807866639,,clean_2M
519,spoofed_goal,goal_spoof_immediate,1,0.0,0.115303941014946,,clean_2M
520,spoofed_goal,goal_spoof_immediate,1,0.0,0.1157964244754484,,clean_2M
521,spoofed_goal,goal_spoof_immediate,1,0.0,0.1099590332776117,,clean_2M
522,spoofed_goal,goal_spoof_immediate,1,0.0,0.1024969303200239,,clean_2M
523,spoofed_goal,goal_spoof_immediate,1,0.0,0.1448423987533484,,clean_2M
524,spoofed_goal,goal_spoof_immediate,1,0.0,0.1173891470690157,,clean_2M
525,spoofed_goal,goal_spoof_immediate,1,0.0,0.1421098164748772,,clean_2M
526,success,goal_spoof_immediate,1,1.0,0.047347086781183,16.0,clean_2M
527,spoofed_goal,goal_spoof_immediate,1,0.0,0.1074465578319203,,clean_2M
528,spoofed_goal,goal_spoof_immediate,1,0.0,0.122104311331494,,clean_2M
529,spoofed_goal,goal_spoof_immediate,1,0.0,0.0834169905903262,,clean_2M
530,spoofed_goal,goal_spoof_immediate,1,0.0,0.0797846246839017,,clean_2M
531,spoofed_goal,goal_spoof_immediate,1,0.0,0.0580542049225284,16.0,clean_2M
532,spoofed_goal,goal_spoof_immediate,1,0.0,0.1401293258191701,,clean_2M
533,spoofed_goal,goal_spoof_immediate,1,0.0,0.137895190489826,,clean_2M
534,spoofed_goal,goal_spoof_immediate,1,0.0,0.1325021561409252,,clean_2M
535,spoofed_goal,goal_spoof_immediate,1,0.0,0.106185307204238,,clean_2M
536,spoofed_goal,goal_spoof_immediate,1,0.0,0.1279343683588996,,clean_2M
537,spoofed_goal,goal_spoof_immediate,1,0.0,0.1608965188252581,,clean_2M
538,spoofed_goal,goal_spoof_immediate,1,0.0,0.0645618322843937,16.0,clean_2M
539,spoofed_goal,goal_spoof_immediate,1,0.0,0.1445292055729788,,clean_2M
540,spoofed_goal,goal_spoof_midep,1,0.0,0.1049731925021902,16.0,clean_2M
541,success,goal_spoof_midep,1,1.0,0.0162314133233493,16.0,clean_2M
542,spoofed_goal,goal_spoof_midep,1,0.0,0.1211389697183723,16.0,clean_2M
543,spoofed_goal,goal_spoof_midep,1,0.0,0.1272275906335076,16.0,clean_2M
544,spoofed_goal,goal_spoof_midep,1,0.0,0.0671494831480598,16.0,clean_2M
545,spoofed_goal,goal_spoof_midep,1,0.0,0.1080000067903654,16.0,clean_2M
546,spoofed_goal,goal_spoof_midep,1,0.0,0.1046758795831837,16.0,clean_2M
547,spoofed_goal,goal_spoof_midep,1,0.0,0.0529501967116531,16.0,clean_2M
548,spoofed_goal,goal_spoof_midep,1,0.0,0.0754241064551286,16.0,clean_2M
549,spoofed_goal,goal_spoof_midep,1,0.0,0.1424396182429435,16.0,clean_2M
550,spoofed_goal,goal_spoof_midep,1,0.0,0.1015724425286543,16.0,clean_2M
551,spoofed_goal,goal_spoof_midep,1,0.0,0.1305126379822613,16.0,clean_2M
552,spoofed_goal,goal_spoof_midep,1,0.0,0.1405254787888761,16.0,clean_2M
553,spoofed_goal,goal_spoof_midep,1,0.0,0.0951560731761405,16.0,clean_2M
554,spoofed_goal,goal_spoof_midep,1,0.0,0.1414248851874885,16.0,clean_2M
555,spoofed_goal,goal_spoof_midep,1,0.0,0.1099576158577105,16.0,clean_2M
556,spoofed_goal,goal_spoof_midep,1,0.0,0.0654185178378442,16.0,clean_2M
557,success,goal_spoof_midep,1,1.0,0.0416859138276015,16.0,clean_2M
558,spoofed_goal,goal_spoof_midep,1,0.0,0.0881860623676183,16.0,clean_2M
559,spoofed_goal,goal_spoof_midep,1,0.0,0.1305432464740708,16.0,clean_2M
560,spoofed_goal,goal_spoof_midep,1,0.0,0.1373204738199526,16.0,clean_2M
561,spoofed_goal,goal_spoof_midep,1,0.0,0.0761150375454447,16.0,clean_2M
562,spoofed_goal,goal_spoof_midep,1,0.0,0.0823229358699822,16.0,clean_2M
563,spoofed_goal,goal_spoof_midep,1,0.0,0.1433411626128356,16.0,clean_2M
564,spoofed_goal,goal_spoof_midep,1,0.0,0.1558516242867706,16.0,clean_2M
565,spoofed_goal,goal_spoof_midep,1,0.0,0.0629759060954698,16.0,clean_2M
566,success,goal_spoof_midep,1,1.0,0.0479927071297955,16.0,clean_2M
567,spoofed_goal,goal_spoof_midep,1,0.0,0.0848704518513953,16.0,clean_2M
568,spoofed_goal,goal_spoof_midep,1,0.0,0.1522760799788006,16.0,clean_2M
569,success,goal_spoof_midep,1,1.0,0.027079926602921,16.0,clean_2M
570,wrong_direction,object_pose_spoof,1,0.0,0.1092236297593487,,clean_2M
571,action_control_corruption,object_pose_spoof,1,0.0,0.0531775665357345,16.0,clean_2M
572,action_control_corruption,object_pose_spoof,1,0.0,0.0640888527412951,,clean_2M
573,action_control_corruption,object_pose_spoof,1,0.0,0.1109667172670923,,clean_2M
574,action_control_corruption,object_pose_spoof,1,0.0,0.2054664264289101,,clean_2M
575,reached_but_failed_grasp,object_pose_spoof,1,0.0,0.3863131403237296,,clean_2M
576,wrong_direction,object_pose_spoof,1,0.0,0.0567607867395047,16.0,clean_2M
577,wrong_direction,object_pose_spoof,1,0.0,0.0665091830952009,,clean_2M
578,action_control_corruption,object_pose_spoof,1,0.0,0.1012511684049995,,clean_2M
579,wrong_direction,object_pose_spoof,1,0.0,0.0809902151774965,,clean_2M
580,success,object_pose_spoof,1,1.0,0.0472681588235899,18.0,clean_2M
581,wrong_direction,object_pose_spoof,1,0.0,0.0895660389939148,,clean_2M
582,success,object_pose_spoof,1,1.0,0.0130826536368833,18.0,clean_2M
583,wrong_direction,object_pose_spoof,1,0.0,0.0858310102518506,,clean_2M
584,wrong_direction,object_pose_spoof,1,0.0,0.1340737718275481,,clean_2M
585,grasped_but_dropped,object_pose_spoof,1,0.0,0.2697379095563316,,clean_2M
586,reached_but_failed_grasp,object_pose_spoof,1,0.0,0.3884547695970575,,clean_2M
587,action_control_corruption,object_pose_spoof,1,0.0,0.0886875292534489,,clean_2M
588,action_control_corruption,object_pose_spoof,1,0.0,0.0581259800199773,,clean_2M
589,success,object_pose_spoof,1,1.0,0.0387757995857145,16.0,clean_2M
590,wrong_direction,object_pose_spoof,1,0.0,0.064998960339318,,clean_2M
591,grasped_but_dropped,object_pose_spoof,1,0.0,0.0743788181409717,,clean_2M
592,wrong_direction,object_pose_spoof,1,0.0,0.0849229829427871,,clean_2M
593,wrong_direction,object_pose_spoof,1,0.0,0.0869268444671745,,clean_2M
594,grasped_but_dropped,object_pose_spoof,1,0.0,0.3795300761027243,,clean_2M
595,action_control_corruption,object_pose_spoof,1,0.0,0.0778920466351283,,clean_2M
596,action_control_corruption,object_pose_spoof,1,0.0,0.0598033328679219,20.0,clean_2M
597,action_control_corruption,object_pose_spoof,1,0.0,0.115440962493547,,clean_2M
598,action_control_corruption,object_pose_spoof,1,0.0,0.0501544162345611,21.0,clean_2M
599,wrong_direction,object_pose_spoof,1,0.0,0.0602242610740189,,clean_2M
600,never_reached_object,grip_state_falsification,1,0.0,0.3884547695970575,,clean_2M
601,never_reached_object,grip_state_falsification,1,0.0,0.3884547695970575,,clean_2M
602,never_reached_object,grip_state_falsification,1,0.0,0.3884547695970575,,clean_2M
603,never_reached_object,grip_state_falsification,1,0.0,0.3884547695970575,,clean_2M
604,never_reached_object,grip_state_falsification,1,0.0,0.3884547695970575,,clean_2M
605,never_reached_object,grip_state_falsification,1,0.0,0.3884547695970575,,clean_2M
606,never_reached_object,grip_state_falsification,1,0.0,0.3884547695970575,,clean_2M
607,never_reached_object,grip_state_falsification,1,0.0,0.3884547695970575,,clean_2M
608,never_reached_object,grip_state_falsification,1,0.0,0.3884547695970575,,clean_2M
609,never_reached_object,grip_state_falsification,1,0.0,0.3884547695970575,,clean_2M
610,never_reached_object,grip_state_falsification,1,0.0,0.3884547695970575,,clean_2M
611,never_reached_object,grip_state_falsification,1,0.0,0.3884547695970575,,clean_2M
612,never_reached_object,grip_state_falsification,1,0.0,0.3884547695970575,,clean_2M
613,never_reached_object,grip_state_falsification,1,0.0,0.3884547695970575,,clean_2M
614,never_reached_object,grip_state_falsification,1,0.0,0.3884547695970575,,clean_2M
615,never_reached_object,grip_state_falsification,1,0.0,0.3884547695970575,,clean_2M
616,never_reached_object,grip_state_falsification,1,0.0,0.3884547695970575,,clean_2M
617,never_reached_object,grip_state_falsification,1,0.0,0.3884547695970575,,clean_2M
618,never_reached_object,grip_state_falsification,1,0.0,0.3884547695970575,,clean_2M
619,never_reached_object,grip_state_falsification,1,0.0,0.3884547695970575,,clean_2M
620,never_reached_object,grip_state_falsification,1,0.0,0.3884547695970575,,clean_2M
621,never_reached_object,grip_state_falsification,1,0.0,0.3884547695970575,,clean_2M
622,never_reached_object,grip_state_falsification,1,0.0,0.3884547695970575,,clean_2M
623,never_reached_object,grip_state_falsification,1,0.0,0.3884547695970575,,clean_2M
624,never_reached_object,grip_state_falsification,1,0.0,0.3884547695970575,,clean_2M
625,never_reached_object,grip_state_falsification,1,0.0,0.3884547695970575,,clean_2M
626,never_reached_object,grip_state_falsification,1,0.0,0.3884547695970575,,clean_2M
627,never_reached_object,grip_state_falsification,1,0.0,0.3884547695970575,,clean_2M
628,never_reached_object,grip_state_falsification,1,0.0,0.3884547695970575,,clean_2M
629,never_reached_object,grip_state_falsification,1,0.0,0.3884547695970575,,clean_2M
630,never_reached_object,contact_dropout,1,0.0,0.3884547695970575,,clean_2M
631,never_reached_object,contact_dropout,1,0.0,0.3884547695970575,,clean_2M
632,never_reached_object,contact_dropout,1,0.0,0.3884547695970575,,clean_2M
633,never_reached_object,contact_dropout,1,0.0,0.3884547695970575,,clean_2M
634,never_reached_object,contact_dropout,1,0.0,0.3884547695970575,,clean_2M
635,never_reached_object,contact_dropout,1,0.0,0.3884547695970575,,clean_2M
636,never_reached_object,contact_dropout,1,0.0,0.3884547695970575,,clean_2M
637,never_reached_object,contact_dropout,1,0.0,0.3884547695970575,,clean_2M
638,never_reached_object,contact_dropout,1,0.0,0.3884547695970575,,clean_2M
639,never_reached_object,contact_dropout,1,0.0,0.3884547695970575,,clean_2M
640,never_reached_object,contact_dropout,1,0.0,0.3884547695970575,,clean_2M
641,never_reached_object,contact_dropout,1,0.0,0.3884547695970575,,clean_2M
642,never_reached_object,contact_dropout,1,0.0,0.3884547695970575,,clean_2M
643,never_reached_object,contact_dropout,1,0.0,0.3884547695970575,,clean_2M
644,never_reached_object,contact_dropout,1,0.0,0.3884547695970575,,clean_2M
645,never_reached_object,contact_dropout,1,0.0,0.3884547695970575,,clean_2M
646,never_reached_object,contact_dropout,1,0.0,0.3884547695970575,,clean_2M
647,never_reached_object,contact_dropout,1,0.0,0.3884547695970575,,clean_2M
648,never_reached_object,contact_dropout,1,0.0,0.3884547695970575,,clean_2M
649,never_reached_object,contact_dropout,1,0.0,0.3884547695970575,,clean_2M
650,never_reached_object,contact_dropout,1,0.0,0.3884547695970575,,clean_2M
651,never_reached_object,contact_dropout,1,0.0,0.3884547695970575,,clean_2M
652,never_reached_object,contact_dropout,1,0.0,0.3884547695970575,,clean_2M
653,never_reached_object,contact_dropout,1,0.0,0.3884547695970575,,clean_2M
654,never_reached_object,contact_dropout,1,0.0,0.3884547695970575,,clean_2M
655,never_reached_object,contact_dropout,1,0.0,0.3884547695970575,,clean_2M
656,never_reached_object,contact_dropout,1,0.0,0.3884547695970575,,clean_2M
657,never_reached_object,contact_dropout,1,0.0,0.3884547695970575,,clean_2M
658,never_reached_object,contact_dropout,1,0.0,0.3884547695970575,,clean_2M
659,never_reached_object,contact_dropout,1,0.0,0.3884547695970575,,clean_2M
660,success,clean,2,1.0,0.0096784710835269,8.0,clean_2M
661,success,clean,2,1.0,0.0096784710835269,8.0,clean_2M
662,success,clean,2,1.0,0.0096784710835269,8.0,clean_2M
663,success,clean,2,1.0,0.0096784710835269,8.0,clean_2M
664,success,clean,2,1.0,0.0096784710835269,8.0,clean_2M
665,success,clean,2,1.0,0.0096784710835269,8.0,clean_2M
666,success,clean,2,1.0,0.0096784710835269,8.0,clean_2M
667,success,clean,2,1.0,0.0096784710835269,8.0,clean_2M
668,success,clean,2,1.0,0.0096784710835269,8.0,clean_2M
669,success,clean,2,1.0,0.0096784710835269,8.0,clean_2M
670,success,clean,2,1.0,0.0096784710835269,8.0,clean_2M
671,success,clean,2,1.0,0.0096784710835269,8.0,clean_2M
672,success,clean,2,1.0,0.0096784710835269,8.0,clean_2M
673,success,clean,2,1.0,0.0096784710835269,8.0,clean_2M
674,success,clean,2,1.0,0.0096784710835269,8.0,clean_2M
675,success,clean,2,1.0,0.0096784710835269,8.0,clean_2M
676,success,clean,2,1.0,0.0096784710835269,8.0,clean_2M
677,success,clean,2,1.0,0.0096784710835269,8.0,clean_2M
678,success,clean,2,1.0,0.0096784710835269,8.0,clean_2M
679,success,clean,2,1.0,0.0096784710835269,8.0,clean_2M
680,success,clean,2,1.0,0.0096784710835269,8.0,clean_2M
681,success,clean,2,1.0,0.0096784710835269,8.0,clean_2M
682,success,clean,2,1.0,0.0096784710835269,8.0,clean_2M
683,success,clean,2,1.0,0.0096784710835269,8.0,clean_2M
684,success,clean,2,1.0,0.0096784710835269,8.0,clean_2M
685,success,clean,2,1.0,0.0096784710835269,8.0,clean_2M
686,success,clean,2,1.0,0.0096784710835269,8.0,clean_2M
687,success,clean,2,1.0,0.0096784710835269,8.0,clean_2M
688,success,clean,2,1.0,0.0096784710835269,8.0,clean_2M
689,success,clean,2,1.0,0.0096784710835269,8.0,clean_2M
690,never_reached_object,sensor_dropout,2,0.0,0.2364647540081676,,clean_2M
691,never_reached_object,sensor_dropout,2,0.0,0.2364647540081676,,clean_2M
692,never_reached_object,sensor_dropout,2,0.0,0.2364647540081676,,clean_2M
693,never_reached_object,sensor_dropout,2,0.0,0.2364647540081676,,clean_2M
694,never_reached_object,sensor_dropout,2,0.0,0.2364647540081676,,clean_2M
695,never_reached_object,sensor_dropout,2,0.0,0.2364647540081676,,clean_2M
696,never_reached_object,sensor_dropout,2,0.0,0.2364647540081676,,clean_2M
697,never_reached_object,sensor_dropout,2,0.0,0.2364647540081676,,clean_2M
698,never_reached_object,sensor_dropout,2,0.0,0.2364647540081676,,clean_2M
699,never_reached_object,sensor_dropout,2,0.0,0.2364647540081676,,clean_2M
700,never_reached_object,sensor_dropout,2,0.0,0.2364647540081676,,clean_2M
701,never_reached_object,sensor_dropout,2,0.0,0.2364647540081676,,clean_2M
702,never_reached_object,sensor_dropout,2,0.0,0.2364647540081676,,clean_2M
703,never_reached_object,sensor_dropout,2,0.0,0.2364647540081676,,clean_2M
704,never_reached_object,sensor_dropout,2,0.0,0.2364647540081676,,clean_2M
705,never_reached_object,sensor_dropout,2,0.0,0.2364647540081676,,clean_2M
706,never_reached_object,sensor_dropout,2,0.0,0.2364647540081676,,clean_2M
707,never_reached_object,sensor_dropout,2,0.0,0.2364647540081676,,clean_2M
708,never_reached_object,sensor_dropout,2,0.0,0.2364647540081676,,clean_2M
709,never_reached_object,sensor_dropout,2,0.0,0.2364647540081676,,clean_2M
710,never_reached_object,sensor_dropout,2,0.0,0.2364647540081676,,clean_2M
711,never_reached_object,sensor_dropout,2,0.0,0.2364647540081676,,clean_2M
712,never_reached_object,sensor_dropout,2,0.0,0.2364647540081676,,clean_2M
713,never_reached_object,sensor_dropout,2,0.0,0.2364647540081676,,clean_2M
714,never_reached_object,sensor_dropout,2,0.0,0.2364647540081676,,clean_2M
715,never_reached_object,sensor_dropout,2,0.0,0.2364647540081676,,clean_2M
716,never_reached_object,sensor_dropout,2,0.0,0.2364647540081676,,clean_2M
717,never_reached_object,sensor_dropout,2,0.0,0.2364647540081676,,clean_2M
718,never_reached_object,sensor_dropout,2,0.0,0.2364647540081676,,clean_2M
719,never_reached_object,sensor_dropout,2,0.0,0.2364647540081676,,clean_2M
720,never_reached_object,sensor_bias,2,0.0,0.2364647540081676,,clean_2M
721,never_reached_object,sensor_bias,2,0.0,0.2364647540081676,,clean_2M
722,never_reached_object,sensor_bias,2,0.0,0.2364647540081676,,clean_2M
723,never_reached_object,sensor_bias,2,0.0,0.2364647540081676,,clean_2M
724,never_reached_object,sensor_bias,2,0.0,0.2364647540081676,,clean_2M
725,reached_but_failed_grasp,sensor_bias,2,0.0,0.2143666798452123,,clean_2M
726,never_reached_object,sensor_bias,2,0.0,0.2364647540081676,,clean_2M
727,never_reached_object,sensor_bias,2,0.0,0.2364647540081676,,clean_2M
728,never_reached_object,sensor_bias,2,0.0,0.2364647540081676,,clean_2M
729,never_reached_object,sensor_bias,2,0.0,0.2364647540081676,,clean_2M
730,never_reached_object,sensor_bias,2,0.0,0.2364647540081676,,clean_2M
731,never_reached_object,sensor_bias,2,0.0,0.2364647540081676,,clean_2M
732,never_reached_object,sensor_bias,2,0.0,0.2364647540081676,,clean_2M
733,never_reached_object,sensor_bias,2,0.0,0.2364647540081676,,clean_2M
734,reached_but_failed_grasp,sensor_bias,2,0.0,0.303541890849773,,clean_2M
735,never_reached_object,sensor_bias,2,0.0,0.2364647540081676,,clean_2M
736,never_reached_object,sensor_bias,2,0.0,0.2364647540081676,,clean_2M
737,never_reached_object,sensor_bias,2,0.0,0.2364647540081676,,clean_2M
738,reached_but_failed_grasp,sensor_bias,2,0.0,0.134955924265161,,clean_2M
739,never_reached_object,sensor_bias,2,0.0,0.2364647540081676,,clean_2M
740,never_reached_object,sensor_bias,2,0.0,0.2364647540081676,,clean_2M
741,never_reached_object,sensor_bias,2,0.0,0.2364647540081676,,clean_2M
742,never_reached_object,sensor_bias,2,0.0,0.2364647540081676,,clean_2M
743,never_reached_object,sensor_bias,2,0.0,0.2364647540081676,,clean_2M
744,grasped_but_dropped,sensor_bias,2,0.0,0.6138770147196843,,clean_2M
745,wrong_direction,sensor_bias,2,0.0,0.1696685090204142,,clean_2M
746,never_reached_object,sensor_bias,2,0.0,0.2364647540081676,,clean_2M
747,never_reached_object,sensor_bias,2,0.0,0.2364647540081676,,clean_2M
748,reached_but_failed_grasp,sensor_bias,2,0.0,0.6434708539552543,,clean_2M
749,reached_but_failed_grasp,sensor_bias,2,0.0,0.2364647540081676,,clean_2M
750,success,action_clipping,2,1.0,0.0144980874344642,27.0,clean_2M
751,success,action_clipping,2,1.0,0.0144980874344642,27.0,clean_2M
752,success,action_clipping,2,1.0,0.0144980874344642,27.0,clean_2M
753,success,action_clipping,2,1.0,0.0144980874344642,27.0,clean_2M
754,success,action_clipping,2,1.0,0.0144980874344642,27.0,clean_2M
755,success,action_clipping,2,1.0,0.0144980874344642,27.0,clean_2M
756,success,action_clipping,2,1.0,0.0144980874344642,27.0,clean_2M
757,success,action_clipping,2,1.0,0.0144980874344642,27.0,clean_2M
758,success,action_clipping,2,1.0,0.0144980874344642,27.0,clean_2M
759,success,action_clipping,2,1.0,0.0144980874344642,27.0,clean_2M
760,success,action_clipping,2,1.0,0.0144980874344642,27.0,clean_2M
761,success,action_clipping,2,1.0,0.0144980874344642,27.0,clean_2M
762,success,action_clipping,2,1.0,0.0144980874344642,27.0,clean_2M
763,success,action_clipping,2,1.0,0.0144980874344642,27.0,clean_2M
764,success,action_clipping,2,1.0,0.0144980874344642,27.0,clean_2M
765,success,action_clipping,2,1.0,0.0144980874344642,27.0,clean_2M
766,success,action_clipping,2,1.0,0.0144980874344642,27.0,clean_2M
767,success,action_clipping,2,1.0,0.0144980874344642,27.0,clean_2M
768,success,action_clipping,2,1.0,0.0144980874344642,27.0,clean_2M
769,success,action_clipping,2,1.0,0.0144980874344642,27.0,clean_2M
770,success,action_clipping,2,1.0,0.0144980874344642,27.0,clean_2M
771,success,action_clipping,2,1.0,0.0144980874344642,27.0,clean_2M
772,success,action_clipping,2,1.0,0.0144980874344642,27.0,clean_2M
773,success,action_clipping,2,1.0,0.0144980874344642,27.0,clean_2M
774,success,action_clipping,2,1.0,0.0144980874344642,27.0,clean_2M
775,success,action_clipping,2,1.0,0.0144980874344642,27.0,clean_2M
776,success,action_clipping,2,1.0,0.0144980874344642,27.0,clean_2M
777,success,action_clipping,2,1.0,0.0144980874344642,27.0,clean_2M
778,success,action_clipping,2,1.0,0.0144980874344642,27.0,clean_2M
779,success,action_clipping,2,1.0,0.0144980874344642,27.0,clean_2M
780,success,action_delay,2,1.0,0.0306254589474247,12.0,clean_2M
781,success,action_delay,2,1.0,0.0306254589474247,12.0,clean_2M
782,success,action_delay,2,1.0,0.0306254589474247,12.0,clean_2M
783,success,action_delay,2,1.0,0.0306254589474247,12.0,clean_2M
784,success,action_delay,2,1.0,0.0306254589474247,12.0,clean_2M
785,success,action_delay,2,1.0,0.0306254589474247,12.0,clean_2M
786,success,action_delay,2,1.0,0.0306254589474247,12.0,clean_2M
787,success,action_delay,2,1.0,0.0306254589474247,12.0,clean_2M
788,success,action_delay,2,1.0,0.0306254589474247,12.0,clean_2M
789,success,action_delay,2,1.0,0.0306254589474247,12.0,clean_2M
790,success,action_delay,2,1.0,0.0306254589474247,12.0,clean_2M
791,success,action_delay,2,1.0,0.0306254589474247,12.0,clean_2M
792,success,action_delay,2,1.0,0.0306254589474247,12.0,clean_2M
793,success,action_delay,2,1.0,0.0306254589474247,12.0,clean_2M
794,success,action_delay,2,1.0,0.0306254589474247,12.0,clean_2M
795,success,action_delay,2,1.0,0.0306254589474247,12.0,clean_2M
796,success,action_delay,2,1.0,0.0306254589474247,12.0,clean_2M
797,success,action_delay,2,1.0,0.0306254589474247,12.0,clean_2M
798,success,action_delay,2,1.0,0.0306254589474247,12.0,clean_2M
799,success,action_delay,2,1.0,0.0306254589474247,12.0,clean_2M
800,success,action_delay,2,1.0,0.0306254589474247,12.0,clean_2M
801,success,action_delay,2,1.0,0.0306254589474247,12.0,clean_2M
802,success,action_delay,2,1.0,0.0306254589474247,12.0,clean_2M
803,success,action_delay,2,1.0,0.0306254589474247,12.0,clean_2M
804,success,action_delay,2,1.0,0.0306254589474247,12.0,clean_2M
805,success,action_delay,2,1.0,0.0306254589474247,12.0,clean_2M
806,success,action_delay,2,1.0,0.0306254589474247,12.0,clean_2M
807,success,action_delay,2,1.0,0.0306254589474247,12.0,clean_2M
808,success,action_delay,2,1.0,0.0306254589474247,12.0,clean_2M
809,success,action_delay,2,1.0,0.0306254589474247,12.0,clean_2M
810,never_reached_object,action_reversal,2,0.0,0.2364647540081676,,clean_2M
811,never_reached_object,action_reversal,2,0.0,0.2364647540081676,,clean_2M
812,never_reached_object,action_reversal,2,0.0,0.2364647540081676,,clean_2M
813,never_reached_object,action_reversal,2,0.0,0.2364647540081676,,clean_2M
814,never_reached_object,action_reversal,2,0.0,0.2364647540081676,,clean_2M
815,never_reached_object,action_reversal,2,0.0,0.2364647540081676,,clean_2M
816,never_reached_object,action_reversal,2,0.0,0.2364647540081676,,clean_2M
817,never_reached_object,action_reversal,2,0.0,0.2364647540081676,,clean_2M
818,never_reached_object,action_reversal,2,0.0,0.2364647540081676,,clean_2M
819,never_reached_object,action_reversal,2,0.0,0.2364647540081676,,clean_2M
820,never_reached_object,action_reversal,2,0.0,0.2364647540081676,,clean_2M
821,never_reached_object,action_reversal,2,0.0,0.2364647540081676,,clean_2M
822,never_reached_object,action_reversal,2,0.0,0.2364647540081676,,clean_2M
823,never_reached_object,action_reversal,2,0.0,0.2364647540081676,,clean_2M
824,never_reached_object,action_reversal,2,0.0,0.2364647540081676,,clean_2M
825,never_reached_object,action_reversal,2,0.0,0.2364647540081676,,clean_2M
826,never_reached_object,action_reversal,2,0.0,0.2364647540081676,,clean_2M
827,never_reached_object,action_reversal,2,0.0,0.2364647540081676,,clean_2M
828,never_reached_object,action_reversal,2,0.0,0.2364647540081676,,clean_2M
829,never_reached_object,action_reversal,2,0.0,0.2364647540081676,,clean_2M
830,never_reached_object,action_reversal,2,0.0,0.2364647540081676,,clean_2M
831,never_reached_object,action_reversal,2,0.0,0.2364647540081676,,clean_2M
832,never_reached_object,action_reversal,2,0.0,0.2364647540081676,,clean_2M
833,never_reached_object,action_reversal,2,0.0,0.2364647540081676,,clean_2M
834,never_reached_object,action_reversal,2,0.0,0.2364647540081676,,clean_2M
835,never_reached_object,action_reversal,2,0.0,0.2364647540081676,,clean_2M
836,never_reached_object,action_reversal,2,0.0,0.2364647540081676,,clean_2M
837,never_reached_object,action_reversal,2,0.0,0.2364647540081676,,clean_2M
838,never_reached_object,action_reversal,2,0.0,0.2364647540081676,,clean_2M
839,never_reached_object,action_reversal,2,0.0,0.2364647540081676,,clean_2M
840,success,goal_spoof_immediate,2,1.0,0.0470589590313032,9.0,clean_2M
841,spoofed_goal,goal_spoof_immediate,2,0.0,0.0975127826373476,,clean_2M
842,spoofed_goal,goal_spoof_immediate,2,0.0,0.131063027209318,,clean_2M
843,spoofed_goal,goal_spoof_immediate,2,0.0,0.1340202501978025,,clean_2M
844,spoofed_goal,goal_spoof_immediate,2,0.0,0.1164831470063296,,clean_2M
845,spoofed_goal,goal_spoof_immediate,2,0.0,0.1067932508316711,,clean_2M
846,spoofed_goal,goal_spoof_immediate,2,0.0,0.0807813993947091,,clean_2M
847,spoofed_goal,goal_spoof_immediate,2,0.0,0.1109414917927102,,clean_2M
848,spoofed_goal,goal_spoof_immediate,2,0.0,0.0791140276082978,9.0,clean_2M
849,spoofed_goal,goal_spoof_immediate,2,0.0,0.0935786977480318,,clean_2M
850,spoofed_goal,goal_spoof_immediate,2,0.0,0.1329389181917648,,clean_2M
851,spoofed_goal,goal_spoof_immediate,2,0.0,0.0796706874160618,,clean_2M
852,spoofed_goal,goal_spoof_immediate,2,0.0,0.1369763247940439,,clean_2M
853,spoofed_goal,goal_spoof_immediate,2,0.0,0.1131253512741707,,clean_2M
854,spoofed_goal,goal_spoof_immediate,2,0.0,0.0632114659703711,,clean_2M
855,spoofed_goal,goal_spoof_immediate,2,0.0,0.0660401214296139,9.0,clean_2M
856,spoofed_goal,goal_spoof_immediate,2,0.0,0.0665330321175783,,clean_2M
857,spoofed_goal,goal_spoof_immediate,2,0.0,0.1662356691580767,,clean_2M
858,success,goal_spoof_immediate,2,1.0,0.0498439497298532,12.0,clean_2M
859,spoofed_goal,goal_spoof_immediate,2,0.0,0.0940629184008045,,clean_2M
860,spoofed_goal,goal_spoof_immediate,2,0.0,0.0892366378740274,9.0,clean_2M
861,spoofed_goal,goal_spoof_immediate,2,0.0,0.0994927376109216,8.0,clean_2M
862,spoofed_goal,goal_spoof_immediate,2,0.0,0.1359829987438515,,clean_2M
863,spoofed_goal,goal_spoof_immediate,2,0.0,0.0613888840591095,,clean_2M
864,spoofed_goal,goal_spoof_immediate,2,0.0,0.1164676461277048,,clean_2M
865,spoofed_goal,goal_spoof_immediate,2,0.0,0.1151116532848659,,clean_2M
866,success,goal_spoof_immediate,2,1.0,0.0463153817320359,15.0,clean_2M
867,spoofed_goal,goal_spoof_immediate,2,0.0,0.1150963091159551,,clean_2M
868,spoofed_goal,goal_spoof_immediate,2,0.0,0.0572374988589609,8.0,clean_2M
869,spoofed_goal,goal_spoof_immediate,2,0.0,0.1244290675487772,,clean_2M
870,spoofed_goal,goal_spoof_midep,2,0.0,0.1410346936122259,8.0,clean_2M
871,spoofed_goal,goal_spoof_midep,2,0.0,0.096183452100822,8.0,clean_2M
872,spoofed_goal,goal_spoof_midep,2,0.0,0.1322554350529456,8.0,clean_2M
873,spoofed_goal,goal_spoof_midep,2,0.0,0.1523592282191175,8.0,clean_2M
874,spoofed_goal,goal_spoof_midep,2,0.0,0.1169762433554684,8.0,clean_2M
875,spoofed_goal,goal_spoof_midep,2,0.0,0.0883737159873508,8.0,clean_2M
876,spoofed_goal,goal_spoof_midep,2,0.0,0.1050199824771,8.0,clean_2M
877,spoofed_goal,goal_spoof_midep,2,0.0,0.12144249204402,8.0,clean_2M
878,spoofed_goal,goal_spoof_midep,2,0.0,0.1161662317266039,8.0,clean_2M
879,spoofed_goal,goal_spoof_midep,2,0.0,0.0782959667068997,8.0,clean_2M
880,spoofed_goal,goal_spoof_midep,2,0.0,0.0892226823666122,8.0,clean_2M
881,spoofed_goal,goal_spoof_midep,2,0.0,0.0971978009363039,8.0,clean_2M
882,spoofed_goal,goal_spoof_midep,2,0.0,0.1300453894225353,8.0,clean_2M
883,spoofed_goal,goal_spoof_midep,2,0.0,0.1365730123670003,8.0,clean_2M
884,spoofed_goal,goal_spoof_midep,2,0.0,0.1106543964109844,8.0,clean_2M
885,spoofed_goal,goal_spoof_midep,2,0.0,0.1369667575449657,8.0,clean_2M
886,spoofed_goal,goal_spoof_midep,2,0.0,0.1017098245719745,8.0,clean_2M
887,spoofed_goal,goal_spoof_midep,2,0.0,0.1118312748436447,8.0,clean_2M
888,success,goal_spoof_midep,2,1.0,0.0435465607148676,8.0,clean_2M
889,spoofed_goal,goal_spoof_midep,2,0.0,0.0670978380607117,8.0,clean_2M
890,spoofed_goal,goal_spoof_midep,2,0.0,0.0994717953392648,8.0,clean_2M
891,spoofed_goal,goal_spoof_midep,2,0.0,0.1227597221054706,8.0,clean_2M
892,spoofed_goal,goal_spoof_midep,2,0.0,0.1453884981621891,8.0,clean_2M
893,spoofed_goal,goal_spoof_midep,2,0.0,0.1455379219531674,8.0,clean_2M
894,spoofed_goal,goal_spoof_midep,2,0.0,0.0664963772195282,8.0,clean_2M
895,spoofed_goal,goal_spoof_midep,2,0.0,0.0834024170189429,8.0,clean_2M
896,spoofed_goal,goal_spoof_midep,2,0.0,0.1062904925094104,8.0,clean_2M
897,spoofed_goal,goal_spoof_midep,2,0.0,0.0913116833706221,8.0,clean_2M
898,spoofed_goal,goal_spoof_midep,2,0.0,0.0876704794701376,8.0,clean_2M
899,spoofed_goal,goal_spoof_midep,2,0.0,0.0776071402388472,8.0,clean_2M
900,action_control_corruption,object_pose_spoof,2,0.0,0.0670196282179389,9.0,clean_2M
901,wrong_direction,object_pose_spoof,2,0.0,0.1076591311263673,,clean_2M
902,wrong_direction,object_pose_spoof,2,0.0,0.0579173294802733,8.0,clean_2M
903,wrong_direction,object_pose_spoof,2,0.0,0.084072098642865,,clean_2M
904,action_control_corruption,object_pose_spoof,2,0.0,0.0742739080395495,9.0,clean_2M
905,success,object_pose_spoof,2,1.0,0.0458673936986149,9.0,clean_2M
906,success,object_pose_spoof,2,1.0,0.0491072032225082,14.0,clean_2M
907,action_control_corruption,object_pose_spoof,2,0.0,0.0625065056914191,,clean_2M
908,success,object_pose_spoof,2,1.0,0.0322319052740555,9.0,clean_2M
909,wrong_direction,object_pose_spoof,2,0.0,0.0588519247456842,,clean_2M
910,wrong_direction,object_pose_spoof,2,0.0,0.0543342552791871,9.0,clean_2M
911,wrong_direction,object_pose_spoof,2,0.0,0.0719094990269698,,clean_2M
912,wrong_direction,object_pose_spoof,2,0.0,0.0530639343293085,8.0,clean_2M
913,success,object_pose_spoof,2,1.0,0.0402728710993371,9.0,clean_2M
914,action_control_corruption,object_pose_spoof,2,0.0,0.1053540215046779,,clean_2M
915,action_control_corruption,object_pose_spoof,2,0.0,0.0792836481763207,,clean_2M
916,wrong_direction,object_pose_spoof,2,0.0,0.0553860559538805,,clean_2M
917,wrong_direction,object_pose_spoof,2,0.0,0.0692907201787269,,clean_2M
918,action_control_corruption,object_pose_spoof,2,0.0,0.1003284790223265,,clean_2M
919,wrong_direction,object_pose_spoof,2,0.0,0.0664141064172358,9.0,clean_2M
920,wrong_direction,object_pose_spoof,2,0.0,0.0712069292680685,,clean_2M
921,wrong_direction,object_pose_spoof,2,0.0,0.0744148644841,,clean_2M
922,action_control_corruption,object_pose_spoof,2,0.0,0.0763857134467896,9.0,clean_2M
923,action_control_corruption,object_pose_spoof,2,0.0,0.1065934440984732,,clean_2M
924,wrong_direction,object_pose_spoof,2,0.0,0.0821108989746438,,clean_2M
925,action_control_corruption,object_pose_spoof,2,0.0,0.0725445797730236,,clean_2M
926,wrong_direction,object_pose_spoof,2,0.0,0.0663383600630683,9.0,clean_2M
927,action_control_corruption,object_pose_spoof,2,0.0,0.0768400167772689,,clean_2M
928,wrong_direction,object_pose_spoof,2,0.0,0.0563191930204781,,clean_2M
929,action_control_corruption,object_pose_spoof,2,0.0,0.0895214815490935,,clean_2M
930,reached_but_failed_grasp,grip_state_falsification,2,0.0,0.236402489813465,,clean_2M
931,reached_but_failed_grasp,grip_state_falsification,2,0.0,0.236402489813465,,clean_2M
932,reached_but_failed_grasp,grip_state_falsification,2,0.0,0.236402489813465,,clean_2M
933,reached_but_failed_grasp,grip_state_falsification,2,0.0,0.236402489813465,,clean_2M
934,reached_but_failed_grasp,grip_state_falsification,2,0.0,0.236402489813465,,clean_2M
935,reached_but_failed_grasp,grip_state_falsification,2,0.0,0.236402489813465,,clean_2M
936,reached_but_failed_grasp,grip_state_falsification,2,0.0,0.236402489813465,,clean_2M
937,reached_but_failed_grasp,grip_state_falsification,2,0.0,0.236402489813465,,clean_2M
938,reached_but_failed_grasp,grip_state_falsification,2,0.0,0.236402489813465,,clean_2M
939,reached_but_failed_grasp,grip_state_falsification,2,0.0,0.236402489813465,,clean_2M
940,reached_but_failed_grasp,grip_state_falsification,2,0.0,0.236402489813465,,clean_2M
941,reached_but_failed_grasp,grip_state_falsification,2,0.0,0.236402489813465,,clean_2M
942,reached_but_failed_grasp,grip_state_falsification,2,0.0,0.236402489813465,,clean_2M
943,reached_but_failed_grasp,grip_state_falsification,2,0.0,0.236402489813465,,clean_2M
944,reached_but_failed_grasp,grip_state_falsification,2,0.0,0.236402489813465,,clean_2M
945,reached_but_failed_grasp,grip_state_falsification,2,0.0,0.236402489813465,,clean_2M
946,reached_but_failed_grasp,grip_state_falsification,2,0.0,0.236402489813465,,clean_2M
947,reached_but_failed_grasp,grip_state_falsification,2,0.0,0.236402489813465,,clean_2M
948,reached_but_failed_grasp,grip_state_falsification,2,0.0,0.236402489813465,,clean_2M
949,reached_but_failed_grasp,grip_state_falsification,2,0.0,0.236402489813465,,clean_2M
950,reached_but_failed_grasp,grip_state_falsification,2,0.0,0.236402489813465,,clean_2M
951,reached_but_failed_grasp,grip_state_falsification,2,0.0,0.236402489813465,,clean_2M
952,reached_but_failed_grasp,grip_state_falsification,2,0.0,0.236402489813465,,clean_2M
953,reached_but_failed_grasp,grip_state_falsification,2,0.0,0.236402489813465,,clean_2M
954,reached_but_failed_grasp,grip_state_falsification,2,0.0,0.236402489813465,,clean_2M
955,reached_but_failed_grasp,grip_state_falsification,2,0.0,0.236402489813465,,clean_2M
956,reached_but_failed_grasp,grip_state_falsification,2,0.0,0.236402489813465,,clean_2M
957,reached_but_failed_grasp,grip_state_falsification,2,0.0,0.236402489813465,,clean_2M
958,reached_but_failed_grasp,grip_state_falsification,2,0.0,0.236402489813465,,clean_2M
959,reached_but_failed_grasp,grip_state_falsification,2,0.0,0.236402489813465,,clean_2M
960,never_reached_object,contact_dropout,2,0.0,0.2364647540081676,,clean_2M
961,never_reached_object,contact_dropout,2,0.0,0.2364647540081676,,clean_2M
962,never_reached_object,contact_dropout,2,0.0,0.2364647540081676,,clean_2M
963,never_reached_object,contact_dropout,2,0.0,0.2364647540081676,,clean_2M
964,never_reached_object,contact_dropout,2,0.0,0.2364647540081676,,clean_2M
965,never_reached_object,contact_dropout,2,0.0,0.2364647540081676,,clean_2M
966,never_reached_object,contact_dropout,2,0.0,0.2364647540081676,,clean_2M
967,never_reached_object,contact_dropout,2,0.0,0.2364647540081676,,clean_2M
968,never_reached_object,contact_dropout,2,0.0,0.2364647540081676,,clean_2M
969,never_reached_object,contact_dropout,2,0.0,0.2364647540081676,,clean_2M
970,never_reached_object,contact_dropout,2,0.0,0.2364647540081676,,clean_2M
971,never_reached_object,contact_dropout,2,0.0,0.2364647540081676,,clean_2M
972,never_reached_object,contact_dropout,2,0.0,0.2364647540081676,,clean_2M
973,never_reached_object,contact_dropout,2,0.0,0.2364647540081676,,clean_2M
974,never_reached_object,contact_dropout,2,0.0,0.2364647540081676,,clean_2M
975,never_reached_object,contact_dropout,2,0.0,0.2364647540081676,,clean_2M
976,never_reached_object,contact_dropout,2,0.0,0.2364647540081676,,clean_2M
977,never_reached_object,contact_dropout,2,0.0,0.2364647540081676,,clean_2M
978,never_reached_object,contact_dropout,2,0.0,0.2364647540081676,,clean_2M
979,never_reached_object,contact_dropout,2,0.0,0.2364647540081676,,clean_2M
980,never_reached_object,contact_dropout,2,0.0,0.2364647540081676,,clean_2M
981,never_reached_object,contact_dropout,2,0.0,0.2364647540081676,,clean_2M
982,never_reached_object,contact_dropout,2,0.0,0.2364647540081676,,clean_2M
983,never_reached_object,contact_dropout,2,0.0,0.2364647540081676,,clean_2M
984,never_reached_object,contact_dropout,2,0.0,0.2364647540081676,,clean_2M
985,never_reached_object,contact_dropout,2,0.0,0.2364647540081676,,clean_2M
986,never_reached_object,contact_dropout,2,0.0,0.2364647540081676,,clean_2M
987,never_reached_object,contact_dropout,2,0.0,0.2364647540081676,,clean_2M
988,never_reached_object,contact_dropout,2,0.0,0.2364647540081676,,clean_2M
989,never_reached_object,contact_dropout,2,0.0,0.2364647540081676,,clean_2M
990,success,clean,3,1.0,0.0274878870868372,13.0,clean_2M
991,success,clean,3,1.0,0.0274878870868372,13.0,clean_2M
992,success,clean,3,1.0,0.0274878870868372,13.0,clean_2M
993,success,clean,3,1.0,0.0274878870868372,13.0,clean_2M
994,success,clean,3,1.0,0.0274878870868372,13.0,clean_2M
995,success,clean,3,1.0,0.0274878870868372,13.0,clean_2M
996,success,clean,3,1.0,0.0274878870868372,13.0,clean_2M
997,success,clean,3,1.0,0.0274878870868372,13.0,clean_2M
998,success,clean,3,1.0,0.0274878870868372,13.0,clean_2M
999,success,clean,3,1.0,0.0274878870868372,13.0,clean_2M
1000,success,clean,3,1.0,0.0274878870868372,13.0,clean_2M
1001,success,clean,3,1.0,0.0274878870868372,13.0,clean_2M
1002,success,clean,3,1.0,0.0274878870868372,13.0,clean_2M
1003,success,clean,3,1.0,0.0274878870868372,13.0,clean_2M
1004,success,clean,3,1.0,0.0274878870868372,13.0,clean_2M
1005,success,clean,3,1.0,0.0274878870868372,13.0,clean_2M
1006,success,clean,3,1.0,0.0274878870868372,13.0,clean_2M
1007,success,clean,3,1.0,0.0274878870868372,13.0,clean_2M
1008,success,clean,3,1.0,0.0274878870868372,13.0,clean_2M
1009,success,clean,3,1.0,0.0274878870868372,13.0,clean_2M
1010,success,clean,3,1.0,0.0274878870868372,13.0,clean_2M
1011,success,clean,3,1.0,0.0274878870868372,13.0,clean_2M
1012,success,clean,3,1.0,0.0274878870868372,13.0,clean_2M
1013,success,clean,3,1.0,0.0274878870868372,13.0,clean_2M
1014,success,clean,3,1.0,0.0274878870868372,13.0,clean_2M
1015,success,clean,3,1.0,0.0274878870868372,13.0,clean_2M
1016,success,clean,3,1.0,0.0274878870868372,13.0,clean_2M
1017,success,clean,3,1.0,0.0274878870868372,13.0,clean_2M
1018,success,clean,3,1.0,0.0274878870868372,13.0,clean_2M
1019,success,clean,3,1.0,0.0274878870868372,13.0,clean_2M
1020,never_reached_object,sensor_dropout,3,0.0,0.3213978804705762,,clean_2M
1021,never_reached_object,sensor_dropout,3,0.0,0.3213978804705762,,clean_2M
1022,never_reached_object,sensor_dropout,3,0.0,0.3213978804705762,,clean_2M
1023,never_reached_object,sensor_dropout,3,0.0,0.3213978804705762,,clean_2M
1024,never_reached_object,sensor_dropout,3,0.0,0.3213978804705762,,clean_2M
1025,never_reached_object,sensor_dropout,3,0.0,0.3213978804705762,,clean_2M
1026,never_reached_object,sensor_dropout,3,0.0,0.3213978804705762,,clean_2M
1027,never_reached_object,sensor_dropout,3,0.0,0.3213978804705762,,clean_2M
1028,never_reached_object,sensor_dropout,3,0.0,0.3213978804705762,,clean_2M
1029,never_reached_object,sensor_dropout,3,0.0,0.3213978804705762,,clean_2M
1030,never_reached_object,sensor_dropout,3,0.0,0.3213978804705762,,clean_2M
1031,never_reached_object,sensor_dropout,3,0.0,0.3213978804705762,,clean_2M
1032,never_reached_object,sensor_dropout,3,0.0,0.3213978804705762,,clean_2M
1033,never_reached_object,sensor_dropout,3,0.0,0.3213978804705762,,clean_2M
1034,never_reached_object,sensor_dropout,3,0.0,0.3213978804705762,,clean_2M
1035,never_reached_object,sensor_dropout,3,0.0,0.3213978804705762,,clean_2M
1036,never_reached_object,sensor_dropout,3,0.0,0.3213978804705762,,clean_2M
1037,never_reached_object,sensor_dropout,3,0.0,0.3213978804705762,,clean_2M
1038,never_reached_object,sensor_dropout,3,0.0,0.3213978804705762,,clean_2M
1039,never_reached_object,sensor_dropout,3,0.0,0.3213978804705762,,clean_2M
1040,never_reached_object,sensor_dropout,3,0.0,0.3213978804705762,,clean_2M
1041,never_reached_object,sensor_dropout,3,0.0,0.3213978804705762,,clean_2M
1042,never_reached_object,sensor_dropout,3,0.0,0.3213978804705762,,clean_2M
1043,never_reached_object,sensor_dropout,3,0.0,0.3213978804705762,,clean_2M
1044,never_reached_object,sensor_dropout,3,0.0,0.3213978804705762,,clean_2M
1045,never_reached_object,sensor_dropout,3,0.0,0.3213978804705762,,clean_2M
1046,never_reached_object,sensor_dropout,3,0.0,0.3213978804705762,,clean_2M
1047,never_reached_object,sensor_dropout,3,0.0,0.3213978804705762,,clean_2M
1048,never_reached_object,sensor_dropout,3,0.0,0.3213978804705762,,clean_2M
1049,never_reached_object,sensor_dropout,3,0.0,0.3213978804705762,,clean_2M
1050,never_reached_object,sensor_bias,3,0.0,0.3213978804705762,,clean_2M
1051,action_control_corruption,sensor_bias,3,0.0,0.0561625342155996,,clean_2M
1052,never_reached_object,sensor_bias,3,0.0,0.3213978804705762,,clean_2M
1053,reached_but_failed_grasp,sensor_bias,3,0.0,0.3278558629065928,,clean_2M
1054,never_reached_object,sensor_bias,3,0.0,0.3213978804705762,,clean_2M
1055,never_reached_object,sensor_bias,3,0.0,0.3213978804705762,,clean_2M
1056,never_reached_object,sensor_bias,3,0.0,0.3213978804705762,,clean_2M
1057,never_reached_object,sensor_bias,3,0.0,0.3213978804705762,,clean_2M
1058,never_reached_object,sensor_bias,3,0.0,0.3213978804705762,,clean_2M
1059,never_reached_object,sensor_bias,3,0.0,0.3213978804705762,,clean_2M
1060,never_reached_object,sensor_bias,3,0.0,0.3213978804705762,,clean_2M
1061,reached_but_failed_grasp,sensor_bias,3,0.0,0.2477929476822249,,clean_2M
1062,never_reached_object,sensor_bias,3,0.0,0.3213978804705762,,clean_2M
1063,never_reached_object,sensor_bias,3,0.0,0.3213978804705762,,clean_2M
1064,never_reached_object,sensor_bias,3,0.0,0.3213978804705762,,clean_2M
1065,never_reached_object,sensor_bias,3,0.0,0.3213978804705762,,clean_2M
1066,never_reached_object,sensor_bias,3,0.0,0.3213978804705762,,clean_2M
1067,never_reached_object,sensor_bias,3,0.0,0.3213978804705762,,clean_2M
1068,never_reached_object,sensor_bias,3,0.0,0.3213978804705762,,clean_2M
1069,never_reached_object,sensor_bias,3,0.0,0.3213978804705762,,clean_2M
1070,never_reached_object,sensor_bias,3,0.0,0.3413367220357429,,clean_2M
1071,never_reached_object,sensor_bias,3,0.0,0.3213978804705762,,clean_2M
1072,never_reached_object,sensor_bias,3,0.0,0.3213978804705762,,clean_2M
1073,never_reached_object,sensor_bias,3,0.0,0.3220332224791917,,clean_2M
1074,never_reached_object,sensor_bias,3,0.0,0.3213978804705762,,clean_2M
1075,wrong_direction,sensor_bias,3,0.0,1.1796962924198058,,clean_2M
1076,reached_but_failed_grasp,sensor_bias,3,0.0,0.3735351180901421,,clean_2M
1077,never_reached_object,sensor_bias,3,0.0,0.3213978804705762,,clean_2M
1078,never_reached_object,sensor_bias,3,0.0,0.3213978804705762,,clean_2M
1079,never_reached_object,sensor_bias,3,0.0,0.3213978804705762,,clean_2M
1080,success,action_clipping,3,1.0,0.0246347558449023,36.0,clean_2M
1081,success,action_clipping,3,1.0,0.0246347558449023,36.0,clean_2M
1082,success,action_clipping,3,1.0,0.0246347558449023,36.0,clean_2M
1083,success,action_clipping,3,1.0,0.0246347558449023,36.0,clean_2M
1084,success,action_clipping,3,1.0,0.0246347558449023,36.0,clean_2M
1085,success,action_clipping,3,1.0,0.0246347558449023,36.0,clean_2M
1086,success,action_clipping,3,1.0,0.0246347558449023,36.0,clean_2M
1087,success,action_clipping,3,1.0,0.0246347558449023,36.0,clean_2M
1088,success,action_clipping,3,1.0,0.0246347558449023,36.0,clean_2M
1089,success,action_clipping,3,1.0,0.0246347558449023,36.0,clean_2M
1090,success,action_clipping,3,1.0,0.0246347558449023,36.0,clean_2M
1091,success,action_clipping,3,1.0,0.0246347558449023,36.0,clean_2M
1092,success,action_clipping,3,1.0,0.0246347558449023,36.0,clean_2M
1093,success,action_clipping,3,1.0,0.0246347558449023,36.0,clean_2M
1094,success,action_clipping,3,1.0,0.0246347558449023,36.0,clean_2M
1095,success,action_clipping,3,1.0,0.0246347558449023,36.0,clean_2M
1096,success,action_clipping,3,1.0,0.0246347558449023,36.0,clean_2M
1097,success,action_clipping,3,1.0,0.0246347558449023,36.0,clean_2M
1098,success,action_clipping,3,1.0,0.0246347558449023,36.0,clean_2M
1099,success,action_clipping,3,1.0,0.0246347558449023,36.0,clean_2M
1100,success,action_clipping,3,1.0,0.0246347558449023,36.0,clean_2M
1101,success,action_clipping,3,1.0,0.0246347558449023,36.0,clean_2M
1102,success,action_clipping,3,1.0,0.0246347558449023,36.0,clean_2M
1103,success,action_clipping,3,1.0,0.0246347558449023,36.0,clean_2M
1104,success,action_clipping,3,1.0,0.0246347558449023,36.0,clean_2M
1105,success,action_clipping,3,1.0,0.0246347558449023,36.0,clean_2M
1106,success,action_clipping,3,1.0,0.0246347558449023,36.0,clean_2M
1107,success,action_clipping,3,1.0,0.0246347558449023,36.0,clean_2M
1108,success,action_clipping,3,1.0,0.0246347558449023,36.0,clean_2M
1109,success,action_clipping,3,1.0,0.0246347558449023,36.0,clean_2M
1110,success,action_delay,3,1.0,0.0247294418944688,27.0,clean_2M
1111,success,action_delay,3,1.0,0.0247294418944688,27.0,clean_2M
1112,success,action_delay,3,1.0,0.0247294418944688,27.0,clean_2M
1113,success,action_delay,3,1.0,0.0247294418944688,27.0,clean_2M
1114,success,action_delay,3,1.0,0.0247294418944688,27.0,clean_2M
1115,success,action_delay,3,1.0,0.0247294418944688,27.0,clean_2M
1116,success,action_delay,3,1.0,0.0247294418944688,27.0,clean_2M
1117,success,action_delay,3,1.0,0.0247294418944688,27.0,clean_2M
1118,success,action_delay,3,1.0,0.0247294418944688,27.0,clean_2M
1119,success,action_delay,3,1.0,0.0247294418944688,27.0,clean_2M
1120,success,action_delay,3,1.0,0.0247294418944688,27.0,clean_2M
1121,success,action_delay,3,1.0,0.0247294418944688,27.0,clean_2M
1122,success,action_delay,3,1.0,0.0247294418944688,27.0,clean_2M
1123,success,action_delay,3,1.0,0.0247294418944688,27.0,clean_2M
1124,success,action_delay,3,1.0,0.0247294418944688,27.0,clean_2M
1125,success,action_delay,3,1.0,0.0247294418944688,27.0,clean_2M
1126,success,action_delay,3,1.0,0.0247294418944688,27.0,clean_2M
1127,success,action_delay,3,1.0,0.0247294418944688,27.0,clean_2M
1128,success,action_delay,3,1.0,0.0247294418944688,27.0,clean_2M
1129,success,action_delay,3,1.0,0.0247294418944688,27.0,clean_2M
1130,success,action_delay,3,1.0,0.0247294418944688,27.0,clean_2M
1131,success,action_delay,3,1.0,0.0247294418944688,27.0,clean_2M
1132,success,action_delay,3,1.0,0.0247294418944688,27.0,clean_2M
1133,success,action_delay,3,1.0,0.0247294418944688,27.0,clean_2M
1134,success,action_delay,3,1.0,0.0247294418944688,27.0,clean_2M
1135,success,action_delay,3,1.0,0.0247294418944688,27.0,clean_2M
1136,success,action_delay,3,1.0,0.0247294418944688,27.0,clean_2M
1137,success,action_delay,3,1.0,0.0247294418944688,27.0,clean_2M
1138,success,action_delay,3,1.0,0.0247294418944688,27.0,clean_2M
1139,success,action_delay,3,1.0,0.0247294418944688,27.0,clean_2M
1140,never_reached_object,action_reversal,3,0.0,0.3213978804705762,,clean_2M
1141,never_reached_object,action_reversal,3,0.0,0.3213978804705762,,clean_2M
1142,never_reached_object,action_reversal,3,0.0,0.3213978804705762,,clean_2M
1143,never_reached_object,action_reversal,3,0.0,0.3213978804705762,,clean_2M
1144,never_reached_object,action_reversal,3,0.0,0.3213978804705762,,clean_2M
1145,never_reached_object,action_reversal,3,0.0,0.3213978804705762,,clean_2M
1146,never_reached_object,action_reversal,3,0.0,0.3213978804705762,,clean_2M
1147,never_reached_object,action_reversal,3,0.0,0.3213978804705762,,clean_2M
1148,never_reached_object,action_reversal,3,0.0,0.3213978804705762,,clean_2M
1149,never_reached_object,action_reversal,3,0.0,0.3213978804705762,,clean_2M
1150,never_reached_object,action_reversal,3,0.0,0.3213978804705762,,clean_2M
1151,never_reached_object,action_reversal,3,0.0,0.3213978804705762,,clean_2M
1152,never_reached_object,action_reversal,3,0.0,0.3213978804705762,,clean_2M
1153,never_reached_object,action_reversal,3,0.0,0.3213978804705762,,clean_2M
1154,never_reached_object,action_reversal,3,0.0,0.3213978804705762,,clean_2M
1155,never_reached_object,action_reversal,3,0.0,0.3213978804705762,,clean_2M
1156,never_reached_object,action_reversal,3,0.0,0.3213978804705762,,clean_2M
1157,never_reached_object,action_reversal,3,0.0,0.3213978804705762,,clean_2M
1158,never_reached_object,action_reversal,3,0.0,0.3213978804705762,,clean_2M
1159,never_reached_object,action_reversal,3,0.0,0.3213978804705762,,clean_2M
1160,never_reached_object,action_reversal,3,0.0,0.3213978804705762,,clean_2M
1161,never_reached_object,action_reversal,3,0.0,0.3213978804705762,,clean_2M
1162,never_reached_object,action_reversal,3,0.0,0.3213978804705762,,clean_2M
1163,never_reached_object,action_reversal,3,0.0,0.3213978804705762,,clean_2M
1164,never_reached_object,action_reversal,3,0.0,0.3213978804705762,,clean_2M
1165,never_reached_object,action_reversal,3,0.0,0.3213978804705762,,clean_2M
1166,never_reached_object,action_reversal,3,0.0,0.3213978804705762,,clean_2M
1167,never_reached_object,action_reversal,3,0.0,0.3213978804705762,,clean_2M
1168,never_reached_object,action_reversal,3,0.0,0.3213978804705762,,clean_2M
1169,never_reached_object,action_reversal,3,0.0,0.3213978804705762,,clean_2M
1170,spoofed_goal,goal_spoof_immediate,3,0.0,0.1092492987094244,,clean_2M
1171,spoofed_goal,goal_spoof_immediate,3,0.0,0.0567460436984703,,clean_2M
1172,spoofed_goal,goal_spoof_immediate,3,0.0,0.121275139147035,,clean_2M
1173,spoofed_goal,goal_spoof_immediate,3,0.0,0.1413685601615754,,clean_2M
1174,spoofed_goal,goal_spoof_immediate,3,0.0,0.0891828429522726,,clean_2M
1175,spoofed_goal,goal_spoof_immediate,3,0.0,0.0964992470495792,,clean_2M
1176,spoofed_goal,goal_spoof_immediate,3,0.0,0.1113246442060991,,clean_2M
1177,spoofed_goal,goal_spoof_immediate,3,0.0,0.1076953329321128,,clean_2M
1178,spoofed_goal,goal_spoof_immediate,3,0.0,0.1051094321591399,,clean_2M
1179,success,goal_spoof_immediate,3,1.0,0.0269983245621619,10.0,clean_2M
1180,spoofed_goal,goal_spoof_immediate,3,0.0,0.1115143563991769,,clean_2M
1181,spoofed_goal,goal_spoof_immediate,3,0.0,0.098386923016674,,clean_2M
1182,success,goal_spoof_immediate,3,1.0,0.0439478117424756,11.0,clean_2M
1183,spoofed_goal,goal_spoof_immediate,3,0.0,0.113884458836213,,clean_2M
1184,spoofed_goal,goal_spoof_immediate,3,0.0,0.0545809604130321,11.0,clean_2M
1185,spoofed_goal,goal_spoof_immediate,3,0.0,0.1182267891358891,,clean_2M
1186,spoofed_goal,goal_spoof_immediate,3,0.0,0.1386512948557532,,clean_2M
1187,spoofed_goal,goal_spoof_immediate,3,0.0,0.0965902469261537,,clean_2M
1188,spoofed_goal,goal_spoof_immediate,3,0.0,0.1198875139808876,,clean_2M
1189,spoofed_goal,goal_spoof_immediate,3,0.0,0.0744651854793524,,clean_2M
1190,spoofed_goal,goal_spoof_immediate,3,0.0,0.1444449704586086,,clean_2M
1191,success,goal_spoof_immediate,3,1.0,0.0191842137660451,12.0,clean_2M
1192,success,goal_spoof_immediate,3,1.0,0.0456621901293945,15.0,clean_2M
1193,spoofed_goal,goal_spoof_immediate,3,0.0,0.0903383108114983,,clean_2M
1194,spoofed_goal,goal_spoof_immediate,3,0.0,0.1137671445772672,,clean_2M
1195,spoofed_goal,goal_spoof_immediate,3,0.0,0.0770179913499623,,clean_2M
1196,spoofed_goal,goal_spoof_immediate,3,0.0,0.0900840901758505,,clean_2M
1197,spoofed_goal,goal_spoof_immediate,3,0.0,0.1255398970715548,,clean_2M
1198,spoofed_goal,goal_spoof_immediate,3,0.0,0.1182321303320981,,clean_2M
1199,success,goal_spoof_immediate,3,1.0,0.0236061726486794,10.0,clean_2M
1200,spoofed_goal,goal_spoof_midep,3,0.0,0.0642182527936117,13.0,clean_2M
1201,spoofed_goal,goal_spoof_midep,3,0.0,0.1119477213059344,13.0,clean_2M
1202,spoofed_goal,goal_spoof_midep,3,0.0,0.0859440401039795,13.0,clean_2M
1203,spoofed_goal,goal_spoof_midep,3,0.0,0.0810138391781588,13.0,clean_2M
1204,spoofed_goal,goal_spoof_midep,3,0.0,0.1356613951961754,13.0,clean_2M
1205,spoofed_goal,goal_spoof_midep,3,0.0,0.1351284252465829,13.0,clean_2M
1206,spoofed_goal,goal_spoof_midep,3,0.0,0.0719235090546813,13.0,clean_2M
1207,spoofed_goal,goal_spoof_midep,3,0.0,0.1653049073354686,13.0,clean_2M
1208,spoofed_goal,goal_spoof_midep,3,0.0,0.0641797349931393,13.0,clean_2M
1209,spoofed_goal,goal_spoof_midep,3,0.0,0.1024237951898444,13.0,clean_2M
1210,spoofed_goal,goal_spoof_midep,3,0.0,0.0828302611199541,13.0,clean_2M
1211,spoofed_goal,goal_spoof_midep,3,0.0,0.0985821305452572,13.0,clean_2M
1212,spoofed_goal,goal_spoof_midep,3,0.0,0.0941544399427905,13.0,clean_2M
1213,spoofed_goal,goal_spoof_midep,3,0.0,0.1181829762665343,13.0,clean_2M
1214,spoofed_goal,goal_spoof_midep,3,0.0,0.0954342927066959,13.0,clean_2M
1215,spoofed_goal,goal_spoof_midep,3,0.0,0.1249739139961388,13.0,clean_2M
1216,spoofed_goal,goal_spoof_midep,3,0.0,0.1271582893302597,13.0,clean_2M
1217,spoofed_goal,goal_spoof_midep,3,0.0,0.0652799964103836,13.0,clean_2M
1218,spoofed_goal,goal_spoof_midep,3,0.0,0.1141277255663473,13.0,clean_2M
1219,spoofed_goal,goal_spoof_midep,3,0.0,0.106570138119176,13.0,clean_2M
1220,spoofed_goal,goal_spoof_midep,3,0.0,0.1078056027420716,13.0,clean_2M
1221,spoofed_goal,goal_spoof_midep,3,0.0,0.1577947843136985,13.0,clean_2M
1222,spoofed_goal,goal_spoof_midep,3,0.0,0.0854455701469186,13.0,clean_2M
1223,spoofed_goal,goal_spoof_midep,3,0.0,0.0785835494594278,13.0,clean_2M
1224,spoofed_goal,goal_spoof_midep,3,0.0,0.0529478342018277,13.0,clean_2M
1225,spoofed_goal,goal_spoof_midep,3,0.0,0.0641569830653931,13.0,clean_2M
1226,spoofed_goal,goal_spoof_midep,3,0.0,0.0988449293279214,13.0,clean_2M
1227,spoofed_goal,goal_spoof_midep,3,0.0,0.1247222406623266,13.0,clean_2M
1228,spoofed_goal,goal_spoof_midep,3,0.0,0.1353148003243231,13.0,clean_2M
1229,spoofed_goal,goal_spoof_midep,3,0.0,0.0925341596546641,13.0,clean_2M
1230,success,object_pose_spoof,3,1.0,0.0364324271438545,12.0,clean_2M
1231,wrong_direction,object_pose_spoof,3,0.0,0.0818408041296387,,clean_2M
1232,action_control_corruption,object_pose_spoof,3,0.0,0.1094127987761626,,clean_2M
1233,wrong_direction,object_pose_spoof,3,0.0,0.0548002388996339,,clean_2M
1234,success,object_pose_spoof,3,1.0,0.0348062213291349,12.0,clean_2M
1235,success,object_pose_spoof,3,1.0,0.0396650617825584,11.0,clean_2M
1236,action_control_corruption,object_pose_spoof,3,0.0,0.1135545023232002,,clean_2M
1237,wrong_direction,object_pose_spoof,3,0.0,0.1006834077643261,,clean_2M
1238,wrong_direction,object_pose_spoof,3,0.0,0.0652346141259181,12.0,clean_2M
1239,wrong_direction,object_pose_spoof,3,0.0,0.0722745081258075,,clean_2M
1240,success,object_pose_spoof,3,1.0,0.0199461943971772,11.0,clean_2M
1241,action_control_corruption,object_pose_spoof,3,0.0,0.1052366761308567,,clean_2M
1242,wrong_direction,object_pose_spoof,3,0.0,0.0747863050524326,,clean_2M
1243,grasped_but_dropped,object_pose_spoof,3,0.0,0.1232616023081446,,clean_2M
1244,action_control_corruption,object_pose_spoof,3,0.0,0.0854545561883212,,clean_2M
1245,action_control_corruption,object_pose_spoof,3,0.0,0.0869733846360755,,clean_2M
1246,wrong_direction,object_pose_spoof,3,0.0,0.1338208842314955,,clean_2M
1247,wrong_direction,object_pose_spoof,3,0.0,0.0897308112107372,,clean_2M
1248,wrong_direction,object_pose_spoof,3,0.0,0.0573709500472773,11.0,clean_2M
1249,wrong_direction,object_pose_spoof,3,0.0,0.0967185501186842,,clean_2M
1250,action_control_corruption,object_pose_spoof,3,0.0,0.089661380197944,,clean_2M
1251,wrong_direction,object_pose_spoof,3,0.0,0.0624412647262732,,clean_2M
1252,action_control_corruption,object_pose_spoof,3,0.0,0.0941263192254872,,clean_2M
1253,action_control_corruption,object_pose_spoof,3,0.0,0.1071929642634248,,clean_2M
1254,wrong_direction,object_pose_spoof,3,0.0,0.0675308806894106,,clean_2M
1255,success,object_pose_spoof,3,1.0,0.0418826537208186,14.0,clean_2M
1256,wrong_direction,object_pose_spoof,3,0.0,0.1193283288587157,,clean_2M
1257,action_control_corruption,object_pose_spoof,3,0.0,0.1131701799773069,,clean_2M
1258,wrong_direction,object_pose_spoof,3,0.0,0.0840844816120786,,clean_2M
1259,success,object_pose_spoof,3,1.0,0.0484440417316593,13.0,clean_2M
1260,reached_but_failed_grasp,grip_state_falsification,3,0.0,0.3213978804705762,,clean_2M
1261,reached_but_failed_grasp,grip_state_falsification,3,0.0,0.3213978804705762,,clean_2M
1262,reached_but_failed_grasp,grip_state_falsification,3,0.0,0.3213978804705762,,clean_2M
1263,reached_but_failed_grasp,grip_state_falsification,3,0.0,0.3213978804705762,,clean_2M
1264,reached_but_failed_grasp,grip_state_falsification,3,0.0,0.3213978804705762,,clean_2M
1265,reached_but_failed_grasp,grip_state_falsification,3,0.0,0.3213978804705762,,clean_2M
1266,reached_but_failed_grasp,grip_state_falsification,3,0.0,0.3213978804705762,,clean_2M
1267,reached_but_failed_grasp,grip_state_falsification,3,0.0,0.3213978804705762,,clean_2M
1268,reached_but_failed_grasp,grip_state_falsification,3,0.0,0.3213978804705762,,clean_2M
1269,reached_but_failed_grasp,grip_state_falsification,3,0.0,0.3213978804705762,,clean_2M
1270,reached_but_failed_grasp,grip_state_falsification,3,0.0,0.3213978804705762,,clean_2M
1271,reached_but_failed_grasp,grip_state_falsification,3,0.0,0.3213978804705762,,clean_2M
1272,reached_but_failed_grasp,grip_state_falsification,3,0.0,0.3213978804705762,,clean_2M
1273,reached_but_failed_grasp,grip_state_falsification,3,0.0,0.3213978804705762,,clean_2M
1274,reached_but_failed_grasp,grip_state_falsification,3,0.0,0.3213978804705762,,clean_2M
1275,reached_but_failed_grasp,grip_state_falsification,3,0.0,0.3213978804705762,,clean_2M
1276,reached_but_failed_grasp,grip_state_falsification,3,0.0,0.3213978804705762,,clean_2M
1277,reached_but_failed_grasp,grip_state_falsification,3,0.0,0.3213978804705762,,clean_2M
1278,reached_but_failed_grasp,grip_state_falsification,3,0.0,0.3213978804705762,,clean_2M
1279,reached_but_failed_grasp,grip_state_falsification,3,0.0,0.3213978804705762,,clean_2M
1280,reached_but_failed_grasp,grip_state_falsification,3,0.0,0.3213978804705762,,clean_2M
1281,reached_but_failed_grasp,grip_state_falsification,3,0.0,0.3213978804705762,,clean_2M
1282,reached_but_failed_grasp,grip_state_falsification,3,0.0,0.3213978804705762,,clean_2M
1283,reached_but_failed_grasp,grip_state_falsification,3,0.0,0.3213978804705762,,clean_2M
1284,reached_but_failed_grasp,grip_state_falsification,3,0.0,0.3213978804705762,,clean_2M
1285,reached_but_failed_grasp,grip_state_falsification,3,0.0,0.3213978804705762,,clean_2M
1286,reached_but_failed_grasp,grip_state_falsification,3,0.0,0.3213978804705762,,clean_2M
1287,reached_but_failed_grasp,grip_state_falsification,3,0.0,0.3213978804705762,,clean_2M
1288,reached_but_failed_grasp,grip_state_falsification,3,0.0,0.3213978804705762,,clean_2M
1289,reached_but_failed_grasp,grip_state_falsification,3,0.0,0.3213978804705762,,clean_2M
1290,never_reached_object,contact_dropout,3,0.0,0.3213978804705762,,clean_2M
1291,never_reached_object,contact_dropout,3,0.0,0.3213978804705762,,clean_2M
1292,never_reached_object,contact_dropout,3,0.0,0.3213978804705762,,clean_2M
1293,never_reached_object,contact_dropout,3,0.0,0.3213978804705762,,clean_2M
1294,never_reached_object,contact_dropout,3,0.0,0.3213978804705762,,clean_2M
1295,never_reached_object,contact_dropout,3,0.0,0.3213978804705762,,clean_2M
1296,never_reached_object,contact_dropout,3,0.0,0.3213978804705762,,clean_2M
1297,never_reached_object,contact_dropout,3,0.0,0.3213978804705762,,clean_2M
1298,never_reached_object,contact_dropout,3,0.0,0.3213978804705762,,clean_2M
1299,never_reached_object,contact_dropout,3,0.0,0.3213978804705762,,clean_2M
1300,never_reached_object,contact_dropout,3,0.0,0.3213978804705762,,clean_2M
1301,never_reached_object,contact_dropout,3,0.0,0.3213978804705762,,clean_2M
1302,never_reached_object,contact_dropout,3,0.0,0.3213978804705762,,clean_2M
1303,never_reached_object,contact_dropout,3,0.0,0.3213978804705762,,clean_2M
1304,never_reached_object,contact_dropout,3,0.0,0.3213978804705762,,clean_2M
1305,never_reached_object,contact_dropout,3,0.0,0.3213978804705762,,clean_2M
1306,never_reached_object,contact_dropout,3,0.0,0.3213978804705762,,clean_2M
1307,never_reached_object,contact_dropout,3,0.0,0.3213978804705762,,clean_2M
1308,never_reached_object,contact_dropout,3,0.0,0.3213978804705762,,clean_2M
1309,never_reached_object,contact_dropout,3,0.0,0.3213978804705762,,clean_2M
1310,never_reached_object,contact_dropout,3,0.0,0.3213978804705762,,clean_2M
1311,never_reached_object,contact_dropout,3,0.0,0.3213978804705762,,clean_2M
1312,never_reached_object,contact_dropout,3,0.0,0.3213978804705762,,clean_2M
1313,never_reached_object,contact_dropout,3,0.0,0.3213978804705762,,clean_2M
1314,never_reached_object,contact_dropout,3,0.0,0.3213978804705762,,clean_2M
1315,never_reached_object,contact_dropout,3,0.0,0.3213978804705762,,clean_2M
1316,never_reached_object,contact_dropout,3,0.0,0.3213978804705762,,clean_2M
1317,never_reached_object,contact_dropout,3,0.0,0.3213978804705762,,clean_2M
1318,never_reached_object,contact_dropout,3,0.0,0.3213978804705762,,clean_2M
1319,never_reached_object,contact_dropout,3,0.0,0.3213978804705762,,clean_2M
1320,success,clean,4,1.0,0.0314900249628835,15.0,clean_2M
1321,success,clean,4,1.0,0.0314900249628835,15.0,clean_2M
1322,success,clean,4,1.0,0.0314900249628835,15.0,clean_2M
1323,success,clean,4,1.0,0.0314900249628835,15.0,clean_2M
1324,success,clean,4,1.0,0.0314900249628835,15.0,clean_2M
1325,success,clean,4,1.0,0.0314900249628835,15.0,clean_2M
1326,success,clean,4,1.0,0.0314900249628835,15.0,clean_2M
1327,success,clean,4,1.0,0.0314900249628835,15.0,clean_2M
1328,success,clean,4,1.0,0.0314900249628835,15.0,clean_2M
1329,success,clean,4,1.0,0.0314900249628835,15.0,clean_2M
1330,success,clean,4,1.0,0.0314900249628835,15.0,clean_2M
1331,success,clean,4,1.0,0.0314900249628835,15.0,clean_2M
1332,success,clean,4,1.0,0.0314900249628835,15.0,clean_2M
1333,success,clean,4,1.0,0.0314900249628835,15.0,clean_2M
1334,success,clean,4,1.0,0.0314900249628835,15.0,clean_2M
1335,success,clean,4,1.0,0.0314900249628835,15.0,clean_2M
1336,success,clean,4,1.0,0.0314900249628835,15.0,clean_2M
1337,success,clean,4,1.0,0.0314900249628835,15.0,clean_2M
1338,success,clean,4,1.0,0.0314900249628835,15.0,clean_2M
1339,success,clean,4,1.0,0.0314900249628835,15.0,clean_2M
1340,success,clean,4,1.0,0.0314900249628835,15.0,clean_2M
1341,success,clean,4,1.0,0.0314900249628835,15.0,clean_2M
1342,success,clean,4,1.0,0.0314900249628835,15.0,clean_2M
1343,success,clean,4,1.0,0.0314900249628835,15.0,clean_2M
1344,success,clean,4,1.0,0.0314900249628835,15.0,clean_2M
1345,success,clean,4,1.0,0.0314900249628835,15.0,clean_2M
1346,success,clean,4,1.0,0.0314900249628835,15.0,clean_2M
1347,success,clean,4,1.0,0.0314900249628835,15.0,clean_2M
1348,success,clean,4,1.0,0.0314900249628835,15.0,clean_2M
1349,success,clean,4,1.0,0.0314900249628835,15.0,clean_2M
1350,never_reached_object,sensor_dropout,4,0.0,0.3833991408667048,,clean_2M
1351,never_reached_object,sensor_dropout,4,0.0,0.3833991408667048,,clean_2M
1352,never_reached_object,sensor_dropout,4,0.0,0.3833991408667048,,clean_2M
1353,never_reached_object,sensor_dropout,4,0.0,0.3833991408667048,,clean_2M
1354,never_reached_object,sensor_dropout,4,0.0,0.3833991408667048,,clean_2M
1355,never_reached_object,sensor_dropout,4,0.0,0.3833991408667048,,clean_2M
1356,never_reached_object,sensor_dropout,4,0.0,0.3833991408667048,,clean_2M
1357,never_reached_object,sensor_dropout,4,0.0,0.3833991408667048,,clean_2M
1358,never_reached_object,sensor_dropout,4,0.0,0.3833991408667048,,clean_2M
1359,never_reached_object,sensor_dropout,4,0.0,0.3833991408667048,,clean_2M
1360,never_reached_object,sensor_dropout,4,0.0,0.3833991408667048,,clean_2M
1361,never_reached_object,sensor_dropout,4,0.0,0.3833991408667048,,clean_2M
1362,never_reached_object,sensor_dropout,4,0.0,0.3833991408667048,,clean_2M
1363,never_reached_object,sensor_dropout,4,0.0,0.3833991408667048,,clean_2M
1364,never_reached_object,sensor_dropout,4,0.0,0.3833991408667048,,clean_2M
1365,never_reached_object,sensor_dropout,4,0.0,0.3833991408667048,,clean_2M
1366,never_reached_object,sensor_dropout,4,0.0,0.3833991408667048,,clean_2M
1367,never_reached_object,sensor_dropout,4,0.0,0.3833991408667048,,clean_2M
1368,never_reached_object,sensor_dropout,4,0.0,0.3833991408667048,,clean_2M
1369,never_reached_object,sensor_dropout,4,0.0,0.3833991408667048,,clean_2M
1370,never_reached_object,sensor_dropout,4,0.0,0.3833991408667048,,clean_2M
1371,never_reached_object,sensor_dropout,4,0.0,0.3833991408667048,,clean_2M
1372,never_reached_object,sensor_dropout,4,0.0,0.3833991408667048,,clean_2M
1373,never_reached_object,sensor_dropout,4,0.0,0.3833991408667048,,clean_2M
1374,never_reached_object,sensor_dropout,4,0.0,0.3833991408667048,,clean_2M
1375,never_reached_object,sensor_dropout,4,0.0,0.3833991408667048,,clean_2M
1376,never_reached_object,sensor_dropout,4,0.0,0.3833991408667048,,clean_2M
1377,never_reached_object,sensor_dropout,4,0.0,0.3833991408667048,,clean_2M
1378,never_reached_object,sensor_dropout,4,0.0,0.3833991408667048,,clean_2M
1379,never_reached_object,sensor_dropout,4,0.0,0.3833991408667048,,clean_2M
1380,reached_but_failed_grasp,sensor_bias,4,0.0,0.8457257813872175,,clean_2M
1381,never_reached_object,sensor_bias,4,0.0,0.3833991408667048,,clean_2M
1382,never_reached_object,sensor_bias,4,0.0,0.3833991408667048,,clean_2M
1383,never_reached_object,sensor_bias,4,0.0,0.3833991408667048,,clean_2M
1384,grasped_but_dropped,sensor_bias,4,0.0,0.8374794227792656,,clean_2M
1385,reached_but_failed_grasp,sensor_bias,4,0.0,0.3833991408667048,,clean_2M
1386,never_reached_object,sensor_bias,4,0.0,0.3833991408667048,,clean_2M
1387,never_reached_object,sensor_bias,4,0.0,0.3833991408667048,,clean_2M
1388,never_reached_object,sensor_bias,4,0.0,0.3833991408667048,,clean_2M
1389,reached_but_failed_grasp,sensor_bias,4,0.0,0.7945077373712964,,clean_2M
1390,never_reached_object,sensor_bias,4,0.0,0.3833991408667048,,clean_2M
1391,never_reached_object,sensor_bias,4,0.0,0.3833991408667048,,clean_2M
1392,never_reached_object,sensor_bias,4,0.0,0.3833991408667048,,clean_2M
1393,reached_but_failed_grasp,sensor_bias,4,0.0,0.3833991408667048,,clean_2M
1394,never_reached_object,sensor_bias,4,0.0,0.3833991408667048,,clean_2M
1395,reached_but_failed_grasp,sensor_bias,4,0.0,0.7881277993783615,,clean_2M
1396,never_reached_object,sensor_bias,4,0.0,0.3833991408667048,,clean_2M
1397,reached_but_failed_grasp,sensor_bias,4,0.0,0.4975808518240809,,clean_2M
1398,never_reached_object,sensor_bias,4,0.0,0.3833991408667048,,clean_2M
1399,never_reached_object,sensor_bias,4,0.0,0.3833991408667048,,clean_2M
1400,never_reached_object,sensor_bias,4,0.0,0.7809256538768594,,clean_2M
1401,never_reached_object,sensor_bias,4,0.0,0.3833991408667048,,clean_2M
1402,never_reached_object,sensor_bias,4,0.0,0.3833991408667048,,clean_2M
1403,never_reached_object,sensor_bias,4,0.0,0.3833991408667048,,clean_2M
1404,reached_but_failed_grasp,sensor_bias,4,0.0,0.365722716793091,,clean_2M
1405,never_reached_object,sensor_bias,4,0.0,0.3833991408667048,,clean_2M
1406,never_reached_object,sensor_bias,4,0.0,0.3833991408667048,,clean_2M
1407,never_reached_object,sensor_bias,4,0.0,0.3833991408667048,,clean_2M
1408,never_reached_object,sensor_bias,4,0.0,0.3833991408667048,,clean_2M
1409,never_reached_object,sensor_bias,4,0.0,0.3833991408667048,,clean_2M
1410,success,action_clipping,4,1.0,0.0447932712480674,50.0,clean_2M
1411,success,action_clipping,4,1.0,0.0447932712480674,50.0,clean_2M
1412,success,action_clipping,4,1.0,0.0447932712480674,50.0,clean_2M
1413,success,action_clipping,4,1.0,0.0447932712480674,50.0,clean_2M
1414,success,action_clipping,4,1.0,0.0447932712480674,50.0,clean_2M
1415,success,action_clipping,4,1.0,0.0447932712480674,50.0,clean_2M
1416,success,action_clipping,4,1.0,0.0447932712480674,50.0,clean_2M
1417,success,action_clipping,4,1.0,0.0447932712480674,50.0,clean_2M
1418,success,action_clipping,4,1.0,0.0447932712480674,50.0,clean_2M
1419,success,action_clipping,4,1.0,0.0447932712480674,50.0,clean_2M
1420,success,action_clipping,4,1.0,0.0447932712480674,50.0,clean_2M
1421,success,action_clipping,4,1.0,0.0447932712480674,50.0,clean_2M
1422,success,action_clipping,4,1.0,0.0447932712480674,50.0,clean_2M
1423,success,action_clipping,4,1.0,0.0447932712480674,50.0,clean_2M
1424,success,action_clipping,4,1.0,0.0447932712480674,50.0,clean_2M
1425,success,action_clipping,4,1.0,0.0447932712480674,50.0,clean_2M
1426,success,action_clipping,4,1.0,0.0447932712480674,50.0,clean_2M
1427,success,action_clipping,4,1.0,0.0447932712480674,50.0,clean_2M
1428,success,action_clipping,4,1.0,0.0447932712480674,50.0,clean_2M
1429,success,action_clipping,4,1.0,0.0447932712480674,50.0,clean_2M
1430,success,action_clipping,4,1.0,0.0447932712480674,50.0,clean_2M
1431,success,action_clipping,4,1.0,0.0447932712480674,50.0,clean_2M
1432,success,action_clipping,4,1.0,0.0447932712480674,50.0,clean_2M
1433,success,action_clipping,4,1.0,0.0447932712480674,50.0,clean_2M
1434,success,action_clipping,4,1.0,0.0447932712480674,50.0,clean_2M
1435,success,action_clipping,4,1.0,0.0447932712480674,50.0,clean_2M
1436,success,action_clipping,4,1.0,0.0447932712480674,50.0,clean_2M
1437,success,action_clipping,4,1.0,0.0447932712480674,50.0,clean_2M
1438,success,action_clipping,4,1.0,0.0447932712480674,50.0,clean_2M
1439,success,action_clipping,4,1.0,0.0447932712480674,50.0,clean_2M
1440,success,action_delay,4,1.0,0.0338446487251948,21.0,clean_2M
1441,success,action_delay,4,1.0,0.0338446487251948,21.0,clean_2M
1442,success,action_delay,4,1.0,0.0338446487251948,21.0,clean_2M
1443,success,action_delay,4,1.0,0.0338446487251948,21.0,clean_2M
1444,success,action_delay,4,1.0,0.0338446487251948,21.0,clean_2M
1445,success,action_delay,4,1.0,0.0338446487251948,21.0,clean_2M
1446,success,action_delay,4,1.0,0.0338446487251948,21.0,clean_2M
1447,success,action_delay,4,1.0,0.0338446487251948,21.0,clean_2M
1448,success,action_delay,4,1.0,0.0338446487251948,21.0,clean_2M
1449,success,action_delay,4,1.0,0.0338446487251948,21.0,clean_2M
1450,success,action_delay,4,1.0,0.0338446487251948,21.0,clean_2M
1451,success,action_delay,4,1.0,0.0338446487251948,21.0,clean_2M
1452,success,action_delay,4,1.0,0.0338446487251948,21.0,clean_2M
1453,success,action_delay,4,1.0,0.0338446487251948,21.0,clean_2M
1454,success,action_delay,4,1.0,0.0338446487251948,21.0,clean_2M
1455,success,action_delay,4,1.0,0.0338446487251948,21.0,clean_2M
1456,success,action_delay,4,1.0,0.0338446487251948,21.0,clean_2M
1457,success,action_delay,4,1.0,0.0338446487251948,21.0,clean_2M
1458,success,action_delay,4,1.0,0.0338446487251948,21.0,clean_2M
1459,success,action_delay,4,1.0,0.0338446487251948,21.0,clean_2M
1460,success,action_delay,4,1.0,0.0338446487251948,21.0,clean_2M
1461,success,action_delay,4,1.0,0.0338446487251948,21.0,clean_2M
1462,success,action_delay,4,1.0,0.0338446487251948,21.0,clean_2M
1463,success,action_delay,4,1.0,0.0338446487251948,21.0,clean_2M
1464,success,action_delay,4,1.0,0.0338446487251948,21.0,clean_2M
1465,success,action_delay,4,1.0,0.0338446487251948,21.0,clean_2M
1466,success,action_delay,4,1.0,0.0338446487251948,21.0,clean_2M
1467,success,action_delay,4,1.0,0.0338446487251948,21.0,clean_2M
1468,success,action_delay,4,1.0,0.0338446487251948,21.0,clean_2M
1469,success,action_delay,4,1.0,0.0338446487251948,21.0,clean_2M
1470,never_reached_object,action_reversal,4,0.0,0.3833991408667048,,clean_2M
1471,never_reached_object,action_reversal,4,0.0,0.3833991408667048,,clean_2M
1472,never_reached_object,action_reversal,4,0.0,0.3833991408667048,,clean_2M
1473,never_reached_object,action_reversal,4,0.0,0.3833991408667048,,clean_2M
1474,never_reached_object,action_reversal,4,0.0,0.3833991408667048,,clean_2M
1475,never_reached_object,action_reversal,4,0.0,0.3833991408667048,,clean_2M
1476,never_reached_object,action_reversal,4,0.0,0.3833991408667048,,clean_2M
1477,never_reached_object,action_reversal,4,0.0,0.3833991408667048,,clean_2M
1478,never_reached_object,action_reversal,4,0.0,0.3833991408667048,,clean_2M
1479,never_reached_object,action_reversal,4,0.0,0.3833991408667048,,clean_2M
1480,never_reached_object,action_reversal,4,0.0,0.3833991408667048,,clean_2M
1481,never_reached_object,action_reversal,4,0.0,0.3833991408667048,,clean_2M
1482,never_reached_object,action_reversal,4,0.0,0.3833991408667048,,clean_2M
1483,never_reached_object,action_reversal,4,0.0,0.3833991408667048,,clean_2M
1484,never_reached_object,action_reversal,4,0.0,0.3833991408667048,,clean_2M
1485,never_reached_object,action_reversal,4,0.0,0.3833991408667048,,clean_2M
1486,never_reached_object,action_reversal,4,0.0,0.3833991408667048,,clean_2M
1487,never_reached_object,action_reversal,4,0.0,0.3833991408667048,,clean_2M
1488,never_reached_object,action_reversal,4,0.0,0.3833991408667048,,clean_2M
1489,never_reached_object,action_reversal,4,0.0,0.3833991408667048,,clean_2M
1490,never_reached_object,action_reversal,4,0.0,0.3833991408667048,,clean_2M
1491,never_reached_object,action_reversal,4,0.0,0.3833991408667048,,clean_2M
1492,never_reached_object,action_reversal,4,0.0,0.3833991408667048,,clean_2M
1493,never_reached_object,action_reversal,4,0.0,0.3833991408667048,,clean_2M
1494,never_reached_object,action_reversal,4,0.0,0.3833991408667048,,clean_2M
1495,never_reached_object,action_reversal,4,0.0,0.3833991408667048,,clean_2M
1496,never_reached_object,action_reversal,4,0.0,0.3833991408667048,,clean_2M
1497,never_reached_object,action_reversal,4,0.0,0.3833991408667048,,clean_2M
1498,never_reached_object,action_reversal,4,0.0,0.3833991408667048,,clean_2M
1499,never_reached_object,action_reversal,4,0.0,0.3833991408667048,,clean_2M
1500,spoofed_goal,goal_spoof_immediate,4,0.0,0.1045863594095766,,clean_2M
1501,spoofed_goal,goal_spoof_immediate,4,0.0,0.1257534555666296,,clean_2M
1502,spoofed_goal,goal_spoof_immediate,4,0.0,0.0669352650893008,,clean_2M
1503,success,goal_spoof_immediate,4,1.0,0.0438131914986883,17.0,clean_2M
1504,spoofed_goal,goal_spoof_immediate,4,0.0,0.1465726674720971,,clean_2M
1505,spoofed_goal,goal_spoof_immediate,4,0.0,0.0830915037949799,16.0,clean_2M
1506,spoofed_goal,goal_spoof_immediate,4,0.0,0.1004728850188419,,clean_2M
1507,spoofed_goal,goal_spoof_immediate,4,0.0,0.141461479502293,,clean_2M
1508,spoofed_goal,goal_spoof_immediate,4,0.0,0.0708491817873877,16.0,clean_2M
1509,success,goal_spoof_immediate,4,1.0,0.0235388053821967,14.0,clean_2M
1510,success,goal_spoof_immediate,4,1.0,0.0349749372656125,15.0,clean_2M
1511,spoofed_goal,goal_spoof_immediate,4,0.0,0.1145318010576417,,clean_2M
1512,spoofed_goal,goal_spoof_immediate,4,0.0,0.0792766175111602,,clean_2M
1513,spoofed_goal,goal_spoof_immediate,4,0.0,0.1629882621976155,,clean_2M
1514,spoofed_goal,goal_spoof_immediate,4,0.0,0.1416809884021588,,clean_2M
1515,spoofed_goal,goal_spoof_immediate,4,0.0,0.0871089715994961,,clean_2M
1516,success,goal_spoof_immediate,4,1.0,0.0335003801760046,15.0,clean_2M
1517,spoofed_goal,goal_spoof_immediate,4,0.0,0.1009094744122305,,clean_2M
1518,success,goal_spoof_immediate,4,1.0,0.0423508629764748,15.0,clean_2M
1519,success,goal_spoof_immediate,4,1.0,0.0455270845943035,15.0,clean_2M
1520,spoofed_goal,goal_spoof_immediate,4,0.0,0.0857371995945874,,clean_2M
1521,spoofed_goal,goal_spoof_immediate,4,0.0,0.1311003130068677,,clean_2M
1522,spoofed_goal,goal_spoof_immediate,4,0.0,0.156196703417674,,clean_2M
1523,spoofed_goal,goal_spoof_immediate,4,0.0,0.1441348025235504,,clean_2M
1524,spoofed_goal,goal_spoof_immediate,4,0.0,0.0502923216756934,15.0,clean_2M
1525,spoofed_goal,goal_spoof_immediate,4,0.0,0.1002758560121156,,clean_2M
1526,spoofed_goal,goal_spoof_immediate,4,0.0,0.0597280451150182,16.0,clean_2M
1527,spoofed_goal,goal_spoof_immediate,4,0.0,0.0642223673447356,16.0,clean_2M
1528,spoofed_goal,goal_spoof_immediate,4,0.0,0.1234171885795535,,clean_2M
1529,spoofed_goal,goal_spoof_immediate,4,0.0,0.1250839471355752,,clean_2M
1530,spoofed_goal,goal_spoof_midep,4,0.0,0.0606319646275401,15.0,clean_2M
1531,spoofed_goal,goal_spoof_midep,4,0.0,0.0931552302984345,15.0,clean_2M
1532,spoofed_goal,goal_spoof_midep,4,0.0,0.0817274320709576,15.0,clean_2M
1533,success,goal_spoof_midep,4,1.0,0.0319105844505295,15.0,clean_2M
1534,spoofed_goal,goal_spoof_midep,4,0.0,0.1071839800700141,15.0,clean_2M
1535,spoofed_goal,goal_spoof_midep,4,0.0,0.0755973233403832,15.0,clean_2M
1536,success,goal_spoof_midep,4,1.0,0.0429613401310662,15.0,clean_2M
1537,spoofed_goal,goal_spoof_midep,4,0.0,0.1011611538884127,15.0,clean_2M
1538,spoofed_goal,goal_spoof_midep,4,0.0,0.1262507879530532,15.0,clean_2M
1539,spoofed_goal,goal_spoof_midep,4,0.0,0.0915569970209407,15.0,clean_2M
1540,spoofed_goal,goal_spoof_midep,4,0.0,0.0904699049222748,15.0,clean_2M
1541,spoofed_goal,goal_spoof_midep,4,0.0,0.0901055633795231,15.0,clean_2M
1542,spoofed_goal,goal_spoof_midep,4,0.0,0.1101933046350793,15.0,clean_2M
1543,spoofed_goal,goal_spoof_midep,4,0.0,0.1080936439245539,15.0,clean_2M
1544,spoofed_goal,goal_spoof_midep,4,0.0,0.0763245368762116,15.0,clean_2M
1545,spoofed_goal,goal_spoof_midep,4,0.0,0.0855872534047338,15.0,clean_2M
1546,spoofed_goal,goal_spoof_midep,4,0.0,0.1302865614990029,15.0,clean_2M
1547,spoofed_goal,goal_spoof_midep,4,0.0,0.0639773929448034,15.0,clean_2M
1548,spoofed_goal,goal_spoof_midep,4,0.0,0.0766268150006473,15.0,clean_2M
1549,spoofed_goal,goal_spoof_midep,4,0.0,0.1279571187399561,15.0,clean_2M
1550,spoofed_goal,goal_spoof_midep,4,0.0,0.0633585532707736,15.0,clean_2M
1551,spoofed_goal,goal_spoof_midep,4,0.0,0.0805354515993078,15.0,clean_2M
1552,spoofed_goal,goal_spoof_midep,4,0.0,0.0786027634863137,15.0,clean_2M
1553,spoofed_goal,goal_spoof_midep,4,0.0,0.1224622107476802,15.0,clean_2M
1554,spoofed_goal,goal_spoof_midep,4,0.0,0.085413984587079,15.0,clean_2M
1555,spoofed_goal,goal_spoof_midep,4,0.0,0.1726165938591961,15.0,clean_2M
1556,spoofed_goal,goal_spoof_midep,4,0.0,0.0533595584126392,15.0,clean_2M
1557,spoofed_goal,goal_spoof_midep,4,0.0,0.086123207359831,15.0,clean_2M
1558,spoofed_goal,goal_spoof_midep,4,0.0,0.1297231917627651,15.0,clean_2M
1559,spoofed_goal,goal_spoof_midep,4,0.0,0.0817142968135864,15.0,clean_2M
1560,wrong_direction,object_pose_spoof,4,0.0,0.1188773039881651,,clean_2M
1561,success,object_pose_spoof,4,1.0,0.0231987365553803,15.0,clean_2M
1562,action_control_corruption,object_pose_spoof,4,0.0,0.0552378096018036,15.0,clean_2M
1563,wrong_direction,object_pose_spoof,4,0.0,0.0922750665502597,,clean_2M
1564,action_control_corruption,object_pose_spoof,4,0.0,0.0525473454796908,18.0,clean_2M
1565,success,object_pose_spoof,4,1.0,0.044655970807436,16.0,clean_2M
1566,action_control_corruption,object_pose_spoof,4,0.0,0.0636366258488763,,clean_2M
1567,wrong_direction,object_pose_spoof,4,0.0,0.0735580698343869,,clean_2M
1568,wrong_direction,object_pose_spoof,4,0.0,0.1312180585707765,,clean_2M
1569,grasped_but_dropped,object_pose_spoof,4,0.0,0.1010658668897399,,clean_2M
1570,action_control_corruption,object_pose_spoof,4,0.0,0.0622650324326022,,clean_2M
1571,wrong_direction,object_pose_spoof,4,0.0,0.0590400689338982,,clean_2M
1572,wrong_direction,object_pose_spoof,4,0.0,0.0722381854989501,,clean_2M
1573,action_control_corruption,object_pose_spoof,4,0.0,0.0614510251451563,,clean_2M
1574,wrong_direction,object_pose_spoof,4,0.0,0.1147274837625561,,clean_2M
1575,action_control_corruption,object_pose_spoof,4,0.0,0.0652516013950093,18.0,clean_2M
1576,success,object_pose_spoof,4,1.0,0.0380879861088539,16.0,clean_2M
1577,wrong_direction,object_pose_spoof,4,0.0,0.0969915845737306,,clean_2M
1578,wrong_direction,object_pose_spoof,4,0.0,0.1274966474636637,,clean_2M
1579,wrong_direction,object_pose_spoof,4,0.0,0.0864170777826245,,clean_2M
1580,wrong_direction,object_pose_spoof,4,0.0,0.091044015984319,,clean_2M
1581,action_control_corruption,object_pose_spoof,4,0.0,0.0820538982320588,,clean_2M
1582,success,object_pose_spoof,4,1.0,0.02843928889416,15.0,clean_2M
1583,action_control_corruption,object_pose_spoof,4,0.0,0.0584296978038337,20.0,clean_2M
1584,wrong_direction,object_pose_spoof,4,0.0,0.113785890874068,,clean_2M
1585,action_control_corruption,object_pose_spoof,4,0.0,0.0655160176450135,,clean_2M
1586,action_control_corruption,object_pose_spoof,4,0.0,0.0587155349057111,,clean_2M
1587,wrong_direction,object_pose_spoof,4,0.0,0.0968090539213281,,clean_2M
1588,wrong_direction,object_pose_spoof,4,0.0,0.1179990599426516,,clean_2M
1589,action_control_corruption,object_pose_spoof,4,0.0,0.0963670693800987,,clean_2M
1590,never_reached_object,grip_state_falsification,4,0.0,0.3833991408667048,,clean_2M
1591,never_reached_object,grip_state_falsification,4,0.0,0.3833991408667048,,clean_2M
1592,never_reached_object,grip_state_falsification,4,0.0,0.3833991408667048,,clean_2M
1593,never_reached_object,grip_state_falsification,4,0.0,0.3833991408667048,,clean_2M
1594,never_reached_object,grip_state_falsification,4,0.0,0.3833991408667048,,clean_2M
1595,never_reached_object,grip_state_falsification,4,0.0,0.3833991408667048,,clean_2M
1596,never_reached_object,grip_state_falsification,4,0.0,0.3833991408667048,,clean_2M
1597,never_reached_object,grip_state_falsification,4,0.0,0.3833991408667048,,clean_2M
1598,never_reached_object,grip_state_falsification,4,0.0,0.3833991408667048,,clean_2M
1599,never_reached_object,grip_state_falsification,4,0.0,0.3833991408667048,,clean_2M
1600,never_reached_object,grip_state_falsification,4,0.0,0.3833991408667048,,clean_2M
1601,never_reached_object,grip_state_falsification,4,0.0,0.3833991408667048,,clean_2M
1602,never_reached_object,grip_state_falsification,4,0.0,0.3833991408667048,,clean_2M
1603,never_reached_object,grip_state_falsification,4,0.0,0.3833991408667048,,clean_2M
1604,never_reached_object,grip_state_falsification,4,0.0,0.3833991408667048,,clean_2M
1605,never_reached_object,grip_state_falsification,4,0.0,0.3833991408667048,,clean_2M
1606,never_reached_object,grip_state_falsification,4,0.0,0.3833991408667048,,clean_2M
1607,never_reached_object,grip_state_falsification,4,0.0,0.3833991408667048,,clean_2M
1608,never_reached_object,grip_state_falsification,4,0.0,0.3833991408667048,,clean_2M
1609,never_reached_object,grip_state_falsification,4,0.0,0.3833991408667048,,clean_2M
1610,never_reached_object,grip_state_falsification,4,0.0,0.3833991408667048,,clean_2M
1611,never_reached_object,grip_state_falsification,4,0.0,0.3833991408667048,,clean_2M
1612,never_reached_object,grip_state_falsification,4,0.0,0.3833991408667048,,clean_2M
1613,never_reached_object,grip_state_falsification,4,0.0,0.3833991408667048,,clean_2M
1614,never_reached_object,grip_state_falsification,4,0.0,0.3833991408667048,,clean_2M
1615,never_reached_object,grip_state_falsification,4,0.0,0.3833991408667048,,clean_2M
1616,never_reached_object,grip_state_falsification,4,0.0,0.3833991408667048,,clean_2M
1617,never_reached_object,grip_state_falsification,4,0.0,0.3833991408667048,,clean_2M
1618,never_reached_object,grip_state_falsification,4,0.0,0.3833991408667048,,clean_2M
1619,never_reached_object,grip_state_falsification,4,0.0,0.3833991408667048,,clean_2M
1620,never_reached_object,contact_dropout,4,0.0,0.3833991408667048,,clean_2M
1621,never_reached_object,contact_dropout,4,0.0,0.3833991408667048,,clean_2M
1622,never_reached_object,contact_dropout,4,0.0,0.3833991408667048,,clean_2M
1623,never_reached_object,contact_dropout,4,0.0,0.3833991408667048,,clean_2M
1624,never_reached_object,contact_dropout,4,0.0,0.3833991408667048,,clean_2M
1625,never_reached_object,contact_dropout,4,0.0,0.3833991408667048,,clean_2M
1626,never_reached_object,contact_dropout,4,0.0,0.3833991408667048,,clean_2M
1627,never_reached_object,contact_dropout,4,0.0,0.3833991408667048,,clean_2M
1628,never_reached_object,contact_dropout,4,0.0,0.3833991408667048,,clean_2M
1629,never_reached_object,contact_dropout,4,0.0,0.3833991408667048,,clean_2M
1630,never_reached_object,contact_dropout,4,0.0,0.3833991408667048,,clean_2M
1631,never_reached_object,contact_dropout,4,0.0,0.3833991408667048,,clean_2M
1632,never_reached_object,contact_dropout,4,0.0,0.3833991408667048,,clean_2M
1633,never_reached_object,contact_dropout,4,0.0,0.3833991408667048,,clean_2M
1634,never_reached_object,contact_dropout,4,0.0,0.3833991408667048,,clean_2M
1635,never_reached_object,contact_dropout,4,0.0,0.3833991408667048,,clean_2M
1636,never_reached_object,contact_dropout,4,0.0,0.3833991408667048,,clean_2M
1637,never_reached_object,contact_dropout,4,0.0,0.3833991408667048,,clean_2M
1638,never_reached_object,contact_dropout,4,0.0,0.3833991408667048,,clean_2M
1639,never_reached_object,contact_dropout,4,0.0,0.3833991408667048,,clean_2M
1640,never_reached_object,contact_dropout,4,0.0,0.3833991408667048,,clean_2M
1641,never_reached_object,contact_dropout,4,0.0,0.3833991408667048,,clean_2M
1642,never_reached_object,contact_dropout,4,0.0,0.3833991408667048,,clean_2M
1643,never_reached_object,contact_dropout,4,0.0,0.3833991408667048,,clean_2M
1644,never_reached_object,contact_dropout,4,0.0,0.3833991408667048,,clean_2M
1645,never_reached_object,contact_dropout,4,0.0,0.3833991408667048,,clean_2M
1646,never_reached_object,contact_dropout,4,0.0,0.3833991408667048,,clean_2M
1647,never_reached_object,contact_dropout,4,0.0,0.3833991408667048,,clean_2M
1648,never_reached_object,contact_dropout,4,0.0,0.3833991408667048,,clean_2M
1649,never_reached_object,contact_dropout,4,0.0,0.3833991408667048,,clean_2M
0,never_reached_object,clean,0,0.0,0.3549225360528287,,clean_500k
1,never_reached_object,clean,0,0.0,0.3549225360528287,,clean_500k
2,never_reached_object,clean,0,0.0,0.3549225360528287,,clean_500k
3,never_reached_object,clean,0,0.0,0.3549225360528287,,clean_500k
4,never_reached_object,clean,0,0.0,0.3549225360528287,,clean_500k
5,never_reached_object,clean,0,0.0,0.3549225360528287,,clean_500k
6,never_reached_object,clean,0,0.0,0.3549225360528287,,clean_500k
7,never_reached_object,clean,0,0.0,0.3549225360528287,,clean_500k
8,never_reached_object,clean,0,0.0,0.3549225360528287,,clean_500k
9,never_reached_object,clean,0,0.0,0.3549225360528287,,clean_500k
10,never_reached_object,clean,0,0.0,0.3549225360528287,,clean_500k
11,never_reached_object,clean,0,0.0,0.3549225360528287,,clean_500k
12,never_reached_object,clean,0,0.0,0.3549225360528287,,clean_500k
13,never_reached_object,clean,0,0.0,0.3549225360528287,,clean_500k
14,never_reached_object,clean,0,0.0,0.3549225360528287,,clean_500k
15,never_reached_object,clean,0,0.0,0.3549225360528287,,clean_500k
16,never_reached_object,clean,0,0.0,0.3549225360528287,,clean_500k
17,never_reached_object,clean,0,0.0,0.3549225360528287,,clean_500k
18,never_reached_object,clean,0,0.0,0.3549225360528287,,clean_500k
19,never_reached_object,clean,0,0.0,0.3549225360528287,,clean_500k
20,never_reached_object,clean,0,0.0,0.3549225360528287,,clean_500k
21,never_reached_object,clean,0,0.0,0.3549225360528287,,clean_500k
22,never_reached_object,clean,0,0.0,0.3549225360528287,,clean_500k
23,never_reached_object,clean,0,0.0,0.3549225360528287,,clean_500k
24,never_reached_object,clean,0,0.0,0.3549225360528287,,clean_500k
25,never_reached_object,clean,0,0.0,0.3549225360528287,,clean_500k
26,never_reached_object,clean,0,0.0,0.3549225360528287,,clean_500k
27,never_reached_object,clean,0,0.0,0.3549225360528287,,clean_500k
28,never_reached_object,clean,0,0.0,0.3549225360528287,,clean_500k
29,never_reached_object,clean,0,0.0,0.3549225360528287,,clean_500k
30,never_reached_object,sensor_dropout,0,0.0,0.3549225360528287,,clean_500k
31,never_reached_object,sensor_dropout,0,0.0,0.3549225360528287,,clean_500k
32,never_reached_object,sensor_dropout,0,0.0,0.3549225360528287,,clean_500k
33,never_reached_object,sensor_dropout,0,0.0,0.3549225360528287,,clean_500k
34,never_reached_object,sensor_dropout,0,0.0,0.3549225360528287,,clean_500k
35,never_reached_object,sensor_dropout,0,0.0,0.3549225360528287,,clean_500k
36,never_reached_object,sensor_dropout,0,0.0,0.3549225360528287,,clean_500k
37,never_reached_object,sensor_dropout,0,0.0,0.3549225360528287,,clean_500k
38,never_reached_object,sensor_dropout,0,0.0,0.3549225360528287,,clean_500k
39,never_reached_object,sensor_dropout,0,0.0,0.3549225360528287,,clean_500k
40,never_reached_object,sensor_dropout,0,0.0,0.3549225360528287,,clean_500k
41,never_reached_object,sensor_dropout,0,0.0,0.3549225360528287,,clean_500k
42,never_reached_object,sensor_dropout,0,0.0,0.3549225360528287,,clean_500k
43,never_reached_object,sensor_dropout,0,0.0,0.3549225360528287,,clean_500k
44,never_reached_object,sensor_dropout,0,0.0,0.3549225360528287,,clean_500k
45,never_reached_object,sensor_dropout,0,0.0,0.3549225360528287,,clean_500k
46,never_reached_object,sensor_dropout,0,0.0,0.3549225360528287,,clean_500k
47,never_reached_object,sensor_dropout,0,0.0,0.3549225360528287,,clean_500k
48,never_reached_object,sensor_dropout,0,0.0,0.3549225360528287,,clean_500k
49,never_reached_object,sensor_dropout,0,0.0,0.3549225360528287,,clean_500k
50,never_reached_object,sensor_dropout,0,0.0,0.3549225360528287,,clean_500k
51,never_reached_object,sensor_dropout,0,0.0,0.3549225360528287,,clean_500k
52,never_reached_object,sensor_dropout,0,0.0,0.3549225360528287,,clean_500k
53,never_reached_object,sensor_dropout,0,0.0,0.3549225360528287,,clean_500k
54,never_reached_object,sensor_dropout,0,0.0,0.3549225360528287,,clean_500k
55,never_reached_object,sensor_dropout,0,0.0,0.3549225360528287,,clean_500k
56,never_reached_object,sensor_dropout,0,0.0,0.3549225360528287,,clean_500k
57,never_reached_object,sensor_dropout,0,0.0,0.3549225360528287,,clean_500k
58,never_reached_object,sensor_dropout,0,0.0,0.3549225360528287,,clean_500k
59,never_reached_object,sensor_dropout,0,0.0,0.3549225360528287,,clean_500k
60,never_reached_object,sensor_bias,0,0.0,0.3549225360528287,,clean_500k
61,never_reached_object,sensor_bias,0,0.0,0.3549225360528287,,clean_500k
62,never_reached_object,sensor_bias,0,0.0,0.3549225360528287,,clean_500k
63,never_reached_object,sensor_bias,0,0.0,0.3549225360528287,,clean_500k
64,never_reached_object,sensor_bias,0,0.0,0.3549225360528287,,clean_500k
65,never_reached_object,sensor_bias,0,0.0,0.4063882775684813,,clean_500k
66,never_reached_object,sensor_bias,0,0.0,0.3549225360528287,,clean_500k
67,never_reached_object,sensor_bias,0,0.0,0.3549225360528287,,clean_500k
68,reached_but_failed_grasp,sensor_bias,0,0.0,0.369009583703668,,clean_500k
69,reached_but_failed_grasp,sensor_bias,0,0.0,0.3126514539961298,,clean_500k
70,never_reached_object,sensor_bias,0,0.0,0.3549225360528287,,clean_500k
71,never_reached_object,sensor_bias,0,0.0,0.3549225360528287,,clean_500k
72,never_reached_object,sensor_bias,0,0.0,0.3549225360528287,,clean_500k
73,never_reached_object,sensor_bias,0,0.0,0.3549225360528287,,clean_500k
74,never_reached_object,sensor_bias,0,0.0,0.3549225360528287,,clean_500k
75,never_reached_object,sensor_bias,0,0.0,0.3549225360528287,,clean_500k
76,reached_but_failed_grasp,sensor_bias,0,0.0,0.2941456650530318,,clean_500k
77,never_reached_object,sensor_bias,0,0.0,0.3549225360528287,,clean_500k
78,reached_but_failed_grasp,sensor_bias,0,0.0,0.3620555605642393,,clean_500k
79,never_reached_object,sensor_bias,0,0.0,0.3549225360528287,,clean_500k
80,never_reached_object,sensor_bias,0,0.0,0.3549225360528287,,clean_500k
81,reached_but_failed_grasp,sensor_bias,0,0.0,0.4697483181309791,,clean_500k
82,never_reached_object,sensor_bias,0,0.0,0.3549225360528287,,clean_500k
83,never_reached_object,sensor_bias,0,0.0,0.3549225360528287,,clean_500k
84,never_reached_object,sensor_bias,0,0.0,0.3549225360528287,,clean_500k
85,never_reached_object,sensor_bias,0,0.0,0.3549225360528287,,clean_500k
86,never_reached_object,sensor_bias,0,0.0,0.3549225360528287,,clean_500k
87,never_reached_object,sensor_bias,0,0.0,0.3549225360528287,,clean_500k
88,never_reached_object,sensor_bias,0,0.0,0.3549225360528287,,clean_500k
89,never_reached_object,sensor_bias,0,0.0,0.4060091322428008,,clean_500k
90,never_reached_object,action_clipping,0,0.0,0.3549225360528287,,clean_500k
91,never_reached_object,action_clipping,0,0.0,0.3549225360528287,,clean_500k
92,never_reached_object,action_clipping,0,0.0,0.3549225360528287,,clean_500k
93,never_reached_object,action_clipping,0,0.0,0.3549225360528287,,clean_500k
94,never_reached_object,action_clipping,0,0.0,0.3549225360528287,,clean_500k
95,never_reached_object,action_clipping,0,0.0,0.3549225360528287,,clean_500k
96,never_reached_object,action_clipping,0,0.0,0.3549225360528287,,clean_500k
97,never_reached_object,action_clipping,0,0.0,0.3549225360528287,,clean_500k
98,never_reached_object,action_clipping,0,0.0,0.3549225360528287,,clean_500k
99,never_reached_object,action_clipping,0,0.0,0.3549225360528287,,clean_500k
100,never_reached_object,action_clipping,0,0.0,0.3549225360528287,,clean_500k
101,never_reached_object,action_clipping,0,0.0,0.3549225360528287,,clean_500k
102,never_reached_object,action_clipping,0,0.0,0.3549225360528287,,clean_500k
103,never_reached_object,action_clipping,0,0.0,0.3549225360528287,,clean_500k
104,never_reached_object,action_clipping,0,0.0,0.3549225360528287,,clean_500k
105,never_reached_object,action_clipping,0,0.0,0.3549225360528287,,clean_500k
106,never_reached_object,action_clipping,0,0.0,0.3549225360528287,,clean_500k
107,never_reached_object,action_clipping,0,0.0,0.3549225360528287,,clean_500k
108,never_reached_object,action_clipping,0,0.0,0.3549225360528287,,clean_500k
109,never_reached_object,action_clipping,0,0.0,0.3549225360528287,,clean_500k
110,never_reached_object,action_clipping,0,0.0,0.3549225360528287,,clean_500k
111,never_reached_object,action_clipping,0,0.0,0.3549225360528287,,clean_500k
112,never_reached_object,action_clipping,0,0.0,0.3549225360528287,,clean_500k
113,never_reached_object,action_clipping,0,0.0,0.3549225360528287,,clean_500k
114,never_reached_object,action_clipping,0,0.0,0.3549225360528287,,clean_500k
115,never_reached_object,action_clipping,0,0.0,0.3549225360528287,,clean_500k
116,never_reached_object,action_clipping,0,0.0,0.3549225360528287,,clean_500k
117,never_reached_object,action_clipping,0,0.0,0.3549225360528287,,clean_500k
118,never_reached_object,action_clipping,0,0.0,0.3549225360528287,,clean_500k
119,never_reached_object,action_clipping,0,0.0,0.3549225360528287,,clean_500k
120,never_reached_object,action_delay,0,0.0,0.3549225360528287,,clean_500k
121,never_reached_object,action_delay,0,0.0,0.3549225360528287,,clean_500k
122,never_reached_object,action_delay,0,0.0,0.3549225360528287,,clean_500k
123,never_reached_object,action_delay,0,0.0,0.3549225360528287,,clean_500k
124,never_reached_object,action_delay,0,0.0,0.3549225360528287,,clean_500k
125,never_reached_object,action_delay,0,0.0,0.3549225360528287,,clean_500k
126,never_reached_object,action_delay,0,0.0,0.3549225360528287,,clean_500k
127,never_reached_object,action_delay,0,0.0,0.3549225360528287,,clean_500k
128,never_reached_object,action_delay,0,0.0,0.3549225360528287,,clean_500k
129,never_reached_object,action_delay,0,0.0,0.3549225360528287,,clean_500k
130,never_reached_object,action_delay,0,0.0,0.3549225360528287,,clean_500k
131,never_reached_object,action_delay,0,0.0,0.3549225360528287,,clean_500k
132,never_reached_object,action_delay,0,0.0,0.3549225360528287,,clean_500k
133,never_reached_object,action_delay,0,0.0,0.3549225360528287,,clean_500k
134,never_reached_object,action_delay,0,0.0,0.3549225360528287,,clean_500k
135,never_reached_object,action_delay,0,0.0,0.3549225360528287,,clean_500k
136,never_reached_object,action_delay,0,0.0,0.3549225360528287,,clean_500k
137,never_reached_object,action_delay,0,0.0,0.3549225360528287,,clean_500k
138,never_reached_object,action_delay,0,0.0,0.3549225360528287,,clean_500k
139,never_reached_object,action_delay,0,0.0,0.3549225360528287,,clean_500k
140,never_reached_object,action_delay,0,0.0,0.3549225360528287,,clean_500k
141,never_reached_object,action_delay,0,0.0,0.3549225360528287,,clean_500k
142,never_reached_object,action_delay,0,0.0,0.3549225360528287,,clean_500k
143,never_reached_object,action_delay,0,0.0,0.3549225360528287,,clean_500k
144,never_reached_object,action_delay,0,0.0,0.3549225360528287,,clean_500k
145,never_reached_object,action_delay,0,0.0,0.3549225360528287,,clean_500k
146,never_reached_object,action_delay,0,0.0,0.3549225360528287,,clean_500k
147,never_reached_object,action_delay,0,0.0,0.3549225360528287,,clean_500k
148,never_reached_object,action_delay,0,0.0,0.3549225360528287,,clean_500k
149,never_reached_object,action_delay,0,0.0,0.3549225360528287,,clean_500k
150,never_reached_object,action_reversal,0,0.0,0.3549225360528287,,clean_500k
151,never_reached_object,action_reversal,0,0.0,0.3549225360528287,,clean_500k
152,never_reached_object,action_reversal,0,0.0,0.3549225360528287,,clean_500k
153,never_reached_object,action_reversal,0,0.0,0.3549225360528287,,clean_500k
154,never_reached_object,action_reversal,0,0.0,0.3549225360528287,,clean_500k
155,never_reached_object,action_reversal,0,0.0,0.3549225360528287,,clean_500k
156,never_reached_object,action_reversal,0,0.0,0.3549225360528287,,clean_500k
157,never_reached_object,action_reversal,0,0.0,0.3549225360528287,,clean_500k
158,never_reached_object,action_reversal,0,0.0,0.3549225360528287,,clean_500k
159,never_reached_object,action_reversal,0,0.0,0.3549225360528287,,clean_500k
160,never_reached_object,action_reversal,0,0.0,0.3549225360528287,,clean_500k
161,never_reached_object,action_reversal,0,0.0,0.3549225360528287,,clean_500k
162,never_reached_object,action_reversal,0,0.0,0.3549225360528287,,clean_500k
163,never_reached_object,action_reversal,0,0.0,0.3549225360528287,,clean_500k
164,never_reached_object,action_reversal,0,0.0,0.3549225360528287,,clean_500k
165,never_reached_object,action_reversal,0,0.0,0.3549225360528287,,clean_500k
166,never_reached_object,action_reversal,0,0.0,0.3549225360528287,,clean_500k
167,never_reached_object,action_reversal,0,0.0,0.3549225360528287,,clean_500k
168,never_reached_object,action_reversal,0,0.0,0.3549225360528287,,clean_500k
169,never_reached_object,action_reversal,0,0.0,0.3549225360528287,,clean_500k
170,never_reached_object,action_reversal,0,0.0,0.3549225360528287,,clean_500k
171,never_reached_object,action_reversal,0,0.0,0.3549225360528287,,clean_500k
172,never_reached_object,action_reversal,0,0.0,0.3549225360528287,,clean_500k
173,never_reached_object,action_reversal,0,0.0,0.3549225360528287,,clean_500k
174,never_reached_object,action_reversal,0,0.0,0.3549225360528287,,clean_500k
175,never_reached_object,action_reversal,0,0.0,0.3549225360528287,,clean_500k
176,never_reached_object,action_reversal,0,0.0,0.3549225360528287,,clean_500k
177,never_reached_object,action_reversal,0,0.0,0.3549225360528287,,clean_500k
178,never_reached_object,action_reversal,0,0.0,0.3549225360528287,,clean_500k
179,never_reached_object,action_reversal,0,0.0,0.3549225360528287,,clean_500k
180,reached_but_failed_grasp,goal_spoof_immediate,0,0.0,0.3526731126773962,,clean_500k
181,never_reached_object,goal_spoof_immediate,0,0.0,0.3549225360528287,,clean_500k
182,never_reached_object,goal_spoof_immediate,0,0.0,0.3549225360528287,,clean_500k
183,never_reached_object,goal_spoof_immediate,0,0.0,0.3549225360528287,,clean_500k
184,never_reached_object,goal_spoof_immediate,0,0.0,0.3549225360528287,,clean_500k
185,never_reached_object,goal_spoof_immediate,0,0.0,0.3549225360528287,,clean_500k
186,never_reached_object,goal_spoof_immediate,0,0.0,0.3549225360528287,,clean_500k
187,never_reached_object,goal_spoof_immediate,0,0.0,0.3549225360528287,,clean_500k
188,never_reached_object,goal_spoof_immediate,0,0.0,0.3549225360528287,,clean_500k
189,never_reached_object,goal_spoof_immediate,0,0.0,0.3549225360528287,,clean_500k
190,never_reached_object,goal_spoof_immediate,0,0.0,0.3549225360528287,,clean_500k
191,never_reached_object,goal_spoof_immediate,0,0.0,0.3549225360528287,,clean_500k
192,never_reached_object,goal_spoof_immediate,0,0.0,0.3549225360528287,,clean_500k
193,never_reached_object,goal_spoof_immediate,0,0.0,0.3549225360528287,,clean_500k
194,never_reached_object,goal_spoof_immediate,0,0.0,0.3549225360528287,,clean_500k
195,never_reached_object,goal_spoof_immediate,0,0.0,0.3549225360528287,,clean_500k
196,never_reached_object,goal_spoof_immediate,0,0.0,0.3549225360528287,,clean_500k
197,never_reached_object,goal_spoof_immediate,0,0.0,0.3549225360528287,,clean_500k
198,reached_but_failed_grasp,goal_spoof_immediate,0,0.0,0.3549225360528287,,clean_500k
199,never_reached_object,goal_spoof_immediate,0,0.0,0.3549225360528287,,clean_500k
200,reached_but_failed_grasp,goal_spoof_immediate,0,0.0,0.354517843611166,,clean_500k
201,reached_but_failed_grasp,goal_spoof_immediate,0,0.0,0.3549225360528287,,clean_500k
202,never_reached_object,goal_spoof_immediate,0,0.0,0.3549225360528287,,clean_500k
203,never_reached_object,goal_spoof_immediate,0,0.0,0.3549225360528287,,clean_500k
204,reached_but_failed_grasp,goal_spoof_immediate,0,0.0,0.3594712116587384,,clean_500k
205,reached_but_failed_grasp,goal_spoof_immediate,0,0.0,0.3539757490304776,,clean_500k
206,never_reached_object,goal_spoof_immediate,0,0.0,0.3549225360528287,,clean_500k
207,never_reached_object,goal_spoof_immediate,0,0.0,0.3549225360528287,,clean_500k
208,never_reached_object,goal_spoof_immediate,0,0.0,0.3549225360528287,,clean_500k
209,never_reached_object,goal_spoof_immediate,0,0.0,0.3549225360528287,,clean_500k
210,never_reached_object,goal_spoof_midep,0,0.0,0.3549225360528287,,clean_500k
211,never_reached_object,goal_spoof_midep,0,0.0,0.3549225360528287,,clean_500k
212,never_reached_object,goal_spoof_midep,0,0.0,0.3549225360528287,,clean_500k
213,never_reached_object,goal_spoof_midep,0,0.0,0.3549225360528287,,clean_500k
214,never_reached_object,goal_spoof_midep,0,0.0,0.3549225360528287,,clean_500k
215,never_reached_object,goal_spoof_midep,0,0.0,0.3549225360528287,,clean_500k
216,never_reached_object,goal_spoof_midep,0,0.0,0.3549225360528287,,clean_500k
217,never_reached_object,goal_spoof_midep,0,0.0,0.3549225360528287,,clean_500k
218,never_reached_object,goal_spoof_midep,0,0.0,0.3549225360528287,,clean_500k
219,never_reached_object,goal_spoof_midep,0,0.0,0.3549225360528287,,clean_500k
220,never_reached_object,goal_spoof_midep,0,0.0,0.3549225360528287,,clean_500k
221,never_reached_object,goal_spoof_midep,0,0.0,0.3549225360528287,,clean_500k
222,never_reached_object,goal_spoof_midep,0,0.0,0.3549225360528287,,clean_500k
223,never_reached_object,goal_spoof_midep,0,0.0,0.3549225360528287,,clean_500k
224,never_reached_object,goal_spoof_midep,0,0.0,0.3549225360528287,,clean_500k
225,never_reached_object,goal_spoof_midep,0,0.0,0.3549225360528287,,clean_500k
226,never_reached_object,goal_spoof_midep,0,0.0,0.3549225360528287,,clean_500k
227,never_reached_object,goal_spoof_midep,0,0.0,0.3549225360528287,,clean_500k
228,never_reached_object,goal_spoof_midep,0,0.0,0.3549225360528287,,clean_500k
229,never_reached_object,goal_spoof_midep,0,0.0,0.3549225360528287,,clean_500k
230,never_reached_object,goal_spoof_midep,0,0.0,0.3549225360528287,,clean_500k
231,never_reached_object,goal_spoof_midep,0,0.0,0.3549225360528287,,clean_500k
232,never_reached_object,goal_spoof_midep,0,0.0,0.3549225360528287,,clean_500k
233,never_reached_object,goal_spoof_midep,0,0.0,0.3549225360528287,,clean_500k
234,never_reached_object,goal_spoof_midep,0,0.0,0.3549225360528287,,clean_500k
235,never_reached_object,goal_spoof_midep,0,0.0,0.3549225360528287,,clean_500k
236,never_reached_object,goal_spoof_midep,0,0.0,0.3549225360528287,,clean_500k
237,never_reached_object,goal_spoof_midep,0,0.0,0.3549225360528287,,clean_500k
238,never_reached_object,goal_spoof_midep,0,0.0,0.3549225360528287,,clean_500k
239,never_reached_object,goal_spoof_midep,0,0.0,0.3549225360528287,,clean_500k
240,never_reached_object,object_pose_spoof,0,0.0,0.3549225360528287,,clean_500k
241,never_reached_object,object_pose_spoof,0,0.0,0.3549225360528287,,clean_500k
242,never_reached_object,object_pose_spoof,0,0.0,0.3549225360528287,,clean_500k
243,never_reached_object,object_pose_spoof,0,0.0,0.3549225360528287,,clean_500k
244,reached_but_failed_grasp,object_pose_spoof,0,0.0,0.2432247927879385,,clean_500k
245,reached_but_failed_grasp,object_pose_spoof,0,0.0,0.3549225360528287,,clean_500k
246,never_reached_object,object_pose_spoof,0,0.0,0.3549225360528287,,clean_500k
247,reached_but_failed_grasp,object_pose_spoof,0,0.0,0.3549225360528287,,clean_500k
248,reached_but_failed_grasp,object_pose_spoof,0,0.0,0.3570632428520374,,clean_500k
249,never_reached_object,object_pose_spoof,0,0.0,0.3549225360528287,,clean_500k
250,never_reached_object,object_pose_spoof,0,0.0,0.3549225360528287,,clean_500k
251,reached_but_failed_grasp,object_pose_spoof,0,0.0,0.1253304312988715,,clean_500k
252,never_reached_object,object_pose_spoof,0,0.0,0.3549225360528287,,clean_500k
253,never_reached_object,object_pose_spoof,0,0.0,0.3549225360528287,,clean_500k
254,never_reached_object,object_pose_spoof,0,0.0,0.3549225360528287,,clean_500k
255,never_reached_object,object_pose_spoof,0,0.0,0.3549225360528287,,clean_500k
256,reached_but_failed_grasp,object_pose_spoof,0,0.0,0.2631608427904299,,clean_500k
257,never_reached_object,object_pose_spoof,0,0.0,0.3549225360528287,,clean_500k
258,reached_but_failed_grasp,object_pose_spoof,0,0.0,0.3656404592777704,,clean_500k
259,never_reached_object,object_pose_spoof,0,0.0,0.3549225360528287,,clean_500k
260,reached_but_failed_grasp,object_pose_spoof,0,0.0,0.5802183710216758,,clean_500k
261,never_reached_object,object_pose_spoof,0,0.0,0.3549225360528287,,clean_500k
262,never_reached_object,object_pose_spoof,0,0.0,0.3549225360528287,,clean_500k
263,never_reached_object,object_pose_spoof,0,0.0,0.3549225360528287,,clean_500k
264,never_reached_object,object_pose_spoof,0,0.0,0.3549225360528287,,clean_500k
265,never_reached_object,object_pose_spoof,0,0.0,0.3549225360528287,,clean_500k
266,never_reached_object,object_pose_spoof,0,0.0,0.3549225360528287,,clean_500k
267,reached_but_failed_grasp,object_pose_spoof,0,0.0,0.3543074569863372,,clean_500k
268,reached_but_failed_grasp,object_pose_spoof,0,0.0,0.3495341920013977,,clean_500k
269,never_reached_object,object_pose_spoof,0,0.0,0.3549225360528287,,clean_500k
270,never_reached_object,grip_state_falsification,0,0.0,0.3549225360528287,,clean_500k
271,never_reached_object,grip_state_falsification,0,0.0,0.3549225360528287,,clean_500k
272,never_reached_object,grip_state_falsification,0,0.0,0.3549225360528287,,clean_500k
273,never_reached_object,grip_state_falsification,0,0.0,0.3549225360528287,,clean_500k
274,never_reached_object,grip_state_falsification,0,0.0,0.3549225360528287,,clean_500k
275,never_reached_object,grip_state_falsification,0,0.0,0.3549225360528287,,clean_500k
276,never_reached_object,grip_state_falsification,0,0.0,0.3549225360528287,,clean_500k
277,never_reached_object,grip_state_falsification,0,0.0,0.3549225360528287,,clean_500k
278,never_reached_object,grip_state_falsification,0,0.0,0.3549225360528287,,clean_500k
279,never_reached_object,grip_state_falsification,0,0.0,0.3549225360528287,,clean_500k
280,never_reached_object,grip_state_falsification,0,0.0,0.3549225360528287,,clean_500k
281,never_reached_object,grip_state_falsification,0,0.0,0.3549225360528287,,clean_500k
282,never_reached_object,grip_state_falsification,0,0.0,0.3549225360528287,,clean_500k
283,never_reached_object,grip_state_falsification,0,0.0,0.3549225360528287,,clean_500k
284,never_reached_object,grip_state_falsification,0,0.0,0.3549225360528287,,clean_500k
285,never_reached_object,grip_state_falsification,0,0.0,0.3549225360528287,,clean_500k
286,never_reached_object,grip_state_falsification,0,0.0,0.3549225360528287,,clean_500k
287,never_reached_object,grip_state_falsification,0,0.0,0.3549225360528287,,clean_500k
288,never_reached_object,grip_state_falsification,0,0.0,0.3549225360528287,,clean_500k
289,never_reached_object,grip_state_falsification,0,0.0,0.3549225360528287,,clean_500k
290,never_reached_object,grip_state_falsification,0,0.0,0.3549225360528287,,clean_500k
291,never_reached_object,grip_state_falsification,0,0.0,0.3549225360528287,,clean_500k
292,never_reached_object,grip_state_falsification,0,0.0,0.3549225360528287,,clean_500k
293,never_reached_object,grip_state_falsification,0,0.0,0.3549225360528287,,clean_500k
294,never_reached_object,grip_state_falsification,0,0.0,0.3549225360528287,,clean_500k
295,never_reached_object,grip_state_falsification,0,0.0,0.3549225360528287,,clean_500k
296,never_reached_object,grip_state_falsification,0,0.0,0.3549225360528287,,clean_500k
297,never_reached_object,grip_state_falsification,0,0.0,0.3549225360528287,,clean_500k
298,never_reached_object,grip_state_falsification,0,0.0,0.3549225360528287,,clean_500k
299,never_reached_object,grip_state_falsification,0,0.0,0.3549225360528287,,clean_500k
300,never_reached_object,contact_dropout,0,0.0,0.3549225360528287,,clean_500k
301,never_reached_object,contact_dropout,0,0.0,0.3549225360528287,,clean_500k
302,never_reached_object,contact_dropout,0,0.0,0.3549225360528287,,clean_500k
303,never_reached_object,contact_dropout,0,0.0,0.3549225360528287,,clean_500k
304,never_reached_object,contact_dropout,0,0.0,0.3549225360528287,,clean_500k
305,never_reached_object,contact_dropout,0,0.0,0.3549225360528287,,clean_500k
306,never_reached_object,contact_dropout,0,0.0,0.3549225360528287,,clean_500k
307,never_reached_object,contact_dropout,0,0.0,0.3549225360528287,,clean_500k
308,never_reached_object,contact_dropout,0,0.0,0.3549225360528287,,clean_500k
309,never_reached_object,contact_dropout,0,0.0,0.3549225360528287,,clean_500k
310,never_reached_object,contact_dropout,0,0.0,0.3549225360528287,,clean_500k
311,never_reached_object,contact_dropout,0,0.0,0.3549225360528287,,clean_500k
312,never_reached_object,contact_dropout,0,0.0,0.3549225360528287,,clean_500k
313,never_reached_object,contact_dropout,0,0.0,0.3549225360528287,,clean_500k
314,never_reached_object,contact_dropout,0,0.0,0.3549225360528287,,clean_500k
315,never_reached_object,contact_dropout,0,0.0,0.3549225360528287,,clean_500k
316,never_reached_object,contact_dropout,0,0.0,0.3549225360528287,,clean_500k
317,never_reached_object,contact_dropout,0,0.0,0.3549225360528287,,clean_500k
318,never_reached_object,contact_dropout,0,0.0,0.3549225360528287,,clean_500k
319,never_reached_object,contact_dropout,0,0.0,0.3549225360528287,,clean_500k
320,never_reached_object,contact_dropout,0,0.0,0.3549225360528287,,clean_500k
321,never_reached_object,contact_dropout,0,0.0,0.3549225360528287,,clean_500k
322,never_reached_object,contact_dropout,0,0.0,0.3549225360528287,,clean_500k
323,never_reached_object,contact_dropout,0,0.0,0.3549225360528287,,clean_500k
324,never_reached_object,contact_dropout,0,0.0,0.3549225360528287,,clean_500k
325,never_reached_object,contact_dropout,0,0.0,0.3549225360528287,,clean_500k
326,never_reached_object,contact_dropout,0,0.0,0.3549225360528287,,clean_500k
327,never_reached_object,contact_dropout,0,0.0,0.3549225360528287,,clean_500k
328,never_reached_object,contact_dropout,0,0.0,0.3549225360528287,,clean_500k
329,never_reached_object,contact_dropout,0,0.0,0.3549225360528287,,clean_500k
330,never_reached_object,clean,1,0.0,0.3884547695970575,,clean_500k
331,never_reached_object,clean,1,0.0,0.3884547695970575,,clean_500k
332,never_reached_object,clean,1,0.0,0.3884547695970575,,clean_500k
333,never_reached_object,clean,1,0.0,0.3884547695970575,,clean_500k
334,never_reached_object,clean,1,0.0,0.3884547695970575,,clean_500k
335,never_reached_object,clean,1,0.0,0.3884547695970575,,clean_500k
336,never_reached_object,clean,1,0.0,0.3884547695970575,,clean_500k
337,never_reached_object,clean,1,0.0,0.3884547695970575,,clean_500k
338,never_reached_object,clean,1,0.0,0.3884547695970575,,clean_500k
339,never_reached_object,clean,1,0.0,0.3884547695970575,,clean_500k
340,never_reached_object,clean,1,0.0,0.3884547695970575,,clean_500k
341,never_reached_object,clean,1,0.0,0.3884547695970575,,clean_500k
342,never_reached_object,clean,1,0.0,0.3884547695970575,,clean_500k
343,never_reached_object,clean,1,0.0,0.3884547695970575,,clean_500k
344,never_reached_object,clean,1,0.0,0.3884547695970575,,clean_500k
345,never_reached_object,clean,1,0.0,0.3884547695970575,,clean_500k
346,never_reached_object,clean,1,0.0,0.3884547695970575,,clean_500k
347,never_reached_object,clean,1,0.0,0.3884547695970575,,clean_500k
348,never_reached_object,clean,1,0.0,0.3884547695970575,,clean_500k
349,never_reached_object,clean,1,0.0,0.3884547695970575,,clean_500k
350,never_reached_object,clean,1,0.0,0.3884547695970575,,clean_500k
351,never_reached_object,clean,1,0.0,0.3884547695970575,,clean_500k
352,never_reached_object,clean,1,0.0,0.3884547695970575,,clean_500k
353,never_reached_object,clean,1,0.0,0.3884547695970575,,clean_500k
354,never_reached_object,clean,1,0.0,0.3884547695970575,,clean_500k
355,never_reached_object,clean,1,0.0,0.3884547695970575,,clean_500k
356,never_reached_object,clean,1,0.0,0.3884547695970575,,clean_500k
357,never_reached_object,clean,1,0.0,0.3884547695970575,,clean_500k
358,never_reached_object,clean,1,0.0,0.3884547695970575,,clean_500k
359,never_reached_object,clean,1,0.0,0.3884547695970575,,clean_500k
360,never_reached_object,sensor_dropout,1,0.0,0.3884547695970575,,clean_500k
361,never_reached_object,sensor_dropout,1,0.0,0.3884547695970575,,clean_500k
362,never_reached_object,sensor_dropout,1,0.0,0.3884547695970575,,clean_500k
363,never_reached_object,sensor_dropout,1,0.0,0.3884547695970575,,clean_500k
364,never_reached_object,sensor_dropout,1,0.0,0.3884547695970575,,clean_500k
365,never_reached_object,sensor_dropout,1,0.0,0.3884547695970575,,clean_500k
366,never_reached_object,sensor_dropout,1,0.0,0.3884547695970575,,clean_500k
367,never_reached_object,sensor_dropout,1,0.0,0.3884547695970575,,clean_500k
368,never_reached_object,sensor_dropout,1,0.0,0.3884547695970575,,clean_500k
369,never_reached_object,sensor_dropout,1,0.0,0.3884547695970575,,clean_500k
370,never_reached_object,sensor_dropout,1,0.0,0.3884547695970575,,clean_500k
371,never_reached_object,sensor_dropout,1,0.0,0.3884547695970575,,clean_500k
372,never_reached_object,sensor_dropout,1,0.0,0.3884547695970575,,clean_500k
373,never_reached_object,sensor_dropout,1,0.0,0.3884547695970575,,clean_500k
374,never_reached_object,sensor_dropout,1,0.0,0.3884547695970575,,clean_500k
375,never_reached_object,sensor_dropout,1,0.0,0.3884547695970575,,clean_500k
376,never_reached_object,sensor_dropout,1,0.0,0.3884547695970575,,clean_500k
377,never_reached_object,sensor_dropout,1,0.0,0.3884547695970575,,clean_500k
378,never_reached_object,sensor_dropout,1,0.0,0.3884547695970575,,clean_500k
379,never_reached_object,sensor_dropout,1,0.0,0.3884547695970575,,clean_500k
380,never_reached_object,sensor_dropout,1,0.0,0.3884547695970575,,clean_500k
381,never_reached_object,sensor_dropout,1,0.0,0.3884547695970575,,clean_500k
382,never_reached_object,sensor_dropout,1,0.0,0.3884547695970575,,clean_500k
383,never_reached_object,sensor_dropout,1,0.0,0.3884547695970575,,clean_500k
384,never_reached_object,sensor_dropout,1,0.0,0.3884547695970575,,clean_500k
385,never_reached_object,sensor_dropout,1,0.0,0.3884547695970575,,clean_500k
386,never_reached_object,sensor_dropout,1,0.0,0.3884547695970575,,clean_500k
387,never_reached_object,sensor_dropout,1,0.0,0.3884547695970575,,clean_500k
388,never_reached_object,sensor_dropout,1,0.0,0.3884547695970575,,clean_500k
389,never_reached_object,sensor_dropout,1,0.0,0.3884547695970575,,clean_500k
390,never_reached_object,sensor_bias,1,0.0,0.3884547695970575,,clean_500k
391,never_reached_object,sensor_bias,1,0.0,0.3884547695970575,,clean_500k
392,never_reached_object,sensor_bias,1,0.0,0.3884547695970575,,clean_500k
393,never_reached_object,sensor_bias,1,0.0,0.3884547695970575,,clean_500k
394,never_reached_object,sensor_bias,1,0.0,0.3884547695970575,,clean_500k
395,never_reached_object,sensor_bias,1,0.0,0.3884547695970575,,clean_500k
396,never_reached_object,sensor_bias,1,0.0,0.3884547695970575,,clean_500k
397,never_reached_object,sensor_bias,1,0.0,0.3884547695970575,,clean_500k
398,never_reached_object,sensor_bias,1,0.0,0.3884547695970575,,clean_500k
399,never_reached_object,sensor_bias,1,0.0,0.3884547695970575,,clean_500k
400,never_reached_object,sensor_bias,1,0.0,0.3884547695970575,,clean_500k
401,never_reached_object,sensor_bias,1,0.0,0.3884547695970575,,clean_500k
402,never_reached_object,sensor_bias,1,0.0,0.3884547695970575,,clean_500k
403,never_reached_object,sensor_bias,1,0.0,0.3884547695970575,,clean_500k
404,never_reached_object,sensor_bias,1,0.0,0.3884547695970575,,clean_500k
405,never_reached_object,sensor_bias,1,0.0,0.3884547695970575,,clean_500k
406,never_reached_object,sensor_bias,1,0.0,0.3884547695970575,,clean_500k
407,never_reached_object,sensor_bias,1,0.0,0.3884547695970575,,clean_500k
408,never_reached_object,sensor_bias,1,0.0,0.3884547695970575,,clean_500k
409,never_reached_object,sensor_bias,1,0.0,0.3884547695970575,,clean_500k
410,never_reached_object,sensor_bias,1,0.0,0.3884547695970575,,clean_500k
411,never_reached_object,sensor_bias,1,0.0,0.3884547695970575,,clean_500k
412,never_reached_object,sensor_bias,1,0.0,0.3884547695970575,,clean_500k
413,never_reached_object,sensor_bias,1,0.0,0.3884547695970575,,clean_500k
414,never_reached_object,sensor_bias,1,0.0,0.3884547695970575,,clean_500k
415,never_reached_object,sensor_bias,1,0.0,0.3884547695970575,,clean_500k
416,never_reached_object,sensor_bias,1,0.0,0.3884547695970575,,clean_500k
417,never_reached_object,sensor_bias,1,0.0,0.3884547695970575,,clean_500k
418,never_reached_object,sensor_bias,1,0.0,0.3884547695970575,,clean_500k
419,never_reached_object,sensor_bias,1,0.0,0.3884547695970575,,clean_500k
420,never_reached_object,action_clipping,1,0.0,0.3884547695970575,,clean_500k
421,never_reached_object,action_clipping,1,0.0,0.3884547695970575,,clean_500k
422,never_reached_object,action_clipping,1,0.0,0.3884547695970575,,clean_500k
423,never_reached_object,action_clipping,1,0.0,0.3884547695970575,,clean_500k
424,never_reached_object,action_clipping,1,0.0,0.3884547695970575,,clean_500k
425,never_reached_object,action_clipping,1,0.0,0.3884547695970575,,clean_500k
426,never_reached_object,action_clipping,1,0.0,0.3884547695970575,,clean_500k
427,never_reached_object,action_clipping,1,0.0,0.3884547695970575,,clean_500k
428,never_reached_object,action_clipping,1,0.0,0.3884547695970575,,clean_500k
429,never_reached_object,action_clipping,1,0.0,0.3884547695970575,,clean_500k
430,never_reached_object,action_clipping,1,0.0,0.3884547695970575,,clean_500k
431,never_reached_object,action_clipping,1,0.0,0.3884547695970575,,clean_500k
432,never_reached_object,action_clipping,1,0.0,0.3884547695970575,,clean_500k
433,never_reached_object,action_clipping,1,0.0,0.3884547695970575,,clean_500k
434,never_reached_object,action_clipping,1,0.0,0.3884547695970575,,clean_500k
435,never_reached_object,action_clipping,1,0.0,0.3884547695970575,,clean_500k
436,never_reached_object,action_clipping,1,0.0,0.3884547695970575,,clean_500k
437,never_reached_object,action_clipping,1,0.0,0.3884547695970575,,clean_500k
438,never_reached_object,action_clipping,1,0.0,0.3884547695970575,,clean_500k
439,never_reached_object,action_clipping,1,0.0,0.3884547695970575,,clean_500k
440,never_reached_object,action_clipping,1,0.0,0.3884547695970575,,clean_500k
441,never_reached_object,action_clipping,1,0.0,0.3884547695970575,,clean_500k
442,never_reached_object,action_clipping,1,0.0,0.3884547695970575,,clean_500k
443,never_reached_object,action_clipping,1,0.0,0.3884547695970575,,clean_500k
444,never_reached_object,action_clipping,1,0.0,0.3884547695970575,,clean_500k
445,never_reached_object,action_clipping,1,0.0,0.3884547695970575,,clean_500k
446,never_reached_object,action_clipping,1,0.0,0.3884547695970575,,clean_500k
447,never_reached_object,action_clipping,1,0.0,0.3884547695970575,,clean_500k
448,never_reached_object,action_clipping,1,0.0,0.3884547695970575,,clean_500k
449,never_reached_object,action_clipping,1,0.0,0.3884547695970575,,clean_500k
450,never_reached_object,action_delay,1,0.0,0.3884547695970575,,clean_500k
451,never_reached_object,action_delay,1,0.0,0.3884547695970575,,clean_500k
452,never_reached_object,action_delay,1,0.0,0.3884547695970575,,clean_500k
453,never_reached_object,action_delay,1,0.0,0.3884547695970575,,clean_500k
454,never_reached_object,action_delay,1,0.0,0.3884547695970575,,clean_500k
455,never_reached_object,action_delay,1,0.0,0.3884547695970575,,clean_500k
456,never_reached_object,action_delay,1,0.0,0.3884547695970575,,clean_500k
457,never_reached_object,action_delay,1,0.0,0.3884547695970575,,clean_500k
458,never_reached_object,action_delay,1,0.0,0.3884547695970575,,clean_500k
459,never_reached_object,action_delay,1,0.0,0.3884547695970575,,clean_500k
460,never_reached_object,action_delay,1,0.0,0.3884547695970575,,clean_500k
461,never_reached_object,action_delay,1,0.0,0.3884547695970575,,clean_500k
462,never_reached_object,action_delay,1,0.0,0.3884547695970575,,clean_500k
463,never_reached_object,action_delay,1,0.0,0.3884547695970575,,clean_500k
464,never_reached_object,action_delay,1,0.0,0.3884547695970575,,clean_500k
465,never_reached_object,action_delay,1,0.0,0.3884547695970575,,clean_500k
466,never_reached_object,action_delay,1,0.0,0.3884547695970575,,clean_500k
467,never_reached_object,action_delay,1,0.0,0.3884547695970575,,clean_500k
468,never_reached_object,action_delay,1,0.0,0.3884547695970575,,clean_500k
469,never_reached_object,action_delay,1,0.0,0.3884547695970575,,clean_500k
470,never_reached_object,action_delay,1,0.0,0.3884547695970575,,clean_500k
471,never_reached_object,action_delay,1,0.0,0.3884547695970575,,clean_500k
472,never_reached_object,action_delay,1,0.0,0.3884547695970575,,clean_500k
473,never_reached_object,action_delay,1,0.0,0.3884547695970575,,clean_500k
474,never_reached_object,action_delay,1,0.0,0.3884547695970575,,clean_500k
475,never_reached_object,action_delay,1,0.0,0.3884547695970575,,clean_500k
476,never_reached_object,action_delay,1,0.0,0.3884547695970575,,clean_500k
477,never_reached_object,action_delay,1,0.0,0.3884547695970575,,clean_500k
478,never_reached_object,action_delay,1,0.0,0.3884547695970575,,clean_500k
479,never_reached_object,action_delay,1,0.0,0.3884547695970575,,clean_500k
480,never_reached_object,action_reversal,1,0.0,0.3884547695970575,,clean_500k
481,never_reached_object,action_reversal,1,0.0,0.3884547695970575,,clean_500k
482,never_reached_object,action_reversal,1,0.0,0.3884547695970575,,clean_500k
483,never_reached_object,action_reversal,1,0.0,0.3884547695970575,,clean_500k
484,never_reached_object,action_reversal,1,0.0,0.3884547695970575,,clean_500k
485,never_reached_object,action_reversal,1,0.0,0.3884547695970575,,clean_500k
486,never_reached_object,action_reversal,1,0.0,0.3884547695970575,,clean_500k
487,never_reached_object,action_reversal,1,0.0,0.3884547695970575,,clean_500k
488,never_reached_object,action_reversal,1,0.0,0.3884547695970575,,clean_500k
489,never_reached_object,action_reversal,1,0.0,0.3884547695970575,,clean_500k
490,never_reached_object,action_reversal,1,0.0,0.3884547695970575,,clean_500k
491,never_reached_object,action_reversal,1,0.0,0.3884547695970575,,clean_500k
492,never_reached_object,action_reversal,1,0.0,0.3884547695970575,,clean_500k
493,never_reached_object,action_reversal,1,0.0,0.3884547695970575,,clean_500k
494,never_reached_object,action_reversal,1,0.0,0.3884547695970575,,clean_500k
495,never_reached_object,action_reversal,1,0.0,0.3884547695970575,,clean_500k
496,never_reached_object,action_reversal,1,0.0,0.3884547695970575,,clean_500k
497,never_reached_object,action_reversal,1,0.0,0.3884547695970575,,clean_500k
498,never_reached_object,action_reversal,1,0.0,0.3884547695970575,,clean_500k
499,never_reached_object,action_reversal,1,0.0,0.3884547695970575,,clean_500k
500,never_reached_object,action_reversal,1,0.0,0.3884547695970575,,clean_500k
501,never_reached_object,action_reversal,1,0.0,0.3884547695970575,,clean_500k
502,never_reached_object,action_reversal,1,0.0,0.3884547695970575,,clean_500k
503,never_reached_object,action_reversal,1,0.0,0.3884547695970575,,clean_500k
504,never_reached_object,action_reversal,1,0.0,0.3884547695970575,,clean_500k
505,never_reached_object,action_reversal,1,0.0,0.3884547695970575,,clean_500k
506,never_reached_object,action_reversal,1,0.0,0.3884547695970575,,clean_500k
507,never_reached_object,action_reversal,1,0.0,0.3884547695970575,,clean_500k
508,never_reached_object,action_reversal,1,0.0,0.3884547695970575,,clean_500k
509,never_reached_object,action_reversal,1,0.0,0.3884547695970575,,clean_500k
510,never_reached_object,goal_spoof_immediate,1,0.0,0.3884547695970575,,clean_500k
511,never_reached_object,goal_spoof_immediate,1,0.0,0.3884547695970575,,clean_500k
512,never_reached_object,goal_spoof_immediate,1,0.0,0.3884547695970575,,clean_500k
513,never_reached_object,goal_spoof_immediate,1,0.0,0.3884547695970575,,clean_500k
514,never_reached_object,goal_spoof_immediate,1,0.0,0.3884547695970575,,clean_500k
515,never_reached_object,goal_spoof_immediate,1,0.0,0.3884547695970575,,clean_500k
516,never_reached_object,goal_spoof_immediate,1,0.0,0.3884547695970575,,clean_500k
517,never_reached_object,goal_spoof_immediate,1,0.0,0.3884547695970575,,clean_500k
518,never_reached_object,goal_spoof_immediate,1,0.0,0.3884547695970575,,clean_500k
519,never_reached_object,goal_spoof_immediate,1,0.0,0.3884547695970575,,clean_500k
520,never_reached_object,goal_spoof_immediate,1,0.0,0.3884547695970575,,clean_500k
521,never_reached_object,goal_spoof_immediate,1,0.0,0.3884547695970575,,clean_500k
522,never_reached_object,goal_spoof_immediate,1,0.0,0.3884547695970575,,clean_500k
523,never_reached_object,goal_spoof_immediate,1,0.0,0.3884547695970575,,clean_500k
524,never_reached_object,goal_spoof_immediate,1,0.0,0.3884547695970575,,clean_500k
525,never_reached_object,goal_spoof_immediate,1,0.0,0.3884547695970575,,clean_500k
526,never_reached_object,goal_spoof_immediate,1,0.0,0.3884547695970575,,clean_500k
527,never_reached_object,goal_spoof_immediate,1,0.0,0.3884547695970575,,clean_500k
528,never_reached_object,goal_spoof_immediate,1,0.0,0.3884547695970575,,clean_500k
529,never_reached_object,goal_spoof_immediate,1,0.0,0.3884547695970575,,clean_500k
530,never_reached_object,goal_spoof_immediate,1,0.0,0.3884547695970575,,clean_500k
531,never_reached_object,goal_spoof_immediate,1,0.0,0.3884547695970575,,clean_500k
532,never_reached_object,goal_spoof_immediate,1,0.0,0.3884547695970575,,clean_500k
533,never_reached_object,goal_spoof_immediate,1,0.0,0.3884547695970575,,clean_500k
534,never_reached_object,goal_spoof_immediate,1,0.0,0.3884547695970575,,clean_500k
535,never_reached_object,goal_spoof_immediate,1,0.0,0.3884547695970575,,clean_500k
536,never_reached_object,goal_spoof_immediate,1,0.0,0.3884547695970575,,clean_500k
537,never_reached_object,goal_spoof_immediate,1,0.0,0.3884547695970575,,clean_500k
538,never_reached_object,goal_spoof_immediate,1,0.0,0.3884547695970575,,clean_500k
539,never_reached_object,goal_spoof_immediate,1,0.0,0.3884547695970575,,clean_500k
540,never_reached_object,goal_spoof_midep,1,0.0,0.3884547695970575,,clean_500k
541,never_reached_object,goal_spoof_midep,1,0.0,0.3884547695970575,,clean_500k
542,never_reached_object,goal_spoof_midep,1,0.0,0.3884547695970575,,clean_500k
543,never_reached_object,goal_spoof_midep,1,0.0,0.3884547695970575,,clean_500k
544,never_reached_object,goal_spoof_midep,1,0.0,0.3884547695970575,,clean_500k
545,never_reached_object,goal_spoof_midep,1,0.0,0.3884547695970575,,clean_500k
546,never_reached_object,goal_spoof_midep,1,0.0,0.3884547695970575,,clean_500k
547,never_reached_object,goal_spoof_midep,1,0.0,0.3884547695970575,,clean_500k
548,never_reached_object,goal_spoof_midep,1,0.0,0.3884547695970575,,clean_500k
549,never_reached_object,goal_spoof_midep,1,0.0,0.3884547695970575,,clean_500k
550,never_reached_object,goal_spoof_midep,1,0.0,0.3884547695970575,,clean_500k
551,never_reached_object,goal_spoof_midep,1,0.0,0.3884547695970575,,clean_500k
552,never_reached_object,goal_spoof_midep,1,0.0,0.3884547695970575,,clean_500k
553,never_reached_object,goal_spoof_midep,1,0.0,0.3884547695970575,,clean_500k
554,never_reached_object,goal_spoof_midep,1,0.0,0.3884547695970575,,clean_500k
555,never_reached_object,goal_spoof_midep,1,0.0,0.3884547695970575,,clean_500k
556,never_reached_object,goal_spoof_midep,1,0.0,0.3884547695970575,,clean_500k
557,never_reached_object,goal_spoof_midep,1,0.0,0.3884547695970575,,clean_500k
558,never_reached_object,goal_spoof_midep,1,0.0,0.3884547695970575,,clean_500k
559,never_reached_object,goal_spoof_midep,1,0.0,0.3884547695970575,,clean_500k
560,never_reached_object,goal_spoof_midep,1,0.0,0.3884547695970575,,clean_500k
561,never_reached_object,goal_spoof_midep,1,0.0,0.3884547695970575,,clean_500k
562,never_reached_object,goal_spoof_midep,1,0.0,0.3884547695970575,,clean_500k
563,never_reached_object,goal_spoof_midep,1,0.0,0.3884547695970575,,clean_500k
564,never_reached_object,goal_spoof_midep,1,0.0,0.3884547695970575,,clean_500k
565,never_reached_object,goal_spoof_midep,1,0.0,0.3884547695970575,,clean_500k
566,never_reached_object,goal_spoof_midep,1,0.0,0.3884547695970575,,clean_500k
567,never_reached_object,goal_spoof_midep,1,0.0,0.3884547695970575,,clean_500k
568,never_reached_object,goal_spoof_midep,1,0.0,0.3884547695970575,,clean_500k
569,never_reached_object,goal_spoof_midep,1,0.0,0.3884547695970575,,clean_500k
570,never_reached_object,object_pose_spoof,1,0.0,0.3884547695970575,,clean_500k
571,never_reached_object,object_pose_spoof,1,0.0,0.3884547695970575,,clean_500k
572,never_reached_object,object_pose_spoof,1,0.0,0.3884547695970575,,clean_500k
573,never_reached_object,object_pose_spoof,1,0.0,0.3884547695970575,,clean_500k
574,never_reached_object,object_pose_spoof,1,0.0,0.3884547695970575,,clean_500k
575,never_reached_object,object_pose_spoof,1,0.0,0.3884547695970575,,clean_500k
576,never_reached_object,object_pose_spoof,1,0.0,0.3884547695970575,,clean_500k
577,never_reached_object,object_pose_spoof,1,0.0,0.3884547695970575,,clean_500k
578,never_reached_object,object_pose_spoof,1,0.0,0.3884547695970575,,clean_500k
579,never_reached_object,object_pose_spoof,1,0.0,0.3884547695970575,,clean_500k
580,never_reached_object,object_pose_spoof,1,0.0,0.3884547695970575,,clean_500k
581,never_reached_object,object_pose_spoof,1,0.0,0.3884547695970575,,clean_500k
582,never_reached_object,object_pose_spoof,1,0.0,0.3884547695970575,,clean_500k
583,never_reached_object,object_pose_spoof,1,0.0,0.3884547695970575,,clean_500k
584,never_reached_object,object_pose_spoof,1,0.0,0.3884547695970575,,clean_500k
585,never_reached_object,object_pose_spoof,1,0.0,0.3884547695970575,,clean_500k
586,never_reached_object,object_pose_spoof,1,0.0,0.3884547695970575,,clean_500k
587,never_reached_object,object_pose_spoof,1,0.0,0.3884547695970575,,clean_500k
588,never_reached_object,object_pose_spoof,1,0.0,0.3884547695970575,,clean_500k
589,never_reached_object,object_pose_spoof,1,0.0,0.3884547695970575,,clean_500k
590,never_reached_object,object_pose_spoof,1,0.0,0.3884547695970575,,clean_500k
591,never_reached_object,object_pose_spoof,1,0.0,0.3884547695970575,,clean_500k
592,never_reached_object,object_pose_spoof,1,0.0,0.3884547695970575,,clean_500k
593,never_reached_object,object_pose_spoof,1,0.0,0.3884547695970575,,clean_500k
594,never_reached_object,object_pose_spoof,1,0.0,0.3884547695970575,,clean_500k
595,never_reached_object,object_pose_spoof,1,0.0,0.3884547695970575,,clean_500k
596,never_reached_object,object_pose_spoof,1,0.0,0.3884547695970575,,clean_500k
597,never_reached_object,object_pose_spoof,1,0.0,0.3884547695970575,,clean_500k
598,never_reached_object,object_pose_spoof,1,0.0,0.3884547695970575,,clean_500k
599,never_reached_object,object_pose_spoof,1,0.0,0.3884547695970575,,clean_500k
600,never_reached_object,grip_state_falsification,1,0.0,0.3884547695970575,,clean_500k
601,never_reached_object,grip_state_falsification,1,0.0,0.3884547695970575,,clean_500k
602,never_reached_object,grip_state_falsification,1,0.0,0.3884547695970575,,clean_500k
603,never_reached_object,grip_state_falsification,1,0.0,0.3884547695970575,,clean_500k
604,never_reached_object,grip_state_falsification,1,0.0,0.3884547695970575,,clean_500k
605,never_reached_object,grip_state_falsification,1,0.0,0.3884547695970575,,clean_500k
606,never_reached_object,grip_state_falsification,1,0.0,0.3884547695970575,,clean_500k
607,never_reached_object,grip_state_falsification,1,0.0,0.3884547695970575,,clean_500k
608,never_reached_object,grip_state_falsification,1,0.0,0.3884547695970575,,clean_500k
609,never_reached_object,grip_state_falsification,1,0.0,0.3884547695970575,,clean_500k
610,never_reached_object,grip_state_falsification,1,0.0,0.3884547695970575,,clean_500k
611,never_reached_object,grip_state_falsification,1,0.0,0.3884547695970575,,clean_500k
612,never_reached_object,grip_state_falsification,1,0.0,0.3884547695970575,,clean_500k
613,never_reached_object,grip_state_falsification,1,0.0,0.3884547695970575,,clean_500k
614,never_reached_object,grip_state_falsification,1,0.0,0.3884547695970575,,clean_500k
615,never_reached_object,grip_state_falsification,1,0.0,0.3884547695970575,,clean_500k
616,never_reached_object,grip_state_falsification,1,0.0,0.3884547695970575,,clean_500k
617,never_reached_object,grip_state_falsification,1,0.0,0.3884547695970575,,clean_500k
618,never_reached_object,grip_state_falsification,1,0.0,0.3884547695970575,,clean_500k
619,never_reached_object,grip_state_falsification,1,0.0,0.3884547695970575,,clean_500k
620,never_reached_object,grip_state_falsification,1,0.0,0.3884547695970575,,clean_500k
621,never_reached_object,grip_state_falsification,1,0.0,0.3884547695970575,,clean_500k
622,never_reached_object,grip_state_falsification,1,0.0,0.3884547695970575,,clean_500k
623,never_reached_object,grip_state_falsification,1,0.0,0.3884547695970575,,clean_500k
624,never_reached_object,grip_state_falsification,1,0.0,0.3884547695970575,,clean_500k
625,never_reached_object,grip_state_falsification,1,0.0,0.3884547695970575,,clean_500k
626,never_reached_object,grip_state_falsification,1,0.0,0.3884547695970575,,clean_500k
627,never_reached_object,grip_state_falsification,1,0.0,0.3884547695970575,,clean_500k
628,never_reached_object,grip_state_falsification,1,0.0,0.3884547695970575,,clean_500k
629,never_reached_object,grip_state_falsification,1,0.0,0.3884547695970575,,clean_500k
630,never_reached_object,contact_dropout,1,0.0,0.3884547695970575,,clean_500k
631,never_reached_object,contact_dropout,1,0.0,0.3884547695970575,,clean_500k
632,never_reached_object,contact_dropout,1,0.0,0.3884547695970575,,clean_500k
633,never_reached_object,contact_dropout,1,0.0,0.3884547695970575,,clean_500k
634,never_reached_object,contact_dropout,1,0.0,0.3884547695970575,,clean_500k
635,never_reached_object,contact_dropout,1,0.0,0.3884547695970575,,clean_500k
636,never_reached_object,contact_dropout,1,0.0,0.3884547695970575,,clean_500k
637,never_reached_object,contact_dropout,1,0.0,0.3884547695970575,,clean_500k
638,never_reached_object,contact_dropout,1,0.0,0.3884547695970575,,clean_500k
639,never_reached_object,contact_dropout,1,0.0,0.3884547695970575,,clean_500k
640,never_reached_object,contact_dropout,1,0.0,0.3884547695970575,,clean_500k
641,never_reached_object,contact_dropout,1,0.0,0.3884547695970575,,clean_500k
642,never_reached_object,contact_dropout,1,0.0,0.3884547695970575,,clean_500k
643,never_reached_object,contact_dropout,1,0.0,0.3884547695970575,,clean_500k
644,never_reached_object,contact_dropout,1,0.0,0.3884547695970575,,clean_500k
645,never_reached_object,contact_dropout,1,0.0,0.3884547695970575,,clean_500k
646,never_reached_object,contact_dropout,1,0.0,0.3884547695970575,,clean_500k
647,never_reached_object,contact_dropout,1,0.0,0.3884547695970575,,clean_500k
648,never_reached_object,contact_dropout,1,0.0,0.3884547695970575,,clean_500k
649,never_reached_object,contact_dropout,1,0.0,0.3884547695970575,,clean_500k
650,never_reached_object,contact_dropout,1,0.0,0.3884547695970575,,clean_500k
651,never_reached_object,contact_dropout,1,0.0,0.3884547695970575,,clean_500k
652,never_reached_object,contact_dropout,1,0.0,0.3884547695970575,,clean_500k
653,never_reached_object,contact_dropout,1,0.0,0.3884547695970575,,clean_500k
654,never_reached_object,contact_dropout,1,0.0,0.3884547695970575,,clean_500k
655,never_reached_object,contact_dropout,1,0.0,0.3884547695970575,,clean_500k
656,never_reached_object,contact_dropout,1,0.0,0.3884547695970575,,clean_500k
657,never_reached_object,contact_dropout,1,0.0,0.3884547695970575,,clean_500k
658,never_reached_object,contact_dropout,1,0.0,0.3884547695970575,,clean_500k
659,never_reached_object,contact_dropout,1,0.0,0.3884547695970575,,clean_500k
660,never_reached_object,clean,2,0.0,0.2364647540081676,,clean_500k
661,never_reached_object,clean,2,0.0,0.2364647540081676,,clean_500k
662,never_reached_object,clean,2,0.0,0.2364647540081676,,clean_500k
663,never_reached_object,clean,2,0.0,0.2364647540081676,,clean_500k
664,never_reached_object,clean,2,0.0,0.2364647540081676,,clean_500k
665,never_reached_object,clean,2,0.0,0.2364647540081676,,clean_500k
666,never_reached_object,clean,2,0.0,0.2364647540081676,,clean_500k
667,never_reached_object,clean,2,0.0,0.2364647540081676,,clean_500k
668,never_reached_object,clean,2,0.0,0.2364647540081676,,clean_500k
669,never_reached_object,clean,2,0.0,0.2364647540081676,,clean_500k
670,never_reached_object,clean,2,0.0,0.2364647540081676,,clean_500k
671,never_reached_object,clean,2,0.0,0.2364647540081676,,clean_500k
672,never_reached_object,clean,2,0.0,0.2364647540081676,,clean_500k
673,never_reached_object,clean,2,0.0,0.2364647540081676,,clean_500k
674,never_reached_object,clean,2,0.0,0.2364647540081676,,clean_500k
675,never_reached_object,clean,2,0.0,0.2364647540081676,,clean_500k
676,never_reached_object,clean,2,0.0,0.2364647540081676,,clean_500k
677,never_reached_object,clean,2,0.0,0.2364647540081676,,clean_500k
678,never_reached_object,clean,2,0.0,0.2364647540081676,,clean_500k
679,never_reached_object,clean,2,0.0,0.2364647540081676,,clean_500k
680,never_reached_object,clean,2,0.0,0.2364647540081676,,clean_500k
681,never_reached_object,clean,2,0.0,0.2364647540081676,,clean_500k
682,never_reached_object,clean,2,0.0,0.2364647540081676,,clean_500k
683,never_reached_object,clean,2,0.0,0.2364647540081676,,clean_500k
684,never_reached_object,clean,2,0.0,0.2364647540081676,,clean_500k
685,never_reached_object,clean,2,0.0,0.2364647540081676,,clean_500k
686,never_reached_object,clean,2,0.0,0.2364647540081676,,clean_500k
687,never_reached_object,clean,2,0.0,0.2364647540081676,,clean_500k
688,never_reached_object,clean,2,0.0,0.2364647540081676,,clean_500k
689,never_reached_object,clean,2,0.0,0.2364647540081676,,clean_500k
690,never_reached_object,sensor_dropout,2,0.0,0.2364647540081676,,clean_500k
691,never_reached_object,sensor_dropout,2,0.0,0.2364647540081676,,clean_500k
692,never_reached_object,sensor_dropout,2,0.0,0.2364647540081676,,clean_500k
693,never_reached_object,sensor_dropout,2,0.0,0.2364647540081676,,clean_500k
694,never_reached_object,sensor_dropout,2,0.0,0.2364647540081676,,clean_500k
695,never_reached_object,sensor_dropout,2,0.0,0.2364647540081676,,clean_500k
696,never_reached_object,sensor_dropout,2,0.0,0.2364647540081676,,clean_500k
697,never_reached_object,sensor_dropout,2,0.0,0.2364647540081676,,clean_500k
698,never_reached_object,sensor_dropout,2,0.0,0.2364647540081676,,clean_500k
699,never_reached_object,sensor_dropout,2,0.0,0.2364647540081676,,clean_500k
700,never_reached_object,sensor_dropout,2,0.0,0.2364647540081676,,clean_500k
701,never_reached_object,sensor_dropout,2,0.0,0.2364647540081676,,clean_500k
702,never_reached_object,sensor_dropout,2,0.0,0.2364647540081676,,clean_500k
703,never_reached_object,sensor_dropout,2,0.0,0.2364647540081676,,clean_500k
704,never_reached_object,sensor_dropout,2,0.0,0.2364647540081676,,clean_500k
705,never_reached_object,sensor_dropout,2,0.0,0.2364647540081676,,clean_500k
706,never_reached_object,sensor_dropout,2,0.0,0.2364647540081676,,clean_500k
707,never_reached_object,sensor_dropout,2,0.0,0.2364647540081676,,clean_500k
708,never_reached_object,sensor_dropout,2,0.0,0.2364647540081676,,clean_500k
709,never_reached_object,sensor_dropout,2,0.0,0.2364647540081676,,clean_500k
710,never_reached_object,sensor_dropout,2,0.0,0.2364647540081676,,clean_500k
711,never_reached_object,sensor_dropout,2,0.0,0.2364647540081676,,clean_500k
712,never_reached_object,sensor_dropout,2,0.0,0.2364647540081676,,clean_500k
713,never_reached_object,sensor_dropout,2,0.0,0.2364647540081676,,clean_500k
714,never_reached_object,sensor_dropout,2,0.0,0.2364647540081676,,clean_500k
715,never_reached_object,sensor_dropout,2,0.0,0.2364647540081676,,clean_500k
716,never_reached_object,sensor_dropout,2,0.0,0.2364647540081676,,clean_500k
717,never_reached_object,sensor_dropout,2,0.0,0.2364647540081676,,clean_500k
718,never_reached_object,sensor_dropout,2,0.0,0.2364647540081676,,clean_500k
719,never_reached_object,sensor_dropout,2,0.0,0.2364647540081676,,clean_500k
720,never_reached_object,sensor_bias,2,0.0,0.2364647540081676,,clean_500k
721,never_reached_object,sensor_bias,2,0.0,0.2364647540081676,,clean_500k
722,never_reached_object,sensor_bias,2,0.0,0.2364647540081676,,clean_500k
723,never_reached_object,sensor_bias,2,0.0,0.2364647540081676,,clean_500k
724,never_reached_object,sensor_bias,2,0.0,0.2364647540081676,,clean_500k
725,never_reached_object,sensor_bias,2,0.0,0.2364647540081676,,clean_500k
726,never_reached_object,sensor_bias,2,0.0,0.2364647540081676,,clean_500k
727,never_reached_object,sensor_bias,2,0.0,0.2364647540081676,,clean_500k
728,never_reached_object,sensor_bias,2,0.0,0.2364647540081676,,clean_500k
729,never_reached_object,sensor_bias,2,0.0,0.2364647540081676,,clean_500k
730,never_reached_object,sensor_bias,2,0.0,0.2364647540081676,,clean_500k
731,never_reached_object,sensor_bias,2,0.0,0.2364647540081676,,clean_500k
732,never_reached_object,sensor_bias,2,0.0,0.2364647540081676,,clean_500k
733,never_reached_object,sensor_bias,2,0.0,0.2364647540081676,,clean_500k
734,never_reached_object,sensor_bias,2,0.0,0.2364647540081676,,clean_500k
735,never_reached_object,sensor_bias,2,0.0,0.3258427973051317,,clean_500k
736,never_reached_object,sensor_bias,2,0.0,0.2364647540081676,,clean_500k
737,never_reached_object,sensor_bias,2,0.0,0.2364647540081676,,clean_500k
738,never_reached_object,sensor_bias,2,0.0,0.2364647540081676,,clean_500k
739,never_reached_object,sensor_bias,2,0.0,0.2364647540081676,,clean_500k
740,never_reached_object,sensor_bias,2,0.0,0.2364647540081676,,clean_500k
741,never_reached_object,sensor_bias,2,0.0,0.2364647540081676,,clean_500k
742,never_reached_object,sensor_bias,2,0.0,0.2364647540081676,,clean_500k
743,never_reached_object,sensor_bias,2,0.0,0.2364647540081676,,clean_500k
744,never_reached_object,sensor_bias,2,0.0,0.2364647540081676,,clean_500k
745,never_reached_object,sensor_bias,2,0.0,0.2364647540081676,,clean_500k
746,never_reached_object,sensor_bias,2,0.0,0.2364647540081676,,clean_500k
747,never_reached_object,sensor_bias,2,0.0,0.2364647540081676,,clean_500k
748,never_reached_object,sensor_bias,2,0.0,0.2364647540081676,,clean_500k
749,never_reached_object,sensor_bias,2,0.0,0.2364647540081676,,clean_500k
750,never_reached_object,action_clipping,2,0.0,0.2364647540081676,,clean_500k
751,never_reached_object,action_clipping,2,0.0,0.2364647540081676,,clean_500k
752,never_reached_object,action_clipping,2,0.0,0.2364647540081676,,clean_500k
753,never_reached_object,action_clipping,2,0.0,0.2364647540081676,,clean_500k
754,never_reached_object,action_clipping,2,0.0,0.2364647540081676,,clean_500k
755,never_reached_object,action_clipping,2,0.0,0.2364647540081676,,clean_500k
756,never_reached_object,action_clipping,2,0.0,0.2364647540081676,,clean_500k
757,never_reached_object,action_clipping,2,0.0,0.2364647540081676,,clean_500k
758,never_reached_object,action_clipping,2,0.0,0.2364647540081676,,clean_500k
759,never_reached_object,action_clipping,2,0.0,0.2364647540081676,,clean_500k
760,never_reached_object,action_clipping,2,0.0,0.2364647540081676,,clean_500k
761,never_reached_object,action_clipping,2,0.0,0.2364647540081676,,clean_500k
762,never_reached_object,action_clipping,2,0.0,0.2364647540081676,,clean_500k
763,never_reached_object,action_clipping,2,0.0,0.2364647540081676,,clean_500k
764,never_reached_object,action_clipping,2,0.0,0.2364647540081676,,clean_500k
765,never_reached_object,action_clipping,2,0.0,0.2364647540081676,,clean_500k
766,never_reached_object,action_clipping,2,0.0,0.2364647540081676,,clean_500k
767,never_reached_object,action_clipping,2,0.0,0.2364647540081676,,clean_500k
768,never_reached_object,action_clipping,2,0.0,0.2364647540081676,,clean_500k
769,never_reached_object,action_clipping,2,0.0,0.2364647540081676,,clean_500k
770,never_reached_object,action_clipping,2,0.0,0.2364647540081676,,clean_500k
771,never_reached_object,action_clipping,2,0.0,0.2364647540081676,,clean_500k
772,never_reached_object,action_clipping,2,0.0,0.2364647540081676,,clean_500k
773,never_reached_object,action_clipping,2,0.0,0.2364647540081676,,clean_500k
774,never_reached_object,action_clipping,2,0.0,0.2364647540081676,,clean_500k
775,never_reached_object,action_clipping,2,0.0,0.2364647540081676,,clean_500k
776,never_reached_object,action_clipping,2,0.0,0.2364647540081676,,clean_500k
777,never_reached_object,action_clipping,2,0.0,0.2364647540081676,,clean_500k
778,never_reached_object,action_clipping,2,0.0,0.2364647540081676,,clean_500k
779,never_reached_object,action_clipping,2,0.0,0.2364647540081676,,clean_500k
780,never_reached_object,action_delay,2,0.0,0.2364647540081676,,clean_500k
781,never_reached_object,action_delay,2,0.0,0.2364647540081676,,clean_500k
782,never_reached_object,action_delay,2,0.0,0.2364647540081676,,clean_500k
783,never_reached_object,action_delay,2,0.0,0.2364647540081676,,clean_500k
784,never_reached_object,action_delay,2,0.0,0.2364647540081676,,clean_500k
785,never_reached_object,action_delay,2,0.0,0.2364647540081676,,clean_500k
786,never_reached_object,action_delay,2,0.0,0.2364647540081676,,clean_500k
787,never_reached_object,action_delay,2,0.0,0.2364647540081676,,clean_500k
788,never_reached_object,action_delay,2,0.0,0.2364647540081676,,clean_500k
789,never_reached_object,action_delay,2,0.0,0.2364647540081676,,clean_500k
790,never_reached_object,action_delay,2,0.0,0.2364647540081676,,clean_500k
791,never_reached_object,action_delay,2,0.0,0.2364647540081676,,clean_500k
792,never_reached_object,action_delay,2,0.0,0.2364647540081676,,clean_500k
793,never_reached_object,action_delay,2,0.0,0.2364647540081676,,clean_500k
794,never_reached_object,action_delay,2,0.0,0.2364647540081676,,clean_500k
795,never_reached_object,action_delay,2,0.0,0.2364647540081676,,clean_500k
796,never_reached_object,action_delay,2,0.0,0.2364647540081676,,clean_500k
797,never_reached_object,action_delay,2,0.0,0.2364647540081676,,clean_500k
798,never_reached_object,action_delay,2,0.0,0.2364647540081676,,clean_500k
799,never_reached_object,action_delay,2,0.0,0.2364647540081676,,clean_500k
800,never_reached_object,action_delay,2,0.0,0.2364647540081676,,clean_500k
801,never_reached_object,action_delay,2,0.0,0.2364647540081676,,clean_500k
802,never_reached_object,action_delay,2,0.0,0.2364647540081676,,clean_500k
803,never_reached_object,action_delay,2,0.0,0.2364647540081676,,clean_500k
804,never_reached_object,action_delay,2,0.0,0.2364647540081676,,clean_500k
805,never_reached_object,action_delay,2,0.0,0.2364647540081676,,clean_500k
806,never_reached_object,action_delay,2,0.0,0.2364647540081676,,clean_500k
807,never_reached_object,action_delay,2,0.0,0.2364647540081676,,clean_500k
808,never_reached_object,action_delay,2,0.0,0.2364647540081676,,clean_500k
809,never_reached_object,action_delay,2,0.0,0.2364647540081676,,clean_500k
810,never_reached_object,action_reversal,2,0.0,0.2364647540081676,,clean_500k
811,never_reached_object,action_reversal,2,0.0,0.2364647540081676,,clean_500k
812,never_reached_object,action_reversal,2,0.0,0.2364647540081676,,clean_500k
813,never_reached_object,action_reversal,2,0.0,0.2364647540081676,,clean_500k
814,never_reached_object,action_reversal,2,0.0,0.2364647540081676,,clean_500k
815,never_reached_object,action_reversal,2,0.0,0.2364647540081676,,clean_500k
816,never_reached_object,action_reversal,2,0.0,0.2364647540081676,,clean_500k
817,never_reached_object,action_reversal,2,0.0,0.2364647540081676,,clean_500k
818,never_reached_object,action_reversal,2,0.0,0.2364647540081676,,clean_500k
819,never_reached_object,action_reversal,2,0.0,0.2364647540081676,,clean_500k
820,never_reached_object,action_reversal,2,0.0,0.2364647540081676,,clean_500k
821,never_reached_object,action_reversal,2,0.0,0.2364647540081676,,clean_500k
822,never_reached_object,action_reversal,2,0.0,0.2364647540081676,,clean_500k
823,never_reached_object,action_reversal,2,0.0,0.2364647540081676,,clean_500k
824,never_reached_object,action_reversal,2,0.0,0.2364647540081676,,clean_500k
825,never_reached_object,action_reversal,2,0.0,0.2364647540081676,,clean_500k
826,never_reached_object,action_reversal,2,0.0,0.2364647540081676,,clean_500k
827,never_reached_object,action_reversal,2,0.0,0.2364647540081676,,clean_500k
828,never_reached_object,action_reversal,2,0.0,0.2364647540081676,,clean_500k
829,never_reached_object,action_reversal,2,0.0,0.2364647540081676,,clean_500k
830,never_reached_object,action_reversal,2,0.0,0.2364647540081676,,clean_500k
831,never_reached_object,action_reversal,2,0.0,0.2364647540081676,,clean_500k
832,never_reached_object,action_reversal,2,0.0,0.2364647540081676,,clean_500k
833,never_reached_object,action_reversal,2,0.0,0.2364647540081676,,clean_500k
834,never_reached_object,action_reversal,2,0.0,0.2364647540081676,,clean_500k
835,never_reached_object,action_reversal,2,0.0,0.2364647540081676,,clean_500k
836,never_reached_object,action_reversal,2,0.0,0.2364647540081676,,clean_500k
837,never_reached_object,action_reversal,2,0.0,0.2364647540081676,,clean_500k
838,never_reached_object,action_reversal,2,0.0,0.2364647540081676,,clean_500k
839,never_reached_object,action_reversal,2,0.0,0.2364647540081676,,clean_500k
840,never_reached_object,goal_spoof_immediate,2,0.0,0.2364647540081676,,clean_500k
841,never_reached_object,goal_spoof_immediate,2,0.0,0.2364647540081676,,clean_500k
842,never_reached_object,goal_spoof_immediate,2,0.0,0.2364647540081676,,clean_500k
843,never_reached_object,goal_spoof_immediate,2,0.0,0.2364647540081676,,clean_500k
844,never_reached_object,goal_spoof_immediate,2,0.0,0.2364647540081676,,clean_500k
845,never_reached_object,goal_spoof_immediate,2,0.0,0.2364647540081676,,clean_500k
846,never_reached_object,goal_spoof_immediate,2,0.0,0.2364647540081676,,clean_500k
847,never_reached_object,goal_spoof_immediate,2,0.0,0.2364647540081676,,clean_500k
848,never_reached_object,goal_spoof_immediate,2,0.0,0.2364647540081676,,clean_500k
849,never_reached_object,goal_spoof_immediate,2,0.0,0.2364647540081676,,clean_500k
850,reached_but_failed_grasp,goal_spoof_immediate,2,0.0,0.125586480724108,,clean_500k
851,never_reached_object,goal_spoof_immediate,2,0.0,0.2364647540081676,,clean_500k
852,never_reached_object,goal_spoof_immediate,2,0.0,0.2364647540081676,,clean_500k
853,never_reached_object,goal_spoof_immediate,2,0.0,0.2364647540081676,,clean_500k
854,never_reached_object,goal_spoof_immediate,2,0.0,0.2364647540081676,,clean_500k
855,never_reached_object,goal_spoof_immediate,2,0.0,0.2364647540081676,,clean_500k
856,never_reached_object,goal_spoof_immediate,2,0.0,0.2364647540081676,,clean_500k
857,never_reached_object,goal_spoof_immediate,2,0.0,0.2364647540081676,,clean_500k
858,never_reached_object,goal_spoof_immediate,2,0.0,0.2364647540081676,,clean_500k
859,never_reached_object,goal_spoof_immediate,2,0.0,0.2364647540081676,,clean_500k
860,never_reached_object,goal_spoof_immediate,2,0.0,0.2364647540081676,,clean_500k
861,never_reached_object,goal_spoof_immediate,2,0.0,0.2364647540081676,,clean_500k
862,never_reached_object,goal_spoof_immediate,2,0.0,0.2364647540081676,,clean_500k
863,never_reached_object,goal_spoof_immediate,2,0.0,0.2364647540081676,,clean_500k
864,never_reached_object,goal_spoof_immediate,2,0.0,0.2364647540081676,,clean_500k
865,never_reached_object,goal_spoof_immediate,2,0.0,0.2364647540081676,,clean_500k
866,never_reached_object,goal_spoof_immediate,2,0.0,0.2364647540081676,,clean_500k
867,never_reached_object,goal_spoof_immediate,2,0.0,0.2364647540081676,,clean_500k
868,never_reached_object,goal_spoof_immediate,2,0.0,0.2364647540081676,,clean_500k
869,never_reached_object,goal_spoof_immediate,2,0.0,0.2364647540081676,,clean_500k
870,never_reached_object,goal_spoof_midep,2,0.0,0.2364647540081676,,clean_500k
871,never_reached_object,goal_spoof_midep,2,0.0,0.2364647540081676,,clean_500k
872,never_reached_object,goal_spoof_midep,2,0.0,0.2364647540081676,,clean_500k
873,never_reached_object,goal_spoof_midep,2,0.0,0.2364647540081676,,clean_500k
874,never_reached_object,goal_spoof_midep,2,0.0,0.2364647540081676,,clean_500k
875,never_reached_object,goal_spoof_midep,2,0.0,0.2364647540081676,,clean_500k
876,never_reached_object,goal_spoof_midep,2,0.0,0.2364647540081676,,clean_500k
877,never_reached_object,goal_spoof_midep,2,0.0,0.2364647540081676,,clean_500k
878,never_reached_object,goal_spoof_midep,2,0.0,0.2364647540081676,,clean_500k
879,never_reached_object,goal_spoof_midep,2,0.0,0.2364647540081676,,clean_500k
880,never_reached_object,goal_spoof_midep,2,0.0,0.2364647540081676,,clean_500k
881,never_reached_object,goal_spoof_midep,2,0.0,0.2364647540081676,,clean_500k
882,never_reached_object,goal_spoof_midep,2,0.0,0.2364647540081676,,clean_500k
883,never_reached_object,goal_spoof_midep,2,0.0,0.2364647540081676,,clean_500k
884,never_reached_object,goal_spoof_midep,2,0.0,0.2364647540081676,,clean_500k
885,never_reached_object,goal_spoof_midep,2,0.0,0.2364647540081676,,clean_500k
886,never_reached_object,goal_spoof_midep,2,0.0,0.2364647540081676,,clean_500k
887,never_reached_object,goal_spoof_midep,2,0.0,0.2364647540081676,,clean_500k
888,never_reached_object,goal_spoof_midep,2,0.0,0.2364647540081676,,clean_500k
889,never_reached_object,goal_spoof_midep,2,0.0,0.2364647540081676,,clean_500k
890,never_reached_object,goal_spoof_midep,2,0.0,0.2364647540081676,,clean_500k
891,never_reached_object,goal_spoof_midep,2,0.0,0.2364647540081676,,clean_500k
892,never_reached_object,goal_spoof_midep,2,0.0,0.2364647540081676,,clean_500k
893,never_reached_object,goal_spoof_midep,2,0.0,0.2364647540081676,,clean_500k
894,never_reached_object,goal_spoof_midep,2,0.0,0.2364647540081676,,clean_500k
895,never_reached_object,goal_spoof_midep,2,0.0,0.2364647540081676,,clean_500k
896,never_reached_object,goal_spoof_midep,2,0.0,0.2364647540081676,,clean_500k
897,never_reached_object,goal_spoof_midep,2,0.0,0.2364647540081676,,clean_500k
898,never_reached_object,goal_spoof_midep,2,0.0,0.2364647540081676,,clean_500k
899,never_reached_object,goal_spoof_midep,2,0.0,0.2364647540081676,,clean_500k
900,never_reached_object,object_pose_spoof,2,0.0,0.2364647540081676,,clean_500k
901,never_reached_object,object_pose_spoof,2,0.0,0.2364647540081676,,clean_500k
902,never_reached_object,object_pose_spoof,2,0.0,0.2364647540081676,,clean_500k
903,never_reached_object,object_pose_spoof,2,0.0,0.2364647540081676,,clean_500k
904,never_reached_object,object_pose_spoof,2,0.0,0.2364647540081676,,clean_500k
905,never_reached_object,object_pose_spoof,2,0.0,0.2364647540081676,,clean_500k
906,never_reached_object,object_pose_spoof,2,0.0,0.2364647540081676,,clean_500k
907,never_reached_object,object_pose_spoof,2,0.0,0.2364647540081676,,clean_500k
908,never_reached_object,object_pose_spoof,2,0.0,0.2364647540081676,,clean_500k
909,never_reached_object,object_pose_spoof,2,0.0,0.2364647540081676,,clean_500k
910,never_reached_object,object_pose_spoof,2,0.0,0.2364647540081676,,clean_500k
911,never_reached_object,object_pose_spoof,2,0.0,0.2364647540081676,,clean_500k
912,never_reached_object,object_pose_spoof,2,0.0,0.2364647540081676,,clean_500k
913,never_reached_object,object_pose_spoof,2,0.0,0.2364647540081676,,clean_500k
914,never_reached_object,object_pose_spoof,2,0.0,0.2364647540081676,,clean_500k
915,never_reached_object,object_pose_spoof,2,0.0,0.2364647540081676,,clean_500k
916,never_reached_object,object_pose_spoof,2,0.0,0.2364647540081676,,clean_500k
917,never_reached_object,object_pose_spoof,2,0.0,0.2364647540081676,,clean_500k
918,never_reached_object,object_pose_spoof,2,0.0,0.2364647540081676,,clean_500k
919,never_reached_object,object_pose_spoof,2,0.0,0.2364647540081676,,clean_500k
920,never_reached_object,object_pose_spoof,2,0.0,0.2364647540081676,,clean_500k
921,never_reached_object,object_pose_spoof,2,0.0,0.2364647540081676,,clean_500k
922,never_reached_object,object_pose_spoof,2,0.0,0.2364647540081676,,clean_500k
923,never_reached_object,object_pose_spoof,2,0.0,0.2364647540081676,,clean_500k
924,never_reached_object,object_pose_spoof,2,0.0,0.2364647540081676,,clean_500k
925,never_reached_object,object_pose_spoof,2,0.0,0.2364647540081676,,clean_500k
926,never_reached_object,object_pose_spoof,2,0.0,0.2364647540081676,,clean_500k
927,never_reached_object,object_pose_spoof,2,0.0,0.2364647540081676,,clean_500k
928,never_reached_object,object_pose_spoof,2,0.0,0.2364647540081676,,clean_500k
929,never_reached_object,object_pose_spoof,2,0.0,0.2364647540081676,,clean_500k
930,never_reached_object,grip_state_falsification,2,0.0,0.2364647540081676,,clean_500k
931,never_reached_object,grip_state_falsification,2,0.0,0.2364647540081676,,clean_500k
932,never_reached_object,grip_state_falsification,2,0.0,0.2364647540081676,,clean_500k
933,never_reached_object,grip_state_falsification,2,0.0,0.2364647540081676,,clean_500k
934,never_reached_object,grip_state_falsification,2,0.0,0.2364647540081676,,clean_500k
935,never_reached_object,grip_state_falsification,2,0.0,0.2364647540081676,,clean_500k
936,never_reached_object,grip_state_falsification,2,0.0,0.2364647540081676,,clean_500k
937,never_reached_object,grip_state_falsification,2,0.0,0.2364647540081676,,clean_500k
938,never_reached_object,grip_state_falsification,2,0.0,0.2364647540081676,,clean_500k
939,never_reached_object,grip_state_falsification,2,0.0,0.2364647540081676,,clean_500k
940,never_reached_object,grip_state_falsification,2,0.0,0.2364647540081676,,clean_500k
941,never_reached_object,grip_state_falsification,2,0.0,0.2364647540081676,,clean_500k
942,never_reached_object,grip_state_falsification,2,0.0,0.2364647540081676,,clean_500k
943,never_reached_object,grip_state_falsification,2,0.0,0.2364647540081676,,clean_500k
944,never_reached_object,grip_state_falsification,2,0.0,0.2364647540081676,,clean_500k
945,never_reached_object,grip_state_falsification,2,0.0,0.2364647540081676,,clean_500k
946,never_reached_object,grip_state_falsification,2,0.0,0.2364647540081676,,clean_500k
947,never_reached_object,grip_state_falsification,2,0.0,0.2364647540081676,,clean_500k
948,never_reached_object,grip_state_falsification,2,0.0,0.2364647540081676,,clean_500k
949,never_reached_object,grip_state_falsification,2,0.0,0.2364647540081676,,clean_500k
950,never_reached_object,grip_state_falsification,2,0.0,0.2364647540081676,,clean_500k
951,never_reached_object,grip_state_falsification,2,0.0,0.2364647540081676,,clean_500k
952,never_reached_object,grip_state_falsification,2,0.0,0.2364647540081676,,clean_500k
953,never_reached_object,grip_state_falsification,2,0.0,0.2364647540081676,,clean_500k
954,never_reached_object,grip_state_falsification,2,0.0,0.2364647540081676,,clean_500k
955,never_reached_object,grip_state_falsification,2,0.0,0.2364647540081676,,clean_500k
956,never_reached_object,grip_state_falsification,2,0.0,0.2364647540081676,,clean_500k
957,never_reached_object,grip_state_falsification,2,0.0,0.2364647540081676,,clean_500k
958,never_reached_object,grip_state_falsification,2,0.0,0.2364647540081676,,clean_500k
959,never_reached_object,grip_state_falsification,2,0.0,0.2364647540081676,,clean_500k
960,never_reached_object,contact_dropout,2,0.0,0.2364647540081676,,clean_500k
961,never_reached_object,contact_dropout,2,0.0,0.2364647540081676,,clean_500k
962,never_reached_object,contact_dropout,2,0.0,0.2364647540081676,,clean_500k
963,never_reached_object,contact_dropout,2,0.0,0.2364647540081676,,clean_500k
964,never_reached_object,contact_dropout,2,0.0,0.2364647540081676,,clean_500k
965,never_reached_object,contact_dropout,2,0.0,0.2364647540081676,,clean_500k
966,never_reached_object,contact_dropout,2,0.0,0.2364647540081676,,clean_500k
967,never_reached_object,contact_dropout,2,0.0,0.2364647540081676,,clean_500k
968,never_reached_object,contact_dropout,2,0.0,0.2364647540081676,,clean_500k
969,never_reached_object,contact_dropout,2,0.0,0.2364647540081676,,clean_500k
970,never_reached_object,contact_dropout,2,0.0,0.2364647540081676,,clean_500k
971,never_reached_object,contact_dropout,2,0.0,0.2364647540081676,,clean_500k
972,never_reached_object,contact_dropout,2,0.0,0.2364647540081676,,clean_500k
973,never_reached_object,contact_dropout,2,0.0,0.2364647540081676,,clean_500k
974,never_reached_object,contact_dropout,2,0.0,0.2364647540081676,,clean_500k
975,never_reached_object,contact_dropout,2,0.0,0.2364647540081676,,clean_500k
976,never_reached_object,contact_dropout,2,0.0,0.2364647540081676,,clean_500k
977,never_reached_object,contact_dropout,2,0.0,0.2364647540081676,,clean_500k
978,never_reached_object,contact_dropout,2,0.0,0.2364647540081676,,clean_500k
979,never_reached_object,contact_dropout,2,0.0,0.2364647540081676,,clean_500k
980,never_reached_object,contact_dropout,2,0.0,0.2364647540081676,,clean_500k
981,never_reached_object,contact_dropout,2,0.0,0.2364647540081676,,clean_500k
982,never_reached_object,contact_dropout,2,0.0,0.2364647540081676,,clean_500k
983,never_reached_object,contact_dropout,2,0.0,0.2364647540081676,,clean_500k
984,never_reached_object,contact_dropout,2,0.0,0.2364647540081676,,clean_500k
985,never_reached_object,contact_dropout,2,0.0,0.2364647540081676,,clean_500k
986,never_reached_object,contact_dropout,2,0.0,0.2364647540081676,,clean_500k
987,never_reached_object,contact_dropout,2,0.0,0.2364647540081676,,clean_500k
988,never_reached_object,contact_dropout,2,0.0,0.2364647540081676,,clean_500k
989,never_reached_object,contact_dropout,2,0.0,0.2364647540081676,,clean_500k
990,never_reached_object,clean,3,0.0,0.3213978804705762,,clean_500k
991,never_reached_object,clean,3,0.0,0.3213978804705762,,clean_500k
992,never_reached_object,clean,3,0.0,0.3213978804705762,,clean_500k
993,never_reached_object,clean,3,0.0,0.3213978804705762,,clean_500k
994,never_reached_object,clean,3,0.0,0.3213978804705762,,clean_500k
995,never_reached_object,clean,3,0.0,0.3213978804705762,,clean_500k
996,never_reached_object,clean,3,0.0,0.3213978804705762,,clean_500k
997,never_reached_object,clean,3,0.0,0.3213978804705762,,clean_500k
998,never_reached_object,clean,3,0.0,0.3213978804705762,,clean_500k
999,never_reached_object,clean,3,0.0,0.3213978804705762,,clean_500k
1000,never_reached_object,clean,3,0.0,0.3213978804705762,,clean_500k
1001,never_reached_object,clean,3,0.0,0.3213978804705762,,clean_500k
1002,never_reached_object,clean,3,0.0,0.3213978804705762,,clean_500k
1003,never_reached_object,clean,3,0.0,0.3213978804705762,,clean_500k
1004,never_reached_object,clean,3,0.0,0.3213978804705762,,clean_500k
1005,never_reached_object,clean,3,0.0,0.3213978804705762,,clean_500k
1006,never_reached_object,clean,3,0.0,0.3213978804705762,,clean_500k
1007,never_reached_object,clean,3,0.0,0.3213978804705762,,clean_500k
1008,never_reached_object,clean,3,0.0,0.3213978804705762,,clean_500k
1009,never_reached_object,clean,3,0.0,0.3213978804705762,,clean_500k
1010,never_reached_object,clean,3,0.0,0.3213978804705762,,clean_500k
1011,never_reached_object,clean,3,0.0,0.3213978804705762,,clean_500k
1012,never_reached_object,clean,3,0.0,0.3213978804705762,,clean_500k
1013,never_reached_object,clean,3,0.0,0.3213978804705762,,clean_500k
1014,never_reached_object,clean,3,0.0,0.3213978804705762,,clean_500k
1015,never_reached_object,clean,3,0.0,0.3213978804705762,,clean_500k
1016,never_reached_object,clean,3,0.0,0.3213978804705762,,clean_500k
1017,never_reached_object,clean,3,0.0,0.3213978804705762,,clean_500k
1018,never_reached_object,clean,3,0.0,0.3213978804705762,,clean_500k
1019,never_reached_object,clean,3,0.0,0.3213978804705762,,clean_500k
1020,never_reached_object,sensor_dropout,3,0.0,0.3213978804705762,,clean_500k
1021,never_reached_object,sensor_dropout,3,0.0,0.3213978804705762,,clean_500k
1022,never_reached_object,sensor_dropout,3,0.0,0.3213978804705762,,clean_500k
1023,never_reached_object,sensor_dropout,3,0.0,0.3213978804705762,,clean_500k
1024,never_reached_object,sensor_dropout,3,0.0,0.3213978804705762,,clean_500k
1025,never_reached_object,sensor_dropout,3,0.0,0.3213978804705762,,clean_500k
1026,never_reached_object,sensor_dropout,3,0.0,0.3213978804705762,,clean_500k
1027,never_reached_object,sensor_dropout,3,0.0,0.3213978804705762,,clean_500k
1028,never_reached_object,sensor_dropout,3,0.0,0.3213978804705762,,clean_500k
1029,never_reached_object,sensor_dropout,3,0.0,0.3213978804705762,,clean_500k
1030,never_reached_object,sensor_dropout,3,0.0,0.3213978804705762,,clean_500k
1031,never_reached_object,sensor_dropout,3,0.0,0.3213978804705762,,clean_500k
1032,never_reached_object,sensor_dropout,3,0.0,0.3213978804705762,,clean_500k
1033,never_reached_object,sensor_dropout,3,0.0,0.3213978804705762,,clean_500k
1034,never_reached_object,sensor_dropout,3,0.0,0.3213978804705762,,clean_500k
1035,never_reached_object,sensor_dropout,3,0.0,0.3213978804705762,,clean_500k
1036,never_reached_object,sensor_dropout,3,0.0,0.3213978804705762,,clean_500k
1037,never_reached_object,sensor_dropout,3,0.0,0.3213978804705762,,clean_500k
1038,never_reached_object,sensor_dropout,3,0.0,0.3213978804705762,,clean_500k
1039,never_reached_object,sensor_dropout,3,0.0,0.3213978804705762,,clean_500k
1040,never_reached_object,sensor_dropout,3,0.0,0.3213978804705762,,clean_500k
1041,never_reached_object,sensor_dropout,3,0.0,0.3213978804705762,,clean_500k
1042,never_reached_object,sensor_dropout,3,0.0,0.3213978804705762,,clean_500k
1043,never_reached_object,sensor_dropout,3,0.0,0.3213978804705762,,clean_500k
1044,never_reached_object,sensor_dropout,3,0.0,0.3213978804705762,,clean_500k
1045,never_reached_object,sensor_dropout,3,0.0,0.3213978804705762,,clean_500k
1046,never_reached_object,sensor_dropout,3,0.0,0.3213978804705762,,clean_500k
1047,never_reached_object,sensor_dropout,3,0.0,0.3213978804705762,,clean_500k
1048,never_reached_object,sensor_dropout,3,0.0,0.3213978804705762,,clean_500k
1049,never_reached_object,sensor_dropout,3,0.0,0.3213978804705762,,clean_500k
1050,never_reached_object,sensor_bias,3,0.0,0.3213978804705762,,clean_500k
1051,never_reached_object,sensor_bias,3,0.0,0.3213978804705762,,clean_500k
1052,never_reached_object,sensor_bias,3,0.0,0.3213978804705762,,clean_500k
1053,never_reached_object,sensor_bias,3,0.0,0.3213978804705762,,clean_500k
1054,never_reached_object,sensor_bias,3,0.0,0.3213978804705762,,clean_500k
1055,never_reached_object,sensor_bias,3,0.0,0.3213978804705762,,clean_500k
1056,never_reached_object,sensor_bias,3,0.0,0.3213978804705762,,clean_500k
1057,never_reached_object,sensor_bias,3,0.0,0.3213978804705762,,clean_500k
1058,never_reached_object,sensor_bias,3,0.0,0.3213978804705762,,clean_500k
1059,never_reached_object,sensor_bias,3,0.0,0.3213978804705762,,clean_500k
1060,never_reached_object,sensor_bias,3,0.0,0.3213978804705762,,clean_500k
1061,never_reached_object,sensor_bias,3,0.0,0.3213978804705762,,clean_500k
1062,never_reached_object,sensor_bias,3,0.0,0.3213978804705762,,clean_500k
1063,never_reached_object,sensor_bias,3,0.0,0.3213978804705762,,clean_500k
1064,never_reached_object,sensor_bias,3,0.0,0.3213978804705762,,clean_500k
1065,never_reached_object,sensor_bias,3,0.0,0.3213978804705762,,clean_500k
1066,never_reached_object,sensor_bias,3,0.0,0.3213978804705762,,clean_500k
1067,never_reached_object,sensor_bias,3,0.0,0.3213978804705762,,clean_500k
1068,never_reached_object,sensor_bias,3,0.0,0.3213978804705762,,clean_500k
1069,never_reached_object,sensor_bias,3,0.0,0.3213978804705762,,clean_500k
1070,never_reached_object,sensor_bias,3,0.0,0.3213978804705762,,clean_500k
1071,never_reached_object,sensor_bias,3,0.0,0.3213978804705762,,clean_500k
1072,never_reached_object,sensor_bias,3,0.0,0.3213978804705762,,clean_500k
1073,never_reached_object,sensor_bias,3,0.0,0.3213978804705762,,clean_500k
1074,never_reached_object,sensor_bias,3,0.0,0.3213978804705762,,clean_500k
1075,never_reached_object,sensor_bias,3,0.0,0.3213978804705762,,clean_500k
1076,never_reached_object,sensor_bias,3,0.0,0.3213978804705762,,clean_500k
1077,never_reached_object,sensor_bias,3,0.0,0.3213978804705762,,clean_500k
1078,never_reached_object,sensor_bias,3,0.0,0.3213978804705762,,clean_500k
1079,never_reached_object,sensor_bias,3,0.0,0.3213978804705762,,clean_500k
1080,never_reached_object,action_clipping,3,0.0,0.3213978804705762,,clean_500k
1081,never_reached_object,action_clipping,3,0.0,0.3213978804705762,,clean_500k
1082,never_reached_object,action_clipping,3,0.0,0.3213978804705762,,clean_500k
1083,never_reached_object,action_clipping,3,0.0,0.3213978804705762,,clean_500k
1084,never_reached_object,action_clipping,3,0.0,0.3213978804705762,,clean_500k
1085,never_reached_object,action_clipping,3,0.0,0.3213978804705762,,clean_500k
1086,never_reached_object,action_clipping,3,0.0,0.3213978804705762,,clean_500k
1087,never_reached_object,action_clipping,3,0.0,0.3213978804705762,,clean_500k
1088,never_reached_object,action_clipping,3,0.0,0.3213978804705762,,clean_500k
1089,never_reached_object,action_clipping,3,0.0,0.3213978804705762,,clean_500k
1090,never_reached_object,action_clipping,3,0.0,0.3213978804705762,,clean_500k
1091,never_reached_object,action_clipping,3,0.0,0.3213978804705762,,clean_500k
1092,never_reached_object,action_clipping,3,0.0,0.3213978804705762,,clean_500k
1093,never_reached_object,action_clipping,3,0.0,0.3213978804705762,,clean_500k
1094,never_reached_object,action_clipping,3,0.0,0.3213978804705762,,clean_500k
1095,never_reached_object,action_clipping,3,0.0,0.3213978804705762,,clean_500k
1096,never_reached_object,action_clipping,3,0.0,0.3213978804705762,,clean_500k
1097,never_reached_object,action_clipping,3,0.0,0.3213978804705762,,clean_500k
1098,never_reached_object,action_clipping,3,0.0,0.3213978804705762,,clean_500k
1099,never_reached_object,action_clipping,3,0.0,0.3213978804705762,,clean_500k
1100,never_reached_object,action_clipping,3,0.0,0.3213978804705762,,clean_500k
1101,never_reached_object,action_clipping,3,0.0,0.3213978804705762,,clean_500k
1102,never_reached_object,action_clipping,3,0.0,0.3213978804705762,,clean_500k
1103,never_reached_object,action_clipping,3,0.0,0.3213978804705762,,clean_500k
1104,never_reached_object,action_clipping,3,0.0,0.3213978804705762,,clean_500k
1105,never_reached_object,action_clipping,3,0.0,0.3213978804705762,,clean_500k
1106,never_reached_object,action_clipping,3,0.0,0.3213978804705762,,clean_500k
1107,never_reached_object,action_clipping,3,0.0,0.3213978804705762,,clean_500k
1108,never_reached_object,action_clipping,3,0.0,0.3213978804705762,,clean_500k
1109,never_reached_object,action_clipping,3,0.0,0.3213978804705762,,clean_500k
1110,never_reached_object,action_delay,3,0.0,0.3213978804705762,,clean_500k
1111,never_reached_object,action_delay,3,0.0,0.3213978804705762,,clean_500k
1112,never_reached_object,action_delay,3,0.0,0.3213978804705762,,clean_500k
1113,never_reached_object,action_delay,3,0.0,0.3213978804705762,,clean_500k
1114,never_reached_object,action_delay,3,0.0,0.3213978804705762,,clean_500k
1115,never_reached_object,action_delay,3,0.0,0.3213978804705762,,clean_500k
1116,never_reached_object,action_delay,3,0.0,0.3213978804705762,,clean_500k
1117,never_reached_object,action_delay,3,0.0,0.3213978804705762,,clean_500k
1118,never_reached_object,action_delay,3,0.0,0.3213978804705762,,clean_500k
1119,never_reached_object,action_delay,3,0.0,0.3213978804705762,,clean_500k
1120,never_reached_object,action_delay,3,0.0,0.3213978804705762,,clean_500k
1121,never_reached_object,action_delay,3,0.0,0.3213978804705762,,clean_500k
1122,never_reached_object,action_delay,3,0.0,0.3213978804705762,,clean_500k
1123,never_reached_object,action_delay,3,0.0,0.3213978804705762,,clean_500k
1124,never_reached_object,action_delay,3,0.0,0.3213978804705762,,clean_500k
1125,never_reached_object,action_delay,3,0.0,0.3213978804705762,,clean_500k
1126,never_reached_object,action_delay,3,0.0,0.3213978804705762,,clean_500k
1127,never_reached_object,action_delay,3,0.0,0.3213978804705762,,clean_500k
1128,never_reached_object,action_delay,3,0.0,0.3213978804705762,,clean_500k
1129,never_reached_object,action_delay,3,0.0,0.3213978804705762,,clean_500k
1130,never_reached_object,action_delay,3,0.0,0.3213978804705762,,clean_500k
1131,never_reached_object,action_delay,3,0.0,0.3213978804705762,,clean_500k
1132,never_reached_object,action_delay,3,0.0,0.3213978804705762,,clean_500k
1133,never_reached_object,action_delay,3,0.0,0.3213978804705762,,clean_500k
1134,never_reached_object,action_delay,3,0.0,0.3213978804705762,,clean_500k
1135,never_reached_object,action_delay,3,0.0,0.3213978804705762,,clean_500k
1136,never_reached_object,action_delay,3,0.0,0.3213978804705762,,clean_500k
1137,never_reached_object,action_delay,3,0.0,0.3213978804705762,,clean_500k
1138,never_reached_object,action_delay,3,0.0,0.3213978804705762,,clean_500k
1139,never_reached_object,action_delay,3,0.0,0.3213978804705762,,clean_500k
1140,never_reached_object,action_reversal,3,0.0,0.3213978804705762,,clean_500k
1141,never_reached_object,action_reversal,3,0.0,0.3213978804705762,,clean_500k
1142,never_reached_object,action_reversal,3,0.0,0.3213978804705762,,clean_500k
1143,never_reached_object,action_reversal,3,0.0,0.3213978804705762,,clean_500k
1144,never_reached_object,action_reversal,3,0.0,0.3213978804705762,,clean_500k
1145,never_reached_object,action_reversal,3,0.0,0.3213978804705762,,clean_500k
1146,never_reached_object,action_reversal,3,0.0,0.3213978804705762,,clean_500k
1147,never_reached_object,action_reversal,3,0.0,0.3213978804705762,,clean_500k
1148,never_reached_object,action_reversal,3,0.0,0.3213978804705762,,clean_500k
1149,never_reached_object,action_reversal,3,0.0,0.3213978804705762,,clean_500k
1150,never_reached_object,action_reversal,3,0.0,0.3213978804705762,,clean_500k
1151,never_reached_object,action_reversal,3,0.0,0.3213978804705762,,clean_500k
1152,never_reached_object,action_reversal,3,0.0,0.3213978804705762,,clean_500k
1153,never_reached_object,action_reversal,3,0.0,0.3213978804705762,,clean_500k
1154,never_reached_object,action_reversal,3,0.0,0.3213978804705762,,clean_500k
1155,never_reached_object,action_reversal,3,0.0,0.3213978804705762,,clean_500k
1156,never_reached_object,action_reversal,3,0.0,0.3213978804705762,,clean_500k
1157,never_reached_object,action_reversal,3,0.0,0.3213978804705762,,clean_500k
1158,never_reached_object,action_reversal,3,0.0,0.3213978804705762,,clean_500k
1159,never_reached_object,action_reversal,3,0.0,0.3213978804705762,,clean_500k
1160,never_reached_object,action_reversal,3,0.0,0.3213978804705762,,clean_500k
1161,never_reached_object,action_reversal,3,0.0,0.3213978804705762,,clean_500k
1162,never_reached_object,action_reversal,3,0.0,0.3213978804705762,,clean_500k
1163,never_reached_object,action_reversal,3,0.0,0.3213978804705762,,clean_500k
1164,never_reached_object,action_reversal,3,0.0,0.3213978804705762,,clean_500k
1165,never_reached_object,action_reversal,3,0.0,0.3213978804705762,,clean_500k
1166,never_reached_object,action_reversal,3,0.0,0.3213978804705762,,clean_500k
1167,never_reached_object,action_reversal,3,0.0,0.3213978804705762,,clean_500k
1168,never_reached_object,action_reversal,3,0.0,0.3213978804705762,,clean_500k
1169,never_reached_object,action_reversal,3,0.0,0.3213978804705762,,clean_500k
1170,never_reached_object,goal_spoof_immediate,3,0.0,0.3213978804705762,,clean_500k
1171,never_reached_object,goal_spoof_immediate,3,0.0,0.3213978804705762,,clean_500k
1172,never_reached_object,goal_spoof_immediate,3,0.0,0.3213978804705762,,clean_500k
1173,never_reached_object,goal_spoof_immediate,3,0.0,0.3213978804705762,,clean_500k
1174,never_reached_object,goal_spoof_immediate,3,0.0,0.3213978804705762,,clean_500k
1175,never_reached_object,goal_spoof_immediate,3,0.0,0.3213978804705762,,clean_500k
1176,never_reached_object,goal_spoof_immediate,3,0.0,0.3213978804705762,,clean_500k
1177,never_reached_object,goal_spoof_immediate,3,0.0,0.3213978804705762,,clean_500k
1178,never_reached_object,goal_spoof_immediate,3,0.0,0.3213978804705762,,clean_500k
1179,never_reached_object,goal_spoof_immediate,3,0.0,0.3213978804705762,,clean_500k
1180,never_reached_object,goal_spoof_immediate,3,0.0,0.3213978804705762,,clean_500k
1181,never_reached_object,goal_spoof_immediate,3,0.0,0.3213978804705762,,clean_500k
1182,never_reached_object,goal_spoof_immediate,3,0.0,0.3213978804705762,,clean_500k
1183,never_reached_object,goal_spoof_immediate,3,0.0,0.3213978804705762,,clean_500k
1184,never_reached_object,goal_spoof_immediate,3,0.0,0.3213978804705762,,clean_500k
1185,never_reached_object,goal_spoof_immediate,3,0.0,0.3213978804705762,,clean_500k
1186,never_reached_object,goal_spoof_immediate,3,0.0,0.3213978804705762,,clean_500k
1187,never_reached_object,goal_spoof_immediate,3,0.0,0.3213978804705762,,clean_500k
1188,never_reached_object,goal_spoof_immediate,3,0.0,0.3213978804705762,,clean_500k
1189,never_reached_object,goal_spoof_immediate,3,0.0,0.3213978804705762,,clean_500k
1190,never_reached_object,goal_spoof_immediate,3,0.0,0.3213978804705762,,clean_500k
1191,never_reached_object,goal_spoof_immediate,3,0.0,0.3213978804705762,,clean_500k
1192,never_reached_object,goal_spoof_immediate,3,0.0,0.3213978804705762,,clean_500k
1193,never_reached_object,goal_spoof_immediate,3,0.0,0.3213978804705762,,clean_500k
1194,never_reached_object,goal_spoof_immediate,3,0.0,0.3213978804705762,,clean_500k
1195,never_reached_object,goal_spoof_immediate,3,0.0,0.3213978804705762,,clean_500k
1196,never_reached_object,goal_spoof_immediate,3,0.0,0.3213978804705762,,clean_500k
1197,never_reached_object,goal_spoof_immediate,3,0.0,0.3213978804705762,,clean_500k
1198,never_reached_object,goal_spoof_immediate,3,0.0,0.3213978804705762,,clean_500k
1199,never_reached_object,goal_spoof_immediate,3,0.0,0.3213978804705762,,clean_500k
1200,never_reached_object,goal_spoof_midep,3,0.0,0.3213978804705762,,clean_500k
1201,never_reached_object,goal_spoof_midep,3,0.0,0.3213978804705762,,clean_500k
1202,never_reached_object,goal_spoof_midep,3,0.0,0.3213978804705762,,clean_500k
1203,never_reached_object,goal_spoof_midep,3,0.0,0.3213978804705762,,clean_500k
1204,never_reached_object,goal_spoof_midep,3,0.0,0.3213978804705762,,clean_500k
1205,never_reached_object,goal_spoof_midep,3,0.0,0.3213978804705762,,clean_500k
1206,never_reached_object,goal_spoof_midep,3,0.0,0.3213978804705762,,clean_500k
1207,never_reached_object,goal_spoof_midep,3,0.0,0.3213978804705762,,clean_500k
1208,never_reached_object,goal_spoof_midep,3,0.0,0.3213978804705762,,clean_500k
1209,never_reached_object,goal_spoof_midep,3,0.0,0.3213978804705762,,clean_500k
1210,never_reached_object,goal_spoof_midep,3,0.0,0.3213978804705762,,clean_500k
1211,never_reached_object,goal_spoof_midep,3,0.0,0.3213978804705762,,clean_500k
1212,never_reached_object,goal_spoof_midep,3,0.0,0.3213978804705762,,clean_500k
1213,never_reached_object,goal_spoof_midep,3,0.0,0.3213978804705762,,clean_500k
1214,never_reached_object,goal_spoof_midep,3,0.0,0.3213978804705762,,clean_500k
1215,never_reached_object,goal_spoof_midep,3,0.0,0.3213978804705762,,clean_500k
1216,never_reached_object,goal_spoof_midep,3,0.0,0.3213978804705762,,clean_500k
1217,never_reached_object,goal_spoof_midep,3,0.0,0.3213978804705762,,clean_500k
1218,never_reached_object,goal_spoof_midep,3,0.0,0.3213978804705762,,clean_500k
1219,never_reached_object,goal_spoof_midep,3,0.0,0.3213978804705762,,clean_500k
1220,never_reached_object,goal_spoof_midep,3,0.0,0.3213978804705762,,clean_500k
1221,never_reached_object,goal_spoof_midep,3,0.0,0.3213978804705762,,clean_500k
1222,never_reached_object,goal_spoof_midep,3,0.0,0.3213978804705762,,clean_500k
1223,never_reached_object,goal_spoof_midep,3,0.0,0.3213978804705762,,clean_500k
1224,never_reached_object,goal_spoof_midep,3,0.0,0.3213978804705762,,clean_500k
1225,never_reached_object,goal_spoof_midep,3,0.0,0.3213978804705762,,clean_500k
1226,never_reached_object,goal_spoof_midep,3,0.0,0.3213978804705762,,clean_500k
1227,never_reached_object,goal_spoof_midep,3,0.0,0.3213978804705762,,clean_500k
1228,never_reached_object,goal_spoof_midep,3,0.0,0.3213978804705762,,clean_500k
1229,never_reached_object,goal_spoof_midep,3,0.0,0.3213978804705762,,clean_500k
1230,never_reached_object,object_pose_spoof,3,0.0,0.3213978804705762,,clean_500k
1231,never_reached_object,object_pose_spoof,3,0.0,0.3213978804705762,,clean_500k
1232,never_reached_object,object_pose_spoof,3,0.0,0.3213978804705762,,clean_500k
1233,never_reached_object,object_pose_spoof,3,0.0,0.3213978804705762,,clean_500k
1234,never_reached_object,object_pose_spoof,3,0.0,0.3213978804705762,,clean_500k
1235,never_reached_object,object_pose_spoof,3,0.0,0.3213978804705762,,clean_500k
1236,never_reached_object,object_pose_spoof,3,0.0,0.3213978804705762,,clean_500k
1237,never_reached_object,object_pose_spoof,3,0.0,0.3213978804705762,,clean_500k
1238,never_reached_object,object_pose_spoof,3,0.0,0.3213978804705762,,clean_500k
1239,never_reached_object,object_pose_spoof,3,0.0,0.3213978804705762,,clean_500k
1240,never_reached_object,object_pose_spoof,3,0.0,0.3213978804705762,,clean_500k
1241,never_reached_object,object_pose_spoof,3,0.0,0.3213978804705762,,clean_500k
1242,never_reached_object,object_pose_spoof,3,0.0,0.3213978804705762,,clean_500k
1243,never_reached_object,object_pose_spoof,3,0.0,0.3213978804705762,,clean_500k
1244,never_reached_object,object_pose_spoof,3,0.0,0.3213978804705762,,clean_500k
1245,never_reached_object,object_pose_spoof,3,0.0,0.3213978804705762,,clean_500k
1246,never_reached_object,object_pose_spoof,3,0.0,0.3213978804705762,,clean_500k
1247,never_reached_object,object_pose_spoof,3,0.0,0.3213978804705762,,clean_500k
1248,never_reached_object,object_pose_spoof,3,0.0,0.3213978804705762,,clean_500k
1249,never_reached_object,object_pose_spoof,3,0.0,0.3213978804705762,,clean_500k
1250,never_reached_object,object_pose_spoof,3,0.0,0.3213978804705762,,clean_500k
1251,never_reached_object,object_pose_spoof,3,0.0,0.3213978804705762,,clean_500k
1252,never_reached_object,object_pose_spoof,3,0.0,0.3213978804705762,,clean_500k
1253,never_reached_object,object_pose_spoof,3,0.0,0.3600598568050191,,clean_500k
1254,never_reached_object,object_pose_spoof,3,0.0,0.3213978804705762,,clean_500k
1255,never_reached_object,object_pose_spoof,3,0.0,0.3213978804705762,,clean_500k
1256,never_reached_object,object_pose_spoof,3,0.0,0.3213978804705762,,clean_500k
1257,never_reached_object,object_pose_spoof,3,0.0,0.3213978804705762,,clean_500k
1258,never_reached_object,object_pose_spoof,3,0.0,0.3213978804705762,,clean_500k
1259,never_reached_object,object_pose_spoof,3,0.0,0.3213978804705762,,clean_500k
1260,never_reached_object,grip_state_falsification,3,0.0,0.3213978804705762,,clean_500k
1261,never_reached_object,grip_state_falsification,3,0.0,0.3213978804705762,,clean_500k
1262,never_reached_object,grip_state_falsification,3,0.0,0.3213978804705762,,clean_500k
1263,never_reached_object,grip_state_falsification,3,0.0,0.3213978804705762,,clean_500k
1264,never_reached_object,grip_state_falsification,3,0.0,0.3213978804705762,,clean_500k
1265,never_reached_object,grip_state_falsification,3,0.0,0.3213978804705762,,clean_500k
1266,never_reached_object,grip_state_falsification,3,0.0,0.3213978804705762,,clean_500k
1267,never_reached_object,grip_state_falsification,3,0.0,0.3213978804705762,,clean_500k
1268,never_reached_object,grip_state_falsification,3,0.0,0.3213978804705762,,clean_500k
1269,never_reached_object,grip_state_falsification,3,0.0,0.3213978804705762,,clean_500k
1270,never_reached_object,grip_state_falsification,3,0.0,0.3213978804705762,,clean_500k
1271,never_reached_object,grip_state_falsification,3,0.0,0.3213978804705762,,clean_500k
1272,never_reached_object,grip_state_falsification,3,0.0,0.3213978804705762,,clean_500k
1273,never_reached_object,grip_state_falsification,3,0.0,0.3213978804705762,,clean_500k
1274,never_reached_object,grip_state_falsification,3,0.0,0.3213978804705762,,clean_500k
1275,never_reached_object,grip_state_falsification,3,0.0,0.3213978804705762,,clean_500k
1276,never_reached_object,grip_state_falsification,3,0.0,0.3213978804705762,,clean_500k
1277,never_reached_object,grip_state_falsification,3,0.0,0.3213978804705762,,clean_500k
1278,never_reached_object,grip_state_falsification,3,0.0,0.3213978804705762,,clean_500k
1279,never_reached_object,grip_state_falsification,3,0.0,0.3213978804705762,,clean_500k
1280,never_reached_object,grip_state_falsification,3,0.0,0.3213978804705762,,clean_500k
1281,never_reached_object,grip_state_falsification,3,0.0,0.3213978804705762,,clean_500k
1282,never_reached_object,grip_state_falsification,3,0.0,0.3213978804705762,,clean_500k
1283,never_reached_object,grip_state_falsification,3,0.0,0.3213978804705762,,clean_500k
1284,never_reached_object,grip_state_falsification,3,0.0,0.3213978804705762,,clean_500k
1285,never_reached_object,grip_state_falsification,3,0.0,0.3213978804705762,,clean_500k
1286,never_reached_object,grip_state_falsification,3,0.0,0.3213978804705762,,clean_500k
1287,never_reached_object,grip_state_falsification,3,0.0,0.3213978804705762,,clean_500k
1288,never_reached_object,grip_state_falsification,3,0.0,0.3213978804705762,,clean_500k
1289,never_reached_object,grip_state_falsification,3,0.0,0.3213978804705762,,clean_500k
1290,never_reached_object,contact_dropout,3,0.0,0.3213978804705762,,clean_500k
1291,never_reached_object,contact_dropout,3,0.0,0.3213978804705762,,clean_500k
1292,never_reached_object,contact_dropout,3,0.0,0.3213978804705762,,clean_500k
1293,never_reached_object,contact_dropout,3,0.0,0.3213978804705762,,clean_500k
1294,never_reached_object,contact_dropout,3,0.0,0.3213978804705762,,clean_500k
1295,never_reached_object,contact_dropout,3,0.0,0.3213978804705762,,clean_500k
1296,never_reached_object,contact_dropout,3,0.0,0.3213978804705762,,clean_500k
1297,never_reached_object,contact_dropout,3,0.0,0.3213978804705762,,clean_500k
1298,never_reached_object,contact_dropout,3,0.0,0.3213978804705762,,clean_500k
1299,never_reached_object,contact_dropout,3,0.0,0.3213978804705762,,clean_500k
1300,never_reached_object,contact_dropout,3,0.0,0.3213978804705762,,clean_500k
1301,never_reached_object,contact_dropout,3,0.0,0.3213978804705762,,clean_500k
1302,never_reached_object,contact_dropout,3,0.0,0.3213978804705762,,clean_500k
1303,never_reached_object,contact_dropout,3,0.0,0.3213978804705762,,clean_500k
1304,never_reached_object,contact_dropout,3,0.0,0.3213978804705762,,clean_500k
1305,never_reached_object,contact_dropout,3,0.0,0.3213978804705762,,clean_500k
1306,never_reached_object,contact_dropout,3,0.0,0.3213978804705762,,clean_500k
1307,never_reached_object,contact_dropout,3,0.0,0.3213978804705762,,clean_500k
1308,never_reached_object,contact_dropout,3,0.0,0.3213978804705762,,clean_500k
1309,never_reached_object,contact_dropout,3,0.0,0.3213978804705762,,clean_500k
1310,never_reached_object,contact_dropout,3,0.0,0.3213978804705762,,clean_500k
1311,never_reached_object,contact_dropout,3,0.0,0.3213978804705762,,clean_500k
1312,never_reached_object,contact_dropout,3,0.0,0.3213978804705762,,clean_500k
1313,never_reached_object,contact_dropout,3,0.0,0.3213978804705762,,clean_500k
1314,never_reached_object,contact_dropout,3,0.0,0.3213978804705762,,clean_500k
1315,never_reached_object,contact_dropout,3,0.0,0.3213978804705762,,clean_500k
1316,never_reached_object,contact_dropout,3,0.0,0.3213978804705762,,clean_500k
1317,never_reached_object,contact_dropout,3,0.0,0.3213978804705762,,clean_500k
1318,never_reached_object,contact_dropout,3,0.0,0.3213978804705762,,clean_500k
1319,never_reached_object,contact_dropout,3,0.0,0.3213978804705762,,clean_500k
1320,never_reached_object,clean,4,0.0,0.3833991408667048,,clean_500k
1321,never_reached_object,clean,4,0.0,0.3833991408667048,,clean_500k
1322,never_reached_object,clean,4,0.0,0.3833991408667048,,clean_500k
1323,never_reached_object,clean,4,0.0,0.3833991408667048,,clean_500k
1324,never_reached_object,clean,4,0.0,0.3833991408667048,,clean_500k
1325,never_reached_object,clean,4,0.0,0.3833991408667048,,clean_500k
1326,never_reached_object,clean,4,0.0,0.3833991408667048,,clean_500k
1327,never_reached_object,clean,4,0.0,0.3833991408667048,,clean_500k
1328,never_reached_object,clean,4,0.0,0.3833991408667048,,clean_500k
1329,never_reached_object,clean,4,0.0,0.3833991408667048,,clean_500k
1330,never_reached_object,clean,4,0.0,0.3833991408667048,,clean_500k
1331,never_reached_object,clean,4,0.0,0.3833991408667048,,clean_500k
1332,never_reached_object,clean,4,0.0,0.3833991408667048,,clean_500k
1333,never_reached_object,clean,4,0.0,0.3833991408667048,,clean_500k
1334,never_reached_object,clean,4,0.0,0.3833991408667048,,clean_500k
1335,never_reached_object,clean,4,0.0,0.3833991408667048,,clean_500k
1336,never_reached_object,clean,4,0.0,0.3833991408667048,,clean_500k
1337,never_reached_object,clean,4,0.0,0.3833991408667048,,clean_500k
1338,never_reached_object,clean,4,0.0,0.3833991408667048,,clean_500k
1339,never_reached_object,clean,4,0.0,0.3833991408667048,,clean_500k
1340,never_reached_object,clean,4,0.0,0.3833991408667048,,clean_500k
1341,never_reached_object,clean,4,0.0,0.3833991408667048,,clean_500k
1342,never_reached_object,clean,4,0.0,0.3833991408667048,,clean_500k
1343,never_reached_object,clean,4,0.0,0.3833991408667048,,clean_500k
1344,never_reached_object,clean,4,0.0,0.3833991408667048,,clean_500k
1345,never_reached_object,clean,4,0.0,0.3833991408667048,,clean_500k
1346,never_reached_object,clean,4,0.0,0.3833991408667048,,clean_500k
1347,never_reached_object,clean,4,0.0,0.3833991408667048,,clean_500k
1348,never_reached_object,clean,4,0.0,0.3833991408667048,,clean_500k
1349,never_reached_object,clean,4,0.0,0.3833991408667048,,clean_500k
1350,never_reached_object,sensor_dropout,4,0.0,0.3833991408667048,,clean_500k
1351,never_reached_object,sensor_dropout,4,0.0,0.3833991408667048,,clean_500k
1352,never_reached_object,sensor_dropout,4,0.0,0.3833991408667048,,clean_500k
1353,never_reached_object,sensor_dropout,4,0.0,0.3833991408667048,,clean_500k
1354,never_reached_object,sensor_dropout,4,0.0,0.3833991408667048,,clean_500k
1355,never_reached_object,sensor_dropout,4,0.0,0.3833991408667048,,clean_500k
1356,never_reached_object,sensor_dropout,4,0.0,0.3833991408667048,,clean_500k
1357,never_reached_object,sensor_dropout,4,0.0,0.3833991408667048,,clean_500k
1358,never_reached_object,sensor_dropout,4,0.0,0.3833991408667048,,clean_500k
1359,never_reached_object,sensor_dropout,4,0.0,0.3833991408667048,,clean_500k
1360,never_reached_object,sensor_dropout,4,0.0,0.3833991408667048,,clean_500k
1361,never_reached_object,sensor_dropout,4,0.0,0.3833991408667048,,clean_500k
1362,never_reached_object,sensor_dropout,4,0.0,0.3833991408667048,,clean_500k
1363,never_reached_object,sensor_dropout,4,0.0,0.3833991408667048,,clean_500k
1364,never_reached_object,sensor_dropout,4,0.0,0.3833991408667048,,clean_500k
1365,never_reached_object,sensor_dropout,4,0.0,0.3833991408667048,,clean_500k
1366,never_reached_object,sensor_dropout,4,0.0,0.3833991408667048,,clean_500k
1367,never_reached_object,sensor_dropout,4,0.0,0.3833991408667048,,clean_500k
1368,never_reached_object,sensor_dropout,4,0.0,0.3833991408667048,,clean_500k
1369,never_reached_object,sensor_dropout,4,0.0,0.3833991408667048,,clean_500k
1370,never_reached_object,sensor_dropout,4,0.0,0.3833991408667048,,clean_500k
1371,never_reached_object,sensor_dropout,4,0.0,0.3833991408667048,,clean_500k
1372,never_reached_object,sensor_dropout,4,0.0,0.3833991408667048,,clean_500k
1373,never_reached_object,sensor_dropout,4,0.0,0.3833991408667048,,clean_500k
1374,never_reached_object,sensor_dropout,4,0.0,0.3833991408667048,,clean_500k
1375,never_reached_object,sensor_dropout,4,0.0,0.3833991408667048,,clean_500k
1376,never_reached_object,sensor_dropout,4,0.0,0.3833991408667048,,clean_500k
1377,never_reached_object,sensor_dropout,4,0.0,0.3833991408667048,,clean_500k
1378,never_reached_object,sensor_dropout,4,0.0,0.3833991408667048,,clean_500k
1379,never_reached_object,sensor_dropout,4,0.0,0.3833991408667048,,clean_500k
1380,never_reached_object,sensor_bias,4,0.0,0.3833991408667048,,clean_500k
1381,never_reached_object,sensor_bias,4,0.0,0.3833991408667048,,clean_500k
1382,never_reached_object,sensor_bias,4,0.0,0.3833991408667048,,clean_500k
1383,never_reached_object,sensor_bias,4,0.0,0.3833991408667048,,clean_500k
1384,never_reached_object,sensor_bias,4,0.0,0.3833991408667048,,clean_500k
1385,never_reached_object,sensor_bias,4,0.0,0.3833991408667048,,clean_500k
1386,never_reached_object,sensor_bias,4,0.0,0.3833991408667048,,clean_500k
1387,never_reached_object,sensor_bias,4,0.0,0.3833991408667048,,clean_500k
1388,never_reached_object,sensor_bias,4,0.0,0.3833991408667048,,clean_500k
1389,never_reached_object,sensor_bias,4,0.0,0.3833991408667048,,clean_500k
1390,never_reached_object,sensor_bias,4,0.0,0.3833991408667048,,clean_500k
1391,never_reached_object,sensor_bias,4,0.0,0.3833991408667048,,clean_500k
1392,never_reached_object,sensor_bias,4,0.0,0.3833991408667048,,clean_500k
1393,never_reached_object,sensor_bias,4,0.0,0.3833991408667048,,clean_500k
1394,never_reached_object,sensor_bias,4,0.0,0.3833991408667048,,clean_500k
1395,never_reached_object,sensor_bias,4,0.0,0.3833991408667048,,clean_500k
1396,never_reached_object,sensor_bias,4,0.0,0.3833991408667048,,clean_500k
1397,never_reached_object,sensor_bias,4,0.0,0.3833991408667048,,clean_500k
1398,never_reached_object,sensor_bias,4,0.0,0.3833991408667048,,clean_500k
1399,never_reached_object,sensor_bias,4,0.0,0.3833991408667048,,clean_500k
1400,never_reached_object,sensor_bias,4,0.0,0.3833991408667048,,clean_500k
1401,never_reached_object,sensor_bias,4,0.0,0.3833991408667048,,clean_500k
1402,never_reached_object,sensor_bias,4,0.0,0.3833991408667048,,clean_500k
1403,never_reached_object,sensor_bias,4,0.0,0.3833991408667048,,clean_500k
1404,never_reached_object,sensor_bias,4,0.0,0.3833991408667048,,clean_500k
1405,never_reached_object,sensor_bias,4,0.0,0.3833991408667048,,clean_500k
1406,never_reached_object,sensor_bias,4,0.0,0.3833991408667048,,clean_500k
1407,never_reached_object,sensor_bias,4,0.0,0.3833991408667048,,clean_500k
1408,never_reached_object,sensor_bias,4,0.0,0.3833991408667048,,clean_500k
1409,never_reached_object,sensor_bias,4,0.0,0.3833991408667048,,clean_500k
1410,never_reached_object,action_clipping,4,0.0,0.3833991408667048,,clean_500k
1411,never_reached_object,action_clipping,4,0.0,0.3833991408667048,,clean_500k
1412,never_reached_object,action_clipping,4,0.0,0.3833991408667048,,clean_500k
1413,never_reached_object,action_clipping,4,0.0,0.3833991408667048,,clean_500k
1414,never_reached_object,action_clipping,4,0.0,0.3833991408667048,,clean_500k
1415,never_reached_object,action_clipping,4,0.0,0.3833991408667048,,clean_500k
1416,never_reached_object,action_clipping,4,0.0,0.3833991408667048,,clean_500k
1417,never_reached_object,action_clipping,4,0.0,0.3833991408667048,,clean_500k
1418,never_reached_object,action_clipping,4,0.0,0.3833991408667048,,clean_500k
1419,never_reached_object,action_clipping,4,0.0,0.3833991408667048,,clean_500k
1420,never_reached_object,action_clipping,4,0.0,0.3833991408667048,,clean_500k
1421,never_reached_object,action_clipping,4,0.0,0.3833991408667048,,clean_500k
1422,never_reached_object,action_clipping,4,0.0,0.3833991408667048,,clean_500k
1423,never_reached_object,action_clipping,4,0.0,0.3833991408667048,,clean_500k
1424,never_reached_object,action_clipping,4,0.0,0.3833991408667048,,clean_500k
1425,never_reached_object,action_clipping,4,0.0,0.3833991408667048,,clean_500k
1426,never_reached_object,action_clipping,4,0.0,0.3833991408667048,,clean_500k
1427,never_reached_object,action_clipping,4,0.0,0.3833991408667048,,clean_500k
1428,never_reached_object,action_clipping,4,0.0,0.3833991408667048,,clean_500k
1429,never_reached_object,action_clipping,4,0.0,0.3833991408667048,,clean_500k
1430,never_reached_object,action_clipping,4,0.0,0.3833991408667048,,clean_500k
1431,never_reached_object,action_clipping,4,0.0,0.3833991408667048,,clean_500k
1432,never_reached_object,action_clipping,4,0.0,0.3833991408667048,,clean_500k
1433,never_reached_object,action_clipping,4,0.0,0.3833991408667048,,clean_500k
1434,never_reached_object,action_clipping,4,0.0,0.3833991408667048,,clean_500k
1435,never_reached_object,action_clipping,4,0.0,0.3833991408667048,,clean_500k
1436,never_reached_object,action_clipping,4,0.0,0.3833991408667048,,clean_500k
1437,never_reached_object,action_clipping,4,0.0,0.3833991408667048,,clean_500k
1438,never_reached_object,action_clipping,4,0.0,0.3833991408667048,,clean_500k
1439,never_reached_object,action_clipping,4,0.0,0.3833991408667048,,clean_500k
1440,never_reached_object,action_delay,4,0.0,0.3833991408667048,,clean_500k
1441,never_reached_object,action_delay,4,0.0,0.3833991408667048,,clean_500k
1442,never_reached_object,action_delay,4,0.0,0.3833991408667048,,clean_500k
1443,never_reached_object,action_delay,4,0.0,0.3833991408667048,,clean_500k
1444,never_reached_object,action_delay,4,0.0,0.3833991408667048,,clean_500k
1445,never_reached_object,action_delay,4,0.0,0.3833991408667048,,clean_500k
1446,never_reached_object,action_delay,4,0.0,0.3833991408667048,,clean_500k
1447,never_reached_object,action_delay,4,0.0,0.3833991408667048,,clean_500k
1448,never_reached_object,action_delay,4,0.0,0.3833991408667048,,clean_500k
1449,never_reached_object,action_delay,4,0.0,0.3833991408667048,,clean_500k
1450,never_reached_object,action_delay,4,0.0,0.3833991408667048,,clean_500k
1451,never_reached_object,action_delay,4,0.0,0.3833991408667048,,clean_500k
1452,never_reached_object,action_delay,4,0.0,0.3833991408667048,,clean_500k
1453,never_reached_object,action_delay,4,0.0,0.3833991408667048,,clean_500k
1454,never_reached_object,action_delay,4,0.0,0.3833991408667048,,clean_500k
1455,never_reached_object,action_delay,4,0.0,0.3833991408667048,,clean_500k
1456,never_reached_object,action_delay,4,0.0,0.3833991408667048,,clean_500k
1457,never_reached_object,action_delay,4,0.0,0.3833991408667048,,clean_500k
1458,never_reached_object,action_delay,4,0.0,0.3833991408667048,,clean_500k
1459,never_reached_object,action_delay,4,0.0,0.3833991408667048,,clean_500k
1460,never_reached_object,action_delay,4,0.0,0.3833991408667048,,clean_500k
1461,never_reached_object,action_delay,4,0.0,0.3833991408667048,,clean_500k
1462,never_reached_object,action_delay,4,0.0,0.3833991408667048,,clean_500k
1463,never_reached_object,action_delay,4,0.0,0.3833991408667048,,clean_500k
1464,never_reached_object,action_delay,4,0.0,0.3833991408667048,,clean_500k
1465,never_reached_object,action_delay,4,0.0,0.3833991408667048,,clean_500k
1466,never_reached_object,action_delay,4,0.0,0.3833991408667048,,clean_500k
1467,never_reached_object,action_delay,4,0.0,0.3833991408667048,,clean_500k
1468,never_reached_object,action_delay,4,0.0,0.3833991408667048,,clean_500k
1469,never_reached_object,action_delay,4,0.0,0.3833991408667048,,clean_500k
1470,never_reached_object,action_reversal,4,0.0,0.3833991408667048,,clean_500k
1471,never_reached_object,action_reversal,4,0.0,0.3833991408667048,,clean_500k
1472,never_reached_object,action_reversal,4,0.0,0.3833991408667048,,clean_500k
1473,never_reached_object,action_reversal,4,0.0,0.3833991408667048,,clean_500k
1474,never_reached_object,action_reversal,4,0.0,0.3833991408667048,,clean_500k
1475,never_reached_object,action_reversal,4,0.0,0.3833991408667048,,clean_500k
1476,never_reached_object,action_reversal,4,0.0,0.3833991408667048,,clean_500k
1477,never_reached_object,action_reversal,4,0.0,0.3833991408667048,,clean_500k
1478,never_reached_object,action_reversal,4,0.0,0.3833991408667048,,clean_500k
1479,never_reached_object,action_reversal,4,0.0,0.3833991408667048,,clean_500k
1480,never_reached_object,action_reversal,4,0.0,0.3833991408667048,,clean_500k
1481,never_reached_object,action_reversal,4,0.0,0.3833991408667048,,clean_500k
1482,never_reached_object,action_reversal,4,0.0,0.3833991408667048,,clean_500k
1483,never_reached_object,action_reversal,4,0.0,0.3833991408667048,,clean_500k
1484,never_reached_object,action_reversal,4,0.0,0.3833991408667048,,clean_500k
1485,never_reached_object,action_reversal,4,0.0,0.3833991408667048,,clean_500k
1486,never_reached_object,action_reversal,4,0.0,0.3833991408667048,,clean_500k
1487,never_reached_object,action_reversal,4,0.0,0.3833991408667048,,clean_500k
1488,never_reached_object,action_reversal,4,0.0,0.3833991408667048,,clean_500k
1489,never_reached_object,action_reversal,4,0.0,0.3833991408667048,,clean_500k
1490,never_reached_object,action_reversal,4,0.0,0.3833991408667048,,clean_500k
1491,never_reached_object,action_reversal,4,0.0,0.3833991408667048,,clean_500k
1492,never_reached_object,action_reversal,4,0.0,0.3833991408667048,,clean_500k
1493,never_reached_object,action_reversal,4,0.0,0.3833991408667048,,clean_500k
1494,never_reached_object,action_reversal,4,0.0,0.3833991408667048,,clean_500k
1495,never_reached_object,action_reversal,4,0.0,0.3833991408667048,,clean_500k
1496,never_reached_object,action_reversal,4,0.0,0.3833991408667048,,clean_500k
1497,never_reached_object,action_reversal,4,0.0,0.3833991408667048,,clean_500k
1498,never_reached_object,action_reversal,4,0.0,0.3833991408667048,,clean_500k
1499,never_reached_object,action_reversal,4,0.0,0.3833991408667048,,clean_500k
1500,never_reached_object,goal_spoof_immediate,4,0.0,0.3833991408667048,,clean_500k
1501,never_reached_object,goal_spoof_immediate,4,0.0,0.3833991408667048,,clean_500k
1502,never_reached_object,goal_spoof_immediate,4,0.0,0.3833991408667048,,clean_500k
1503,never_reached_object,goal_spoof_immediate,4,0.0,0.3833991408667048,,clean_500k
1504,never_reached_object,goal_spoof_immediate,4,0.0,0.3833991408667048,,clean_500k
1505,never_reached_object,goal_spoof_immediate,4,0.0,0.3833991408667048,,clean_500k
1506,never_reached_object,goal_spoof_immediate,4,0.0,0.3833991408667048,,clean_500k
1507,never_reached_object,goal_spoof_immediate,4,0.0,0.3833991408667048,,clean_500k
1508,never_reached_object,goal_spoof_immediate,4,0.0,0.3833991408667048,,clean_500k
1509,never_reached_object,goal_spoof_immediate,4,0.0,0.3833991408667048,,clean_500k
1510,never_reached_object,goal_spoof_immediate,4,0.0,0.3833991408667048,,clean_500k
1511,never_reached_object,goal_spoof_immediate,4,0.0,0.3833991408667048,,clean_500k
1512,never_reached_object,goal_spoof_immediate,4,0.0,0.3833991408667048,,clean_500k
1513,never_reached_object,goal_spoof_immediate,4,0.0,0.3833991408667048,,clean_500k
1514,never_reached_object,goal_spoof_immediate,4,0.0,0.3833991408667048,,clean_500k
1515,never_reached_object,goal_spoof_immediate,4,0.0,0.3833991408667048,,clean_500k
1516,never_reached_object,goal_spoof_immediate,4,0.0,0.3833991408667048,,clean_500k
1517,never_reached_object,goal_spoof_immediate,4,0.0,0.3833991408667048,,clean_500k
1518,never_reached_object,goal_spoof_immediate,4,0.0,0.3833991408667048,,clean_500k
1519,never_reached_object,goal_spoof_immediate,4,0.0,0.3833991408667048,,clean_500k
1520,never_reached_object,goal_spoof_immediate,4,0.0,0.3833991408667048,,clean_500k
1521,never_reached_object,goal_spoof_immediate,4,0.0,0.3833991408667048,,clean_500k
1522,never_reached_object,goal_spoof_immediate,4,0.0,0.3833991408667048,,clean_500k
1523,never_reached_object,goal_spoof_immediate,4,0.0,0.3833991408667048,,clean_500k
1524,never_reached_object,goal_spoof_immediate,4,0.0,0.3833991408667048,,clean_500k
1525,never_reached_object,goal_spoof_immediate,4,0.0,0.3833991408667048,,clean_500k
1526,never_reached_object,goal_spoof_immediate,4,0.0,0.3833991408667048,,clean_500k
1527,never_reached_object,goal_spoof_immediate,4,0.0,0.3833991408667048,,clean_500k
1528,never_reached_object,goal_spoof_immediate,4,0.0,0.3833991408667048,,clean_500k
1529,never_reached_object,goal_spoof_immediate,4,0.0,0.3833991408667048,,clean_500k
1530,never_reached_object,goal_spoof_midep,4,0.0,0.3833991408667048,,clean_500k
1531,never_reached_object,goal_spoof_midep,4,0.0,0.3833991408667048,,clean_500k
1532,never_reached_object,goal_spoof_midep,4,0.0,0.3833991408667048,,clean_500k
1533,never_reached_object,goal_spoof_midep,4,0.0,0.3833991408667048,,clean_500k
1534,never_reached_object,goal_spoof_midep,4,0.0,0.3833991408667048,,clean_500k
1535,never_reached_object,goal_spoof_midep,4,0.0,0.3833991408667048,,clean_500k
1536,never_reached_object,goal_spoof_midep,4,0.0,0.3833991408667048,,clean_500k
1537,never_reached_object,goal_spoof_midep,4,0.0,0.3833991408667048,,clean_500k
1538,never_reached_object,goal_spoof_midep,4,0.0,0.3833991408667048,,clean_500k
1539,never_reached_object,goal_spoof_midep,4,0.0,0.3833991408667048,,clean_500k
1540,never_reached_object,goal_spoof_midep,4,0.0,0.3833991408667048,,clean_500k
1541,never_reached_object,goal_spoof_midep,4,0.0,0.3833991408667048,,clean_500k
1542,never_reached_object,goal_spoof_midep,4,0.0,0.3833991408667048,,clean_500k
1543,never_reached_object,goal_spoof_midep,4,0.0,0.3833991408667048,,clean_500k
1544,never_reached_object,goal_spoof_midep,4,0.0,0.3833991408667048,,clean_500k
1545,never_reached_object,goal_spoof_midep,4,0.0,0.3833991408667048,,clean_500k
1546,never_reached_object,goal_spoof_midep,4,0.0,0.3833991408667048,,clean_500k
1547,never_reached_object,goal_spoof_midep,4,0.0,0.3833991408667048,,clean_500k
1548,never_reached_object,goal_spoof_midep,4,0.0,0.3833991408667048,,clean_500k
1549,never_reached_object,goal_spoof_midep,4,0.0,0.3833991408667048,,clean_500k
1550,never_reached_object,goal_spoof_midep,4,0.0,0.3833991408667048,,clean_500k
1551,never_reached_object,goal_spoof_midep,4,0.0,0.3833991408667048,,clean_500k
1552,never_reached_object,goal_spoof_midep,4,0.0,0.3833991408667048,,clean_500k
1553,never_reached_object,goal_spoof_midep,4,0.0,0.3833991408667048,,clean_500k
1554,never_reached_object,goal_spoof_midep,4,0.0,0.3833991408667048,,clean_500k
1555,never_reached_object,goal_spoof_midep,4,0.0,0.3833991408667048,,clean_500k
1556,never_reached_object,goal_spoof_midep,4,0.0,0.3833991408667048,,clean_500k
1557,never_reached_object,goal_spoof_midep,4,0.0,0.3833991408667048,,clean_500k
1558,never_reached_object,goal_spoof_midep,4,0.0,0.3833991408667048,,clean_500k
1559,never_reached_object,goal_spoof_midep,4,0.0,0.3833991408667048,,clean_500k
1560,never_reached_object,object_pose_spoof,4,0.0,0.3833991408667048,,clean_500k
1561,never_reached_object,object_pose_spoof,4,0.0,0.3833991408667048,,clean_500k
1562,never_reached_object,object_pose_spoof,4,0.0,0.3833991408667048,,clean_500k
1563,never_reached_object,object_pose_spoof,4,0.0,0.3833991408667048,,clean_500k
1564,never_reached_object,object_pose_spoof,4,0.0,0.3833991408667048,,clean_500k
1565,never_reached_object,object_pose_spoof,4,0.0,0.3833991408667048,,clean_500k
1566,never_reached_object,object_pose_spoof,4,0.0,0.3833991408667048,,clean_500k
1567,never_reached_object,object_pose_spoof,4,0.0,0.3833991408667048,,clean_500k
1568,never_reached_object,object_pose_spoof,4,0.0,0.3833991408667048,,clean_500k
1569,never_reached_object,object_pose_spoof,4,0.0,0.3833991408667048,,clean_500k
1570,never_reached_object,object_pose_spoof,4,0.0,0.3833991408667048,,clean_500k
1571,never_reached_object,object_pose_spoof,4,0.0,0.3833991408667048,,clean_500k
1572,never_reached_object,object_pose_spoof,4,0.0,0.3833991408667048,,clean_500k
1573,never_reached_object,object_pose_spoof,4,0.0,0.3833991408667048,,clean_500k
1574,never_reached_object,object_pose_spoof,4,0.0,0.3833991408667048,,clean_500k
1575,never_reached_object,object_pose_spoof,4,0.0,0.3833991408667048,,clean_500k
1576,never_reached_object,object_pose_spoof,4,0.0,0.3833991408667048,,clean_500k
1577,never_reached_object,object_pose_spoof,4,0.0,0.3833991408667048,,clean_500k
1578,never_reached_object,object_pose_spoof,4,0.0,0.3833991408667048,,clean_500k
1579,never_reached_object,object_pose_spoof,4,0.0,0.3833991408667048,,clean_500k
1580,never_reached_object,object_pose_spoof,4,0.0,0.3833991408667048,,clean_500k
1581,never_reached_object,object_pose_spoof,4,0.0,0.3833991408667048,,clean_500k
1582,never_reached_object,object_pose_spoof,4,0.0,0.3833991408667048,,clean_500k
1583,never_reached_object,object_pose_spoof,4,0.0,0.3833991408667048,,clean_500k
1584,never_reached_object,object_pose_spoof,4,0.0,0.3833991408667048,,clean_500k
1585,never_reached_object,object_pose_spoof,4,0.0,0.3833991408667048,,clean_500k
1586,never_reached_object,object_pose_spoof,4,0.0,0.3833991408667048,,clean_500k
1587,never_reached_object,object_pose_spoof,4,0.0,0.3833991408667048,,clean_500k
1588,never_reached_object,object_pose_spoof,4,0.0,0.3833991408667048,,clean_500k
1589,never_reached_object,object_pose_spoof,4,0.0,0.3833991408667048,,clean_500k
1590,never_reached_object,grip_state_falsification,4,0.0,0.3833991408667048,,clean_500k
1591,never_reached_object,grip_state_falsification,4,0.0,0.3833991408667048,,clean_500k
1592,never_reached_object,grip_state_falsification,4,0.0,0.3833991408667048,,clean_500k
1593,never_reached_object,grip_state_falsification,4,0.0,0.3833991408667048,,clean_500k
1594,never_reached_object,grip_state_falsification,4,0.0,0.3833991408667048,,clean_500k
1595,never_reached_object,grip_state_falsification,4,0.0,0.3833991408667048,,clean_500k
1596,never_reached_object,grip_state_falsification,4,0.0,0.3833991408667048,,clean_500k
1597,never_reached_object,grip_state_falsification,4,0.0,0.3833991408667048,,clean_500k
1598,never_reached_object,grip_state_falsification,4,0.0,0.3833991408667048,,clean_500k
1599,never_reached_object,grip_state_falsification,4,0.0,0.3833991408667048,,clean_500k
1600,never_reached_object,grip_state_falsification,4,0.0,0.3833991408667048,,clean_500k
1601,never_reached_object,grip_state_falsification,4,0.0,0.3833991408667048,,clean_500k
1602,never_reached_object,grip_state_falsification,4,0.0,0.3833991408667048,,clean_500k
1603,never_reached_object,grip_state_falsification,4,0.0,0.3833991408667048,,clean_500k
1604,never_reached_object,grip_state_falsification,4,0.0,0.3833991408667048,,clean_500k
1605,never_reached_object,grip_state_falsification,4,0.0,0.3833991408667048,,clean_500k
1606,never_reached_object,grip_state_falsification,4,0.0,0.3833991408667048,,clean_500k
1607,never_reached_object,grip_state_falsification,4,0.0,0.3833991408667048,,clean_500k
1608,never_reached_object,grip_state_falsification,4,0.0,0.3833991408667048,,clean_500k
1609,never_reached_object,grip_state_falsification,4,0.0,0.3833991408667048,,clean_500k
1610,never_reached_object,grip_state_falsification,4,0.0,0.3833991408667048,,clean_500k
1611,never_reached_object,grip_state_falsification,4,0.0,0.3833991408667048,,clean_500k
1612,never_reached_object,grip_state_falsification,4,0.0,0.3833991408667048,,clean_500k
1613,never_reached_object,grip_state_falsification,4,0.0,0.3833991408667048,,clean_500k
1614,never_reached_object,grip_state_falsification,4,0.0,0.3833991408667048,,clean_500k
1615,never_reached_object,grip_state_falsification,4,0.0,0.3833991408667048,,clean_500k
1616,never_reached_object,grip_state_falsification,4,0.0,0.3833991408667048,,clean_500k
1617,never_reached_object,grip_state_falsification,4,0.0,0.3833991408667048,,clean_500k
1618,never_reached_object,grip_state_falsification,4,0.0,0.3833991408667048,,clean_500k
1619,never_reached_object,grip_state_falsification,4,0.0,0.3833991408667048,,clean_500k
1620,never_reached_object,contact_dropout,4,0.0,0.3833991408667048,,clean_500k
1621,never_reached_object,contact_dropout,4,0.0,0.3833991408667048,,clean_500k
1622,never_reached_object,contact_dropout,4,0.0,0.3833991408667048,,clean_500k
1623,never_reached_object,contact_dropout,4,0.0,0.3833991408667048,,clean_500k
1624,never_reached_object,contact_dropout,4,0.0,0.3833991408667048,,clean_500k
1625,never_reached_object,contact_dropout,4,0.0,0.3833991408667048,,clean_500k
1626,never_reached_object,contact_dropout,4,0.0,0.3833991408667048,,clean_500k
1627,never_reached_object,contact_dropout,4,0.0,0.3833991408667048,,clean_500k
1628,never_reached_object,contact_dropout,4,0.0,0.3833991408667048,,clean_500k
1629,never_reached_object,contact_dropout,4,0.0,0.3833991408667048,,clean_500k
1630,never_reached_object,contact_dropout,4,0.0,0.3833991408667048,,clean_500k
1631,never_reached_object,contact_dropout,4,0.0,0.3833991408667048,,clean_500k
1632,never_reached_object,contact_dropout,4,0.0,0.3833991408667048,,clean_500k
1633,never_reached_object,contact_dropout,4,0.0,0.3833991408667048,,clean_500k
1634,never_reached_object,contact_dropout,4,0.0,0.3833991408667048,,clean_500k
1635,never_reached_object,contact_dropout,4,0.0,0.3833991408667048,,clean_500k
1636,never_reached_object,contact_dropout,4,0.0,0.3833991408667048,,clean_500k
1637,never_reached_object,contact_dropout,4,0.0,0.3833991408667048,,clean_500k
1638,never_reached_object,contact_dropout,4,0.0,0.3833991408667048,,clean_500k
1639,never_reached_object,contact_dropout,4,0.0,0.3833991408667048,,clean_500k
1640,never_reached_object,contact_dropout,4,0.0,0.3833991408667048,,clean_500k
1641,never_reached_object,contact_dropout,4,0.0,0.3833991408667048,,clean_500k
1642,never_reached_object,contact_dropout,4,0.0,0.3833991408667048,,clean_500k
1643,never_reached_object,contact_dropout,4,0.0,0.3833991408667048,,clean_500k
1644,never_reached_object,contact_dropout,4,0.0,0.3833991408667048,,clean_500k
1645,never_reached_object,contact_dropout,4,0.0,0.3833991408667048,,clean_500k
1646,never_reached_object,contact_dropout,4,0.0,0.3833991408667048,,clean_500k
1647,never_reached_object,contact_dropout,4,0.0,0.3833991408667048,,clean_500k
1648,never_reached_object,contact_dropout,4,0.0,0.3833991408667048,,clean_500k
1649,never_reached_object,contact_dropout,4,0.0,0.3833991408667048,,clean_500k
0,grasped_but_dropped,clean,0,0.0,0.3422560669025559,,randomized_2M
1,grasped_but_dropped,clean,0,0.0,0.3422560669025559,,randomized_2M
2,grasped_but_dropped,clean,0,0.0,0.3422560669025559,,randomized_2M
3,grasped_but_dropped,clean,0,0.0,0.3422560669025559,,randomized_2M
4,grasped_but_dropped,clean,0,0.0,0.3422560669025559,,randomized_2M
5,grasped_but_dropped,clean,0,0.0,0.3422560669025559,,randomized_2M
6,grasped_but_dropped,clean,0,0.0,0.3422560669025559,,randomized_2M
7,grasped_but_dropped,clean,0,0.0,0.3422560669025559,,randomized_2M
8,grasped_but_dropped,clean,0,0.0,0.3422560669025559,,randomized_2M
9,grasped_but_dropped,clean,0,0.0,0.3422560669025559,,randomized_2M
10,grasped_but_dropped,clean,0,0.0,0.3422560669025559,,randomized_2M
11,grasped_but_dropped,clean,0,0.0,0.3422560669025559,,randomized_2M
12,grasped_but_dropped,clean,0,0.0,0.3422560669025559,,randomized_2M
13,grasped_but_dropped,clean,0,0.0,0.3422560669025559,,randomized_2M
14,grasped_but_dropped,clean,0,0.0,0.3422560669025559,,randomized_2M
15,grasped_but_dropped,clean,0,0.0,0.3422560669025559,,randomized_2M
16,grasped_but_dropped,clean,0,0.0,0.3422560669025559,,randomized_2M
17,grasped_but_dropped,clean,0,0.0,0.3422560669025559,,randomized_2M
18,grasped_but_dropped,clean,0,0.0,0.3422560669025559,,randomized_2M
19,grasped_but_dropped,clean,0,0.0,0.3422560669025559,,randomized_2M
20,grasped_but_dropped,clean,0,0.0,0.3422560669025559,,randomized_2M
21,grasped_but_dropped,clean,0,0.0,0.3422560669025559,,randomized_2M
22,grasped_but_dropped,clean,0,0.0,0.3422560669025559,,randomized_2M
23,grasped_but_dropped,clean,0,0.0,0.3422560669025559,,randomized_2M
24,grasped_but_dropped,clean,0,0.0,0.3422560669025559,,randomized_2M
25,grasped_but_dropped,clean,0,0.0,0.3422560669025559,,randomized_2M
26,grasped_but_dropped,clean,0,0.0,0.3422560669025559,,randomized_2M
27,grasped_but_dropped,clean,0,0.0,0.3422560669025559,,randomized_2M
28,grasped_but_dropped,clean,0,0.0,0.3422560669025559,,randomized_2M
29,grasped_but_dropped,clean,0,0.0,0.3422560669025559,,randomized_2M
30,never_reached_object,sensor_dropout,0,0.0,0.3549225360528287,,randomized_2M
31,never_reached_object,sensor_dropout,0,0.0,0.3549225360528287,,randomized_2M
32,never_reached_object,sensor_dropout,0,0.0,0.3549225360528287,,randomized_2M
33,never_reached_object,sensor_dropout,0,0.0,0.3549225360528287,,randomized_2M
34,never_reached_object,sensor_dropout,0,0.0,0.3549225360528287,,randomized_2M
35,never_reached_object,sensor_dropout,0,0.0,0.3549225360528287,,randomized_2M
36,never_reached_object,sensor_dropout,0,0.0,0.3549225360528287,,randomized_2M
37,never_reached_object,sensor_dropout,0,0.0,0.3549225360528287,,randomized_2M
38,never_reached_object,sensor_dropout,0,0.0,0.3549225360528287,,randomized_2M
39,never_reached_object,sensor_dropout,0,0.0,0.3549225360528287,,randomized_2M
40,never_reached_object,sensor_dropout,0,0.0,0.3549225360528287,,randomized_2M
41,never_reached_object,sensor_dropout,0,0.0,0.3549225360528287,,randomized_2M
42,never_reached_object,sensor_dropout,0,0.0,0.3549225360528287,,randomized_2M
43,never_reached_object,sensor_dropout,0,0.0,0.3549225360528287,,randomized_2M
44,never_reached_object,sensor_dropout,0,0.0,0.3549225360528287,,randomized_2M
45,never_reached_object,sensor_dropout,0,0.0,0.3549225360528287,,randomized_2M
46,never_reached_object,sensor_dropout,0,0.0,0.3549225360528287,,randomized_2M
47,never_reached_object,sensor_dropout,0,0.0,0.3549225360528287,,randomized_2M
48,never_reached_object,sensor_dropout,0,0.0,0.3549225360528287,,randomized_2M
49,never_reached_object,sensor_dropout,0,0.0,0.3549225360528287,,randomized_2M
50,never_reached_object,sensor_dropout,0,0.0,0.3549225360528287,,randomized_2M
51,never_reached_object,sensor_dropout,0,0.0,0.3549225360528287,,randomized_2M
52,never_reached_object,sensor_dropout,0,0.0,0.3549225360528287,,randomized_2M
53,never_reached_object,sensor_dropout,0,0.0,0.3549225360528287,,randomized_2M
54,never_reached_object,sensor_dropout,0,0.0,0.3549225360528287,,randomized_2M
55,never_reached_object,sensor_dropout,0,0.0,0.3549225360528287,,randomized_2M
56,never_reached_object,sensor_dropout,0,0.0,0.3549225360528287,,randomized_2M
57,never_reached_object,sensor_dropout,0,0.0,0.3549225360528287,,randomized_2M
58,never_reached_object,sensor_dropout,0,0.0,0.3549225360528287,,randomized_2M
59,never_reached_object,sensor_dropout,0,0.0,0.3549225360528287,,randomized_2M
60,never_reached_object,sensor_bias,0,0.0,0.3549225360528287,,randomized_2M
61,never_reached_object,sensor_bias,0,0.0,0.3549225360528287,,randomized_2M
62,reached_but_failed_grasp,sensor_bias,0,0.0,0.3569783676837934,,randomized_2M
63,never_reached_object,sensor_bias,0,0.0,0.3549225360528287,,randomized_2M
64,never_reached_object,sensor_bias,0,0.0,0.3549225360528287,,randomized_2M
65,reached_but_failed_grasp,sensor_bias,0,0.0,0.374393073098915,,randomized_2M
66,never_reached_object,sensor_bias,0,0.0,0.3549225360528287,,randomized_2M
67,never_reached_object,sensor_bias,0,0.0,0.3549225360528287,,randomized_2M
68,never_reached_object,sensor_bias,0,0.0,0.3549225360528287,,randomized_2M
69,never_reached_object,sensor_bias,0,0.0,0.3549225360528287,,randomized_2M
70,never_reached_object,sensor_bias,0,0.0,0.3549225360528287,,randomized_2M
71,reached_but_failed_grasp,sensor_bias,0,0.0,0.5816442163397516,,randomized_2M
72,never_reached_object,sensor_bias,0,0.0,0.3549225360528287,,randomized_2M
73,never_reached_object,sensor_bias,0,0.0,0.3549225360528287,,randomized_2M
74,never_reached_object,sensor_bias,0,0.0,0.3549225360528287,,randomized_2M
75,never_reached_object,sensor_bias,0,0.0,0.3549225360528287,,randomized_2M
76,reached_but_failed_grasp,sensor_bias,0,0.0,0.8609662960877871,,randomized_2M
77,reached_but_failed_grasp,sensor_bias,0,0.0,0.2325409708545118,,randomized_2M
78,never_reached_object,sensor_bias,0,0.0,0.3549225360528287,,randomized_2M
79,reached_but_failed_grasp,sensor_bias,0,0.0,0.4052840096974753,,randomized_2M
80,never_reached_object,sensor_bias,0,0.0,0.3549225360528287,,randomized_2M
81,never_reached_object,sensor_bias,0,0.0,0.3549225360528287,,randomized_2M
82,never_reached_object,sensor_bias,0,0.0,0.3549225360528287,,randomized_2M
83,never_reached_object,sensor_bias,0,0.0,0.3549225360528287,,randomized_2M
84,never_reached_object,sensor_bias,0,0.0,0.3549225360528287,,randomized_2M
85,never_reached_object,sensor_bias,0,0.0,0.3549225360528287,,randomized_2M
86,never_reached_object,sensor_bias,0,0.0,0.3549225360528287,,randomized_2M
87,never_reached_object,sensor_bias,0,0.0,0.3549225360528287,,randomized_2M
88,never_reached_object,sensor_bias,0,0.0,0.3549225360528287,,randomized_2M
89,never_reached_object,sensor_bias,0,0.0,0.3549225360528287,,randomized_2M
90,reached_but_failed_grasp,action_clipping,0,0.0,0.3549225360528287,,randomized_2M
91,reached_but_failed_grasp,action_clipping,0,0.0,0.3549225360528287,,randomized_2M
92,reached_but_failed_grasp,action_clipping,0,0.0,0.3549225360528287,,randomized_2M
93,reached_but_failed_grasp,action_clipping,0,0.0,0.3549225360528287,,randomized_2M
94,reached_but_failed_grasp,action_clipping,0,0.0,0.3549225360528287,,randomized_2M
95,reached_but_failed_grasp,action_clipping,0,0.0,0.3549225360528287,,randomized_2M
96,reached_but_failed_grasp,action_clipping,0,0.0,0.3549225360528287,,randomized_2M
97,reached_but_failed_grasp,action_clipping,0,0.0,0.3549225360528287,,randomized_2M
98,reached_but_failed_grasp,action_clipping,0,0.0,0.3549225360528287,,randomized_2M
99,reached_but_failed_grasp,action_clipping,0,0.0,0.3549225360528287,,randomized_2M
100,reached_but_failed_grasp,action_clipping,0,0.0,0.3549225360528287,,randomized_2M
101,reached_but_failed_grasp,action_clipping,0,0.0,0.3549225360528287,,randomized_2M
102,reached_but_failed_grasp,action_clipping,0,0.0,0.3549225360528287,,randomized_2M
103,reached_but_failed_grasp,action_clipping,0,0.0,0.3549225360528287,,randomized_2M
104,reached_but_failed_grasp,action_clipping,0,0.0,0.3549225360528287,,randomized_2M
105,reached_but_failed_grasp,action_clipping,0,0.0,0.3549225360528287,,randomized_2M
106,reached_but_failed_grasp,action_clipping,0,0.0,0.3549225360528287,,randomized_2M
107,reached_but_failed_grasp,action_clipping,0,0.0,0.3549225360528287,,randomized_2M
108,reached_but_failed_grasp,action_clipping,0,0.0,0.3549225360528287,,randomized_2M
109,reached_but_failed_grasp,action_clipping,0,0.0,0.3549225360528287,,randomized_2M
110,reached_but_failed_grasp,action_clipping,0,0.0,0.3549225360528287,,randomized_2M
111,reached_but_failed_grasp,action_clipping,0,0.0,0.3549225360528287,,randomized_2M
112,reached_but_failed_grasp,action_clipping,0,0.0,0.3549225360528287,,randomized_2M
113,reached_but_failed_grasp,action_clipping,0,0.0,0.3549225360528287,,randomized_2M
114,reached_but_failed_grasp,action_clipping,0,0.0,0.3549225360528287,,randomized_2M
115,reached_but_failed_grasp,action_clipping,0,0.0,0.3549225360528287,,randomized_2M
116,reached_but_failed_grasp,action_clipping,0,0.0,0.3549225360528287,,randomized_2M
117,reached_but_failed_grasp,action_clipping,0,0.0,0.3549225360528287,,randomized_2M
118,reached_but_failed_grasp,action_clipping,0,0.0,0.3549225360528287,,randomized_2M
119,reached_but_failed_grasp,action_clipping,0,0.0,0.3549225360528287,,randomized_2M
120,reached_but_failed_grasp,action_delay,0,1.0,0.0226253170524844,20.0,randomized_2M
121,reached_but_failed_grasp,action_delay,0,1.0,0.0226253170524844,20.0,randomized_2M
122,reached_but_failed_grasp,action_delay,0,1.0,0.0226253170524844,20.0,randomized_2M
123,reached_but_failed_grasp,action_delay,0,1.0,0.0226253170524844,20.0,randomized_2M
124,reached_but_failed_grasp,action_delay,0,1.0,0.0226253170524844,20.0,randomized_2M
125,reached_but_failed_grasp,action_delay,0,1.0,0.0226253170524844,20.0,randomized_2M
126,reached_but_failed_grasp,action_delay,0,1.0,0.0226253170524844,20.0,randomized_2M
127,reached_but_failed_grasp,action_delay,0,1.0,0.0226253170524844,20.0,randomized_2M
128,reached_but_failed_grasp,action_delay,0,1.0,0.0226253170524844,20.0,randomized_2M
129,reached_but_failed_grasp,action_delay,0,1.0,0.0226253170524844,20.0,randomized_2M
130,reached_but_failed_grasp,action_delay,0,1.0,0.0226253170524844,20.0,randomized_2M
131,reached_but_failed_grasp,action_delay,0,1.0,0.0226253170524844,20.0,randomized_2M
132,reached_but_failed_grasp,action_delay,0,1.0,0.0226253170524844,20.0,randomized_2M
133,reached_but_failed_grasp,action_delay,0,1.0,0.0226253170524844,20.0,randomized_2M
134,reached_but_failed_grasp,action_delay,0,1.0,0.0226253170524844,20.0,randomized_2M
135,reached_but_failed_grasp,action_delay,0,1.0,0.0226253170524844,20.0,randomized_2M
136,reached_but_failed_grasp,action_delay,0,1.0,0.0226253170524844,20.0,randomized_2M
137,reached_but_failed_grasp,action_delay,0,1.0,0.0226253170524844,20.0,randomized_2M
138,reached_but_failed_grasp,action_delay,0,1.0,0.0226253170524844,20.0,randomized_2M
139,reached_but_failed_grasp,action_delay,0,1.0,0.0226253170524844,20.0,randomized_2M
140,reached_but_failed_grasp,action_delay,0,1.0,0.0226253170524844,20.0,randomized_2M
141,reached_but_failed_grasp,action_delay,0,1.0,0.0226253170524844,20.0,randomized_2M
142,reached_but_failed_grasp,action_delay,0,1.0,0.0226253170524844,20.0,randomized_2M
143,reached_but_failed_grasp,action_delay,0,1.0,0.0226253170524844,20.0,randomized_2M
144,reached_but_failed_grasp,action_delay,0,1.0,0.0226253170524844,20.0,randomized_2M
145,reached_but_failed_grasp,action_delay,0,1.0,0.0226253170524844,20.0,randomized_2M
146,reached_but_failed_grasp,action_delay,0,1.0,0.0226253170524844,20.0,randomized_2M
147,reached_but_failed_grasp,action_delay,0,1.0,0.0226253170524844,20.0,randomized_2M
148,reached_but_failed_grasp,action_delay,0,1.0,0.0226253170524844,20.0,randomized_2M
149,reached_but_failed_grasp,action_delay,0,1.0,0.0226253170524844,20.0,randomized_2M
150,never_reached_object,action_reversal,0,0.0,0.3549225360528287,,randomized_2M
151,never_reached_object,action_reversal,0,0.0,0.3549225360528287,,randomized_2M
152,never_reached_object,action_reversal,0,0.0,0.3549225360528287,,randomized_2M
153,never_reached_object,action_reversal,0,0.0,0.3549225360528287,,randomized_2M
154,never_reached_object,action_reversal,0,0.0,0.3549225360528287,,randomized_2M
155,never_reached_object,action_reversal,0,0.0,0.3549225360528287,,randomized_2M
156,never_reached_object,action_reversal,0,0.0,0.3549225360528287,,randomized_2M
157,never_reached_object,action_reversal,0,0.0,0.3549225360528287,,randomized_2M
158,never_reached_object,action_reversal,0,0.0,0.3549225360528287,,randomized_2M
159,never_reached_object,action_reversal,0,0.0,0.3549225360528287,,randomized_2M
160,never_reached_object,action_reversal,0,0.0,0.3549225360528287,,randomized_2M
161,never_reached_object,action_reversal,0,0.0,0.3549225360528287,,randomized_2M
162,never_reached_object,action_reversal,0,0.0,0.3549225360528287,,randomized_2M
163,never_reached_object,action_reversal,0,0.0,0.3549225360528287,,randomized_2M
164,never_reached_object,action_reversal,0,0.0,0.3549225360528287,,randomized_2M
165,never_reached_object,action_reversal,0,0.0,0.3549225360528287,,randomized_2M
166,never_reached_object,action_reversal,0,0.0,0.3549225360528287,,randomized_2M
167,never_reached_object,action_reversal,0,0.0,0.3549225360528287,,randomized_2M
168,never_reached_object,action_reversal,0,0.0,0.3549225360528287,,randomized_2M
169,never_reached_object,action_reversal,0,0.0,0.3549225360528287,,randomized_2M
170,never_reached_object,action_reversal,0,0.0,0.3549225360528287,,randomized_2M
171,never_reached_object,action_reversal,0,0.0,0.3549225360528287,,randomized_2M
172,never_reached_object,action_reversal,0,0.0,0.3549225360528287,,randomized_2M
173,never_reached_object,action_reversal,0,0.0,0.3549225360528287,,randomized_2M
174,never_reached_object,action_reversal,0,0.0,0.3549225360528287,,randomized_2M
175,never_reached_object,action_reversal,0,0.0,0.3549225360528287,,randomized_2M
176,never_reached_object,action_reversal,0,0.0,0.3549225360528287,,randomized_2M
177,never_reached_object,action_reversal,0,0.0,0.3549225360528287,,randomized_2M
178,never_reached_object,action_reversal,0,0.0,0.3549225360528287,,randomized_2M
179,never_reached_object,action_reversal,0,0.0,0.3549225360528287,,randomized_2M
180,reached_but_failed_grasp,goal_spoof_immediate,0,0.0,0.8516190006996247,,randomized_2M
181,reached_but_failed_grasp,goal_spoof_immediate,0,0.0,0.6839009302615728,,randomized_2M
182,wrong_direction,goal_spoof_immediate,0,0.0,0.1594764239553807,,randomized_2M
183,reached_but_failed_grasp,goal_spoof_immediate,0,0.0,0.900412452267653,,randomized_2M
184,grasped_but_dropped,goal_spoof_immediate,0,0.0,0.8918949192175695,,randomized_2M
185,grasped_but_dropped,goal_spoof_immediate,0,0.0,0.516152407581971,,randomized_2M
186,success,goal_spoof_immediate,0,1.0,0.0095286601099868,35.0,randomized_2M
187,reached_but_failed_grasp,goal_spoof_immediate,0,0.0,0.2470912186628509,,randomized_2M
188,grasped_but_dropped,goal_spoof_immediate,0,0.0,0.0913953322989886,22.0,randomized_2M
189,reached_but_failed_grasp,goal_spoof_immediate,0,0.0,0.3606958034828872,,randomized_2M
190,reached_but_failed_grasp,goal_spoof_immediate,0,0.0,0.7790909887335897,,randomized_2M
191,reached_but_failed_grasp,goal_spoof_immediate,0,0.0,0.0883514652382856,,randomized_2M
192,grasped_but_dropped,goal_spoof_immediate,0,0.0,0.95175305409589,,randomized_2M
193,grasped_but_dropped,goal_spoof_immediate,0,1.0,0.0192494806446964,15.0,randomized_2M
194,grasped_but_dropped,goal_spoof_immediate,0,0.0,0.7899390291510848,,randomized_2M
195,reached_but_failed_grasp,goal_spoof_immediate,0,0.0,0.3549225360528287,,randomized_2M
196,reached_but_failed_grasp,goal_spoof_immediate,0,0.0,0.1009352995666809,,randomized_2M
197,reached_but_failed_grasp,goal_spoof_immediate,0,0.0,0.4429557007615251,,randomized_2M
198,reached_but_failed_grasp,goal_spoof_immediate,0,0.0,0.3039547123603444,,randomized_2M
199,grasped_but_dropped,goal_spoof_immediate,0,0.0,1.1138658342152237,,randomized_2M
200,grasped_but_dropped,goal_spoof_immediate,0,0.0,0.1375854793987636,,randomized_2M
201,grasped_but_dropped,goal_spoof_immediate,0,0.0,0.1806666552523813,,randomized_2M
202,action_control_corruption,goal_spoof_immediate,0,0.0,0.4850124374033739,,randomized_2M
203,grasped_but_dropped,goal_spoof_immediate,0,0.0,0.9775478981172808,,randomized_2M
204,grasped_but_dropped,goal_spoof_immediate,0,1.0,0.0424063991030014,61.0,randomized_2M
205,reached_but_failed_grasp,goal_spoof_immediate,0,0.0,0.87010183723061,,randomized_2M
206,reached_but_failed_grasp,goal_spoof_immediate,0,0.0,0.3549225360528287,,randomized_2M
207,reached_but_failed_grasp,goal_spoof_immediate,0,0.0,0.3701295063442465,,randomized_2M
208,reached_but_failed_grasp,goal_spoof_immediate,0,0.0,0.3549225360528287,,randomized_2M
209,reached_but_failed_grasp,goal_spoof_immediate,0,0.0,0.3549225360528287,,randomized_2M
210,grasped_but_dropped,goal_spoof_midep,0,0.0,0.3422560669025559,,randomized_2M
211,grasped_but_dropped,goal_spoof_midep,0,0.0,0.3422560669025559,,randomized_2M
212,grasped_but_dropped,goal_spoof_midep,0,0.0,0.3422560669025559,,randomized_2M
213,grasped_but_dropped,goal_spoof_midep,0,0.0,0.3422560669025559,,randomized_2M
214,grasped_but_dropped,goal_spoof_midep,0,0.0,0.3422560669025559,,randomized_2M
215,grasped_but_dropped,goal_spoof_midep,0,0.0,0.3422560669025559,,randomized_2M
216,grasped_but_dropped,goal_spoof_midep,0,0.0,0.3422560669025559,,randomized_2M
217,grasped_but_dropped,goal_spoof_midep,0,0.0,0.3422560669025559,,randomized_2M
218,grasped_but_dropped,goal_spoof_midep,0,0.0,0.3422560669025559,,randomized_2M
219,grasped_but_dropped,goal_spoof_midep,0,0.0,0.3422560669025559,,randomized_2M
220,grasped_but_dropped,goal_spoof_midep,0,0.0,0.3422560669025559,,randomized_2M
221,grasped_but_dropped,goal_spoof_midep,0,0.0,0.3422560669025559,,randomized_2M
222,grasped_but_dropped,goal_spoof_midep,0,0.0,0.3422560669025559,,randomized_2M
223,grasped_but_dropped,goal_spoof_midep,0,0.0,0.3422560669025559,,randomized_2M
224,grasped_but_dropped,goal_spoof_midep,0,0.0,0.3422560669025559,,randomized_2M
225,grasped_but_dropped,goal_spoof_midep,0,0.0,0.3422560669025559,,randomized_2M
226,grasped_but_dropped,goal_spoof_midep,0,0.0,0.3422560669025559,,randomized_2M
227,grasped_but_dropped,goal_spoof_midep,0,0.0,0.3422560669025559,,randomized_2M
228,grasped_but_dropped,goal_spoof_midep,0,0.0,0.3422560669025559,,randomized_2M
229,grasped_but_dropped,goal_spoof_midep,0,0.0,0.3422560669025559,,randomized_2M
230,grasped_but_dropped,goal_spoof_midep,0,0.0,0.3422560669025559,,randomized_2M
231,grasped_but_dropped,goal_spoof_midep,0,0.0,0.3422560669025559,,randomized_2M
232,grasped_but_dropped,goal_spoof_midep,0,0.0,0.3422560669025559,,randomized_2M
233,grasped_but_dropped,goal_spoof_midep,0,0.0,0.3422560669025559,,randomized_2M
234,grasped_but_dropped,goal_spoof_midep,0,0.0,0.3422560669025559,,randomized_2M
235,grasped_but_dropped,goal_spoof_midep,0,0.0,0.3422560669025559,,randomized_2M
236,grasped_but_dropped,goal_spoof_midep,0,0.0,0.3422560669025559,,randomized_2M
237,grasped_but_dropped,goal_spoof_midep,0,0.0,0.3422560669025559,,randomized_2M
238,grasped_but_dropped,goal_spoof_midep,0,0.0,0.3422560669025559,,randomized_2M
239,grasped_but_dropped,goal_spoof_midep,0,0.0,0.3422560669025559,,randomized_2M
240,grasped_but_dropped,object_pose_spoof,0,0.0,0.0645714359507227,,randomized_2M
241,success,object_pose_spoof,0,1.0,0.0315570972968881,24.0,randomized_2M
242,reached_but_failed_grasp,object_pose_spoof,0,0.0,0.1216396022918016,,randomized_2M
243,grasped_but_dropped,object_pose_spoof,0,0.0,0.6372509321856091,,randomized_2M
244,grasped_but_dropped,object_pose_spoof,0,0.0,0.7653042492513065,,randomized_2M
245,reached_but_failed_grasp,object_pose_spoof,0,0.0,0.7352320413356486,,randomized_2M
246,grasped_but_dropped,object_pose_spoof,0,1.0,0.0434008276850619,36.0,randomized_2M
247,reached_but_failed_grasp,object_pose_spoof,0,0.0,0.8538902370884668,,randomized_2M
248,action_control_corruption,object_pose_spoof,0,0.0,0.0702895063277421,16.0,randomized_2M
249,grasped_but_dropped,object_pose_spoof,0,0.0,1.0446163892206266,,randomized_2M
250,wrong_direction,object_pose_spoof,0,0.0,0.3761080672424751,,randomized_2M
251,grasped_but_dropped,object_pose_spoof,0,0.0,0.7838202046576888,,randomized_2M
252,success,object_pose_spoof,0,1.0,0.0462114513136622,52.0,randomized_2M
253,reached_but_failed_grasp,object_pose_spoof,0,0.0,0.3549225360528287,,randomized_2M
254,grasped_but_dropped,object_pose_spoof,0,0.0,0.9747028791839172,,randomized_2M
255,grasped_but_dropped,object_pose_spoof,0,0.0,0.0608728714344485,33.0,randomized_2M
256,reached_but_failed_grasp,object_pose_spoof,0,0.0,0.1336176074560598,,randomized_2M
257,grasped_but_dropped,object_pose_spoof,0,0.0,1.0470933999086554,,randomized_2M
258,reached_but_failed_grasp,object_pose_spoof,0,1.0,0.0258098353676421,26.0,randomized_2M
259,grasped_but_dropped,object_pose_spoof,0,0.0,0.9149881229318826,,randomized_2M
260,grasped_but_dropped,object_pose_spoof,0,0.0,0.8295639019201054,,randomized_2M
261,grasped_but_dropped,object_pose_spoof,0,0.0,0.7397590803261688,,randomized_2M
262,grasped_but_dropped,object_pose_spoof,0,0.0,0.8164594832552851,,randomized_2M
263,grasped_but_dropped,object_pose_spoof,0,0.0,0.1620385100460081,,randomized_2M
264,reached_but_failed_grasp,object_pose_spoof,0,0.0,0.3895010144270129,,randomized_2M
265,reached_but_failed_grasp,object_pose_spoof,0,0.0,0.14534287060334,,randomized_2M
266,grasped_but_dropped,object_pose_spoof,0,0.0,0.5309968294957615,,randomized_2M
267,grasped_but_dropped,object_pose_spoof,0,0.0,0.8410072169606627,,randomized_2M
268,grasped_but_dropped,object_pose_spoof,0,0.0,1.1840417713295204,,randomized_2M
269,reached_but_failed_grasp,object_pose_spoof,0,0.0,0.354924547399374,,randomized_2M
270,reached_but_failed_grasp,grip_state_falsification,0,0.0,0.3549225360528287,,randomized_2M
271,reached_but_failed_grasp,grip_state_falsification,0,0.0,0.3549225360528287,,randomized_2M
272,reached_but_failed_grasp,grip_state_falsification,0,0.0,0.3549225360528287,,randomized_2M
273,reached_but_failed_grasp,grip_state_falsification,0,0.0,0.3549225360528287,,randomized_2M
274,reached_but_failed_grasp,grip_state_falsification,0,0.0,0.3549225360528287,,randomized_2M
275,reached_but_failed_grasp,grip_state_falsification,0,0.0,0.3549225360528287,,randomized_2M
276,reached_but_failed_grasp,grip_state_falsification,0,0.0,0.3549225360528287,,randomized_2M
277,reached_but_failed_grasp,grip_state_falsification,0,0.0,0.3549225360528287,,randomized_2M
278,reached_but_failed_grasp,grip_state_falsification,0,0.0,0.3549225360528287,,randomized_2M
279,reached_but_failed_grasp,grip_state_falsification,0,0.0,0.3549225360528287,,randomized_2M
280,reached_but_failed_grasp,grip_state_falsification,0,0.0,0.3549225360528287,,randomized_2M
281,reached_but_failed_grasp,grip_state_falsification,0,0.0,0.3549225360528287,,randomized_2M
282,reached_but_failed_grasp,grip_state_falsification,0,0.0,0.3549225360528287,,randomized_2M
283,reached_but_failed_grasp,grip_state_falsification,0,0.0,0.3549225360528287,,randomized_2M
284,reached_but_failed_grasp,grip_state_falsification,0,0.0,0.3549225360528287,,randomized_2M
285,reached_but_failed_grasp,grip_state_falsification,0,0.0,0.3549225360528287,,randomized_2M
286,reached_but_failed_grasp,grip_state_falsification,0,0.0,0.3549225360528287,,randomized_2M
287,reached_but_failed_grasp,grip_state_falsification,0,0.0,0.3549225360528287,,randomized_2M
288,reached_but_failed_grasp,grip_state_falsification,0,0.0,0.3549225360528287,,randomized_2M
289,reached_but_failed_grasp,grip_state_falsification,0,0.0,0.3549225360528287,,randomized_2M
290,reached_but_failed_grasp,grip_state_falsification,0,0.0,0.3549225360528287,,randomized_2M
291,reached_but_failed_grasp,grip_state_falsification,0,0.0,0.3549225360528287,,randomized_2M
292,reached_but_failed_grasp,grip_state_falsification,0,0.0,0.3549225360528287,,randomized_2M
293,reached_but_failed_grasp,grip_state_falsification,0,0.0,0.3549225360528287,,randomized_2M
294,reached_but_failed_grasp,grip_state_falsification,0,0.0,0.3549225360528287,,randomized_2M
295,reached_but_failed_grasp,grip_state_falsification,0,0.0,0.3549225360528287,,randomized_2M
296,reached_but_failed_grasp,grip_state_falsification,0,0.0,0.3549225360528287,,randomized_2M
297,reached_but_failed_grasp,grip_state_falsification,0,0.0,0.3549225360528287,,randomized_2M
298,reached_but_failed_grasp,grip_state_falsification,0,0.0,0.3549225360528287,,randomized_2M
299,reached_but_failed_grasp,grip_state_falsification,0,0.0,0.3549225360528287,,randomized_2M
300,never_reached_object,contact_dropout,0,0.0,0.3549225360528287,,randomized_2M
301,never_reached_object,contact_dropout,0,0.0,0.3549225360528287,,randomized_2M
302,never_reached_object,contact_dropout,0,0.0,0.3549225360528287,,randomized_2M
303,never_reached_object,contact_dropout,0,0.0,0.3549225360528287,,randomized_2M
304,never_reached_object,contact_dropout,0,0.0,0.3549225360528287,,randomized_2M
305,never_reached_object,contact_dropout,0,0.0,0.3549225360528287,,randomized_2M
306,never_reached_object,contact_dropout,0,0.0,0.3549225360528287,,randomized_2M
307,never_reached_object,contact_dropout,0,0.0,0.3549225360528287,,randomized_2M
308,never_reached_object,contact_dropout,0,0.0,0.3549225360528287,,randomized_2M
309,never_reached_object,contact_dropout,0,0.0,0.3549225360528287,,randomized_2M
310,never_reached_object,contact_dropout,0,0.0,0.3549225360528287,,randomized_2M
311,never_reached_object,contact_dropout,0,0.0,0.3549225360528287,,randomized_2M
312,never_reached_object,contact_dropout,0,0.0,0.3549225360528287,,randomized_2M
313,never_reached_object,contact_dropout,0,0.0,0.3549225360528287,,randomized_2M
314,never_reached_object,contact_dropout,0,0.0,0.3549225360528287,,randomized_2M
315,never_reached_object,contact_dropout,0,0.0,0.3549225360528287,,randomized_2M
316,never_reached_object,contact_dropout,0,0.0,0.3549225360528287,,randomized_2M
317,never_reached_object,contact_dropout,0,0.0,0.3549225360528287,,randomized_2M
318,never_reached_object,contact_dropout,0,0.0,0.3549225360528287,,randomized_2M
319,never_reached_object,contact_dropout,0,0.0,0.3549225360528287,,randomized_2M
320,never_reached_object,contact_dropout,0,0.0,0.3549225360528287,,randomized_2M
321,never_reached_object,contact_dropout,0,0.0,0.3549225360528287,,randomized_2M
322,never_reached_object,contact_dropout,0,0.0,0.3549225360528287,,randomized_2M
323,never_reached_object,contact_dropout,0,0.0,0.3549225360528287,,randomized_2M
324,never_reached_object,contact_dropout,0,0.0,0.3549225360528287,,randomized_2M
325,never_reached_object,contact_dropout,0,0.0,0.3549225360528287,,randomized_2M
326,never_reached_object,contact_dropout,0,0.0,0.3549225360528287,,randomized_2M
327,never_reached_object,contact_dropout,0,0.0,0.3549225360528287,,randomized_2M
328,never_reached_object,contact_dropout,0,0.0,0.3549225360528287,,randomized_2M
329,never_reached_object,contact_dropout,0,0.0,0.3549225360528287,,randomized_2M
330,never_reached_object,clean,1,0.0,0.3884547695970575,,randomized_2M
331,never_reached_object,clean,1,0.0,0.3884547695970575,,randomized_2M
332,never_reached_object,clean,1,0.0,0.3884547695970575,,randomized_2M
333,never_reached_object,clean,1,0.0,0.3884547695970575,,randomized_2M
334,never_reached_object,clean,1,0.0,0.3884547695970575,,randomized_2M
335,never_reached_object,clean,1,0.0,0.3884547695970575,,randomized_2M
336,never_reached_object,clean,1,0.0,0.3884547695970575,,randomized_2M
337,never_reached_object,clean,1,0.0,0.3884547695970575,,randomized_2M
338,never_reached_object,clean,1,0.0,0.3884547695970575,,randomized_2M
339,never_reached_object,clean,1,0.0,0.3884547695970575,,randomized_2M
340,never_reached_object,clean,1,0.0,0.3884547695970575,,randomized_2M
341,never_reached_object,clean,1,0.0,0.3884547695970575,,randomized_2M
342,never_reached_object,clean,1,0.0,0.3884547695970575,,randomized_2M
343,never_reached_object,clean,1,0.0,0.3884547695970575,,randomized_2M
344,never_reached_object,clean,1,0.0,0.3884547695970575,,randomized_2M
345,never_reached_object,clean,1,0.0,0.3884547695970575,,randomized_2M
346,never_reached_object,clean,1,0.0,0.3884547695970575,,randomized_2M
347,never_reached_object,clean,1,0.0,0.3884547695970575,,randomized_2M
348,never_reached_object,clean,1,0.0,0.3884547695970575,,randomized_2M
349,never_reached_object,clean,1,0.0,0.3884547695970575,,randomized_2M
350,never_reached_object,clean,1,0.0,0.3884547695970575,,randomized_2M
351,never_reached_object,clean,1,0.0,0.3884547695970575,,randomized_2M
352,never_reached_object,clean,1,0.0,0.3884547695970575,,randomized_2M
353,never_reached_object,clean,1,0.0,0.3884547695970575,,randomized_2M
354,never_reached_object,clean,1,0.0,0.3884547695970575,,randomized_2M
355,never_reached_object,clean,1,0.0,0.3884547695970575,,randomized_2M
356,never_reached_object,clean,1,0.0,0.3884547695970575,,randomized_2M
357,never_reached_object,clean,1,0.0,0.3884547695970575,,randomized_2M
358,never_reached_object,clean,1,0.0,0.3884547695970575,,randomized_2M
359,never_reached_object,clean,1,0.0,0.3884547695970575,,randomized_2M
360,never_reached_object,sensor_dropout,1,0.0,0.3884547695970575,,randomized_2M
361,never_reached_object,sensor_dropout,1,0.0,0.3884547695970575,,randomized_2M
362,never_reached_object,sensor_dropout,1,0.0,0.3884547695970575,,randomized_2M
363,never_reached_object,sensor_dropout,1,0.0,0.3884547695970575,,randomized_2M
364,never_reached_object,sensor_dropout,1,0.0,0.3884547695970575,,randomized_2M
365,never_reached_object,sensor_dropout,1,0.0,0.3884547695970575,,randomized_2M
366,never_reached_object,sensor_dropout,1,0.0,0.3884547695970575,,randomized_2M
367,never_reached_object,sensor_dropout,1,0.0,0.3884547695970575,,randomized_2M
368,never_reached_object,sensor_dropout,1,0.0,0.3884547695970575,,randomized_2M
369,never_reached_object,sensor_dropout,1,0.0,0.3884547695970575,,randomized_2M
370,never_reached_object,sensor_dropout,1,0.0,0.3884547695970575,,randomized_2M
371,never_reached_object,sensor_dropout,1,0.0,0.3884547695970575,,randomized_2M
372,never_reached_object,sensor_dropout,1,0.0,0.3884547695970575,,randomized_2M
373,never_reached_object,sensor_dropout,1,0.0,0.3884547695970575,,randomized_2M
374,never_reached_object,sensor_dropout,1,0.0,0.3884547695970575,,randomized_2M
375,never_reached_object,sensor_dropout,1,0.0,0.3884547695970575,,randomized_2M
376,never_reached_object,sensor_dropout,1,0.0,0.3884547695970575,,randomized_2M
377,never_reached_object,sensor_dropout,1,0.0,0.3884547695970575,,randomized_2M
378,never_reached_object,sensor_dropout,1,0.0,0.3884547695970575,,randomized_2M
379,never_reached_object,sensor_dropout,1,0.0,0.3884547695970575,,randomized_2M
380,never_reached_object,sensor_dropout,1,0.0,0.3884547695970575,,randomized_2M
381,never_reached_object,sensor_dropout,1,0.0,0.3884547695970575,,randomized_2M
382,never_reached_object,sensor_dropout,1,0.0,0.3884547695970575,,randomized_2M
383,never_reached_object,sensor_dropout,1,0.0,0.3884547695970575,,randomized_2M
384,never_reached_object,sensor_dropout,1,0.0,0.3884547695970575,,randomized_2M
385,never_reached_object,sensor_dropout,1,0.0,0.3884547695970575,,randomized_2M
386,never_reached_object,sensor_dropout,1,0.0,0.3884547695970575,,randomized_2M
387,never_reached_object,sensor_dropout,1,0.0,0.3884547695970575,,randomized_2M
388,never_reached_object,sensor_dropout,1,0.0,0.3884547695970575,,randomized_2M
389,never_reached_object,sensor_dropout,1,0.0,0.3884547695970575,,randomized_2M
390,never_reached_object,sensor_bias,1,0.0,0.3884547695970575,,randomized_2M
391,never_reached_object,sensor_bias,1,0.0,0.3884547695970575,,randomized_2M
392,never_reached_object,sensor_bias,1,0.0,0.3884547695970575,,randomized_2M
393,never_reached_object,sensor_bias,1,0.0,0.3884547695970575,,randomized_2M
394,never_reached_object,sensor_bias,1,0.0,0.3884547695970575,,randomized_2M
395,never_reached_object,sensor_bias,1,0.0,0.3884547695970575,,randomized_2M
396,never_reached_object,sensor_bias,1,0.0,0.3884547695970575,,randomized_2M
397,never_reached_object,sensor_bias,1,0.0,0.3884547695970575,,randomized_2M
398,never_reached_object,sensor_bias,1,0.0,0.3884547695970575,,randomized_2M
399,never_reached_object,sensor_bias,1,0.0,0.3884547695970575,,randomized_2M
400,never_reached_object,sensor_bias,1,0.0,0.3884547695970575,,randomized_2M
401,never_reached_object,sensor_bias,1,0.0,0.3884547695970575,,randomized_2M
402,never_reached_object,sensor_bias,1,0.0,0.3884547695970575,,randomized_2M
403,never_reached_object,sensor_bias,1,0.0,0.3884547695970575,,randomized_2M
404,never_reached_object,sensor_bias,1,0.0,0.3884547695970575,,randomized_2M
405,never_reached_object,sensor_bias,1,0.0,0.3884547695970575,,randomized_2M
406,never_reached_object,sensor_bias,1,0.0,0.3884547695970575,,randomized_2M
407,never_reached_object,sensor_bias,1,0.0,0.3884547695970575,,randomized_2M
408,never_reached_object,sensor_bias,1,0.0,0.3884547695970575,,randomized_2M
409,never_reached_object,sensor_bias,1,0.0,0.3884547695970575,,randomized_2M
410,never_reached_object,sensor_bias,1,0.0,0.3884547695970575,,randomized_2M
411,never_reached_object,sensor_bias,1,0.0,0.3884547695970575,,randomized_2M
412,never_reached_object,sensor_bias,1,0.0,0.3884547695970575,,randomized_2M
413,never_reached_object,sensor_bias,1,0.0,0.3884547695970575,,randomized_2M
414,never_reached_object,sensor_bias,1,0.0,0.3884547695970575,,randomized_2M
415,never_reached_object,sensor_bias,1,0.0,0.3884547695970575,,randomized_2M
416,never_reached_object,sensor_bias,1,0.0,0.3884547695970575,,randomized_2M
417,never_reached_object,sensor_bias,1,0.0,0.3884547695970575,,randomized_2M
418,never_reached_object,sensor_bias,1,0.0,0.3884547695970575,,randomized_2M
419,never_reached_object,sensor_bias,1,0.0,0.3884547695970575,,randomized_2M
420,never_reached_object,action_clipping,1,0.0,0.3884547695970575,,randomized_2M
421,never_reached_object,action_clipping,1,0.0,0.3884547695970575,,randomized_2M
422,never_reached_object,action_clipping,1,0.0,0.3884547695970575,,randomized_2M
423,never_reached_object,action_clipping,1,0.0,0.3884547695970575,,randomized_2M
424,never_reached_object,action_clipping,1,0.0,0.3884547695970575,,randomized_2M
425,never_reached_object,action_clipping,1,0.0,0.3884547695970575,,randomized_2M
426,never_reached_object,action_clipping,1,0.0,0.3884547695970575,,randomized_2M
427,never_reached_object,action_clipping,1,0.0,0.3884547695970575,,randomized_2M
428,never_reached_object,action_clipping,1,0.0,0.3884547695970575,,randomized_2M
429,never_reached_object,action_clipping,1,0.0,0.3884547695970575,,randomized_2M
430,never_reached_object,action_clipping,1,0.0,0.3884547695970575,,randomized_2M
431,never_reached_object,action_clipping,1,0.0,0.3884547695970575,,randomized_2M
432,never_reached_object,action_clipping,1,0.0,0.3884547695970575,,randomized_2M
433,never_reached_object,action_clipping,1,0.0,0.3884547695970575,,randomized_2M
434,never_reached_object,action_clipping,1,0.0,0.3884547695970575,,randomized_2M
435,never_reached_object,action_clipping,1,0.0,0.3884547695970575,,randomized_2M
436,never_reached_object,action_clipping,1,0.0,0.3884547695970575,,randomized_2M
437,never_reached_object,action_clipping,1,0.0,0.3884547695970575,,randomized_2M
438,never_reached_object,action_clipping,1,0.0,0.3884547695970575,,randomized_2M
439,never_reached_object,action_clipping,1,0.0,0.3884547695970575,,randomized_2M
440,never_reached_object,action_clipping,1,0.0,0.3884547695970575,,randomized_2M
441,never_reached_object,action_clipping,1,0.0,0.3884547695970575,,randomized_2M
442,never_reached_object,action_clipping,1,0.0,0.3884547695970575,,randomized_2M
443,never_reached_object,action_clipping,1,0.0,0.3884547695970575,,randomized_2M
444,never_reached_object,action_clipping,1,0.0,0.3884547695970575,,randomized_2M
445,never_reached_object,action_clipping,1,0.0,0.3884547695970575,,randomized_2M
446,never_reached_object,action_clipping,1,0.0,0.3884547695970575,,randomized_2M
447,never_reached_object,action_clipping,1,0.0,0.3884547695970575,,randomized_2M
448,never_reached_object,action_clipping,1,0.0,0.3884547695970575,,randomized_2M
449,never_reached_object,action_clipping,1,0.0,0.3884547695970575,,randomized_2M
450,never_reached_object,action_delay,1,0.0,0.3884547695970575,,randomized_2M
451,never_reached_object,action_delay,1,0.0,0.3884547695970575,,randomized_2M
452,never_reached_object,action_delay,1,0.0,0.3884547695970575,,randomized_2M
453,never_reached_object,action_delay,1,0.0,0.3884547695970575,,randomized_2M
454,never_reached_object,action_delay,1,0.0,0.3884547695970575,,randomized_2M
455,never_reached_object,action_delay,1,0.0,0.3884547695970575,,randomized_2M
456,never_reached_object,action_delay,1,0.0,0.3884547695970575,,randomized_2M
457,never_reached_object,action_delay,1,0.0,0.3884547695970575,,randomized_2M
458,never_reached_object,action_delay,1,0.0,0.3884547695970575,,randomized_2M
459,never_reached_object,action_delay,1,0.0,0.3884547695970575,,randomized_2M
460,never_reached_object,action_delay,1,0.0,0.3884547695970575,,randomized_2M
461,never_reached_object,action_delay,1,0.0,0.3884547695970575,,randomized_2M
462,never_reached_object,action_delay,1,0.0,0.3884547695970575,,randomized_2M
463,never_reached_object,action_delay,1,0.0,0.3884547695970575,,randomized_2M
464,never_reached_object,action_delay,1,0.0,0.3884547695970575,,randomized_2M
465,never_reached_object,action_delay,1,0.0,0.3884547695970575,,randomized_2M
466,never_reached_object,action_delay,1,0.0,0.3884547695970575,,randomized_2M
467,never_reached_object,action_delay,1,0.0,0.3884547695970575,,randomized_2M
468,never_reached_object,action_delay,1,0.0,0.3884547695970575,,randomized_2M
469,never_reached_object,action_delay,1,0.0,0.3884547695970575,,randomized_2M
470,never_reached_object,action_delay,1,0.0,0.3884547695970575,,randomized_2M
471,never_reached_object,action_delay,1,0.0,0.3884547695970575,,randomized_2M
472,never_reached_object,action_delay,1,0.0,0.3884547695970575,,randomized_2M
473,never_reached_object,action_delay,1,0.0,0.3884547695970575,,randomized_2M
474,never_reached_object,action_delay,1,0.0,0.3884547695970575,,randomized_2M
475,never_reached_object,action_delay,1,0.0,0.3884547695970575,,randomized_2M
476,never_reached_object,action_delay,1,0.0,0.3884547695970575,,randomized_2M
477,never_reached_object,action_delay,1,0.0,0.3884547695970575,,randomized_2M
478,never_reached_object,action_delay,1,0.0,0.3884547695970575,,randomized_2M
479,never_reached_object,action_delay,1,0.0,0.3884547695970575,,randomized_2M
480,never_reached_object,action_reversal,1,0.0,0.3884547695970575,,randomized_2M
481,never_reached_object,action_reversal,1,0.0,0.3884547695970575,,randomized_2M
482,never_reached_object,action_reversal,1,0.0,0.3884547695970575,,randomized_2M
483,never_reached_object,action_reversal,1,0.0,0.3884547695970575,,randomized_2M
484,never_reached_object,action_reversal,1,0.0,0.3884547695970575,,randomized_2M
485,never_reached_object,action_reversal,1,0.0,0.3884547695970575,,randomized_2M
486,never_reached_object,action_reversal,1,0.0,0.3884547695970575,,randomized_2M
487,never_reached_object,action_reversal,1,0.0,0.3884547695970575,,randomized_2M
488,never_reached_object,action_reversal,1,0.0,0.3884547695970575,,randomized_2M
489,never_reached_object,action_reversal,1,0.0,0.3884547695970575,,randomized_2M
490,never_reached_object,action_reversal,1,0.0,0.3884547695970575,,randomized_2M
491,never_reached_object,action_reversal,1,0.0,0.3884547695970575,,randomized_2M
492,never_reached_object,action_reversal,1,0.0,0.3884547695970575,,randomized_2M
493,never_reached_object,action_reversal,1,0.0,0.3884547695970575,,randomized_2M
494,never_reached_object,action_reversal,1,0.0,0.3884547695970575,,randomized_2M
495,never_reached_object,action_reversal,1,0.0,0.3884547695970575,,randomized_2M
496,never_reached_object,action_reversal,1,0.0,0.3884547695970575,,randomized_2M
497,never_reached_object,action_reversal,1,0.0,0.3884547695970575,,randomized_2M
498,never_reached_object,action_reversal,1,0.0,0.3884547695970575,,randomized_2M
499,never_reached_object,action_reversal,1,0.0,0.3884547695970575,,randomized_2M
500,never_reached_object,action_reversal,1,0.0,0.3884547695970575,,randomized_2M
501,never_reached_object,action_reversal,1,0.0,0.3884547695970575,,randomized_2M
502,never_reached_object,action_reversal,1,0.0,0.3884547695970575,,randomized_2M
503,never_reached_object,action_reversal,1,0.0,0.3884547695970575,,randomized_2M
504,never_reached_object,action_reversal,1,0.0,0.3884547695970575,,randomized_2M
505,never_reached_object,action_reversal,1,0.0,0.3884547695970575,,randomized_2M
506,never_reached_object,action_reversal,1,0.0,0.3884547695970575,,randomized_2M
507,never_reached_object,action_reversal,1,0.0,0.3884547695970575,,randomized_2M
508,never_reached_object,action_reversal,1,0.0,0.3884547695970575,,randomized_2M
509,never_reached_object,action_reversal,1,0.0,0.3884547695970575,,randomized_2M
510,never_reached_object,goal_spoof_immediate,1,0.0,0.3884547695970575,,randomized_2M
511,never_reached_object,goal_spoof_immediate,1,0.0,0.3884547695970575,,randomized_2M
512,never_reached_object,goal_spoof_immediate,1,0.0,0.3884547695970575,,randomized_2M
513,never_reached_object,goal_spoof_immediate,1,0.0,0.3884547695970575,,randomized_2M
514,never_reached_object,goal_spoof_immediate,1,0.0,0.3884547695970575,,randomized_2M
515,never_reached_object,goal_spoof_immediate,1,0.0,0.3884547695970575,,randomized_2M
516,never_reached_object,goal_spoof_immediate,1,0.0,0.3884547695970575,,randomized_2M
517,never_reached_object,goal_spoof_immediate,1,0.0,0.3884547695970575,,randomized_2M
518,never_reached_object,goal_spoof_immediate,1,0.0,0.3884547695970575,,randomized_2M
519,never_reached_object,goal_spoof_immediate,1,0.0,0.3884547695970575,,randomized_2M
520,never_reached_object,goal_spoof_immediate,1,0.0,0.3884547695970575,,randomized_2M
521,never_reached_object,goal_spoof_immediate,1,0.0,0.3884547695970575,,randomized_2M
522,never_reached_object,goal_spoof_immediate,1,0.0,0.3884547695970575,,randomized_2M
523,never_reached_object,goal_spoof_immediate,1,0.0,0.3884547695970575,,randomized_2M
524,never_reached_object,goal_spoof_immediate,1,0.0,0.3884547695970575,,randomized_2M
525,never_reached_object,goal_spoof_immediate,1,0.0,0.3884547695970575,,randomized_2M
526,never_reached_object,goal_spoof_immediate,1,0.0,0.3884547695970575,,randomized_2M
527,never_reached_object,goal_spoof_immediate,1,0.0,0.3884547695970575,,randomized_2M
528,never_reached_object,goal_spoof_immediate,1,0.0,0.3884547695970575,,randomized_2M
529,never_reached_object,goal_spoof_immediate,1,0.0,0.3884547695970575,,randomized_2M
530,never_reached_object,goal_spoof_immediate,1,0.0,0.3884547695970575,,randomized_2M
531,never_reached_object,goal_spoof_immediate,1,0.0,0.3884547695970575,,randomized_2M
532,never_reached_object,goal_spoof_immediate,1,0.0,0.3884547695970575,,randomized_2M
533,never_reached_object,goal_spoof_immediate,1,0.0,0.3884547695970575,,randomized_2M
534,never_reached_object,goal_spoof_immediate,1,0.0,0.3884547695970575,,randomized_2M
535,never_reached_object,goal_spoof_immediate,1,0.0,0.3884547695970575,,randomized_2M
536,never_reached_object,goal_spoof_immediate,1,0.0,0.3884547695970575,,randomized_2M
537,never_reached_object,goal_spoof_immediate,1,0.0,0.3884547695970575,,randomized_2M
538,never_reached_object,goal_spoof_immediate,1,0.0,0.3884547695970575,,randomized_2M
539,never_reached_object,goal_spoof_immediate,1,0.0,0.3884547695970575,,randomized_2M
540,never_reached_object,goal_spoof_midep,1,0.0,0.3884547695970575,,randomized_2M
541,never_reached_object,goal_spoof_midep,1,0.0,0.3884547695970575,,randomized_2M
542,never_reached_object,goal_spoof_midep,1,0.0,0.3884547695970575,,randomized_2M
543,never_reached_object,goal_spoof_midep,1,0.0,0.3884547695970575,,randomized_2M
544,never_reached_object,goal_spoof_midep,1,0.0,0.3884547695970575,,randomized_2M
545,never_reached_object,goal_spoof_midep,1,0.0,0.3884547695970575,,randomized_2M
546,never_reached_object,goal_spoof_midep,1,0.0,0.3884547695970575,,randomized_2M
547,never_reached_object,goal_spoof_midep,1,0.0,0.3884547695970575,,randomized_2M
548,never_reached_object,goal_spoof_midep,1,0.0,0.3884547695970575,,randomized_2M
549,never_reached_object,goal_spoof_midep,1,0.0,0.3884547695970575,,randomized_2M
550,never_reached_object,goal_spoof_midep,1,0.0,0.3884547695970575,,randomized_2M
551,never_reached_object,goal_spoof_midep,1,0.0,0.3884547695970575,,randomized_2M
552,never_reached_object,goal_spoof_midep,1,0.0,0.3884547695970575,,randomized_2M
553,never_reached_object,goal_spoof_midep,1,0.0,0.3884547695970575,,randomized_2M
554,never_reached_object,goal_spoof_midep,1,0.0,0.3884547695970575,,randomized_2M
555,never_reached_object,goal_spoof_midep,1,0.0,0.3884547695970575,,randomized_2M
556,never_reached_object,goal_spoof_midep,1,0.0,0.3884547695970575,,randomized_2M
557,never_reached_object,goal_spoof_midep,1,0.0,0.3884547695970575,,randomized_2M
558,never_reached_object,goal_spoof_midep,1,0.0,0.3884547695970575,,randomized_2M
559,never_reached_object,goal_spoof_midep,1,0.0,0.3884547695970575,,randomized_2M
560,never_reached_object,goal_spoof_midep,1,0.0,0.3884547695970575,,randomized_2M
561,never_reached_object,goal_spoof_midep,1,0.0,0.3884547695970575,,randomized_2M
562,never_reached_object,goal_spoof_midep,1,0.0,0.3884547695970575,,randomized_2M
563,never_reached_object,goal_spoof_midep,1,0.0,0.3884547695970575,,randomized_2M
564,never_reached_object,goal_spoof_midep,1,0.0,0.3884547695970575,,randomized_2M
565,never_reached_object,goal_spoof_midep,1,0.0,0.3884547695970575,,randomized_2M
566,never_reached_object,goal_spoof_midep,1,0.0,0.3884547695970575,,randomized_2M
567,never_reached_object,goal_spoof_midep,1,0.0,0.3884547695970575,,randomized_2M
568,never_reached_object,goal_spoof_midep,1,0.0,0.3884547695970575,,randomized_2M
569,never_reached_object,goal_spoof_midep,1,0.0,0.3884547695970575,,randomized_2M
570,never_reached_object,object_pose_spoof,1,0.0,0.3884547695970575,,randomized_2M
571,never_reached_object,object_pose_spoof,1,0.0,0.3884547695970575,,randomized_2M
572,never_reached_object,object_pose_spoof,1,0.0,0.3884547695970575,,randomized_2M
573,never_reached_object,object_pose_spoof,1,0.0,0.3884547695970575,,randomized_2M
574,never_reached_object,object_pose_spoof,1,0.0,0.3884547695970575,,randomized_2M
575,never_reached_object,object_pose_spoof,1,0.0,0.3884547695970575,,randomized_2M
576,never_reached_object,object_pose_spoof,1,0.0,0.3884547695970575,,randomized_2M
577,never_reached_object,object_pose_spoof,1,0.0,0.3884547695970575,,randomized_2M
578,never_reached_object,object_pose_spoof,1,0.0,0.3884547695970575,,randomized_2M
579,never_reached_object,object_pose_spoof,1,0.0,0.3884547695970575,,randomized_2M
580,never_reached_object,object_pose_spoof,1,0.0,0.3884547695970575,,randomized_2M
581,never_reached_object,object_pose_spoof,1,0.0,0.3884547695970575,,randomized_2M
582,never_reached_object,object_pose_spoof,1,0.0,0.3884547695970575,,randomized_2M
583,never_reached_object,object_pose_spoof,1,0.0,0.3884547695970575,,randomized_2M
584,never_reached_object,object_pose_spoof,1,0.0,0.3884547695970575,,randomized_2M
585,never_reached_object,object_pose_spoof,1,0.0,0.3884547695970575,,randomized_2M
586,never_reached_object,object_pose_spoof,1,0.0,0.3884547695970575,,randomized_2M
587,never_reached_object,object_pose_spoof,1,0.0,0.3884547695970575,,randomized_2M
588,never_reached_object,object_pose_spoof,1,0.0,0.3884547695970575,,randomized_2M
589,never_reached_object,object_pose_spoof,1,0.0,0.3884547695970575,,randomized_2M
590,never_reached_object,object_pose_spoof,1,0.0,0.3884547695970575,,randomized_2M
591,never_reached_object,object_pose_spoof,1,0.0,0.3884547695970575,,randomized_2M
592,never_reached_object,object_pose_spoof,1,0.0,0.3884547695970575,,randomized_2M
593,never_reached_object,object_pose_spoof,1,0.0,0.3884547695970575,,randomized_2M
594,never_reached_object,object_pose_spoof,1,0.0,0.3884547695970575,,randomized_2M
595,never_reached_object,object_pose_spoof,1,0.0,0.3884547695970575,,randomized_2M
596,never_reached_object,object_pose_spoof,1,0.0,0.3884547695970575,,randomized_2M
597,never_reached_object,object_pose_spoof,1,0.0,0.3884547695970575,,randomized_2M
598,never_reached_object,object_pose_spoof,1,0.0,0.3884547695970575,,randomized_2M
599,never_reached_object,object_pose_spoof,1,0.0,0.3884547695970575,,randomized_2M
600,never_reached_object,grip_state_falsification,1,0.0,0.3884547695970575,,randomized_2M
601,never_reached_object,grip_state_falsification,1,0.0,0.3884547695970575,,randomized_2M
602,never_reached_object,grip_state_falsification,1,0.0,0.3884547695970575,,randomized_2M
603,never_reached_object,grip_state_falsification,1,0.0,0.3884547695970575,,randomized_2M
604,never_reached_object,grip_state_falsification,1,0.0,0.3884547695970575,,randomized_2M
605,never_reached_object,grip_state_falsification,1,0.0,0.3884547695970575,,randomized_2M
606,never_reached_object,grip_state_falsification,1,0.0,0.3884547695970575,,randomized_2M
607,never_reached_object,grip_state_falsification,1,0.0,0.3884547695970575,,randomized_2M
608,never_reached_object,grip_state_falsification,1,0.0,0.3884547695970575,,randomized_2M
609,never_reached_object,grip_state_falsification,1,0.0,0.3884547695970575,,randomized_2M
610,never_reached_object,grip_state_falsification,1,0.0,0.3884547695970575,,randomized_2M
611,never_reached_object,grip_state_falsification,1,0.0,0.3884547695970575,,randomized_2M
612,never_reached_object,grip_state_falsification,1,0.0,0.3884547695970575,,randomized_2M
613,never_reached_object,grip_state_falsification,1,0.0,0.3884547695970575,,randomized_2M
614,never_reached_object,grip_state_falsification,1,0.0,0.3884547695970575,,randomized_2M
615,never_reached_object,grip_state_falsification,1,0.0,0.3884547695970575,,randomized_2M
616,never_reached_object,grip_state_falsification,1,0.0,0.3884547695970575,,randomized_2M
617,never_reached_object,grip_state_falsification,1,0.0,0.3884547695970575,,randomized_2M
618,never_reached_object,grip_state_falsification,1,0.0,0.3884547695970575,,randomized_2M
619,never_reached_object,grip_state_falsification,1,0.0,0.3884547695970575,,randomized_2M
620,never_reached_object,grip_state_falsification,1,0.0,0.3884547695970575,,randomized_2M
621,never_reached_object,grip_state_falsification,1,0.0,0.3884547695970575,,randomized_2M
622,never_reached_object,grip_state_falsification,1,0.0,0.3884547695970575,,randomized_2M
623,never_reached_object,grip_state_falsification,1,0.0,0.3884547695970575,,randomized_2M
624,never_reached_object,grip_state_falsification,1,0.0,0.3884547695970575,,randomized_2M
625,never_reached_object,grip_state_falsification,1,0.0,0.3884547695970575,,randomized_2M
626,never_reached_object,grip_state_falsification,1,0.0,0.3884547695970575,,randomized_2M
627,never_reached_object,grip_state_falsification,1,0.0,0.3884547695970575,,randomized_2M
628,never_reached_object,grip_state_falsification,1,0.0,0.3884547695970575,,randomized_2M
629,never_reached_object,grip_state_falsification,1,0.0,0.3884547695970575,,randomized_2M
630,never_reached_object,contact_dropout,1,0.0,0.3884547695970575,,randomized_2M
631,never_reached_object,contact_dropout,1,0.0,0.3884547695970575,,randomized_2M
632,never_reached_object,contact_dropout,1,0.0,0.3884547695970575,,randomized_2M
633,never_reached_object,contact_dropout,1,0.0,0.3884547695970575,,randomized_2M
634,never_reached_object,contact_dropout,1,0.0,0.3884547695970575,,randomized_2M
635,never_reached_object,contact_dropout,1,0.0,0.3884547695970575,,randomized_2M
636,never_reached_object,contact_dropout,1,0.0,0.3884547695970575,,randomized_2M
637,never_reached_object,contact_dropout,1,0.0,0.3884547695970575,,randomized_2M
638,never_reached_object,contact_dropout,1,0.0,0.3884547695970575,,randomized_2M
639,never_reached_object,contact_dropout,1,0.0,0.3884547695970575,,randomized_2M
640,never_reached_object,contact_dropout,1,0.0,0.3884547695970575,,randomized_2M
641,never_reached_object,contact_dropout,1,0.0,0.3884547695970575,,randomized_2M
642,never_reached_object,contact_dropout,1,0.0,0.3884547695970575,,randomized_2M
643,never_reached_object,contact_dropout,1,0.0,0.3884547695970575,,randomized_2M
644,never_reached_object,contact_dropout,1,0.0,0.3884547695970575,,randomized_2M
645,never_reached_object,contact_dropout,1,0.0,0.3884547695970575,,randomized_2M
646,never_reached_object,contact_dropout,1,0.0,0.3884547695970575,,randomized_2M
647,never_reached_object,contact_dropout,1,0.0,0.3884547695970575,,randomized_2M
648,never_reached_object,contact_dropout,1,0.0,0.3884547695970575,,randomized_2M
649,never_reached_object,contact_dropout,1,0.0,0.3884547695970575,,randomized_2M
650,never_reached_object,contact_dropout,1,0.0,0.3884547695970575,,randomized_2M
651,never_reached_object,contact_dropout,1,0.0,0.3884547695970575,,randomized_2M
652,never_reached_object,contact_dropout,1,0.0,0.3884547695970575,,randomized_2M
653,never_reached_object,contact_dropout,1,0.0,0.3884547695970575,,randomized_2M
654,never_reached_object,contact_dropout,1,0.0,0.3884547695970575,,randomized_2M
655,never_reached_object,contact_dropout,1,0.0,0.3884547695970575,,randomized_2M
656,never_reached_object,contact_dropout,1,0.0,0.3884547695970575,,randomized_2M
657,never_reached_object,contact_dropout,1,0.0,0.3884547695970575,,randomized_2M
658,never_reached_object,contact_dropout,1,0.0,0.3884547695970575,,randomized_2M
659,never_reached_object,contact_dropout,1,0.0,0.3884547695970575,,randomized_2M
660,never_reached_object,clean,2,0.0,0.2364647540081676,,randomized_2M
661,never_reached_object,clean,2,0.0,0.2364647540081676,,randomized_2M
662,never_reached_object,clean,2,0.0,0.2364647540081676,,randomized_2M
663,never_reached_object,clean,2,0.0,0.2364647540081676,,randomized_2M
664,never_reached_object,clean,2,0.0,0.2364647540081676,,randomized_2M
665,never_reached_object,clean,2,0.0,0.2364647540081676,,randomized_2M
666,never_reached_object,clean,2,0.0,0.2364647540081676,,randomized_2M
667,never_reached_object,clean,2,0.0,0.2364647540081676,,randomized_2M
668,never_reached_object,clean,2,0.0,0.2364647540081676,,randomized_2M
669,never_reached_object,clean,2,0.0,0.2364647540081676,,randomized_2M
670,never_reached_object,clean,2,0.0,0.2364647540081676,,randomized_2M
671,never_reached_object,clean,2,0.0,0.2364647540081676,,randomized_2M
672,never_reached_object,clean,2,0.0,0.2364647540081676,,randomized_2M
673,never_reached_object,clean,2,0.0,0.2364647540081676,,randomized_2M
674,never_reached_object,clean,2,0.0,0.2364647540081676,,randomized_2M
675,never_reached_object,clean,2,0.0,0.2364647540081676,,randomized_2M
676,never_reached_object,clean,2,0.0,0.2364647540081676,,randomized_2M
677,never_reached_object,clean,2,0.0,0.2364647540081676,,randomized_2M
678,never_reached_object,clean,2,0.0,0.2364647540081676,,randomized_2M
679,never_reached_object,clean,2,0.0,0.2364647540081676,,randomized_2M
680,never_reached_object,clean,2,0.0,0.2364647540081676,,randomized_2M
681,never_reached_object,clean,2,0.0,0.2364647540081676,,randomized_2M
682,never_reached_object,clean,2,0.0,0.2364647540081676,,randomized_2M
683,never_reached_object,clean,2,0.0,0.2364647540081676,,randomized_2M
684,never_reached_object,clean,2,0.0,0.2364647540081676,,randomized_2M
685,never_reached_object,clean,2,0.0,0.2364647540081676,,randomized_2M
686,never_reached_object,clean,2,0.0,0.2364647540081676,,randomized_2M
687,never_reached_object,clean,2,0.0,0.2364647540081676,,randomized_2M
688,never_reached_object,clean,2,0.0,0.2364647540081676,,randomized_2M
689,never_reached_object,clean,2,0.0,0.2364647540081676,,randomized_2M
690,never_reached_object,sensor_dropout,2,0.0,0.2364647540081676,,randomized_2M
691,never_reached_object,sensor_dropout,2,0.0,0.2364647540081676,,randomized_2M
692,never_reached_object,sensor_dropout,2,0.0,0.2364647540081676,,randomized_2M
693,never_reached_object,sensor_dropout,2,0.0,0.2364647540081676,,randomized_2M
694,never_reached_object,sensor_dropout,2,0.0,0.2364647540081676,,randomized_2M
695,never_reached_object,sensor_dropout,2,0.0,0.2364647540081676,,randomized_2M
696,never_reached_object,sensor_dropout,2,0.0,0.2364647540081676,,randomized_2M
697,never_reached_object,sensor_dropout,2,0.0,0.2364647540081676,,randomized_2M
698,never_reached_object,sensor_dropout,2,0.0,0.2364647540081676,,randomized_2M
699,never_reached_object,sensor_dropout,2,0.0,0.2364647540081676,,randomized_2M
700,never_reached_object,sensor_dropout,2,0.0,0.2364647540081676,,randomized_2M
701,never_reached_object,sensor_dropout,2,0.0,0.2364647540081676,,randomized_2M
702,never_reached_object,sensor_dropout,2,0.0,0.2364647540081676,,randomized_2M
703,never_reached_object,sensor_dropout,2,0.0,0.2364647540081676,,randomized_2M
704,never_reached_object,sensor_dropout,2,0.0,0.2364647540081676,,randomized_2M
705,never_reached_object,sensor_dropout,2,0.0,0.2364647540081676,,randomized_2M
706,never_reached_object,sensor_dropout,2,0.0,0.2364647540081676,,randomized_2M
707,never_reached_object,sensor_dropout,2,0.0,0.2364647540081676,,randomized_2M
708,never_reached_object,sensor_dropout,2,0.0,0.2364647540081676,,randomized_2M
709,never_reached_object,sensor_dropout,2,0.0,0.2364647540081676,,randomized_2M
710,never_reached_object,sensor_dropout,2,0.0,0.2364647540081676,,randomized_2M
711,never_reached_object,sensor_dropout,2,0.0,0.2364647540081676,,randomized_2M
712,never_reached_object,sensor_dropout,2,0.0,0.2364647540081676,,randomized_2M
713,never_reached_object,sensor_dropout,2,0.0,0.2364647540081676,,randomized_2M
714,never_reached_object,sensor_dropout,2,0.0,0.2364647540081676,,randomized_2M
715,never_reached_object,sensor_dropout,2,0.0,0.2364647540081676,,randomized_2M
716,never_reached_object,sensor_dropout,2,0.0,0.2364647540081676,,randomized_2M
717,never_reached_object,sensor_dropout,2,0.0,0.2364647540081676,,randomized_2M
718,never_reached_object,sensor_dropout,2,0.0,0.2364647540081676,,randomized_2M
719,never_reached_object,sensor_dropout,2,0.0,0.2364647540081676,,randomized_2M
720,never_reached_object,sensor_bias,2,0.0,0.2364647540081676,,randomized_2M
721,never_reached_object,sensor_bias,2,0.0,0.2364647540081676,,randomized_2M
722,never_reached_object,sensor_bias,2,0.0,0.2364647540081676,,randomized_2M
723,reached_but_failed_grasp,sensor_bias,2,0.0,0.2260450616812651,,randomized_2M
724,never_reached_object,sensor_bias,2,0.0,0.2364647540081676,,randomized_2M
725,never_reached_object,sensor_bias,2,0.0,0.2364647540081676,,randomized_2M
726,never_reached_object,sensor_bias,2,0.0,0.2364647540081676,,randomized_2M
727,never_reached_object,sensor_bias,2,0.0,0.2364647540081676,,randomized_2M
728,reached_but_failed_grasp,sensor_bias,2,0.0,0.337994993141578,,randomized_2M
729,never_reached_object,sensor_bias,2,0.0,0.2364647540081676,,randomized_2M
730,never_reached_object,sensor_bias,2,0.0,0.2364647540081676,,randomized_2M
731,never_reached_object,sensor_bias,2,0.0,0.2364647540081676,,randomized_2M
732,never_reached_object,sensor_bias,2,0.0,0.2364647540081676,,randomized_2M
733,never_reached_object,sensor_bias,2,0.0,0.2364647540081676,,randomized_2M
734,reached_but_failed_grasp,sensor_bias,2,0.0,0.2706374158007349,,randomized_2M
735,never_reached_object,sensor_bias,2,0.0,0.2364647540081676,,randomized_2M
736,never_reached_object,sensor_bias,2,0.0,0.2364647540081676,,randomized_2M
737,never_reached_object,sensor_bias,2,0.0,0.2364647540081676,,randomized_2M
738,never_reached_object,sensor_bias,2,0.0,0.2364647540081676,,randomized_2M
739,grasped_but_dropped,sensor_bias,2,0.0,0.5777097877743841,,randomized_2M
740,reached_but_failed_grasp,sensor_bias,2,0.0,0.238933625295557,,randomized_2M
741,never_reached_object,sensor_bias,2,0.0,0.2364647540081676,,randomized_2M
742,never_reached_object,sensor_bias,2,0.0,0.2364647540081676,,randomized_2M
743,never_reached_object,sensor_bias,2,0.0,0.2364647540081676,,randomized_2M
744,never_reached_object,sensor_bias,2,0.0,0.2364647540081676,,randomized_2M
745,never_reached_object,sensor_bias,2,0.0,0.6111673840331985,,randomized_2M
746,never_reached_object,sensor_bias,2,0.0,0.2364647540081676,,randomized_2M
747,grasped_but_dropped,sensor_bias,2,0.0,0.5756035937311752,,randomized_2M
748,never_reached_object,sensor_bias,2,0.0,0.2364647540081676,,randomized_2M
749,never_reached_object,sensor_bias,2,0.0,0.2364647540081676,,randomized_2M
750,never_reached_object,action_clipping,2,0.0,0.2364647540081676,,randomized_2M
751,never_reached_object,action_clipping,2,0.0,0.2364647540081676,,randomized_2M
752,never_reached_object,action_clipping,2,0.0,0.2364647540081676,,randomized_2M
753,never_reached_object,action_clipping,2,0.0,0.2364647540081676,,randomized_2M
754,never_reached_object,action_clipping,2,0.0,0.2364647540081676,,randomized_2M
755,never_reached_object,action_clipping,2,0.0,0.2364647540081676,,randomized_2M
756,never_reached_object,action_clipping,2,0.0,0.2364647540081676,,randomized_2M
757,never_reached_object,action_clipping,2,0.0,0.2364647540081676,,randomized_2M
758,never_reached_object,action_clipping,2,0.0,0.2364647540081676,,randomized_2M
759,never_reached_object,action_clipping,2,0.0,0.2364647540081676,,randomized_2M
760,never_reached_object,action_clipping,2,0.0,0.2364647540081676,,randomized_2M
761,never_reached_object,action_clipping,2,0.0,0.2364647540081676,,randomized_2M
762,never_reached_object,action_clipping,2,0.0,0.2364647540081676,,randomized_2M
763,never_reached_object,action_clipping,2,0.0,0.2364647540081676,,randomized_2M
764,never_reached_object,action_clipping,2,0.0,0.2364647540081676,,randomized_2M
765,never_reached_object,action_clipping,2,0.0,0.2364647540081676,,randomized_2M
766,never_reached_object,action_clipping,2,0.0,0.2364647540081676,,randomized_2M
767,never_reached_object,action_clipping,2,0.0,0.2364647540081676,,randomized_2M
768,never_reached_object,action_clipping,2,0.0,0.2364647540081676,,randomized_2M
769,never_reached_object,action_clipping,2,0.0,0.2364647540081676,,randomized_2M
770,never_reached_object,action_clipping,2,0.0,0.2364647540081676,,randomized_2M
771,never_reached_object,action_clipping,2,0.0,0.2364647540081676,,randomized_2M
772,never_reached_object,action_clipping,2,0.0,0.2364647540081676,,randomized_2M
773,never_reached_object,action_clipping,2,0.0,0.2364647540081676,,randomized_2M
774,never_reached_object,action_clipping,2,0.0,0.2364647540081676,,randomized_2M
775,never_reached_object,action_clipping,2,0.0,0.2364647540081676,,randomized_2M
776,never_reached_object,action_clipping,2,0.0,0.2364647540081676,,randomized_2M
777,never_reached_object,action_clipping,2,0.0,0.2364647540081676,,randomized_2M
778,never_reached_object,action_clipping,2,0.0,0.2364647540081676,,randomized_2M
779,never_reached_object,action_clipping,2,0.0,0.2364647540081676,,randomized_2M
780,never_reached_object,action_delay,2,0.0,0.2364647540081676,,randomized_2M
781,never_reached_object,action_delay,2,0.0,0.2364647540081676,,randomized_2M
782,never_reached_object,action_delay,2,0.0,0.2364647540081676,,randomized_2M
783,never_reached_object,action_delay,2,0.0,0.2364647540081676,,randomized_2M
784,never_reached_object,action_delay,2,0.0,0.2364647540081676,,randomized_2M
785,never_reached_object,action_delay,2,0.0,0.2364647540081676,,randomized_2M
786,never_reached_object,action_delay,2,0.0,0.2364647540081676,,randomized_2M
787,never_reached_object,action_delay,2,0.0,0.2364647540081676,,randomized_2M
788,never_reached_object,action_delay,2,0.0,0.2364647540081676,,randomized_2M
789,never_reached_object,action_delay,2,0.0,0.2364647540081676,,randomized_2M
790,never_reached_object,action_delay,2,0.0,0.2364647540081676,,randomized_2M
791,never_reached_object,action_delay,2,0.0,0.2364647540081676,,randomized_2M
792,never_reached_object,action_delay,2,0.0,0.2364647540081676,,randomized_2M
793,never_reached_object,action_delay,2,0.0,0.2364647540081676,,randomized_2M
794,never_reached_object,action_delay,2,0.0,0.2364647540081676,,randomized_2M
795,never_reached_object,action_delay,2,0.0,0.2364647540081676,,randomized_2M
796,never_reached_object,action_delay,2,0.0,0.2364647540081676,,randomized_2M
797,never_reached_object,action_delay,2,0.0,0.2364647540081676,,randomized_2M
798,never_reached_object,action_delay,2,0.0,0.2364647540081676,,randomized_2M
799,never_reached_object,action_delay,2,0.0,0.2364647540081676,,randomized_2M
800,never_reached_object,action_delay,2,0.0,0.2364647540081676,,randomized_2M
801,never_reached_object,action_delay,2,0.0,0.2364647540081676,,randomized_2M
802,never_reached_object,action_delay,2,0.0,0.2364647540081676,,randomized_2M
803,never_reached_object,action_delay,2,0.0,0.2364647540081676,,randomized_2M
804,never_reached_object,action_delay,2,0.0,0.2364647540081676,,randomized_2M
805,never_reached_object,action_delay,2,0.0,0.2364647540081676,,randomized_2M
806,never_reached_object,action_delay,2,0.0,0.2364647540081676,,randomized_2M
807,never_reached_object,action_delay,2,0.0,0.2364647540081676,,randomized_2M
808,never_reached_object,action_delay,2,0.0,0.2364647540081676,,randomized_2M
809,never_reached_object,action_delay,2,0.0,0.2364647540081676,,randomized_2M
810,never_reached_object,action_reversal,2,0.0,0.2364647540081676,,randomized_2M
811,never_reached_object,action_reversal,2,0.0,0.2364647540081676,,randomized_2M
812,never_reached_object,action_reversal,2,0.0,0.2364647540081676,,randomized_2M
813,never_reached_object,action_reversal,2,0.0,0.2364647540081676,,randomized_2M
814,never_reached_object,action_reversal,2,0.0,0.2364647540081676,,randomized_2M
815,never_reached_object,action_reversal,2,0.0,0.2364647540081676,,randomized_2M
816,never_reached_object,action_reversal,2,0.0,0.2364647540081676,,randomized_2M
817,never_reached_object,action_reversal,2,0.0,0.2364647540081676,,randomized_2M
818,never_reached_object,action_reversal,2,0.0,0.2364647540081676,,randomized_2M
819,never_reached_object,action_reversal,2,0.0,0.2364647540081676,,randomized_2M
820,never_reached_object,action_reversal,2,0.0,0.2364647540081676,,randomized_2M
821,never_reached_object,action_reversal,2,0.0,0.2364647540081676,,randomized_2M
822,never_reached_object,action_reversal,2,0.0,0.2364647540081676,,randomized_2M
823,never_reached_object,action_reversal,2,0.0,0.2364647540081676,,randomized_2M
824,never_reached_object,action_reversal,2,0.0,0.2364647540081676,,randomized_2M
825,never_reached_object,action_reversal,2,0.0,0.2364647540081676,,randomized_2M
826,never_reached_object,action_reversal,2,0.0,0.2364647540081676,,randomized_2M
827,never_reached_object,action_reversal,2,0.0,0.2364647540081676,,randomized_2M
828,never_reached_object,action_reversal,2,0.0,0.2364647540081676,,randomized_2M
829,never_reached_object,action_reversal,2,0.0,0.2364647540081676,,randomized_2M
830,never_reached_object,action_reversal,2,0.0,0.2364647540081676,,randomized_2M
831,never_reached_object,action_reversal,2,0.0,0.2364647540081676,,randomized_2M
832,never_reached_object,action_reversal,2,0.0,0.2364647540081676,,randomized_2M
833,never_reached_object,action_reversal,2,0.0,0.2364647540081676,,randomized_2M
834,never_reached_object,action_reversal,2,0.0,0.2364647540081676,,randomized_2M
835,never_reached_object,action_reversal,2,0.0,0.2364647540081676,,randomized_2M
836,never_reached_object,action_reversal,2,0.0,0.2364647540081676,,randomized_2M
837,never_reached_object,action_reversal,2,0.0,0.2364647540081676,,randomized_2M
838,never_reached_object,action_reversal,2,0.0,0.2364647540081676,,randomized_2M
839,never_reached_object,action_reversal,2,0.0,0.2364647540081676,,randomized_2M
840,never_reached_object,goal_spoof_immediate,2,0.0,0.2364647540081676,,randomized_2M
841,never_reached_object,goal_spoof_immediate,2,0.0,0.2364647540081676,,randomized_2M
842,never_reached_object,goal_spoof_immediate,2,0.0,0.2364647540081676,,randomized_2M
843,never_reached_object,goal_spoof_immediate,2,0.0,0.2364647540081676,,randomized_2M
844,reached_but_failed_grasp,goal_spoof_immediate,2,0.0,0.1905336871212867,,randomized_2M
845,reached_but_failed_grasp,goal_spoof_immediate,2,0.0,0.1715461913884495,,randomized_2M
846,never_reached_object,goal_spoof_immediate,2,0.0,0.2364647540081676,,randomized_2M
847,never_reached_object,goal_spoof_immediate,2,0.0,0.2364647540081676,,randomized_2M
848,never_reached_object,goal_spoof_immediate,2,0.0,0.2364647540081676,,randomized_2M
849,never_reached_object,goal_spoof_immediate,2,0.0,0.2364647540081676,,randomized_2M
850,never_reached_object,goal_spoof_immediate,2,0.0,0.2364647540081676,,randomized_2M
851,never_reached_object,goal_spoof_immediate,2,0.0,0.2364647540081676,,randomized_2M
852,reached_but_failed_grasp,goal_spoof_immediate,2,0.0,0.8872180086891844,,randomized_2M
853,reached_but_failed_grasp,goal_spoof_immediate,2,0.0,0.1689822609768727,,randomized_2M
854,never_reached_object,goal_spoof_immediate,2,0.0,0.2364647540081676,,randomized_2M
855,never_reached_object,goal_spoof_immediate,2,0.0,0.2364647540081676,,randomized_2M
856,grasped_but_dropped,goal_spoof_immediate,2,0.0,0.141552115758737,,randomized_2M
857,never_reached_object,goal_spoof_immediate,2,0.0,0.2364647540081676,,randomized_2M
858,never_reached_object,goal_spoof_immediate,2,0.0,0.2364647540081676,,randomized_2M
859,never_reached_object,goal_spoof_immediate,2,0.0,0.2364647540081676,,randomized_2M
860,reached_but_failed_grasp,goal_spoof_immediate,2,0.0,0.6666099436151502,,randomized_2M
861,never_reached_object,goal_spoof_immediate,2,0.0,0.2364647540081676,,randomized_2M
862,never_reached_object,goal_spoof_immediate,2,0.0,0.2364647540081676,,randomized_2M
863,never_reached_object,goal_spoof_immediate,2,0.0,0.2364647540081676,,randomized_2M
864,never_reached_object,goal_spoof_immediate,2,0.0,0.2364647540081676,,randomized_2M
865,grasped_but_dropped,goal_spoof_immediate,2,0.0,0.1566190505991192,,randomized_2M
866,never_reached_object,goal_spoof_immediate,2,0.0,0.2364647540081676,,randomized_2M
867,grasped_but_dropped,goal_spoof_immediate,2,0.0,1.1144802781807226,,randomized_2M
868,never_reached_object,goal_spoof_immediate,2,0.0,0.2364647540081676,,randomized_2M
869,never_reached_object,goal_spoof_immediate,2,0.0,0.2364647540081676,,randomized_2M
870,never_reached_object,goal_spoof_midep,2,0.0,0.2364647540081676,,randomized_2M
871,never_reached_object,goal_spoof_midep,2,0.0,0.2364647540081676,,randomized_2M
872,never_reached_object,goal_spoof_midep,2,0.0,0.2364647540081676,,randomized_2M
873,never_reached_object,goal_spoof_midep,2,0.0,0.2364647540081676,,randomized_2M
874,never_reached_object,goal_spoof_midep,2,0.0,0.2364647540081676,,randomized_2M
875,never_reached_object,goal_spoof_midep,2,0.0,0.2364647540081676,,randomized_2M
876,reached_but_failed_grasp,goal_spoof_midep,2,0.0,0.1435360466940122,,randomized_2M
877,never_reached_object,goal_spoof_midep,2,0.0,0.2364647540081676,,randomized_2M
878,never_reached_object,goal_spoof_midep,2,0.0,0.2364647540081676,,randomized_2M
879,never_reached_object,goal_spoof_midep,2,0.0,0.2364647540081676,,randomized_2M
880,never_reached_object,goal_spoof_midep,2,0.0,0.2364647540081676,,randomized_2M
881,never_reached_object,goal_spoof_midep,2,0.0,0.2364647540081676,,randomized_2M
882,never_reached_object,goal_spoof_midep,2,0.0,0.2364647540081676,,randomized_2M
883,never_reached_object,goal_spoof_midep,2,0.0,0.2364647540081676,,randomized_2M
884,never_reached_object,goal_spoof_midep,2,0.0,0.2364647540081676,,randomized_2M
885,never_reached_object,goal_spoof_midep,2,0.0,0.2364647540081676,,randomized_2M
886,never_reached_object,goal_spoof_midep,2,0.0,0.2364647540081676,,randomized_2M
887,never_reached_object,goal_spoof_midep,2,0.0,0.2364647540081676,,randomized_2M
888,never_reached_object,goal_spoof_midep,2,0.0,0.2364647540081676,,randomized_2M
889,never_reached_object,goal_spoof_midep,2,0.0,0.2364647540081676,,randomized_2M
890,never_reached_object,goal_spoof_midep,2,0.0,0.2364647540081676,,randomized_2M
891,never_reached_object,goal_spoof_midep,2,0.0,0.2364647540081676,,randomized_2M
892,never_reached_object,goal_spoof_midep,2,0.0,0.2364647540081676,,randomized_2M
893,never_reached_object,goal_spoof_midep,2,0.0,0.2364647540081676,,randomized_2M
894,never_reached_object,goal_spoof_midep,2,0.0,0.2364647540081676,,randomized_2M
895,never_reached_object,goal_spoof_midep,2,0.0,0.2364647540081676,,randomized_2M
896,never_reached_object,goal_spoof_midep,2,0.0,0.2364647540081676,,randomized_2M
897,never_reached_object,goal_spoof_midep,2,0.0,0.2364647540081676,,randomized_2M
898,never_reached_object,goal_spoof_midep,2,0.0,0.2364647540081676,,randomized_2M
899,never_reached_object,goal_spoof_midep,2,0.0,0.2364647540081676,,randomized_2M
900,reached_but_failed_grasp,object_pose_spoof,2,0.0,0.1300056868197378,,randomized_2M
901,grasped_but_dropped,object_pose_spoof,2,0.0,0.1255113442558985,,randomized_2M
902,never_reached_object,object_pose_spoof,2,0.0,0.2364647540081676,,randomized_2M
903,never_reached_object,object_pose_spoof,2,0.0,0.2364647540081676,,randomized_2M
904,never_reached_object,object_pose_spoof,2,0.0,0.2364647540081676,,randomized_2M
905,never_reached_object,object_pose_spoof,2,0.0,0.2364647540081676,,randomized_2M
906,reached_but_failed_grasp,object_pose_spoof,2,0.0,0.1902117936616932,,randomized_2M
907,never_reached_object,object_pose_spoof,2,0.0,0.2364647540081676,,randomized_2M
908,never_reached_object,object_pose_spoof,2,0.0,0.2364647540081676,,randomized_2M
909,never_reached_object,object_pose_spoof,2,0.0,0.2364647540081676,,randomized_2M
910,never_reached_object,object_pose_spoof,2,0.0,0.2364647540081676,,randomized_2M
911,never_reached_object,object_pose_spoof,2,0.0,0.2364647540081676,,randomized_2M
912,never_reached_object,object_pose_spoof,2,0.0,0.2364647540081676,,randomized_2M
913,never_reached_object,object_pose_spoof,2,0.0,0.2364647540081676,,randomized_2M
914,never_reached_object,object_pose_spoof,2,0.0,0.2364647540081676,,randomized_2M
915,never_reached_object,object_pose_spoof,2,0.0,0.2364647540081676,,randomized_2M
916,never_reached_object,object_pose_spoof,2,0.0,0.2364647540081676,,randomized_2M
917,never_reached_object,object_pose_spoof,2,0.0,0.2364647540081676,,randomized_2M
918,never_reached_object,object_pose_spoof,2,0.0,0.2364647540081676,,randomized_2M
919,never_reached_object,object_pose_spoof,2,0.0,0.2364647540081676,,randomized_2M
920,never_reached_object,object_pose_spoof,2,0.0,0.2364647540081676,,randomized_2M
921,never_reached_object,object_pose_spoof,2,0.0,0.2364647540081676,,randomized_2M
922,never_reached_object,object_pose_spoof,2,0.0,0.2364647540081676,,randomized_2M
923,never_reached_object,object_pose_spoof,2,0.0,0.2364647540081676,,randomized_2M
924,never_reached_object,object_pose_spoof,2,0.0,0.2364647540081676,,randomized_2M
925,never_reached_object,object_pose_spoof,2,0.0,0.2364647540081676,,randomized_2M
926,never_reached_object,object_pose_spoof,2,0.0,0.2364647540081676,,randomized_2M
927,never_reached_object,object_pose_spoof,2,0.0,0.2364647540081676,,randomized_2M
928,never_reached_object,object_pose_spoof,2,0.0,0.2364647540081676,,randomized_2M
929,never_reached_object,object_pose_spoof,2,0.0,0.2364647540081676,,randomized_2M
930,never_reached_object,grip_state_falsification,2,0.0,0.2364647540081676,,randomized_2M
931,never_reached_object,grip_state_falsification,2,0.0,0.2364647540081676,,randomized_2M
932,never_reached_object,grip_state_falsification,2,0.0,0.2364647540081676,,randomized_2M
933,never_reached_object,grip_state_falsification,2,0.0,0.2364647540081676,,randomized_2M
934,never_reached_object,grip_state_falsification,2,0.0,0.2364647540081676,,randomized_2M
935,never_reached_object,grip_state_falsification,2,0.0,0.2364647540081676,,randomized_2M
936,never_reached_object,grip_state_falsification,2,0.0,0.2364647540081676,,randomized_2M
937,never_reached_object,grip_state_falsification,2,0.0,0.2364647540081676,,randomized_2M
938,never_reached_object,grip_state_falsification,2,0.0,0.2364647540081676,,randomized_2M
939,never_reached_object,grip_state_falsification,2,0.0,0.2364647540081676,,randomized_2M
940,never_reached_object,grip_state_falsification,2,0.0,0.2364647540081676,,randomized_2M
941,never_reached_object,grip_state_falsification,2,0.0,0.2364647540081676,,randomized_2M
942,never_reached_object,grip_state_falsification,2,0.0,0.2364647540081676,,randomized_2M
943,never_reached_object,grip_state_falsification,2,0.0,0.2364647540081676,,randomized_2M
944,never_reached_object,grip_state_falsification,2,0.0,0.2364647540081676,,randomized_2M
945,never_reached_object,grip_state_falsification,2,0.0,0.2364647540081676,,randomized_2M
946,never_reached_object,grip_state_falsification,2,0.0,0.2364647540081676,,randomized_2M
947,never_reached_object,grip_state_falsification,2,0.0,0.2364647540081676,,randomized_2M
948,never_reached_object,grip_state_falsification,2,0.0,0.2364647540081676,,randomized_2M
949,never_reached_object,grip_state_falsification,2,0.0,0.2364647540081676,,randomized_2M
950,never_reached_object,grip_state_falsification,2,0.0,0.2364647540081676,,randomized_2M
951,never_reached_object,grip_state_falsification,2,0.0,0.2364647540081676,,randomized_2M
952,never_reached_object,grip_state_falsification,2,0.0,0.2364647540081676,,randomized_2M
953,never_reached_object,grip_state_falsification,2,0.0,0.2364647540081676,,randomized_2M
954,never_reached_object,grip_state_falsification,2,0.0,0.2364647540081676,,randomized_2M
955,never_reached_object,grip_state_falsification,2,0.0,0.2364647540081676,,randomized_2M
956,never_reached_object,grip_state_falsification,2,0.0,0.2364647540081676,,randomized_2M
957,never_reached_object,grip_state_falsification,2,0.0,0.2364647540081676,,randomized_2M
958,never_reached_object,grip_state_falsification,2,0.0,0.2364647540081676,,randomized_2M
959,never_reached_object,grip_state_falsification,2,0.0,0.2364647540081676,,randomized_2M
960,never_reached_object,contact_dropout,2,0.0,0.2364647540081676,,randomized_2M
961,never_reached_object,contact_dropout,2,0.0,0.2364647540081676,,randomized_2M
962,never_reached_object,contact_dropout,2,0.0,0.2364647540081676,,randomized_2M
963,never_reached_object,contact_dropout,2,0.0,0.2364647540081676,,randomized_2M
964,never_reached_object,contact_dropout,2,0.0,0.2364647540081676,,randomized_2M
965,never_reached_object,contact_dropout,2,0.0,0.2364647540081676,,randomized_2M
966,never_reached_object,contact_dropout,2,0.0,0.2364647540081676,,randomized_2M
967,never_reached_object,contact_dropout,2,0.0,0.2364647540081676,,randomized_2M
968,never_reached_object,contact_dropout,2,0.0,0.2364647540081676,,randomized_2M
969,never_reached_object,contact_dropout,2,0.0,0.2364647540081676,,randomized_2M
970,never_reached_object,contact_dropout,2,0.0,0.2364647540081676,,randomized_2M
971,never_reached_object,contact_dropout,2,0.0,0.2364647540081676,,randomized_2M
972,never_reached_object,contact_dropout,2,0.0,0.2364647540081676,,randomized_2M
973,never_reached_object,contact_dropout,2,0.0,0.2364647540081676,,randomized_2M
974,never_reached_object,contact_dropout,2,0.0,0.2364647540081676,,randomized_2M
975,never_reached_object,contact_dropout,2,0.0,0.2364647540081676,,randomized_2M
976,never_reached_object,contact_dropout,2,0.0,0.2364647540081676,,randomized_2M
977,never_reached_object,contact_dropout,2,0.0,0.2364647540081676,,randomized_2M
978,never_reached_object,contact_dropout,2,0.0,0.2364647540081676,,randomized_2M
979,never_reached_object,contact_dropout,2,0.0,0.2364647540081676,,randomized_2M
980,never_reached_object,contact_dropout,2,0.0,0.2364647540081676,,randomized_2M
981,never_reached_object,contact_dropout,2,0.0,0.2364647540081676,,randomized_2M
982,never_reached_object,contact_dropout,2,0.0,0.2364647540081676,,randomized_2M
983,never_reached_object,contact_dropout,2,0.0,0.2364647540081676,,randomized_2M
984,never_reached_object,contact_dropout,2,0.0,0.2364647540081676,,randomized_2M
985,never_reached_object,contact_dropout,2,0.0,0.2364647540081676,,randomized_2M
986,never_reached_object,contact_dropout,2,0.0,0.2364647540081676,,randomized_2M
987,never_reached_object,contact_dropout,2,0.0,0.2364647540081676,,randomized_2M
988,never_reached_object,contact_dropout,2,0.0,0.2364647540081676,,randomized_2M
989,never_reached_object,contact_dropout,2,0.0,0.2364647540081676,,randomized_2M
990,never_reached_object,clean,3,0.0,0.3213978804705762,,randomized_2M
991,never_reached_object,clean,3,0.0,0.3213978804705762,,randomized_2M
992,never_reached_object,clean,3,0.0,0.3213978804705762,,randomized_2M
993,never_reached_object,clean,3,0.0,0.3213978804705762,,randomized_2M
994,never_reached_object,clean,3,0.0,0.3213978804705762,,randomized_2M
995,never_reached_object,clean,3,0.0,0.3213978804705762,,randomized_2M
996,never_reached_object,clean,3,0.0,0.3213978804705762,,randomized_2M
997,never_reached_object,clean,3,0.0,0.3213978804705762,,randomized_2M
998,never_reached_object,clean,3,0.0,0.3213978804705762,,randomized_2M
999,never_reached_object,clean,3,0.0,0.3213978804705762,,randomized_2M
1000,never_reached_object,clean,3,0.0,0.3213978804705762,,randomized_2M
1001,never_reached_object,clean,3,0.0,0.3213978804705762,,randomized_2M
1002,never_reached_object,clean,3,0.0,0.3213978804705762,,randomized_2M
1003,never_reached_object,clean,3,0.0,0.3213978804705762,,randomized_2M
1004,never_reached_object,clean,3,0.0,0.3213978804705762,,randomized_2M
1005,never_reached_object,clean,3,0.0,0.3213978804705762,,randomized_2M
1006,never_reached_object,clean,3,0.0,0.3213978804705762,,randomized_2M
1007,never_reached_object,clean,3,0.0,0.3213978804705762,,randomized_2M
1008,never_reached_object,clean,3,0.0,0.3213978804705762,,randomized_2M
1009,never_reached_object,clean,3,0.0,0.3213978804705762,,randomized_2M
1010,never_reached_object,clean,3,0.0,0.3213978804705762,,randomized_2M
1011,never_reached_object,clean,3,0.0,0.3213978804705762,,randomized_2M
1012,never_reached_object,clean,3,0.0,0.3213978804705762,,randomized_2M
1013,never_reached_object,clean,3,0.0,0.3213978804705762,,randomized_2M
1014,never_reached_object,clean,3,0.0,0.3213978804705762,,randomized_2M
1015,never_reached_object,clean,3,0.0,0.3213978804705762,,randomized_2M
1016,never_reached_object,clean,3,0.0,0.3213978804705762,,randomized_2M
1017,never_reached_object,clean,3,0.0,0.3213978804705762,,randomized_2M
1018,never_reached_object,clean,3,0.0,0.3213978804705762,,randomized_2M
1019,never_reached_object,clean,3,0.0,0.3213978804705762,,randomized_2M
1020,never_reached_object,sensor_dropout,3,0.0,0.3213978804705762,,randomized_2M
1021,never_reached_object,sensor_dropout,3,0.0,0.3213978804705762,,randomized_2M
1022,never_reached_object,sensor_dropout,3,0.0,0.3213978804705762,,randomized_2M
1023,never_reached_object,sensor_dropout,3,0.0,0.3213978804705762,,randomized_2M
1024,never_reached_object,sensor_dropout,3,0.0,0.3213978804705762,,randomized_2M
1025,never_reached_object,sensor_dropout,3,0.0,0.3213978804705762,,randomized_2M
1026,never_reached_object,sensor_dropout,3,0.0,0.3213978804705762,,randomized_2M
1027,never_reached_object,sensor_dropout,3,0.0,0.3213978804705762,,randomized_2M
1028,never_reached_object,sensor_dropout,3,0.0,0.3213978804705762,,randomized_2M
1029,never_reached_object,sensor_dropout,3,0.0,0.3213978804705762,,randomized_2M
1030,never_reached_object,sensor_dropout,3,0.0,0.3213978804705762,,randomized_2M
1031,never_reached_object,sensor_dropout,3,0.0,0.3213978804705762,,randomized_2M
1032,never_reached_object,sensor_dropout,3,0.0,0.3213978804705762,,randomized_2M
1033,never_reached_object,sensor_dropout,3,0.0,0.3213978804705762,,randomized_2M
1034,never_reached_object,sensor_dropout,3,0.0,0.3213978804705762,,randomized_2M
1035,never_reached_object,sensor_dropout,3,0.0,0.3213978804705762,,randomized_2M
1036,never_reached_object,sensor_dropout,3,0.0,0.3213978804705762,,randomized_2M
1037,never_reached_object,sensor_dropout,3,0.0,0.3213978804705762,,randomized_2M
1038,never_reached_object,sensor_dropout,3,0.0,0.3213978804705762,,randomized_2M
1039,never_reached_object,sensor_dropout,3,0.0,0.3213978804705762,,randomized_2M
1040,never_reached_object,sensor_dropout,3,0.0,0.3213978804705762,,randomized_2M
1041,never_reached_object,sensor_dropout,3,0.0,0.3213978804705762,,randomized_2M
1042,never_reached_object,sensor_dropout,3,0.0,0.3213978804705762,,randomized_2M
1043,never_reached_object,sensor_dropout,3,0.0,0.3213978804705762,,randomized_2M
1044,never_reached_object,sensor_dropout,3,0.0,0.3213978804705762,,randomized_2M
1045,never_reached_object,sensor_dropout,3,0.0,0.3213978804705762,,randomized_2M
1046,never_reached_object,sensor_dropout,3,0.0,0.3213978804705762,,randomized_2M
1047,never_reached_object,sensor_dropout,3,0.0,0.3213978804705762,,randomized_2M
1048,never_reached_object,sensor_dropout,3,0.0,0.3213978804705762,,randomized_2M
1049,never_reached_object,sensor_dropout,3,0.0,0.3213978804705762,,randomized_2M
1050,never_reached_object,sensor_bias,3,0.0,0.3213978804705762,,randomized_2M
1051,never_reached_object,sensor_bias,3,0.0,0.3213978804705762,,randomized_2M
1052,never_reached_object,sensor_bias,3,0.0,0.3213978804705762,,randomized_2M
1053,never_reached_object,sensor_bias,3,0.0,0.3213978804705762,,randomized_2M
1054,never_reached_object,sensor_bias,3,0.0,0.3213978804705762,,randomized_2M
1055,never_reached_object,sensor_bias,3,0.0,0.3213978804705762,,randomized_2M
1056,never_reached_object,sensor_bias,3,0.0,0.3213978804705762,,randomized_2M
1057,never_reached_object,sensor_bias,3,0.0,0.3213978804705762,,randomized_2M
1058,never_reached_object,sensor_bias,3,0.0,0.3213978804705762,,randomized_2M
1059,never_reached_object,sensor_bias,3,0.0,0.3213978804705762,,randomized_2M
1060,never_reached_object,sensor_bias,3,0.0,0.3213978804705762,,randomized_2M
1061,never_reached_object,sensor_bias,3,0.0,0.3213978804705762,,randomized_2M
1062,never_reached_object,sensor_bias,3,0.0,0.3213978804705762,,randomized_2M
1063,never_reached_object,sensor_bias,3,0.0,0.3213978804705762,,randomized_2M
1064,never_reached_object,sensor_bias,3,0.0,0.3213978804705762,,randomized_2M
1065,never_reached_object,sensor_bias,3,0.0,0.3213978804705762,,randomized_2M
1066,never_reached_object,sensor_bias,3,0.0,0.3213978804705762,,randomized_2M
1067,never_reached_object,sensor_bias,3,0.0,0.3213978804705762,,randomized_2M
1068,never_reached_object,sensor_bias,3,0.0,0.3213978804705762,,randomized_2M
1069,never_reached_object,sensor_bias,3,0.0,0.3213978804705762,,randomized_2M
1070,never_reached_object,sensor_bias,3,0.0,0.3213978804705762,,randomized_2M
1071,never_reached_object,sensor_bias,3,0.0,0.3213978804705762,,randomized_2M
1072,never_reached_object,sensor_bias,3,0.0,0.3213978804705762,,randomized_2M
1073,never_reached_object,sensor_bias,3,0.0,0.3213978804705762,,randomized_2M
1074,never_reached_object,sensor_bias,3,0.0,0.3213978804705762,,randomized_2M
1075,never_reached_object,sensor_bias,3,0.0,0.3213978804705762,,randomized_2M
1076,never_reached_object,sensor_bias,3,0.0,0.3213978804705762,,randomized_2M
1077,never_reached_object,sensor_bias,3,0.0,0.3213978804705762,,randomized_2M
1078,never_reached_object,sensor_bias,3,0.0,0.3213978804705762,,randomized_2M
1079,never_reached_object,sensor_bias,3,0.0,0.3213978804705762,,randomized_2M
1080,never_reached_object,action_clipping,3,0.0,0.3213978804705762,,randomized_2M
1081,never_reached_object,action_clipping,3,0.0,0.3213978804705762,,randomized_2M
1082,never_reached_object,action_clipping,3,0.0,0.3213978804705762,,randomized_2M
1083,never_reached_object,action_clipping,3,0.0,0.3213978804705762,,randomized_2M
1084,never_reached_object,action_clipping,3,0.0,0.3213978804705762,,randomized_2M
1085,never_reached_object,action_clipping,3,0.0,0.3213978804705762,,randomized_2M
1086,never_reached_object,action_clipping,3,0.0,0.3213978804705762,,randomized_2M
1087,never_reached_object,action_clipping,3,0.0,0.3213978804705762,,randomized_2M
1088,never_reached_object,action_clipping,3,0.0,0.3213978804705762,,randomized_2M
1089,never_reached_object,action_clipping,3,0.0,0.3213978804705762,,randomized_2M
1090,never_reached_object,action_clipping,3,0.0,0.3213978804705762,,randomized_2M
1091,never_reached_object,action_clipping,3,0.0,0.3213978804705762,,randomized_2M
1092,never_reached_object,action_clipping,3,0.0,0.3213978804705762,,randomized_2M
1093,never_reached_object,action_clipping,3,0.0,0.3213978804705762,,randomized_2M
1094,never_reached_object,action_clipping,3,0.0,0.3213978804705762,,randomized_2M
1095,never_reached_object,action_clipping,3,0.0,0.3213978804705762,,randomized_2M
1096,never_reached_object,action_clipping,3,0.0,0.3213978804705762,,randomized_2M
1097,never_reached_object,action_clipping,3,0.0,0.3213978804705762,,randomized_2M
1098,never_reached_object,action_clipping,3,0.0,0.3213978804705762,,randomized_2M
1099,never_reached_object,action_clipping,3,0.0,0.3213978804705762,,randomized_2M
1100,never_reached_object,action_clipping,3,0.0,0.3213978804705762,,randomized_2M
1101,never_reached_object,action_clipping,3,0.0,0.3213978804705762,,randomized_2M
1102,never_reached_object,action_clipping,3,0.0,0.3213978804705762,,randomized_2M
1103,never_reached_object,action_clipping,3,0.0,0.3213978804705762,,randomized_2M
1104,never_reached_object,action_clipping,3,0.0,0.3213978804705762,,randomized_2M
1105,never_reached_object,action_clipping,3,0.0,0.3213978804705762,,randomized_2M
1106,never_reached_object,action_clipping,3,0.0,0.3213978804705762,,randomized_2M
1107,never_reached_object,action_clipping,3,0.0,0.3213978804705762,,randomized_2M
1108,never_reached_object,action_clipping,3,0.0,0.3213978804705762,,randomized_2M
1109,never_reached_object,action_clipping,3,0.0,0.3213978804705762,,randomized_2M
1110,never_reached_object,action_delay,3,0.0,0.3213978804705762,,randomized_2M
1111,never_reached_object,action_delay,3,0.0,0.3213978804705762,,randomized_2M
1112,never_reached_object,action_delay,3,0.0,0.3213978804705762,,randomized_2M
1113,never_reached_object,action_delay,3,0.0,0.3213978804705762,,randomized_2M
1114,never_reached_object,action_delay,3,0.0,0.3213978804705762,,randomized_2M
1115,never_reached_object,action_delay,3,0.0,0.3213978804705762,,randomized_2M
1116,never_reached_object,action_delay,3,0.0,0.3213978804705762,,randomized_2M
1117,never_reached_object,action_delay,3,0.0,0.3213978804705762,,randomized_2M
1118,never_reached_object,action_delay,3,0.0,0.3213978804705762,,randomized_2M
1119,never_reached_object,action_delay,3,0.0,0.3213978804705762,,randomized_2M
1120,never_reached_object,action_delay,3,0.0,0.3213978804705762,,randomized_2M
1121,never_reached_object,action_delay,3,0.0,0.3213978804705762,,randomized_2M
1122,never_reached_object,action_delay,3,0.0,0.3213978804705762,,randomized_2M
1123,never_reached_object,action_delay,3,0.0,0.3213978804705762,,randomized_2M
1124,never_reached_object,action_delay,3,0.0,0.3213978804705762,,randomized_2M
1125,never_reached_object,action_delay,3,0.0,0.3213978804705762,,randomized_2M
1126,never_reached_object,action_delay,3,0.0,0.3213978804705762,,randomized_2M
1127,never_reached_object,action_delay,3,0.0,0.3213978804705762,,randomized_2M
1128,never_reached_object,action_delay,3,0.0,0.3213978804705762,,randomized_2M
1129,never_reached_object,action_delay,3,0.0,0.3213978804705762,,randomized_2M
1130,never_reached_object,action_delay,3,0.0,0.3213978804705762,,randomized_2M
1131,never_reached_object,action_delay,3,0.0,0.3213978804705762,,randomized_2M
1132,never_reached_object,action_delay,3,0.0,0.3213978804705762,,randomized_2M
1133,never_reached_object,action_delay,3,0.0,0.3213978804705762,,randomized_2M
1134,never_reached_object,action_delay,3,0.0,0.3213978804705762,,randomized_2M
1135,never_reached_object,action_delay,3,0.0,0.3213978804705762,,randomized_2M
1136,never_reached_object,action_delay,3,0.0,0.3213978804705762,,randomized_2M
1137,never_reached_object,action_delay,3,0.0,0.3213978804705762,,randomized_2M
1138,never_reached_object,action_delay,3,0.0,0.3213978804705762,,randomized_2M
1139,never_reached_object,action_delay,3,0.0,0.3213978804705762,,randomized_2M
1140,reached_but_failed_grasp,action_reversal,3,0.0,0.9199222245098448,,randomized_2M
1141,reached_but_failed_grasp,action_reversal,3,0.0,0.9199222245098448,,randomized_2M
1142,reached_but_failed_grasp,action_reversal,3,0.0,0.9199222245098448,,randomized_2M
1143,reached_but_failed_grasp,action_reversal,3,0.0,0.9199222245098448,,randomized_2M
1144,reached_but_failed_grasp,action_reversal,3,0.0,0.9199222245098448,,randomized_2M
1145,reached_but_failed_grasp,action_reversal,3,0.0,0.9199222245098448,,randomized_2M
1146,reached_but_failed_grasp,action_reversal,3,0.0,0.9199222245098448,,randomized_2M
1147,reached_but_failed_grasp,action_reversal,3,0.0,0.9199222245098448,,randomized_2M
1148,reached_but_failed_grasp,action_reversal,3,0.0,0.9199222245098448,,randomized_2M
1149,reached_but_failed_grasp,action_reversal,3,0.0,0.9199222245098448,,randomized_2M
1150,reached_but_failed_grasp,action_reversal,3,0.0,0.9199222245098448,,randomized_2M
1151,reached_but_failed_grasp,action_reversal,3,0.0,0.9199222245098448,,randomized_2M
1152,reached_but_failed_grasp,action_reversal,3,0.0,0.9199222245098448,,randomized_2M
1153,reached_but_failed_grasp,action_reversal,3,0.0,0.9199222245098448,,randomized_2M
1154,reached_but_failed_grasp,action_reversal,3,0.0,0.9199222245098448,,randomized_2M
1155,reached_but_failed_grasp,action_reversal,3,0.0,0.9199222245098448,,randomized_2M
1156,reached_but_failed_grasp,action_reversal,3,0.0,0.9199222245098448,,randomized_2M
1157,reached_but_failed_grasp,action_reversal,3,0.0,0.9199222245098448,,randomized_2M
1158,reached_but_failed_grasp,action_reversal,3,0.0,0.9199222245098448,,randomized_2M
1159,reached_but_failed_grasp,action_reversal,3,0.0,0.9199222245098448,,randomized_2M
1160,reached_but_failed_grasp,action_reversal,3,0.0,0.9199222245098448,,randomized_2M
1161,reached_but_failed_grasp,action_reversal,3,0.0,0.9199222245098448,,randomized_2M
1162,reached_but_failed_grasp,action_reversal,3,0.0,0.9199222245098448,,randomized_2M
1163,reached_but_failed_grasp,action_reversal,3,0.0,0.9199222245098448,,randomized_2M
1164,reached_but_failed_grasp,action_reversal,3,0.0,0.9199222245098448,,randomized_2M
1165,reached_but_failed_grasp,action_reversal,3,0.0,0.9199222245098448,,randomized_2M
1166,reached_but_failed_grasp,action_reversal,3,0.0,0.9199222245098448,,randomized_2M
1167,reached_but_failed_grasp,action_reversal,3,0.0,0.9199222245098448,,randomized_2M
1168,reached_but_failed_grasp,action_reversal,3,0.0,0.9199222245098448,,randomized_2M
1169,reached_but_failed_grasp,action_reversal,3,0.0,0.9199222245098448,,randomized_2M
1170,never_reached_object,goal_spoof_immediate,3,0.0,0.3213978804705762,,randomized_2M
1171,never_reached_object,goal_spoof_immediate,3,0.0,0.3213978804705762,,randomized_2M
1172,never_reached_object,goal_spoof_immediate,3,0.0,0.3213978804705762,,randomized_2M
1173,never_reached_object,goal_spoof_immediate,3,0.0,0.3213978804705762,,randomized_2M
1174,never_reached_object,goal_spoof_immediate,3,0.0,0.3213978804705762,,randomized_2M
1175,never_reached_object,goal_spoof_immediate,3,0.0,0.3213978804705762,,randomized_2M
1176,never_reached_object,goal_spoof_immediate,3,0.0,0.3213978804705762,,randomized_2M
1177,never_reached_object,goal_spoof_immediate,3,0.0,0.3213978804705762,,randomized_2M
1178,never_reached_object,goal_spoof_immediate,3,0.0,0.3213978804705762,,randomized_2M
1179,never_reached_object,goal_spoof_immediate,3,0.0,0.3213978804705762,,randomized_2M
1180,never_reached_object,goal_spoof_immediate,3,0.0,0.3213978804705762,,randomized_2M
1181,never_reached_object,goal_spoof_immediate,3,0.0,0.3213978804705762,,randomized_2M
1182,never_reached_object,goal_spoof_immediate,3,0.0,0.3213978804705762,,randomized_2M
1183,never_reached_object,goal_spoof_immediate,3,0.0,0.3213978804705762,,randomized_2M
1184,never_reached_object,goal_spoof_immediate,3,0.0,0.3213978804705762,,randomized_2M
1185,never_reached_object,goal_spoof_immediate,3,0.0,0.3213978804705762,,randomized_2M
1186,never_reached_object,goal_spoof_immediate,3,0.0,0.3213978804705762,,randomized_2M
1187,never_reached_object,goal_spoof_immediate,3,0.0,0.3213978804705762,,randomized_2M
1188,never_reached_object,goal_spoof_immediate,3,0.0,0.3213978804705762,,randomized_2M
1189,never_reached_object,goal_spoof_immediate,3,0.0,0.3213978804705762,,randomized_2M
1190,never_reached_object,goal_spoof_immediate,3,0.0,0.3213978804705762,,randomized_2M
1191,never_reached_object,goal_spoof_immediate,3,0.0,0.3213978804705762,,randomized_2M
1192,never_reached_object,goal_spoof_immediate,3,0.0,0.3213978804705762,,randomized_2M
1193,never_reached_object,goal_spoof_immediate,3,0.0,0.3213978804705762,,randomized_2M
1194,never_reached_object,goal_spoof_immediate,3,0.0,0.3213978804705762,,randomized_2M
1195,never_reached_object,goal_spoof_immediate,3,0.0,0.3213978804705762,,randomized_2M
1196,never_reached_object,goal_spoof_immediate,3,0.0,0.3213978804705762,,randomized_2M
1197,never_reached_object,goal_spoof_immediate,3,0.0,0.3213978804705762,,randomized_2M
1198,never_reached_object,goal_spoof_immediate,3,0.0,0.3213978804705762,,randomized_2M
1199,never_reached_object,goal_spoof_immediate,3,0.0,0.3213978804705762,,randomized_2M
1200,never_reached_object,goal_spoof_midep,3,0.0,0.3213978804705762,,randomized_2M
1201,never_reached_object,goal_spoof_midep,3,0.0,0.3213978804705762,,randomized_2M
1202,never_reached_object,goal_spoof_midep,3,0.0,0.3213978804705762,,randomized_2M
1203,never_reached_object,goal_spoof_midep,3,0.0,0.3213978804705762,,randomized_2M
1204,never_reached_object,goal_spoof_midep,3,0.0,0.3213978804705762,,randomized_2M
1205,never_reached_object,goal_spoof_midep,3,0.0,0.3213978804705762,,randomized_2M
1206,never_reached_object,goal_spoof_midep,3,0.0,0.3213978804705762,,randomized_2M
1207,never_reached_object,goal_spoof_midep,3,0.0,0.3213978804705762,,randomized_2M
1208,never_reached_object,goal_spoof_midep,3,0.0,0.3213978804705762,,randomized_2M
1209,never_reached_object,goal_spoof_midep,3,0.0,0.3213978804705762,,randomized_2M
1210,never_reached_object,goal_spoof_midep,3,0.0,0.3213978804705762,,randomized_2M
1211,never_reached_object,goal_spoof_midep,3,0.0,0.3213978804705762,,randomized_2M
1212,never_reached_object,goal_spoof_midep,3,0.0,0.3213978804705762,,randomized_2M
1213,never_reached_object,goal_spoof_midep,3,0.0,0.3213978804705762,,randomized_2M
1214,never_reached_object,goal_spoof_midep,3,0.0,0.3213978804705762,,randomized_2M
1215,never_reached_object,goal_spoof_midep,3,0.0,0.3213978804705762,,randomized_2M
1216,never_reached_object,goal_spoof_midep,3,0.0,0.3213978804705762,,randomized_2M
1217,never_reached_object,goal_spoof_midep,3,0.0,0.3213978804705762,,randomized_2M
1218,never_reached_object,goal_spoof_midep,3,0.0,0.3213978804705762,,randomized_2M
1219,never_reached_object,goal_spoof_midep,3,0.0,0.3213978804705762,,randomized_2M
1220,never_reached_object,goal_spoof_midep,3,0.0,0.3213978804705762,,randomized_2M
1221,never_reached_object,goal_spoof_midep,3,0.0,0.3213978804705762,,randomized_2M
1222,never_reached_object,goal_spoof_midep,3,0.0,0.3213978804705762,,randomized_2M
1223,never_reached_object,goal_spoof_midep,3,0.0,0.3213978804705762,,randomized_2M
1224,never_reached_object,goal_spoof_midep,3,0.0,0.3213978804705762,,randomized_2M
1225,never_reached_object,goal_spoof_midep,3,0.0,0.3213978804705762,,randomized_2M
1226,never_reached_object,goal_spoof_midep,3,0.0,0.3213978804705762,,randomized_2M
1227,never_reached_object,goal_spoof_midep,3,0.0,0.3213978804705762,,randomized_2M
1228,never_reached_object,goal_spoof_midep,3,0.0,0.3213978804705762,,randomized_2M
1229,never_reached_object,goal_spoof_midep,3,0.0,0.3213978804705762,,randomized_2M
1230,never_reached_object,object_pose_spoof,3,0.0,0.3213978804705762,,randomized_2M
1231,never_reached_object,object_pose_spoof,3,0.0,0.3213978804705762,,randomized_2M
1232,never_reached_object,object_pose_spoof,3,0.0,0.3213978804705762,,randomized_2M
1233,never_reached_object,object_pose_spoof,3,0.0,0.3213978804705762,,randomized_2M
1234,never_reached_object,object_pose_spoof,3,0.0,0.3213978804705762,,randomized_2M
1235,never_reached_object,object_pose_spoof,3,0.0,0.3213978804705762,,randomized_2M
1236,never_reached_object,object_pose_spoof,3,0.0,0.3213978804705762,,randomized_2M
1237,never_reached_object,object_pose_spoof,3,0.0,0.3213978804705762,,randomized_2M
1238,never_reached_object,object_pose_spoof,3,0.0,0.3213978804705762,,randomized_2M
1239,never_reached_object,object_pose_spoof,3,0.0,0.3213978804705762,,randomized_2M
1240,never_reached_object,object_pose_spoof,3,0.0,0.3213978804705762,,randomized_2M
1241,never_reached_object,object_pose_spoof,3,0.0,0.3213978804705762,,randomized_2M
1242,never_reached_object,object_pose_spoof,3,0.0,0.3213978804705762,,randomized_2M
1243,never_reached_object,object_pose_spoof,3,0.0,0.3213978804705762,,randomized_2M
1244,never_reached_object,object_pose_spoof,3,0.0,0.3213978804705762,,randomized_2M
1245,never_reached_object,object_pose_spoof,3,0.0,0.3213978804705762,,randomized_2M
1246,never_reached_object,object_pose_spoof,3,0.0,0.3213978804705762,,randomized_2M
1247,never_reached_object,object_pose_spoof,3,0.0,0.3213978804705762,,randomized_2M
1248,never_reached_object,object_pose_spoof,3,0.0,0.3213978804705762,,randomized_2M
1249,never_reached_object,object_pose_spoof,3,0.0,0.3213978804705762,,randomized_2M
1250,never_reached_object,object_pose_spoof,3,0.0,0.3213978804705762,,randomized_2M
1251,never_reached_object,object_pose_spoof,3,0.0,0.3213978804705762,,randomized_2M
1252,never_reached_object,object_pose_spoof,3,0.0,0.3213978804705762,,randomized_2M
1253,never_reached_object,object_pose_spoof,3,0.0,0.3213978804705762,,randomized_2M
1254,never_reached_object,object_pose_spoof,3,0.0,0.3213978804705762,,randomized_2M
1255,never_reached_object,object_pose_spoof,3,0.0,0.3213978804705762,,randomized_2M
1256,never_reached_object,object_pose_spoof,3,0.0,0.3213978804705762,,randomized_2M
1257,never_reached_object,object_pose_spoof,3,0.0,0.3213978804705762,,randomized_2M
1258,never_reached_object,object_pose_spoof,3,0.0,0.3213978804705762,,randomized_2M
1259,never_reached_object,object_pose_spoof,3,0.0,0.3213978804705762,,randomized_2M
1260,never_reached_object,grip_state_falsification,3,0.0,0.3213978804705762,,randomized_2M
1261,never_reached_object,grip_state_falsification,3,0.0,0.3213978804705762,,randomized_2M
1262,never_reached_object,grip_state_falsification,3,0.0,0.3213978804705762,,randomized_2M
1263,never_reached_object,grip_state_falsification,3,0.0,0.3213978804705762,,randomized_2M
1264,never_reached_object,grip_state_falsification,3,0.0,0.3213978804705762,,randomized_2M
1265,never_reached_object,grip_state_falsification,3,0.0,0.3213978804705762,,randomized_2M
1266,never_reached_object,grip_state_falsification,3,0.0,0.3213978804705762,,randomized_2M
1267,never_reached_object,grip_state_falsification,3,0.0,0.3213978804705762,,randomized_2M
1268,never_reached_object,grip_state_falsification,3,0.0,0.3213978804705762,,randomized_2M
1269,never_reached_object,grip_state_falsification,3,0.0,0.3213978804705762,,randomized_2M
1270,never_reached_object,grip_state_falsification,3,0.0,0.3213978804705762,,randomized_2M
1271,never_reached_object,grip_state_falsification,3,0.0,0.3213978804705762,,randomized_2M
1272,never_reached_object,grip_state_falsification,3,0.0,0.3213978804705762,,randomized_2M
1273,never_reached_object,grip_state_falsification,3,0.0,0.3213978804705762,,randomized_2M
1274,never_reached_object,grip_state_falsification,3,0.0,0.3213978804705762,,randomized_2M
1275,never_reached_object,grip_state_falsification,3,0.0,0.3213978804705762,,randomized_2M
1276,never_reached_object,grip_state_falsification,3,0.0,0.3213978804705762,,randomized_2M
1277,never_reached_object,grip_state_falsification,3,0.0,0.3213978804705762,,randomized_2M
1278,never_reached_object,grip_state_falsification,3,0.0,0.3213978804705762,,randomized_2M
1279,never_reached_object,grip_state_falsification,3,0.0,0.3213978804705762,,randomized_2M
1280,never_reached_object,grip_state_falsification,3,0.0,0.3213978804705762,,randomized_2M
1281,never_reached_object,grip_state_falsification,3,0.0,0.3213978804705762,,randomized_2M
1282,never_reached_object,grip_state_falsification,3,0.0,0.3213978804705762,,randomized_2M
1283,never_reached_object,grip_state_falsification,3,0.0,0.3213978804705762,,randomized_2M
1284,never_reached_object,grip_state_falsification,3,0.0,0.3213978804705762,,randomized_2M
1285,never_reached_object,grip_state_falsification,3,0.0,0.3213978804705762,,randomized_2M
1286,never_reached_object,grip_state_falsification,3,0.0,0.3213978804705762,,randomized_2M
1287,never_reached_object,grip_state_falsification,3,0.0,0.3213978804705762,,randomized_2M
1288,never_reached_object,grip_state_falsification,3,0.0,0.3213978804705762,,randomized_2M
1289,never_reached_object,grip_state_falsification,3,0.0,0.3213978804705762,,randomized_2M
1290,never_reached_object,contact_dropout,3,0.0,0.3213978804705762,,randomized_2M
1291,never_reached_object,contact_dropout,3,0.0,0.3213978804705762,,randomized_2M
1292,never_reached_object,contact_dropout,3,0.0,0.3213978804705762,,randomized_2M
1293,never_reached_object,contact_dropout,3,0.0,0.3213978804705762,,randomized_2M
1294,never_reached_object,contact_dropout,3,0.0,0.3213978804705762,,randomized_2M
1295,never_reached_object,contact_dropout,3,0.0,0.3213978804705762,,randomized_2M
1296,never_reached_object,contact_dropout,3,0.0,0.3213978804705762,,randomized_2M
1297,never_reached_object,contact_dropout,3,0.0,0.3213978804705762,,randomized_2M
1298,never_reached_object,contact_dropout,3,0.0,0.3213978804705762,,randomized_2M
1299,never_reached_object,contact_dropout,3,0.0,0.3213978804705762,,randomized_2M
1300,never_reached_object,contact_dropout,3,0.0,0.3213978804705762,,randomized_2M
1301,never_reached_object,contact_dropout,3,0.0,0.3213978804705762,,randomized_2M
1302,never_reached_object,contact_dropout,3,0.0,0.3213978804705762,,randomized_2M
1303,never_reached_object,contact_dropout,3,0.0,0.3213978804705762,,randomized_2M
1304,never_reached_object,contact_dropout,3,0.0,0.3213978804705762,,randomized_2M
1305,never_reached_object,contact_dropout,3,0.0,0.3213978804705762,,randomized_2M
1306,never_reached_object,contact_dropout,3,0.0,0.3213978804705762,,randomized_2M
1307,never_reached_object,contact_dropout,3,0.0,0.3213978804705762,,randomized_2M
1308,never_reached_object,contact_dropout,3,0.0,0.3213978804705762,,randomized_2M
1309,never_reached_object,contact_dropout,3,0.0,0.3213978804705762,,randomized_2M
1310,never_reached_object,contact_dropout,3,0.0,0.3213978804705762,,randomized_2M
1311,never_reached_object,contact_dropout,3,0.0,0.3213978804705762,,randomized_2M
1312,never_reached_object,contact_dropout,3,0.0,0.3213978804705762,,randomized_2M
1313,never_reached_object,contact_dropout,3,0.0,0.3213978804705762,,randomized_2M
1314,never_reached_object,contact_dropout,3,0.0,0.3213978804705762,,randomized_2M
1315,never_reached_object,contact_dropout,3,0.0,0.3213978804705762,,randomized_2M
1316,never_reached_object,contact_dropout,3,0.0,0.3213978804705762,,randomized_2M
1317,never_reached_object,contact_dropout,3,0.0,0.3213978804705762,,randomized_2M
1318,never_reached_object,contact_dropout,3,0.0,0.3213978804705762,,randomized_2M
1319,never_reached_object,contact_dropout,3,0.0,0.3213978804705762,,randomized_2M
1320,never_reached_object,clean,4,0.0,0.3833991408667048,,randomized_2M
1321,never_reached_object,clean,4,0.0,0.3833991408667048,,randomized_2M
1322,never_reached_object,clean,4,0.0,0.3833991408667048,,randomized_2M
1323,never_reached_object,clean,4,0.0,0.3833991408667048,,randomized_2M
1324,never_reached_object,clean,4,0.0,0.3833991408667048,,randomized_2M
1325,never_reached_object,clean,4,0.0,0.3833991408667048,,randomized_2M
1326,never_reached_object,clean,4,0.0,0.3833991408667048,,randomized_2M
1327,never_reached_object,clean,4,0.0,0.3833991408667048,,randomized_2M
1328,never_reached_object,clean,4,0.0,0.3833991408667048,,randomized_2M
1329,never_reached_object,clean,4,0.0,0.3833991408667048,,randomized_2M
1330,never_reached_object,clean,4,0.0,0.3833991408667048,,randomized_2M
1331,never_reached_object,clean,4,0.0,0.3833991408667048,,randomized_2M
1332,never_reached_object,clean,4,0.0,0.3833991408667048,,randomized_2M
1333,never_reached_object,clean,4,0.0,0.3833991408667048,,randomized_2M
1334,never_reached_object,clean,4,0.0,0.3833991408667048,,randomized_2M
1335,never_reached_object,clean,4,0.0,0.3833991408667048,,randomized_2M
1336,never_reached_object,clean,4,0.0,0.3833991408667048,,randomized_2M
1337,never_reached_object,clean,4,0.0,0.3833991408667048,,randomized_2M
1338,never_reached_object,clean,4,0.0,0.3833991408667048,,randomized_2M
1339,never_reached_object,clean,4,0.0,0.3833991408667048,,randomized_2M
1340,never_reached_object,clean,4,0.0,0.3833991408667048,,randomized_2M
1341,never_reached_object,clean,4,0.0,0.3833991408667048,,randomized_2M
1342,never_reached_object,clean,4,0.0,0.3833991408667048,,randomized_2M
1343,never_reached_object,clean,4,0.0,0.3833991408667048,,randomized_2M
1344,never_reached_object,clean,4,0.0,0.3833991408667048,,randomized_2M
1345,never_reached_object,clean,4,0.0,0.3833991408667048,,randomized_2M
1346,never_reached_object,clean,4,0.0,0.3833991408667048,,randomized_2M
1347,never_reached_object,clean,4,0.0,0.3833991408667048,,randomized_2M
1348,never_reached_object,clean,4,0.0,0.3833991408667048,,randomized_2M
1349,never_reached_object,clean,4,0.0,0.3833991408667048,,randomized_2M
1350,never_reached_object,sensor_dropout,4,0.0,0.3833991408667048,,randomized_2M
1351,never_reached_object,sensor_dropout,4,0.0,0.3833991408667048,,randomized_2M
1352,never_reached_object,sensor_dropout,4,0.0,0.3833991408667048,,randomized_2M
1353,never_reached_object,sensor_dropout,4,0.0,0.3833991408667048,,randomized_2M
1354,never_reached_object,sensor_dropout,4,0.0,0.3833991408667048,,randomized_2M
1355,never_reached_object,sensor_dropout,4,0.0,0.3833991408667048,,randomized_2M
1356,never_reached_object,sensor_dropout,4,0.0,0.3833991408667048,,randomized_2M
1357,never_reached_object,sensor_dropout,4,0.0,0.3833991408667048,,randomized_2M
1358,never_reached_object,sensor_dropout,4,0.0,0.3833991408667048,,randomized_2M
1359,never_reached_object,sensor_dropout,4,0.0,0.3833991408667048,,randomized_2M
1360,never_reached_object,sensor_dropout,4,0.0,0.3833991408667048,,randomized_2M
1361,never_reached_object,sensor_dropout,4,0.0,0.3833991408667048,,randomized_2M
1362,never_reached_object,sensor_dropout,4,0.0,0.3833991408667048,,randomized_2M
1363,never_reached_object,sensor_dropout,4,0.0,0.3833991408667048,,randomized_2M
1364,never_reached_object,sensor_dropout,4,0.0,0.3833991408667048,,randomized_2M
1365,never_reached_object,sensor_dropout,4,0.0,0.3833991408667048,,randomized_2M
1366,never_reached_object,sensor_dropout,4,0.0,0.3833991408667048,,randomized_2M
1367,never_reached_object,sensor_dropout,4,0.0,0.3833991408667048,,randomized_2M
1368,never_reached_object,sensor_dropout,4,0.0,0.3833991408667048,,randomized_2M
1369,never_reached_object,sensor_dropout,4,0.0,0.3833991408667048,,randomized_2M
1370,never_reached_object,sensor_dropout,4,0.0,0.3833991408667048,,randomized_2M
1371,never_reached_object,sensor_dropout,4,0.0,0.3833991408667048,,randomized_2M
1372,never_reached_object,sensor_dropout,4,0.0,0.3833991408667048,,randomized_2M
1373,never_reached_object,sensor_dropout,4,0.0,0.3833991408667048,,randomized_2M
1374,never_reached_object,sensor_dropout,4,0.0,0.3833991408667048,,randomized_2M
1375,never_reached_object,sensor_dropout,4,0.0,0.3833991408667048,,randomized_2M
1376,never_reached_object,sensor_dropout,4,0.0,0.3833991408667048,,randomized_2M
1377,never_reached_object,sensor_dropout,4,0.0,0.3833991408667048,,randomized_2M
1378,never_reached_object,sensor_dropout,4,0.0,0.3833991408667048,,randomized_2M
1379,never_reached_object,sensor_dropout,4,0.0,0.3833991408667048,,randomized_2M
1380,never_reached_object,sensor_bias,4,0.0,0.3833991408667048,,randomized_2M
1381,never_reached_object,sensor_bias,4,0.0,0.3833991408667048,,randomized_2M
1382,never_reached_object,sensor_bias,4,0.0,0.3833991408667048,,randomized_2M
1383,never_reached_object,sensor_bias,4,0.0,0.3833991408667048,,randomized_2M
1384,never_reached_object,sensor_bias,4,0.0,0.3833991408667048,,randomized_2M
1385,never_reached_object,sensor_bias,4,0.0,0.3833991408667048,,randomized_2M
1386,never_reached_object,sensor_bias,4,0.0,0.3833991408667048,,randomized_2M
1387,never_reached_object,sensor_bias,4,0.0,0.3833991408667048,,randomized_2M
1388,never_reached_object,sensor_bias,4,0.0,0.3833991408667048,,randomized_2M
1389,never_reached_object,sensor_bias,4,0.0,0.3833991408667048,,randomized_2M
1390,never_reached_object,sensor_bias,4,0.0,0.3833991408667048,,randomized_2M
1391,never_reached_object,sensor_bias,4,0.0,0.3833991408667048,,randomized_2M
1392,never_reached_object,sensor_bias,4,0.0,0.3690593265808262,,randomized_2M
1393,never_reached_object,sensor_bias,4,0.0,0.3833991408667048,,randomized_2M
1394,never_reached_object,sensor_bias,4,0.0,0.3833991408667048,,randomized_2M
1395,never_reached_object,sensor_bias,4,0.0,0.3833991408667048,,randomized_2M
1396,never_reached_object,sensor_bias,4,0.0,0.3833991408667048,,randomized_2M
1397,never_reached_object,sensor_bias,4,0.0,0.3833991408667048,,randomized_2M
1398,never_reached_object,sensor_bias,4,0.0,0.3833991408667048,,randomized_2M
1399,never_reached_object,sensor_bias,4,0.0,0.3833991408667048,,randomized_2M
1400,never_reached_object,sensor_bias,4,0.0,0.3833991408667048,,randomized_2M
1401,never_reached_object,sensor_bias,4,0.0,0.3833991408667048,,randomized_2M
1402,never_reached_object,sensor_bias,4,0.0,0.3833991408667048,,randomized_2M
1403,never_reached_object,sensor_bias,4,0.0,0.3833991408667048,,randomized_2M
1404,never_reached_object,sensor_bias,4,0.0,0.3833991408667048,,randomized_2M
1405,never_reached_object,sensor_bias,4,0.0,0.3833991408667048,,randomized_2M
1406,never_reached_object,sensor_bias,4,0.0,0.3833991408667048,,randomized_2M
1407,never_reached_object,sensor_bias,4,0.0,0.3833991408667048,,randomized_2M
1408,never_reached_object,sensor_bias,4,0.0,0.3833991408667048,,randomized_2M
1409,never_reached_object,sensor_bias,4,0.0,0.3833991408667048,,randomized_2M
1410,never_reached_object,action_clipping,4,0.0,0.3833991408667048,,randomized_2M
1411,never_reached_object,action_clipping,4,0.0,0.3833991408667048,,randomized_2M
1412,never_reached_object,action_clipping,4,0.0,0.3833991408667048,,randomized_2M
1413,never_reached_object,action_clipping,4,0.0,0.3833991408667048,,randomized_2M
1414,never_reached_object,action_clipping,4,0.0,0.3833991408667048,,randomized_2M
1415,never_reached_object,action_clipping,4,0.0,0.3833991408667048,,randomized_2M
1416,never_reached_object,action_clipping,4,0.0,0.3833991408667048,,randomized_2M
1417,never_reached_object,action_clipping,4,0.0,0.3833991408667048,,randomized_2M
1418,never_reached_object,action_clipping,4,0.0,0.3833991408667048,,randomized_2M
1419,never_reached_object,action_clipping,4,0.0,0.3833991408667048,,randomized_2M
1420,never_reached_object,action_clipping,4,0.0,0.3833991408667048,,randomized_2M
1421,never_reached_object,action_clipping,4,0.0,0.3833991408667048,,randomized_2M
1422,never_reached_object,action_clipping,4,0.0,0.3833991408667048,,randomized_2M
1423,never_reached_object,action_clipping,4,0.0,0.3833991408667048,,randomized_2M
1424,never_reached_object,action_clipping,4,0.0,0.3833991408667048,,randomized_2M
1425,never_reached_object,action_clipping,4,0.0,0.3833991408667048,,randomized_2M
1426,never_reached_object,action_clipping,4,0.0,0.3833991408667048,,randomized_2M
1427,never_reached_object,action_clipping,4,0.0,0.3833991408667048,,randomized_2M
1428,never_reached_object,action_clipping,4,0.0,0.3833991408667048,,randomized_2M
1429,never_reached_object,action_clipping,4,0.0,0.3833991408667048,,randomized_2M
1430,never_reached_object,action_clipping,4,0.0,0.3833991408667048,,randomized_2M
1431,never_reached_object,action_clipping,4,0.0,0.3833991408667048,,randomized_2M
1432,never_reached_object,action_clipping,4,0.0,0.3833991408667048,,randomized_2M
1433,never_reached_object,action_clipping,4,0.0,0.3833991408667048,,randomized_2M
1434,never_reached_object,action_clipping,4,0.0,0.3833991408667048,,randomized_2M
1435,never_reached_object,action_clipping,4,0.0,0.3833991408667048,,randomized_2M
1436,never_reached_object,action_clipping,4,0.0,0.3833991408667048,,randomized_2M
1437,never_reached_object,action_clipping,4,0.0,0.3833991408667048,,randomized_2M
1438,never_reached_object,action_clipping,4,0.0,0.3833991408667048,,randomized_2M
1439,never_reached_object,action_clipping,4,0.0,0.3833991408667048,,randomized_2M
1440,never_reached_object,action_delay,4,0.0,0.3833991408667048,,randomized_2M
1441,never_reached_object,action_delay,4,0.0,0.3833991408667048,,randomized_2M
1442,never_reached_object,action_delay,4,0.0,0.3833991408667048,,randomized_2M
1443,never_reached_object,action_delay,4,0.0,0.3833991408667048,,randomized_2M
1444,never_reached_object,action_delay,4,0.0,0.3833991408667048,,randomized_2M
1445,never_reached_object,action_delay,4,0.0,0.3833991408667048,,randomized_2M
1446,never_reached_object,action_delay,4,0.0,0.3833991408667048,,randomized_2M
1447,never_reached_object,action_delay,4,0.0,0.3833991408667048,,randomized_2M
1448,never_reached_object,action_delay,4,0.0,0.3833991408667048,,randomized_2M
1449,never_reached_object,action_delay,4,0.0,0.3833991408667048,,randomized_2M
1450,never_reached_object,action_delay,4,0.0,0.3833991408667048,,randomized_2M
1451,never_reached_object,action_delay,4,0.0,0.3833991408667048,,randomized_2M
1452,never_reached_object,action_delay,4,0.0,0.3833991408667048,,randomized_2M
1453,never_reached_object,action_delay,4,0.0,0.3833991408667048,,randomized_2M
1454,never_reached_object,action_delay,4,0.0,0.3833991408667048,,randomized_2M
1455,never_reached_object,action_delay,4,0.0,0.3833991408667048,,randomized_2M
1456,never_reached_object,action_delay,4,0.0,0.3833991408667048,,randomized_2M
1457,never_reached_object,action_delay,4,0.0,0.3833991408667048,,randomized_2M
1458,never_reached_object,action_delay,4,0.0,0.3833991408667048,,randomized_2M
1459,never_reached_object,action_delay,4,0.0,0.3833991408667048,,randomized_2M
1460,never_reached_object,action_delay,4,0.0,0.3833991408667048,,randomized_2M
1461,never_reached_object,action_delay,4,0.0,0.3833991408667048,,randomized_2M
1462,never_reached_object,action_delay,4,0.0,0.3833991408667048,,randomized_2M
1463,never_reached_object,action_delay,4,0.0,0.3833991408667048,,randomized_2M
1464,never_reached_object,action_delay,4,0.0,0.3833991408667048,,randomized_2M
1465,never_reached_object,action_delay,4,0.0,0.3833991408667048,,randomized_2M
1466,never_reached_object,action_delay,4,0.0,0.3833991408667048,,randomized_2M
1467,never_reached_object,action_delay,4,0.0,0.3833991408667048,,randomized_2M
1468,never_reached_object,action_delay,4,0.0,0.3833991408667048,,randomized_2M
1469,never_reached_object,action_delay,4,0.0,0.3833991408667048,,randomized_2M
1470,never_reached_object,action_reversal,4,0.0,0.3833991408667048,,randomized_2M
1471,never_reached_object,action_reversal,4,0.0,0.3833991408667048,,randomized_2M
1472,never_reached_object,action_reversal,4,0.0,0.3833991408667048,,randomized_2M
1473,never_reached_object,action_reversal,4,0.0,0.3833991408667048,,randomized_2M
1474,never_reached_object,action_reversal,4,0.0,0.3833991408667048,,randomized_2M
1475,never_reached_object,action_reversal,4,0.0,0.3833991408667048,,randomized_2M
1476,never_reached_object,action_reversal,4,0.0,0.3833991408667048,,randomized_2M
1477,never_reached_object,action_reversal,4,0.0,0.3833991408667048,,randomized_2M
1478,never_reached_object,action_reversal,4,0.0,0.3833991408667048,,randomized_2M
1479,never_reached_object,action_reversal,4,0.0,0.3833991408667048,,randomized_2M
1480,never_reached_object,action_reversal,4,0.0,0.3833991408667048,,randomized_2M
1481,never_reached_object,action_reversal,4,0.0,0.3833991408667048,,randomized_2M
1482,never_reached_object,action_reversal,4,0.0,0.3833991408667048,,randomized_2M
1483,never_reached_object,action_reversal,4,0.0,0.3833991408667048,,randomized_2M
1484,never_reached_object,action_reversal,4,0.0,0.3833991408667048,,randomized_2M
1485,never_reached_object,action_reversal,4,0.0,0.3833991408667048,,randomized_2M
1486,never_reached_object,action_reversal,4,0.0,0.3833991408667048,,randomized_2M
1487,never_reached_object,action_reversal,4,0.0,0.3833991408667048,,randomized_2M
1488,never_reached_object,action_reversal,4,0.0,0.3833991408667048,,randomized_2M
1489,never_reached_object,action_reversal,4,0.0,0.3833991408667048,,randomized_2M
1490,never_reached_object,action_reversal,4,0.0,0.3833991408667048,,randomized_2M
1491,never_reached_object,action_reversal,4,0.0,0.3833991408667048,,randomized_2M
1492,never_reached_object,action_reversal,4,0.0,0.3833991408667048,,randomized_2M
1493,never_reached_object,action_reversal,4,0.0,0.3833991408667048,,randomized_2M
1494,never_reached_object,action_reversal,4,0.0,0.3833991408667048,,randomized_2M
1495,never_reached_object,action_reversal,4,0.0,0.3833991408667048,,randomized_2M
1496,never_reached_object,action_reversal,4,0.0,0.3833991408667048,,randomized_2M
1497,never_reached_object,action_reversal,4,0.0,0.3833991408667048,,randomized_2M
1498,never_reached_object,action_reversal,4,0.0,0.3833991408667048,,randomized_2M
1499,never_reached_object,action_reversal,4,0.0,0.3833991408667048,,randomized_2M
1500,never_reached_object,goal_spoof_immediate,4,0.0,0.3833991408667048,,randomized_2M
1501,never_reached_object,goal_spoof_immediate,4,0.0,0.3833991408667048,,randomized_2M
1502,never_reached_object,goal_spoof_immediate,4,0.0,0.3833991408667048,,randomized_2M
1503,never_reached_object,goal_spoof_immediate,4,0.0,0.3833991408667048,,randomized_2M
1504,never_reached_object,goal_spoof_immediate,4,0.0,0.3833991408667048,,randomized_2M
1505,never_reached_object,goal_spoof_immediate,4,0.0,0.3833991408667048,,randomized_2M
1506,never_reached_object,goal_spoof_immediate,4,0.0,0.3833991408667048,,randomized_2M
1507,never_reached_object,goal_spoof_immediate,4,0.0,0.3833991408667048,,randomized_2M
1508,never_reached_object,goal_spoof_immediate,4,0.0,0.3715811887821523,,randomized_2M
1509,never_reached_object,goal_spoof_immediate,4,0.0,0.3833991408667048,,randomized_2M
1510,never_reached_object,goal_spoof_immediate,4,0.0,0.3833991408667048,,randomized_2M
1511,never_reached_object,goal_spoof_immediate,4,0.0,0.3833991408667048,,randomized_2M
1512,never_reached_object,goal_spoof_immediate,4,0.0,0.3833991408667048,,randomized_2M
1513,never_reached_object,goal_spoof_immediate,4,0.0,0.3833991408667048,,randomized_2M
1514,never_reached_object,goal_spoof_immediate,4,0.0,0.3833991408667048,,randomized_2M
1515,never_reached_object,goal_spoof_immediate,4,0.0,0.3833991408667048,,randomized_2M
1516,never_reached_object,goal_spoof_immediate,4,0.0,0.3833991408667048,,randomized_2M
1517,never_reached_object,goal_spoof_immediate,4,0.0,0.3833991408667048,,randomized_2M
1518,never_reached_object,goal_spoof_immediate,4,0.0,0.3833991408667048,,randomized_2M
1519,never_reached_object,goal_spoof_immediate,4,0.0,0.3833991408667048,,randomized_2M
1520,never_reached_object,goal_spoof_immediate,4,0.0,0.3833991408667048,,randomized_2M
1521,never_reached_object,goal_spoof_immediate,4,0.0,0.3833991408667048,,randomized_2M
1522,never_reached_object,goal_spoof_immediate,4,0.0,0.3833991408667048,,randomized_2M
1523,never_reached_object,goal_spoof_immediate,4,0.0,0.3833991408667048,,randomized_2M
1524,never_reached_object,goal_spoof_immediate,4,0.0,0.3833991408667048,,randomized_2M
1525,never_reached_object,goal_spoof_immediate,4,0.0,0.3833991408667048,,randomized_2M
1526,never_reached_object,goal_spoof_immediate,4,0.0,0.3833991408667048,,randomized_2M
1527,never_reached_object,goal_spoof_immediate,4,0.0,0.3833991408667048,,randomized_2M
1528,never_reached_object,goal_spoof_immediate,4,0.0,0.3833991408667048,,randomized_2M
1529,never_reached_object,goal_spoof_immediate,4,0.0,0.3833991408667048,,randomized_2M
1530,never_reached_object,goal_spoof_midep,4,0.0,0.3833991408667048,,randomized_2M
1531,never_reached_object,goal_spoof_midep,4,0.0,0.3833991408667048,,randomized_2M
1532,never_reached_object,goal_spoof_midep,4,0.0,0.3833991408667048,,randomized_2M
1533,never_reached_object,goal_spoof_midep,4,0.0,0.3833991408667048,,randomized_2M
1534,never_reached_object,goal_spoof_midep,4,0.0,0.3833991408667048,,randomized_2M
1535,never_reached_object,goal_spoof_midep,4,0.0,0.3833991408667048,,randomized_2M
1536,never_reached_object,goal_spoof_midep,4,0.0,0.3833991408667048,,randomized_2M
1537,never_reached_object,goal_spoof_midep,4,0.0,0.3833991408667048,,randomized_2M
1538,never_reached_object,goal_spoof_midep,4,0.0,0.3833991408667048,,randomized_2M
1539,never_reached_object,goal_spoof_midep,4,0.0,0.3833991408667048,,randomized_2M
1540,never_reached_object,goal_spoof_midep,4,0.0,0.3833991408667048,,randomized_2M
1541,never_reached_object,goal_spoof_midep,4,0.0,0.3833991408667048,,randomized_2M
1542,never_reached_object,goal_spoof_midep,4,0.0,0.3833991408667048,,randomized_2M
1543,never_reached_object,goal_spoof_midep,4,0.0,0.3833991408667048,,randomized_2M
1544,never_reached_object,goal_spoof_midep,4,0.0,0.3833991408667048,,randomized_2M
1545,never_reached_object,goal_spoof_midep,4,0.0,0.3833991408667048,,randomized_2M
1546,never_reached_object,goal_spoof_midep,4,0.0,0.3833991408667048,,randomized_2M
1547,never_reached_object,goal_spoof_midep,4,0.0,0.3833991408667048,,randomized_2M
1548,never_reached_object,goal_spoof_midep,4,0.0,0.3833991408667048,,randomized_2M
1549,never_reached_object,goal_spoof_midep,4,0.0,0.3833991408667048,,randomized_2M
1550,never_reached_object,goal_spoof_midep,4,0.0,0.3833991408667048,,randomized_2M
1551,never_reached_object,goal_spoof_midep,4,0.0,0.3833991408667048,,randomized_2M
1552,never_reached_object,goal_spoof_midep,4,0.0,0.3833991408667048,,randomized_2M
1553,never_reached_object,goal_spoof_midep,4,0.0,0.3833991408667048,,randomized_2M
1554,never_reached_object,goal_spoof_midep,4,0.0,0.3833991408667048,,randomized_2M
1555,never_reached_object,goal_spoof_midep,4,0.0,0.3833991408667048,,randomized_2M
1556,never_reached_object,goal_spoof_midep,4,0.0,0.3833991408667048,,randomized_2M
1557,never_reached_object,goal_spoof_midep,4,0.0,0.3724847457418159,,randomized_2M
1558,never_reached_object,goal_spoof_midep,4,0.0,0.3833991408667048,,randomized_2M
1559,never_reached_object,goal_spoof_midep,4,0.0,0.3833991408667048,,randomized_2M
1560,never_reached_object,object_pose_spoof,4,0.0,0.3833991408667048,,randomized_2M
1561,never_reached_object,object_pose_spoof,4,0.0,0.3833991408667048,,randomized_2M
1562,never_reached_object,object_pose_spoof,4,0.0,0.3833991408667048,,randomized_2M
1563,never_reached_object,object_pose_spoof,4,0.0,0.3833991408667048,,randomized_2M
1564,never_reached_object,object_pose_spoof,4,0.0,0.3833991408667048,,randomized_2M
1565,never_reached_object,object_pose_spoof,4,0.0,0.3833991408667048,,randomized_2M
1566,never_reached_object,object_pose_spoof,4,0.0,0.3833991408667048,,randomized_2M
1567,never_reached_object,object_pose_spoof,4,0.0,0.3833991408667048,,randomized_2M
1568,never_reached_object,object_pose_spoof,4,0.0,0.3833991408667048,,randomized_2M
1569,never_reached_object,object_pose_spoof,4,0.0,0.3833991408667048,,randomized_2M
1570,never_reached_object,object_pose_spoof,4,0.0,0.3833991408667048,,randomized_2M
1571,never_reached_object,object_pose_spoof,4,0.0,0.3833991408667048,,randomized_2M
1572,never_reached_object,object_pose_spoof,4,0.0,0.3833991408667048,,randomized_2M
1573,never_reached_object,object_pose_spoof,4,0.0,0.3833991408667048,,randomized_2M
1574,never_reached_object,object_pose_spoof,4,0.0,0.3833991408667048,,randomized_2M
1575,never_reached_object,object_pose_spoof,4,0.0,0.3833991408667048,,randomized_2M
1576,never_reached_object,object_pose_spoof,4,0.0,0.3833991408667048,,randomized_2M
1577,never_reached_object,object_pose_spoof,4,0.0,0.3833991408667048,,randomized_2M
1578,never_reached_object,object_pose_spoof,4,0.0,0.3833991408667048,,randomized_2M
1579,never_reached_object,object_pose_spoof,4,0.0,0.3833991408667048,,randomized_2M
1580,never_reached_object,object_pose_spoof,4,0.0,0.3833991408667048,,randomized_2M
1581,never_reached_object,object_pose_spoof,4,0.0,0.3833991408667048,,randomized_2M
1582,never_reached_object,object_pose_spoof,4,0.0,0.3833991408667048,,randomized_2M
1583,never_reached_object,object_pose_spoof,4,0.0,0.3833991408667048,,randomized_2M
1584,never_reached_object,object_pose_spoof,4,0.0,0.3833991408667048,,randomized_2M
1585,never_reached_object,object_pose_spoof,4,0.0,0.3833991408667048,,randomized_2M
1586,never_reached_object,object_pose_spoof,4,0.0,0.3833991408667048,,randomized_2M
1587,never_reached_object,object_pose_spoof,4,0.0,0.3833991408667048,,randomized_2M
1588,never_reached_object,object_pose_spoof,4,0.0,0.3833991408667048,,randomized_2M
1589,never_reached_object,object_pose_spoof,4,0.0,0.3833991408667048,,randomized_2M
1590,never_reached_object,grip_state_falsification,4,0.0,0.3833991408667048,,randomized_2M
1591,never_reached_object,grip_state_falsification,4,0.0,0.3833991408667048,,randomized_2M
1592,never_reached_object,grip_state_falsification,4,0.0,0.3833991408667048,,randomized_2M
1593,never_reached_object,grip_state_falsification,4,0.0,0.3833991408667048,,randomized_2M
1594,never_reached_object,grip_state_falsification,4,0.0,0.3833991408667048,,randomized_2M
1595,never_reached_object,grip_state_falsification,4,0.0,0.3833991408667048,,randomized_2M
1596,never_reached_object,grip_state_falsification,4,0.0,0.3833991408667048,,randomized_2M
1597,never_reached_object,grip_state_falsification,4,0.0,0.3833991408667048,,randomized_2M
1598,never_reached_object,grip_state_falsification,4,0.0,0.3833991408667048,,randomized_2M
1599,never_reached_object,grip_state_falsification,4,0.0,0.3833991408667048,,randomized_2M
1600,never_reached_object,grip_state_falsification,4,0.0,0.3833991408667048,,randomized_2M
1601,never_reached_object,grip_state_falsification,4,0.0,0.3833991408667048,,randomized_2M
1602,never_reached_object,grip_state_falsification,4,0.0,0.3833991408667048,,randomized_2M
1603,never_reached_object,grip_state_falsification,4,0.0,0.3833991408667048,,randomized_2M
1604,never_reached_object,grip_state_falsification,4,0.0,0.3833991408667048,,randomized_2M
1605,never_reached_object,grip_state_falsification,4,0.0,0.3833991408667048,,randomized_2M
1606,never_reached_object,grip_state_falsification,4,0.0,0.3833991408667048,,randomized_2M
1607,never_reached_object,grip_state_falsification,4,0.0,0.3833991408667048,,randomized_2M
1608,never_reached_object,grip_state_falsification,4,0.0,0.3833991408667048,,randomized_2M
1609,never_reached_object,grip_state_falsification,4,0.0,0.3833991408667048,,randomized_2M
1610,never_reached_object,grip_state_falsification,4,0.0,0.3833991408667048,,randomized_2M
1611,never_reached_object,grip_state_falsification,4,0.0,0.3833991408667048,,randomized_2M
1612,never_reached_object,grip_state_falsification,4,0.0,0.3833991408667048,,randomized_2M
1613,never_reached_object,grip_state_falsification,4,0.0,0.3833991408667048,,randomized_2M
1614,never_reached_object,grip_state_falsification,4,0.0,0.3833991408667048,,randomized_2M
1615,never_reached_object,grip_state_falsification,4,0.0,0.3833991408667048,,randomized_2M
1616,never_reached_object,grip_state_falsification,4,0.0,0.3833991408667048,,randomized_2M
1617,never_reached_object,grip_state_falsification,4,0.0,0.3833991408667048,,randomized_2M
1618,never_reached_object,grip_state_falsification,4,0.0,0.3833991408667048,,randomized_2M
1619,never_reached_object,grip_state_falsification,4,0.0,0.3833991408667048,,randomized_2M
1620,never_reached_object,contact_dropout,4,0.0,0.3833991408667048,,randomized_2M
1621,never_reached_object,contact_dropout,4,0.0,0.3833991408667048,,randomized_2M
1622,never_reached_object,contact_dropout,4,0.0,0.3833991408667048,,randomized_2M
1623,never_reached_object,contact_dropout,4,0.0,0.3833991408667048,,randomized_2M
1624,never_reached_object,contact_dropout,4,0.0,0.3833991408667048,,randomized_2M
1625,never_reached_object,contact_dropout,4,0.0,0.3833991408667048,,randomized_2M
1626,never_reached_object,contact_dropout,4,0.0,0.3833991408667048,,randomized_2M
1627,never_reached_object,contact_dropout,4,0.0,0.3833991408667048,,randomized_2M
1628,never_reached_object,contact_dropout,4,0.0,0.3833991408667048,,randomized_2M
1629,never_reached_object,contact_dropout,4,0.0,0.3833991408667048,,randomized_2M
1630,never_reached_object,contact_dropout,4,0.0,0.3833991408667048,,randomized_2M
1631,never_reached_object,contact_dropout,4,0.0,0.3833991408667048,,randomized_2M
1632,never_reached_object,contact_dropout,4,0.0,0.3833991408667048,,randomized_2M
1633,never_reached_object,contact_dropout,4,0.0,0.3833991408667048,,randomized_2M
1634,never_reached_object,contact_dropout,4,0.0,0.3833991408667048,,randomized_2M
1635,never_reached_object,contact_dropout,4,0.0,0.3833991408667048,,randomized_2M
1636,never_reached_object,contact_dropout,4,0.0,0.3833991408667048,,randomized_2M
1637,never_reached_object,contact_dropout,4,0.0,0.3833991408667048,,randomized_2M
1638,never_reached_object,contact_dropout,4,0.0,0.3833991408667048,,randomized_2M
1639,never_reached_object,contact_dropout,4,0.0,0.3833991408667048,,randomized_2M
1640,never_reached_object,contact_dropout,4,0.0,0.3833991408667048,,randomized_2M
1641,never_reached_object,contact_dropout,4,0.0,0.3833991408667048,,randomized_2M
1642,never_reached_object,contact_dropout,4,0.0,0.3833991408667048,,randomized_2M
1643,never_reached_object,contact_dropout,4,0.0,0.3833991408667048,,randomized_2M
1644,never_reached_object,contact_dropout,4,0.0,0.3833991408667048,,randomized_2M
1645,never_reached_object,contact_dropout,4,0.0,0.3833991408667048,,randomized_2M
1646,never_reached_object,contact_dropout,4,0.0,0.3833991408667048,,randomized_2M
1647,never_reached_object,contact_dropout,4,0.0,0.3833991408667048,,randomized_2M
1648,never_reached_object,contact_dropout,4,0.0,0.3833991408667048,,randomized_2M
1649,never_reached_object,contact_dropout,4,0.0,0.3833991408667048,,randomized_2M
0,never_reached_object,clean,0,0.0,0.3549225360528287,,randomized_500k
1,never_reached_object,clean,0,0.0,0.3549225360528287,,randomized_500k
2,never_reached_object,clean,0,0.0,0.3549225360528287,,randomized_500k
3,never_reached_object,clean,0,0.0,0.3549225360528287,,randomized_500k
4,never_reached_object,clean,0,0.0,0.3549225360528287,,randomized_500k
5,never_reached_object,clean,0,0.0,0.3549225360528287,,randomized_500k
6,never_reached_object,clean,0,0.0,0.3549225360528287,,randomized_500k
7,never_reached_object,clean,0,0.0,0.3549225360528287,,randomized_500k
8,never_reached_object,clean,0,0.0,0.3549225360528287,,randomized_500k
9,never_reached_object,clean,0,0.0,0.3549225360528287,,randomized_500k
10,never_reached_object,clean,0,0.0,0.3549225360528287,,randomized_500k
11,never_reached_object,clean,0,0.0,0.3549225360528287,,randomized_500k
12,never_reached_object,clean,0,0.0,0.3549225360528287,,randomized_500k
13,never_reached_object,clean,0,0.0,0.3549225360528287,,randomized_500k
14,never_reached_object,clean,0,0.0,0.3549225360528287,,randomized_500k
15,never_reached_object,clean,0,0.0,0.3549225360528287,,randomized_500k
16,never_reached_object,clean,0,0.0,0.3549225360528287,,randomized_500k
17,never_reached_object,clean,0,0.0,0.3549225360528287,,randomized_500k
18,never_reached_object,clean,0,0.0,0.3549225360528287,,randomized_500k
19,never_reached_object,clean,0,0.0,0.3549225360528287,,randomized_500k
20,never_reached_object,clean,0,0.0,0.3549225360528287,,randomized_500k
21,never_reached_object,clean,0,0.0,0.3549225360528287,,randomized_500k
22,never_reached_object,clean,0,0.0,0.3549225360528287,,randomized_500k
23,never_reached_object,clean,0,0.0,0.3549225360528287,,randomized_500k
24,never_reached_object,clean,0,0.0,0.3549225360528287,,randomized_500k
25,never_reached_object,clean,0,0.0,0.3549225360528287,,randomized_500k
26,never_reached_object,clean,0,0.0,0.3549225360528287,,randomized_500k
27,never_reached_object,clean,0,0.0,0.3549225360528287,,randomized_500k
28,never_reached_object,clean,0,0.0,0.3549225360528287,,randomized_500k
29,never_reached_object,clean,0,0.0,0.3549225360528287,,randomized_500k
30,never_reached_object,sensor_dropout,0,0.0,0.3549225360528287,,randomized_500k
31,never_reached_object,sensor_dropout,0,0.0,0.3549225360528287,,randomized_500k
32,never_reached_object,sensor_dropout,0,0.0,0.3549225360528287,,randomized_500k
33,never_reached_object,sensor_dropout,0,0.0,0.3549225360528287,,randomized_500k
34,never_reached_object,sensor_dropout,0,0.0,0.3549225360528287,,randomized_500k
35,never_reached_object,sensor_dropout,0,0.0,0.3549225360528287,,randomized_500k
36,never_reached_object,sensor_dropout,0,0.0,0.3549225360528287,,randomized_500k
37,never_reached_object,sensor_dropout,0,0.0,0.3549225360528287,,randomized_500k
38,never_reached_object,sensor_dropout,0,0.0,0.3549225360528287,,randomized_500k
39,never_reached_object,sensor_dropout,0,0.0,0.3549225360528287,,randomized_500k
40,never_reached_object,sensor_dropout,0,0.0,0.3549225360528287,,randomized_500k
41,never_reached_object,sensor_dropout,0,0.0,0.3549225360528287,,randomized_500k
42,never_reached_object,sensor_dropout,0,0.0,0.3549225360528287,,randomized_500k
43,never_reached_object,sensor_dropout,0,0.0,0.3549225360528287,,randomized_500k
44,never_reached_object,sensor_dropout,0,0.0,0.3549225360528287,,randomized_500k
45,never_reached_object,sensor_dropout,0,0.0,0.3549225360528287,,randomized_500k
46,never_reached_object,sensor_dropout,0,0.0,0.3549225360528287,,randomized_500k
47,never_reached_object,sensor_dropout,0,0.0,0.3549225360528287,,randomized_500k
48,never_reached_object,sensor_dropout,0,0.0,0.3549225360528287,,randomized_500k
49,never_reached_object,sensor_dropout,0,0.0,0.3549225360528287,,randomized_500k
50,never_reached_object,sensor_dropout,0,0.0,0.3549225360528287,,randomized_500k
51,never_reached_object,sensor_dropout,0,0.0,0.3549225360528287,,randomized_500k
52,never_reached_object,sensor_dropout,0,0.0,0.3549225360528287,,randomized_500k
53,never_reached_object,sensor_dropout,0,0.0,0.3549225360528287,,randomized_500k
54,never_reached_object,sensor_dropout,0,0.0,0.3549225360528287,,randomized_500k
55,never_reached_object,sensor_dropout,0,0.0,0.3549225360528287,,randomized_500k
56,never_reached_object,sensor_dropout,0,0.0,0.3549225360528287,,randomized_500k
57,never_reached_object,sensor_dropout,0,0.0,0.3549225360528287,,randomized_500k
58,never_reached_object,sensor_dropout,0,0.0,0.3549225360528287,,randomized_500k
59,never_reached_object,sensor_dropout,0,0.0,0.3549225360528287,,randomized_500k
60,never_reached_object,sensor_bias,0,0.0,0.3549225360528287,,randomized_500k
61,never_reached_object,sensor_bias,0,0.0,0.3549225360528287,,randomized_500k
62,never_reached_object,sensor_bias,0,0.0,0.3549225360528287,,randomized_500k
63,never_reached_object,sensor_bias,0,0.0,0.3549225360528287,,randomized_500k
64,never_reached_object,sensor_bias,0,0.0,0.3549225360528287,,randomized_500k
65,never_reached_object,sensor_bias,0,0.0,0.3549225360528287,,randomized_500k
66,never_reached_object,sensor_bias,0,0.0,0.3549225360528287,,randomized_500k
67,never_reached_object,sensor_bias,0,0.0,0.3549225360528287,,randomized_500k
68,never_reached_object,sensor_bias,0,0.0,0.3549225360528287,,randomized_500k
69,never_reached_object,sensor_bias,0,0.0,0.3549225360528287,,randomized_500k
70,never_reached_object,sensor_bias,0,0.0,0.3549225360528287,,randomized_500k
71,never_reached_object,sensor_bias,0,0.0,0.3549225360528287,,randomized_500k
72,never_reached_object,sensor_bias,0,0.0,0.3549225360528287,,randomized_500k
73,never_reached_object,sensor_bias,0,0.0,0.3549225360528287,,randomized_500k
74,never_reached_object,sensor_bias,0,0.0,0.3549225360528287,,randomized_500k
75,never_reached_object,sensor_bias,0,0.0,0.3549225360528287,,randomized_500k
76,never_reached_object,sensor_bias,0,0.0,0.3549225360528287,,randomized_500k
77,never_reached_object,sensor_bias,0,0.0,0.3549225360528287,,randomized_500k
78,never_reached_object,sensor_bias,0,0.0,0.3549225360528287,,randomized_500k
79,never_reached_object,sensor_bias,0,0.0,0.3549225360528287,,randomized_500k
80,never_reached_object,sensor_bias,0,0.0,0.3549225360528287,,randomized_500k
81,never_reached_object,sensor_bias,0,0.0,0.3549225360528287,,randomized_500k
82,never_reached_object,sensor_bias,0,0.0,0.3549225360528287,,randomized_500k
83,never_reached_object,sensor_bias,0,0.0,0.3549225360528287,,randomized_500k
84,never_reached_object,sensor_bias,0,0.0,0.3549225360528287,,randomized_500k
85,never_reached_object,sensor_bias,0,0.0,0.3549225360528287,,randomized_500k
86,never_reached_object,sensor_bias,0,0.0,0.3549225360528287,,randomized_500k
87,never_reached_object,sensor_bias,0,0.0,0.3549225360528287,,randomized_500k
88,never_reached_object,sensor_bias,0,0.0,0.3549225360528287,,randomized_500k
89,never_reached_object,sensor_bias,0,0.0,0.3549225360528287,,randomized_500k
90,never_reached_object,action_clipping,0,0.0,0.3549225360528287,,randomized_500k
91,never_reached_object,action_clipping,0,0.0,0.3549225360528287,,randomized_500k
92,never_reached_object,action_clipping,0,0.0,0.3549225360528287,,randomized_500k
93,never_reached_object,action_clipping,0,0.0,0.3549225360528287,,randomized_500k
94,never_reached_object,action_clipping,0,0.0,0.3549225360528287,,randomized_500k
95,never_reached_object,action_clipping,0,0.0,0.3549225360528287,,randomized_500k
96,never_reached_object,action_clipping,0,0.0,0.3549225360528287,,randomized_500k
97,never_reached_object,action_clipping,0,0.0,0.3549225360528287,,randomized_500k
98,never_reached_object,action_clipping,0,0.0,0.3549225360528287,,randomized_500k
99,never_reached_object,action_clipping,0,0.0,0.3549225360528287,,randomized_500k
100,never_reached_object,action_clipping,0,0.0,0.3549225360528287,,randomized_500k
101,never_reached_object,action_clipping,0,0.0,0.3549225360528287,,randomized_500k
102,never_reached_object,action_clipping,0,0.0,0.3549225360528287,,randomized_500k
103,never_reached_object,action_clipping,0,0.0,0.3549225360528287,,randomized_500k
104,never_reached_object,action_clipping,0,0.0,0.3549225360528287,,randomized_500k
105,never_reached_object,action_clipping,0,0.0,0.3549225360528287,,randomized_500k
106,never_reached_object,action_clipping,0,0.0,0.3549225360528287,,randomized_500k
107,never_reached_object,action_clipping,0,0.0,0.3549225360528287,,randomized_500k
108,never_reached_object,action_clipping,0,0.0,0.3549225360528287,,randomized_500k
109,never_reached_object,action_clipping,0,0.0,0.3549225360528287,,randomized_500k
110,never_reached_object,action_clipping,0,0.0,0.3549225360528287,,randomized_500k
111,never_reached_object,action_clipping,0,0.0,0.3549225360528287,,randomized_500k
112,never_reached_object,action_clipping,0,0.0,0.3549225360528287,,randomized_500k
113,never_reached_object,action_clipping,0,0.0,0.3549225360528287,,randomized_500k
114,never_reached_object,action_clipping,0,0.0,0.3549225360528287,,randomized_500k
115,never_reached_object,action_clipping,0,0.0,0.3549225360528287,,randomized_500k
116,never_reached_object,action_clipping,0,0.0,0.3549225360528287,,randomized_500k
117,never_reached_object,action_clipping,0,0.0,0.3549225360528287,,randomized_500k
118,never_reached_object,action_clipping,0,0.0,0.3549225360528287,,randomized_500k
119,never_reached_object,action_clipping,0,0.0,0.3549225360528287,,randomized_500k
120,never_reached_object,action_delay,0,0.0,0.3549225360528287,,randomized_500k
121,never_reached_object,action_delay,0,0.0,0.3549225360528287,,randomized_500k
122,never_reached_object,action_delay,0,0.0,0.3549225360528287,,randomized_500k
123,never_reached_object,action_delay,0,0.0,0.3549225360528287,,randomized_500k
124,never_reached_object,action_delay,0,0.0,0.3549225360528287,,randomized_500k
125,never_reached_object,action_delay,0,0.0,0.3549225360528287,,randomized_500k
126,never_reached_object,action_delay,0,0.0,0.3549225360528287,,randomized_500k
127,never_reached_object,action_delay,0,0.0,0.3549225360528287,,randomized_500k
128,never_reached_object,action_delay,0,0.0,0.3549225360528287,,randomized_500k
129,never_reached_object,action_delay,0,0.0,0.3549225360528287,,randomized_500k
130,never_reached_object,action_delay,0,0.0,0.3549225360528287,,randomized_500k
131,never_reached_object,action_delay,0,0.0,0.3549225360528287,,randomized_500k
132,never_reached_object,action_delay,0,0.0,0.3549225360528287,,randomized_500k
133,never_reached_object,action_delay,0,0.0,0.3549225360528287,,randomized_500k
134,never_reached_object,action_delay,0,0.0,0.3549225360528287,,randomized_500k
135,never_reached_object,action_delay,0,0.0,0.3549225360528287,,randomized_500k
136,never_reached_object,action_delay,0,0.0,0.3549225360528287,,randomized_500k
137,never_reached_object,action_delay,0,0.0,0.3549225360528287,,randomized_500k
138,never_reached_object,action_delay,0,0.0,0.3549225360528287,,randomized_500k
139,never_reached_object,action_delay,0,0.0,0.3549225360528287,,randomized_500k
140,never_reached_object,action_delay,0,0.0,0.3549225360528287,,randomized_500k
141,never_reached_object,action_delay,0,0.0,0.3549225360528287,,randomized_500k
142,never_reached_object,action_delay,0,0.0,0.3549225360528287,,randomized_500k
143,never_reached_object,action_delay,0,0.0,0.3549225360528287,,randomized_500k
144,never_reached_object,action_delay,0,0.0,0.3549225360528287,,randomized_500k
145,never_reached_object,action_delay,0,0.0,0.3549225360528287,,randomized_500k
146,never_reached_object,action_delay,0,0.0,0.3549225360528287,,randomized_500k
147,never_reached_object,action_delay,0,0.0,0.3549225360528287,,randomized_500k
148,never_reached_object,action_delay,0,0.0,0.3549225360528287,,randomized_500k
149,never_reached_object,action_delay,0,0.0,0.3549225360528287,,randomized_500k
150,never_reached_object,action_reversal,0,0.0,0.3549225360528287,,randomized_500k
151,never_reached_object,action_reversal,0,0.0,0.3549225360528287,,randomized_500k
152,never_reached_object,action_reversal,0,0.0,0.3549225360528287,,randomized_500k
153,never_reached_object,action_reversal,0,0.0,0.3549225360528287,,randomized_500k
154,never_reached_object,action_reversal,0,0.0,0.3549225360528287,,randomized_500k
155,never_reached_object,action_reversal,0,0.0,0.3549225360528287,,randomized_500k
156,never_reached_object,action_reversal,0,0.0,0.3549225360528287,,randomized_500k
157,never_reached_object,action_reversal,0,0.0,0.3549225360528287,,randomized_500k
158,never_reached_object,action_reversal,0,0.0,0.3549225360528287,,randomized_500k
159,never_reached_object,action_reversal,0,0.0,0.3549225360528287,,randomized_500k
160,never_reached_object,action_reversal,0,0.0,0.3549225360528287,,randomized_500k
161,never_reached_object,action_reversal,0,0.0,0.3549225360528287,,randomized_500k
162,never_reached_object,action_reversal,0,0.0,0.3549225360528287,,randomized_500k
163,never_reached_object,action_reversal,0,0.0,0.3549225360528287,,randomized_500k
164,never_reached_object,action_reversal,0,0.0,0.3549225360528287,,randomized_500k
165,never_reached_object,action_reversal,0,0.0,0.3549225360528287,,randomized_500k
166,never_reached_object,action_reversal,0,0.0,0.3549225360528287,,randomized_500k
167,never_reached_object,action_reversal,0,0.0,0.3549225360528287,,randomized_500k
168,never_reached_object,action_reversal,0,0.0,0.3549225360528287,,randomized_500k
169,never_reached_object,action_reversal,0,0.0,0.3549225360528287,,randomized_500k
170,never_reached_object,action_reversal,0,0.0,0.3549225360528287,,randomized_500k
171,never_reached_object,action_reversal,0,0.0,0.3549225360528287,,randomized_500k
172,never_reached_object,action_reversal,0,0.0,0.3549225360528287,,randomized_500k
173,never_reached_object,action_reversal,0,0.0,0.3549225360528287,,randomized_500k
174,never_reached_object,action_reversal,0,0.0,0.3549225360528287,,randomized_500k
175,never_reached_object,action_reversal,0,0.0,0.3549225360528287,,randomized_500k
176,never_reached_object,action_reversal,0,0.0,0.3549225360528287,,randomized_500k
177,never_reached_object,action_reversal,0,0.0,0.3549225360528287,,randomized_500k
178,never_reached_object,action_reversal,0,0.0,0.3549225360528287,,randomized_500k
179,never_reached_object,action_reversal,0,0.0,0.3549225360528287,,randomized_500k
180,never_reached_object,goal_spoof_immediate,0,0.0,0.3549225360528287,,randomized_500k
181,never_reached_object,goal_spoof_immediate,0,0.0,0.3549225360528287,,randomized_500k
182,never_reached_object,goal_spoof_immediate,0,0.0,0.3549225360528287,,randomized_500k
183,never_reached_object,goal_spoof_immediate,0,0.0,0.3549225360528287,,randomized_500k
184,never_reached_object,goal_spoof_immediate,0,0.0,0.3549225360528287,,randomized_500k
185,never_reached_object,goal_spoof_immediate,0,0.0,0.3549225360528287,,randomized_500k
186,never_reached_object,goal_spoof_immediate,0,0.0,0.3549225360528287,,randomized_500k
187,never_reached_object,goal_spoof_immediate,0,0.0,0.3549225360528287,,randomized_500k
188,never_reached_object,goal_spoof_immediate,0,0.0,0.3549225360528287,,randomized_500k
189,never_reached_object,goal_spoof_immediate,0,0.0,0.3549225360528287,,randomized_500k
190,never_reached_object,goal_spoof_immediate,0,0.0,0.3549225360528287,,randomized_500k
191,never_reached_object,goal_spoof_immediate,0,0.0,0.3549225360528287,,randomized_500k
192,never_reached_object,goal_spoof_immediate,0,0.0,0.3549225360528287,,randomized_500k
193,never_reached_object,goal_spoof_immediate,0,0.0,0.3549225360528287,,randomized_500k
194,never_reached_object,goal_spoof_immediate,0,0.0,0.3549225360528287,,randomized_500k
195,never_reached_object,goal_spoof_immediate,0,0.0,0.3549225360528287,,randomized_500k
196,never_reached_object,goal_spoof_immediate,0,0.0,0.3549225360528287,,randomized_500k
197,never_reached_object,goal_spoof_immediate,0,0.0,0.3549225360528287,,randomized_500k
198,never_reached_object,goal_spoof_immediate,0,0.0,0.3549225360528287,,randomized_500k
199,never_reached_object,goal_spoof_immediate,0,0.0,0.3549225360528287,,randomized_500k
200,never_reached_object,goal_spoof_immediate,0,0.0,0.3549225360528287,,randomized_500k
201,never_reached_object,goal_spoof_immediate,0,0.0,0.3549225360528287,,randomized_500k
202,never_reached_object,goal_spoof_immediate,0,0.0,0.3549225360528287,,randomized_500k
203,never_reached_object,goal_spoof_immediate,0,0.0,0.3549225360528287,,randomized_500k
204,never_reached_object,goal_spoof_immediate,0,0.0,0.3549225360528287,,randomized_500k
205,never_reached_object,goal_spoof_immediate,0,0.0,0.3549225360528287,,randomized_500k
206,never_reached_object,goal_spoof_immediate,0,0.0,0.3549225360528287,,randomized_500k
207,never_reached_object,goal_spoof_immediate,0,0.0,0.3549225360528287,,randomized_500k
208,never_reached_object,goal_spoof_immediate,0,0.0,0.3549225360528287,,randomized_500k
209,never_reached_object,goal_spoof_immediate,0,0.0,0.3549225360528287,,randomized_500k
210,never_reached_object,goal_spoof_midep,0,0.0,0.3549225360528287,,randomized_500k
211,never_reached_object,goal_spoof_midep,0,0.0,0.3549225360528287,,randomized_500k
212,never_reached_object,goal_spoof_midep,0,0.0,0.3549225360528287,,randomized_500k
213,never_reached_object,goal_spoof_midep,0,0.0,0.3549225360528287,,randomized_500k
214,never_reached_object,goal_spoof_midep,0,0.0,0.3549225360528287,,randomized_500k
215,never_reached_object,goal_spoof_midep,0,0.0,0.3549225360528287,,randomized_500k
216,never_reached_object,goal_spoof_midep,0,0.0,0.3549225360528287,,randomized_500k
217,never_reached_object,goal_spoof_midep,0,0.0,0.3549225360528287,,randomized_500k
218,never_reached_object,goal_spoof_midep,0,0.0,0.3549225360528287,,randomized_500k
219,never_reached_object,goal_spoof_midep,0,0.0,0.3549225360528287,,randomized_500k
220,never_reached_object,goal_spoof_midep,0,0.0,0.3549225360528287,,randomized_500k
221,never_reached_object,goal_spoof_midep,0,0.0,0.3549225360528287,,randomized_500k
222,never_reached_object,goal_spoof_midep,0,0.0,0.3549225360528287,,randomized_500k
223,never_reached_object,goal_spoof_midep,0,0.0,0.3549225360528287,,randomized_500k
224,never_reached_object,goal_spoof_midep,0,0.0,0.3549225360528287,,randomized_500k
225,never_reached_object,goal_spoof_midep,0,0.0,0.3549225360528287,,randomized_500k
226,never_reached_object,goal_spoof_midep,0,0.0,0.3549225360528287,,randomized_500k
227,never_reached_object,goal_spoof_midep,0,0.0,0.3549225360528287,,randomized_500k
228,never_reached_object,goal_spoof_midep,0,0.0,0.3549225360528287,,randomized_500k
229,never_reached_object,goal_spoof_midep,0,0.0,0.3549225360528287,,randomized_500k
230,never_reached_object,goal_spoof_midep,0,0.0,0.3549225360528287,,randomized_500k
231,never_reached_object,goal_spoof_midep,0,0.0,0.3549225360528287,,randomized_500k
232,never_reached_object,goal_spoof_midep,0,0.0,0.3549225360528287,,randomized_500k
233,never_reached_object,goal_spoof_midep,0,0.0,0.3549225360528287,,randomized_500k
234,never_reached_object,goal_spoof_midep,0,0.0,0.3549225360528287,,randomized_500k
235,never_reached_object,goal_spoof_midep,0,0.0,0.3549225360528287,,randomized_500k
236,never_reached_object,goal_spoof_midep,0,0.0,0.3549225360528287,,randomized_500k
237,never_reached_object,goal_spoof_midep,0,0.0,0.3549225360528287,,randomized_500k
238,never_reached_object,goal_spoof_midep,0,0.0,0.3549225360528287,,randomized_500k
239,never_reached_object,goal_spoof_midep,0,0.0,0.3549225360528287,,randomized_500k
240,never_reached_object,object_pose_spoof,0,0.0,0.3549225360528287,,randomized_500k
241,never_reached_object,object_pose_spoof,0,0.0,0.3549225360528287,,randomized_500k
242,never_reached_object,object_pose_spoof,0,0.0,0.3549225360528287,,randomized_500k
243,never_reached_object,object_pose_spoof,0,0.0,0.3549225360528287,,randomized_500k
244,never_reached_object,object_pose_spoof,0,0.0,0.3549225360528287,,randomized_500k
245,never_reached_object,object_pose_spoof,0,0.0,0.3549225360528287,,randomized_500k
246,never_reached_object,object_pose_spoof,0,0.0,0.3549225360528287,,randomized_500k
247,never_reached_object,object_pose_spoof,0,0.0,0.3549225360528287,,randomized_500k
248,never_reached_object,object_pose_spoof,0,0.0,0.3549225360528287,,randomized_500k
249,never_reached_object,object_pose_spoof,0,0.0,0.3549225360528287,,randomized_500k
250,never_reached_object,object_pose_spoof,0,0.0,0.3549225360528287,,randomized_500k
251,never_reached_object,object_pose_spoof,0,0.0,0.3549225360528287,,randomized_500k
252,never_reached_object,object_pose_spoof,0,0.0,0.3549225360528287,,randomized_500k
253,never_reached_object,object_pose_spoof,0,0.0,0.3549225360528287,,randomized_500k
254,never_reached_object,object_pose_spoof,0,0.0,0.3549225360528287,,randomized_500k
255,never_reached_object,object_pose_spoof,0,0.0,0.3549225360528287,,randomized_500k
256,never_reached_object,object_pose_spoof,0,0.0,0.3549225360528287,,randomized_500k
257,never_reached_object,object_pose_spoof,0,0.0,0.3549225360528287,,randomized_500k
258,never_reached_object,object_pose_spoof,0,0.0,0.3549225360528287,,randomized_500k
259,never_reached_object,object_pose_spoof,0,0.0,0.3549225360528287,,randomized_500k
260,never_reached_object,object_pose_spoof,0,0.0,0.3549225360528287,,randomized_500k
261,never_reached_object,object_pose_spoof,0,0.0,0.3549225360528287,,randomized_500k
262,never_reached_object,object_pose_spoof,0,0.0,0.3549225360528287,,randomized_500k
263,never_reached_object,object_pose_spoof,0,0.0,0.3549225360528287,,randomized_500k
264,never_reached_object,object_pose_spoof,0,0.0,0.3549225360528287,,randomized_500k
265,never_reached_object,object_pose_spoof,0,0.0,0.3549225360528287,,randomized_500k
266,never_reached_object,object_pose_spoof,0,0.0,0.3549225360528287,,randomized_500k
267,never_reached_object,object_pose_spoof,0,0.0,0.3549225360528287,,randomized_500k
268,never_reached_object,object_pose_spoof,0,0.0,0.3549225360528287,,randomized_500k
269,never_reached_object,object_pose_spoof,0,0.0,0.3549225360528287,,randomized_500k
270,never_reached_object,grip_state_falsification,0,0.0,0.3549225360528287,,randomized_500k
271,never_reached_object,grip_state_falsification,0,0.0,0.3549225360528287,,randomized_500k
272,never_reached_object,grip_state_falsification,0,0.0,0.3549225360528287,,randomized_500k
273,never_reached_object,grip_state_falsification,0,0.0,0.3549225360528287,,randomized_500k
274,never_reached_object,grip_state_falsification,0,0.0,0.3549225360528287,,randomized_500k
275,never_reached_object,grip_state_falsification,0,0.0,0.3549225360528287,,randomized_500k
276,never_reached_object,grip_state_falsification,0,0.0,0.3549225360528287,,randomized_500k
277,never_reached_object,grip_state_falsification,0,0.0,0.3549225360528287,,randomized_500k
278,never_reached_object,grip_state_falsification,0,0.0,0.3549225360528287,,randomized_500k
279,never_reached_object,grip_state_falsification,0,0.0,0.3549225360528287,,randomized_500k
280,never_reached_object,grip_state_falsification,0,0.0,0.3549225360528287,,randomized_500k
281,never_reached_object,grip_state_falsification,0,0.0,0.3549225360528287,,randomized_500k
282,never_reached_object,grip_state_falsification,0,0.0,0.3549225360528287,,randomized_500k
283,never_reached_object,grip_state_falsification,0,0.0,0.3549225360528287,,randomized_500k
284,never_reached_object,grip_state_falsification,0,0.0,0.3549225360528287,,randomized_500k
285,never_reached_object,grip_state_falsification,0,0.0,0.3549225360528287,,randomized_500k
286,never_reached_object,grip_state_falsification,0,0.0,0.3549225360528287,,randomized_500k
287,never_reached_object,grip_state_falsification,0,0.0,0.3549225360528287,,randomized_500k
288,never_reached_object,grip_state_falsification,0,0.0,0.3549225360528287,,randomized_500k
289,never_reached_object,grip_state_falsification,0,0.0,0.3549225360528287,,randomized_500k
290,never_reached_object,grip_state_falsification,0,0.0,0.3549225360528287,,randomized_500k
291,never_reached_object,grip_state_falsification,0,0.0,0.3549225360528287,,randomized_500k
292,never_reached_object,grip_state_falsification,0,0.0,0.3549225360528287,,randomized_500k
293,never_reached_object,grip_state_falsification,0,0.0,0.3549225360528287,,randomized_500k
294,never_reached_object,grip_state_falsification,0,0.0,0.3549225360528287,,randomized_500k
295,never_reached_object,grip_state_falsification,0,0.0,0.3549225360528287,,randomized_500k
296,never_reached_object,grip_state_falsification,0,0.0,0.3549225360528287,,randomized_500k
297,never_reached_object,grip_state_falsification,0,0.0,0.3549225360528287,,randomized_500k
298,never_reached_object,grip_state_falsification,0,0.0,0.3549225360528287,,randomized_500k
299,never_reached_object,grip_state_falsification,0,0.0,0.3549225360528287,,randomized_500k
300,never_reached_object,contact_dropout,0,0.0,0.3549225360528287,,randomized_500k
301,never_reached_object,contact_dropout,0,0.0,0.3549225360528287,,randomized_500k
302,never_reached_object,contact_dropout,0,0.0,0.3549225360528287,,randomized_500k
303,never_reached_object,contact_dropout,0,0.0,0.3549225360528287,,randomized_500k
304,never_reached_object,contact_dropout,0,0.0,0.3549225360528287,,randomized_500k
305,never_reached_object,contact_dropout,0,0.0,0.3549225360528287,,randomized_500k
306,never_reached_object,contact_dropout,0,0.0,0.3549225360528287,,randomized_500k
307,never_reached_object,contact_dropout,0,0.0,0.3549225360528287,,randomized_500k
308,never_reached_object,contact_dropout,0,0.0,0.3549225360528287,,randomized_500k
309,never_reached_object,contact_dropout,0,0.0,0.3549225360528287,,randomized_500k
310,never_reached_object,contact_dropout,0,0.0,0.3549225360528287,,randomized_500k
311,never_reached_object,contact_dropout,0,0.0,0.3549225360528287,,randomized_500k
312,never_reached_object,contact_dropout,0,0.0,0.3549225360528287,,randomized_500k
313,never_reached_object,contact_dropout,0,0.0,0.3549225360528287,,randomized_500k
314,never_reached_object,contact_dropout,0,0.0,0.3549225360528287,,randomized_500k
315,never_reached_object,contact_dropout,0,0.0,0.3549225360528287,,randomized_500k
316,never_reached_object,contact_dropout,0,0.0,0.3549225360528287,,randomized_500k
317,never_reached_object,contact_dropout,0,0.0,0.3549225360528287,,randomized_500k
318,never_reached_object,contact_dropout,0,0.0,0.3549225360528287,,randomized_500k
319,never_reached_object,contact_dropout,0,0.0,0.3549225360528287,,randomized_500k
320,never_reached_object,contact_dropout,0,0.0,0.3549225360528287,,randomized_500k
321,never_reached_object,contact_dropout,0,0.0,0.3549225360528287,,randomized_500k
322,never_reached_object,contact_dropout,0,0.0,0.3549225360528287,,randomized_500k
323,never_reached_object,contact_dropout,0,0.0,0.3549225360528287,,randomized_500k
324,never_reached_object,contact_dropout,0,0.0,0.3549225360528287,,randomized_500k
325,never_reached_object,contact_dropout,0,0.0,0.3549225360528287,,randomized_500k
326,never_reached_object,contact_dropout,0,0.0,0.3549225360528287,,randomized_500k
327,never_reached_object,contact_dropout,0,0.0,0.3549225360528287,,randomized_500k
328,never_reached_object,contact_dropout,0,0.0,0.3549225360528287,,randomized_500k
329,never_reached_object,contact_dropout,0,0.0,0.3549225360528287,,randomized_500k
330,never_reached_object,clean,1,0.0,0.3884547695970575,,randomized_500k
331,never_reached_object,clean,1,0.0,0.3884547695970575,,randomized_500k
332,never_reached_object,clean,1,0.0,0.3884547695970575,,randomized_500k
333,never_reached_object,clean,1,0.0,0.3884547695970575,,randomized_500k
334,never_reached_object,clean,1,0.0,0.3884547695970575,,randomized_500k
335,never_reached_object,clean,1,0.0,0.3884547695970575,,randomized_500k
336,never_reached_object,clean,1,0.0,0.3884547695970575,,randomized_500k
337,never_reached_object,clean,1,0.0,0.3884547695970575,,randomized_500k
338,never_reached_object,clean,1,0.0,0.3884547695970575,,randomized_500k
339,never_reached_object,clean,1,0.0,0.3884547695970575,,randomized_500k
340,never_reached_object,clean,1,0.0,0.3884547695970575,,randomized_500k
341,never_reached_object,clean,1,0.0,0.3884547695970575,,randomized_500k
342,never_reached_object,clean,1,0.0,0.3884547695970575,,randomized_500k
343,never_reached_object,clean,1,0.0,0.3884547695970575,,randomized_500k
344,never_reached_object,clean,1,0.0,0.3884547695970575,,randomized_500k
345,never_reached_object,clean,1,0.0,0.3884547695970575,,randomized_500k
346,never_reached_object,clean,1,0.0,0.3884547695970575,,randomized_500k
347,never_reached_object,clean,1,0.0,0.3884547695970575,,randomized_500k
348,never_reached_object,clean,1,0.0,0.3884547695970575,,randomized_500k
349,never_reached_object,clean,1,0.0,0.3884547695970575,,randomized_500k
350,never_reached_object,clean,1,0.0,0.3884547695970575,,randomized_500k
351,never_reached_object,clean,1,0.0,0.3884547695970575,,randomized_500k
352,never_reached_object,clean,1,0.0,0.3884547695970575,,randomized_500k
353,never_reached_object,clean,1,0.0,0.3884547695970575,,randomized_500k
354,never_reached_object,clean,1,0.0,0.3884547695970575,,randomized_500k
355,never_reached_object,clean,1,0.0,0.3884547695970575,,randomized_500k
356,never_reached_object,clean,1,0.0,0.3884547695970575,,randomized_500k
357,never_reached_object,clean,1,0.0,0.3884547695970575,,randomized_500k
358,never_reached_object,clean,1,0.0,0.3884547695970575,,randomized_500k
359,never_reached_object,clean,1,0.0,0.3884547695970575,,randomized_500k
360,never_reached_object,sensor_dropout,1,0.0,0.3884547695970575,,randomized_500k
361,never_reached_object,sensor_dropout,1,0.0,0.3884547695970575,,randomized_500k
362,never_reached_object,sensor_dropout,1,0.0,0.3884547695970575,,randomized_500k
363,never_reached_object,sensor_dropout,1,0.0,0.3884547695970575,,randomized_500k
364,never_reached_object,sensor_dropout,1,0.0,0.3884547695970575,,randomized_500k
365,never_reached_object,sensor_dropout,1,0.0,0.3884547695970575,,randomized_500k
366,never_reached_object,sensor_dropout,1,0.0,0.3884547695970575,,randomized_500k
367,never_reached_object,sensor_dropout,1,0.0,0.3884547695970575,,randomized_500k
368,never_reached_object,sensor_dropout,1,0.0,0.3884547695970575,,randomized_500k
369,never_reached_object,sensor_dropout,1,0.0,0.3884547695970575,,randomized_500k
370,never_reached_object,sensor_dropout,1,0.0,0.3884547695970575,,randomized_500k
371,never_reached_object,sensor_dropout,1,0.0,0.3884547695970575,,randomized_500k
372,never_reached_object,sensor_dropout,1,0.0,0.3884547695970575,,randomized_500k
373,never_reached_object,sensor_dropout,1,0.0,0.3884547695970575,,randomized_500k
374,never_reached_object,sensor_dropout,1,0.0,0.3884547695970575,,randomized_500k
375,never_reached_object,sensor_dropout,1,0.0,0.3884547695970575,,randomized_500k
376,never_reached_object,sensor_dropout,1,0.0,0.3884547695970575,,randomized_500k
377,never_reached_object,sensor_dropout,1,0.0,0.3884547695970575,,randomized_500k
378,never_reached_object,sensor_dropout,1,0.0,0.3884547695970575,,randomized_500k
379,never_reached_object,sensor_dropout,1,0.0,0.3884547695970575,,randomized_500k
380,never_reached_object,sensor_dropout,1,0.0,0.3884547695970575,,randomized_500k
381,never_reached_object,sensor_dropout,1,0.0,0.3884547695970575,,randomized_500k
382,never_reached_object,sensor_dropout,1,0.0,0.3884547695970575,,randomized_500k
383,never_reached_object,sensor_dropout,1,0.0,0.3884547695970575,,randomized_500k
384,never_reached_object,sensor_dropout,1,0.0,0.3884547695970575,,randomized_500k
385,never_reached_object,sensor_dropout,1,0.0,0.3884547695970575,,randomized_500k
386,never_reached_object,sensor_dropout,1,0.0,0.3884547695970575,,randomized_500k
387,never_reached_object,sensor_dropout,1,0.0,0.3884547695970575,,randomized_500k
388,never_reached_object,sensor_dropout,1,0.0,0.3884547695970575,,randomized_500k
389,never_reached_object,sensor_dropout,1,0.0,0.3884547695970575,,randomized_500k
390,never_reached_object,sensor_bias,1,0.0,0.3884547695970575,,randomized_500k
391,never_reached_object,sensor_bias,1,0.0,0.3884547695970575,,randomized_500k
392,never_reached_object,sensor_bias,1,0.0,0.3884547695970575,,randomized_500k
393,wrong_direction,sensor_bias,1,0.0,0.5074534625150458,,randomized_500k
394,never_reached_object,sensor_bias,1,0.0,0.3884547695970575,,randomized_500k
395,never_reached_object,sensor_bias,1,0.0,0.3884547695970575,,randomized_500k
396,never_reached_object,sensor_bias,1,0.0,0.3884547695970575,,randomized_500k
397,never_reached_object,sensor_bias,1,0.0,0.3884547695970575,,randomized_500k
398,never_reached_object,sensor_bias,1,0.0,0.3884547695970575,,randomized_500k
399,never_reached_object,sensor_bias,1,0.0,0.3884547695970575,,randomized_500k
400,never_reached_object,sensor_bias,1,0.0,0.3884547695970575,,randomized_500k
401,never_reached_object,sensor_bias,1,0.0,0.3884547695970575,,randomized_500k
402,never_reached_object,sensor_bias,1,0.0,0.3884547695970575,,randomized_500k
403,never_reached_object,sensor_bias,1,0.0,0.3884547695970575,,randomized_500k
404,never_reached_object,sensor_bias,1,0.0,0.3884547695970575,,randomized_500k
405,never_reached_object,sensor_bias,1,0.0,0.3884547695970575,,randomized_500k
406,never_reached_object,sensor_bias,1,0.0,0.3884547695970575,,randomized_500k
407,never_reached_object,sensor_bias,1,0.0,0.3884547695970575,,randomized_500k
408,never_reached_object,sensor_bias,1,0.0,0.3884547695970575,,randomized_500k
409,never_reached_object,sensor_bias,1,0.0,0.3884547695970575,,randomized_500k
410,never_reached_object,sensor_bias,1,0.0,0.3884547695970575,,randomized_500k
411,never_reached_object,sensor_bias,1,0.0,0.3884547695970575,,randomized_500k
412,never_reached_object,sensor_bias,1,0.0,0.3884547695970575,,randomized_500k
413,never_reached_object,sensor_bias,1,0.0,0.388250502672793,,randomized_500k
414,never_reached_object,sensor_bias,1,0.0,0.3884547695970575,,randomized_500k
415,never_reached_object,sensor_bias,1,0.0,0.3884547695970575,,randomized_500k
416,never_reached_object,sensor_bias,1,0.0,0.3884547695970575,,randomized_500k
417,never_reached_object,sensor_bias,1,0.0,0.3884547695970575,,randomized_500k
418,never_reached_object,sensor_bias,1,0.0,0.3884547695970575,,randomized_500k
419,never_reached_object,sensor_bias,1,0.0,0.3884547695970575,,randomized_500k
420,never_reached_object,action_clipping,1,0.0,0.3884547695970575,,randomized_500k
421,never_reached_object,action_clipping,1,0.0,0.3884547695970575,,randomized_500k
422,never_reached_object,action_clipping,1,0.0,0.3884547695970575,,randomized_500k
423,never_reached_object,action_clipping,1,0.0,0.3884547695970575,,randomized_500k
424,never_reached_object,action_clipping,1,0.0,0.3884547695970575,,randomized_500k
425,never_reached_object,action_clipping,1,0.0,0.3884547695970575,,randomized_500k
426,never_reached_object,action_clipping,1,0.0,0.3884547695970575,,randomized_500k
427,never_reached_object,action_clipping,1,0.0,0.3884547695970575,,randomized_500k
428,never_reached_object,action_clipping,1,0.0,0.3884547695970575,,randomized_500k
429,never_reached_object,action_clipping,1,0.0,0.3884547695970575,,randomized_500k
430,never_reached_object,action_clipping,1,0.0,0.3884547695970575,,randomized_500k
431,never_reached_object,action_clipping,1,0.0,0.3884547695970575,,randomized_500k
432,never_reached_object,action_clipping,1,0.0,0.3884547695970575,,randomized_500k
433,never_reached_object,action_clipping,1,0.0,0.3884547695970575,,randomized_500k
434,never_reached_object,action_clipping,1,0.0,0.3884547695970575,,randomized_500k
435,never_reached_object,action_clipping,1,0.0,0.3884547695970575,,randomized_500k
436,never_reached_object,action_clipping,1,0.0,0.3884547695970575,,randomized_500k
437,never_reached_object,action_clipping,1,0.0,0.3884547695970575,,randomized_500k
438,never_reached_object,action_clipping,1,0.0,0.3884547695970575,,randomized_500k
439,never_reached_object,action_clipping,1,0.0,0.3884547695970575,,randomized_500k
440,never_reached_object,action_clipping,1,0.0,0.3884547695970575,,randomized_500k
441,never_reached_object,action_clipping,1,0.0,0.3884547695970575,,randomized_500k
442,never_reached_object,action_clipping,1,0.0,0.3884547695970575,,randomized_500k
443,never_reached_object,action_clipping,1,0.0,0.3884547695970575,,randomized_500k
444,never_reached_object,action_clipping,1,0.0,0.3884547695970575,,randomized_500k
445,never_reached_object,action_clipping,1,0.0,0.3884547695970575,,randomized_500k
446,never_reached_object,action_clipping,1,0.0,0.3884547695970575,,randomized_500k
447,never_reached_object,action_clipping,1,0.0,0.3884547695970575,,randomized_500k
448,never_reached_object,action_clipping,1,0.0,0.3884547695970575,,randomized_500k
449,never_reached_object,action_clipping,1,0.0,0.3884547695970575,,randomized_500k
450,never_reached_object,action_delay,1,0.0,0.3884547695970575,,randomized_500k
451,never_reached_object,action_delay,1,0.0,0.3884547695970575,,randomized_500k
452,never_reached_object,action_delay,1,0.0,0.3884547695970575,,randomized_500k
453,never_reached_object,action_delay,1,0.0,0.3884547695970575,,randomized_500k
454,never_reached_object,action_delay,1,0.0,0.3884547695970575,,randomized_500k
455,never_reached_object,action_delay,1,0.0,0.3884547695970575,,randomized_500k
456,never_reached_object,action_delay,1,0.0,0.3884547695970575,,randomized_500k
457,never_reached_object,action_delay,1,0.0,0.3884547695970575,,randomized_500k
458,never_reached_object,action_delay,1,0.0,0.3884547695970575,,randomized_500k
459,never_reached_object,action_delay,1,0.0,0.3884547695970575,,randomized_500k
460,never_reached_object,action_delay,1,0.0,0.3884547695970575,,randomized_500k
461,never_reached_object,action_delay,1,0.0,0.3884547695970575,,randomized_500k
462,never_reached_object,action_delay,1,0.0,0.3884547695970575,,randomized_500k
463,never_reached_object,action_delay,1,0.0,0.3884547695970575,,randomized_500k
464,never_reached_object,action_delay,1,0.0,0.3884547695970575,,randomized_500k
465,never_reached_object,action_delay,1,0.0,0.3884547695970575,,randomized_500k
466,never_reached_object,action_delay,1,0.0,0.3884547695970575,,randomized_500k
467,never_reached_object,action_delay,1,0.0,0.3884547695970575,,randomized_500k
468,never_reached_object,action_delay,1,0.0,0.3884547695970575,,randomized_500k
469,never_reached_object,action_delay,1,0.0,0.3884547695970575,,randomized_500k
470,never_reached_object,action_delay,1,0.0,0.3884547695970575,,randomized_500k
471,never_reached_object,action_delay,1,0.0,0.3884547695970575,,randomized_500k
472,never_reached_object,action_delay,1,0.0,0.3884547695970575,,randomized_500k
473,never_reached_object,action_delay,1,0.0,0.3884547695970575,,randomized_500k
474,never_reached_object,action_delay,1,0.0,0.3884547695970575,,randomized_500k
475,never_reached_object,action_delay,1,0.0,0.3884547695970575,,randomized_500k
476,never_reached_object,action_delay,1,0.0,0.3884547695970575,,randomized_500k
477,never_reached_object,action_delay,1,0.0,0.3884547695970575,,randomized_500k
478,never_reached_object,action_delay,1,0.0,0.3884547695970575,,randomized_500k
479,never_reached_object,action_delay,1,0.0,0.3884547695970575,,randomized_500k
480,never_reached_object,action_reversal,1,0.0,0.3884547695970575,,randomized_500k
481,never_reached_object,action_reversal,1,0.0,0.3884547695970575,,randomized_500k
482,never_reached_object,action_reversal,1,0.0,0.3884547695970575,,randomized_500k
483,never_reached_object,action_reversal,1,0.0,0.3884547695970575,,randomized_500k
484,never_reached_object,action_reversal,1,0.0,0.3884547695970575,,randomized_500k
485,never_reached_object,action_reversal,1,0.0,0.3884547695970575,,randomized_500k
486,never_reached_object,action_reversal,1,0.0,0.3884547695970575,,randomized_500k
487,never_reached_object,action_reversal,1,0.0,0.3884547695970575,,randomized_500k
488,never_reached_object,action_reversal,1,0.0,0.3884547695970575,,randomized_500k
489,never_reached_object,action_reversal,1,0.0,0.3884547695970575,,randomized_500k
490,never_reached_object,action_reversal,1,0.0,0.3884547695970575,,randomized_500k
491,never_reached_object,action_reversal,1,0.0,0.3884547695970575,,randomized_500k
492,never_reached_object,action_reversal,1,0.0,0.3884547695970575,,randomized_500k
493,never_reached_object,action_reversal,1,0.0,0.3884547695970575,,randomized_500k
494,never_reached_object,action_reversal,1,0.0,0.3884547695970575,,randomized_500k
495,never_reached_object,action_reversal,1,0.0,0.3884547695970575,,randomized_500k
496,never_reached_object,action_reversal,1,0.0,0.3884547695970575,,randomized_500k
497,never_reached_object,action_reversal,1,0.0,0.3884547695970575,,randomized_500k
498,never_reached_object,action_reversal,1,0.0,0.3884547695970575,,randomized_500k
499,never_reached_object,action_reversal,1,0.0,0.3884547695970575,,randomized_500k
500,never_reached_object,action_reversal,1,0.0,0.3884547695970575,,randomized_500k
501,never_reached_object,action_reversal,1,0.0,0.3884547695970575,,randomized_500k
502,never_reached_object,action_reversal,1,0.0,0.3884547695970575,,randomized_500k
503,never_reached_object,action_reversal,1,0.0,0.3884547695970575,,randomized_500k
504,never_reached_object,action_reversal,1,0.0,0.3884547695970575,,randomized_500k
505,never_reached_object,action_reversal,1,0.0,0.3884547695970575,,randomized_500k
506,never_reached_object,action_reversal,1,0.0,0.3884547695970575,,randomized_500k
507,never_reached_object,action_reversal,1,0.0,0.3884547695970575,,randomized_500k
508,never_reached_object,action_reversal,1,0.0,0.3884547695970575,,randomized_500k
509,never_reached_object,action_reversal,1,0.0,0.3884547695970575,,randomized_500k
510,never_reached_object,goal_spoof_immediate,1,0.0,0.3884547695970575,,randomized_500k
511,never_reached_object,goal_spoof_immediate,1,0.0,0.3884547695970575,,randomized_500k
512,never_reached_object,goal_spoof_immediate,1,0.0,0.3884547695970575,,randomized_500k
513,never_reached_object,goal_spoof_immediate,1,0.0,0.3884547695970575,,randomized_500k
514,never_reached_object,goal_spoof_immediate,1,0.0,0.3884547695970575,,randomized_500k
515,never_reached_object,goal_spoof_immediate,1,0.0,0.3884547695970575,,randomized_500k
516,never_reached_object,goal_spoof_immediate,1,0.0,0.3884547695970575,,randomized_500k
517,never_reached_object,goal_spoof_immediate,1,0.0,0.3884547695970575,,randomized_500k
518,never_reached_object,goal_spoof_immediate,1,0.0,0.3884547695970575,,randomized_500k
519,never_reached_object,goal_spoof_immediate,1,0.0,0.3884547695970575,,randomized_500k
520,never_reached_object,goal_spoof_immediate,1,0.0,0.3884547695970575,,randomized_500k
521,never_reached_object,goal_spoof_immediate,1,0.0,0.3884547695970575,,randomized_500k
522,never_reached_object,goal_spoof_immediate,1,0.0,0.3884547695970575,,randomized_500k
523,never_reached_object,goal_spoof_immediate,1,0.0,0.3884547695970575,,randomized_500k
524,never_reached_object,goal_spoof_immediate,1,0.0,0.3884547695970575,,randomized_500k
525,never_reached_object,goal_spoof_immediate,1,0.0,0.3884547695970575,,randomized_500k
526,never_reached_object,goal_spoof_immediate,1,0.0,0.3884547695970575,,randomized_500k
527,never_reached_object,goal_spoof_immediate,1,0.0,0.3884547695970575,,randomized_500k
528,never_reached_object,goal_spoof_immediate,1,0.0,0.3884547695970575,,randomized_500k
529,never_reached_object,goal_spoof_immediate,1,0.0,0.3884547695970575,,randomized_500k
530,never_reached_object,goal_spoof_immediate,1,0.0,0.3884547695970575,,randomized_500k
531,never_reached_object,goal_spoof_immediate,1,0.0,0.3884547695970575,,randomized_500k
532,never_reached_object,goal_spoof_immediate,1,0.0,0.3884547695970575,,randomized_500k
533,never_reached_object,goal_spoof_immediate,1,0.0,0.3884547695970575,,randomized_500k
534,never_reached_object,goal_spoof_immediate,1,0.0,0.3884547695970575,,randomized_500k
535,never_reached_object,goal_spoof_immediate,1,0.0,0.3884547695970575,,randomized_500k
536,never_reached_object,goal_spoof_immediate,1,0.0,0.3884547695970575,,randomized_500k
537,never_reached_object,goal_spoof_immediate,1,0.0,0.3884547695970575,,randomized_500k
538,never_reached_object,goal_spoof_immediate,1,0.0,0.3884547695970575,,randomized_500k
539,never_reached_object,goal_spoof_immediate,1,0.0,0.3884547695970575,,randomized_500k
540,never_reached_object,goal_spoof_midep,1,0.0,0.3884547695970575,,randomized_500k
541,never_reached_object,goal_spoof_midep,1,0.0,0.3884547695970575,,randomized_500k
542,never_reached_object,goal_spoof_midep,1,0.0,0.3884547695970575,,randomized_500k
543,never_reached_object,goal_spoof_midep,1,0.0,0.3884547695970575,,randomized_500k
544,never_reached_object,goal_spoof_midep,1,0.0,0.3884547695970575,,randomized_500k
545,never_reached_object,goal_spoof_midep,1,0.0,0.3884547695970575,,randomized_500k
546,never_reached_object,goal_spoof_midep,1,0.0,0.3884547695970575,,randomized_500k
547,never_reached_object,goal_spoof_midep,1,0.0,0.3884547695970575,,randomized_500k
548,never_reached_object,goal_spoof_midep,1,0.0,0.3884547695970575,,randomized_500k
549,never_reached_object,goal_spoof_midep,1,0.0,0.3884547695970575,,randomized_500k
550,never_reached_object,goal_spoof_midep,1,0.0,0.3884547695970575,,randomized_500k
551,never_reached_object,goal_spoof_midep,1,0.0,0.3884547695970575,,randomized_500k
552,never_reached_object,goal_spoof_midep,1,0.0,0.3884547695970575,,randomized_500k
553,never_reached_object,goal_spoof_midep,1,0.0,0.3884547695970575,,randomized_500k
554,never_reached_object,goal_spoof_midep,1,0.0,0.3884547695970575,,randomized_500k
555,never_reached_object,goal_spoof_midep,1,0.0,0.3884547695970575,,randomized_500k
556,never_reached_object,goal_spoof_midep,1,0.0,0.3884547695970575,,randomized_500k
557,never_reached_object,goal_spoof_midep,1,0.0,0.3884547695970575,,randomized_500k
558,never_reached_object,goal_spoof_midep,1,0.0,0.3884547695970575,,randomized_500k
559,never_reached_object,goal_spoof_midep,1,0.0,0.3884547695970575,,randomized_500k
560,never_reached_object,goal_spoof_midep,1,0.0,0.3884547695970575,,randomized_500k
561,never_reached_object,goal_spoof_midep,1,0.0,0.3884547695970575,,randomized_500k
562,never_reached_object,goal_spoof_midep,1,0.0,0.3884547695970575,,randomized_500k
563,never_reached_object,goal_spoof_midep,1,0.0,0.3884547695970575,,randomized_500k
564,never_reached_object,goal_spoof_midep,1,0.0,0.3884547695970575,,randomized_500k
565,never_reached_object,goal_spoof_midep,1,0.0,0.3884547695970575,,randomized_500k
566,never_reached_object,goal_spoof_midep,1,0.0,0.3884547695970575,,randomized_500k
567,never_reached_object,goal_spoof_midep,1,0.0,0.3884547695970575,,randomized_500k
568,never_reached_object,goal_spoof_midep,1,0.0,0.3884547695970575,,randomized_500k
569,never_reached_object,goal_spoof_midep,1,0.0,0.3884547695970575,,randomized_500k
570,never_reached_object,object_pose_spoof,1,0.0,0.3884547695970575,,randomized_500k
571,never_reached_object,object_pose_spoof,1,0.0,0.3884547695970575,,randomized_500k
572,never_reached_object,object_pose_spoof,1,0.0,0.3884547695970575,,randomized_500k
573,never_reached_object,object_pose_spoof,1,0.0,0.3884547695970575,,randomized_500k
574,never_reached_object,object_pose_spoof,1,0.0,0.3884547695970575,,randomized_500k
575,never_reached_object,object_pose_spoof,1,0.0,0.3884547695970575,,randomized_500k
576,never_reached_object,object_pose_spoof,1,0.0,0.3884547695970575,,randomized_500k
577,never_reached_object,object_pose_spoof,1,0.0,0.3884547695970575,,randomized_500k
578,never_reached_object,object_pose_spoof,1,0.0,0.3884547695970575,,randomized_500k
579,never_reached_object,object_pose_spoof,1,0.0,0.3884547695970575,,randomized_500k
580,never_reached_object,object_pose_spoof,1,0.0,0.3884547695970575,,randomized_500k
581,never_reached_object,object_pose_spoof,1,0.0,0.3884547695970575,,randomized_500k
582,never_reached_object,object_pose_spoof,1,0.0,0.3884547695970575,,randomized_500k
583,never_reached_object,object_pose_spoof,1,0.0,0.3884547695970575,,randomized_500k
584,never_reached_object,object_pose_spoof,1,0.0,0.3884547695970575,,randomized_500k
585,never_reached_object,object_pose_spoof,1,0.0,0.3884547695970575,,randomized_500k
586,never_reached_object,object_pose_spoof,1,0.0,0.3884547695970575,,randomized_500k
587,never_reached_object,object_pose_spoof,1,0.0,0.3884547695970575,,randomized_500k
588,never_reached_object,object_pose_spoof,1,0.0,0.3884547695970575,,randomized_500k
589,never_reached_object,object_pose_spoof,1,0.0,0.3884547695970575,,randomized_500k
590,never_reached_object,object_pose_spoof,1,0.0,0.3884547695970575,,randomized_500k
591,never_reached_object,object_pose_spoof,1,0.0,0.3884547695970575,,randomized_500k
592,never_reached_object,object_pose_spoof,1,0.0,0.3884547695970575,,randomized_500k
593,never_reached_object,object_pose_spoof,1,0.0,0.3884547695970575,,randomized_500k
594,never_reached_object,object_pose_spoof,1,0.0,0.3884547695970575,,randomized_500k
595,never_reached_object,object_pose_spoof,1,0.0,0.3884547695970575,,randomized_500k
596,never_reached_object,object_pose_spoof,1,0.0,0.3884547695970575,,randomized_500k
597,never_reached_object,object_pose_spoof,1,0.0,0.3884547695970575,,randomized_500k
598,never_reached_object,object_pose_spoof,1,0.0,0.3884547695970575,,randomized_500k
599,never_reached_object,object_pose_spoof,1,0.0,0.3884547695970575,,randomized_500k
600,never_reached_object,grip_state_falsification,1,0.0,0.3884547695970575,,randomized_500k
601,never_reached_object,grip_state_falsification,1,0.0,0.3884547695970575,,randomized_500k
602,never_reached_object,grip_state_falsification,1,0.0,0.3884547695970575,,randomized_500k
603,never_reached_object,grip_state_falsification,1,0.0,0.3884547695970575,,randomized_500k
604,never_reached_object,grip_state_falsification,1,0.0,0.3884547695970575,,randomized_500k
605,never_reached_object,grip_state_falsification,1,0.0,0.3884547695970575,,randomized_500k
606,never_reached_object,grip_state_falsification,1,0.0,0.3884547695970575,,randomized_500k
607,never_reached_object,grip_state_falsification,1,0.0,0.3884547695970575,,randomized_500k
608,never_reached_object,grip_state_falsification,1,0.0,0.3884547695970575,,randomized_500k
609,never_reached_object,grip_state_falsification,1,0.0,0.3884547695970575,,randomized_500k
610,never_reached_object,grip_state_falsification,1,0.0,0.3884547695970575,,randomized_500k
611,never_reached_object,grip_state_falsification,1,0.0,0.3884547695970575,,randomized_500k
612,never_reached_object,grip_state_falsification,1,0.0,0.3884547695970575,,randomized_500k
613,never_reached_object,grip_state_falsification,1,0.0,0.3884547695970575,,randomized_500k
614,never_reached_object,grip_state_falsification,1,0.0,0.3884547695970575,,randomized_500k
615,never_reached_object,grip_state_falsification,1,0.0,0.3884547695970575,,randomized_500k
616,never_reached_object,grip_state_falsification,1,0.0,0.3884547695970575,,randomized_500k
617,never_reached_object,grip_state_falsification,1,0.0,0.3884547695970575,,randomized_500k
618,never_reached_object,grip_state_falsification,1,0.0,0.3884547695970575,,randomized_500k
619,never_reached_object,grip_state_falsification,1,0.0,0.3884547695970575,,randomized_500k
620,never_reached_object,grip_state_falsification,1,0.0,0.3884547695970575,,randomized_500k
621,never_reached_object,grip_state_falsification,1,0.0,0.3884547695970575,,randomized_500k
622,never_reached_object,grip_state_falsification,1,0.0,0.3884547695970575,,randomized_500k
623,never_reached_object,grip_state_falsification,1,0.0,0.3884547695970575,,randomized_500k
624,never_reached_object,grip_state_falsification,1,0.0,0.3884547695970575,,randomized_500k
625,never_reached_object,grip_state_falsification,1,0.0,0.3884547695970575,,randomized_500k
626,never_reached_object,grip_state_falsification,1,0.0,0.3884547695970575,,randomized_500k
627,never_reached_object,grip_state_falsification,1,0.0,0.3884547695970575,,randomized_500k
628,never_reached_object,grip_state_falsification,1,0.0,0.3884547695970575,,randomized_500k
629,never_reached_object,grip_state_falsification,1,0.0,0.3884547695970575,,randomized_500k
630,never_reached_object,contact_dropout,1,0.0,0.3884547695970575,,randomized_500k
631,never_reached_object,contact_dropout,1,0.0,0.3884547695970575,,randomized_500k
632,never_reached_object,contact_dropout,1,0.0,0.3884547695970575,,randomized_500k
633,never_reached_object,contact_dropout,1,0.0,0.3884547695970575,,randomized_500k
634,never_reached_object,contact_dropout,1,0.0,0.3884547695970575,,randomized_500k
635,never_reached_object,contact_dropout,1,0.0,0.3884547695970575,,randomized_500k
636,never_reached_object,contact_dropout,1,0.0,0.3884547695970575,,randomized_500k
637,never_reached_object,contact_dropout,1,0.0,0.3884547695970575,,randomized_500k
638,never_reached_object,contact_dropout,1,0.0,0.3884547695970575,,randomized_500k
639,never_reached_object,contact_dropout,1,0.0,0.3884547695970575,,randomized_500k
640,never_reached_object,contact_dropout,1,0.0,0.3884547695970575,,randomized_500k
641,never_reached_object,contact_dropout,1,0.0,0.3884547695970575,,randomized_500k
642,never_reached_object,contact_dropout,1,0.0,0.3884547695970575,,randomized_500k
643,never_reached_object,contact_dropout,1,0.0,0.3884547695970575,,randomized_500k
644,never_reached_object,contact_dropout,1,0.0,0.3884547695970575,,randomized_500k
645,never_reached_object,contact_dropout,1,0.0,0.3884547695970575,,randomized_500k
646,never_reached_object,contact_dropout,1,0.0,0.3884547695970575,,randomized_500k
647,never_reached_object,contact_dropout,1,0.0,0.3884547695970575,,randomized_500k
648,never_reached_object,contact_dropout,1,0.0,0.3884547695970575,,randomized_500k
649,never_reached_object,contact_dropout,1,0.0,0.3884547695970575,,randomized_500k
650,never_reached_object,contact_dropout,1,0.0,0.3884547695970575,,randomized_500k
651,never_reached_object,contact_dropout,1,0.0,0.3884547695970575,,randomized_500k
652,never_reached_object,contact_dropout,1,0.0,0.3884547695970575,,randomized_500k
653,never_reached_object,contact_dropout,1,0.0,0.3884547695970575,,randomized_500k
654,never_reached_object,contact_dropout,1,0.0,0.3884547695970575,,randomized_500k
655,never_reached_object,contact_dropout,1,0.0,0.3884547695970575,,randomized_500k
656,never_reached_object,contact_dropout,1,0.0,0.3884547695970575,,randomized_500k
657,never_reached_object,contact_dropout,1,0.0,0.3884547695970575,,randomized_500k
658,never_reached_object,contact_dropout,1,0.0,0.3884547695970575,,randomized_500k
659,never_reached_object,contact_dropout,1,0.0,0.3884547695970575,,randomized_500k
660,never_reached_object,clean,2,0.0,0.2364647540081676,,randomized_500k
661,never_reached_object,clean,2,0.0,0.2364647540081676,,randomized_500k
662,never_reached_object,clean,2,0.0,0.2364647540081676,,randomized_500k
663,never_reached_object,clean,2,0.0,0.2364647540081676,,randomized_500k
664,never_reached_object,clean,2,0.0,0.2364647540081676,,randomized_500k
665,never_reached_object,clean,2,0.0,0.2364647540081676,,randomized_500k
666,never_reached_object,clean,2,0.0,0.2364647540081676,,randomized_500k
667,never_reached_object,clean,2,0.0,0.2364647540081676,,randomized_500k
668,never_reached_object,clean,2,0.0,0.2364647540081676,,randomized_500k
669,never_reached_object,clean,2,0.0,0.2364647540081676,,randomized_500k
670,never_reached_object,clean,2,0.0,0.2364647540081676,,randomized_500k
671,never_reached_object,clean,2,0.0,0.2364647540081676,,randomized_500k
672,never_reached_object,clean,2,0.0,0.2364647540081676,,randomized_500k
673,never_reached_object,clean,2,0.0,0.2364647540081676,,randomized_500k
674,never_reached_object,clean,2,0.0,0.2364647540081676,,randomized_500k
675,never_reached_object,clean,2,0.0,0.2364647540081676,,randomized_500k
676,never_reached_object,clean,2,0.0,0.2364647540081676,,randomized_500k
677,never_reached_object,clean,2,0.0,0.2364647540081676,,randomized_500k
678,never_reached_object,clean,2,0.0,0.2364647540081676,,randomized_500k
679,never_reached_object,clean,2,0.0,0.2364647540081676,,randomized_500k
680,never_reached_object,clean,2,0.0,0.2364647540081676,,randomized_500k
681,never_reached_object,clean,2,0.0,0.2364647540081676,,randomized_500k
682,never_reached_object,clean,2,0.0,0.2364647540081676,,randomized_500k
683,never_reached_object,clean,2,0.0,0.2364647540081676,,randomized_500k
684,never_reached_object,clean,2,0.0,0.2364647540081676,,randomized_500k
685,never_reached_object,clean,2,0.0,0.2364647540081676,,randomized_500k
686,never_reached_object,clean,2,0.0,0.2364647540081676,,randomized_500k
687,never_reached_object,clean,2,0.0,0.2364647540081676,,randomized_500k
688,never_reached_object,clean,2,0.0,0.2364647540081676,,randomized_500k
689,never_reached_object,clean,2,0.0,0.2364647540081676,,randomized_500k
690,never_reached_object,sensor_dropout,2,0.0,0.2364647540081676,,randomized_500k
691,never_reached_object,sensor_dropout,2,0.0,0.2364647540081676,,randomized_500k
692,never_reached_object,sensor_dropout,2,0.0,0.2364647540081676,,randomized_500k
693,never_reached_object,sensor_dropout,2,0.0,0.2364647540081676,,randomized_500k
694,never_reached_object,sensor_dropout,2,0.0,0.2364647540081676,,randomized_500k
695,never_reached_object,sensor_dropout,2,0.0,0.2364647540081676,,randomized_500k
696,never_reached_object,sensor_dropout,2,0.0,0.2364647540081676,,randomized_500k
697,never_reached_object,sensor_dropout,2,0.0,0.2364647540081676,,randomized_500k
698,never_reached_object,sensor_dropout,2,0.0,0.2364647540081676,,randomized_500k
699,never_reached_object,sensor_dropout,2,0.0,0.2364647540081676,,randomized_500k
700,never_reached_object,sensor_dropout,2,0.0,0.2364647540081676,,randomized_500k
701,never_reached_object,sensor_dropout,2,0.0,0.2364647540081676,,randomized_500k
702,never_reached_object,sensor_dropout,2,0.0,0.2364647540081676,,randomized_500k
703,never_reached_object,sensor_dropout,2,0.0,0.2364647540081676,,randomized_500k
704,never_reached_object,sensor_dropout,2,0.0,0.2364647540081676,,randomized_500k
705,never_reached_object,sensor_dropout,2,0.0,0.2364647540081676,,randomized_500k
706,never_reached_object,sensor_dropout,2,0.0,0.2364647540081676,,randomized_500k
707,never_reached_object,sensor_dropout,2,0.0,0.2364647540081676,,randomized_500k
708,never_reached_object,sensor_dropout,2,0.0,0.2364647540081676,,randomized_500k
709,never_reached_object,sensor_dropout,2,0.0,0.2364647540081676,,randomized_500k
710,never_reached_object,sensor_dropout,2,0.0,0.2364647540081676,,randomized_500k
711,never_reached_object,sensor_dropout,2,0.0,0.2364647540081676,,randomized_500k
712,never_reached_object,sensor_dropout,2,0.0,0.2364647540081676,,randomized_500k
713,never_reached_object,sensor_dropout,2,0.0,0.2364647540081676,,randomized_500k
714,never_reached_object,sensor_dropout,2,0.0,0.2364647540081676,,randomized_500k
715,never_reached_object,sensor_dropout,2,0.0,0.2364647540081676,,randomized_500k
716,never_reached_object,sensor_dropout,2,0.0,0.2364647540081676,,randomized_500k
717,never_reached_object,sensor_dropout,2,0.0,0.2364647540081676,,randomized_500k
718,never_reached_object,sensor_dropout,2,0.0,0.2364647540081676,,randomized_500k
719,never_reached_object,sensor_dropout,2,0.0,0.2364647540081676,,randomized_500k
720,never_reached_object,sensor_bias,2,0.0,0.2364647540081676,,randomized_500k
721,never_reached_object,sensor_bias,2,0.0,0.2364647540081676,,randomized_500k
722,never_reached_object,sensor_bias,2,0.0,0.2364647540081676,,randomized_500k
723,never_reached_object,sensor_bias,2,0.0,0.2364647540081676,,randomized_500k
724,never_reached_object,sensor_bias,2,0.0,0.2364647540081676,,randomized_500k
725,never_reached_object,sensor_bias,2,0.0,0.2364647540081676,,randomized_500k
726,never_reached_object,sensor_bias,2,0.0,0.2364647540081676,,randomized_500k
727,never_reached_object,sensor_bias,2,0.0,0.2364647540081676,,randomized_500k
728,never_reached_object,sensor_bias,2,0.0,0.2364647540081676,,randomized_500k
729,never_reached_object,sensor_bias,2,0.0,0.2364647540081676,,randomized_500k
730,never_reached_object,sensor_bias,2,0.0,0.2364647540081676,,randomized_500k
731,never_reached_object,sensor_bias,2,0.0,0.2364647540081676,,randomized_500k
732,never_reached_object,sensor_bias,2,0.0,0.2364647540081676,,randomized_500k
733,never_reached_object,sensor_bias,2,0.0,0.2364647540081676,,randomized_500k
734,never_reached_object,sensor_bias,2,0.0,0.2364647540081676,,randomized_500k
735,never_reached_object,sensor_bias,2,0.0,0.2364647540081676,,randomized_500k
736,never_reached_object,sensor_bias,2,0.0,0.2364647540081676,,randomized_500k
737,never_reached_object,sensor_bias,2,0.0,0.2364647540081676,,randomized_500k
738,never_reached_object,sensor_bias,2,0.0,0.2364647540081676,,randomized_500k
739,never_reached_object,sensor_bias,2,0.0,0.2364647540081676,,randomized_500k
740,never_reached_object,sensor_bias,2,0.0,0.2364647540081676,,randomized_500k
741,never_reached_object,sensor_bias,2,0.0,0.2364647540081676,,randomized_500k
742,never_reached_object,sensor_bias,2,0.0,0.2364647540081676,,randomized_500k
743,never_reached_object,sensor_bias,2,0.0,0.2364647540081676,,randomized_500k
744,never_reached_object,sensor_bias,2,0.0,0.2364647540081676,,randomized_500k
745,never_reached_object,sensor_bias,2,0.0,0.2364647540081676,,randomized_500k
746,never_reached_object,sensor_bias,2,0.0,0.2364647540081676,,randomized_500k
747,never_reached_object,sensor_bias,2,0.0,0.2364647540081676,,randomized_500k
748,never_reached_object,sensor_bias,2,0.0,0.2364647540081676,,randomized_500k
749,never_reached_object,sensor_bias,2,0.0,0.2364647540081676,,randomized_500k
750,never_reached_object,action_clipping,2,0.0,0.2364647540081676,,randomized_500k
751,never_reached_object,action_clipping,2,0.0,0.2364647540081676,,randomized_500k
752,never_reached_object,action_clipping,2,0.0,0.2364647540081676,,randomized_500k
753,never_reached_object,action_clipping,2,0.0,0.2364647540081676,,randomized_500k
754,never_reached_object,action_clipping,2,0.0,0.2364647540081676,,randomized_500k
755,never_reached_object,action_clipping,2,0.0,0.2364647540081676,,randomized_500k
756,never_reached_object,action_clipping,2,0.0,0.2364647540081676,,randomized_500k
757,never_reached_object,action_clipping,2,0.0,0.2364647540081676,,randomized_500k
758,never_reached_object,action_clipping,2,0.0,0.2364647540081676,,randomized_500k
759,never_reached_object,action_clipping,2,0.0,0.2364647540081676,,randomized_500k
760,never_reached_object,action_clipping,2,0.0,0.2364647540081676,,randomized_500k
761,never_reached_object,action_clipping,2,0.0,0.2364647540081676,,randomized_500k
762,never_reached_object,action_clipping,2,0.0,0.2364647540081676,,randomized_500k
763,never_reached_object,action_clipping,2,0.0,0.2364647540081676,,randomized_500k
764,never_reached_object,action_clipping,2,0.0,0.2364647540081676,,randomized_500k
765,never_reached_object,action_clipping,2,0.0,0.2364647540081676,,randomized_500k
766,never_reached_object,action_clipping,2,0.0,0.2364647540081676,,randomized_500k
767,never_reached_object,action_clipping,2,0.0,0.2364647540081676,,randomized_500k
768,never_reached_object,action_clipping,2,0.0,0.2364647540081676,,randomized_500k
769,never_reached_object,action_clipping,2,0.0,0.2364647540081676,,randomized_500k
770,never_reached_object,action_clipping,2,0.0,0.2364647540081676,,randomized_500k
771,never_reached_object,action_clipping,2,0.0,0.2364647540081676,,randomized_500k
772,never_reached_object,action_clipping,2,0.0,0.2364647540081676,,randomized_500k
773,never_reached_object,action_clipping,2,0.0,0.2364647540081676,,randomized_500k
774,never_reached_object,action_clipping,2,0.0,0.2364647540081676,,randomized_500k
775,never_reached_object,action_clipping,2,0.0,0.2364647540081676,,randomized_500k
776,never_reached_object,action_clipping,2,0.0,0.2364647540081676,,randomized_500k
777,never_reached_object,action_clipping,2,0.0,0.2364647540081676,,randomized_500k
778,never_reached_object,action_clipping,2,0.0,0.2364647540081676,,randomized_500k
779,never_reached_object,action_clipping,2,0.0,0.2364647540081676,,randomized_500k
780,never_reached_object,action_delay,2,0.0,0.2364647540081676,,randomized_500k
781,never_reached_object,action_delay,2,0.0,0.2364647540081676,,randomized_500k
782,never_reached_object,action_delay,2,0.0,0.2364647540081676,,randomized_500k
783,never_reached_object,action_delay,2,0.0,0.2364647540081676,,randomized_500k
784,never_reached_object,action_delay,2,0.0,0.2364647540081676,,randomized_500k
785,never_reached_object,action_delay,2,0.0,0.2364647540081676,,randomized_500k
786,never_reached_object,action_delay,2,0.0,0.2364647540081676,,randomized_500k
787,never_reached_object,action_delay,2,0.0,0.2364647540081676,,randomized_500k
788,never_reached_object,action_delay,2,0.0,0.2364647540081676,,randomized_500k
789,never_reached_object,action_delay,2,0.0,0.2364647540081676,,randomized_500k
790,never_reached_object,action_delay,2,0.0,0.2364647540081676,,randomized_500k
791,never_reached_object,action_delay,2,0.0,0.2364647540081676,,randomized_500k
792,never_reached_object,action_delay,2,0.0,0.2364647540081676,,randomized_500k
793,never_reached_object,action_delay,2,0.0,0.2364647540081676,,randomized_500k
794,never_reached_object,action_delay,2,0.0,0.2364647540081676,,randomized_500k
795,never_reached_object,action_delay,2,0.0,0.2364647540081676,,randomized_500k
796,never_reached_object,action_delay,2,0.0,0.2364647540081676,,randomized_500k
797,never_reached_object,action_delay,2,0.0,0.2364647540081676,,randomized_500k
798,never_reached_object,action_delay,2,0.0,0.2364647540081676,,randomized_500k
799,never_reached_object,action_delay,2,0.0,0.2364647540081676,,randomized_500k
800,never_reached_object,action_delay,2,0.0,0.2364647540081676,,randomized_500k
801,never_reached_object,action_delay,2,0.0,0.2364647540081676,,randomized_500k
802,never_reached_object,action_delay,2,0.0,0.2364647540081676,,randomized_500k
803,never_reached_object,action_delay,2,0.0,0.2364647540081676,,randomized_500k
804,never_reached_object,action_delay,2,0.0,0.2364647540081676,,randomized_500k
805,never_reached_object,action_delay,2,0.0,0.2364647540081676,,randomized_500k
806,never_reached_object,action_delay,2,0.0,0.2364647540081676,,randomized_500k
807,never_reached_object,action_delay,2,0.0,0.2364647540081676,,randomized_500k
808,never_reached_object,action_delay,2,0.0,0.2364647540081676,,randomized_500k
809,never_reached_object,action_delay,2,0.0,0.2364647540081676,,randomized_500k
810,never_reached_object,action_reversal,2,0.0,0.2364647540081676,,randomized_500k
811,never_reached_object,action_reversal,2,0.0,0.2364647540081676,,randomized_500k
812,never_reached_object,action_reversal,2,0.0,0.2364647540081676,,randomized_500k
813,never_reached_object,action_reversal,2,0.0,0.2364647540081676,,randomized_500k
814,never_reached_object,action_reversal,2,0.0,0.2364647540081676,,randomized_500k
815,never_reached_object,action_reversal,2,0.0,0.2364647540081676,,randomized_500k
816,never_reached_object,action_reversal,2,0.0,0.2364647540081676,,randomized_500k
817,never_reached_object,action_reversal,2,0.0,0.2364647540081676,,randomized_500k
818,never_reached_object,action_reversal,2,0.0,0.2364647540081676,,randomized_500k
819,never_reached_object,action_reversal,2,0.0,0.2364647540081676,,randomized_500k
820,never_reached_object,action_reversal,2,0.0,0.2364647540081676,,randomized_500k
821,never_reached_object,action_reversal,2,0.0,0.2364647540081676,,randomized_500k
822,never_reached_object,action_reversal,2,0.0,0.2364647540081676,,randomized_500k
823,never_reached_object,action_reversal,2,0.0,0.2364647540081676,,randomized_500k
824,never_reached_object,action_reversal,2,0.0,0.2364647540081676,,randomized_500k
825,never_reached_object,action_reversal,2,0.0,0.2364647540081676,,randomized_500k
826,never_reached_object,action_reversal,2,0.0,0.2364647540081676,,randomized_500k
827,never_reached_object,action_reversal,2,0.0,0.2364647540081676,,randomized_500k
828,never_reached_object,action_reversal,2,0.0,0.2364647540081676,,randomized_500k
829,never_reached_object,action_reversal,2,0.0,0.2364647540081676,,randomized_500k
830,never_reached_object,action_reversal,2,0.0,0.2364647540081676,,randomized_500k
831,never_reached_object,action_reversal,2,0.0,0.2364647540081676,,randomized_500k
832,never_reached_object,action_reversal,2,0.0,0.2364647540081676,,randomized_500k
833,never_reached_object,action_reversal,2,0.0,0.2364647540081676,,randomized_500k
834,never_reached_object,action_reversal,2,0.0,0.2364647540081676,,randomized_500k
835,never_reached_object,action_reversal,2,0.0,0.2364647540081676,,randomized_500k
836,never_reached_object,action_reversal,2,0.0,0.2364647540081676,,randomized_500k
837,never_reached_object,action_reversal,2,0.0,0.2364647540081676,,randomized_500k
838,never_reached_object,action_reversal,2,0.0,0.2364647540081676,,randomized_500k
839,never_reached_object,action_reversal,2,0.0,0.2364647540081676,,randomized_500k
840,never_reached_object,goal_spoof_immediate,2,0.0,0.2364647540081676,,randomized_500k
841,never_reached_object,goal_spoof_immediate,2,0.0,0.2364647540081676,,randomized_500k
842,never_reached_object,goal_spoof_immediate,2,0.0,0.2364647540081676,,randomized_500k
843,never_reached_object,goal_spoof_immediate,2,0.0,0.2364647540081676,,randomized_500k
844,never_reached_object,goal_spoof_immediate,2,0.0,0.2364647540081676,,randomized_500k
845,never_reached_object,goal_spoof_immediate,2,0.0,0.2364647540081676,,randomized_500k
846,never_reached_object,goal_spoof_immediate,2,0.0,0.2364647540081676,,randomized_500k
847,never_reached_object,goal_spoof_immediate,2,0.0,0.2364647540081676,,randomized_500k
848,never_reached_object,goal_spoof_immediate,2,0.0,0.2364647540081676,,randomized_500k
849,never_reached_object,goal_spoof_immediate,2,0.0,0.2364647540081676,,randomized_500k
850,never_reached_object,goal_spoof_immediate,2,0.0,0.2364647540081676,,randomized_500k
851,never_reached_object,goal_spoof_immediate,2,0.0,0.2364647540081676,,randomized_500k
852,never_reached_object,goal_spoof_immediate,2,0.0,0.2364647540081676,,randomized_500k
853,never_reached_object,goal_spoof_immediate,2,0.0,0.2364647540081676,,randomized_500k
854,never_reached_object,goal_spoof_immediate,2,0.0,0.2364647540081676,,randomized_500k
855,never_reached_object,goal_spoof_immediate,2,0.0,0.2364647540081676,,randomized_500k
856,never_reached_object,goal_spoof_immediate,2,0.0,0.2364647540081676,,randomized_500k
857,never_reached_object,goal_spoof_immediate,2,0.0,0.2364647540081676,,randomized_500k
858,never_reached_object,goal_spoof_immediate,2,0.0,0.2364647540081676,,randomized_500k
859,never_reached_object,goal_spoof_immediate,2,0.0,0.2364647540081676,,randomized_500k
860,never_reached_object,goal_spoof_immediate,2,0.0,0.2364647540081676,,randomized_500k
861,never_reached_object,goal_spoof_immediate,2,0.0,0.2364647540081676,,randomized_500k
862,never_reached_object,goal_spoof_immediate,2,0.0,0.2364647540081676,,randomized_500k
863,never_reached_object,goal_spoof_immediate,2,0.0,0.2364647540081676,,randomized_500k
864,never_reached_object,goal_spoof_immediate,2,0.0,0.2364647540081676,,randomized_500k
865,never_reached_object,goal_spoof_immediate,2,0.0,0.2364647540081676,,randomized_500k
866,never_reached_object,goal_spoof_immediate,2,0.0,0.2364647540081676,,randomized_500k
867,never_reached_object,goal_spoof_immediate,2,0.0,0.2364647540081676,,randomized_500k
868,never_reached_object,goal_spoof_immediate,2,0.0,0.2364647540081676,,randomized_500k
869,never_reached_object,goal_spoof_immediate,2,0.0,0.2364647540081676,,randomized_500k
870,never_reached_object,goal_spoof_midep,2,0.0,0.2364647540081676,,randomized_500k
871,never_reached_object,goal_spoof_midep,2,0.0,0.2364647540081676,,randomized_500k
872,never_reached_object,goal_spoof_midep,2,0.0,0.2364647540081676,,randomized_500k
873,never_reached_object,goal_spoof_midep,2,0.0,0.2364647540081676,,randomized_500k
874,never_reached_object,goal_spoof_midep,2,0.0,0.2364647540081676,,randomized_500k
875,never_reached_object,goal_spoof_midep,2,0.0,0.2364647540081676,,randomized_500k
876,never_reached_object,goal_spoof_midep,2,0.0,0.2364647540081676,,randomized_500k
877,never_reached_object,goal_spoof_midep,2,0.0,0.2364647540081676,,randomized_500k
878,never_reached_object,goal_spoof_midep,2,0.0,0.2364647540081676,,randomized_500k
879,never_reached_object,goal_spoof_midep,2,0.0,0.2364647540081676,,randomized_500k
880,never_reached_object,goal_spoof_midep,2,0.0,0.2364647540081676,,randomized_500k
881,never_reached_object,goal_spoof_midep,2,0.0,0.2364647540081676,,randomized_500k
882,never_reached_object,goal_spoof_midep,2,0.0,0.2364647540081676,,randomized_500k
883,never_reached_object,goal_spoof_midep,2,0.0,0.2364647540081676,,randomized_500k
884,never_reached_object,goal_spoof_midep,2,0.0,0.2364647540081676,,randomized_500k
885,never_reached_object,goal_spoof_midep,2,0.0,0.2364647540081676,,randomized_500k
886,never_reached_object,goal_spoof_midep,2,0.0,0.2364647540081676,,randomized_500k
887,never_reached_object,goal_spoof_midep,2,0.0,0.2364647540081676,,randomized_500k
888,never_reached_object,goal_spoof_midep,2,0.0,0.2364647540081676,,randomized_500k
889,never_reached_object,goal_spoof_midep,2,0.0,0.2364647540081676,,randomized_500k
890,never_reached_object,goal_spoof_midep,2,0.0,0.2364647540081676,,randomized_500k
891,never_reached_object,goal_spoof_midep,2,0.0,0.2364647540081676,,randomized_500k
892,never_reached_object,goal_spoof_midep,2,0.0,0.2364647540081676,,randomized_500k
893,never_reached_object,goal_spoof_midep,2,0.0,0.2364647540081676,,randomized_500k
894,never_reached_object,goal_spoof_midep,2,0.0,0.2364647540081676,,randomized_500k
895,never_reached_object,goal_spoof_midep,2,0.0,0.2364647540081676,,randomized_500k
896,never_reached_object,goal_spoof_midep,2,0.0,0.2364647540081676,,randomized_500k
897,never_reached_object,goal_spoof_midep,2,0.0,0.2364647540081676,,randomized_500k
898,never_reached_object,goal_spoof_midep,2,0.0,0.2364647540081676,,randomized_500k
899,never_reached_object,goal_spoof_midep,2,0.0,0.2364647540081676,,randomized_500k
900,never_reached_object,object_pose_spoof,2,0.0,0.2364647540081676,,randomized_500k
901,never_reached_object,object_pose_spoof,2,0.0,0.2364647540081676,,randomized_500k
902,never_reached_object,object_pose_spoof,2,0.0,0.2364647540081676,,randomized_500k
903,never_reached_object,object_pose_spoof,2,0.0,0.2364647540081676,,randomized_500k
904,never_reached_object,object_pose_spoof,2,0.0,0.2364647540081676,,randomized_500k
905,never_reached_object,object_pose_spoof,2,0.0,0.2364647540081676,,randomized_500k
906,never_reached_object,object_pose_spoof,2,0.0,0.2364647540081676,,randomized_500k
907,never_reached_object,object_pose_spoof,2,0.0,0.2364647540081676,,randomized_500k
908,never_reached_object,object_pose_spoof,2,0.0,0.2364647540081676,,randomized_500k
909,never_reached_object,object_pose_spoof,2,0.0,0.2364647540081676,,randomized_500k
910,never_reached_object,object_pose_spoof,2,0.0,0.2364647540081676,,randomized_500k
911,never_reached_object,object_pose_spoof,2,0.0,0.2364647540081676,,randomized_500k
912,never_reached_object,object_pose_spoof,2,0.0,0.2364647540081676,,randomized_500k
913,never_reached_object,object_pose_spoof,2,0.0,0.2364647540081676,,randomized_500k
914,never_reached_object,object_pose_spoof,2,0.0,0.2364647540081676,,randomized_500k
915,never_reached_object,object_pose_spoof,2,0.0,0.2364647540081676,,randomized_500k
916,never_reached_object,object_pose_spoof,2,0.0,0.2364647540081676,,randomized_500k
917,never_reached_object,object_pose_spoof,2,0.0,0.2364647540081676,,randomized_500k
918,never_reached_object,object_pose_spoof,2,0.0,0.2364647540081676,,randomized_500k
919,never_reached_object,object_pose_spoof,2,0.0,0.2364647540081676,,randomized_500k
920,never_reached_object,object_pose_spoof,2,0.0,0.2364647540081676,,randomized_500k
921,never_reached_object,object_pose_spoof,2,0.0,0.2364647540081676,,randomized_500k
922,never_reached_object,object_pose_spoof,2,0.0,0.2364647540081676,,randomized_500k
923,never_reached_object,object_pose_spoof,2,0.0,0.2364647540081676,,randomized_500k
924,never_reached_object,object_pose_spoof,2,0.0,0.2364647540081676,,randomized_500k
925,never_reached_object,object_pose_spoof,2,0.0,0.2364647540081676,,randomized_500k
926,never_reached_object,object_pose_spoof,2,0.0,0.2364647540081676,,randomized_500k
927,never_reached_object,object_pose_spoof,2,0.0,0.2364647540081676,,randomized_500k
928,never_reached_object,object_pose_spoof,2,0.0,0.2364647540081676,,randomized_500k
929,never_reached_object,object_pose_spoof,2,0.0,0.2364647540081676,,randomized_500k
930,never_reached_object,grip_state_falsification,2,0.0,0.2364647540081676,,randomized_500k
931,never_reached_object,grip_state_falsification,2,0.0,0.2364647540081676,,randomized_500k
932,never_reached_object,grip_state_falsification,2,0.0,0.2364647540081676,,randomized_500k
933,never_reached_object,grip_state_falsification,2,0.0,0.2364647540081676,,randomized_500k
934,never_reached_object,grip_state_falsification,2,0.0,0.2364647540081676,,randomized_500k
935,never_reached_object,grip_state_falsification,2,0.0,0.2364647540081676,,randomized_500k
936,never_reached_object,grip_state_falsification,2,0.0,0.2364647540081676,,randomized_500k
937,never_reached_object,grip_state_falsification,2,0.0,0.2364647540081676,,randomized_500k
938,never_reached_object,grip_state_falsification,2,0.0,0.2364647540081676,,randomized_500k
939,never_reached_object,grip_state_falsification,2,0.0,0.2364647540081676,,randomized_500k
940,never_reached_object,grip_state_falsification,2,0.0,0.2364647540081676,,randomized_500k
941,never_reached_object,grip_state_falsification,2,0.0,0.2364647540081676,,randomized_500k
942,never_reached_object,grip_state_falsification,2,0.0,0.2364647540081676,,randomized_500k
943,never_reached_object,grip_state_falsification,2,0.0,0.2364647540081676,,randomized_500k
944,never_reached_object,grip_state_falsification,2,0.0,0.2364647540081676,,randomized_500k
945,never_reached_object,grip_state_falsification,2,0.0,0.2364647540081676,,randomized_500k
946,never_reached_object,grip_state_falsification,2,0.0,0.2364647540081676,,randomized_500k
947,never_reached_object,grip_state_falsification,2,0.0,0.2364647540081676,,randomized_500k
948,never_reached_object,grip_state_falsification,2,0.0,0.2364647540081676,,randomized_500k
949,never_reached_object,grip_state_falsification,2,0.0,0.2364647540081676,,randomized_500k
950,never_reached_object,grip_state_falsification,2,0.0,0.2364647540081676,,randomized_500k
951,never_reached_object,grip_state_falsification,2,0.0,0.2364647540081676,,randomized_500k
952,never_reached_object,grip_state_falsification,2,0.0,0.2364647540081676,,randomized_500k
953,never_reached_object,grip_state_falsification,2,0.0,0.2364647540081676,,randomized_500k
954,never_reached_object,grip_state_falsification,2,0.0,0.2364647540081676,,randomized_500k
955,never_reached_object,grip_state_falsification,2,0.0,0.2364647540081676,,randomized_500k
956,never_reached_object,grip_state_falsification,2,0.0,0.2364647540081676,,randomized_500k
957,never_reached_object,grip_state_falsification,2,0.0,0.2364647540081676,,randomized_500k
958,never_reached_object,grip_state_falsification,2,0.0,0.2364647540081676,,randomized_500k
959,never_reached_object,grip_state_falsification,2,0.0,0.2364647540081676,,randomized_500k
960,never_reached_object,contact_dropout,2,0.0,0.2364647540081676,,randomized_500k
961,never_reached_object,contact_dropout,2,0.0,0.2364647540081676,,randomized_500k
962,never_reached_object,contact_dropout,2,0.0,0.2364647540081676,,randomized_500k
963,never_reached_object,contact_dropout,2,0.0,0.2364647540081676,,randomized_500k
964,never_reached_object,contact_dropout,2,0.0,0.2364647540081676,,randomized_500k
965,never_reached_object,contact_dropout,2,0.0,0.2364647540081676,,randomized_500k
966,never_reached_object,contact_dropout,2,0.0,0.2364647540081676,,randomized_500k
967,never_reached_object,contact_dropout,2,0.0,0.2364647540081676,,randomized_500k
968,never_reached_object,contact_dropout,2,0.0,0.2364647540081676,,randomized_500k
969,never_reached_object,contact_dropout,2,0.0,0.2364647540081676,,randomized_500k
970,never_reached_object,contact_dropout,2,0.0,0.2364647540081676,,randomized_500k
971,never_reached_object,contact_dropout,2,0.0,0.2364647540081676,,randomized_500k
972,never_reached_object,contact_dropout,2,0.0,0.2364647540081676,,randomized_500k
973,never_reached_object,contact_dropout,2,0.0,0.2364647540081676,,randomized_500k
974,never_reached_object,contact_dropout,2,0.0,0.2364647540081676,,randomized_500k
975,never_reached_object,contact_dropout,2,0.0,0.2364647540081676,,randomized_500k
976,never_reached_object,contact_dropout,2,0.0,0.2364647540081676,,randomized_500k
977,never_reached_object,contact_dropout,2,0.0,0.2364647540081676,,randomized_500k
978,never_reached_object,contact_dropout,2,0.0,0.2364647540081676,,randomized_500k
979,never_reached_object,contact_dropout,2,0.0,0.2364647540081676,,randomized_500k
980,never_reached_object,contact_dropout,2,0.0,0.2364647540081676,,randomized_500k
981,never_reached_object,contact_dropout,2,0.0,0.2364647540081676,,randomized_500k
982,never_reached_object,contact_dropout,2,0.0,0.2364647540081676,,randomized_500k
983,never_reached_object,contact_dropout,2,0.0,0.2364647540081676,,randomized_500k
984,never_reached_object,contact_dropout,2,0.0,0.2364647540081676,,randomized_500k
985,never_reached_object,contact_dropout,2,0.0,0.2364647540081676,,randomized_500k
986,never_reached_object,contact_dropout,2,0.0,0.2364647540081676,,randomized_500k
987,never_reached_object,contact_dropout,2,0.0,0.2364647540081676,,randomized_500k
988,never_reached_object,contact_dropout,2,0.0,0.2364647540081676,,randomized_500k
989,never_reached_object,contact_dropout,2,0.0,0.2364647540081676,,randomized_500k
990,never_reached_object,clean,3,0.0,0.3213978804705762,,randomized_500k
991,never_reached_object,clean,3,0.0,0.3213978804705762,,randomized_500k
992,never_reached_object,clean,3,0.0,0.3213978804705762,,randomized_500k
993,never_reached_object,clean,3,0.0,0.3213978804705762,,randomized_500k
994,never_reached_object,clean,3,0.0,0.3213978804705762,,randomized_500k
995,never_reached_object,clean,3,0.0,0.3213978804705762,,randomized_500k
996,never_reached_object,clean,3,0.0,0.3213978804705762,,randomized_500k
997,never_reached_object,clean,3,0.0,0.3213978804705762,,randomized_500k
998,never_reached_object,clean,3,0.0,0.3213978804705762,,randomized_500k
999,never_reached_object,clean,3,0.0,0.3213978804705762,,randomized_500k
1000,never_reached_object,clean,3,0.0,0.3213978804705762,,randomized_500k
1001,never_reached_object,clean,3,0.0,0.3213978804705762,,randomized_500k
1002,never_reached_object,clean,3,0.0,0.3213978804705762,,randomized_500k
1003,never_reached_object,clean,3,0.0,0.3213978804705762,,randomized_500k
1004,never_reached_object,clean,3,0.0,0.3213978804705762,,randomized_500k
1005,never_reached_object,clean,3,0.0,0.3213978804705762,,randomized_500k
1006,never_reached_object,clean,3,0.0,0.3213978804705762,,randomized_500k
1007,never_reached_object,clean,3,0.0,0.3213978804705762,,randomized_500k
1008,never_reached_object,clean,3,0.0,0.3213978804705762,,randomized_500k
1009,never_reached_object,clean,3,0.0,0.3213978804705762,,randomized_500k
1010,never_reached_object,clean,3,0.0,0.3213978804705762,,randomized_500k
1011,never_reached_object,clean,3,0.0,0.3213978804705762,,randomized_500k
1012,never_reached_object,clean,3,0.0,0.3213978804705762,,randomized_500k
1013,never_reached_object,clean,3,0.0,0.3213978804705762,,randomized_500k
1014,never_reached_object,clean,3,0.0,0.3213978804705762,,randomized_500k
1015,never_reached_object,clean,3,0.0,0.3213978804705762,,randomized_500k
1016,never_reached_object,clean,3,0.0,0.3213978804705762,,randomized_500k
1017,never_reached_object,clean,3,0.0,0.3213978804705762,,randomized_500k
1018,never_reached_object,clean,3,0.0,0.3213978804705762,,randomized_500k
1019,never_reached_object,clean,3,0.0,0.3213978804705762,,randomized_500k
1020,never_reached_object,sensor_dropout,3,0.0,0.3213978804705762,,randomized_500k
1021,never_reached_object,sensor_dropout,3,0.0,0.3213978804705762,,randomized_500k
1022,never_reached_object,sensor_dropout,3,0.0,0.3213978804705762,,randomized_500k
1023,never_reached_object,sensor_dropout,3,0.0,0.3213978804705762,,randomized_500k
1024,never_reached_object,sensor_dropout,3,0.0,0.3213978804705762,,randomized_500k
1025,never_reached_object,sensor_dropout,3,0.0,0.3213978804705762,,randomized_500k
1026,never_reached_object,sensor_dropout,3,0.0,0.3213978804705762,,randomized_500k
1027,never_reached_object,sensor_dropout,3,0.0,0.3213978804705762,,randomized_500k
1028,never_reached_object,sensor_dropout,3,0.0,0.3213978804705762,,randomized_500k
1029,never_reached_object,sensor_dropout,3,0.0,0.3213978804705762,,randomized_500k
1030,never_reached_object,sensor_dropout,3,0.0,0.3213978804705762,,randomized_500k
1031,never_reached_object,sensor_dropout,3,0.0,0.3213978804705762,,randomized_500k
1032,never_reached_object,sensor_dropout,3,0.0,0.3213978804705762,,randomized_500k
1033,never_reached_object,sensor_dropout,3,0.0,0.3213978804705762,,randomized_500k
1034,never_reached_object,sensor_dropout,3,0.0,0.3213978804705762,,randomized_500k
1035,never_reached_object,sensor_dropout,3,0.0,0.3213978804705762,,randomized_500k
1036,never_reached_object,sensor_dropout,3,0.0,0.3213978804705762,,randomized_500k
1037,never_reached_object,sensor_dropout,3,0.0,0.3213978804705762,,randomized_500k
1038,never_reached_object,sensor_dropout,3,0.0,0.3213978804705762,,randomized_500k
1039,never_reached_object,sensor_dropout,3,0.0,0.3213978804705762,,randomized_500k
1040,never_reached_object,sensor_dropout,3,0.0,0.3213978804705762,,randomized_500k
1041,never_reached_object,sensor_dropout,3,0.0,0.3213978804705762,,randomized_500k
1042,never_reached_object,sensor_dropout,3,0.0,0.3213978804705762,,randomized_500k
1043,never_reached_object,sensor_dropout,3,0.0,0.3213978804705762,,randomized_500k
1044,never_reached_object,sensor_dropout,3,0.0,0.3213978804705762,,randomized_500k
1045,never_reached_object,sensor_dropout,3,0.0,0.3213978804705762,,randomized_500k
1046,never_reached_object,sensor_dropout,3,0.0,0.3213978804705762,,randomized_500k
1047,never_reached_object,sensor_dropout,3,0.0,0.3213978804705762,,randomized_500k
1048,never_reached_object,sensor_dropout,3,0.0,0.3213978804705762,,randomized_500k
1049,never_reached_object,sensor_dropout,3,0.0,0.3213978804705762,,randomized_500k
1050,never_reached_object,sensor_bias,3,0.0,0.3213978804705762,,randomized_500k
1051,never_reached_object,sensor_bias,3,0.0,0.3213978804705762,,randomized_500k
1052,never_reached_object,sensor_bias,3,0.0,0.3213978804705762,,randomized_500k
1053,never_reached_object,sensor_bias,3,0.0,0.3213978804705762,,randomized_500k
1054,never_reached_object,sensor_bias,3,0.0,0.3213978804705762,,randomized_500k
1055,never_reached_object,sensor_bias,3,0.0,0.3213978804705762,,randomized_500k
1056,never_reached_object,sensor_bias,3,0.0,0.3213978804705762,,randomized_500k
1057,never_reached_object,sensor_bias,3,0.0,0.3213978804705762,,randomized_500k
1058,never_reached_object,sensor_bias,3,0.0,0.3213978804705762,,randomized_500k
1059,never_reached_object,sensor_bias,3,0.0,0.3213978804705762,,randomized_500k
1060,never_reached_object,sensor_bias,3,0.0,0.3213978804705762,,randomized_500k
1061,never_reached_object,sensor_bias,3,0.0,0.3213978804705762,,randomized_500k
1062,never_reached_object,sensor_bias,3,0.0,0.3213978804705762,,randomized_500k
1063,never_reached_object,sensor_bias,3,0.0,0.3213978804705762,,randomized_500k
1064,never_reached_object,sensor_bias,3,0.0,0.3213978804705762,,randomized_500k
1065,never_reached_object,sensor_bias,3,0.0,0.3213978804705762,,randomized_500k
1066,never_reached_object,sensor_bias,3,0.0,0.3213978804705762,,randomized_500k
1067,never_reached_object,sensor_bias,3,0.0,0.3213978804705762,,randomized_500k
1068,never_reached_object,sensor_bias,3,0.0,0.3213978804705762,,randomized_500k
1069,never_reached_object,sensor_bias,3,0.0,0.3213978804705762,,randomized_500k
1070,never_reached_object,sensor_bias,3,0.0,0.3213978804705762,,randomized_500k
1071,never_reached_object,sensor_bias,3,0.0,0.3213978804705762,,randomized_500k
1072,reached_but_failed_grasp,sensor_bias,3,0.0,0.29030991640945,,randomized_500k
1073,reached_but_failed_grasp,sensor_bias,3,0.0,0.3213978804705762,,randomized_500k
1074,never_reached_object,sensor_bias,3,0.0,0.3213978804705762,,randomized_500k
1075,never_reached_object,sensor_bias,3,0.0,0.3213978804705762,,randomized_500k
1076,never_reached_object,sensor_bias,3,0.0,0.3213978804705762,,randomized_500k
1077,never_reached_object,sensor_bias,3,0.0,0.3213978804705762,,randomized_500k
1078,never_reached_object,sensor_bias,3,0.0,0.3213978804705762,,randomized_500k
1079,never_reached_object,sensor_bias,3,0.0,0.3213978804705762,,randomized_500k
1080,never_reached_object,action_clipping,3,0.0,0.3213978804705762,,randomized_500k
1081,never_reached_object,action_clipping,3,0.0,0.3213978804705762,,randomized_500k
1082,never_reached_object,action_clipping,3,0.0,0.3213978804705762,,randomized_500k
1083,never_reached_object,action_clipping,3,0.0,0.3213978804705762,,randomized_500k
1084,never_reached_object,action_clipping,3,0.0,0.3213978804705762,,randomized_500k
1085,never_reached_object,action_clipping,3,0.0,0.3213978804705762,,randomized_500k
1086,never_reached_object,action_clipping,3,0.0,0.3213978804705762,,randomized_500k
1087,never_reached_object,action_clipping,3,0.0,0.3213978804705762,,randomized_500k
1088,never_reached_object,action_clipping,3,0.0,0.3213978804705762,,randomized_500k
1089,never_reached_object,action_clipping,3,0.0,0.3213978804705762,,randomized_500k
1090,never_reached_object,action_clipping,3,0.0,0.3213978804705762,,randomized_500k
1091,never_reached_object,action_clipping,3,0.0,0.3213978804705762,,randomized_500k
1092,never_reached_object,action_clipping,3,0.0,0.3213978804705762,,randomized_500k
1093,never_reached_object,action_clipping,3,0.0,0.3213978804705762,,randomized_500k
1094,never_reached_object,action_clipping,3,0.0,0.3213978804705762,,randomized_500k
1095,never_reached_object,action_clipping,3,0.0,0.3213978804705762,,randomized_500k
1096,never_reached_object,action_clipping,3,0.0,0.3213978804705762,,randomized_500k
1097,never_reached_object,action_clipping,3,0.0,0.3213978804705762,,randomized_500k
1098,never_reached_object,action_clipping,3,0.0,0.3213978804705762,,randomized_500k
1099,never_reached_object,action_clipping,3,0.0,0.3213978804705762,,randomized_500k
1100,never_reached_object,action_clipping,3,0.0,0.3213978804705762,,randomized_500k
1101,never_reached_object,action_clipping,3,0.0,0.3213978804705762,,randomized_500k
1102,never_reached_object,action_clipping,3,0.0,0.3213978804705762,,randomized_500k
1103,never_reached_object,action_clipping,3,0.0,0.3213978804705762,,randomized_500k
1104,never_reached_object,action_clipping,3,0.0,0.3213978804705762,,randomized_500k
1105,never_reached_object,action_clipping,3,0.0,0.3213978804705762,,randomized_500k
1106,never_reached_object,action_clipping,3,0.0,0.3213978804705762,,randomized_500k
1107,never_reached_object,action_clipping,3,0.0,0.3213978804705762,,randomized_500k
1108,never_reached_object,action_clipping,3,0.0,0.3213978804705762,,randomized_500k
1109,never_reached_object,action_clipping,3,0.0,0.3213978804705762,,randomized_500k
1110,never_reached_object,action_delay,3,0.0,0.3213978804705762,,randomized_500k
1111,never_reached_object,action_delay,3,0.0,0.3213978804705762,,randomized_500k
1112,never_reached_object,action_delay,3,0.0,0.3213978804705762,,randomized_500k
1113,never_reached_object,action_delay,3,0.0,0.3213978804705762,,randomized_500k
1114,never_reached_object,action_delay,3,0.0,0.3213978804705762,,randomized_500k
1115,never_reached_object,action_delay,3,0.0,0.3213978804705762,,randomized_500k
1116,never_reached_object,action_delay,3,0.0,0.3213978804705762,,randomized_500k
1117,never_reached_object,action_delay,3,0.0,0.3213978804705762,,randomized_500k
1118,never_reached_object,action_delay,3,0.0,0.3213978804705762,,randomized_500k
1119,never_reached_object,action_delay,3,0.0,0.3213978804705762,,randomized_500k
1120,never_reached_object,action_delay,3,0.0,0.3213978804705762,,randomized_500k
1121,never_reached_object,action_delay,3,0.0,0.3213978804705762,,randomized_500k
1122,never_reached_object,action_delay,3,0.0,0.3213978804705762,,randomized_500k
1123,never_reached_object,action_delay,3,0.0,0.3213978804705762,,randomized_500k
1124,never_reached_object,action_delay,3,0.0,0.3213978804705762,,randomized_500k
1125,never_reached_object,action_delay,3,0.0,0.3213978804705762,,randomized_500k
1126,never_reached_object,action_delay,3,0.0,0.3213978804705762,,randomized_500k
1127,never_reached_object,action_delay,3,0.0,0.3213978804705762,,randomized_500k
1128,never_reached_object,action_delay,3,0.0,0.3213978804705762,,randomized_500k
1129,never_reached_object,action_delay,3,0.0,0.3213978804705762,,randomized_500k
1130,never_reached_object,action_delay,3,0.0,0.3213978804705762,,randomized_500k
1131,never_reached_object,action_delay,3,0.0,0.3213978804705762,,randomized_500k
1132,never_reached_object,action_delay,3,0.0,0.3213978804705762,,randomized_500k
1133,never_reached_object,action_delay,3,0.0,0.3213978804705762,,randomized_500k
1134,never_reached_object,action_delay,3,0.0,0.3213978804705762,,randomized_500k
1135,never_reached_object,action_delay,3,0.0,0.3213978804705762,,randomized_500k
1136,never_reached_object,action_delay,3,0.0,0.3213978804705762,,randomized_500k
1137,never_reached_object,action_delay,3,0.0,0.3213978804705762,,randomized_500k
1138,never_reached_object,action_delay,3,0.0,0.3213978804705762,,randomized_500k
1139,never_reached_object,action_delay,3,0.0,0.3213978804705762,,randomized_500k
1140,never_reached_object,action_reversal,3,0.0,0.3213978804705762,,randomized_500k
1141,never_reached_object,action_reversal,3,0.0,0.3213978804705762,,randomized_500k
1142,never_reached_object,action_reversal,3,0.0,0.3213978804705762,,randomized_500k
1143,never_reached_object,action_reversal,3,0.0,0.3213978804705762,,randomized_500k
1144,never_reached_object,action_reversal,3,0.0,0.3213978804705762,,randomized_500k
1145,never_reached_object,action_reversal,3,0.0,0.3213978804705762,,randomized_500k
1146,never_reached_object,action_reversal,3,0.0,0.3213978804705762,,randomized_500k
1147,never_reached_object,action_reversal,3,0.0,0.3213978804705762,,randomized_500k
1148,never_reached_object,action_reversal,3,0.0,0.3213978804705762,,randomized_500k
1149,never_reached_object,action_reversal,3,0.0,0.3213978804705762,,randomized_500k
1150,never_reached_object,action_reversal,3,0.0,0.3213978804705762,,randomized_500k
1151,never_reached_object,action_reversal,3,0.0,0.3213978804705762,,randomized_500k
1152,never_reached_object,action_reversal,3,0.0,0.3213978804705762,,randomized_500k
1153,never_reached_object,action_reversal,3,0.0,0.3213978804705762,,randomized_500k
1154,never_reached_object,action_reversal,3,0.0,0.3213978804705762,,randomized_500k
1155,never_reached_object,action_reversal,3,0.0,0.3213978804705762,,randomized_500k
1156,never_reached_object,action_reversal,3,0.0,0.3213978804705762,,randomized_500k
1157,never_reached_object,action_reversal,3,0.0,0.3213978804705762,,randomized_500k
1158,never_reached_object,action_reversal,3,0.0,0.3213978804705762,,randomized_500k
1159,never_reached_object,action_reversal,3,0.0,0.3213978804705762,,randomized_500k
1160,never_reached_object,action_reversal,3,0.0,0.3213978804705762,,randomized_500k
1161,never_reached_object,action_reversal,3,0.0,0.3213978804705762,,randomized_500k
1162,never_reached_object,action_reversal,3,0.0,0.3213978804705762,,randomized_500k
1163,never_reached_object,action_reversal,3,0.0,0.3213978804705762,,randomized_500k
1164,never_reached_object,action_reversal,3,0.0,0.3213978804705762,,randomized_500k
1165,never_reached_object,action_reversal,3,0.0,0.3213978804705762,,randomized_500k
1166,never_reached_object,action_reversal,3,0.0,0.3213978804705762,,randomized_500k
1167,never_reached_object,action_reversal,3,0.0,0.3213978804705762,,randomized_500k
1168,never_reached_object,action_reversal,3,0.0,0.3213978804705762,,randomized_500k
1169,never_reached_object,action_reversal,3,0.0,0.3213978804705762,,randomized_500k
1170,never_reached_object,goal_spoof_immediate,3,0.0,0.3213978804705762,,randomized_500k
1171,never_reached_object,goal_spoof_immediate,3,0.0,0.3213978804705762,,randomized_500k
1172,never_reached_object,goal_spoof_immediate,3,0.0,0.4278991823417168,,randomized_500k
1173,never_reached_object,goal_spoof_immediate,3,0.0,0.3213978804705762,,randomized_500k
1174,reached_but_failed_grasp,goal_spoof_immediate,3,0.0,0.370319617277842,,randomized_500k
1175,never_reached_object,goal_spoof_immediate,3,0.0,0.3213978804705762,,randomized_500k
1176,never_reached_object,goal_spoof_immediate,3,0.0,0.3213978804705762,,randomized_500k
1177,never_reached_object,goal_spoof_immediate,3,0.0,0.3213978804705762,,randomized_500k
1178,never_reached_object,goal_spoof_immediate,3,0.0,0.3213978804705762,,randomized_500k
1179,never_reached_object,goal_spoof_immediate,3,0.0,0.3213978804705762,,randomized_500k
1180,never_reached_object,goal_spoof_immediate,3,0.0,0.3213978804705762,,randomized_500k
1181,never_reached_object,goal_spoof_immediate,3,0.0,0.3267113420797985,,randomized_500k
1182,never_reached_object,goal_spoof_immediate,3,0.0,0.3213978804705762,,randomized_500k
1183,never_reached_object,goal_spoof_immediate,3,0.0,0.3213978804705762,,randomized_500k
1184,never_reached_object,goal_spoof_immediate,3,0.0,0.3213978804705762,,randomized_500k
1185,never_reached_object,goal_spoof_immediate,3,0.0,0.3213978804705762,,randomized_500k
1186,never_reached_object,goal_spoof_immediate,3,0.0,0.3213978804705762,,randomized_500k
1187,never_reached_object,goal_spoof_immediate,3,0.0,0.3213978804705762,,randomized_500k
1188,never_reached_object,goal_spoof_immediate,3,0.0,0.3213978804705762,,randomized_500k
1189,never_reached_object,goal_spoof_immediate,3,0.0,0.3213978804705762,,randomized_500k
1190,never_reached_object,goal_spoof_immediate,3,0.0,0.3213978804705762,,randomized_500k
1191,never_reached_object,goal_spoof_immediate,3,0.0,0.3213978804705762,,randomized_500k
1192,never_reached_object,goal_spoof_immediate,3,0.0,0.3213978804705762,,randomized_500k
1193,never_reached_object,goal_spoof_immediate,3,0.0,0.3213978804705762,,randomized_500k
1194,never_reached_object,goal_spoof_immediate,3,0.0,0.3213978804705762,,randomized_500k
1195,never_reached_object,goal_spoof_immediate,3,0.0,0.3213978804705762,,randomized_500k
1196,reached_but_failed_grasp,goal_spoof_immediate,3,0.0,0.3670863088581537,,randomized_500k
1197,never_reached_object,goal_spoof_immediate,3,0.0,0.3213978804705762,,randomized_500k
1198,never_reached_object,goal_spoof_immediate,3,0.0,0.3213978804705762,,randomized_500k
1199,never_reached_object,goal_spoof_immediate,3,0.0,0.3213978804705762,,randomized_500k
1200,never_reached_object,goal_spoof_midep,3,0.0,0.3201959404390683,,randomized_500k
1201,never_reached_object,goal_spoof_midep,3,0.0,0.3213978804705762,,randomized_500k
1202,never_reached_object,goal_spoof_midep,3,0.0,0.3213978804705762,,randomized_500k
1203,never_reached_object,goal_spoof_midep,3,0.0,0.3213978804705762,,randomized_500k
1204,never_reached_object,goal_spoof_midep,3,0.0,0.3213978804705762,,randomized_500k
1205,reached_but_failed_grasp,goal_spoof_midep,3,0.0,0.3244924410785607,,randomized_500k
1206,never_reached_object,goal_spoof_midep,3,0.0,0.3213978804705762,,randomized_500k
1207,never_reached_object,goal_spoof_midep,3,0.0,0.3213978804705762,,randomized_500k
1208,never_reached_object,goal_spoof_midep,3,0.0,0.3213978804705762,,randomized_500k
1209,reached_but_failed_grasp,goal_spoof_midep,3,0.0,0.3081199037530034,,randomized_500k
1210,never_reached_object,goal_spoof_midep,3,0.0,0.3213978804705762,,randomized_500k
1211,never_reached_object,goal_spoof_midep,3,0.0,0.3213978804705762,,randomized_500k
1212,never_reached_object,goal_spoof_midep,3,0.0,0.3213978804705762,,randomized_500k
1213,never_reached_object,goal_spoof_midep,3,0.0,0.3213978804705762,,randomized_500k
1214,never_reached_object,goal_spoof_midep,3,0.0,0.3213978804705762,,randomized_500k
1215,never_reached_object,goal_spoof_midep,3,0.0,0.3213978804705762,,randomized_500k
1216,never_reached_object,goal_spoof_midep,3,0.0,0.3213978804705762,,randomized_500k
1217,never_reached_object,goal_spoof_midep,3,0.0,0.3213978804705762,,randomized_500k
1218,never_reached_object,goal_spoof_midep,3,0.0,0.3213978804705762,,randomized_500k
1219,never_reached_object,goal_spoof_midep,3,0.0,0.3213978804705762,,randomized_500k
1220,never_reached_object,goal_spoof_midep,3,0.0,0.3213978804705762,,randomized_500k
1221,never_reached_object,goal_spoof_midep,3,0.0,0.3261153772602959,,randomized_500k
1222,never_reached_object,goal_spoof_midep,3,0.0,0.3891192935800067,,randomized_500k
1223,never_reached_object,goal_spoof_midep,3,0.0,0.3213978804705762,,randomized_500k
1224,never_reached_object,goal_spoof_midep,3,0.0,0.3213978804705762,,randomized_500k
1225,never_reached_object,goal_spoof_midep,3,0.0,0.3213978804705762,,randomized_500k
1226,never_reached_object,goal_spoof_midep,3,0.0,0.3213978804705762,,randomized_500k
1227,never_reached_object,goal_spoof_midep,3,0.0,0.3213978804705762,,randomized_500k
1228,never_reached_object,goal_spoof_midep,3,0.0,0.3213978804705762,,randomized_500k
1229,never_reached_object,goal_spoof_midep,3,0.0,0.3213978804705762,,randomized_500k
1230,never_reached_object,object_pose_spoof,3,0.0,0.3213978804705762,,randomized_500k
1231,never_reached_object,object_pose_spoof,3,0.0,0.3213978804705762,,randomized_500k
1232,never_reached_object,object_pose_spoof,3,0.0,0.3213978804705762,,randomized_500k
1233,never_reached_object,object_pose_spoof,3,0.0,0.3213978804705762,,randomized_500k
1234,never_reached_object,object_pose_spoof,3,0.0,0.3213978804705762,,randomized_500k
1235,never_reached_object,object_pose_spoof,3,0.0,0.3370286451455517,,randomized_500k
1236,never_reached_object,object_pose_spoof,3,0.0,0.3213978804705762,,randomized_500k
1237,never_reached_object,object_pose_spoof,3,0.0,0.3213978804705762,,randomized_500k
1238,never_reached_object,object_pose_spoof,3,0.0,0.3213978804705762,,randomized_500k
1239,never_reached_object,object_pose_spoof,3,0.0,0.3213978804705762,,randomized_500k
1240,never_reached_object,object_pose_spoof,3,0.0,0.3213978804705762,,randomized_500k
1241,never_reached_object,object_pose_spoof,3,0.0,0.3213978804705762,,randomized_500k
1242,never_reached_object,object_pose_spoof,3,0.0,0.3213978804705762,,randomized_500k
1243,never_reached_object,object_pose_spoof,3,0.0,0.3213978804705762,,randomized_500k
1244,never_reached_object,object_pose_spoof,3,0.0,0.3213978804705762,,randomized_500k
1245,never_reached_object,object_pose_spoof,3,0.0,0.3213978804705762,,randomized_500k
1246,never_reached_object,object_pose_spoof,3,0.0,0.3213978804705762,,randomized_500k
1247,never_reached_object,object_pose_spoof,3,0.0,0.3213978804705762,,randomized_500k
1248,never_reached_object,object_pose_spoof,3,0.0,0.4104511943999016,,randomized_500k
1249,never_reached_object,object_pose_spoof,3,0.0,0.3213978804705762,,randomized_500k
1250,never_reached_object,object_pose_spoof,3,0.0,0.3213978804705762,,randomized_500k
1251,never_reached_object,object_pose_spoof,3,0.0,0.3213978804705762,,randomized_500k
1252,never_reached_object,object_pose_spoof,3,0.0,0.3213978804705762,,randomized_500k
1253,never_reached_object,object_pose_spoof,3,0.0,0.3213978804705762,,randomized_500k
1254,never_reached_object,object_pose_spoof,3,0.0,0.3213978804705762,,randomized_500k
1255,never_reached_object,object_pose_spoof,3,0.0,0.3213978804705762,,randomized_500k
1256,never_reached_object,object_pose_spoof,3,0.0,0.3213978804705762,,randomized_500k
1257,never_reached_object,object_pose_spoof,3,0.0,0.3213978804705762,,randomized_500k
1258,never_reached_object,object_pose_spoof,3,0.0,0.3213978804705762,,randomized_500k
1259,never_reached_object,object_pose_spoof,3,0.0,0.3213978804705762,,randomized_500k
1260,never_reached_object,grip_state_falsification,3,0.0,0.3213978804705762,,randomized_500k
1261,never_reached_object,grip_state_falsification,3,0.0,0.3213978804705762,,randomized_500k
1262,never_reached_object,grip_state_falsification,3,0.0,0.3213978804705762,,randomized_500k
1263,never_reached_object,grip_state_falsification,3,0.0,0.3213978804705762,,randomized_500k
1264,never_reached_object,grip_state_falsification,3,0.0,0.3213978804705762,,randomized_500k
1265,never_reached_object,grip_state_falsification,3,0.0,0.3213978804705762,,randomized_500k
1266,never_reached_object,grip_state_falsification,3,0.0,0.3213978804705762,,randomized_500k
1267,never_reached_object,grip_state_falsification,3,0.0,0.3213978804705762,,randomized_500k
1268,never_reached_object,grip_state_falsification,3,0.0,0.3213978804705762,,randomized_500k
1269,never_reached_object,grip_state_falsification,3,0.0,0.3213978804705762,,randomized_500k
1270,never_reached_object,grip_state_falsification,3,0.0,0.3213978804705762,,randomized_500k
1271,never_reached_object,grip_state_falsification,3,0.0,0.3213978804705762,,randomized_500k
1272,never_reached_object,grip_state_falsification,3,0.0,0.3213978804705762,,randomized_500k
1273,never_reached_object,grip_state_falsification,3,0.0,0.3213978804705762,,randomized_500k
1274,never_reached_object,grip_state_falsification,3,0.0,0.3213978804705762,,randomized_500k
1275,never_reached_object,grip_state_falsification,3,0.0,0.3213978804705762,,randomized_500k
1276,never_reached_object,grip_state_falsification,3,0.0,0.3213978804705762,,randomized_500k
1277,never_reached_object,grip_state_falsification,3,0.0,0.3213978804705762,,randomized_500k
1278,never_reached_object,grip_state_falsification,3,0.0,0.3213978804705762,,randomized_500k
1279,never_reached_object,grip_state_falsification,3,0.0,0.3213978804705762,,randomized_500k
1280,never_reached_object,grip_state_falsification,3,0.0,0.3213978804705762,,randomized_500k
1281,never_reached_object,grip_state_falsification,3,0.0,0.3213978804705762,,randomized_500k
1282,never_reached_object,grip_state_falsification,3,0.0,0.3213978804705762,,randomized_500k
1283,never_reached_object,grip_state_falsification,3,0.0,0.3213978804705762,,randomized_500k
1284,never_reached_object,grip_state_falsification,3,0.0,0.3213978804705762,,randomized_500k
1285,never_reached_object,grip_state_falsification,3,0.0,0.3213978804705762,,randomized_500k
1286,never_reached_object,grip_state_falsification,3,0.0,0.3213978804705762,,randomized_500k
1287,never_reached_object,grip_state_falsification,3,0.0,0.3213978804705762,,randomized_500k
1288,never_reached_object,grip_state_falsification,3,0.0,0.3213978804705762,,randomized_500k
1289,never_reached_object,grip_state_falsification,3,0.0,0.3213978804705762,,randomized_500k
1290,never_reached_object,contact_dropout,3,0.0,0.3213978804705762,,randomized_500k
1291,never_reached_object,contact_dropout,3,0.0,0.3213978804705762,,randomized_500k
1292,never_reached_object,contact_dropout,3,0.0,0.3213978804705762,,randomized_500k
1293,never_reached_object,contact_dropout,3,0.0,0.3213978804705762,,randomized_500k
1294,never_reached_object,contact_dropout,3,0.0,0.3213978804705762,,randomized_500k
1295,never_reached_object,contact_dropout,3,0.0,0.3213978804705762,,randomized_500k
1296,never_reached_object,contact_dropout,3,0.0,0.3213978804705762,,randomized_500k
1297,never_reached_object,contact_dropout,3,0.0,0.3213978804705762,,randomized_500k
1298,never_reached_object,contact_dropout,3,0.0,0.3213978804705762,,randomized_500k
1299,never_reached_object,contact_dropout,3,0.0,0.3213978804705762,,randomized_500k
1300,never_reached_object,contact_dropout,3,0.0,0.3213978804705762,,randomized_500k
1301,never_reached_object,contact_dropout,3,0.0,0.3213978804705762,,randomized_500k
1302,never_reached_object,contact_dropout,3,0.0,0.3213978804705762,,randomized_500k
1303,never_reached_object,contact_dropout,3,0.0,0.3213978804705762,,randomized_500k
1304,never_reached_object,contact_dropout,3,0.0,0.3213978804705762,,randomized_500k
1305,never_reached_object,contact_dropout,3,0.0,0.3213978804705762,,randomized_500k
1306,never_reached_object,contact_dropout,3,0.0,0.3213978804705762,,randomized_500k
1307,never_reached_object,contact_dropout,3,0.0,0.3213978804705762,,randomized_500k
1308,never_reached_object,contact_dropout,3,0.0,0.3213978804705762,,randomized_500k
1309,never_reached_object,contact_dropout,3,0.0,0.3213978804705762,,randomized_500k
1310,never_reached_object,contact_dropout,3,0.0,0.3213978804705762,,randomized_500k
1311,never_reached_object,contact_dropout,3,0.0,0.3213978804705762,,randomized_500k
1312,never_reached_object,contact_dropout,3,0.0,0.3213978804705762,,randomized_500k
1313,never_reached_object,contact_dropout,3,0.0,0.3213978804705762,,randomized_500k
1314,never_reached_object,contact_dropout,3,0.0,0.3213978804705762,,randomized_500k
1315,never_reached_object,contact_dropout,3,0.0,0.3213978804705762,,randomized_500k
1316,never_reached_object,contact_dropout,3,0.0,0.3213978804705762,,randomized_500k
1317,never_reached_object,contact_dropout,3,0.0,0.3213978804705762,,randomized_500k
1318,never_reached_object,contact_dropout,3,0.0,0.3213978804705762,,randomized_500k
1319,never_reached_object,contact_dropout,3,0.0,0.3213978804705762,,randomized_500k
1320,never_reached_object,clean,4,0.0,0.3833991408667048,,randomized_500k
1321,never_reached_object,clean,4,0.0,0.3833991408667048,,randomized_500k
1322,never_reached_object,clean,4,0.0,0.3833991408667048,,randomized_500k
1323,never_reached_object,clean,4,0.0,0.3833991408667048,,randomized_500k
1324,never_reached_object,clean,4,0.0,0.3833991408667048,,randomized_500k
1325,never_reached_object,clean,4,0.0,0.3833991408667048,,randomized_500k
1326,never_reached_object,clean,4,0.0,0.3833991408667048,,randomized_500k
1327,never_reached_object,clean,4,0.0,0.3833991408667048,,randomized_500k
1328,never_reached_object,clean,4,0.0,0.3833991408667048,,randomized_500k
1329,never_reached_object,clean,4,0.0,0.3833991408667048,,randomized_500k
1330,never_reached_object,clean,4,0.0,0.3833991408667048,,randomized_500k
1331,never_reached_object,clean,4,0.0,0.3833991408667048,,randomized_500k
1332,never_reached_object,clean,4,0.0,0.3833991408667048,,randomized_500k
1333,never_reached_object,clean,4,0.0,0.3833991408667048,,randomized_500k
1334,never_reached_object,clean,4,0.0,0.3833991408667048,,randomized_500k
1335,never_reached_object,clean,4,0.0,0.3833991408667048,,randomized_500k
1336,never_reached_object,clean,4,0.0,0.3833991408667048,,randomized_500k
1337,never_reached_object,clean,4,0.0,0.3833991408667048,,randomized_500k
1338,never_reached_object,clean,4,0.0,0.3833991408667048,,randomized_500k
1339,never_reached_object,clean,4,0.0,0.3833991408667048,,randomized_500k
1340,never_reached_object,clean,4,0.0,0.3833991408667048,,randomized_500k
1341,never_reached_object,clean,4,0.0,0.3833991408667048,,randomized_500k
1342,never_reached_object,clean,4,0.0,0.3833991408667048,,randomized_500k
1343,never_reached_object,clean,4,0.0,0.3833991408667048,,randomized_500k
1344,never_reached_object,clean,4,0.0,0.3833991408667048,,randomized_500k
1345,never_reached_object,clean,4,0.0,0.3833991408667048,,randomized_500k
1346,never_reached_object,clean,4,0.0,0.3833991408667048,,randomized_500k
1347,never_reached_object,clean,4,0.0,0.3833991408667048,,randomized_500k
1348,never_reached_object,clean,4,0.0,0.3833991408667048,,randomized_500k
1349,never_reached_object,clean,4,0.0,0.3833991408667048,,randomized_500k
1350,never_reached_object,sensor_dropout,4,0.0,0.8159560050037662,,randomized_500k
1351,never_reached_object,sensor_dropout,4,0.0,0.8159560050037662,,randomized_500k
1352,never_reached_object,sensor_dropout,4,0.0,0.8159560050037662,,randomized_500k
1353,never_reached_object,sensor_dropout,4,0.0,0.8159560050037662,,randomized_500k
1354,never_reached_object,sensor_dropout,4,0.0,0.8159560050037662,,randomized_500k
1355,never_reached_object,sensor_dropout,4,0.0,0.8159560050037662,,randomized_500k
1356,never_reached_object,sensor_dropout,4,0.0,0.8159560050037662,,randomized_500k
1357,never_reached_object,sensor_dropout,4,0.0,0.8159560050037662,,randomized_500k
1358,never_reached_object,sensor_dropout,4,0.0,0.8159560050037662,,randomized_500k
1359,never_reached_object,sensor_dropout,4,0.0,0.8159560050037662,,randomized_500k
1360,never_reached_object,sensor_dropout,4,0.0,0.8159560050037662,,randomized_500k
1361,never_reached_object,sensor_dropout,4,0.0,0.8159560050037662,,randomized_500k
1362,never_reached_object,sensor_dropout,4,0.0,0.8159560050037662,,randomized_500k
1363,never_reached_object,sensor_dropout,4,0.0,0.8159560050037662,,randomized_500k
1364,never_reached_object,sensor_dropout,4,0.0,0.8159560050037662,,randomized_500k
1365,never_reached_object,sensor_dropout,4,0.0,0.8159560050037662,,randomized_500k
1366,never_reached_object,sensor_dropout,4,0.0,0.8159560050037662,,randomized_500k
1367,never_reached_object,sensor_dropout,4,0.0,0.8159560050037662,,randomized_500k
1368,never_reached_object,sensor_dropout,4,0.0,0.8159560050037662,,randomized_500k
1369,never_reached_object,sensor_dropout,4,0.0,0.8159560050037662,,randomized_500k
1370,never_reached_object,sensor_dropout,4,0.0,0.8159560050037662,,randomized_500k
1371,never_reached_object,sensor_dropout,4,0.0,0.8159560050037662,,randomized_500k
1372,never_reached_object,sensor_dropout,4,0.0,0.8159560050037662,,randomized_500k
1373,never_reached_object,sensor_dropout,4,0.0,0.8159560050037662,,randomized_500k
1374,never_reached_object,sensor_dropout,4,0.0,0.8159560050037662,,randomized_500k
1375,never_reached_object,sensor_dropout,4,0.0,0.8159560050037662,,randomized_500k
1376,never_reached_object,sensor_dropout,4,0.0,0.8159560050037662,,randomized_500k
1377,never_reached_object,sensor_dropout,4,0.0,0.8159560050037662,,randomized_500k
1378,never_reached_object,sensor_dropout,4,0.0,0.8159560050037662,,randomized_500k
1379,never_reached_object,sensor_dropout,4,0.0,0.8159560050037662,,randomized_500k
1380,never_reached_object,sensor_bias,4,0.0,0.3833991408667048,,randomized_500k
1381,never_reached_object,sensor_bias,4,0.0,0.3833991408667048,,randomized_500k
1382,never_reached_object,sensor_bias,4,0.0,0.3833991408667048,,randomized_500k
1383,never_reached_object,sensor_bias,4,0.0,0.3833991408667048,,randomized_500k
1384,never_reached_object,sensor_bias,4,0.0,0.3833991408667048,,randomized_500k
1385,never_reached_object,sensor_bias,4,0.0,0.3833991408667048,,randomized_500k
1386,never_reached_object,sensor_bias,4,0.0,0.3833991408667048,,randomized_500k
1387,never_reached_object,sensor_bias,4,0.0,0.3833991408667048,,randomized_500k
1388,never_reached_object,sensor_bias,4,0.0,0.3833991408667048,,randomized_500k
1389,never_reached_object,sensor_bias,4,0.0,0.3833991408667048,,randomized_500k
1390,never_reached_object,sensor_bias,4,0.0,0.3833991408667048,,randomized_500k
1391,never_reached_object,sensor_bias,4,0.0,0.3833991408667048,,randomized_500k
1392,never_reached_object,sensor_bias,4,0.0,0.3833991408667048,,randomized_500k
1393,never_reached_object,sensor_bias,4,0.0,0.3833991408667048,,randomized_500k
1394,never_reached_object,sensor_bias,4,0.0,0.3833991408667048,,randomized_500k
1395,never_reached_object,sensor_bias,4,0.0,0.3833991408667048,,randomized_500k
1396,never_reached_object,sensor_bias,4,0.0,0.3833991408667048,,randomized_500k
1397,never_reached_object,sensor_bias,4,0.0,0.3833991408667048,,randomized_500k
1398,never_reached_object,sensor_bias,4,0.0,0.3833991408667048,,randomized_500k
1399,never_reached_object,sensor_bias,4,0.0,0.3833991408667048,,randomized_500k
1400,never_reached_object,sensor_bias,4,0.0,0.3833991408667048,,randomized_500k
1401,never_reached_object,sensor_bias,4,0.0,0.3833991408667048,,randomized_500k
1402,never_reached_object,sensor_bias,4,0.0,0.3833991408667048,,randomized_500k
1403,never_reached_object,sensor_bias,4,0.0,0.3833991408667048,,randomized_500k
1404,never_reached_object,sensor_bias,4,0.0,0.3833991408667048,,randomized_500k
1405,never_reached_object,sensor_bias,4,0.0,0.3833991408667048,,randomized_500k
1406,never_reached_object,sensor_bias,4,0.0,0.3833991408667048,,randomized_500k
1407,never_reached_object,sensor_bias,4,0.0,0.3833991408667048,,randomized_500k
1408,never_reached_object,sensor_bias,4,0.0,0.3833991408667048,,randomized_500k
1409,never_reached_object,sensor_bias,4,0.0,0.3833991408667048,,randomized_500k
1410,never_reached_object,action_clipping,4,0.0,0.3833991408667048,,randomized_500k
1411,never_reached_object,action_clipping,4,0.0,0.3833991408667048,,randomized_500k
1412,never_reached_object,action_clipping,4,0.0,0.3833991408667048,,randomized_500k
1413,never_reached_object,action_clipping,4,0.0,0.3833991408667048,,randomized_500k
1414,never_reached_object,action_clipping,4,0.0,0.3833991408667048,,randomized_500k
1415,never_reached_object,action_clipping,4,0.0,0.3833991408667048,,randomized_500k
1416,never_reached_object,action_clipping,4,0.0,0.3833991408667048,,randomized_500k
1417,never_reached_object,action_clipping,4,0.0,0.3833991408667048,,randomized_500k
1418,never_reached_object,action_clipping,4,0.0,0.3833991408667048,,randomized_500k
1419,never_reached_object,action_clipping,4,0.0,0.3833991408667048,,randomized_500k
1420,never_reached_object,action_clipping,4,0.0,0.3833991408667048,,randomized_500k
1421,never_reached_object,action_clipping,4,0.0,0.3833991408667048,,randomized_500k
1422,never_reached_object,action_clipping,4,0.0,0.3833991408667048,,randomized_500k
1423,never_reached_object,action_clipping,4,0.0,0.3833991408667048,,randomized_500k
1424,never_reached_object,action_clipping,4,0.0,0.3833991408667048,,randomized_500k
1425,never_reached_object,action_clipping,4,0.0,0.3833991408667048,,randomized_500k
1426,never_reached_object,action_clipping,4,0.0,0.3833991408667048,,randomized_500k
1427,never_reached_object,action_clipping,4,0.0,0.3833991408667048,,randomized_500k
1428,never_reached_object,action_clipping,4,0.0,0.3833991408667048,,randomized_500k
1429,never_reached_object,action_clipping,4,0.0,0.3833991408667048,,randomized_500k
1430,never_reached_object,action_clipping,4,0.0,0.3833991408667048,,randomized_500k
1431,never_reached_object,action_clipping,4,0.0,0.3833991408667048,,randomized_500k
1432,never_reached_object,action_clipping,4,0.0,0.3833991408667048,,randomized_500k
1433,never_reached_object,action_clipping,4,0.0,0.3833991408667048,,randomized_500k
1434,never_reached_object,action_clipping,4,0.0,0.3833991408667048,,randomized_500k
1435,never_reached_object,action_clipping,4,0.0,0.3833991408667048,,randomized_500k
1436,never_reached_object,action_clipping,4,0.0,0.3833991408667048,,randomized_500k
1437,never_reached_object,action_clipping,4,0.0,0.3833991408667048,,randomized_500k
1438,never_reached_object,action_clipping,4,0.0,0.3833991408667048,,randomized_500k
1439,never_reached_object,action_clipping,4,0.0,0.3833991408667048,,randomized_500k
1440,never_reached_object,action_delay,4,0.0,0.3833991408667048,,randomized_500k
1441,never_reached_object,action_delay,4,0.0,0.3833991408667048,,randomized_500k
1442,never_reached_object,action_delay,4,0.0,0.3833991408667048,,randomized_500k
1443,never_reached_object,action_delay,4,0.0,0.3833991408667048,,randomized_500k
1444,never_reached_object,action_delay,4,0.0,0.3833991408667048,,randomized_500k
1445,never_reached_object,action_delay,4,0.0,0.3833991408667048,,randomized_500k
1446,never_reached_object,action_delay,4,0.0,0.3833991408667048,,randomized_500k
1447,never_reached_object,action_delay,4,0.0,0.3833991408667048,,randomized_500k
1448,never_reached_object,action_delay,4,0.0,0.3833991408667048,,randomized_500k
1449,never_reached_object,action_delay,4,0.0,0.3833991408667048,,randomized_500k
1450,never_reached_object,action_delay,4,0.0,0.3833991408667048,,randomized_500k
1451,never_reached_object,action_delay,4,0.0,0.3833991408667048,,randomized_500k
1452,never_reached_object,action_delay,4,0.0,0.3833991408667048,,randomized_500k
1453,never_reached_object,action_delay,4,0.0,0.3833991408667048,,randomized_500k
1454,never_reached_object,action_delay,4,0.0,0.3833991408667048,,randomized_500k
1455,never_reached_object,action_delay,4,0.0,0.3833991408667048,,randomized_500k
1456,never_reached_object,action_delay,4,0.0,0.3833991408667048,,randomized_500k
1457,never_reached_object,action_delay,4,0.0,0.3833991408667048,,randomized_500k
1458,never_reached_object,action_delay,4,0.0,0.3833991408667048,,randomized_500k
1459,never_reached_object,action_delay,4,0.0,0.3833991408667048,,randomized_500k
1460,never_reached_object,action_delay,4,0.0,0.3833991408667048,,randomized_500k
1461,never_reached_object,action_delay,4,0.0,0.3833991408667048,,randomized_500k
1462,never_reached_object,action_delay,4,0.0,0.3833991408667048,,randomized_500k
1463,never_reached_object,action_delay,4,0.0,0.3833991408667048,,randomized_500k
1464,never_reached_object,action_delay,4,0.0,0.3833991408667048,,randomized_500k
1465,never_reached_object,action_delay,4,0.0,0.3833991408667048,,randomized_500k
1466,never_reached_object,action_delay,4,0.0,0.3833991408667048,,randomized_500k
1467,never_reached_object,action_delay,4,0.0,0.3833991408667048,,randomized_500k
1468,never_reached_object,action_delay,4,0.0,0.3833991408667048,,randomized_500k
1469,never_reached_object,action_delay,4,0.0,0.3833991408667048,,randomized_500k
1470,never_reached_object,action_reversal,4,0.0,0.3833991408667048,,randomized_500k
1471,never_reached_object,action_reversal,4,0.0,0.3833991408667048,,randomized_500k
1472,never_reached_object,action_reversal,4,0.0,0.3833991408667048,,randomized_500k
1473,never_reached_object,action_reversal,4,0.0,0.3833991408667048,,randomized_500k
1474,never_reached_object,action_reversal,4,0.0,0.3833991408667048,,randomized_500k
1475,never_reached_object,action_reversal,4,0.0,0.3833991408667048,,randomized_500k
1476,never_reached_object,action_reversal,4,0.0,0.3833991408667048,,randomized_500k
1477,never_reached_object,action_reversal,4,0.0,0.3833991408667048,,randomized_500k
1478,never_reached_object,action_reversal,4,0.0,0.3833991408667048,,randomized_500k
1479,never_reached_object,action_reversal,4,0.0,0.3833991408667048,,randomized_500k
1480,never_reached_object,action_reversal,4,0.0,0.3833991408667048,,randomized_500k
1481,never_reached_object,action_reversal,4,0.0,0.3833991408667048,,randomized_500k
1482,never_reached_object,action_reversal,4,0.0,0.3833991408667048,,randomized_500k
1483,never_reached_object,action_reversal,4,0.0,0.3833991408667048,,randomized_500k
1484,never_reached_object,action_reversal,4,0.0,0.3833991408667048,,randomized_500k
1485,never_reached_object,action_reversal,4,0.0,0.3833991408667048,,randomized_500k
1486,never_reached_object,action_reversal,4,0.0,0.3833991408667048,,randomized_500k
1487,never_reached_object,action_reversal,4,0.0,0.3833991408667048,,randomized_500k
1488,never_reached_object,action_reversal,4,0.0,0.3833991408667048,,randomized_500k
1489,never_reached_object,action_reversal,4,0.0,0.3833991408667048,,randomized_500k
1490,never_reached_object,action_reversal,4,0.0,0.3833991408667048,,randomized_500k
1491,never_reached_object,action_reversal,4,0.0,0.3833991408667048,,randomized_500k
1492,never_reached_object,action_reversal,4,0.0,0.3833991408667048,,randomized_500k
1493,never_reached_object,action_reversal,4,0.0,0.3833991408667048,,randomized_500k
1494,never_reached_object,action_reversal,4,0.0,0.3833991408667048,,randomized_500k
1495,never_reached_object,action_reversal,4,0.0,0.3833991408667048,,randomized_500k
1496,never_reached_object,action_reversal,4,0.0,0.3833991408667048,,randomized_500k
1497,never_reached_object,action_reversal,4,0.0,0.3833991408667048,,randomized_500k
1498,never_reached_object,action_reversal,4,0.0,0.3833991408667048,,randomized_500k
1499,never_reached_object,action_reversal,4,0.0,0.3833991408667048,,randomized_500k
1500,never_reached_object,goal_spoof_immediate,4,0.0,0.3833991408667048,,randomized_500k
1501,never_reached_object,goal_spoof_immediate,4,0.0,0.3833991408667048,,randomized_500k
1502,never_reached_object,goal_spoof_immediate,4,0.0,0.3833991408667048,,randomized_500k
1503,never_reached_object,goal_spoof_immediate,4,0.0,0.3833991408667048,,randomized_500k
1504,never_reached_object,goal_spoof_immediate,4,0.0,0.3833991408667048,,randomized_500k
1505,never_reached_object,goal_spoof_immediate,4,0.0,0.3833991408667048,,randomized_500k
1506,never_reached_object,goal_spoof_immediate,4,0.0,0.3833991408667048,,randomized_500k
1507,never_reached_object,goal_spoof_immediate,4,0.0,0.3833991408667048,,randomized_500k
1508,never_reached_object,goal_spoof_immediate,4,0.0,0.3833991408667048,,randomized_500k
1509,never_reached_object,goal_spoof_immediate,4,0.0,0.3833991408667048,,randomized_500k
1510,never_reached_object,goal_spoof_immediate,4,0.0,0.3833991408667048,,randomized_500k
1511,never_reached_object,goal_spoof_immediate,4,0.0,0.3833991408667048,,randomized_500k
1512,never_reached_object,goal_spoof_immediate,4,0.0,0.3833991408667048,,randomized_500k
1513,never_reached_object,goal_spoof_immediate,4,0.0,0.3833991408667048,,randomized_500k
1514,never_reached_object,goal_spoof_immediate,4,0.0,0.3833991408667048,,randomized_500k
1515,never_reached_object,goal_spoof_immediate,4,0.0,0.3833991408667048,,randomized_500k
1516,never_reached_object,goal_spoof_immediate,4,0.0,0.3833991408667048,,randomized_500k
1517,never_reached_object,goal_spoof_immediate,4,0.0,0.3833991408667048,,randomized_500k
1518,never_reached_object,goal_spoof_immediate,4,0.0,0.3833991408667048,,randomized_500k
1519,never_reached_object,goal_spoof_immediate,4,0.0,0.3833991408667048,,randomized_500k
1520,never_reached_object,goal_spoof_immediate,4,0.0,0.3833991408667048,,randomized_500k
1521,never_reached_object,goal_spoof_immediate,4,0.0,0.3833991408667048,,randomized_500k
1522,never_reached_object,goal_spoof_immediate,4,0.0,0.3833991408667048,,randomized_500k
1523,never_reached_object,goal_spoof_immediate,4,0.0,0.3833991408667048,,randomized_500k
1524,never_reached_object,goal_spoof_immediate,4,0.0,0.3833991408667048,,randomized_500k
1525,never_reached_object,goal_spoof_immediate,4,0.0,0.3833991408667048,,randomized_500k
1526,never_reached_object,goal_spoof_immediate,4,0.0,0.3833991408667048,,randomized_500k
1527,never_reached_object,goal_spoof_immediate,4,0.0,0.3833991408667048,,randomized_500k
1528,never_reached_object,goal_spoof_immediate,4,0.0,0.3833991408667048,,randomized_500k
1529,never_reached_object,goal_spoof_immediate,4,0.0,0.3833991408667048,,randomized_500k
1530,never_reached_object,goal_spoof_midep,4,0.0,0.3833991408667048,,randomized_500k
1531,never_reached_object,goal_spoof_midep,4,0.0,0.3833991408667048,,randomized_500k
1532,never_reached_object,goal_spoof_midep,4,0.0,0.3833991408667048,,randomized_500k
1533,never_reached_object,goal_spoof_midep,4,0.0,0.3833991408667048,,randomized_500k
1534,never_reached_object,goal_spoof_midep,4,0.0,0.3833991408667048,,randomized_500k
1535,never_reached_object,goal_spoof_midep,4,0.0,0.3833991408667048,,randomized_500k
1536,never_reached_object,goal_spoof_midep,4,0.0,0.3833991408667048,,randomized_500k
1537,never_reached_object,goal_spoof_midep,4,0.0,0.3833991408667048,,randomized_500k
1538,never_reached_object,goal_spoof_midep,4,0.0,0.3833991408667048,,randomized_500k
1539,never_reached_object,goal_spoof_midep,4,0.0,0.3833991408667048,,randomized_500k
1540,never_reached_object,goal_spoof_midep,4,0.0,0.3833991408667048,,randomized_500k
1541,never_reached_object,goal_spoof_midep,4,0.0,0.3833991408667048,,randomized_500k
1542,never_reached_object,goal_spoof_midep,4,0.0,0.3833991408667048,,randomized_500k
1543,never_reached_object,goal_spoof_midep,4,0.0,0.3833991408667048,,randomized_500k
1544,never_reached_object,goal_spoof_midep,4,0.0,0.3833991408667048,,randomized_500k
1545,never_reached_object,goal_spoof_midep,4,0.0,0.3833991408667048,,randomized_500k
1546,never_reached_object,goal_spoof_midep,4,0.0,0.3833991408667048,,randomized_500k
1547,never_reached_object,goal_spoof_midep,4,0.0,0.3833991408667048,,randomized_500k
1548,never_reached_object,goal_spoof_midep,4,0.0,0.3833991408667048,,randomized_500k
1549,never_reached_object,goal_spoof_midep,4,0.0,0.3833991408667048,,randomized_500k
1550,never_reached_object,goal_spoof_midep,4,0.0,0.3833991408667048,,randomized_500k
1551,never_reached_object,goal_spoof_midep,4,0.0,0.3833991408667048,,randomized_500k
1552,never_reached_object,goal_spoof_midep,4,0.0,0.3833991408667048,,randomized_500k
1553,never_reached_object,goal_spoof_midep,4,0.0,0.3833991408667048,,randomized_500k
1554,never_reached_object,goal_spoof_midep,4,0.0,0.3833991408667048,,randomized_500k
1555,never_reached_object,goal_spoof_midep,4,0.0,0.3833991408667048,,randomized_500k
1556,never_reached_object,goal_spoof_midep,4,0.0,0.3833991408667048,,randomized_500k
1557,never_reached_object,goal_spoof_midep,4,0.0,0.3833991408667048,,randomized_500k
1558,never_reached_object,goal_spoof_midep,4,0.0,0.3833991408667048,,randomized_500k
1559,never_reached_object,goal_spoof_midep,4,0.0,0.3833991408667048,,randomized_500k
1560,never_reached_object,object_pose_spoof,4,0.0,0.3833991408667048,,randomized_500k
1561,never_reached_object,object_pose_spoof,4,0.0,0.3833991408667048,,randomized_500k
1562,never_reached_object,object_pose_spoof,4,0.0,0.3833991408667048,,randomized_500k
1563,never_reached_object,object_pose_spoof,4,0.0,0.3833991408667048,,randomized_500k
1564,never_reached_object,object_pose_spoof,4,0.0,0.3833991408667048,,randomized_500k
1565,never_reached_object,object_pose_spoof,4,0.0,0.3833991408667048,,randomized_500k
1566,never_reached_object,object_pose_spoof,4,0.0,0.3833991408667048,,randomized_500k
1567,never_reached_object,object_pose_spoof,4,0.0,0.3833991408667048,,randomized_500k
1568,never_reached_object,object_pose_spoof,4,0.0,0.3833991408667048,,randomized_500k
1569,never_reached_object,object_pose_spoof,4,0.0,0.3833991408667048,,randomized_500k
1570,never_reached_object,object_pose_spoof,4,0.0,0.3833991408667048,,randomized_500k
1571,never_reached_object,object_pose_spoof,4,0.0,0.3833991408667048,,randomized_500k
1572,never_reached_object,object_pose_spoof,4,0.0,0.3833991408667048,,randomized_500k
1573,never_reached_object,object_pose_spoof,4,0.0,0.3833991408667048,,randomized_500k
1574,never_reached_object,object_pose_spoof,4,0.0,0.3833991408667048,,randomized_500k
1575,never_reached_object,object_pose_spoof,4,0.0,0.3833991408667048,,randomized_500k
1576,never_reached_object,object_pose_spoof,4,0.0,0.3833991408667048,,randomized_500k
1577,never_reached_object,object_pose_spoof,4,0.0,0.3833991408667048,,randomized_500k
1578,never_reached_object,object_pose_spoof,4,0.0,0.3833991408667048,,randomized_500k
1579,never_reached_object,object_pose_spoof,4,0.0,0.3833991408667048,,randomized_500k
1580,never_reached_object,object_pose_spoof,4,0.0,0.3833991408667048,,randomized_500k
1581,never_reached_object,object_pose_spoof,4,0.0,0.3833991408667048,,randomized_500k
1582,never_reached_object,object_pose_spoof,4,0.0,0.3833991408667048,,randomized_500k
1583,never_reached_object,object_pose_spoof,4,0.0,0.3833991408667048,,randomized_500k
1584,never_reached_object,object_pose_spoof,4,0.0,0.3833991408667048,,randomized_500k
1585,never_reached_object,object_pose_spoof,4,0.0,0.3833991408667048,,randomized_500k
1586,never_reached_object,object_pose_spoof,4,0.0,0.3833991408667048,,randomized_500k
1587,never_reached_object,object_pose_spoof,4,0.0,0.3833991408667048,,randomized_500k
1588,never_reached_object,object_pose_spoof,4,0.0,0.3833991408667048,,randomized_500k
1589,never_reached_object,object_pose_spoof,4,0.0,0.3833991408667048,,randomized_500k
1590,never_reached_object,grip_state_falsification,4,0.0,0.3833991408667048,,randomized_500k
1591,never_reached_object,grip_state_falsification,4,0.0,0.3833991408667048,,randomized_500k
1592,never_reached_object,grip_state_falsification,4,0.0,0.3833991408667048,,randomized_500k
1593,never_reached_object,grip_state_falsification,4,0.0,0.3833991408667048,,randomized_500k
1594,never_reached_object,grip_state_falsification,4,0.0,0.3833991408667048,,randomized_500k
1595,never_reached_object,grip_state_falsification,4,0.0,0.3833991408667048,,randomized_500k
1596,never_reached_object,grip_state_falsification,4,0.0,0.3833991408667048,,randomized_500k
1597,never_reached_object,grip_state_falsification,4,0.0,0.3833991408667048,,randomized_500k
1598,never_reached_object,grip_state_falsification,4,0.0,0.3833991408667048,,randomized_500k
1599,never_reached_object,grip_state_falsification,4,0.0,0.3833991408667048,,randomized_500k
1600,never_reached_object,grip_state_falsification,4,0.0,0.3833991408667048,,randomized_500k
1601,never_reached_object,grip_state_falsification,4,0.0,0.3833991408667048,,randomized_500k
1602,never_reached_object,grip_state_falsification,4,0.0,0.3833991408667048,,randomized_500k
1603,never_reached_object,grip_state_falsification,4,0.0,0.3833991408667048,,randomized_500k
1604,never_reached_object,grip_state_falsification,4,0.0,0.3833991408667048,,randomized_500k
1605,never_reached_object,grip_state_falsification,4,0.0,0.3833991408667048,,randomized_500k
1606,never_reached_object,grip_state_falsification,4,0.0,0.3833991408667048,,randomized_500k
1607,never_reached_object,grip_state_falsification,4,0.0,0.3833991408667048,,randomized_500k
1608,never_reached_object,grip_state_falsification,4,0.0,0.3833991408667048,,randomized_500k
1609,never_reached_object,grip_state_falsification,4,0.0,0.3833991408667048,,randomized_500k
1610,never_reached_object,grip_state_falsification,4,0.0,0.3833991408667048,,randomized_500k
1611,never_reached_object,grip_state_falsification,4,0.0,0.3833991408667048,,randomized_500k
1612,never_reached_object,grip_state_falsification,4,0.0,0.3833991408667048,,randomized_500k
1613,never_reached_object,grip_state_falsification,4,0.0,0.3833991408667048,,randomized_500k
1614,never_reached_object,grip_state_falsification,4,0.0,0.3833991408667048,,randomized_500k
1615,never_reached_object,grip_state_falsification,4,0.0,0.3833991408667048,,randomized_500k
1616,never_reached_object,grip_state_falsification,4,0.0,0.3833991408667048,,randomized_500k
1617,never_reached_object,grip_state_falsification,4,0.0,0.3833991408667048,,randomized_500k
1618,never_reached_object,grip_state_falsification,4,0.0,0.3833991408667048,,randomized_500k
1619,never_reached_object,grip_state_falsification,4,0.0,0.3833991408667048,,randomized_500k
1620,never_reached_object,contact_dropout,4,0.0,0.3833991408667048,,randomized_500k
1621,never_reached_object,contact_dropout,4,0.0,0.3833991408667048,,randomized_500k
1622,never_reached_object,contact_dropout,4,0.0,0.3833991408667048,,randomized_500k
1623,never_reached_object,contact_dropout,4,0.0,0.3833991408667048,,randomized_500k
1624,never_reached_object,contact_dropout,4,0.0,0.3833991408667048,,randomized_500k
1625,never_reached_object,contact_dropout,4,0.0,0.3833991408667048,,randomized_500k
1626,never_reached_object,contact_dropout,4,0.0,0.3833991408667048,,randomized_500k
1627,never_reached_object,contact_dropout,4,0.0,0.3833991408667048,,randomized_500k
1628,never_reached_object,contact_dropout,4,0.0,0.3833991408667048,,randomized_500k
1629,never_reached_object,contact_dropout,4,0.0,0.3833991408667048,,randomized_500k
1630,never_reached_object,contact_dropout,4,0.0,0.3833991408667048,,randomized_500k
1631,never_reached_object,contact_dropout,4,0.0,0.3833991408667048,,randomized_500k
1632,never_reached_object,contact_dropout,4,0.0,0.3833991408667048,,randomized_500k
1633,never_reached_object,contact_dropout,4,0.0,0.3833991408667048,,randomized_500k
1634,never_reached_object,contact_dropout,4,0.0,0.3833991408667048,,randomized_500k
1635,never_reached_object,contact_dropout,4,0.0,0.3833991408667048,,randomized_500k
1636,never_reached_object,contact_dropout,4,0.0,0.3833991408667048,,randomized_500k
1637,never_reached_object,contact_dropout,4,0.0,0.3833991408667048,,randomized_500k
1638,never_reached_object,contact_dropout,4,0.0,0.3833991408667048,,randomized_500k
1639,never_reached_object,contact_dropout,4,0.0,0.3833991408667048,,randomized_500k
1640,never_reached_object,contact_dropout,4,0.0,0.3833991408667048,,randomized_500k
1641,never_reached_object,contact_dropout,4,0.0,0.3833991408667048,,randomized_500k
1642,never_reached_object,contact_dropout,4,0.0,0.3833991408667048,,randomized_500k
1643,never_reached_object,contact_dropout,4,0.0,0.3833991408667048,,randomized_500k
1644,never_reached_object,contact_dropout,4,0.0,0.3833991408667048,,randomized_500k
1645,never_reached_object,contact_dropout,4,0.0,0.3833991408667048,,randomized_500k
1646,never_reached_object,contact_dropout,4,0.0,0.3833991408667048,,randomized_500k
1647,never_reached_object,contact_dropout,4,0.0,0.3833991408667048,,randomized_500k
1648,never_reached_object,contact_dropout,4,0.0,0.3833991408667048,,randomized_500k
1649,never_reached_object,contact_dropout,4,0.0,0.3833991408667048,,randomized_500k
