method,condition,seed,attack_level,total_reward,success,final_distance,episode_length,action_smoothness,action_magnitude,safety_violation,recovery_used,episode_idx,recovery_version,benchmark_layer
sac_her,clean,0,0.0,-2.0,1.0,0.027090304144831878,50,0.04987413436174393,0.5720048546791077,1.0,0.0,0,none,B0
sac_her,clean,0,0.0,-2.0,1.0,0.027090304144831878,50,0.04987413436174393,0.5720048546791077,1.0,0.0,1,none,B0
sac_her,clean,0,0.0,-2.0,1.0,0.027090304144831878,50,0.04987413436174393,0.5720048546791077,1.0,0.0,2,none,B0
sac_her,clean,0,0.0,-2.0,1.0,0.027090304144831878,50,0.04987413436174393,0.5720048546791077,1.0,0.0,3,none,B0
sac_her,clean,0,0.0,-2.0,1.0,0.027090304144831878,50,0.04987413436174393,0.5720048546791077,1.0,0.0,4,none,B0
sac_her,clean,0,0.0,-2.0,1.0,0.027090304144831878,50,0.04987413436174393,0.5720048546791077,1.0,0.0,5,none,B0
sac_her,clean,0,0.0,-2.0,1.0,0.027090304144831878,50,0.04987413436174393,0.5720048546791077,1.0,0.0,6,none,B0
sac_her,clean,0,0.0,-2.0,1.0,0.027090304144831878,50,0.04987413436174393,0.5720048546791077,1.0,0.0,7,none,B0
sac_her,clean,0,0.0,-2.0,1.0,0.027090304144831878,50,0.04987413436174393,0.5720048546791077,1.0,0.0,8,none,B0
sac_her,clean,0,0.0,-2.0,1.0,0.027090304144831878,50,0.04987413436174393,0.5720048546791077,1.0,0.0,9,none,B0
sac_her,clean,0,0.0,-2.0,1.0,0.027090304144831878,50,0.04987413436174393,0.5720048546791077,1.0,0.0,10,none,B0
sac_her,clean,0,0.0,-2.0,1.0,0.027090304144831878,50,0.04987413436174393,0.5720048546791077,1.0,0.0,11,none,B0
sac_her,clean,0,0.0,-2.0,1.0,0.027090304144831878,50,0.04987413436174393,0.5720048546791077,1.0,0.0,12,none,B0
sac_her,clean,0,0.0,-2.0,1.0,0.027090304144831878,50,0.04987413436174393,0.5720048546791077,1.0,0.0,13,none,B0
sac_her,clean,0,0.0,-2.0,1.0,0.027090304144831878,50,0.04987413436174393,0.5720048546791077,1.0,0.0,14,none,B0
sac_her,clean,0,0.0,-2.0,1.0,0.027090304144831878,50,0.04987413436174393,0.5720048546791077,1.0,0.0,15,none,B0
sac_her,clean,0,0.0,-2.0,1.0,0.027090304144831878,50,0.04987413436174393,0.5720048546791077,1.0,0.0,16,none,B0
sac_her,clean,0,0.0,-2.0,1.0,0.027090304144831878,50,0.04987413436174393,0.5720048546791077,1.0,0.0,17,none,B0
sac_her,clean,0,0.0,-2.0,1.0,0.027090304144831878,50,0.04987413436174393,0.5720048546791077,1.0,0.0,18,none,B0
sac_her,clean,0,0.0,-2.0,1.0,0.027090304144831878,50,0.04987413436174393,0.5720048546791077,1.0,0.0,19,none,B0
sac_her,clean,0,0.0,-2.0,1.0,0.027090304144831878,50,0.04987413436174393,0.5720048546791077,1.0,0.0,20,none,B0
sac_her,clean,0,0.0,-2.0,1.0,0.027090304144831878,50,0.04987413436174393,0.5720048546791077,1.0,0.0,21,none,B0
sac_her,clean,0,0.0,-2.0,1.0,0.027090304144831878,50,0.04987413436174393,0.5720048546791077,1.0,0.0,22,none,B0
sac_her,clean,0,0.0,-2.0,1.0,0.027090304144831878,50,0.04987413436174393,0.5720048546791077,1.0,0.0,23,none,B0
sac_her,clean,0,0.0,-2.0,1.0,0.027090304144831878,50,0.04987413436174393,0.5720048546791077,1.0,0.0,24,none,B0
sac_her,clean,0,0.0,-2.0,1.0,0.027090304144831878,50,0.04987413436174393,0.5720048546791077,1.0,0.0,25,none,B0
sac_her,clean,0,0.0,-2.0,1.0,0.027090304144831878,50,0.04987413436174393,0.5720048546791077,1.0,0.0,26,none,B0
sac_her,clean,0,0.0,-2.0,1.0,0.027090304144831878,50,0.04987413436174393,0.5720048546791077,1.0,0.0,27,none,B0
sac_her,clean,0,0.0,-2.0,1.0,0.027090304144831878,50,0.04987413436174393,0.5720048546791077,1.0,0.0,28,none,B0
sac_her,clean,0,0.0,-2.0,1.0,0.027090304144831878,50,0.04987413436174393,0.5720048546791077,1.0,0.0,29,none,B0
sac_her_recovery_v2,clean,0,0.0,-2.0,1.0,0.027090304144831878,50,0.04987413436174393,0.5720048546791077,1.0,0.0,30,v2,B2
sac_her_recovery_v2,clean,0,0.0,-2.0,1.0,0.027090304144831878,50,0.04987413436174393,0.5720048546791077,1.0,0.0,31,v2,B2
sac_her_recovery_v2,clean,0,0.0,-2.0,1.0,0.027090304144831878,50,0.04987413436174393,0.5720048546791077,1.0,0.0,32,v2,B2
sac_her_recovery_v2,clean,0,0.0,-2.0,1.0,0.027090304144831878,50,0.04987413436174393,0.5720048546791077,1.0,0.0,33,v2,B2
sac_her_recovery_v2,clean,0,0.0,-2.0,1.0,0.027090304144831878,50,0.04987413436174393,0.5720048546791077,1.0,0.0,34,v2,B2
sac_her_recovery_v2,clean,0,0.0,-2.0,1.0,0.027090304144831878,50,0.04987413436174393,0.5720048546791077,1.0,0.0,35,v2,B2
sac_her_recovery_v2,clean,0,0.0,-2.0,1.0,0.027090304144831878,50,0.04987413436174393,0.5720048546791077,1.0,0.0,36,v2,B2
sac_her_recovery_v2,clean,0,0.0,-2.0,1.0,0.027090304144831878,50,0.04987413436174393,0.5720048546791077,1.0,0.0,37,v2,B2
sac_her_recovery_v2,clean,0,0.0,-2.0,1.0,0.027090304144831878,50,0.04987413436174393,0.5720048546791077,1.0,0.0,38,v2,B2
sac_her_recovery_v2,clean,0,0.0,-2.0,1.0,0.027090304144831878,50,0.04987413436174393,0.5720048546791077,1.0,0.0,39,v2,B2
sac_her_recovery_v2,clean,0,0.0,-2.0,1.0,0.027090304144831878,50,0.04987413436174393,0.5720048546791077,1.0,0.0,40,v2,B2
sac_her_recovery_v2,clean,0,0.0,-2.0,1.0,0.027090304144831878,50,0.04987413436174393,0.5720048546791077,1.0,0.0,41,v2,B2
sac_her_recovery_v2,clean,0,0.0,-2.0,1.0,0.027090304144831878,50,0.04987413436174393,0.5720048546791077,1.0,0.0,42,v2,B2
sac_her_recovery_v2,clean,0,0.0,-2.0,1.0,0.027090304144831878,50,0.04987413436174393,0.5720048546791077,1.0,0.0,43,v2,B2
sac_her_recovery_v2,clean,0,0.0,-2.0,1.0,0.027090304144831878,50,0.04987413436174393,0.5720048546791077,1.0,0.0,44,v2,B2
sac_her_recovery_v2,clean,0,0.0,-2.0,1.0,0.027090304144831878,50,0.04987413436174393,0.5720048546791077,1.0,0.0,45,v2,B2
sac_her_recovery_v2,clean,0,0.0,-2.0,1.0,0.027090304144831878,50,0.04987413436174393,0.5720048546791077,1.0,0.0,46,v2,B2
sac_her_recovery_v2,clean,0,0.0,-2.0,1.0,0.027090304144831878,50,0.04987413436174393,0.5720048546791077,1.0,0.0,47,v2,B2
sac_her_recovery_v2,clean,0,0.0,-2.0,1.0,0.027090304144831878,50,0.04987413436174393,0.5720048546791077,1.0,0.0,48,v2,B2
sac_her_recovery_v2,clean,0,0.0,-2.0,1.0,0.027090304144831878,50,0.04987413436174393,0.5720048546791077,1.0,0.0,49,v2,B2
sac_her_recovery_v2,clean,0,0.0,-2.0,1.0,0.027090304144831878,50,0.04987413436174393,0.5720048546791077,1.0,0.0,50,v2,B2
sac_her_recovery_v2,clean,0,0.0,-2.0,1.0,0.027090304144831878,50,0.04987413436174393,0.5720048546791077,1.0,0.0,51,v2,B2
sac_her_recovery_v2,clean,0,0.0,-2.0,1.0,0.027090304144831878,50,0.04987413436174393,0.5720048546791077,1.0,0.0,52,v2,B2
sac_her_recovery_v2,clean,0,0.0,-2.0,1.0,0.027090304144831878,50,0.04987413436174393,0.5720048546791077,1.0,0.0,53,v2,B2
sac_her_recovery_v2,clean,0,0.0,-2.0,1.0,0.027090304144831878,50,0.04987413436174393,0.5720048546791077,1.0,0.0,54,v2,B2
sac_her_recovery_v2,clean,0,0.0,-2.0,1.0,0.027090304144831878,50,0.04987413436174393,0.5720048546791077,1.0,0.0,55,v2,B2
sac_her_recovery_v2,clean,0,0.0,-2.0,1.0,0.027090304144831878,50,0.04987413436174393,0.5720048546791077,1.0,0.0,56,v2,B2
sac_her_recovery_v2,clean,0,0.0,-2.0,1.0,0.027090304144831878,50,0.04987413436174393,0.5720048546791077,1.0,0.0,57,v2,B2
sac_her_recovery_v2,clean,0,0.0,-2.0,1.0,0.027090304144831878,50,0.04987413436174393,0.5720048546791077,1.0,0.0,58,v2,B2
sac_her_recovery_v2,clean,0,0.0,-2.0,1.0,0.027090304144831878,50,0.04987413436174393,0.5720048546791077,1.0,0.0,59,v2,B2
sac_her_recovery_v3,clean,0,0.0,-2.0,1.0,0.027090304144831878,50,0.04987413436174393,0.5720048546791077,1.0,0.0,60,v3,B3
sac_her_recovery_v3,clean,0,0.0,-2.0,1.0,0.027090304144831878,50,0.04987413436174393,0.5720048546791077,1.0,0.0,61,v3,B3
sac_her_recovery_v3,clean,0,0.0,-2.0,1.0,0.027090304144831878,50,0.04987413436174393,0.5720048546791077,1.0,0.0,62,v3,B3
sac_her_recovery_v3,clean,0,0.0,-2.0,1.0,0.027090304144831878,50,0.04987413436174393,0.5720048546791077,1.0,0.0,63,v3,B3
sac_her_recovery_v3,clean,0,0.0,-2.0,1.0,0.027090304144831878,50,0.04987413436174393,0.5720048546791077,1.0,0.0,64,v3,B3
sac_her_recovery_v3,clean,0,0.0,-2.0,1.0,0.027090304144831878,50,0.04987413436174393,0.5720048546791077,1.0,0.0,65,v3,B3
sac_her_recovery_v3,clean,0,0.0,-2.0,1.0,0.027090304144831878,50,0.04987413436174393,0.5720048546791077,1.0,0.0,66,v3,B3
sac_her_recovery_v3,clean,0,0.0,-2.0,1.0,0.027090304144831878,50,0.04987413436174393,0.5720048546791077,1.0,0.0,67,v3,B3
sac_her_recovery_v3,clean,0,0.0,-2.0,1.0,0.027090304144831878,50,0.04987413436174393,0.5720048546791077,1.0,0.0,68,v3,B3
sac_her_recovery_v3,clean,0,0.0,-2.0,1.0,0.027090304144831878,50,0.04987413436174393,0.5720048546791077,1.0,0.0,69,v3,B3
sac_her_recovery_v3,clean,0,0.0,-2.0,1.0,0.027090304144831878,50,0.04987413436174393,0.5720048546791077,1.0,0.0,70,v3,B3
sac_her_recovery_v3,clean,0,0.0,-2.0,1.0,0.027090304144831878,50,0.04987413436174393,0.5720048546791077,1.0,0.0,71,v3,B3
sac_her_recovery_v3,clean,0,0.0,-2.0,1.0,0.027090304144831878,50,0.04987413436174393,0.5720048546791077,1.0,0.0,72,v3,B3
sac_her_recovery_v3,clean,0,0.0,-2.0,1.0,0.027090304144831878,50,0.04987413436174393,0.5720048546791077,1.0,0.0,73,v3,B3
sac_her_recovery_v3,clean,0,0.0,-2.0,1.0,0.027090304144831878,50,0.04987413436174393,0.5720048546791077,1.0,0.0,74,v3,B3
sac_her_recovery_v3,clean,0,0.0,-2.0,1.0,0.027090304144831878,50,0.04987413436174393,0.5720048546791077,1.0,0.0,75,v3,B3
sac_her_recovery_v3,clean,0,0.0,-2.0,1.0,0.027090304144831878,50,0.04987413436174393,0.5720048546791077,1.0,0.0,76,v3,B3
sac_her_recovery_v3,clean,0,0.0,-2.0,1.0,0.027090304144831878,50,0.04987413436174393,0.5720048546791077,1.0,0.0,77,v3,B3
sac_her_recovery_v3,clean,0,0.0,-2.0,1.0,0.027090304144831878,50,0.04987413436174393,0.5720048546791077,1.0,0.0,78,v3,B3
sac_her_recovery_v3,clean,0,0.0,-2.0,1.0,0.027090304144831878,50,0.04987413436174393,0.5720048546791077,1.0,0.0,79,v3,B3
sac_her_recovery_v3,clean,0,0.0,-2.0,1.0,0.027090304144831878,50,0.04987413436174393,0.5720048546791077,1.0,0.0,80,v3,B3
sac_her_recovery_v3,clean,0,0.0,-2.0,1.0,0.027090304144831878,50,0.04987413436174393,0.5720048546791077,1.0,0.0,81,v3,B3
sac_her_recovery_v3,clean,0,0.0,-2.0,1.0,0.027090304144831878,50,0.04987413436174393,0.5720048546791077,1.0,0.0,82,v3,B3
sac_her_recovery_v3,clean,0,0.0,-2.0,1.0,0.027090304144831878,50,0.04987413436174393,0.5720048546791077,1.0,0.0,83,v3,B3
sac_her_recovery_v3,clean,0,0.0,-2.0,1.0,0.027090304144831878,50,0.04987413436174393,0.5720048546791077,1.0,0.0,84,v3,B3
sac_her_recovery_v3,clean,0,0.0,-2.0,1.0,0.027090304144831878,50,0.04987413436174393,0.5720048546791077,1.0,0.0,85,v3,B3
sac_her_recovery_v3,clean,0,0.0,-2.0,1.0,0.027090304144831878,50,0.04987413436174393,0.5720048546791077,1.0,0.0,86,v3,B3
sac_her_recovery_v3,clean,0,0.0,-2.0,1.0,0.027090304144831878,50,0.04987413436174393,0.5720048546791077,1.0,0.0,87,v3,B3
sac_her_recovery_v3,clean,0,0.0,-2.0,1.0,0.027090304144831878,50,0.04987413436174393,0.5720048546791077,1.0,0.0,88,v3,B3
sac_her_recovery_v3,clean,0,0.0,-2.0,1.0,0.027090304144831878,50,0.04987413436174393,0.5720048546791077,1.0,0.0,89,v3,B3
sac_her,sensor_dropout,0,0.0,-50.0,0.0,0.9903275461514524,50,0.015455588698387146,1.8599225282669067,1.0,0.0,90,none,B1
sac_her,sensor_dropout,0,0.0,-50.0,0.0,0.9903275461514524,50,0.015455588698387146,1.8599225282669067,1.0,0.0,91,none,B1
sac_her,sensor_dropout,0,0.0,-50.0,0.0,0.9903275461514524,50,0.015455588698387146,1.8599225282669067,1.0,0.0,92,none,B1
sac_her,sensor_dropout,0,0.0,-50.0,0.0,0.9903275461514524,50,0.015455588698387146,1.8599225282669067,1.0,0.0,93,none,B1
sac_her,sensor_dropout,0,0.0,-50.0,0.0,0.9903275461514524,50,0.015455588698387146,1.8599225282669067,1.0,0.0,94,none,B1
sac_her,sensor_dropout,0,0.0,-50.0,0.0,0.9903275461514524,50,0.015455588698387146,1.8599225282669067,1.0,0.0,95,none,B1
sac_her,sensor_dropout,0,0.0,-50.0,0.0,0.9903275461514524,50,0.015455588698387146,1.8599225282669067,1.0,0.0,96,none,B1
sac_her,sensor_dropout,0,0.0,-50.0,0.0,0.9903275461514524,50,0.015455588698387146,1.8599225282669067,1.0,0.0,97,none,B1
sac_her,sensor_dropout,0,0.0,-50.0,0.0,0.9903275461514524,50,0.015455588698387146,1.8599225282669067,1.0,0.0,98,none,B1
sac_her,sensor_dropout,0,0.0,-50.0,0.0,0.9903275461514524,50,0.015455588698387146,1.8599225282669067,1.0,0.0,99,none,B1
sac_her,sensor_dropout,0,0.0,-50.0,0.0,0.9903275461514524,50,0.015455588698387146,1.8599225282669067,1.0,0.0,100,none,B1
sac_her,sensor_dropout,0,0.0,-50.0,0.0,0.9903275461514524,50,0.015455588698387146,1.8599225282669067,1.0,0.0,101,none,B1
sac_her,sensor_dropout,0,0.0,-50.0,0.0,0.9903275461514524,50,0.015455588698387146,1.8599225282669067,1.0,0.0,102,none,B1
sac_her,sensor_dropout,0,0.0,-50.0,0.0,0.9903275461514524,50,0.015455588698387146,1.8599225282669067,1.0,0.0,103,none,B1
sac_her,sensor_dropout,0,0.0,-50.0,0.0,0.9903275461514524,50,0.015455588698387146,1.8599225282669067,1.0,0.0,104,none,B1
sac_her,sensor_dropout,0,0.0,-50.0,0.0,0.9903275461514524,50,0.015455588698387146,1.8599225282669067,1.0,0.0,105,none,B1
sac_her,sensor_dropout,0,0.0,-50.0,0.0,0.9903275461514524,50,0.015455588698387146,1.8599225282669067,1.0,0.0,106,none,B1
sac_her,sensor_dropout,0,0.0,-50.0,0.0,0.9903275461514524,50,0.015455588698387146,1.8599225282669067,1.0,0.0,107,none,B1
sac_her,sensor_dropout,0,0.0,-50.0,0.0,0.9903275461514524,50,0.015455588698387146,1.8599225282669067,1.0,0.0,108,none,B1
sac_her,sensor_dropout,0,0.0,-50.0,0.0,0.9903275461514524,50,0.015455588698387146,1.8599225282669067,1.0,0.0,109,none,B1
sac_her,sensor_dropout,0,0.0,-50.0,0.0,0.9903275461514524,50,0.015455588698387146,1.8599225282669067,1.0,0.0,110,none,B1
sac_her,sensor_dropout,0,0.0,-50.0,0.0,0.9903275461514524,50,0.015455588698387146,1.8599225282669067,1.0,0.0,111,none,B1
sac_her,sensor_dropout,0,0.0,-50.0,0.0,0.9903275461514524,50,0.015455588698387146,1.8599225282669067,1.0,0.0,112,none,B1
sac_her,sensor_dropout,0,0.0,-50.0,0.0,0.9903275461514524,50,0.015455588698387146,1.8599225282669067,1.0,0.0,113,none,B1
sac_her,sensor_dropout,0,0.0,-50.0,0.0,0.9903275461514524,50,0.015455588698387146,1.8599225282669067,1.0,0.0,114,none,B1
sac_her,sensor_dropout,0,0.0,-50.0,0.0,0.9903275461514524,50,0.015455588698387146,1.8599225282669067,1.0,0.0,115,none,B1
sac_her,sensor_dropout,0,0.0,-50.0,0.0,0.9903275461514524,50,0.015455588698387146,1.8599225282669067,1.0,0.0,116,none,B1
sac_her,sensor_dropout,0,0.0,-50.0,0.0,0.9903275461514524,50,0.015455588698387146,1.8599225282669067,1.0,0.0,117,none,B1
sac_her,sensor_dropout,0,0.0,-50.0,0.0,0.9903275461514524,50,0.015455588698387146,1.8599225282669067,1.0,0.0,118,none,B1
sac_her,sensor_dropout,0,0.0,-50.0,0.0,0.9903275461514524,50,0.015455588698387146,1.8599225282669067,1.0,0.0,119,none,B1
sac_her_recovery_v2,sensor_dropout,0,0.0,-12.0,1.0,0.02215320881823452,50,0.0908612534403801,0.3569084107875824,1.0,1.0,120,v2,B2
sac_her_recovery_v2,sensor_dropout,0,0.0,-12.0,1.0,0.02215320881823452,50,0.0908612534403801,0.3569084107875824,1.0,1.0,121,v2,B2
sac_her_recovery_v2,sensor_dropout,0,0.0,-12.0,1.0,0.02215320881823452,50,0.0908612534403801,0.3569084107875824,1.0,1.0,122,v2,B2
sac_her_recovery_v2,sensor_dropout,0,0.0,-12.0,1.0,0.02215320881823452,50,0.0908612534403801,0.3569084107875824,1.0,1.0,123,v2,B2
sac_her_recovery_v2,sensor_dropout,0,0.0,-12.0,1.0,0.02215320881823452,50,0.0908612534403801,0.3569084107875824,1.0,1.0,124,v2,B2
sac_her_recovery_v2,sensor_dropout,0,0.0,-12.0,1.0,0.02215320881823452,50,0.0908612534403801,0.3569084107875824,1.0,1.0,125,v2,B2
sac_her_recovery_v2,sensor_dropout,0,0.0,-12.0,1.0,0.02215320881823452,50,0.0908612534403801,0.3569084107875824,1.0,1.0,126,v2,B2
sac_her_recovery_v2,sensor_dropout,0,0.0,-12.0,1.0,0.02215320881823452,50,0.0908612534403801,0.3569084107875824,1.0,1.0,127,v2,B2
sac_her_recovery_v2,sensor_dropout,0,0.0,-12.0,1.0,0.02215320881823452,50,0.0908612534403801,0.3569084107875824,1.0,1.0,128,v2,B2
sac_her_recovery_v2,sensor_dropout,0,0.0,-12.0,1.0,0.02215320881823452,50,0.0908612534403801,0.3569084107875824,1.0,1.0,129,v2,B2
sac_her_recovery_v2,sensor_dropout,0,0.0,-12.0,1.0,0.02215320881823452,50,0.0908612534403801,0.3569084107875824,1.0,1.0,130,v2,B2
sac_her_recovery_v2,sensor_dropout,0,0.0,-12.0,1.0,0.02215320881823452,50,0.0908612534403801,0.3569084107875824,1.0,1.0,131,v2,B2
sac_her_recovery_v2,sensor_dropout,0,0.0,-12.0,1.0,0.02215320881823452,50,0.0908612534403801,0.3569084107875824,1.0,1.0,132,v2,B2
sac_her_recovery_v2,sensor_dropout,0,0.0,-12.0,1.0,0.02215320881823452,50,0.0908612534403801,0.3569084107875824,1.0,1.0,133,v2,B2
sac_her_recovery_v2,sensor_dropout,0,0.0,-12.0,1.0,0.02215320881823452,50,0.0908612534403801,0.3569084107875824,1.0,1.0,134,v2,B2
sac_her_recovery_v2,sensor_dropout,0,0.0,-12.0,1.0,0.02215320881823452,50,0.0908612534403801,0.3569084107875824,1.0,1.0,135,v2,B2
sac_her_recovery_v2,sensor_dropout,0,0.0,-12.0,1.0,0.02215320881823452,50,0.0908612534403801,0.3569084107875824,1.0,1.0,136,v2,B2
sac_her_recovery_v2,sensor_dropout,0,0.0,-12.0,1.0,0.02215320881823452,50,0.0908612534403801,0.3569084107875824,1.0,1.0,137,v2,B2
sac_her_recovery_v2,sensor_dropout,0,0.0,-12.0,1.0,0.02215320881823452,50,0.0908612534403801,0.3569084107875824,1.0,1.0,138,v2,B2
sac_her_recovery_v2,sensor_dropout,0,0.0,-12.0,1.0,0.02215320881823452,50,0.0908612534403801,0.3569084107875824,1.0,1.0,139,v2,B2
sac_her_recovery_v2,sensor_dropout,0,0.0,-12.0,1.0,0.02215320881823452,50,0.0908612534403801,0.3569084107875824,1.0,1.0,140,v2,B2
sac_her_recovery_v2,sensor_dropout,0,0.0,-12.0,1.0,0.02215320881823452,50,0.0908612534403801,0.3569084107875824,1.0,1.0,141,v2,B2
sac_her_recovery_v2,sensor_dropout,0,0.0,-12.0,1.0,0.02215320881823452,50,0.0908612534403801,0.3569084107875824,1.0,1.0,142,v2,B2
sac_her_recovery_v2,sensor_dropout,0,0.0,-12.0,1.0,0.02215320881823452,50,0.0908612534403801,0.3569084107875824,1.0,1.0,143,v2,B2
sac_her_recovery_v2,sensor_dropout,0,0.0,-12.0,1.0,0.02215320881823452,50,0.0908612534403801,0.3569084107875824,1.0,1.0,144,v2,B2
sac_her_recovery_v2,sensor_dropout,0,0.0,-12.0,1.0,0.02215320881823452,50,0.0908612534403801,0.3569084107875824,1.0,1.0,145,v2,B2
sac_her_recovery_v2,sensor_dropout,0,0.0,-12.0,1.0,0.02215320881823452,50,0.0908612534403801,0.3569084107875824,1.0,1.0,146,v2,B2
sac_her_recovery_v2,sensor_dropout,0,0.0,-12.0,1.0,0.02215320881823452,50,0.0908612534403801,0.3569084107875824,1.0,1.0,147,v2,B2
sac_her_recovery_v2,sensor_dropout,0,0.0,-12.0,1.0,0.02215320881823452,50,0.0908612534403801,0.3569084107875824,1.0,1.0,148,v2,B2
sac_her_recovery_v2,sensor_dropout,0,0.0,-12.0,1.0,0.02215320881823452,50,0.0908612534403801,0.3569084107875824,1.0,1.0,149,v2,B2
sac_her_recovery_v3,sensor_dropout,0,0.0,-12.0,1.0,0.02215320881823452,50,0.0908612534403801,0.3569084107875824,1.0,1.0,150,v3,B3
sac_her_recovery_v3,sensor_dropout,0,0.0,-12.0,1.0,0.02215320881823452,50,0.0908612534403801,0.3569084107875824,1.0,1.0,151,v3,B3
sac_her_recovery_v3,sensor_dropout,0,0.0,-12.0,1.0,0.02215320881823452,50,0.0908612534403801,0.3569084107875824,1.0,1.0,152,v3,B3
sac_her_recovery_v3,sensor_dropout,0,0.0,-12.0,1.0,0.02215320881823452,50,0.0908612534403801,0.3569084107875824,1.0,1.0,153,v3,B3
sac_her_recovery_v3,sensor_dropout,0,0.0,-12.0,1.0,0.02215320881823452,50,0.0908612534403801,0.3569084107875824,1.0,1.0,154,v3,B3
sac_her_recovery_v3,sensor_dropout,0,0.0,-12.0,1.0,0.02215320881823452,50,0.0908612534403801,0.3569084107875824,1.0,1.0,155,v3,B3
sac_her_recovery_v3,sensor_dropout,0,0.0,-12.0,1.0,0.02215320881823452,50,0.0908612534403801,0.3569084107875824,1.0,1.0,156,v3,B3
sac_her_recovery_v3,sensor_dropout,0,0.0,-12.0,1.0,0.02215320881823452,50,0.0908612534403801,0.3569084107875824,1.0,1.0,157,v3,B3
sac_her_recovery_v3,sensor_dropout,0,0.0,-12.0,1.0,0.02215320881823452,50,0.0908612534403801,0.3569084107875824,1.0,1.0,158,v3,B3
sac_her_recovery_v3,sensor_dropout,0,0.0,-12.0,1.0,0.02215320881823452,50,0.0908612534403801,0.3569084107875824,1.0,1.0,159,v3,B3
sac_her_recovery_v3,sensor_dropout,0,0.0,-12.0,1.0,0.02215320881823452,50,0.0908612534403801,0.3569084107875824,1.0,1.0,160,v3,B3
sac_her_recovery_v3,sensor_dropout,0,0.0,-12.0,1.0,0.02215320881823452,50,0.0908612534403801,0.3569084107875824,1.0,1.0,161,v3,B3
sac_her_recovery_v3,sensor_dropout,0,0.0,-12.0,1.0,0.02215320881823452,50,0.0908612534403801,0.3569084107875824,1.0,1.0,162,v3,B3
sac_her_recovery_v3,sensor_dropout,0,0.0,-12.0,1.0,0.02215320881823452,50,0.0908612534403801,0.3569084107875824,1.0,1.0,163,v3,B3
sac_her_recovery_v3,sensor_dropout,0,0.0,-12.0,1.0,0.02215320881823452,50,0.0908612534403801,0.3569084107875824,1.0,1.0,164,v3,B3
sac_her_recovery_v3,sensor_dropout,0,0.0,-12.0,1.0,0.02215320881823452,50,0.0908612534403801,0.3569084107875824,1.0,1.0,165,v3,B3
sac_her_recovery_v3,sensor_dropout,0,0.0,-12.0,1.0,0.02215320881823452,50,0.0908612534403801,0.3569084107875824,1.0,1.0,166,v3,B3
sac_her_recovery_v3,sensor_dropout,0,0.0,-12.0,1.0,0.02215320881823452,50,0.0908612534403801,0.3569084107875824,1.0,1.0,167,v3,B3
sac_her_recovery_v3,sensor_dropout,0,0.0,-12.0,1.0,0.02215320881823452,50,0.0908612534403801,0.3569084107875824,1.0,1.0,168,v3,B3
sac_her_recovery_v3,sensor_dropout,0,0.0,-12.0,1.0,0.02215320881823452,50,0.0908612534403801,0.3569084107875824,1.0,1.0,169,v3,B3
sac_her_recovery_v3,sensor_dropout,0,0.0,-12.0,1.0,0.02215320881823452,50,0.0908612534403801,0.3569084107875824,1.0,1.0,170,v3,B3
sac_her_recovery_v3,sensor_dropout,0,0.0,-12.0,1.0,0.02215320881823452,50,0.0908612534403801,0.3569084107875824,1.0,1.0,171,v3,B3
sac_her_recovery_v3,sensor_dropout,0,0.0,-12.0,1.0,0.02215320881823452,50,0.0908612534403801,0.3569084107875824,1.0,1.0,172,v3,B3
sac_her_recovery_v3,sensor_dropout,0,0.0,-12.0,1.0,0.02215320881823452,50,0.0908612534403801,0.3569084107875824,1.0,1.0,173,v3,B3
sac_her_recovery_v3,sensor_dropout,0,0.0,-12.0,1.0,0.02215320881823452,50,0.0908612534403801,0.3569084107875824,1.0,1.0,174,v3,B3
sac_her_recovery_v3,sensor_dropout,0,0.0,-12.0,1.0,0.02215320881823452,50,0.0908612534403801,0.3569084107875824,1.0,1.0,175,v3,B3
sac_her_recovery_v3,sensor_dropout,0,0.0,-12.0,1.0,0.02215320881823452,50,0.0908612534403801,0.3569084107875824,1.0,1.0,176,v3,B3
sac_her_recovery_v3,sensor_dropout,0,0.0,-12.0,1.0,0.02215320881823452,50,0.0908612534403801,0.3569084107875824,1.0,1.0,177,v3,B3
sac_her_recovery_v3,sensor_dropout,0,0.0,-12.0,1.0,0.02215320881823452,50,0.0908612534403801,0.3569084107875824,1.0,1.0,178,v3,B3
sac_her_recovery_v3,sensor_dropout,0,0.0,-12.0,1.0,0.02215320881823452,50,0.0908612534403801,0.3569084107875824,1.0,1.0,179,v3,B3
sac_her,sensor_bias,0,0.1,-50.0,0.0,0.36960682955937174,50,0.07727424800395966,0.33745628595352173,1.0,0.0,180,none,B1
sac_her,sensor_bias,0,0.1,-2.0,1.0,0.04023006734448907,50,0.031636618077754974,1.1188298463821411,1.0,0.0,181,none,B1
sac_her,sensor_bias,0,0.1,-50.0,0.0,0.27451193684409697,50,0.0406666062772274,1.1445790529251099,1.0,0.0,182,none,B1
sac_her,sensor_bias,0,0.1,-50.0,0.0,0.06688428770315442,50,0.04892177879810333,0.7087610363960266,1.0,0.0,183,none,B1
sac_her,sensor_bias,0,0.1,-50.0,0.0,0.5133550886395148,50,0.17793861031532288,0.9090395569801331,1.0,0.0,184,none,B1
sac_her,sensor_bias,0,0.1,-50.0,0.0,0.1255111138342578,50,0.0912829115986824,0.7283907532691956,1.0,0.0,185,none,B1
sac_her,sensor_bias,0,0.1,-50.0,0.0,0.13419043734846942,50,0.04232187569141388,1.0720188617706299,1.0,0.0,186,none,B1
sac_her,sensor_bias,0,0.1,-49.0,1.0,0.1315573437506899,50,0.08140265196561813,1.4356728792190552,1.0,0.0,187,none,B1
sac_her,sensor_bias,0,0.1,-50.0,0.0,0.08536543480187016,50,0.03999578580260277,1.2265353202819824,1.0,0.0,188,none,B1
sac_her,sensor_bias,0,0.1,-50.0,0.0,0.19984695322909898,50,0.039130836725234985,1.0672199726104736,1.0,0.0,189,none,B1
sac_her,sensor_bias,0,0.1,-50.0,0.0,0.12689049452192142,50,0.03835968300700188,1.0433598756790161,1.0,0.0,190,none,B1
sac_her,sensor_bias,0,0.1,-50.0,0.0,0.18510490721254866,50,0.04433894157409668,1.363991379737854,1.0,0.0,191,none,B1
sac_her,sensor_bias,0,0.1,-50.0,0.0,0.10107686949819897,50,0.05190663784742355,0.8230623006820679,1.0,0.0,192,none,B1
sac_her,sensor_bias,0,0.1,-50.0,0.0,0.2235939086478543,50,0.05605393648147583,0.16915173828601837,1.0,0.0,193,none,B1
sac_her,sensor_bias,0,0.1,-50.0,0.0,0.16932598765791038,50,0.03823775053024292,1.2560985088348389,1.0,0.0,194,none,B1
sac_her,sensor_bias,0,0.1,-50.0,0.0,0.1053465641615599,50,0.060002148151397705,0.16551165282726288,1.0,0.0,195,none,B1
sac_her,sensor_bias,0,0.1,-50.0,0.0,0.098408855548389,50,0.03179080784320831,1.3321260213851929,1.0,0.0,196,none,B1
sac_her,sensor_bias,0,0.1,-50.0,0.0,0.10327472131432726,50,0.03767174109816551,1.0820289850234985,1.0,0.0,197,none,B1
sac_her,sensor_bias,0,0.1,-50.0,0.0,0.08390292128288393,50,0.04832790791988373,0.40475982427597046,1.0,0.0,198,none,B1
sac_her,sensor_bias,0,0.1,-50.0,0.0,0.16339157261087087,50,0.044008735567331314,1.2928591966629028,1.0,0.0,199,none,B1
sac_her,sensor_bias,0,0.1,-50.0,0.0,0.1710482557789884,50,0.06165745481848717,0.22774054110050201,1.0,0.0,200,none,B1
sac_her,sensor_bias,0,0.1,-50.0,0.0,0.29060518168879734,50,0.06639289855957031,0.3288743197917938,1.0,0.0,201,none,B1
sac_her,sensor_bias,0,0.1,-50.0,0.0,0.5381758720027978,50,0.07526859641075134,0.7338302135467529,1.0,0.0,202,none,B1
sac_her,sensor_bias,0,0.1,-50.0,0.0,0.12170115650394349,50,0.04417969658970833,1.0734573602676392,1.0,0.0,203,none,B1
sac_her,sensor_bias,0,0.1,-50.0,0.0,1.182273447307061,50,0.08960530161857605,1.4687424898147583,1.0,0.0,204,none,B1
sac_her,sensor_bias,0,0.1,-50.0,0.0,0.5599620089376436,50,0.0923001617193222,1.4119391441345215,1.0,0.0,205,none,B1
sac_her,sensor_bias,0,0.1,-50.0,0.0,0.17843003827326331,50,0.06936661154031754,0.20628970861434937,1.0,0.0,206,none,B1
sac_her,sensor_bias,0,0.1,-4.0,1.0,0.046235083774886485,50,0.05299738049507141,0.2354920357465744,1.0,0.0,207,none,B1
sac_her,sensor_bias,0,0.1,-50.0,0.0,1.2137843499686327,50,0.09323599189519882,1.538272738456726,1.0,0.0,208,none,B1
sac_her,sensor_bias,0,0.1,-50.0,0.0,0.2878361310064598,50,0.04878648370504379,1.4196668863296509,1.0,0.0,209,none,B1
sac_her_recovery_v2,sensor_bias,0,0.1,-50.0,0.0,0.3519014126681051,50,1.0560896396636963,0.8968597650527954,1.0,1.0,210,v2,B2
sac_her_recovery_v2,sensor_bias,0,0.1,-50.0,0.0,0.27156303469448023,50,0.874568521976471,1.3238896131515503,1.0,1.0,211,v2,B2
sac_her_recovery_v2,sensor_bias,0,0.1,-3.0,1.0,0.0368121816834306,50,0.04425762966275215,0.4859541952610016,1.0,0.0,212,v2,B2
sac_her_recovery_v2,sensor_bias,0,0.1,-50.0,0.0,0.23700949264536986,50,0.8673650622367859,1.416100025177002,1.0,1.0,213,v2,B2
sac_her_recovery_v2,sensor_bias,0,0.1,-50.0,0.0,0.22153414458311999,50,1.1710212230682373,1.1551451683044434,1.0,1.0,214,v2,B2
sac_her_recovery_v2,sensor_bias,0,0.1,-50.0,0.0,0.29434703890608316,50,0.8513857126235962,1.4464482069015503,1.0,1.0,215,v2,B2
sac_her_recovery_v2,sensor_bias,0,0.1,-50.0,0.0,0.16543447922449908,50,0.4244089722633362,0.34629717469215393,1.0,1.0,216,v2,B2
sac_her_recovery_v2,sensor_bias,0,0.1,-50.0,0.0,0.1736440549399199,50,0.7146071791648865,1.1320784091949463,1.0,1.0,217,v2,B2
sac_her_recovery_v2,sensor_bias,0,0.1,-50.0,0.0,0.12138005083613204,50,0.08387664705514908,0.14393392205238342,1.0,1.0,218,v2,B2
sac_her_recovery_v2,sensor_bias,0,0.1,-50.0,0.0,0.1162316171502373,50,0.09637732058763504,1.0303468704223633,1.0,1.0,219,v2,B2
sac_her_recovery_v2,sensor_bias,0,0.1,-50.0,0.0,0.06940670467460948,50,0.04352375864982605,0.938398003578186,1.0,0.0,220,v2,B2
sac_her_recovery_v2,sensor_bias,0,0.1,-50.0,0.0,0.1669725971044439,50,0.5140374302864075,0.4225793480873108,0.0,1.0,221,v2,B2
sac_her_recovery_v2,sensor_bias,0,0.1,-50.0,0.0,0.20963466092888047,50,0.773175060749054,0.5418936610221863,1.0,1.0,222,v2,B2
sac_her_recovery_v2,sensor_bias,0,0.1,-50.0,0.0,0.18627403944634652,50,0.40342360734939575,0.3421104848384857,1.0,1.0,223,v2,B2
sac_her_recovery_v2,sensor_bias,0,0.1,-11.0,1.0,0.02212042473189852,50,0.07816725969314575,0.3187977075576782,1.0,1.0,224,v2,B2
sac_her_recovery_v2,sensor_bias,0,0.1,-50.0,0.0,0.07775711606567919,50,0.035886164754629135,0.8176613450050354,0.0,0.0,225,v2,B2
sac_her_recovery_v2,sensor_bias,0,0.1,-50.0,0.0,0.130452927715659,50,1.6073338985443115,1.1039319038391113,1.0,1.0,226,v2,B2
sac_her_recovery_v2,sensor_bias,0,0.1,-50.0,0.0,0.16219022421564108,50,0.6725373268127441,1.0652450323104858,1.0,1.0,227,v2,B2
sac_her_recovery_v2,sensor_bias,0,0.1,-50.0,0.0,0.22603176916980733,50,0.8739550113677979,1.3575373888015747,1.0,1.0,228,v2,B2
sac_her_recovery_v2,sensor_bias,0,0.1,-50.0,0.0,0.1105014653196545,50,0.04413526877760887,0.4820234775543213,1.0,0.0,229,v2,B2
sac_her_recovery_v2,sensor_bias,0,0.1,-50.0,0.0,0.1180613293885688,50,0.07781774550676346,0.20084324479103088,1.0,1.0,230,v2,B2
sac_her_recovery_v2,sensor_bias,0,0.1,-50.0,0.0,0.9964503299825294,50,1.2395853996276855,1.4950006008148193,1.0,1.0,231,v2,B2
sac_her_recovery_v2,sensor_bias,0,0.1,-50.0,0.0,0.1036853762336851,50,0.058224182575941086,1.027866005897522,1.0,0.0,232,v2,B2
sac_her_recovery_v2,sensor_bias,0,0.1,-2.0,1.0,0.043961838923212065,50,0.05571382865309715,1.4342758655548096,1.0,0.0,233,v2,B2
sac_her_recovery_v2,sensor_bias,0,0.1,-3.0,1.0,0.04335144180409141,50,0.04136457294225693,1.0887621641159058,1.0,0.0,234,v2,B2
sac_her_recovery_v2,sensor_bias,0,0.1,-3.0,1.0,0.043963512763006266,50,0.0476476326584816,1.0251387357711792,1.0,0.0,235,v2,B2
sac_her_recovery_v2,sensor_bias,0,0.1,-50.0,0.0,0.1729124646263723,50,0.49032062292099,0.42120930552482605,0.0,1.0,236,v2,B2
sac_her_recovery_v2,sensor_bias,0,0.1,-50.0,0.0,0.27682424989148124,50,0.8392156362533569,1.3898097276687622,1.0,1.0,237,v2,B2
sac_her_recovery_v2,sensor_bias,0,0.1,-45.0,1.0,0.05084654664032615,50,0.05093929171562195,1.0325443744659424,1.0,0.0,238,v2,B2
sac_her_recovery_v2,sensor_bias,0,0.1,-50.0,0.0,0.1309134982297958,50,0.09920816123485565,1.095917820930481,1.0,1.0,239,v2,B2
sac_her_recovery_v3,sensor_bias,0,0.1,-50.0,0.0,0.1501602983082743,50,0.5598458051681519,0.6337167024612427,1.0,1.0,240,v3,B3
sac_her_recovery_v3,sensor_bias,0,0.1,-16.0,1.0,0.022157927794989842,50,0.09570510685443878,0.4312460422515869,1.0,1.0,241,v3,B3
sac_her_recovery_v3,sensor_bias,0,0.1,-16.0,1.0,0.02236895049915704,50,0.17246676981449127,0.40757066011428833,1.0,1.0,242,v3,B3
sac_her_recovery_v3,sensor_bias,0,0.1,-50.0,0.0,0.35659936634311784,50,0.8833973407745361,1.3824154138565063,1.0,1.0,243,v3,B3
sac_her_recovery_v3,sensor_bias,0,0.1,-50.0,0.0,0.07898787822512274,50,0.03904517740011215,1.0254921913146973,1.0,0.0,244,v3,B3
sac_her_recovery_v3,sensor_bias,0,0.1,-50.0,0.0,0.12383197402733977,50,0.6502655744552612,1.2294526100158691,1.0,1.0,245,v3,B3
sac_her_recovery_v3,sensor_bias,0,0.1,-50.0,0.0,0.05748010963547589,50,0.03943951427936554,0.1367567926645279,1.0,0.0,246,v3,B3
sac_her_recovery_v3,sensor_bias,0,0.1,-50.0,0.0,0.06561255005560107,50,0.051841359585523605,0.2544145882129669,1.0,0.0,247,v3,B3
sac_her_recovery_v3,sensor_bias,0,0.1,-50.0,0.0,0.2687072754951255,50,0.8383429646492004,1.2117866277694702,1.0,1.0,248,v3,B3
sac_her_recovery_v3,sensor_bias,0,0.1,-50.0,0.0,0.28443028630537576,50,0.7999401688575745,1.1559970378875732,1.0,1.0,249,v3,B3
sac_her_recovery_v3,sensor_bias,0,0.1,-50.0,0.0,0.13631097783875884,50,0.6290464401245117,1.2176471948623657,1.0,1.0,250,v3,B3
sac_her_recovery_v3,sensor_bias,0,0.1,-3.0,1.0,0.04044474063221547,50,0.04600844904780388,1.3852348327636719,1.0,0.0,251,v3,B3
sac_her_recovery_v3,sensor_bias,0,0.1,-2.0,1.0,0.025350945285268885,50,0.05004751309752464,0.8539717793464661,1.0,0.0,252,v3,B3
sac_her_recovery_v3,sensor_bias,0,0.1,-50.0,0.0,0.3541753447177046,50,0.7327578067779541,1.2985756397247314,1.0,1.0,253,v3,B3
sac_her_recovery_v3,sensor_bias,0,0.1,-16.0,1.0,0.022318992446016747,50,0.2023334950208664,0.3817991018295288,1.0,1.0,254,v3,B3
sac_her_recovery_v3,sensor_bias,0,0.1,-50.0,0.0,0.07843531264863457,50,0.054748665541410446,1.4266726970672607,1.0,0.0,255,v3,B3
sac_her_recovery_v3,sensor_bias,0,0.1,-50.0,0.0,0.08786947907031525,50,0.036967381834983826,0.8591148257255554,0.0,0.0,256,v3,B3
sac_her_recovery_v3,sensor_bias,0,0.1,-50.0,0.0,0.06258966119440706,50,0.05656614154577255,1.3928958177566528,1.0,0.0,257,v3,B3
sac_her_recovery_v3,sensor_bias,0,0.1,-14.0,1.0,0.022129917973279418,50,0.11348247528076172,0.38138896226882935,1.0,1.0,258,v3,B3
sac_her_recovery_v3,sensor_bias,0,0.1,-3.0,1.0,0.024076656224164095,50,0.042977575212717056,0.3104969263076782,1.0,0.0,259,v3,B3
sac_her_recovery_v3,sensor_bias,0,0.1,-50.0,0.0,0.10439939427875117,50,0.04158252105116844,0.24545302987098694,0.0,0.0,260,v3,B3
sac_her_recovery_v3,sensor_bias,0,0.1,-50.0,0.0,0.11807017083816981,50,0.12874265015125275,0.26591169834136963,1.0,1.0,261,v3,B3
sac_her_recovery_v3,sensor_bias,0,0.1,-50.0,0.0,0.34135158645558145,50,0.7997878789901733,1.3231854438781738,1.0,1.0,262,v3,B3
sac_her_recovery_v3,sensor_bias,0,0.1,-50.0,0.0,0.2968996885908211,50,0.779258668422699,1.2250852584838867,1.0,1.0,263,v3,B3
sac_her_recovery_v3,sensor_bias,0,0.1,-5.0,1.0,0.04840499734218214,50,0.0811697468161583,1.3713178634643555,1.0,0.0,264,v3,B3
sac_her_recovery_v3,sensor_bias,0,0.1,-50.0,0.0,0.08959530907007025,50,0.05737500265240669,0.6431067585945129,1.0,0.0,265,v3,B3
sac_her_recovery_v3,sensor_bias,0,0.1,-50.0,0.0,0.10681534930534302,50,0.04232541471719742,1.3090137243270874,1.0,0.0,266,v3,B3
sac_her_recovery_v3,sensor_bias,0,0.1,-50.0,0.0,0.13048887858842917,50,0.13911999762058258,1.3000271320343018,1.0,1.0,267,v3,B3
sac_her_recovery_v3,sensor_bias,0,0.1,-50.0,0.0,0.13470889509237793,50,0.5478191375732422,0.6498709917068481,1.0,1.0,268,v3,B3
sac_her_recovery_v3,sensor_bias,0,0.1,-50.0,0.0,0.32365476666643117,50,0.7847185134887695,1.2453120946884155,1.0,1.0,269,v3,B3
sac_her,action_clipping,0,0.3,-8.0,1.0,0.02740275701598217,50,0.028391996398568153,0.394502729177475,0.0,0.0,270,none,B1
sac_her,action_clipping,0,0.3,-8.0,1.0,0.02740275701598217,50,0.028391996398568153,0.394502729177475,0.0,0.0,271,none,B1
sac_her,action_clipping,0,0.3,-8.0,1.0,0.02740275701598217,50,0.028391996398568153,0.394502729177475,0.0,0.0,272,none,B1
sac_her,action_clipping,0,0.3,-8.0,1.0,0.02740275701598217,50,0.028391996398568153,0.394502729177475,0.0,0.0,273,none,B1
sac_her,action_clipping,0,0.3,-8.0,1.0,0.02740275701598217,50,0.028391996398568153,0.394502729177475,0.0,0.0,274,none,B1
sac_her,action_clipping,0,0.3,-8.0,1.0,0.02740275701598217,50,0.028391996398568153,0.394502729177475,0.0,0.0,275,none,B1
sac_her,action_clipping,0,0.3,-8.0,1.0,0.02740275701598217,50,0.028391996398568153,0.394502729177475,0.0,0.0,276,none,B1
sac_her,action_clipping,0,0.3,-8.0,1.0,0.02740275701598217,50,0.028391996398568153,0.394502729177475,0.0,0.0,277,none,B1
sac_her,action_clipping,0,0.3,-8.0,1.0,0.02740275701598217,50,0.028391996398568153,0.394502729177475,0.0,0.0,278,none,B1
sac_her,action_clipping,0,0.3,-8.0,1.0,0.02740275701598217,50,0.028391996398568153,0.394502729177475,0.0,0.0,279,none,B1
sac_her,action_clipping,0,0.3,-8.0,1.0,0.02740275701598217,50,0.028391996398568153,0.394502729177475,0.0,0.0,280,none,B1
sac_her,action_clipping,0,0.3,-8.0,1.0,0.02740275701598217,50,0.028391996398568153,0.394502729177475,0.0,0.0,281,none,B1
sac_her,action_clipping,0,0.3,-8.0,1.0,0.02740275701598217,50,0.028391996398568153,0.394502729177475,0.0,0.0,282,none,B1
sac_her,action_clipping,0,0.3,-8.0,1.0,0.02740275701598217,50,0.028391996398568153,0.394502729177475,0.0,0.0,283,none,B1
sac_her,action_clipping,0,0.3,-8.0,1.0,0.02740275701598217,50,0.028391996398568153,0.394502729177475,0.0,0.0,284,none,B1
sac_her,action_clipping,0,0.3,-8.0,1.0,0.02740275701598217,50,0.028391996398568153,0.394502729177475,0.0,0.0,285,none,B1
sac_her,action_clipping,0,0.3,-8.0,1.0,0.02740275701598217,50,0.028391996398568153,0.394502729177475,0.0,0.0,286,none,B1
sac_her,action_clipping,0,0.3,-8.0,1.0,0.02740275701598217,50,0.028391996398568153,0.394502729177475,0.0,0.0,287,none,B1
sac_her,action_clipping,0,0.3,-8.0,1.0,0.02740275701598217,50,0.028391996398568153,0.394502729177475,0.0,0.0,288,none,B1
sac_her,action_clipping,0,0.3,-8.0,1.0,0.02740275701598217,50,0.028391996398568153,0.394502729177475,0.0,0.0,289,none,B1
sac_her,action_clipping,0,0.3,-8.0,1.0,0.02740275701598217,50,0.028391996398568153,0.394502729177475,0.0,0.0,290,none,B1
sac_her,action_clipping,0,0.3,-8.0,1.0,0.02740275701598217,50,0.028391996398568153,0.394502729177475,0.0,0.0,291,none,B1
sac_her,action_clipping,0,0.3,-8.0,1.0,0.02740275701598217,50,0.028391996398568153,0.394502729177475,0.0,0.0,292,none,B1
sac_her,action_clipping,0,0.3,-8.0,1.0,0.02740275701598217,50,0.028391996398568153,0.394502729177475,0.0,0.0,293,none,B1
sac_her,action_clipping,0,0.3,-8.0,1.0,0.02740275701598217,50,0.028391996398568153,0.394502729177475,0.0,0.0,294,none,B1
sac_her,action_clipping,0,0.3,-8.0,1.0,0.02740275701598217,50,0.028391996398568153,0.394502729177475,0.0,0.0,295,none,B1
sac_her,action_clipping,0,0.3,-8.0,1.0,0.02740275701598217,50,0.028391996398568153,0.394502729177475,0.0,0.0,296,none,B1
sac_her,action_clipping,0,0.3,-8.0,1.0,0.02740275701598217,50,0.028391996398568153,0.394502729177475,0.0,0.0,297,none,B1
sac_her,action_clipping,0,0.3,-8.0,1.0,0.02740275701598217,50,0.028391996398568153,0.394502729177475,0.0,0.0,298,none,B1
sac_her,action_clipping,0,0.3,-8.0,1.0,0.02740275701598217,50,0.028391996398568153,0.394502729177475,0.0,0.0,299,none,B1
sac_her_recovery_v2,action_clipping,0,0.3,-8.0,1.0,0.02740275701598217,50,0.028391996398568153,0.394502729177475,0.0,0.0,300,v2,B2
sac_her_recovery_v2,action_clipping,0,0.3,-8.0,1.0,0.02740275701598217,50,0.028391996398568153,0.394502729177475,0.0,0.0,301,v2,B2
sac_her_recovery_v2,action_clipping,0,0.3,-8.0,1.0,0.02740275701598217,50,0.028391996398568153,0.394502729177475,0.0,0.0,302,v2,B2
sac_her_recovery_v2,action_clipping,0,0.3,-8.0,1.0,0.02740275701598217,50,0.028391996398568153,0.394502729177475,0.0,0.0,303,v2,B2
sac_her_recovery_v2,action_clipping,0,0.3,-8.0,1.0,0.02740275701598217,50,0.028391996398568153,0.394502729177475,0.0,0.0,304,v2,B2
sac_her_recovery_v2,action_clipping,0,0.3,-8.0,1.0,0.02740275701598217,50,0.028391996398568153,0.394502729177475,0.0,0.0,305,v2,B2
sac_her_recovery_v2,action_clipping,0,0.3,-8.0,1.0,0.02740275701598217,50,0.028391996398568153,0.394502729177475,0.0,0.0,306,v2,B2
sac_her_recovery_v2,action_clipping,0,0.3,-8.0,1.0,0.02740275701598217,50,0.028391996398568153,0.394502729177475,0.0,0.0,307,v2,B2
sac_her_recovery_v2,action_clipping,0,0.3,-8.0,1.0,0.02740275701598217,50,0.028391996398568153,0.394502729177475,0.0,0.0,308,v2,B2
sac_her_recovery_v2,action_clipping,0,0.3,-8.0,1.0,0.02740275701598217,50,0.028391996398568153,0.394502729177475,0.0,0.0,309,v2,B2
sac_her_recovery_v2,action_clipping,0,0.3,-8.0,1.0,0.02740275701598217,50,0.028391996398568153,0.394502729177475,0.0,0.0,310,v2,B2
sac_her_recovery_v2,action_clipping,0,0.3,-8.0,1.0,0.02740275701598217,50,0.028391996398568153,0.394502729177475,0.0,0.0,311,v2,B2
sac_her_recovery_v2,action_clipping,0,0.3,-8.0,1.0,0.02740275701598217,50,0.028391996398568153,0.394502729177475,0.0,0.0,312,v2,B2
sac_her_recovery_v2,action_clipping,0,0.3,-8.0,1.0,0.02740275701598217,50,0.028391996398568153,0.394502729177475,0.0,0.0,313,v2,B2
sac_her_recovery_v2,action_clipping,0,0.3,-8.0,1.0,0.02740275701598217,50,0.028391996398568153,0.394502729177475,0.0,0.0,314,v2,B2
sac_her_recovery_v2,action_clipping,0,0.3,-8.0,1.0,0.02740275701598217,50,0.028391996398568153,0.394502729177475,0.0,0.0,315,v2,B2
sac_her_recovery_v2,action_clipping,0,0.3,-8.0,1.0,0.02740275701598217,50,0.028391996398568153,0.394502729177475,0.0,0.0,316,v2,B2
sac_her_recovery_v2,action_clipping,0,0.3,-8.0,1.0,0.02740275701598217,50,0.028391996398568153,0.394502729177475,0.0,0.0,317,v2,B2
sac_her_recovery_v2,action_clipping,0,0.3,-8.0,1.0,0.02740275701598217,50,0.028391996398568153,0.394502729177475,0.0,0.0,318,v2,B2
sac_her_recovery_v2,action_clipping,0,0.3,-8.0,1.0,0.02740275701598217,50,0.028391996398568153,0.394502729177475,0.0,0.0,319,v2,B2
sac_her_recovery_v2,action_clipping,0,0.3,-8.0,1.0,0.02740275701598217,50,0.028391996398568153,0.394502729177475,0.0,0.0,320,v2,B2
sac_her_recovery_v2,action_clipping,0,0.3,-8.0,1.0,0.02740275701598217,50,0.028391996398568153,0.394502729177475,0.0,0.0,321,v2,B2
sac_her_recovery_v2,action_clipping,0,0.3,-8.0,1.0,0.02740275701598217,50,0.028391996398568153,0.394502729177475,0.0,0.0,322,v2,B2
sac_her_recovery_v2,action_clipping,0,0.3,-8.0,1.0,0.02740275701598217,50,0.028391996398568153,0.394502729177475,0.0,0.0,323,v2,B2
sac_her_recovery_v2,action_clipping,0,0.3,-8.0,1.0,0.02740275701598217,50,0.028391996398568153,0.394502729177475,0.0,0.0,324,v2,B2
sac_her_recovery_v2,action_clipping,0,0.3,-8.0,1.0,0.02740275701598217,50,0.028391996398568153,0.394502729177475,0.0,0.0,325,v2,B2
sac_her_recovery_v2,action_clipping,0,0.3,-8.0,1.0,0.02740275701598217,50,0.028391996398568153,0.394502729177475,0.0,0.0,326,v2,B2
sac_her_recovery_v2,action_clipping,0,0.3,-8.0,1.0,0.02740275701598217,50,0.028391996398568153,0.394502729177475,0.0,0.0,327,v2,B2
sac_her_recovery_v2,action_clipping,0,0.3,-8.0,1.0,0.02740275701598217,50,0.028391996398568153,0.394502729177475,0.0,0.0,328,v2,B2
sac_her_recovery_v2,action_clipping,0,0.3,-8.0,1.0,0.02740275701598217,50,0.028391996398568153,0.394502729177475,0.0,0.0,329,v2,B2
sac_her_recovery_v3,action_clipping,0,0.3,-8.0,1.0,0.02740275701598217,50,0.028391996398568153,0.394502729177475,0.0,0.0,330,v3,B3
sac_her_recovery_v3,action_clipping,0,0.3,-8.0,1.0,0.02740275701598217,50,0.028391996398568153,0.394502729177475,0.0,0.0,331,v3,B3
sac_her_recovery_v3,action_clipping,0,0.3,-8.0,1.0,0.02740275701598217,50,0.028391996398568153,0.394502729177475,0.0,0.0,332,v3,B3
sac_her_recovery_v3,action_clipping,0,0.3,-8.0,1.0,0.02740275701598217,50,0.028391996398568153,0.394502729177475,0.0,0.0,333,v3,B3
sac_her_recovery_v3,action_clipping,0,0.3,-8.0,1.0,0.02740275701598217,50,0.028391996398568153,0.394502729177475,0.0,0.0,334,v3,B3
sac_her_recovery_v3,action_clipping,0,0.3,-8.0,1.0,0.02740275701598217,50,0.028391996398568153,0.394502729177475,0.0,0.0,335,v3,B3
sac_her_recovery_v3,action_clipping,0,0.3,-8.0,1.0,0.02740275701598217,50,0.028391996398568153,0.394502729177475,0.0,0.0,336,v3,B3
sac_her_recovery_v3,action_clipping,0,0.3,-8.0,1.0,0.02740275701598217,50,0.028391996398568153,0.394502729177475,0.0,0.0,337,v3,B3
sac_her_recovery_v3,action_clipping,0,0.3,-8.0,1.0,0.02740275701598217,50,0.028391996398568153,0.394502729177475,0.0,0.0,338,v3,B3
sac_her_recovery_v3,action_clipping,0,0.3,-8.0,1.0,0.02740275701598217,50,0.028391996398568153,0.394502729177475,0.0,0.0,339,v3,B3
sac_her_recovery_v3,action_clipping,0,0.3,-8.0,1.0,0.02740275701598217,50,0.028391996398568153,0.394502729177475,0.0,0.0,340,v3,B3
sac_her_recovery_v3,action_clipping,0,0.3,-8.0,1.0,0.02740275701598217,50,0.028391996398568153,0.394502729177475,0.0,0.0,341,v3,B3
sac_her_recovery_v3,action_clipping,0,0.3,-8.0,1.0,0.02740275701598217,50,0.028391996398568153,0.394502729177475,0.0,0.0,342,v3,B3
sac_her_recovery_v3,action_clipping,0,0.3,-8.0,1.0,0.02740275701598217,50,0.028391996398568153,0.394502729177475,0.0,0.0,343,v3,B3
sac_her_recovery_v3,action_clipping,0,0.3,-8.0,1.0,0.02740275701598217,50,0.028391996398568153,0.394502729177475,0.0,0.0,344,v3,B3
sac_her_recovery_v3,action_clipping,0,0.3,-8.0,1.0,0.02740275701598217,50,0.028391996398568153,0.394502729177475,0.0,0.0,345,v3,B3
sac_her_recovery_v3,action_clipping,0,0.3,-8.0,1.0,0.02740275701598217,50,0.028391996398568153,0.394502729177475,0.0,0.0,346,v3,B3
sac_her_recovery_v3,action_clipping,0,0.3,-8.0,1.0,0.02740275701598217,50,0.028391996398568153,0.394502729177475,0.0,0.0,347,v3,B3
sac_her_recovery_v3,action_clipping,0,0.3,-8.0,1.0,0.02740275701598217,50,0.028391996398568153,0.394502729177475,0.0,0.0,348,v3,B3
sac_her_recovery_v3,action_clipping,0,0.3,-8.0,1.0,0.02740275701598217,50,0.028391996398568153,0.394502729177475,0.0,0.0,349,v3,B3
sac_her_recovery_v3,action_clipping,0,0.3,-8.0,1.0,0.02740275701598217,50,0.028391996398568153,0.394502729177475,0.0,0.0,350,v3,B3
sac_her_recovery_v3,action_clipping,0,0.3,-8.0,1.0,0.02740275701598217,50,0.028391996398568153,0.394502729177475,0.0,0.0,351,v3,B3
sac_her_recovery_v3,action_clipping,0,0.3,-8.0,1.0,0.02740275701598217,50,0.028391996398568153,0.394502729177475,0.0,0.0,352,v3,B3
sac_her_recovery_v3,action_clipping,0,0.3,-8.0,1.0,0.02740275701598217,50,0.028391996398568153,0.394502729177475,0.0,0.0,353,v3,B3
sac_her_recovery_v3,action_clipping,0,0.3,-8.0,1.0,0.02740275701598217,50,0.028391996398568153,0.394502729177475,0.0,0.0,354,v3,B3
sac_her_recovery_v3,action_clipping,0,0.3,-8.0,1.0,0.02740275701598217,50,0.028391996398568153,0.394502729177475,0.0,0.0,355,v3,B3
sac_her_recovery_v3,action_clipping,0,0.3,-8.0,1.0,0.02740275701598217,50,0.028391996398568153,0.394502729177475,0.0,0.0,356,v3,B3
sac_her_recovery_v3,action_clipping,0,0.3,-8.0,1.0,0.02740275701598217,50,0.028391996398568153,0.394502729177475,0.0,0.0,357,v3,B3
sac_her_recovery_v3,action_clipping,0,0.3,-8.0,1.0,0.02740275701598217,50,0.028391996398568153,0.394502729177475,0.0,0.0,358,v3,B3
sac_her_recovery_v3,action_clipping,0,0.3,-8.0,1.0,0.02740275701598217,50,0.028391996398568153,0.394502729177475,0.0,0.0,359,v3,B3
sac_her,action_delay,0,0.0,-50.0,0.0,0.15326543860079836,50,0.0,0.0,0.0,0.0,360,none,B1
sac_her,action_delay,0,0.0,-50.0,0.0,0.15326543860079836,50,0.0,0.0,0.0,0.0,361,none,B1
sac_her,action_delay,0,0.0,-50.0,0.0,0.15326543860079836,50,0.0,0.0,0.0,0.0,362,none,B1
sac_her,action_delay,0,0.0,-50.0,0.0,0.15326543860079836,50,0.0,0.0,0.0,0.0,363,none,B1
sac_her,action_delay,0,0.0,-50.0,0.0,0.15326543860079836,50,0.0,0.0,0.0,0.0,364,none,B1
sac_her,action_delay,0,0.0,-50.0,0.0,0.15326543860079836,50,0.0,0.0,0.0,0.0,365,none,B1
sac_her,action_delay,0,0.0,-50.0,0.0,0.15326543860079836,50,0.0,0.0,0.0,0.0,366,none,B1
sac_her,action_delay,0,0.0,-50.0,0.0,0.15326543860079836,50,0.0,0.0,0.0,0.0,367,none,B1
sac_her,action_delay,0,0.0,-50.0,0.0,0.15326543860079836,50,0.0,0.0,0.0,0.0,368,none,B1
sac_her,action_delay,0,0.0,-50.0,0.0,0.15326543860079836,50,0.0,0.0,0.0,0.0,369,none,B1
sac_her,action_delay,0,0.0,-50.0,0.0,0.15326543860079836,50,0.0,0.0,0.0,0.0,370,none,B1
sac_her,action_delay,0,0.0,-50.0,0.0,0.15326543860079836,50,0.0,0.0,0.0,0.0,371,none,B1
sac_her,action_delay,0,0.0,-50.0,0.0,0.15326543860079836,50,0.0,0.0,0.0,0.0,372,none,B1
sac_her,action_delay,0,0.0,-50.0,0.0,0.15326543860079836,50,0.0,0.0,0.0,0.0,373,none,B1
sac_her,action_delay,0,0.0,-50.0,0.0,0.15326543860079836,50,0.0,0.0,0.0,0.0,374,none,B1
sac_her,action_delay,0,0.0,-50.0,0.0,0.15326543860079836,50,0.0,0.0,0.0,0.0,375,none,B1
sac_her,action_delay,0,0.0,-50.0,0.0,0.15326543860079836,50,0.0,0.0,0.0,0.0,376,none,B1
sac_her,action_delay,0,0.0,-50.0,0.0,0.15326543860079836,50,0.0,0.0,0.0,0.0,377,none,B1
sac_her,action_delay,0,0.0,-50.0,0.0,0.15326543860079836,50,0.0,0.0,0.0,0.0,378,none,B1
sac_her,action_delay,0,0.0,-50.0,0.0,0.15326543860079836,50,0.0,0.0,0.0,0.0,379,none,B1
sac_her,action_delay,0,0.0,-50.0,0.0,0.15326543860079836,50,0.0,0.0,0.0,0.0,380,none,B1
sac_her,action_delay,0,0.0,-50.0,0.0,0.15326543860079836,50,0.0,0.0,0.0,0.0,381,none,B1
sac_her,action_delay,0,0.0,-50.0,0.0,0.15326543860079836,50,0.0,0.0,0.0,0.0,382,none,B1
sac_her,action_delay,0,0.0,-50.0,0.0,0.15326543860079836,50,0.0,0.0,0.0,0.0,383,none,B1
sac_her,action_delay,0,0.0,-50.0,0.0,0.15326543860079836,50,0.0,0.0,0.0,0.0,384,none,B1
sac_her,action_delay,0,0.0,-50.0,0.0,0.15326543860079836,50,0.0,0.0,0.0,0.0,385,none,B1
sac_her,action_delay,0,0.0,-50.0,0.0,0.15326543860079836,50,0.0,0.0,0.0,0.0,386,none,B1
sac_her,action_delay,0,0.0,-50.0,0.0,0.15326543860079836,50,0.0,0.0,0.0,0.0,387,none,B1
sac_her,action_delay,0,0.0,-50.0,0.0,0.15326543860079836,50,0.0,0.0,0.0,0.0,388,none,B1
sac_her,action_delay,0,0.0,-50.0,0.0,0.15326543860079836,50,0.0,0.0,0.0,0.0,389,none,B1
sac_her_recovery_v2,action_delay,0,0.0,-36.0,1.0,0.023536566773905823,50,0.042164579033851624,0.6268553137779236,0.0,1.0,390,v2,B2
sac_her_recovery_v2,action_delay,0,0.0,-36.0,1.0,0.023536566773905823,50,0.042164579033851624,0.6268553137779236,0.0,1.0,391,v2,B2
sac_her_recovery_v2,action_delay,0,0.0,-36.0,1.0,0.023536566773905823,50,0.042164579033851624,0.6268553137779236,0.0,1.0,392,v2,B2
sac_her_recovery_v2,action_delay,0,0.0,-36.0,1.0,0.023536566773905823,50,0.042164579033851624,0.6268553137779236,0.0,1.0,393,v2,B2
sac_her_recovery_v2,action_delay,0,0.0,-36.0,1.0,0.023536566773905823,50,0.042164579033851624,0.6268553137779236,0.0,1.0,394,v2,B2
sac_her_recovery_v2,action_delay,0,0.0,-36.0,1.0,0.023536566773905823,50,0.042164579033851624,0.6268553137779236,0.0,1.0,395,v2,B2
sac_her_recovery_v2,action_delay,0,0.0,-36.0,1.0,0.023536566773905823,50,0.042164579033851624,0.6268553137779236,0.0,1.0,396,v2,B2
sac_her_recovery_v2,action_delay,0,0.0,-36.0,1.0,0.023536566773905823,50,0.042164579033851624,0.6268553137779236,0.0,1.0,397,v2,B2
sac_her_recovery_v2,action_delay,0,0.0,-36.0,1.0,0.023536566773905823,50,0.042164579033851624,0.6268553137779236,0.0,1.0,398,v2,B2
sac_her_recovery_v2,action_delay,0,0.0,-36.0,1.0,0.023536566773905823,50,0.042164579033851624,0.6268553137779236,0.0,1.0,399,v2,B2
sac_her_recovery_v2,action_delay,0,0.0,-36.0,1.0,0.023536566773905823,50,0.042164579033851624,0.6268553137779236,0.0,1.0,400,v2,B2
sac_her_recovery_v2,action_delay,0,0.0,-36.0,1.0,0.023536566773905823,50,0.042164579033851624,0.6268553137779236,0.0,1.0,401,v2,B2
sac_her_recovery_v2,action_delay,0,0.0,-36.0,1.0,0.023536566773905823,50,0.042164579033851624,0.6268553137779236,0.0,1.0,402,v2,B2
sac_her_recovery_v2,action_delay,0,0.0,-36.0,1.0,0.023536566773905823,50,0.042164579033851624,0.6268553137779236,0.0,1.0,403,v2,B2
sac_her_recovery_v2,action_delay,0,0.0,-36.0,1.0,0.023536566773905823,50,0.042164579033851624,0.6268553137779236,0.0,1.0,404,v2,B2
sac_her_recovery_v2,action_delay,0,0.0,-36.0,1.0,0.023536566773905823,50,0.042164579033851624,0.6268553137779236,0.0,1.0,405,v2,B2
sac_her_recovery_v2,action_delay,0,0.0,-36.0,1.0,0.023536566773905823,50,0.042164579033851624,0.6268553137779236,0.0,1.0,406,v2,B2
sac_her_recovery_v2,action_delay,0,0.0,-36.0,1.0,0.023536566773905823,50,0.042164579033851624,0.6268553137779236,0.0,1.0,407,v2,B2
sac_her_recovery_v2,action_delay,0,0.0,-36.0,1.0,0.023536566773905823,50,0.042164579033851624,0.6268553137779236,0.0,1.0,408,v2,B2
sac_her_recovery_v2,action_delay,0,0.0,-36.0,1.0,0.023536566773905823,50,0.042164579033851624,0.6268553137779236,0.0,1.0,409,v2,B2
sac_her_recovery_v2,action_delay,0,0.0,-36.0,1.0,0.023536566773905823,50,0.042164579033851624,0.6268553137779236,0.0,1.0,410,v2,B2
sac_her_recovery_v2,action_delay,0,0.0,-36.0,1.0,0.023536566773905823,50,0.042164579033851624,0.6268553137779236,0.0,1.0,411,v2,B2
sac_her_recovery_v2,action_delay,0,0.0,-36.0,1.0,0.023536566773905823,50,0.042164579033851624,0.6268553137779236,0.0,1.0,412,v2,B2
sac_her_recovery_v2,action_delay,0,0.0,-36.0,1.0,0.023536566773905823,50,0.042164579033851624,0.6268553137779236,0.0,1.0,413,v2,B2
sac_her_recovery_v2,action_delay,0,0.0,-36.0,1.0,0.023536566773905823,50,0.042164579033851624,0.6268553137779236,0.0,1.0,414,v2,B2
sac_her_recovery_v2,action_delay,0,0.0,-36.0,1.0,0.023536566773905823,50,0.042164579033851624,0.6268553137779236,0.0,1.0,415,v2,B2
sac_her_recovery_v2,action_delay,0,0.0,-36.0,1.0,0.023536566773905823,50,0.042164579033851624,0.6268553137779236,0.0,1.0,416,v2,B2
sac_her_recovery_v2,action_delay,0,0.0,-36.0,1.0,0.023536566773905823,50,0.042164579033851624,0.6268553137779236,0.0,1.0,417,v2,B2
sac_her_recovery_v2,action_delay,0,0.0,-36.0,1.0,0.023536566773905823,50,0.042164579033851624,0.6268553137779236,0.0,1.0,418,v2,B2
sac_her_recovery_v2,action_delay,0,0.0,-36.0,1.0,0.023536566773905823,50,0.042164579033851624,0.6268553137779236,0.0,1.0,419,v2,B2
sac_her_recovery_v3,action_delay,0,0.0,-35.0,1.0,0.12936600332684053,50,0.020927738398313522,0.45151257514953613,0.0,1.0,420,v3,B3
sac_her_recovery_v3,action_delay,0,0.0,-35.0,1.0,0.12936600332684053,50,0.020927738398313522,0.45151257514953613,0.0,1.0,421,v3,B3
sac_her_recovery_v3,action_delay,0,0.0,-35.0,1.0,0.12936600332684053,50,0.020927738398313522,0.45151257514953613,0.0,1.0,422,v3,B3
sac_her_recovery_v3,action_delay,0,0.0,-35.0,1.0,0.12936600332684053,50,0.020927738398313522,0.45151257514953613,0.0,1.0,423,v3,B3
sac_her_recovery_v3,action_delay,0,0.0,-35.0,1.0,0.12936600332684053,50,0.020927738398313522,0.45151257514953613,0.0,1.0,424,v3,B3
sac_her_recovery_v3,action_delay,0,0.0,-35.0,1.0,0.12936600332684053,50,0.020927738398313522,0.45151257514953613,0.0,1.0,425,v3,B3
sac_her_recovery_v3,action_delay,0,0.0,-35.0,1.0,0.12936600332684053,50,0.020927738398313522,0.45151257514953613,0.0,1.0,426,v3,B3
sac_her_recovery_v3,action_delay,0,0.0,-35.0,1.0,0.12936600332684053,50,0.020927738398313522,0.45151257514953613,0.0,1.0,427,v3,B3
sac_her_recovery_v3,action_delay,0,0.0,-35.0,1.0,0.12936600332684053,50,0.020927738398313522,0.45151257514953613,0.0,1.0,428,v3,B3
sac_her_recovery_v3,action_delay,0,0.0,-35.0,1.0,0.12936600332684053,50,0.020927738398313522,0.45151257514953613,0.0,1.0,429,v3,B3
sac_her_recovery_v3,action_delay,0,0.0,-35.0,1.0,0.12936600332684053,50,0.020927738398313522,0.45151257514953613,0.0,1.0,430,v3,B3
sac_her_recovery_v3,action_delay,0,0.0,-35.0,1.0,0.12936600332684053,50,0.020927738398313522,0.45151257514953613,0.0,1.0,431,v3,B3
sac_her_recovery_v3,action_delay,0,0.0,-35.0,1.0,0.12936600332684053,50,0.020927738398313522,0.45151257514953613,0.0,1.0,432,v3,B3
sac_her_recovery_v3,action_delay,0,0.0,-35.0,1.0,0.12936600332684053,50,0.020927738398313522,0.45151257514953613,0.0,1.0,433,v3,B3
sac_her_recovery_v3,action_delay,0,0.0,-35.0,1.0,0.12936600332684053,50,0.020927738398313522,0.45151257514953613,0.0,1.0,434,v3,B3
sac_her_recovery_v3,action_delay,0,0.0,-35.0,1.0,0.12936600332684053,50,0.020927738398313522,0.45151257514953613,0.0,1.0,435,v3,B3
sac_her_recovery_v3,action_delay,0,0.0,-35.0,1.0,0.12936600332684053,50,0.020927738398313522,0.45151257514953613,0.0,1.0,436,v3,B3
sac_her_recovery_v3,action_delay,0,0.0,-35.0,1.0,0.12936600332684053,50,0.020927738398313522,0.45151257514953613,0.0,1.0,437,v3,B3
sac_her_recovery_v3,action_delay,0,0.0,-35.0,1.0,0.12936600332684053,50,0.020927738398313522,0.45151257514953613,0.0,1.0,438,v3,B3
sac_her_recovery_v3,action_delay,0,0.0,-35.0,1.0,0.12936600332684053,50,0.020927738398313522,0.45151257514953613,0.0,1.0,439,v3,B3
sac_her_recovery_v3,action_delay,0,0.0,-35.0,1.0,0.12936600332684053,50,0.020927738398313522,0.45151257514953613,0.0,1.0,440,v3,B3
sac_her_recovery_v3,action_delay,0,0.0,-35.0,1.0,0.12936600332684053,50,0.020927738398313522,0.45151257514953613,0.0,1.0,441,v3,B3
sac_her_recovery_v3,action_delay,0,0.0,-35.0,1.0,0.12936600332684053,50,0.020927738398313522,0.45151257514953613,0.0,1.0,442,v3,B3
sac_her_recovery_v3,action_delay,0,0.0,-35.0,1.0,0.12936600332684053,50,0.020927738398313522,0.45151257514953613,0.0,1.0,443,v3,B3
sac_her_recovery_v3,action_delay,0,0.0,-35.0,1.0,0.12936600332684053,50,0.020927738398313522,0.45151257514953613,0.0,1.0,444,v3,B3
sac_her_recovery_v3,action_delay,0,0.0,-35.0,1.0,0.12936600332684053,50,0.020927738398313522,0.45151257514953613,0.0,1.0,445,v3,B3
sac_her_recovery_v3,action_delay,0,0.0,-35.0,1.0,0.12936600332684053,50,0.020927738398313522,0.45151257514953613,0.0,1.0,446,v3,B3
sac_her_recovery_v3,action_delay,0,0.0,-35.0,1.0,0.12936600332684053,50,0.020927738398313522,0.45151257514953613,0.0,1.0,447,v3,B3
sac_her_recovery_v3,action_delay,0,0.0,-35.0,1.0,0.12936600332684053,50,0.020927738398313522,0.45151257514953613,0.0,1.0,448,v3,B3
sac_her_recovery_v3,action_delay,0,0.0,-35.0,1.0,0.12936600332684053,50,0.020927738398313522,0.45151257514953613,0.0,1.0,449,v3,B3
sac_her,action_reversal,0,0.0,-50.0,0.0,1.5107907185771434,50,0.011789271607995033,1.9883800745010376,1.0,0.0,450,none,B1
sac_her,action_reversal,0,0.0,-50.0,0.0,1.5107907185771434,50,0.011789271607995033,1.9883800745010376,1.0,0.0,451,none,B1
sac_her,action_reversal,0,0.0,-50.0,0.0,1.5107907185771434,50,0.011789271607995033,1.9883800745010376,1.0,0.0,452,none,B1
sac_her,action_reversal,0,0.0,-50.0,0.0,1.5107907185771434,50,0.011789271607995033,1.9883800745010376,1.0,0.0,453,none,B1
sac_her,action_reversal,0,0.0,-50.0,0.0,1.5107907185771434,50,0.011789271607995033,1.9883800745010376,1.0,0.0,454,none,B1
sac_her,action_reversal,0,0.0,-50.0,0.0,1.5107907185771434,50,0.011789271607995033,1.9883800745010376,1.0,0.0,455,none,B1
sac_her,action_reversal,0,0.0,-50.0,0.0,1.5107907185771434,50,0.011789271607995033,1.9883800745010376,1.0,0.0,456,none,B1
sac_her,action_reversal,0,0.0,-50.0,0.0,1.5107907185771434,50,0.011789271607995033,1.9883800745010376,1.0,0.0,457,none,B1
sac_her,action_reversal,0,0.0,-50.0,0.0,1.5107907185771434,50,0.011789271607995033,1.9883800745010376,1.0,0.0,458,none,B1
sac_her,action_reversal,0,0.0,-50.0,0.0,1.5107907185771434,50,0.011789271607995033,1.9883800745010376,1.0,0.0,459,none,B1
sac_her,action_reversal,0,0.0,-50.0,0.0,1.5107907185771434,50,0.011789271607995033,1.9883800745010376,1.0,0.0,460,none,B1
sac_her,action_reversal,0,0.0,-50.0,0.0,1.5107907185771434,50,0.011789271607995033,1.9883800745010376,1.0,0.0,461,none,B1
sac_her,action_reversal,0,0.0,-50.0,0.0,1.5107907185771434,50,0.011789271607995033,1.9883800745010376,1.0,0.0,462,none,B1
sac_her,action_reversal,0,0.0,-50.0,0.0,1.5107907185771434,50,0.011789271607995033,1.9883800745010376,1.0,0.0,463,none,B1
sac_her,action_reversal,0,0.0,-50.0,0.0,1.5107907185771434,50,0.011789271607995033,1.9883800745010376,1.0,0.0,464,none,B1
sac_her,action_reversal,0,0.0,-50.0,0.0,1.5107907185771434,50,0.011789271607995033,1.9883800745010376,1.0,0.0,465,none,B1
sac_her,action_reversal,0,0.0,-50.0,0.0,1.5107907185771434,50,0.011789271607995033,1.9883800745010376,1.0,0.0,466,none,B1
sac_her,action_reversal,0,0.0,-50.0,0.0,1.5107907185771434,50,0.011789271607995033,1.9883800745010376,1.0,0.0,467,none,B1
sac_her,action_reversal,0,0.0,-50.0,0.0,1.5107907185771434,50,0.011789271607995033,1.9883800745010376,1.0,0.0,468,none,B1
sac_her,action_reversal,0,0.0,-50.0,0.0,1.5107907185771434,50,0.011789271607995033,1.9883800745010376,1.0,0.0,469,none,B1
sac_her,action_reversal,0,0.0,-50.0,0.0,1.5107907185771434,50,0.011789271607995033,1.9883800745010376,1.0,0.0,470,none,B1
sac_her,action_reversal,0,0.0,-50.0,0.0,1.5107907185771434,50,0.011789271607995033,1.9883800745010376,1.0,0.0,471,none,B1
sac_her,action_reversal,0,0.0,-50.0,0.0,1.5107907185771434,50,0.011789271607995033,1.9883800745010376,1.0,0.0,472,none,B1
sac_her,action_reversal,0,0.0,-50.0,0.0,1.5107907185771434,50,0.011789271607995033,1.9883800745010376,1.0,0.0,473,none,B1
sac_her,action_reversal,0,0.0,-50.0,0.0,1.5107907185771434,50,0.011789271607995033,1.9883800745010376,1.0,0.0,474,none,B1
sac_her,action_reversal,0,0.0,-50.0,0.0,1.5107907185771434,50,0.011789271607995033,1.9883800745010376,1.0,0.0,475,none,B1
sac_her,action_reversal,0,0.0,-50.0,0.0,1.5107907185771434,50,0.011789271607995033,1.9883800745010376,1.0,0.0,476,none,B1
sac_her,action_reversal,0,0.0,-50.0,0.0,1.5107907185771434,50,0.011789271607995033,1.9883800745010376,1.0,0.0,477,none,B1
sac_her,action_reversal,0,0.0,-50.0,0.0,1.5107907185771434,50,0.011789271607995033,1.9883800745010376,1.0,0.0,478,none,B1
sac_her,action_reversal,0,0.0,-50.0,0.0,1.5107907185771434,50,0.011789271607995033,1.9883800745010376,1.0,0.0,479,none,B1
sac_her_recovery_v2,action_reversal,0,0.0,-50.0,0.0,0.2422720626725358,50,0.9190330505371094,1.3699935674667358,1.0,1.0,480,v2,B2
sac_her_recovery_v2,action_reversal,0,0.0,-50.0,0.0,0.2422720626725358,50,0.9190330505371094,1.3699935674667358,1.0,1.0,481,v2,B2
sac_her_recovery_v2,action_reversal,0,0.0,-50.0,0.0,0.2422720626725358,50,0.9190330505371094,1.3699935674667358,1.0,1.0,482,v2,B2
sac_her_recovery_v2,action_reversal,0,0.0,-50.0,0.0,0.2422720626725358,50,0.9190330505371094,1.3699935674667358,1.0,1.0,483,v2,B2
sac_her_recovery_v2,action_reversal,0,0.0,-50.0,0.0,0.2422720626725358,50,0.9190330505371094,1.3699935674667358,1.0,1.0,484,v2,B2
sac_her_recovery_v2,action_reversal,0,0.0,-50.0,0.0,0.2422720626725358,50,0.9190330505371094,1.3699935674667358,1.0,1.0,485,v2,B2
sac_her_recovery_v2,action_reversal,0,0.0,-50.0,0.0,0.2422720626725358,50,0.9190330505371094,1.3699935674667358,1.0,1.0,486,v2,B2
sac_her_recovery_v2,action_reversal,0,0.0,-50.0,0.0,0.2422720626725358,50,0.9190330505371094,1.3699935674667358,1.0,1.0,487,v2,B2
sac_her_recovery_v2,action_reversal,0,0.0,-50.0,0.0,0.2422720626725358,50,0.9190330505371094,1.3699935674667358,1.0,1.0,488,v2,B2
sac_her_recovery_v2,action_reversal,0,0.0,-50.0,0.0,0.2422720626725358,50,0.9190330505371094,1.3699935674667358,1.0,1.0,489,v2,B2
sac_her_recovery_v2,action_reversal,0,0.0,-50.0,0.0,0.2422720626725358,50,0.9190330505371094,1.3699935674667358,1.0,1.0,490,v2,B2
sac_her_recovery_v2,action_reversal,0,0.0,-50.0,0.0,0.2422720626725358,50,0.9190330505371094,1.3699935674667358,1.0,1.0,491,v2,B2
sac_her_recovery_v2,action_reversal,0,0.0,-50.0,0.0,0.2422720626725358,50,0.9190330505371094,1.3699935674667358,1.0,1.0,492,v2,B2
sac_her_recovery_v2,action_reversal,0,0.0,-50.0,0.0,0.2422720626725358,50,0.9190330505371094,1.3699935674667358,1.0,1.0,493,v2,B2
sac_her_recovery_v2,action_reversal,0,0.0,-50.0,0.0,0.2422720626725358,50,0.9190330505371094,1.3699935674667358,1.0,1.0,494,v2,B2
sac_her_recovery_v2,action_reversal,0,0.0,-50.0,0.0,0.2422720626725358,50,0.9190330505371094,1.3699935674667358,1.0,1.0,495,v2,B2
sac_her_recovery_v2,action_reversal,0,0.0,-50.0,0.0,0.2422720626725358,50,0.9190330505371094,1.3699935674667358,1.0,1.0,496,v2,B2
sac_her_recovery_v2,action_reversal,0,0.0,-50.0,0.0,0.2422720626725358,50,0.9190330505371094,1.3699935674667358,1.0,1.0,497,v2,B2
sac_her_recovery_v2,action_reversal,0,0.0,-50.0,0.0,0.2422720626725358,50,0.9190330505371094,1.3699935674667358,1.0,1.0,498,v2,B2
sac_her_recovery_v2,action_reversal,0,0.0,-50.0,0.0,0.2422720626725358,50,0.9190330505371094,1.3699935674667358,1.0,1.0,499,v2,B2
sac_her_recovery_v2,action_reversal,0,0.0,-50.0,0.0,0.2422720626725358,50,0.9190330505371094,1.3699935674667358,1.0,1.0,500,v2,B2
sac_her_recovery_v2,action_reversal,0,0.0,-50.0,0.0,0.2422720626725358,50,0.9190330505371094,1.3699935674667358,1.0,1.0,501,v2,B2
sac_her_recovery_v2,action_reversal,0,0.0,-50.0,0.0,0.2422720626725358,50,0.9190330505371094,1.3699935674667358,1.0,1.0,502,v2,B2
sac_her_recovery_v2,action_reversal,0,0.0,-50.0,0.0,0.2422720626725358,50,0.9190330505371094,1.3699935674667358,1.0,1.0,503,v2,B2
sac_her_recovery_v2,action_reversal,0,0.0,-50.0,0.0,0.2422720626725358,50,0.9190330505371094,1.3699935674667358,1.0,1.0,504,v2,B2
sac_her_recovery_v2,action_reversal,0,0.0,-50.0,0.0,0.2422720626725358,50,0.9190330505371094,1.3699935674667358,1.0,1.0,505,v2,B2
sac_her_recovery_v2,action_reversal,0,0.0,-50.0,0.0,0.2422720626725358,50,0.9190330505371094,1.3699935674667358,1.0,1.0,506,v2,B2
sac_her_recovery_v2,action_reversal,0,0.0,-50.0,0.0,0.2422720626725358,50,0.9190330505371094,1.3699935674667358,1.0,1.0,507,v2,B2
sac_her_recovery_v2,action_reversal,0,0.0,-50.0,0.0,0.2422720626725358,50,0.9190330505371094,1.3699935674667358,1.0,1.0,508,v2,B2
sac_her_recovery_v2,action_reversal,0,0.0,-50.0,0.0,0.2422720626725358,50,0.9190330505371094,1.3699935674667358,1.0,1.0,509,v2,B2
sac_her_recovery_v3,action_reversal,0,0.0,-50.0,0.0,0.18153191429237825,50,0.6939917802810669,1.3152213096618652,1.0,1.0,510,v3,B3
sac_her_recovery_v3,action_reversal,0,0.0,-50.0,0.0,0.18153191429237825,50,0.6939917802810669,1.3152213096618652,1.0,1.0,511,v3,B3
sac_her_recovery_v3,action_reversal,0,0.0,-50.0,0.0,0.18153191429237825,50,0.6939917802810669,1.3152213096618652,1.0,1.0,512,v3,B3
sac_her_recovery_v3,action_reversal,0,0.0,-50.0,0.0,0.18153191429237825,50,0.6939917802810669,1.3152213096618652,1.0,1.0,513,v3,B3
sac_her_recovery_v3,action_reversal,0,0.0,-50.0,0.0,0.18153191429237825,50,0.6939917802810669,1.3152213096618652,1.0,1.0,514,v3,B3
sac_her_recovery_v3,action_reversal,0,0.0,-50.0,0.0,0.18153191429237825,50,0.6939917802810669,1.3152213096618652,1.0,1.0,515,v3,B3
sac_her_recovery_v3,action_reversal,0,0.0,-50.0,0.0,0.18153191429237825,50,0.6939917802810669,1.3152213096618652,1.0,1.0,516,v3,B3
sac_her_recovery_v3,action_reversal,0,0.0,-50.0,0.0,0.18153191429237825,50,0.6939917802810669,1.3152213096618652,1.0,1.0,517,v3,B3
sac_her_recovery_v3,action_reversal,0,0.0,-50.0,0.0,0.18153191429237825,50,0.6939917802810669,1.3152213096618652,1.0,1.0,518,v3,B3
sac_her_recovery_v3,action_reversal,0,0.0,-50.0,0.0,0.18153191429237825,50,0.6939917802810669,1.3152213096618652,1.0,1.0,519,v3,B3
sac_her_recovery_v3,action_reversal,0,0.0,-50.0,0.0,0.18153191429237825,50,0.6939917802810669,1.3152213096618652,1.0,1.0,520,v3,B3
sac_her_recovery_v3,action_reversal,0,0.0,-50.0,0.0,0.18153191429237825,50,0.6939917802810669,1.3152213096618652,1.0,1.0,521,v3,B3
sac_her_recovery_v3,action_reversal,0,0.0,-50.0,0.0,0.18153191429237825,50,0.6939917802810669,1.3152213096618652,1.0,1.0,522,v3,B3
sac_her_recovery_v3,action_reversal,0,0.0,-50.0,0.0,0.18153191429237825,50,0.6939917802810669,1.3152213096618652,1.0,1.0,523,v3,B3
sac_her_recovery_v3,action_reversal,0,0.0,-50.0,0.0,0.18153191429237825,50,0.6939917802810669,1.3152213096618652,1.0,1.0,524,v3,B3
sac_her_recovery_v3,action_reversal,0,0.0,-50.0,0.0,0.18153191429237825,50,0.6939917802810669,1.3152213096618652,1.0,1.0,525,v3,B3
sac_her_recovery_v3,action_reversal,0,0.0,-50.0,0.0,0.18153191429237825,50,0.6939917802810669,1.3152213096618652,1.0,1.0,526,v3,B3
sac_her_recovery_v3,action_reversal,0,0.0,-50.0,0.0,0.18153191429237825,50,0.6939917802810669,1.3152213096618652,1.0,1.0,527,v3,B3
sac_her_recovery_v3,action_reversal,0,0.0,-50.0,0.0,0.18153191429237825,50,0.6939917802810669,1.3152213096618652,1.0,1.0,528,v3,B3
sac_her_recovery_v3,action_reversal,0,0.0,-50.0,0.0,0.18153191429237825,50,0.6939917802810669,1.3152213096618652,1.0,1.0,529,v3,B3
sac_her_recovery_v3,action_reversal,0,0.0,-50.0,0.0,0.18153191429237825,50,0.6939917802810669,1.3152213096618652,1.0,1.0,530,v3,B3
sac_her_recovery_v3,action_reversal,0,0.0,-50.0,0.0,0.18153191429237825,50,0.6939917802810669,1.3152213096618652,1.0,1.0,531,v3,B3
sac_her_recovery_v3,action_reversal,0,0.0,-50.0,0.0,0.18153191429237825,50,0.6939917802810669,1.3152213096618652,1.0,1.0,532,v3,B3
sac_her_recovery_v3,action_reversal,0,0.0,-50.0,0.0,0.18153191429237825,50,0.6939917802810669,1.3152213096618652,1.0,1.0,533,v3,B3
sac_her_recovery_v3,action_reversal,0,0.0,-50.0,0.0,0.18153191429237825,50,0.6939917802810669,1.3152213096618652,1.0,1.0,534,v3,B3
sac_her_recovery_v3,action_reversal,0,0.0,-50.0,0.0,0.18153191429237825,50,0.6939917802810669,1.3152213096618652,1.0,1.0,535,v3,B3
sac_her_recovery_v3,action_reversal,0,0.0,-50.0,0.0,0.18153191429237825,50,0.6939917802810669,1.3152213096618652,1.0,1.0,536,v3,B3
sac_her_recovery_v3,action_reversal,0,0.0,-50.0,0.0,0.18153191429237825,50,0.6939917802810669,1.3152213096618652,1.0,1.0,537,v3,B3
sac_her_recovery_v3,action_reversal,0,0.0,-50.0,0.0,0.18153191429237825,50,0.6939917802810669,1.3152213096618652,1.0,1.0,538,v3,B3
sac_her_recovery_v3,action_reversal,0,0.0,-50.0,0.0,0.18153191429237825,50,0.6939917802810669,1.3152213096618652,1.0,1.0,539,v3,B3
sac_her,goal_spoof_immediate,0,0.1,-2.0,1.0,0.045386269868603994,50,0.04320359230041504,0.9770140647888184,1.0,0.0,540,none,B1
sac_her,goal_spoof_immediate,0,0.1,-50.0,0.0,0.08919476436250665,50,0.052550774067640305,0.6927424073219299,1.0,0.0,541,none,B1
sac_her,goal_spoof_immediate,0,0.1,-50.0,0.0,0.11930277867427261,50,0.04999888688325882,0.1456795334815979,1.0,0.0,542,none,B1
sac_her,goal_spoof_immediate,0,0.1,-50.0,0.0,0.08000986062706288,50,0.037048548460006714,0.9137812852859497,0.0,0.0,543,none,B1
sac_her,goal_spoof_immediate,0,0.1,-2.0,1.0,0.020702232964708425,50,0.04463372752070427,1.0518543720245361,0.0,0.0,544,none,B1
sac_her,goal_spoof_immediate,0,0.1,-50.0,0.0,0.09590792729164105,50,0.055996086448431015,1.043704867362976,1.0,0.0,545,none,B1
sac_her,goal_spoof_immediate,0,0.1,-50.0,0.0,0.10198854433472347,50,0.029731862246990204,0.09827908873558044,0.0,0.0,546,none,B1
sac_her,goal_spoof_immediate,0,0.1,-50.0,0.0,0.07152488733734334,50,0.04772277921438217,0.5468319654464722,1.0,0.0,547,none,B1
sac_her,goal_spoof_immediate,0,0.1,-50.0,0.0,0.09003290902694625,50,0.02677951380610466,0.0944150760769844,0.0,0.0,548,none,B1
sac_her,goal_spoof_immediate,0,0.1,-50.0,0.0,0.06852738801142674,50,0.03581603616476059,1.0565685033798218,0.0,0.0,549,none,B1
sac_her,goal_spoof_immediate,0,0.1,-50.0,0.0,0.07656874298451742,50,0.06425144523382187,0.9625205993652344,1.0,0.0,550,none,B1
sac_her,goal_spoof_immediate,0,0.1,-50.0,0.0,0.07654969703337887,50,0.03304309770464897,0.9203583002090454,0.0,0.0,551,none,B1
sac_her,goal_spoof_immediate,0,0.1,-50.0,0.0,0.08951674097993885,50,0.045494284480810165,0.8134114146232605,1.0,0.0,552,none,B1
sac_her,goal_spoof_immediate,0,0.1,-50.0,0.0,0.07588280030232686,50,0.059876564890146255,0.5171633958816528,1.0,0.0,553,none,B1
sac_her,goal_spoof_immediate,0,0.1,-50.0,0.0,0.1453918760707375,50,0.06248386204242706,0.18146945536136627,1.0,0.0,554,none,B1
sac_her,goal_spoof_immediate,0,0.1,-3.0,1.0,0.03397680573558336,50,0.04807305708527565,1.059455156326294,1.0,0.0,555,none,B1
sac_her,goal_spoof_immediate,0,0.1,-50.0,0.0,0.10004861491482739,50,0.026825182139873505,0.08102965354919434,0.0,0.0,556,none,B1
sac_her,goal_spoof_immediate,0,0.1,-14.0,1.0,0.049706566807450565,50,0.03027365915477276,0.8700768351554871,0.0,0.0,557,none,B1
sac_her,goal_spoof_immediate,0,0.1,-50.0,0.0,0.06780146544822978,50,0.038877520710229874,0.13046935200691223,1.0,0.0,558,none,B1
sac_her,goal_spoof_immediate,0,0.1,-50.0,0.0,0.11523606645720325,50,0.029106495901942253,0.983045220375061,0.0,0.0,559,none,B1
sac_her,goal_spoof_immediate,0,0.1,-2.0,1.0,0.048289767207406964,50,0.054644010961055756,0.5369507670402527,1.0,0.0,560,none,B1
sac_her,goal_spoof_immediate,0,0.1,-50.0,0.0,0.05099580794924611,50,0.049636177718639374,0.1773267537355423,1.0,0.0,561,none,B1
sac_her,goal_spoof_immediate,0,0.1,-50.0,0.0,0.15024042596048962,50,0.05181899294257164,0.6585907936096191,1.0,0.0,562,none,B1
sac_her,goal_spoof_immediate,0,0.1,-2.0,1.0,0.035265347914732695,50,0.04416629672050476,1.0569396018981934,1.0,0.0,563,none,B1
sac_her,goal_spoof_immediate,0,0.1,-50.0,0.0,0.13676574298857072,50,0.04970348998904228,0.13114109635353088,1.0,0.0,564,none,B1
sac_her,goal_spoof_immediate,0,0.1,-50.0,0.0,0.07901731808805976,50,0.050335418432950974,0.5196338891983032,1.0,0.0,565,none,B1
sac_her,goal_spoof_immediate,0,0.1,-50.0,0.0,0.07151420709109421,50,0.05128207057714462,0.8385451436042786,1.0,0.0,566,none,B1
sac_her,goal_spoof_immediate,0,0.1,-50.0,0.0,0.12809836295249416,50,0.05246917903423309,0.16977889835834503,1.0,0.0,567,none,B1
sac_her,goal_spoof_immediate,0,0.1,-49.0,1.0,0.06366918708905198,50,0.03531651943922043,1.0842101573944092,1.0,0.0,568,none,B1
sac_her,goal_spoof_immediate,0,0.1,-50.0,0.0,0.12143197231325802,50,0.05761977285146713,0.21668215095996857,1.0,0.0,569,none,B1
sac_her_recovery_v2,goal_spoof_immediate,0,0.1,-50.0,0.0,0.10840698084736962,50,0.04075455293059349,0.17690306901931763,1.0,0.0,570,v2,B2
sac_her_recovery_v2,goal_spoof_immediate,0,0.1,-50.0,0.0,0.08165065405712313,50,0.04176631569862366,0.13208281993865967,1.0,0.0,571,v2,B2
sac_her_recovery_v2,goal_spoof_immediate,0,0.1,-50.0,0.0,0.11804734487133514,50,0.1068069115281105,1.1634811162948608,1.0,1.0,572,v2,B2
sac_her_recovery_v2,goal_spoof_immediate,0,0.1,-2.0,1.0,0.025631916361269626,50,0.04874855652451515,0.4366333484649658,1.0,0.0,573,v2,B2
sac_her_recovery_v2,goal_spoof_immediate,0,0.1,-50.0,0.0,0.08988367343912693,50,0.03446384146809578,0.9240210056304932,0.0,0.0,574,v2,B2
sac_her_recovery_v2,goal_spoof_immediate,0,0.1,-50.0,0.0,0.10279374819670913,50,0.056187648326158524,0.9658398628234863,1.0,0.0,575,v2,B2
sac_her_recovery_v2,goal_spoof_immediate,0,0.1,-50.0,0.0,0.11063217672960501,50,0.05761941149830818,0.46243536472320557,1.0,0.0,576,v2,B2
sac_her_recovery_v2,goal_spoof_immediate,0,0.1,-50.0,0.0,0.0820482943158562,50,0.049102865159511566,0.2921702265739441,1.0,0.0,577,v2,B2
sac_her_recovery_v2,goal_spoof_immediate,0,0.1,-50.0,0.0,0.0697584148576579,50,0.03733234852552414,0.1542385071516037,1.0,0.0,578,v2,B2
sac_her_recovery_v2,goal_spoof_immediate,0,0.1,-50.0,0.0,0.08511250864199613,50,0.02793867513537407,0.9120559692382812,0.0,0.0,579,v2,B2
sac_her_recovery_v2,goal_spoof_immediate,0,0.1,-50.0,0.0,0.07618803921947165,50,0.04230872541666031,0.1434854120016098,1.0,0.0,580,v2,B2
sac_her_recovery_v2,goal_spoof_immediate,0,0.1,-50.0,0.0,0.10064559843578331,50,0.05093315988779068,0.14979438483715057,1.0,0.0,581,v2,B2
sac_her_recovery_v2,goal_spoof_immediate,0,0.1,-50.0,0.0,0.11161204253254801,50,0.0829913541674614,0.18119193613529205,1.0,1.0,582,v2,B2
sac_her_recovery_v2,goal_spoof_immediate,0,0.1,-50.0,0.0,0.08938596633257674,50,0.05652257427573204,0.5368501543998718,1.0,0.0,583,v2,B2
sac_her_recovery_v2,goal_spoof_immediate,0,0.1,-50.0,0.0,0.12292276111949087,50,0.10024971514940262,0.20017209649085999,1.0,1.0,584,v2,B2
sac_her_recovery_v2,goal_spoof_immediate,0,0.1,-50.0,0.0,0.1439285844558597,50,0.1024201363325119,0.9411401152610779,1.0,1.0,585,v2,B2
sac_her_recovery_v2,goal_spoof_immediate,0,0.1,-50.0,0.0,0.12010346131498584,50,0.08905308693647385,0.9953476786613464,0.0,1.0,586,v2,B2
sac_her_recovery_v2,goal_spoof_immediate,0,0.1,-50.0,0.0,0.11880761645921843,50,0.08451547473669052,0.19507631659507751,1.0,1.0,587,v2,B2
sac_her_recovery_v2,goal_spoof_immediate,0,0.1,-50.0,0.0,0.10535316719095776,50,0.05203372240066528,0.5119955539703369,1.0,0.0,588,v2,B2
sac_her_recovery_v2,goal_spoof_immediate,0,0.1,-2.0,1.0,0.04590363595647971,50,0.05234015733003616,0.6848204135894775,1.0,0.0,589,v2,B2
sac_her_recovery_v2,goal_spoof_immediate,0,0.1,-50.0,0.0,0.11336782822228793,50,0.08258406817913055,0.5895277261734009,0.0,1.0,590,v2,B2
sac_her_recovery_v2,goal_spoof_immediate,0,0.1,-50.0,0.0,0.10426623033209503,50,0.05022688955068588,0.6412471532821655,1.0,0.0,591,v2,B2
sac_her_recovery_v2,goal_spoof_immediate,0,0.1,-50.0,0.0,0.09714251960190314,50,0.028855888172984123,0.10294726490974426,0.0,0.0,592,v2,B2
sac_her_recovery_v2,goal_spoof_immediate,0,0.1,-50.0,0.0,0.09867071570664493,50,0.049102526158094406,0.17985010147094727,1.0,0.0,593,v2,B2
sac_her_recovery_v2,goal_spoof_immediate,0,0.1,-50.0,0.0,0.1131054347201065,50,0.09178992360830307,0.2216418981552124,1.0,1.0,594,v2,B2
sac_her_recovery_v2,goal_spoof_immediate,0,0.1,-50.0,0.0,0.07938592063635182,50,0.032734766602516174,1.0470174551010132,1.0,0.0,595,v2,B2
sac_her_recovery_v2,goal_spoof_immediate,0,0.1,-50.0,0.0,0.054793750152779055,50,0.047905921936035156,0.2671108841896057,1.0,0.0,596,v2,B2
sac_her_recovery_v2,goal_spoof_immediate,0,0.1,-50.0,0.0,0.08958821157906612,50,0.05287648364901543,0.26771554350852966,1.0,0.0,597,v2,B2
sac_her_recovery_v2,goal_spoof_immediate,0,0.1,-7.0,1.0,0.048306290106541076,50,0.042931828647851944,0.14957082271575928,1.0,0.0,598,v2,B2
sac_her_recovery_v2,goal_spoof_immediate,0,0.1,-50.0,0.0,0.13086023788192624,50,0.09570010751485825,0.7235313653945923,1.0,1.0,599,v2,B2
sac_her_recovery_v3,goal_spoof_immediate,0,0.1,-50.0,0.0,0.058406823457271294,50,0.05894190073013306,0.8291609883308411,1.0,0.0,600,v3,B3
sac_her_recovery_v3,goal_spoof_immediate,0,0.1,-50.0,0.0,0.13247914805339142,50,0.11768041551113129,0.2271820455789566,1.0,1.0,601,v3,B3
sac_her_recovery_v3,goal_spoof_immediate,0,0.1,-50.0,0.0,0.07386145425866539,50,0.04850287735462189,0.15487661957740784,1.0,0.0,602,v3,B3
sac_her_recovery_v3,goal_spoof_immediate,0,0.1,-50.0,0.0,0.08372083624240846,50,0.04125656932592392,1.1443164348602295,1.0,0.0,603,v3,B3
sac_her_recovery_v3,goal_spoof_immediate,0,0.1,-50.0,0.0,0.13531543989608943,50,0.1299133449792862,0.2450287789106369,1.0,1.0,604,v3,B3
sac_her_recovery_v3,goal_spoof_immediate,0,0.1,-50.0,0.0,0.07319639766216682,50,0.06029796972870827,0.9076794981956482,1.0,0.0,605,v3,B3
sac_her_recovery_v3,goal_spoof_immediate,0,0.1,-50.0,0.0,0.06954887657072695,50,0.049320120364427567,0.27916455268859863,1.0,0.0,606,v3,B3
sac_her_recovery_v3,goal_spoof_immediate,0,0.1,-50.0,0.0,0.11269880413390623,50,0.05794355645775795,0.20200477540493011,1.0,0.0,607,v3,B3
sac_her_recovery_v3,goal_spoof_immediate,0,0.1,-50.0,0.0,0.13140846640459497,50,0.1422329992055893,0.9470250010490417,1.0,1.0,608,v3,B3
sac_her_recovery_v3,goal_spoof_immediate,0,0.1,-50.0,0.0,0.11836952114727663,50,0.12328348308801651,0.19655989110469818,1.0,1.0,609,v3,B3
sac_her_recovery_v3,goal_spoof_immediate,0,0.1,-50.0,0.0,0.09804500605374658,50,0.058026641607284546,0.7986903190612793,1.0,0.0,610,v3,B3
sac_her_recovery_v3,goal_spoof_immediate,0,0.1,-50.0,0.0,0.09068486941703569,50,0.0443410761654377,0.13076432049274445,1.0,0.0,611,v3,B3
sac_her_recovery_v3,goal_spoof_immediate,0,0.1,-50.0,0.0,0.12717811929367775,50,0.13709980249404907,0.774783194065094,1.0,1.0,612,v3,B3
sac_her_recovery_v3,goal_spoof_immediate,0,0.1,-50.0,0.0,0.10917060735479758,50,0.05052458867430687,0.14210112392902374,1.0,0.0,613,v3,B3
sac_her_recovery_v3,goal_spoof_immediate,0,0.1,-50.0,0.0,0.07528165452665975,50,0.04144053906202316,1.0279606580734253,1.0,0.0,614,v3,B3
sac_her_recovery_v3,goal_spoof_immediate,0,0.1,-50.0,0.0,0.08551768789552495,50,0.046919140964746475,0.18650183081626892,1.0,0.0,615,v3,B3
sac_her_recovery_v3,goal_spoof_immediate,0,0.1,-50.0,0.0,0.14401856325840645,50,0.14498169720172882,0.22979867458343506,1.0,1.0,616,v3,B3
sac_her_recovery_v3,goal_spoof_immediate,0,0.1,-50.0,0.0,0.07245694205523888,50,0.027695653960108757,0.13071675598621368,0.0,0.0,617,v3,B3
sac_her_recovery_v3,goal_spoof_immediate,0,0.1,-2.0,1.0,0.02682920293029045,50,0.04673588648438454,0.8569082617759705,1.0,0.0,618,v3,B3
sac_her_recovery_v3,goal_spoof_immediate,0,0.1,-50.0,0.0,0.09384068111646136,50,0.043940719217061996,1.0655417442321777,1.0,0.0,619,v3,B3
sac_her_recovery_v3,goal_spoof_immediate,0,0.1,-50.0,0.0,0.08168601327138508,50,0.051522016525268555,0.6651549339294434,1.0,0.0,620,v3,B3
sac_her_recovery_v3,goal_spoof_immediate,0,0.1,-50.0,0.0,0.13348887934979545,50,0.13614611327648163,1.030961513519287,1.0,1.0,621,v3,B3
sac_her_recovery_v3,goal_spoof_immediate,0,0.1,-50.0,0.0,0.07253477737226495,50,0.052254438400268555,1.0386879444122314,1.0,0.0,622,v3,B3
sac_her_recovery_v3,goal_spoof_immediate,0,0.1,-50.0,0.0,0.07434965397595365,50,0.05227655917406082,1.0275859832763672,1.0,0.0,623,v3,B3
sac_her_recovery_v3,goal_spoof_immediate,0,0.1,-50.0,0.0,0.08972576331367604,50,0.05711779743432999,0.634274423122406,1.0,0.0,624,v3,B3
sac_her_recovery_v3,goal_spoof_immediate,0,0.1,-50.0,0.0,0.13446147370642636,50,0.11163011938333511,0.1680460423231125,0.0,1.0,625,v3,B3
sac_her_recovery_v3,goal_spoof_immediate,0,0.1,-45.0,1.0,0.051402665933399566,50,0.03681366518139839,0.9814922213554382,0.0,0.0,626,v3,B3
sac_her_recovery_v3,goal_spoof_immediate,0,0.1,-50.0,0.0,0.07190711346245897,50,0.04017746075987816,0.9738872051239014,1.0,0.0,627,v3,B3
sac_her_recovery_v3,goal_spoof_immediate,0,0.1,-50.0,0.0,0.09405629813043907,50,0.054944369941949844,0.33008360862731934,1.0,0.0,628,v3,B3
sac_her_recovery_v3,goal_spoof_immediate,0,0.1,-50.0,0.0,0.10105931869982746,50,0.05920922011137009,0.7174985408782959,1.0,0.0,629,v3,B3
sac_her,goal_spoof_midep,0,0.1,-31.0,1.0,0.10154105303933383,50,0.11178787052631378,0.6224386096000671,1.0,0.0,630,none,B1
sac_her,goal_spoof_midep,0,0.1,-31.0,1.0,0.12051568995261693,50,0.11777829378843307,0.9079717397689819,1.0,0.0,631,none,B1
sac_her,goal_spoof_midep,0,0.1,-28.0,1.0,0.06695663736262714,50,0.09810708463191986,0.5637772679328918,1.0,0.0,632,none,B1
sac_her,goal_spoof_midep,0,0.1,-31.0,1.0,0.07415953525727269,50,0.09766042232513428,0.34066304564476013,1.0,0.0,633,none,B1
sac_her,goal_spoof_midep,0,0.1,-30.0,1.0,0.08368833770743787,50,0.1075337752699852,0.9614830613136292,1.0,0.0,634,none,B1
sac_her,goal_spoof_midep,0,0.1,-29.0,1.0,0.06450711577273924,50,0.10735795646905899,0.8343437910079956,1.0,0.0,635,none,B1
sac_her,goal_spoof_midep,0,0.1,-32.0,1.0,0.11893300825590129,50,0.1352594792842865,0.35297131538391113,1.0,0.0,636,none,B1
sac_her,goal_spoof_midep,0,0.1,-2.0,1.0,0.045359532367676744,50,0.07166384905576706,0.7037275433540344,1.0,0.0,637,none,B1
sac_her,goal_spoof_midep,0,0.1,-31.0,1.0,0.11228710090449812,50,0.11215611547231674,0.5558198690414429,1.0,0.0,638,none,B1
sac_her,goal_spoof_midep,0,0.1,-32.0,1.0,0.10428609379024549,50,0.12080544233322144,0.3485534191131592,1.0,0.0,639,none,B1
sac_her,goal_spoof_midep,0,0.1,-32.0,1.0,0.10111893350589829,50,0.11197556555271149,0.5081775784492493,1.0,0.0,640,none,B1
sac_her,goal_spoof_midep,0,0.1,-2.0,1.0,0.02559768307372945,50,0.06873494386672974,0.7910587787628174,1.0,0.0,641,none,B1
sac_her,goal_spoof_midep,0,0.1,-30.0,1.0,0.07505580133026775,50,0.10037387162446976,0.8644771575927734,1.0,0.0,642,none,B1
sac_her,goal_spoof_midep,0,0.1,-32.0,1.0,0.13888297017359968,50,0.145292267203331,0.5330801606178284,1.0,0.0,643,none,B1
sac_her,goal_spoof_midep,0,0.1,-24.0,1.0,0.05458136928212747,50,0.10644003003835678,0.7926391363143921,1.0,0.0,644,none,B1
sac_her,goal_spoof_midep,0,0.1,-32.0,1.0,0.12025399132283456,50,0.13800473511219025,0.36493927240371704,1.0,0.0,645,none,B1
sac_her,goal_spoof_midep,0,0.1,-29.0,1.0,0.060313443503201385,50,0.08910706639289856,0.7575803399085999,1.0,0.0,646,none,B1
sac_her,goal_spoof_midep,0,0.1,-31.0,1.0,0.07906204544559078,50,0.10259545594453812,0.33037957549095154,1.0,0.0,647,none,B1
sac_her,goal_spoof_midep,0,0.1,-29.0,1.0,0.0909281475253256,50,0.10490778833627701,0.9120371341705322,1.0,0.0,648,none,B1
sac_her,goal_spoof_midep,0,0.1,-32.0,1.0,0.10687126834897023,50,0.13589073717594147,0.3755769431591034,1.0,0.0,649,none,B1
sac_her,goal_spoof_midep,0,0.1,-29.0,1.0,0.09675789155435012,50,0.11334125697612762,0.9192177057266235,1.0,0.0,650,none,B1
sac_her,goal_spoof_midep,0,0.1,-32.0,1.0,0.11058893858928084,50,0.13130806386470795,0.5497369170188904,1.0,0.0,651,none,B1
sac_her,goal_spoof_midep,0,0.1,-32.0,1.0,0.09439850893594669,50,0.11786677688360214,0.33529484272003174,1.0,0.0,652,none,B1
sac_her,goal_spoof_midep,0,0.1,-32.0,1.0,0.08654819751035916,50,0.11172641813755035,0.34832775592803955,1.0,0.0,653,none,B1
sac_her,goal_spoof_midep,0,0.1,-31.0,1.0,0.12250097484691981,50,0.12313021719455719,1.010854721069336,1.0,0.0,654,none,B1
sac_her,goal_spoof_midep,0,0.1,-31.0,1.0,0.09876830736421492,50,0.12606647610664368,0.39176446199417114,1.0,0.0,655,none,B1
sac_her,goal_spoof_midep,0,0.1,-30.0,1.0,0.0990324603585813,50,0.11920623481273651,0.9303575158119202,1.0,0.0,656,none,B1
sac_her,goal_spoof_midep,0,0.1,-29.0,1.0,0.07133790432232508,50,0.10113286226987839,0.49196600914001465,1.0,0.0,657,none,B1
sac_her,goal_spoof_midep,0,0.1,-31.0,1.0,0.10653096299640376,50,0.10709498822689056,0.7398485541343689,1.0,0.0,658,none,B1
sac_her,goal_spoof_midep,0,0.1,-31.0,1.0,0.10788631834334382,50,0.11310713738203049,0.5457217693328857,1.0,0.0,659,none,B1
sac_her_recovery_v2,goal_spoof_midep,0,0.1,-31.0,1.0,0.07613358797374063,50,0.10930349677801132,0.7136312127113342,1.0,0.0,660,v2,B2
sac_her_recovery_v2,goal_spoof_midep,0,0.1,-31.0,1.0,0.08552072530816364,50,0.10920403152704239,0.37012824416160583,1.0,0.0,661,v2,B2
sac_her_recovery_v2,goal_spoof_midep,0,0.1,-31.0,1.0,0.09532686982719649,50,0.11146191507577896,0.4164201319217682,1.0,0.0,662,v2,B2
sac_her_recovery_v2,goal_spoof_midep,0,0.1,-32.0,1.0,0.12414428346798687,50,0.13302946090698242,0.3954894244670868,1.0,0.0,663,v2,B2
sac_her_recovery_v2,goal_spoof_midep,0,0.1,-26.0,1.0,0.05722129573655177,50,0.0929860770702362,0.9074419140815735,1.0,0.0,664,v2,B2
sac_her_recovery_v2,goal_spoof_midep,0,0.1,-31.0,1.0,0.09456948960610496,50,0.12780894339084625,0.37397852540016174,1.0,0.0,665,v2,B2
sac_her_recovery_v2,goal_spoof_midep,0,0.1,-32.0,1.0,0.11054804597897142,50,0.1326805204153061,0.49261531233787537,1.0,0.0,666,v2,B2
sac_her_recovery_v2,goal_spoof_midep,0,0.1,-32.0,1.0,0.11053974211803606,50,0.1265290379524231,0.37567412853240967,1.0,0.0,667,v2,B2
sac_her_recovery_v2,goal_spoof_midep,0,0.1,-30.0,1.0,0.06688799672441116,50,0.094561867415905,0.7927911877632141,1.0,0.0,668,v2,B2
sac_her_recovery_v2,goal_spoof_midep,0,0.1,-32.0,1.0,0.10712518271694516,50,0.12949928641319275,0.5388645529747009,1.0,0.0,669,v2,B2
sac_her_recovery_v2,goal_spoof_midep,0,0.1,-32.0,1.0,0.11448864768833716,50,0.12987074255943298,0.36849579215049744,1.0,0.0,670,v2,B2
sac_her_recovery_v2,goal_spoof_midep,0,0.1,-30.0,1.0,0.07287883543266195,50,0.10224336385726929,0.8096196055412292,1.0,0.0,671,v2,B2
sac_her_recovery_v2,goal_spoof_midep,0,0.1,-2.0,1.0,0.0382325498265075,50,0.07290557771921158,0.7692010402679443,1.0,0.0,672,v2,B2
sac_her_recovery_v2,goal_spoof_midep,0,0.1,-30.0,1.0,0.09468648959600867,50,0.10041537880897522,0.9360424280166626,1.0,0.0,673,v2,B2
sac_her_recovery_v2,goal_spoof_midep,0,0.1,-30.0,1.0,0.10746520330255888,50,0.12340861558914185,0.9123430848121643,1.0,0.0,674,v2,B2
sac_her_recovery_v2,goal_spoof_midep,0,0.1,-32.0,1.0,0.12305846167884046,50,0.13415023684501648,0.36944031715393066,1.0,0.0,675,v2,B2
sac_her_recovery_v2,goal_spoof_midep,0,0.1,-30.0,1.0,0.08178335636398759,50,0.09770205616950989,0.6541165113449097,1.0,0.0,676,v2,B2
sac_her_recovery_v2,goal_spoof_midep,0,0.1,-32.0,1.0,0.11811523733176879,50,0.13368552923202515,0.35387247800827026,1.0,0.0,677,v2,B2
sac_her_recovery_v2,goal_spoof_midep,0,0.1,-32.0,1.0,0.10551478314914382,50,0.12590578198432922,0.3365169167518616,1.0,0.0,678,v2,B2
sac_her_recovery_v2,goal_spoof_midep,0,0.1,-31.0,1.0,0.1262490146253099,50,0.11273745447397232,0.9216934442520142,1.0,0.0,679,v2,B2
sac_her_recovery_v2,goal_spoof_midep,0,0.1,-31.0,1.0,0.08107922216993231,50,0.10946106165647507,0.8867313861846924,1.0,0.0,680,v2,B2
sac_her_recovery_v2,goal_spoof_midep,0,0.1,-32.0,1.0,0.10976382692807894,50,0.1357661336660385,0.39074862003326416,1.0,0.0,681,v2,B2
sac_her_recovery_v2,goal_spoof_midep,0,0.1,-31.0,1.0,0.13510895358715916,50,0.12721660733222961,0.9211549162864685,1.0,0.0,682,v2,B2
sac_her_recovery_v2,goal_spoof_midep,0,0.1,-31.0,1.0,0.0887282587108566,50,0.11181913316249847,0.6725248098373413,1.0,0.0,683,v2,B2
sac_her_recovery_v2,goal_spoof_midep,0,0.1,-31.0,1.0,0.10152735454634448,50,0.1105329766869545,0.5389198064804077,1.0,0.0,684,v2,B2
sac_her_recovery_v2,goal_spoof_midep,0,0.1,-30.0,1.0,0.08883415183242227,50,0.1083744466304779,0.49243563413619995,1.0,0.0,685,v2,B2
sac_her_recovery_v2,goal_spoof_midep,0,0.1,-28.0,1.0,0.06523989294537208,50,0.09477795660495758,0.8956301212310791,1.0,0.0,686,v2,B2
sac_her_recovery_v2,goal_spoof_midep,0,0.1,-2.0,1.0,0.02384809640374845,50,0.0657443255186081,0.7621631622314453,1.0,0.0,687,v2,B2
sac_her_recovery_v2,goal_spoof_midep,0,0.1,-31.0,1.0,0.1008821439313103,50,0.11984698474407196,0.8841808438301086,1.0,0.0,688,v2,B2
sac_her_recovery_v2,goal_spoof_midep,0,0.1,-31.0,1.0,0.08159561378038811,50,0.10543175786733627,0.37097927927970886,1.0,0.0,689,v2,B2
sac_her_recovery_v3,goal_spoof_midep,0,0.1,-31.0,1.0,0.06679090104075261,50,0.09374284744262695,0.34555041790008545,1.0,0.0,690,v3,B3
sac_her_recovery_v3,goal_spoof_midep,0,0.1,-29.0,1.0,0.07370879600905479,50,0.10163215547800064,0.5398179888725281,1.0,0.0,691,v3,B3
sac_her_recovery_v3,goal_spoof_midep,0,0.1,-32.0,1.0,0.08621199974911818,50,0.11145638674497604,0.3315120041370392,1.0,0.0,692,v3,B3
sac_her_recovery_v3,goal_spoof_midep,0,0.1,-24.0,1.0,0.05959099928619072,50,0.0968913808465004,0.6268864274024963,1.0,0.0,693,v3,B3
sac_her_recovery_v3,goal_spoof_midep,0,0.1,-32.0,1.0,0.12622136781482476,50,0.12942999601364136,0.8624212741851807,1.0,0.0,694,v3,B3
sac_her_recovery_v3,goal_spoof_midep,0,0.1,-29.0,1.0,0.08443744947447929,50,0.11698668450117111,0.9052218794822693,1.0,0.0,695,v3,B3
sac_her_recovery_v3,goal_spoof_midep,0,0.1,-29.0,1.0,0.0858942147449582,50,0.10142376273870468,0.9605433940887451,1.0,0.0,696,v3,B3
sac_her_recovery_v3,goal_spoof_midep,0,0.1,-2.0,1.0,0.03223199263132932,50,0.09918998181819916,0.8871793150901794,1.0,0.0,697,v3,B3
sac_her_recovery_v3,goal_spoof_midep,0,0.1,-30.0,1.0,0.06680762221149178,50,0.08670099079608917,0.5611529350280762,1.0,0.0,698,v3,B3
sac_her_recovery_v3,goal_spoof_midep,0,0.1,-30.0,1.0,0.11572263222918294,50,0.10799261182546616,1.0138847827911377,1.0,0.0,699,v3,B3
sac_her_recovery_v3,goal_spoof_midep,0,0.1,-32.0,1.0,0.08368556879442819,50,0.11270309239625931,0.33228233456611633,1.0,0.0,700,v3,B3
sac_her_recovery_v3,goal_spoof_midep,0,0.1,-32.0,1.0,0.11940263216831064,50,0.12662920355796814,0.3559475243091583,1.0,0.0,701,v3,B3
sac_her_recovery_v3,goal_spoof_midep,0,0.1,-32.0,1.0,0.09620467423408119,50,0.12493252009153366,0.3464086651802063,1.0,0.0,702,v3,B3
sac_her_recovery_v3,goal_spoof_midep,0,0.1,-30.0,1.0,0.07507640655279636,50,0.10109469294548035,0.8639891147613525,1.0,0.0,703,v3,B3
sac_her_recovery_v3,goal_spoof_midep,0,0.1,-32.0,1.0,0.12782191846457583,50,0.14104390144348145,0.578707218170166,1.0,0.0,704,v3,B3
sac_her_recovery_v3,goal_spoof_midep,0,0.1,-29.0,1.0,0.07333434062212332,50,0.10602681338787079,0.8877413272857666,1.0,0.0,705,v3,B3
sac_her_recovery_v3,goal_spoof_midep,0,0.1,-32.0,1.0,0.08246764644407113,50,0.1236455887556076,0.3656093180179596,1.0,0.0,706,v3,B3
sac_her_recovery_v3,goal_spoof_midep,0,0.1,-29.0,1.0,0.07077179643014757,50,0.11447744071483612,0.9070565104484558,1.0,0.0,707,v3,B3
sac_her_recovery_v3,goal_spoof_midep,0,0.1,-2.0,1.0,0.04154606418682353,50,0.09693734347820282,0.8745969533920288,1.0,0.0,708,v3,B3
sac_her_recovery_v3,goal_spoof_midep,0,0.1,-32.0,1.0,0.14144242013681288,50,0.13484656810760498,0.3778107166290283,1.0,0.0,709,v3,B3
sac_her_recovery_v3,goal_spoof_midep,0,0.1,-30.0,1.0,0.08434093422436928,50,0.11344414204359055,0.9412582516670227,1.0,0.0,710,v3,B3
sac_her_recovery_v3,goal_spoof_midep,0,0.1,-2.0,1.0,0.039776671941175124,50,0.06931217014789581,0.5915002226829529,1.0,0.0,711,v3,B3
sac_her_recovery_v3,goal_spoof_midep,0,0.1,-2.0,1.0,0.03999222090093686,50,0.06851945072412491,0.32107746601104736,1.0,0.0,712,v3,B3
sac_her_recovery_v3,goal_spoof_midep,0,0.1,-32.0,1.0,0.11635847201717393,50,0.12130711227655411,0.33862659335136414,1.0,0.0,713,v3,B3
sac_her_recovery_v3,goal_spoof_midep,0,0.1,-2.0,1.0,0.040153889949137135,50,0.08071063458919525,0.8814430832862854,1.0,0.0,714,v3,B3
sac_her_recovery_v3,goal_spoof_midep,0,0.1,-32.0,1.0,0.11678028945155354,50,0.13879166543483734,0.36490005254745483,1.0,0.0,715,v3,B3
sac_her_recovery_v3,goal_spoof_midep,0,0.1,-26.0,1.0,0.056874009743173845,50,0.0959780365228653,0.7914808392524719,1.0,0.0,716,v3,B3
sac_her_recovery_v3,goal_spoof_midep,0,0.1,-11.0,1.0,0.05009576174524898,50,0.09583684056997299,0.8520551919937134,1.0,0.0,717,v3,B3
sac_her_recovery_v3,goal_spoof_midep,0,0.1,-31.0,1.0,0.0811683919695653,50,0.10888852924108505,0.40416693687438965,1.0,0.0,718,v3,B3
sac_her_recovery_v3,goal_spoof_midep,0,0.1,-32.0,1.0,0.11877506524219467,50,0.13087736070156097,0.36401069164276123,1.0,0.0,719,v3,B3
sac_her,clean,1,0.0,-2.0,1.0,0.02644140108887699,50,0.05586742237210274,0.33917099237442017,1.0,0.0,720,none,B0
sac_her,clean,1,0.0,-2.0,1.0,0.02644140108887699,50,0.05586742237210274,0.33917099237442017,1.0,0.0,721,none,B0
sac_her,clean,1,0.0,-2.0,1.0,0.02644140108887699,50,0.05586742237210274,0.33917099237442017,1.0,0.0,722,none,B0
sac_her,clean,1,0.0,-2.0,1.0,0.02644140108887699,50,0.05586742237210274,0.33917099237442017,1.0,0.0,723,none,B0
sac_her,clean,1,0.0,-2.0,1.0,0.02644140108887699,50,0.05586742237210274,0.33917099237442017,1.0,0.0,724,none,B0
sac_her,clean,1,0.0,-2.0,1.0,0.02644140108887699,50,0.05586742237210274,0.33917099237442017,1.0,0.0,725,none,B0
sac_her,clean,1,0.0,-2.0,1.0,0.02644140108887699,50,0.05586742237210274,0.33917099237442017,1.0,0.0,726,none,B0
sac_her,clean,1,0.0,-2.0,1.0,0.02644140108887699,50,0.05586742237210274,0.33917099237442017,1.0,0.0,727,none,B0
sac_her,clean,1,0.0,-2.0,1.0,0.02644140108887699,50,0.05586742237210274,0.33917099237442017,1.0,0.0,728,none,B0
sac_her,clean,1,0.0,-2.0,1.0,0.02644140108887699,50,0.05586742237210274,0.33917099237442017,1.0,0.0,729,none,B0
sac_her,clean,1,0.0,-2.0,1.0,0.02644140108887699,50,0.05586742237210274,0.33917099237442017,1.0,0.0,730,none,B0
sac_her,clean,1,0.0,-2.0,1.0,0.02644140108887699,50,0.05586742237210274,0.33917099237442017,1.0,0.0,731,none,B0
sac_her,clean,1,0.0,-2.0,1.0,0.02644140108887699,50,0.05586742237210274,0.33917099237442017,1.0,0.0,732,none,B0
sac_her,clean,1,0.0,-2.0,1.0,0.02644140108887699,50,0.05586742237210274,0.33917099237442017,1.0,0.0,733,none,B0
sac_her,clean,1,0.0,-2.0,1.0,0.02644140108887699,50,0.05586742237210274,0.33917099237442017,1.0,0.0,734,none,B0
sac_her,clean,1,0.0,-2.0,1.0,0.02644140108887699,50,0.05586742237210274,0.33917099237442017,1.0,0.0,735,none,B0
sac_her,clean,1,0.0,-2.0,1.0,0.02644140108887699,50,0.05586742237210274,0.33917099237442017,1.0,0.0,736,none,B0
sac_her,clean,1,0.0,-2.0,1.0,0.02644140108887699,50,0.05586742237210274,0.33917099237442017,1.0,0.0,737,none,B0
sac_her,clean,1,0.0,-2.0,1.0,0.02644140108887699,50,0.05586742237210274,0.33917099237442017,1.0,0.0,738,none,B0
sac_her,clean,1,0.0,-2.0,1.0,0.02644140108887699,50,0.05586742237210274,0.33917099237442017,1.0,0.0,739,none,B0
sac_her,clean,1,0.0,-2.0,1.0,0.02644140108887699,50,0.05586742237210274,0.33917099237442017,1.0,0.0,740,none,B0
sac_her,clean,1,0.0,-2.0,1.0,0.02644140108887699,50,0.05586742237210274,0.33917099237442017,1.0,0.0,741,none,B0
sac_her,clean,1,0.0,-2.0,1.0,0.02644140108887699,50,0.05586742237210274,0.33917099237442017,1.0,0.0,742,none,B0
sac_her,clean,1,0.0,-2.0,1.0,0.02644140108887699,50,0.05586742237210274,0.33917099237442017,1.0,0.0,743,none,B0
sac_her,clean,1,0.0,-2.0,1.0,0.02644140108887699,50,0.05586742237210274,0.33917099237442017,1.0,0.0,744,none,B0
sac_her,clean,1,0.0,-2.0,1.0,0.02644140108887699,50,0.05586742237210274,0.33917099237442017,1.0,0.0,745,none,B0
sac_her,clean,1,0.0,-2.0,1.0,0.02644140108887699,50,0.05586742237210274,0.33917099237442017,1.0,0.0,746,none,B0
sac_her,clean,1,0.0,-2.0,1.0,0.02644140108887699,50,0.05586742237210274,0.33917099237442017,1.0,0.0,747,none,B0
sac_her,clean,1,0.0,-2.0,1.0,0.02644140108887699,50,0.05586742237210274,0.33917099237442017,1.0,0.0,748,none,B0
sac_her,clean,1,0.0,-2.0,1.0,0.02644140108887699,50,0.05586742237210274,0.33917099237442017,1.0,0.0,749,none,B0
sac_her_recovery_v2,clean,1,0.0,-2.0,1.0,0.02644140108887699,50,0.05586742237210274,0.33917099237442017,1.0,0.0,750,v2,B2
sac_her_recovery_v2,clean,1,0.0,-2.0,1.0,0.02644140108887699,50,0.05586742237210274,0.33917099237442017,1.0,0.0,751,v2,B2
sac_her_recovery_v2,clean,1,0.0,-2.0,1.0,0.02644140108887699,50,0.05586742237210274,0.33917099237442017,1.0,0.0,752,v2,B2
sac_her_recovery_v2,clean,1,0.0,-2.0,1.0,0.02644140108887699,50,0.05586742237210274,0.33917099237442017,1.0,0.0,753,v2,B2
sac_her_recovery_v2,clean,1,0.0,-2.0,1.0,0.02644140108887699,50,0.05586742237210274,0.33917099237442017,1.0,0.0,754,v2,B2
sac_her_recovery_v2,clean,1,0.0,-2.0,1.0,0.02644140108887699,50,0.05586742237210274,0.33917099237442017,1.0,0.0,755,v2,B2
sac_her_recovery_v2,clean,1,0.0,-2.0,1.0,0.02644140108887699,50,0.05586742237210274,0.33917099237442017,1.0,0.0,756,v2,B2
sac_her_recovery_v2,clean,1,0.0,-2.0,1.0,0.02644140108887699,50,0.05586742237210274,0.33917099237442017,1.0,0.0,757,v2,B2
sac_her_recovery_v2,clean,1,0.0,-2.0,1.0,0.02644140108887699,50,0.05586742237210274,0.33917099237442017,1.0,0.0,758,v2,B2
sac_her_recovery_v2,clean,1,0.0,-2.0,1.0,0.02644140108887699,50,0.05586742237210274,0.33917099237442017,1.0,0.0,759,v2,B2
sac_her_recovery_v2,clean,1,0.0,-2.0,1.0,0.02644140108887699,50,0.05586742237210274,0.33917099237442017,1.0,0.0,760,v2,B2
sac_her_recovery_v2,clean,1,0.0,-2.0,1.0,0.02644140108887699,50,0.05586742237210274,0.33917099237442017,1.0,0.0,761,v2,B2
sac_her_recovery_v2,clean,1,0.0,-2.0,1.0,0.02644140108887699,50,0.05586742237210274,0.33917099237442017,1.0,0.0,762,v2,B2
sac_her_recovery_v2,clean,1,0.0,-2.0,1.0,0.02644140108887699,50,0.05586742237210274,0.33917099237442017,1.0,0.0,763,v2,B2
sac_her_recovery_v2,clean,1,0.0,-2.0,1.0,0.02644140108887699,50,0.05586742237210274,0.33917099237442017,1.0,0.0,764,v2,B2
sac_her_recovery_v2,clean,1,0.0,-2.0,1.0,0.02644140108887699,50,0.05586742237210274,0.33917099237442017,1.0,0.0,765,v2,B2
sac_her_recovery_v2,clean,1,0.0,-2.0,1.0,0.02644140108887699,50,0.05586742237210274,0.33917099237442017,1.0,0.0,766,v2,B2
sac_her_recovery_v2,clean,1,0.0,-2.0,1.0,0.02644140108887699,50,0.05586742237210274,0.33917099237442017,1.0,0.0,767,v2,B2
sac_her_recovery_v2,clean,1,0.0,-2.0,1.0,0.02644140108887699,50,0.05586742237210274,0.33917099237442017,1.0,0.0,768,v2,B2
sac_her_recovery_v2,clean,1,0.0,-2.0,1.0,0.02644140108887699,50,0.05586742237210274,0.33917099237442017,1.0,0.0,769,v2,B2
sac_her_recovery_v2,clean,1,0.0,-2.0,1.0,0.02644140108887699,50,0.05586742237210274,0.33917099237442017,1.0,0.0,770,v2,B2
sac_her_recovery_v2,clean,1,0.0,-2.0,1.0,0.02644140108887699,50,0.05586742237210274,0.33917099237442017,1.0,0.0,771,v2,B2
sac_her_recovery_v2,clean,1,0.0,-2.0,1.0,0.02644140108887699,50,0.05586742237210274,0.33917099237442017,1.0,0.0,772,v2,B2
sac_her_recovery_v2,clean,1,0.0,-2.0,1.0,0.02644140108887699,50,0.05586742237210274,0.33917099237442017,1.0,0.0,773,v2,B2
sac_her_recovery_v2,clean,1,0.0,-2.0,1.0,0.02644140108887699,50,0.05586742237210274,0.33917099237442017,1.0,0.0,774,v2,B2
sac_her_recovery_v2,clean,1,0.0,-2.0,1.0,0.02644140108887699,50,0.05586742237210274,0.33917099237442017,1.0,0.0,775,v2,B2
sac_her_recovery_v2,clean,1,0.0,-2.0,1.0,0.02644140108887699,50,0.05586742237210274,0.33917099237442017,1.0,0.0,776,v2,B2
sac_her_recovery_v2,clean,1,0.0,-2.0,1.0,0.02644140108887699,50,0.05586742237210274,0.33917099237442017,1.0,0.0,777,v2,B2
sac_her_recovery_v2,clean,1,0.0,-2.0,1.0,0.02644140108887699,50,0.05586742237210274,0.33917099237442017,1.0,0.0,778,v2,B2
sac_her_recovery_v2,clean,1,0.0,-2.0,1.0,0.02644140108887699,50,0.05586742237210274,0.33917099237442017,1.0,0.0,779,v2,B2
sac_her_recovery_v3,clean,1,0.0,-2.0,1.0,0.02644140108887699,50,0.05586742237210274,0.33917099237442017,1.0,0.0,780,v3,B3
sac_her_recovery_v3,clean,1,0.0,-2.0,1.0,0.02644140108887699,50,0.05586742237210274,0.33917099237442017,1.0,0.0,781,v3,B3
sac_her_recovery_v3,clean,1,0.0,-2.0,1.0,0.02644140108887699,50,0.05586742237210274,0.33917099237442017,1.0,0.0,782,v3,B3
sac_her_recovery_v3,clean,1,0.0,-2.0,1.0,0.02644140108887699,50,0.05586742237210274,0.33917099237442017,1.0,0.0,783,v3,B3
sac_her_recovery_v3,clean,1,0.0,-2.0,1.0,0.02644140108887699,50,0.05586742237210274,0.33917099237442017,1.0,0.0,784,v3,B3
sac_her_recovery_v3,clean,1,0.0,-2.0,1.0,0.02644140108887699,50,0.05586742237210274,0.33917099237442017,1.0,0.0,785,v3,B3
sac_her_recovery_v3,clean,1,0.0,-2.0,1.0,0.02644140108887699,50,0.05586742237210274,0.33917099237442017,1.0,0.0,786,v3,B3
sac_her_recovery_v3,clean,1,0.0,-2.0,1.0,0.02644140108887699,50,0.05586742237210274,0.33917099237442017,1.0,0.0,787,v3,B3
sac_her_recovery_v3,clean,1,0.0,-2.0,1.0,0.02644140108887699,50,0.05586742237210274,0.33917099237442017,1.0,0.0,788,v3,B3
sac_her_recovery_v3,clean,1,0.0,-2.0,1.0,0.02644140108887699,50,0.05586742237210274,0.33917099237442017,1.0,0.0,789,v3,B3
sac_her_recovery_v3,clean,1,0.0,-2.0,1.0,0.02644140108887699,50,0.05586742237210274,0.33917099237442017,1.0,0.0,790,v3,B3
sac_her_recovery_v3,clean,1,0.0,-2.0,1.0,0.02644140108887699,50,0.05586742237210274,0.33917099237442017,1.0,0.0,791,v3,B3
sac_her_recovery_v3,clean,1,0.0,-2.0,1.0,0.02644140108887699,50,0.05586742237210274,0.33917099237442017,1.0,0.0,792,v3,B3
sac_her_recovery_v3,clean,1,0.0,-2.0,1.0,0.02644140108887699,50,0.05586742237210274,0.33917099237442017,1.0,0.0,793,v3,B3
sac_her_recovery_v3,clean,1,0.0,-2.0,1.0,0.02644140108887699,50,0.05586742237210274,0.33917099237442017,1.0,0.0,794,v3,B3
sac_her_recovery_v3,clean,1,0.0,-2.0,1.0,0.02644140108887699,50,0.05586742237210274,0.33917099237442017,1.0,0.0,795,v3,B3
sac_her_recovery_v3,clean,1,0.0,-2.0,1.0,0.02644140108887699,50,0.05586742237210274,0.33917099237442017,1.0,0.0,796,v3,B3
sac_her_recovery_v3,clean,1,0.0,-2.0,1.0,0.02644140108887699,50,0.05586742237210274,0.33917099237442017,1.0,0.0,797,v3,B3
sac_her_recovery_v3,clean,1,0.0,-2.0,1.0,0.02644140108887699,50,0.05586742237210274,0.33917099237442017,1.0,0.0,798,v3,B3
sac_her_recovery_v3,clean,1,0.0,-2.0,1.0,0.02644140108887699,50,0.05586742237210274,0.33917099237442017,1.0,0.0,799,v3,B3
sac_her_recovery_v3,clean,1,0.0,-2.0,1.0,0.02644140108887699,50,0.05586742237210274,0.33917099237442017,1.0,0.0,800,v3,B3
sac_her_recovery_v3,clean,1,0.0,-2.0,1.0,0.02644140108887699,50,0.05586742237210274,0.33917099237442017,1.0,0.0,801,v3,B3
sac_her_recovery_v3,clean,1,0.0,-2.0,1.0,0.02644140108887699,50,0.05586742237210274,0.33917099237442017,1.0,0.0,802,v3,B3
sac_her_recovery_v3,clean,1,0.0,-2.0,1.0,0.02644140108887699,50,0.05586742237210274,0.33917099237442017,1.0,0.0,803,v3,B3
sac_her_recovery_v3,clean,1,0.0,-2.0,1.0,0.02644140108887699,50,0.05586742237210274,0.33917099237442017,1.0,0.0,804,v3,B3
sac_her_recovery_v3,clean,1,0.0,-2.0,1.0,0.02644140108887699,50,0.05586742237210274,0.33917099237442017,1.0,0.0,805,v3,B3
sac_her_recovery_v3,clean,1,0.0,-2.0,1.0,0.02644140108887699,50,0.05586742237210274,0.33917099237442017,1.0,0.0,806,v3,B3
sac_her_recovery_v3,clean,1,0.0,-2.0,1.0,0.02644140108887699,50,0.05586742237210274,0.33917099237442017,1.0,0.0,807,v3,B3
sac_her_recovery_v3,clean,1,0.0,-2.0,1.0,0.02644140108887699,50,0.05586742237210274,0.33917099237442017,1.0,0.0,808,v3,B3
sac_her_recovery_v3,clean,1,0.0,-2.0,1.0,0.02644140108887699,50,0.05586742237210274,0.33917099237442017,1.0,0.0,809,v3,B3
sac_her,sensor_dropout,1,0.0,-50.0,0.0,0.9307053828103155,50,0.006103735417127609,1.9629075527191162,1.0,0.0,810,none,B1
sac_her,sensor_dropout,1,0.0,-50.0,0.0,0.9307053828103155,50,0.006103735417127609,1.9629075527191162,1.0,0.0,811,none,B1
sac_her,sensor_dropout,1,0.0,-50.0,0.0,0.9307053828103155,50,0.006103735417127609,1.9629075527191162,1.0,0.0,812,none,B1
sac_her,sensor_dropout,1,0.0,-50.0,0.0,0.9307053828103155,50,0.006103735417127609,1.9629075527191162,1.0,0.0,813,none,B1
sac_her,sensor_dropout,1,0.0,-50.0,0.0,0.9307053828103155,50,0.006103735417127609,1.9629075527191162,1.0,0.0,814,none,B1
sac_her,sensor_dropout,1,0.0,-50.0,0.0,0.9307053828103155,50,0.006103735417127609,1.9629075527191162,1.0,0.0,815,none,B1
sac_her,sensor_dropout,1,0.0,-50.0,0.0,0.9307053828103155,50,0.006103735417127609,1.9629075527191162,1.0,0.0,816,none,B1
sac_her,sensor_dropout,1,0.0,-50.0,0.0,0.9307053828103155,50,0.006103735417127609,1.9629075527191162,1.0,0.0,817,none,B1
sac_her,sensor_dropout,1,0.0,-50.0,0.0,0.9307053828103155,50,0.006103735417127609,1.9629075527191162,1.0,0.0,818,none,B1
sac_her,sensor_dropout,1,0.0,-50.0,0.0,0.9307053828103155,50,0.006103735417127609,1.9629075527191162,1.0,0.0,819,none,B1
sac_her,sensor_dropout,1,0.0,-50.0,0.0,0.9307053828103155,50,0.006103735417127609,1.9629075527191162,1.0,0.0,820,none,B1
sac_her,sensor_dropout,1,0.0,-50.0,0.0,0.9307053828103155,50,0.006103735417127609,1.9629075527191162,1.0,0.0,821,none,B1
sac_her,sensor_dropout,1,0.0,-50.0,0.0,0.9307053828103155,50,0.006103735417127609,1.9629075527191162,1.0,0.0,822,none,B1
sac_her,sensor_dropout,1,0.0,-50.0,0.0,0.9307053828103155,50,0.006103735417127609,1.9629075527191162,1.0,0.0,823,none,B1
sac_her,sensor_dropout,1,0.0,-50.0,0.0,0.9307053828103155,50,0.006103735417127609,1.9629075527191162,1.0,0.0,824,none,B1
sac_her,sensor_dropout,1,0.0,-50.0,0.0,0.9307053828103155,50,0.006103735417127609,1.9629075527191162,1.0,0.0,825,none,B1
sac_her,sensor_dropout,1,0.0,-50.0,0.0,0.9307053828103155,50,0.006103735417127609,1.9629075527191162,1.0,0.0,826,none,B1
sac_her,sensor_dropout,1,0.0,-50.0,0.0,0.9307053828103155,50,0.006103735417127609,1.9629075527191162,1.0,0.0,827,none,B1
sac_her,sensor_dropout,1,0.0,-50.0,0.0,0.9307053828103155,50,0.006103735417127609,1.9629075527191162,1.0,0.0,828,none,B1
sac_her,sensor_dropout,1,0.0,-50.0,0.0,0.9307053828103155,50,0.006103735417127609,1.9629075527191162,1.0,0.0,829,none,B1
sac_her,sensor_dropout,1,0.0,-50.0,0.0,0.9307053828103155,50,0.006103735417127609,1.9629075527191162,1.0,0.0,830,none,B1
sac_her,sensor_dropout,1,0.0,-50.0,0.0,0.9307053828103155,50,0.006103735417127609,1.9629075527191162,1.0,0.0,831,none,B1
sac_her,sensor_dropout,1,0.0,-50.0,0.0,0.9307053828103155,50,0.006103735417127609,1.9629075527191162,1.0,0.0,832,none,B1
sac_her,sensor_dropout,1,0.0,-50.0,0.0,0.9307053828103155,50,0.006103735417127609,1.9629075527191162,1.0,0.0,833,none,B1
sac_her,sensor_dropout,1,0.0,-50.0,0.0,0.9307053828103155,50,0.006103735417127609,1.9629075527191162,1.0,0.0,834,none,B1
sac_her,sensor_dropout,1,0.0,-50.0,0.0,0.9307053828103155,50,0.006103735417127609,1.9629075527191162,1.0,0.0,835,none,B1
sac_her,sensor_dropout,1,0.0,-50.0,0.0,0.9307053828103155,50,0.006103735417127609,1.9629075527191162,1.0,0.0,836,none,B1
sac_her,sensor_dropout,1,0.0,-50.0,0.0,0.9307053828103155,50,0.006103735417127609,1.9629075527191162,1.0,0.0,837,none,B1
sac_her,sensor_dropout,1,0.0,-50.0,0.0,0.9307053828103155,50,0.006103735417127609,1.9629075527191162,1.0,0.0,838,none,B1
sac_her,sensor_dropout,1,0.0,-50.0,0.0,0.9307053828103155,50,0.006103735417127609,1.9629075527191162,1.0,0.0,839,none,B1
sac_her_recovery_v2,sensor_dropout,1,0.0,-11.0,1.0,0.000834963584839425,50,0.08029121905565262,0.25193846225738525,1.0,1.0,840,v2,B2
sac_her_recovery_v2,sensor_dropout,1,0.0,-11.0,1.0,0.000834963584839425,50,0.08029121905565262,0.25193846225738525,1.0,1.0,841,v2,B2
sac_her_recovery_v2,sensor_dropout,1,0.0,-11.0,1.0,0.000834963584839425,50,0.08029121905565262,0.25193846225738525,1.0,1.0,842,v2,B2
sac_her_recovery_v2,sensor_dropout,1,0.0,-11.0,1.0,0.000834963584839425,50,0.08029121905565262,0.25193846225738525,1.0,1.0,843,v2,B2
sac_her_recovery_v2,sensor_dropout,1,0.0,-11.0,1.0,0.000834963584839425,50,0.08029121905565262,0.25193846225738525,1.0,1.0,844,v2,B2
sac_her_recovery_v2,sensor_dropout,1,0.0,-11.0,1.0,0.000834963584839425,50,0.08029121905565262,0.25193846225738525,1.0,1.0,845,v2,B2
sac_her_recovery_v2,sensor_dropout,1,0.0,-11.0,1.0,0.000834963584839425,50,0.08029121905565262,0.25193846225738525,1.0,1.0,846,v2,B2
sac_her_recovery_v2,sensor_dropout,1,0.0,-11.0,1.0,0.000834963584839425,50,0.08029121905565262,0.25193846225738525,1.0,1.0,847,v2,B2
sac_her_recovery_v2,sensor_dropout,1,0.0,-11.0,1.0,0.000834963584839425,50,0.08029121905565262,0.25193846225738525,1.0,1.0,848,v2,B2
sac_her_recovery_v2,sensor_dropout,1,0.0,-11.0,1.0,0.000834963584839425,50,0.08029121905565262,0.25193846225738525,1.0,1.0,849,v2,B2
sac_her_recovery_v2,sensor_dropout,1,0.0,-11.0,1.0,0.000834963584839425,50,0.08029121905565262,0.25193846225738525,1.0,1.0,850,v2,B2
sac_her_recovery_v2,sensor_dropout,1,0.0,-11.0,1.0,0.000834963584839425,50,0.08029121905565262,0.25193846225738525,1.0,1.0,851,v2,B2
sac_her_recovery_v2,sensor_dropout,1,0.0,-11.0,1.0,0.000834963584839425,50,0.08029121905565262,0.25193846225738525,1.0,1.0,852,v2,B2
sac_her_recovery_v2,sensor_dropout,1,0.0,-11.0,1.0,0.000834963584839425,50,0.08029121905565262,0.25193846225738525,1.0,1.0,853,v2,B2
sac_her_recovery_v2,sensor_dropout,1,0.0,-11.0,1.0,0.000834963584839425,50,0.08029121905565262,0.25193846225738525,1.0,1.0,854,v2,B2
sac_her_recovery_v2,sensor_dropout,1,0.0,-11.0,1.0,0.000834963584839425,50,0.08029121905565262,0.25193846225738525,1.0,1.0,855,v2,B2
sac_her_recovery_v2,sensor_dropout,1,0.0,-11.0,1.0,0.000834963584839425,50,0.08029121905565262,0.25193846225738525,1.0,1.0,856,v2,B2
sac_her_recovery_v2,sensor_dropout,1,0.0,-11.0,1.0,0.000834963584839425,50,0.08029121905565262,0.25193846225738525,1.0,1.0,857,v2,B2
sac_her_recovery_v2,sensor_dropout,1,0.0,-11.0,1.0,0.000834963584839425,50,0.08029121905565262,0.25193846225738525,1.0,1.0,858,v2,B2
sac_her_recovery_v2,sensor_dropout,1,0.0,-11.0,1.0,0.000834963584839425,50,0.08029121905565262,0.25193846225738525,1.0,1.0,859,v2,B2
sac_her_recovery_v2,sensor_dropout,1,0.0,-11.0,1.0,0.000834963584839425,50,0.08029121905565262,0.25193846225738525,1.0,1.0,860,v2,B2
sac_her_recovery_v2,sensor_dropout,1,0.0,-11.0,1.0,0.000834963584839425,50,0.08029121905565262,0.25193846225738525,1.0,1.0,861,v2,B2
sac_her_recovery_v2,sensor_dropout,1,0.0,-11.0,1.0,0.000834963584839425,50,0.08029121905565262,0.25193846225738525,1.0,1.0,862,v2,B2
sac_her_recovery_v2,sensor_dropout,1,0.0,-11.0,1.0,0.000834963584839425,50,0.08029121905565262,0.25193846225738525,1.0,1.0,863,v2,B2
sac_her_recovery_v2,sensor_dropout,1,0.0,-11.0,1.0,0.000834963584839425,50,0.08029121905565262,0.25193846225738525,1.0,1.0,864,v2,B2
sac_her_recovery_v2,sensor_dropout,1,0.0,-11.0,1.0,0.000834963584839425,50,0.08029121905565262,0.25193846225738525,1.0,1.0,865,v2,B2
sac_her_recovery_v2,sensor_dropout,1,0.0,-11.0,1.0,0.000834963584839425,50,0.08029121905565262,0.25193846225738525,1.0,1.0,866,v2,B2
sac_her_recovery_v2,sensor_dropout,1,0.0,-11.0,1.0,0.000834963584839425,50,0.08029121905565262,0.25193846225738525,1.0,1.0,867,v2,B2
sac_her_recovery_v2,sensor_dropout,1,0.0,-11.0,1.0,0.000834963584839425,50,0.08029121905565262,0.25193846225738525,1.0,1.0,868,v2,B2
sac_her_recovery_v2,sensor_dropout,1,0.0,-11.0,1.0,0.000834963584839425,50,0.08029121905565262,0.25193846225738525,1.0,1.0,869,v2,B2
sac_her_recovery_v3,sensor_dropout,1,0.0,-11.0,1.0,0.000834963584839425,50,0.08029121905565262,0.25193846225738525,1.0,1.0,870,v3,B3
sac_her_recovery_v3,sensor_dropout,1,0.0,-11.0,1.0,0.000834963584839425,50,0.08029121905565262,0.25193846225738525,1.0,1.0,871,v3,B3
sac_her_recovery_v3,sensor_dropout,1,0.0,-11.0,1.0,0.000834963584839425,50,0.08029121905565262,0.25193846225738525,1.0,1.0,872,v3,B3
sac_her_recovery_v3,sensor_dropout,1,0.0,-11.0,1.0,0.000834963584839425,50,0.08029121905565262,0.25193846225738525,1.0,1.0,873,v3,B3
sac_her_recovery_v3,sensor_dropout,1,0.0,-11.0,1.0,0.000834963584839425,50,0.08029121905565262,0.25193846225738525,1.0,1.0,874,v3,B3
sac_her_recovery_v3,sensor_dropout,1,0.0,-11.0,1.0,0.000834963584839425,50,0.08029121905565262,0.25193846225738525,1.0,1.0,875,v3,B3
sac_her_recovery_v3,sensor_dropout,1,0.0,-11.0,1.0,0.000834963584839425,50,0.08029121905565262,0.25193846225738525,1.0,1.0,876,v3,B3
sac_her_recovery_v3,sensor_dropout,1,0.0,-11.0,1.0,0.000834963584839425,50,0.08029121905565262,0.25193846225738525,1.0,1.0,877,v3,B3
sac_her_recovery_v3,sensor_dropout,1,0.0,-11.0,1.0,0.000834963584839425,50,0.08029121905565262,0.25193846225738525,1.0,1.0,878,v3,B3
sac_her_recovery_v3,sensor_dropout,1,0.0,-11.0,1.0,0.000834963584839425,50,0.08029121905565262,0.25193846225738525,1.0,1.0,879,v3,B3
sac_her_recovery_v3,sensor_dropout,1,0.0,-11.0,1.0,0.000834963584839425,50,0.08029121905565262,0.25193846225738525,1.0,1.0,880,v3,B3
sac_her_recovery_v3,sensor_dropout,1,0.0,-11.0,1.0,0.000834963584839425,50,0.08029121905565262,0.25193846225738525,1.0,1.0,881,v3,B3
sac_her_recovery_v3,sensor_dropout,1,0.0,-11.0,1.0,0.000834963584839425,50,0.08029121905565262,0.25193846225738525,1.0,1.0,882,v3,B3
sac_her_recovery_v3,sensor_dropout,1,0.0,-11.0,1.0,0.000834963584839425,50,0.08029121905565262,0.25193846225738525,1.0,1.0,883,v3,B3
sac_her_recovery_v3,sensor_dropout,1,0.0,-11.0,1.0,0.000834963584839425,50,0.08029121905565262,0.25193846225738525,1.0,1.0,884,v3,B3
sac_her_recovery_v3,sensor_dropout,1,0.0,-11.0,1.0,0.000834963584839425,50,0.08029121905565262,0.25193846225738525,1.0,1.0,885,v3,B3
sac_her_recovery_v3,sensor_dropout,1,0.0,-11.0,1.0,0.000834963584839425,50,0.08029121905565262,0.25193846225738525,1.0,1.0,886,v3,B3
sac_her_recovery_v3,sensor_dropout,1,0.0,-11.0,1.0,0.000834963584839425,50,0.08029121905565262,0.25193846225738525,1.0,1.0,887,v3,B3
sac_her_recovery_v3,sensor_dropout,1,0.0,-11.0,1.0,0.000834963584839425,50,0.08029121905565262,0.25193846225738525,1.0,1.0,888,v3,B3
sac_her_recovery_v3,sensor_dropout,1,0.0,-11.0,1.0,0.000834963584839425,50,0.08029121905565262,0.25193846225738525,1.0,1.0,889,v3,B3
sac_her_recovery_v3,sensor_dropout,1,0.0,-11.0,1.0,0.000834963584839425,50,0.08029121905565262,0.25193846225738525,1.0,1.0,890,v3,B3
sac_her_recovery_v3,sensor_dropout,1,0.0,-11.0,1.0,0.000834963584839425,50,0.08029121905565262,0.25193846225738525,1.0,1.0,891,v3,B3
sac_her_recovery_v3,sensor_dropout,1,0.0,-11.0,1.0,0.000834963584839425,50,0.08029121905565262,0.25193846225738525,1.0,1.0,892,v3,B3
sac_her_recovery_v3,sensor_dropout,1,0.0,-11.0,1.0,0.000834963584839425,50,0.08029121905565262,0.25193846225738525,1.0,1.0,893,v3,B3
sac_her_recovery_v3,sensor_dropout,1,0.0,-11.0,1.0,0.000834963584839425,50,0.08029121905565262,0.25193846225738525,1.0,1.0,894,v3,B3
sac_her_recovery_v3,sensor_dropout,1,0.0,-11.0,1.0,0.000834963584839425,50,0.08029121905565262,0.25193846225738525,1.0,1.0,895,v3,B3
sac_her_recovery_v3,sensor_dropout,1,0.0,-11.0,1.0,0.000834963584839425,50,0.08029121905565262,0.25193846225738525,1.0,1.0,896,v3,B3
sac_her_recovery_v3,sensor_dropout,1,0.0,-11.0,1.0,0.000834963584839425,50,0.08029121905565262,0.25193846225738525,1.0,1.0,897,v3,B3
sac_her_recovery_v3,sensor_dropout,1,0.0,-11.0,1.0,0.000834963584839425,50,0.08029121905565262,0.25193846225738525,1.0,1.0,898,v3,B3
sac_her_recovery_v3,sensor_dropout,1,0.0,-11.0,1.0,0.000834963584839425,50,0.08029121905565262,0.25193846225738525,1.0,1.0,899,v3,B3
sac_her,sensor_bias,1,0.1,-50.0,0.0,0.29710827179432103,50,0.052173253148794174,0.5179347991943359,0.0,0.0,900,none,B1
sac_her,sensor_bias,1,0.1,-50.0,0.0,0.34989484112821545,50,0.06505348533391953,0.983460545539856,1.0,0.0,901,none,B1
sac_her,sensor_bias,1,0.1,-50.0,0.0,0.10767667136995009,50,0.027842460200190544,0.05669093132019043,0.0,0.0,902,none,B1
sac_her,sensor_bias,1,0.1,-50.0,0.0,0.07539443683513757,50,0.06238260865211487,0.6545842885971069,0.0,0.0,903,none,B1
sac_her,sensor_bias,1,0.1,-45.0,1.0,0.09787029059445898,50,0.05262540653347969,1.1034787893295288,1.0,0.0,904,none,B1
sac_her,sensor_bias,1,0.1,-50.0,0.0,0.3557957370807052,50,0.0633755624294281,0.9342352151870728,1.0,0.0,905,none,B1
sac_her,sensor_bias,1,0.1,-50.0,0.0,0.3637217635066939,50,0.14322754740715027,0.5456305146217346,1.0,0.0,906,none,B1
sac_her,sensor_bias,1,0.1,-3.0,1.0,0.042851851819180685,50,0.050445348024368286,0.8577414751052856,1.0,0.0,907,none,B1
sac_her,sensor_bias,1,0.1,-50.0,0.0,0.3580353900628144,50,0.06516781449317932,0.2729697823524475,1.0,0.0,908,none,B1
sac_her,sensor_bias,1,0.1,-50.0,0.0,0.08763805411489513,50,0.056049708276987076,0.16183660924434662,1.0,0.0,909,none,B1
sac_her,sensor_bias,1,0.1,-45.0,1.0,0.20106944208261007,50,0.04180711507797241,1.286231517791748,1.0,0.0,910,none,B1
sac_her,sensor_bias,1,0.1,-50.0,0.0,0.15306538021830074,50,0.041890859603881836,0.19495825469493866,1.0,0.0,911,none,B1
sac_her,sensor_bias,1,0.1,-50.0,0.0,0.25263804693215175,50,0.0579129159450531,0.2018856555223465,0.0,0.0,912,none,B1
sac_her,sensor_bias,1,0.1,-50.0,0.0,0.8478621833194775,50,0.0883505791425705,1.0775107145309448,1.0,0.0,913,none,B1
sac_her,sensor_bias,1,0.1,-50.0,0.0,0.3142784423221826,50,0.07706888020038605,0.5189183950424194,1.0,0.0,914,none,B1
sac_her,sensor_bias,1,0.1,-50.0,0.0,0.3575046511212475,50,0.06483753025531769,0.6460459232330322,1.0,0.0,915,none,B1
sac_her,sensor_bias,1,0.1,-50.0,0.0,0.18713588344446774,50,0.032669369131326675,0.21325771510601044,0.0,0.0,916,none,B1
sac_her,sensor_bias,1,0.1,-2.0,1.0,0.04998782044121121,50,0.05645724758505821,0.4273532032966614,1.0,0.0,917,none,B1
sac_her,sensor_bias,1,0.1,-50.0,0.0,0.46755220940968384,50,0.11669085919857025,1.4230152368545532,1.0,0.0,918,none,B1
sac_her,sensor_bias,1,0.1,-50.0,0.0,0.3282273944090969,50,0.05694613233208656,0.34628841280937195,0.0,0.0,919,none,B1
sac_her,sensor_bias,1,0.1,-50.0,0.0,0.05859143481241319,50,0.0747724324464798,0.6151321530342102,1.0,0.0,920,none,B1
sac_her,sensor_bias,1,0.1,-45.0,1.0,0.10339488962606302,50,0.04757950082421303,1.4297950267791748,1.0,0.0,921,none,B1
sac_her,sensor_bias,1,0.1,-50.0,0.0,0.3214390192711943,50,0.08655469119548798,0.2823227643966675,1.0,0.0,922,none,B1
sac_her,sensor_bias,1,0.1,-50.0,0.0,0.19591172843159124,50,0.031174056231975555,0.12008006125688553,0.0,0.0,923,none,B1
sac_her,sensor_bias,1,0.1,-50.0,0.0,0.17555212139902993,50,0.03195417299866676,0.08376206457614899,0.0,0.0,924,none,B1
sac_her,sensor_bias,1,0.1,-43.0,1.0,0.06055682333074717,50,0.0423751138150692,1.0802958011627197,1.0,0.0,925,none,B1
sac_her,sensor_bias,1,0.1,-50.0,0.0,0.2865958658278144,50,0.04709874838590622,0.6434704661369324,0.0,0.0,926,none,B1
sac_her,sensor_bias,1,0.1,-50.0,0.0,0.17437254721895923,50,0.027153238654136658,0.10636824369430542,0.0,0.0,927,none,B1
sac_her,sensor_bias,1,0.1,-50.0,0.0,0.3521616431670437,50,0.07993357628583908,0.2637876570224762,1.0,0.0,928,none,B1
sac_her,sensor_bias,1,0.1,-45.0,1.0,0.11659510270565526,50,0.050397615879774094,1.046430230140686,1.0,0.0,929,none,B1
sac_her_recovery_v2,sensor_bias,1,0.1,-3.0,1.0,0.02552674832922342,50,0.044831495732069016,0.17662924528121948,1.0,0.0,930,v2,B2
sac_her_recovery_v2,sensor_bias,1,0.1,-45.0,1.0,0.07071192958780333,50,0.06571899354457855,0.9013227820396423,1.0,0.0,931,v2,B2
sac_her_recovery_v2,sensor_bias,1,0.1,-50.0,0.0,0.16827785068420517,50,0.591827392578125,1.3652849197387695,1.0,1.0,932,v2,B2
sac_her_recovery_v2,sensor_bias,1,0.1,-50.0,0.0,0.7162269043503927,50,1.1483051776885986,1.1874475479125977,1.0,1.0,933,v2,B2
sac_her_recovery_v2,sensor_bias,1,0.1,-50.0,0.0,0.33725546431074926,50,0.9246898293495178,0.7615293264389038,1.0,1.0,934,v2,B2
sac_her_recovery_v2,sensor_bias,1,0.1,-50.0,0.0,0.1485547243706916,50,0.08122042566537857,0.17670372128486633,1.0,1.0,935,v2,B2
sac_her_recovery_v2,sensor_bias,1,0.1,-4.0,1.0,0.0008764862636128053,50,0.05086453631520271,0.14775784313678741,1.0,1.0,936,v2,B2
sac_her_recovery_v2,sensor_bias,1,0.1,-45.0,1.0,0.15601052180068117,50,0.6916664838790894,1.2981449365615845,1.0,1.0,937,v2,B2
sac_her_recovery_v2,sensor_bias,1,0.1,-47.0,1.0,0.1197117012439701,50,0.059310123324394226,1.072227120399475,1.0,0.0,938,v2,B2
sac_her_recovery_v2,sensor_bias,1,0.1,-46.0,1.0,0.08603865578999588,50,0.05117514729499817,0.7776394486427307,1.0,0.0,939,v2,B2
sac_her_recovery_v2,sensor_bias,1,0.1,-45.0,1.0,0.15541489145500204,50,0.6035635471343994,1.1871939897537231,1.0,1.0,940,v2,B2
sac_her_recovery_v2,sensor_bias,1,0.1,-45.0,1.0,0.15955194038976858,50,0.6435496807098389,1.4210801124572754,1.0,1.0,941,v2,B2
sac_her_recovery_v2,sensor_bias,1,0.1,-50.0,0.0,0.41133062246642554,50,0.9468743205070496,0.7669304609298706,1.0,1.0,942,v2,B2
sac_her_recovery_v2,sensor_bias,1,0.1,-50.0,0.0,0.449796207880654,50,1.1020352840423584,0.8890976905822754,1.0,1.0,943,v2,B2
sac_her_recovery_v2,sensor_bias,1,0.1,-50.0,0.0,0.1345221722471493,50,0.6558685302734375,1.4167922735214233,1.0,1.0,944,v2,B2
sac_her_recovery_v2,sensor_bias,1,0.1,-41.0,1.0,0.37811344135879194,50,0.7868781089782715,1.310072660446167,1.0,1.0,945,v2,B2
sac_her_recovery_v2,sensor_bias,1,0.1,-45.0,1.0,0.0630157838983603,50,0.054848987609148026,1.444817304611206,1.0,0.0,946,v2,B2
sac_her_recovery_v2,sensor_bias,1,0.1,-50.0,0.0,0.06411048643096351,50,0.049101926386356354,0.32970383763313293,0.0,0.0,947,v2,B2
sac_her_recovery_v2,sensor_bias,1,0.1,-50.0,0.0,0.29095582295465416,50,0.8873079419136047,0.587646484375,0.0,1.0,948,v2,B2
sac_her_recovery_v2,sensor_bias,1,0.1,-50.0,0.0,0.2441561034625185,50,0.8362149596214294,0.5339081287384033,0.0,1.0,949,v2,B2
sac_her_recovery_v2,sensor_bias,1,0.1,-50.0,0.0,0.23250106137453705,50,1.2893242835998535,0.9311191439628601,1.0,1.0,950,v2,B2
sac_her_recovery_v2,sensor_bias,1,0.1,-50.0,0.0,0.23944529499749198,50,0.6184481978416443,0.5255733728408813,1.0,1.0,951,v2,B2
sac_her_recovery_v2,sensor_bias,1,0.1,-50.0,0.0,0.3269491442303193,50,0.9044482111930847,0.6784851551055908,1.0,1.0,952,v2,B2
sac_her_recovery_v2,sensor_bias,1,0.1,-50.0,0.0,0.37303694748742927,50,1.085624098777771,0.837637722492218,1.0,1.0,953,v2,B2
sac_her_recovery_v2,sensor_bias,1,0.1,-50.0,0.0,0.1550905370666636,50,2.0158791542053223,1.060404896736145,0.0,1.0,954,v2,B2
sac_her_recovery_v2,sensor_bias,1,0.1,-50.0,0.0,0.25327403425783357,50,0.8229637742042542,0.5981162190437317,1.0,1.0,955,v2,B2
sac_her_recovery_v2,sensor_bias,1,0.1,-3.0,1.0,0.02056183790216843,50,0.04848845303058624,0.19811557233333588,1.0,0.0,956,v2,B2
sac_her_recovery_v2,sensor_bias,1,0.1,-50.0,0.0,0.31167538650679555,50,1.0208207368850708,0.8151577711105347,1.0,1.0,957,v2,B2
sac_her_recovery_v2,sensor_bias,1,0.1,-5.0,1.0,0.0008741425416897119,50,0.049461767077445984,0.16133862733840942,1.0,1.0,958,v2,B2
sac_her_recovery_v2,sensor_bias,1,0.1,-50.0,0.0,0.12948906589513606,50,0.04796778783202171,1.201723575592041,1.0,0.0,959,v2,B2
sac_her_recovery_v3,sensor_bias,1,0.1,-2.0,1.0,0.03972651037959145,50,0.039188675582408905,1.1276233196258545,1.0,0.0,960,v3,B3
sac_her_recovery_v3,sensor_bias,1,0.1,-50.0,0.0,0.2643831995143426,50,0.8356564044952393,1.1076027154922485,0.0,1.0,961,v3,B3
sac_her_recovery_v3,sensor_bias,1,0.1,-50.0,0.0,0.12028165076544092,50,0.4893121123313904,1.3190252780914307,1.0,1.0,962,v3,B3
sac_her_recovery_v3,sensor_bias,1,0.1,-46.0,1.0,0.09876114064119004,50,0.06925464421510696,0.49889662861824036,1.0,0.0,963,v3,B3
sac_her_recovery_v3,sensor_bias,1,0.1,-50.0,0.0,0.3154732302878569,50,0.7809271812438965,1.2195721864700317,1.0,1.0,964,v3,B3
sac_her_recovery_v3,sensor_bias,1,0.1,-45.0,1.0,0.13259377994804106,50,0.36077335476875305,1.1635276079177856,1.0,1.0,965,v3,B3
sac_her_recovery_v3,sensor_bias,1,0.1,-5.0,1.0,0.0008731801005490763,50,0.051696088165044785,0.16787691414356232,1.0,1.0,966,v3,B3
sac_her_recovery_v3,sensor_bias,1,0.1,-50.0,0.0,0.061587804340986596,50,0.03783600032329559,1.306531548500061,1.0,0.0,967,v3,B3
sac_her_recovery_v3,sensor_bias,1,0.1,-50.0,0.0,0.19700330544327854,50,0.6031753420829773,0.7621707916259766,0.0,1.0,968,v3,B3
sac_her_recovery_v3,sensor_bias,1,0.1,-47.0,1.0,0.09685511490241804,50,0.052677515894174576,1.1314181089401245,1.0,0.0,969,v3,B3
sac_her_recovery_v3,sensor_bias,1,0.1,-50.0,0.0,0.30891102235485846,50,0.8107173442840576,1.2703744173049927,1.0,1.0,970,v3,B3
sac_her_recovery_v3,sensor_bias,1,0.1,-45.0,1.0,0.0865162762315723,50,0.04849015921354294,1.017372727394104,1.0,0.0,971,v3,B3
sac_her_recovery_v3,sensor_bias,1,0.1,-50.0,0.0,0.10876007739993458,50,0.027552470564842224,0.16647456586360931,0.0,0.0,972,v3,B3
sac_her_recovery_v3,sensor_bias,1,0.1,-50.0,0.0,0.11962543395724631,50,1.404763102531433,1.0084443092346191,1.0,1.0,973,v3,B3
sac_her_recovery_v3,sensor_bias,1,0.1,-50.0,0.0,0.14857576990499535,50,0.20457828044891357,0.2977917790412903,1.0,1.0,974,v3,B3
sac_her_recovery_v3,sensor_bias,1,0.1,-18.0,1.0,0.00075669204797579,50,0.23393477499485016,0.4639035761356354,1.0,1.0,975,v3,B3
sac_her_recovery_v3,sensor_bias,1,0.1,-50.0,0.0,0.09707731258247684,50,0.04468834027647972,1.149674415588379,1.0,0.0,976,v3,B3
sac_her_recovery_v3,sensor_bias,1,0.1,-2.0,1.0,0.01862380447425719,50,0.05527183786034584,0.5365541577339172,1.0,0.0,977,v3,B3
sac_her_recovery_v3,sensor_bias,1,0.1,-50.0,0.0,0.37021625707537364,50,0.8897514939308167,1.4321284294128418,1.0,1.0,978,v3,B3
sac_her_recovery_v3,sensor_bias,1,0.1,-6.0,1.0,0.0008728657815723955,50,0.05075019225478172,0.16876597702503204,1.0,1.0,979,v3,B3
sac_her_recovery_v3,sensor_bias,1,0.1,-50.0,0.0,0.14933020469589495,50,0.39749211072921753,0.5522136092185974,0.0,1.0,980,v3,B3
sac_her_recovery_v3,sensor_bias,1,0.1,-50.0,0.0,0.30084446002949833,50,0.8879285454750061,1.2139335870742798,1.0,1.0,981,v3,B3
sac_her_recovery_v3,sensor_bias,1,0.1,-50.0,0.0,0.35081954248977715,50,0.8160825371742249,1.3219671249389648,1.0,1.0,982,v3,B3
sac_her_recovery_v3,sensor_bias,1,0.1,-50.0,0.0,0.36003231551916226,50,0.8307729959487915,1.372196078300476,1.0,1.0,983,v3,B3
sac_her_recovery_v3,sensor_bias,1,0.1,-4.0,1.0,0.0008758350554425285,50,0.04493023827672005,0.15067753195762634,1.0,1.0,984,v3,B3
sac_her_recovery_v3,sensor_bias,1,0.1,-50.0,0.0,0.3218432148670848,50,0.8308814167976379,1.3199620246887207,1.0,1.0,985,v3,B3
sac_her_recovery_v3,sensor_bias,1,0.1,-2.0,1.0,0.024836608683783932,50,0.042894791811704636,0.17932668328285217,1.0,0.0,986,v3,B3
sac_her_recovery_v3,sensor_bias,1,0.1,-31.0,1.0,0.05198178716919134,50,0.043813325464725494,1.2949762344360352,1.0,0.0,987,v3,B3
sac_her_recovery_v3,sensor_bias,1,0.1,-50.0,0.0,0.17719029166204533,50,0.6127495765686035,0.769938588142395,1.0,1.0,988,v3,B3
sac_her_recovery_v3,sensor_bias,1,0.1,-50.0,0.0,0.07212999618398262,50,0.04723760113120079,1.0866285562515259,1.0,0.0,989,v3,B3
sac_her,action_clipping,1,0.3,-9.0,1.0,0.026429717772840186,50,0.02615426480770111,0.30834275484085083,0.0,0.0,990,none,B1
sac_her,action_clipping,1,0.3,-9.0,1.0,0.026429717772840186,50,0.02615426480770111,0.30834275484085083,0.0,0.0,991,none,B1
sac_her,action_clipping,1,0.3,-9.0,1.0,0.026429717772840186,50,0.02615426480770111,0.30834275484085083,0.0,0.0,992,none,B1
sac_her,action_clipping,1,0.3,-9.0,1.0,0.026429717772840186,50,0.02615426480770111,0.30834275484085083,0.0,0.0,993,none,B1
sac_her,action_clipping,1,0.3,-9.0,1.0,0.026429717772840186,50,0.02615426480770111,0.30834275484085083,0.0,0.0,994,none,B1
sac_her,action_clipping,1,0.3,-9.0,1.0,0.026429717772840186,50,0.02615426480770111,0.30834275484085083,0.0,0.0,995,none,B1
sac_her,action_clipping,1,0.3,-9.0,1.0,0.026429717772840186,50,0.02615426480770111,0.30834275484085083,0.0,0.0,996,none,B1
sac_her,action_clipping,1,0.3,-9.0,1.0,0.026429717772840186,50,0.02615426480770111,0.30834275484085083,0.0,0.0,997,none,B1
sac_her,action_clipping,1,0.3,-9.0,1.0,0.026429717772840186,50,0.02615426480770111,0.30834275484085083,0.0,0.0,998,none,B1
sac_her,action_clipping,1,0.3,-9.0,1.0,0.026429717772840186,50,0.02615426480770111,0.30834275484085083,0.0,0.0,999,none,B1
sac_her,action_clipping,1,0.3,-9.0,1.0,0.026429717772840186,50,0.02615426480770111,0.30834275484085083,0.0,0.0,1000,none,B1
sac_her,action_clipping,1,0.3,-9.0,1.0,0.026429717772840186,50,0.02615426480770111,0.30834275484085083,0.0,0.0,1001,none,B1
sac_her,action_clipping,1,0.3,-9.0,1.0,0.026429717772840186,50,0.02615426480770111,0.30834275484085083,0.0,0.0,1002,none,B1
sac_her,action_clipping,1,0.3,-9.0,1.0,0.026429717772840186,50,0.02615426480770111,0.30834275484085083,0.0,0.0,1003,none,B1
sac_her,action_clipping,1,0.3,-9.0,1.0,0.026429717772840186,50,0.02615426480770111,0.30834275484085083,0.0,0.0,1004,none,B1
sac_her,action_clipping,1,0.3,-9.0,1.0,0.026429717772840186,50,0.02615426480770111,0.30834275484085083,0.0,0.0,1005,none,B1
sac_her,action_clipping,1,0.3,-9.0,1.0,0.026429717772840186,50,0.02615426480770111,0.30834275484085083,0.0,0.0,1006,none,B1
sac_her,action_clipping,1,0.3,-9.0,1.0,0.026429717772840186,50,0.02615426480770111,0.30834275484085083,0.0,0.0,1007,none,B1
sac_her,action_clipping,1,0.3,-9.0,1.0,0.026429717772840186,50,0.02615426480770111,0.30834275484085083,0.0,0.0,1008,none,B1
sac_her,action_clipping,1,0.3,-9.0,1.0,0.026429717772840186,50,0.02615426480770111,0.30834275484085083,0.0,0.0,1009,none,B1
sac_her,action_clipping,1,0.3,-9.0,1.0,0.026429717772840186,50,0.02615426480770111,0.30834275484085083,0.0,0.0,1010,none,B1
sac_her,action_clipping,1,0.3,-9.0,1.0,0.026429717772840186,50,0.02615426480770111,0.30834275484085083,0.0,0.0,1011,none,B1
sac_her,action_clipping,1,0.3,-9.0,1.0,0.026429717772840186,50,0.02615426480770111,0.30834275484085083,0.0,0.0,1012,none,B1
sac_her,action_clipping,1,0.3,-9.0,1.0,0.026429717772840186,50,0.02615426480770111,0.30834275484085083,0.0,0.0,1013,none,B1
sac_her,action_clipping,1,0.3,-9.0,1.0,0.026429717772840186,50,0.02615426480770111,0.30834275484085083,0.0,0.0,1014,none,B1
sac_her,action_clipping,1,0.3,-9.0,1.0,0.026429717772840186,50,0.02615426480770111,0.30834275484085083,0.0,0.0,1015,none,B1
sac_her,action_clipping,1,0.3,-9.0,1.0,0.026429717772840186,50,0.02615426480770111,0.30834275484085083,0.0,0.0,1016,none,B1
sac_her,action_clipping,1,0.3,-9.0,1.0,0.026429717772840186,50,0.02615426480770111,0.30834275484085083,0.0,0.0,1017,none,B1
sac_her,action_clipping,1,0.3,-9.0,1.0,0.026429717772840186,50,0.02615426480770111,0.30834275484085083,0.0,0.0,1018,none,B1
sac_her,action_clipping,1,0.3,-9.0,1.0,0.026429717772840186,50,0.02615426480770111,0.30834275484085083,0.0,0.0,1019,none,B1
sac_her_recovery_v2,action_clipping,1,0.3,-9.0,1.0,0.026429717772840186,50,0.02615426480770111,0.30834275484085083,0.0,0.0,1020,v2,B2
sac_her_recovery_v2,action_clipping,1,0.3,-9.0,1.0,0.026429717772840186,50,0.02615426480770111,0.30834275484085083,0.0,0.0,1021,v2,B2
sac_her_recovery_v2,action_clipping,1,0.3,-9.0,1.0,0.026429717772840186,50,0.02615426480770111,0.30834275484085083,0.0,0.0,1022,v2,B2
sac_her_recovery_v2,action_clipping,1,0.3,-9.0,1.0,0.026429717772840186,50,0.02615426480770111,0.30834275484085083,0.0,0.0,1023,v2,B2
sac_her_recovery_v2,action_clipping,1,0.3,-9.0,1.0,0.026429717772840186,50,0.02615426480770111,0.30834275484085083,0.0,0.0,1024,v2,B2
sac_her_recovery_v2,action_clipping,1,0.3,-9.0,1.0,0.026429717772840186,50,0.02615426480770111,0.30834275484085083,0.0,0.0,1025,v2,B2
sac_her_recovery_v2,action_clipping,1,0.3,-9.0,1.0,0.026429717772840186,50,0.02615426480770111,0.30834275484085083,0.0,0.0,1026,v2,B2
sac_her_recovery_v2,action_clipping,1,0.3,-9.0,1.0,0.026429717772840186,50,0.02615426480770111,0.30834275484085083,0.0,0.0,1027,v2,B2
sac_her_recovery_v2,action_clipping,1,0.3,-9.0,1.0,0.026429717772840186,50,0.02615426480770111,0.30834275484085083,0.0,0.0,1028,v2,B2
sac_her_recovery_v2,action_clipping,1,0.3,-9.0,1.0,0.026429717772840186,50,0.02615426480770111,0.30834275484085083,0.0,0.0,1029,v2,B2
sac_her_recovery_v2,action_clipping,1,0.3,-9.0,1.0,0.026429717772840186,50,0.02615426480770111,0.30834275484085083,0.0,0.0,1030,v2,B2
sac_her_recovery_v2,action_clipping,1,0.3,-9.0,1.0,0.026429717772840186,50,0.02615426480770111,0.30834275484085083,0.0,0.0,1031,v2,B2
sac_her_recovery_v2,action_clipping,1,0.3,-9.0,1.0,0.026429717772840186,50,0.02615426480770111,0.30834275484085083,0.0,0.0,1032,v2,B2
sac_her_recovery_v2,action_clipping,1,0.3,-9.0,1.0,0.026429717772840186,50,0.02615426480770111,0.30834275484085083,0.0,0.0,1033,v2,B2
sac_her_recovery_v2,action_clipping,1,0.3,-9.0,1.0,0.026429717772840186,50,0.02615426480770111,0.30834275484085083,0.0,0.0,1034,v2,B2
sac_her_recovery_v2,action_clipping,1,0.3,-9.0,1.0,0.026429717772840186,50,0.02615426480770111,0.30834275484085083,0.0,0.0,1035,v2,B2
sac_her_recovery_v2,action_clipping,1,0.3,-9.0,1.0,0.026429717772840186,50,0.02615426480770111,0.30834275484085083,0.0,0.0,1036,v2,B2
sac_her_recovery_v2,action_clipping,1,0.3,-9.0,1.0,0.026429717772840186,50,0.02615426480770111,0.30834275484085083,0.0,0.0,1037,v2,B2
sac_her_recovery_v2,action_clipping,1,0.3,-9.0,1.0,0.026429717772840186,50,0.02615426480770111,0.30834275484085083,0.0,0.0,1038,v2,B2
sac_her_recovery_v2,action_clipping,1,0.3,-9.0,1.0,0.026429717772840186,50,0.02615426480770111,0.30834275484085083,0.0,0.0,1039,v2,B2
sac_her_recovery_v2,action_clipping,1,0.3,-9.0,1.0,0.026429717772840186,50,0.02615426480770111,0.30834275484085083,0.0,0.0,1040,v2,B2
sac_her_recovery_v2,action_clipping,1,0.3,-9.0,1.0,0.026429717772840186,50,0.02615426480770111,0.30834275484085083,0.0,0.0,1041,v2,B2
sac_her_recovery_v2,action_clipping,1,0.3,-9.0,1.0,0.026429717772840186,50,0.02615426480770111,0.30834275484085083,0.0,0.0,1042,v2,B2
sac_her_recovery_v2,action_clipping,1,0.3,-9.0,1.0,0.026429717772840186,50,0.02615426480770111,0.30834275484085083,0.0,0.0,1043,v2,B2
sac_her_recovery_v2,action_clipping,1,0.3,-9.0,1.0,0.026429717772840186,50,0.02615426480770111,0.30834275484085083,0.0,0.0,1044,v2,B2
sac_her_recovery_v2,action_clipping,1,0.3,-9.0,1.0,0.026429717772840186,50,0.02615426480770111,0.30834275484085083,0.0,0.0,1045,v2,B2
sac_her_recovery_v2,action_clipping,1,0.3,-9.0,1.0,0.026429717772840186,50,0.02615426480770111,0.30834275484085083,0.0,0.0,1046,v2,B2
sac_her_recovery_v2,action_clipping,1,0.3,-9.0,1.0,0.026429717772840186,50,0.02615426480770111,0.30834275484085083,0.0,0.0,1047,v2,B2
sac_her_recovery_v2,action_clipping,1,0.3,-9.0,1.0,0.026429717772840186,50,0.02615426480770111,0.30834275484085083,0.0,0.0,1048,v2,B2
sac_her_recovery_v2,action_clipping,1,0.3,-9.0,1.0,0.026429717772840186,50,0.02615426480770111,0.30834275484085083,0.0,0.0,1049,v2,B2
sac_her_recovery_v3,action_clipping,1,0.3,-9.0,1.0,0.026429717772840186,50,0.02615426480770111,0.30834275484085083,0.0,0.0,1050,v3,B3
sac_her_recovery_v3,action_clipping,1,0.3,-9.0,1.0,0.026429717772840186,50,0.02615426480770111,0.30834275484085083,0.0,0.0,1051,v3,B3
sac_her_recovery_v3,action_clipping,1,0.3,-9.0,1.0,0.026429717772840186,50,0.02615426480770111,0.30834275484085083,0.0,0.0,1052,v3,B3
sac_her_recovery_v3,action_clipping,1,0.3,-9.0,1.0,0.026429717772840186,50,0.02615426480770111,0.30834275484085083,0.0,0.0,1053,v3,B3
sac_her_recovery_v3,action_clipping,1,0.3,-9.0,1.0,0.026429717772840186,50,0.02615426480770111,0.30834275484085083,0.0,0.0,1054,v3,B3
sac_her_recovery_v3,action_clipping,1,0.3,-9.0,1.0,0.026429717772840186,50,0.02615426480770111,0.30834275484085083,0.0,0.0,1055,v3,B3
sac_her_recovery_v3,action_clipping,1,0.3,-9.0,1.0,0.026429717772840186,50,0.02615426480770111,0.30834275484085083,0.0,0.0,1056,v3,B3
sac_her_recovery_v3,action_clipping,1,0.3,-9.0,1.0,0.026429717772840186,50,0.02615426480770111,0.30834275484085083,0.0,0.0,1057,v3,B3
sac_her_recovery_v3,action_clipping,1,0.3,-9.0,1.0,0.026429717772840186,50,0.02615426480770111,0.30834275484085083,0.0,0.0,1058,v3,B3
sac_her_recovery_v3,action_clipping,1,0.3,-9.0,1.0,0.026429717772840186,50,0.02615426480770111,0.30834275484085083,0.0,0.0,1059,v3,B3
sac_her_recovery_v3,action_clipping,1,0.3,-9.0,1.0,0.026429717772840186,50,0.02615426480770111,0.30834275484085083,0.0,0.0,1060,v3,B3
sac_her_recovery_v3,action_clipping,1,0.3,-9.0,1.0,0.026429717772840186,50,0.02615426480770111,0.30834275484085083,0.0,0.0,1061,v3,B3
sac_her_recovery_v3,action_clipping,1,0.3,-9.0,1.0,0.026429717772840186,50,0.02615426480770111,0.30834275484085083,0.0,0.0,1062,v3,B3
sac_her_recovery_v3,action_clipping,1,0.3,-9.0,1.0,0.026429717772840186,50,0.02615426480770111,0.30834275484085083,0.0,0.0,1063,v3,B3
sac_her_recovery_v3,action_clipping,1,0.3,-9.0,1.0,0.026429717772840186,50,0.02615426480770111,0.30834275484085083,0.0,0.0,1064,v3,B3
sac_her_recovery_v3,action_clipping,1,0.3,-9.0,1.0,0.026429717772840186,50,0.02615426480770111,0.30834275484085083,0.0,0.0,1065,v3,B3
sac_her_recovery_v3,action_clipping,1,0.3,-9.0,1.0,0.026429717772840186,50,0.02615426480770111,0.30834275484085083,0.0,0.0,1066,v3,B3
sac_her_recovery_v3,action_clipping,1,0.3,-9.0,1.0,0.026429717772840186,50,0.02615426480770111,0.30834275484085083,0.0,0.0,1067,v3,B3
sac_her_recovery_v3,action_clipping,1,0.3,-9.0,1.0,0.026429717772840186,50,0.02615426480770111,0.30834275484085083,0.0,0.0,1068,v3,B3
sac_her_recovery_v3,action_clipping,1,0.3,-9.0,1.0,0.026429717772840186,50,0.02615426480770111,0.30834275484085083,0.0,0.0,1069,v3,B3
sac_her_recovery_v3,action_clipping,1,0.3,-9.0,1.0,0.026429717772840186,50,0.02615426480770111,0.30834275484085083,0.0,0.0,1070,v3,B3
sac_her_recovery_v3,action_clipping,1,0.3,-9.0,1.0,0.026429717772840186,50,0.02615426480770111,0.30834275484085083,0.0,0.0,1071,v3,B3
sac_her_recovery_v3,action_clipping,1,0.3,-9.0,1.0,0.026429717772840186,50,0.02615426480770111,0.30834275484085083,0.0,0.0,1072,v3,B3
sac_her_recovery_v3,action_clipping,1,0.3,-9.0,1.0,0.026429717772840186,50,0.02615426480770111,0.30834275484085083,0.0,0.0,1073,v3,B3
sac_her_recovery_v3,action_clipping,1,0.3,-9.0,1.0,0.026429717772840186,50,0.02615426480770111,0.30834275484085083,0.0,0.0,1074,v3,B3
sac_her_recovery_v3,action_clipping,1,0.3,-9.0,1.0,0.026429717772840186,50,0.02615426480770111,0.30834275484085083,0.0,0.0,1075,v3,B3
sac_her_recovery_v3,action_clipping,1,0.3,-9.0,1.0,0.026429717772840186,50,0.02615426480770111,0.30834275484085083,0.0,0.0,1076,v3,B3
sac_her_recovery_v3,action_clipping,1,0.3,-9.0,1.0,0.026429717772840186,50,0.02615426480770111,0.30834275484085083,0.0,0.0,1077,v3,B3
sac_her_recovery_v3,action_clipping,1,0.3,-9.0,1.0,0.026429717772840186,50,0.02615426480770111,0.30834275484085083,0.0,0.0,1078,v3,B3
sac_her_recovery_v3,action_clipping,1,0.3,-9.0,1.0,0.026429717772840186,50,0.02615426480770111,0.30834275484085083,0.0,0.0,1079,v3,B3
sac_her,action_delay,1,0.0,-50.0,0.0,0.16801074336107993,50,0.0,0.0,0.0,0.0,1080,none,B1
sac_her,action_delay,1,0.0,-50.0,0.0,0.16801074336107993,50,0.0,0.0,0.0,0.0,1081,none,B1
sac_her,action_delay,1,0.0,-50.0,0.0,0.16801074336107993,50,0.0,0.0,0.0,0.0,1082,none,B1
sac_her,action_delay,1,0.0,-50.0,0.0,0.16801074336107993,50,0.0,0.0,0.0,0.0,1083,none,B1
sac_her,action_delay,1,0.0,-50.0,0.0,0.16801074336107993,50,0.0,0.0,0.0,0.0,1084,none,B1
sac_her,action_delay,1,0.0,-50.0,0.0,0.16801074336107993,50,0.0,0.0,0.0,0.0,1085,none,B1
sac_her,action_delay,1,0.0,-50.0,0.0,0.16801074336107993,50,0.0,0.0,0.0,0.0,1086,none,B1
sac_her,action_delay,1,0.0,-50.0,0.0,0.16801074336107993,50,0.0,0.0,0.0,0.0,1087,none,B1
sac_her,action_delay,1,0.0,-50.0,0.0,0.16801074336107993,50,0.0,0.0,0.0,0.0,1088,none,B1
sac_her,action_delay,1,0.0,-50.0,0.0,0.16801074336107993,50,0.0,0.0,0.0,0.0,1089,none,B1
sac_her,action_delay,1,0.0,-50.0,0.0,0.16801074336107993,50,0.0,0.0,0.0,0.0,1090,none,B1
sac_her,action_delay,1,0.0,-50.0,0.0,0.16801074336107993,50,0.0,0.0,0.0,0.0,1091,none,B1
sac_her,action_delay,1,0.0,-50.0,0.0,0.16801074336107993,50,0.0,0.0,0.0,0.0,1092,none,B1
sac_her,action_delay,1,0.0,-50.0,0.0,0.16801074336107993,50,0.0,0.0,0.0,0.0,1093,none,B1
sac_her,action_delay,1,0.0,-50.0,0.0,0.16801074336107993,50,0.0,0.0,0.0,0.0,1094,none,B1
sac_her,action_delay,1,0.0,-50.0,0.0,0.16801074336107993,50,0.0,0.0,0.0,0.0,1095,none,B1
sac_her,action_delay,1,0.0,-50.0,0.0,0.16801074336107993,50,0.0,0.0,0.0,0.0,1096,none,B1
sac_her,action_delay,1,0.0,-50.0,0.0,0.16801074336107993,50,0.0,0.0,0.0,0.0,1097,none,B1
sac_her,action_delay,1,0.0,-50.0,0.0,0.16801074336107993,50,0.0,0.0,0.0,0.0,1098,none,B1
sac_her,action_delay,1,0.0,-50.0,0.0,0.16801074336107993,50,0.0,0.0,0.0,0.0,1099,none,B1
sac_her,action_delay,1,0.0,-50.0,0.0,0.16801074336107993,50,0.0,0.0,0.0,0.0,1100,none,B1
sac_her,action_delay,1,0.0,-50.0,0.0,0.16801074336107993,50,0.0,0.0,0.0,0.0,1101,none,B1
sac_her,action_delay,1,0.0,-50.0,0.0,0.16801074336107993,50,0.0,0.0,0.0,0.0,1102,none,B1
sac_her,action_delay,1,0.0,-50.0,0.0,0.16801074336107993,50,0.0,0.0,0.0,0.0,1103,none,B1
sac_her,action_delay,1,0.0,-50.0,0.0,0.16801074336107993,50,0.0,0.0,0.0,0.0,1104,none,B1
sac_her,action_delay,1,0.0,-50.0,0.0,0.16801074336107993,50,0.0,0.0,0.0,0.0,1105,none,B1
sac_her,action_delay,1,0.0,-50.0,0.0,0.16801074336107993,50,0.0,0.0,0.0,0.0,1106,none,B1
sac_her,action_delay,1,0.0,-50.0,0.0,0.16801074336107993,50,0.0,0.0,0.0,0.0,1107,none,B1
sac_her,action_delay,1,0.0,-50.0,0.0,0.16801074336107993,50,0.0,0.0,0.0,0.0,1108,none,B1
sac_her,action_delay,1,0.0,-50.0,0.0,0.16801074336107993,50,0.0,0.0,0.0,0.0,1109,none,B1
sac_her_recovery_v2,action_delay,1,0.0,-38.0,1.0,0.08096402037688961,50,0.08238451927900314,0.6627341508865356,0.0,1.0,1110,v2,B2
sac_her_recovery_v2,action_delay,1,0.0,-38.0,1.0,0.08096402037688961,50,0.08238451927900314,0.6627341508865356,0.0,1.0,1111,v2,B2
sac_her_recovery_v2,action_delay,1,0.0,-38.0,1.0,0.08096402037688961,50,0.08238451927900314,0.6627341508865356,0.0,1.0,1112,v2,B2
sac_her_recovery_v2,action_delay,1,0.0,-38.0,1.0,0.08096402037688961,50,0.08238451927900314,0.6627341508865356,0.0,1.0,1113,v2,B2
sac_her_recovery_v2,action_delay,1,0.0,-38.0,1.0,0.08096402037688961,50,0.08238451927900314,0.6627341508865356,0.0,1.0,1114,v2,B2
sac_her_recovery_v2,action_delay,1,0.0,-38.0,1.0,0.08096402037688961,50,0.08238451927900314,0.6627341508865356,0.0,1.0,1115,v2,B2
sac_her_recovery_v2,action_delay,1,0.0,-38.0,1.0,0.08096402037688961,50,0.08238451927900314,0.6627341508865356,0.0,1.0,1116,v2,B2
sac_her_recovery_v2,action_delay,1,0.0,-38.0,1.0,0.08096402037688961,50,0.08238451927900314,0.6627341508865356,0.0,1.0,1117,v2,B2
sac_her_recovery_v2,action_delay,1,0.0,-38.0,1.0,0.08096402037688961,50,0.08238451927900314,0.6627341508865356,0.0,1.0,1118,v2,B2
sac_her_recovery_v2,action_delay,1,0.0,-38.0,1.0,0.08096402037688961,50,0.08238451927900314,0.6627341508865356,0.0,1.0,1119,v2,B2
sac_her_recovery_v2,action_delay,1,0.0,-38.0,1.0,0.08096402037688961,50,0.08238451927900314,0.6627341508865356,0.0,1.0,1120,v2,B2
sac_her_recovery_v2,action_delay,1,0.0,-38.0,1.0,0.08096402037688961,50,0.08238451927900314,0.6627341508865356,0.0,1.0,1121,v2,B2
sac_her_recovery_v2,action_delay,1,0.0,-38.0,1.0,0.08096402037688961,50,0.08238451927900314,0.6627341508865356,0.0,1.0,1122,v2,B2
sac_her_recovery_v2,action_delay,1,0.0,-38.0,1.0,0.08096402037688961,50,0.08238451927900314,0.6627341508865356,0.0,1.0,1123,v2,B2
sac_her_recovery_v2,action_delay,1,0.0,-38.0,1.0,0.08096402037688961,50,0.08238451927900314,0.6627341508865356,0.0,1.0,1124,v2,B2
sac_her_recovery_v2,action_delay,1,0.0,-38.0,1.0,0.08096402037688961,50,0.08238451927900314,0.6627341508865356,0.0,1.0,1125,v2,B2
sac_her_recovery_v2,action_delay,1,0.0,-38.0,1.0,0.08096402037688961,50,0.08238451927900314,0.6627341508865356,0.0,1.0,1126,v2,B2
sac_her_recovery_v2,action_delay,1,0.0,-38.0,1.0,0.08096402037688961,50,0.08238451927900314,0.6627341508865356,0.0,1.0,1127,v2,B2
sac_her_recovery_v2,action_delay,1,0.0,-38.0,1.0,0.08096402037688961,50,0.08238451927900314,0.6627341508865356,0.0,1.0,1128,v2,B2
sac_her_recovery_v2,action_delay,1,0.0,-38.0,1.0,0.08096402037688961,50,0.08238451927900314,0.6627341508865356,0.0,1.0,1129,v2,B2
sac_her_recovery_v2,action_delay,1,0.0,-38.0,1.0,0.08096402037688961,50,0.08238451927900314,0.6627341508865356,0.0,1.0,1130,v2,B2
sac_her_recovery_v2,action_delay,1,0.0,-38.0,1.0,0.08096402037688961,50,0.08238451927900314,0.6627341508865356,0.0,1.0,1131,v2,B2
sac_her_recovery_v2,action_delay,1,0.0,-38.0,1.0,0.08096402037688961,50,0.08238451927900314,0.6627341508865356,0.0,1.0,1132,v2,B2
sac_her_recovery_v2,action_delay,1,0.0,-38.0,1.0,0.08096402037688961,50,0.08238451927900314,0.6627341508865356,0.0,1.0,1133,v2,B2
sac_her_recovery_v2,action_delay,1,0.0,-38.0,1.0,0.08096402037688961,50,0.08238451927900314,0.6627341508865356,0.0,1.0,1134,v2,B2
sac_her_recovery_v2,action_delay,1,0.0,-38.0,1.0,0.08096402037688961,50,0.08238451927900314,0.6627341508865356,0.0,1.0,1135,v2,B2
sac_her_recovery_v2,action_delay,1,0.0,-38.0,1.0,0.08096402037688961,50,0.08238451927900314,0.6627341508865356,0.0,1.0,1136,v2,B2
sac_her_recovery_v2,action_delay,1,0.0,-38.0,1.0,0.08096402037688961,50,0.08238451927900314,0.6627341508865356,0.0,1.0,1137,v2,B2
sac_her_recovery_v2,action_delay,1,0.0,-38.0,1.0,0.08096402037688961,50,0.08238451927900314,0.6627341508865356,0.0,1.0,1138,v2,B2
sac_her_recovery_v2,action_delay,1,0.0,-38.0,1.0,0.08096402037688961,50,0.08238451927900314,0.6627341508865356,0.0,1.0,1139,v2,B2
sac_her_recovery_v3,action_delay,1,0.0,-36.0,1.0,0.0919982616152004,50,0.0561501644551754,0.46103399991989136,0.0,1.0,1140,v3,B3
sac_her_recovery_v3,action_delay,1,0.0,-36.0,1.0,0.0919982616152004,50,0.0561501644551754,0.46103399991989136,0.0,1.0,1141,v3,B3
sac_her_recovery_v3,action_delay,1,0.0,-36.0,1.0,0.0919982616152004,50,0.0561501644551754,0.46103399991989136,0.0,1.0,1142,v3,B3
sac_her_recovery_v3,action_delay,1,0.0,-36.0,1.0,0.0919982616152004,50,0.0561501644551754,0.46103399991989136,0.0,1.0,1143,v3,B3
sac_her_recovery_v3,action_delay,1,0.0,-36.0,1.0,0.0919982616152004,50,0.0561501644551754,0.46103399991989136,0.0,1.0,1144,v3,B3
sac_her_recovery_v3,action_delay,1,0.0,-36.0,1.0,0.0919982616152004,50,0.0561501644551754,0.46103399991989136,0.0,1.0,1145,v3,B3
sac_her_recovery_v3,action_delay,1,0.0,-36.0,1.0,0.0919982616152004,50,0.0561501644551754,0.46103399991989136,0.0,1.0,1146,v3,B3
sac_her_recovery_v3,action_delay,1,0.0,-36.0,1.0,0.0919982616152004,50,0.0561501644551754,0.46103399991989136,0.0,1.0,1147,v3,B3
sac_her_recovery_v3,action_delay,1,0.0,-36.0,1.0,0.0919982616152004,50,0.0561501644551754,0.46103399991989136,0.0,1.0,1148,v3,B3
sac_her_recovery_v3,action_delay,1,0.0,-36.0,1.0,0.0919982616152004,50,0.0561501644551754,0.46103399991989136,0.0,1.0,1149,v3,B3
sac_her_recovery_v3,action_delay,1,0.0,-36.0,1.0,0.0919982616152004,50,0.0561501644551754,0.46103399991989136,0.0,1.0,1150,v3,B3
sac_her_recovery_v3,action_delay,1,0.0,-36.0,1.0,0.0919982616152004,50,0.0561501644551754,0.46103399991989136,0.0,1.0,1151,v3,B3
sac_her_recovery_v3,action_delay,1,0.0,-36.0,1.0,0.0919982616152004,50,0.0561501644551754,0.46103399991989136,0.0,1.0,1152,v3,B3
sac_her_recovery_v3,action_delay,1,0.0,-36.0,1.0,0.0919982616152004,50,0.0561501644551754,0.46103399991989136,0.0,1.0,1153,v3,B3
sac_her_recovery_v3,action_delay,1,0.0,-36.0,1.0,0.0919982616152004,50,0.0561501644551754,0.46103399991989136,0.0,1.0,1154,v3,B3
sac_her_recovery_v3,action_delay,1,0.0,-36.0,1.0,0.0919982616152004,50,0.0561501644551754,0.46103399991989136,0.0,1.0,1155,v3,B3
sac_her_recovery_v3,action_delay,1,0.0,-36.0,1.0,0.0919982616152004,50,0.0561501644551754,0.46103399991989136,0.0,1.0,1156,v3,B3
sac_her_recovery_v3,action_delay,1,0.0,-36.0,1.0,0.0919982616152004,50,0.0561501644551754,0.46103399991989136,0.0,1.0,1157,v3,B3
sac_her_recovery_v3,action_delay,1,0.0,-36.0,1.0,0.0919982616152004,50,0.0561501644551754,0.46103399991989136,0.0,1.0,1158,v3,B3
sac_her_recovery_v3,action_delay,1,0.0,-36.0,1.0,0.0919982616152004,50,0.0561501644551754,0.46103399991989136,0.0,1.0,1159,v3,B3
sac_her_recovery_v3,action_delay,1,0.0,-36.0,1.0,0.0919982616152004,50,0.0561501644551754,0.46103399991989136,0.0,1.0,1160,v3,B3
sac_her_recovery_v3,action_delay,1,0.0,-36.0,1.0,0.0919982616152004,50,0.0561501644551754,0.46103399991989136,0.0,1.0,1161,v3,B3
sac_her_recovery_v3,action_delay,1,0.0,-36.0,1.0,0.0919982616152004,50,0.0561501644551754,0.46103399991989136,0.0,1.0,1162,v3,B3
sac_her_recovery_v3,action_delay,1,0.0,-36.0,1.0,0.0919982616152004,50,0.0561501644551754,0.46103399991989136,0.0,1.0,1163,v3,B3
sac_her_recovery_v3,action_delay,1,0.0,-36.0,1.0,0.0919982616152004,50,0.0561501644551754,0.46103399991989136,0.0,1.0,1164,v3,B3
sac_her_recovery_v3,action_delay,1,0.0,-36.0,1.0,0.0919982616152004,50,0.0561501644551754,0.46103399991989136,0.0,1.0,1165,v3,B3
sac_her_recovery_v3,action_delay,1,0.0,-36.0,1.0,0.0919982616152004,50,0.0561501644551754,0.46103399991989136,0.0,1.0,1166,v3,B3
sac_her_recovery_v3,action_delay,1,0.0,-36.0,1.0,0.0919982616152004,50,0.0561501644551754,0.46103399991989136,0.0,1.0,1167,v3,B3
sac_her_recovery_v3,action_delay,1,0.0,-36.0,1.0,0.0919982616152004,50,0.0561501644551754,0.46103399991989136,0.0,1.0,1168,v3,B3
sac_her_recovery_v3,action_delay,1,0.0,-36.0,1.0,0.0919982616152004,50,0.0561501644551754,0.46103399991989136,0.0,1.0,1169,v3,B3
sac_her,action_reversal,1,0.0,-50.0,0.0,0.9546347547560298,50,0.053390052169561386,1.7199983596801758,1.0,0.0,1170,none,B1
sac_her,action_reversal,1,0.0,-50.0,0.0,0.9546347547560298,50,0.053390052169561386,1.7199983596801758,1.0,0.0,1171,none,B1
sac_her,action_reversal,1,0.0,-50.0,0.0,0.9546347547560298,50,0.053390052169561386,1.7199983596801758,1.0,0.0,1172,none,B1
sac_her,action_reversal,1,0.0,-50.0,0.0,0.9546347547560298,50,0.053390052169561386,1.7199983596801758,1.0,0.0,1173,none,B1
sac_her,action_reversal,1,0.0,-50.0,0.0,0.9546347547560298,50,0.053390052169561386,1.7199983596801758,1.0,0.0,1174,none,B1
sac_her,action_reversal,1,0.0,-50.0,0.0,0.9546347547560298,50,0.053390052169561386,1.7199983596801758,1.0,0.0,1175,none,B1
sac_her,action_reversal,1,0.0,-50.0,0.0,0.9546347547560298,50,0.053390052169561386,1.7199983596801758,1.0,0.0,1176,none,B1
sac_her,action_reversal,1,0.0,-50.0,0.0,0.9546347547560298,50,0.053390052169561386,1.7199983596801758,1.0,0.0,1177,none,B1
sac_her,action_reversal,1,0.0,-50.0,0.0,0.9546347547560298,50,0.053390052169561386,1.7199983596801758,1.0,0.0,1178,none,B1
sac_her,action_reversal,1,0.0,-50.0,0.0,0.9546347547560298,50,0.053390052169561386,1.7199983596801758,1.0,0.0,1179,none,B1
sac_her,action_reversal,1,0.0,-50.0,0.0,0.9546347547560298,50,0.053390052169561386,1.7199983596801758,1.0,0.0,1180,none,B1
sac_her,action_reversal,1,0.0,-50.0,0.0,0.9546347547560298,50,0.053390052169561386,1.7199983596801758,1.0,0.0,1181,none,B1
sac_her,action_reversal,1,0.0,-50.0,0.0,0.9546347547560298,50,0.053390052169561386,1.7199983596801758,1.0,0.0,1182,none,B1
sac_her,action_reversal,1,0.0,-50.0,0.0,0.9546347547560298,50,0.053390052169561386,1.7199983596801758,1.0,0.0,1183,none,B1
sac_her,action_reversal,1,0.0,-50.0,0.0,0.9546347547560298,50,0.053390052169561386,1.7199983596801758,1.0,0.0,1184,none,B1
sac_her,action_reversal,1,0.0,-50.0,0.0,0.9546347547560298,50,0.053390052169561386,1.7199983596801758,1.0,0.0,1185,none,B1
sac_her,action_reversal,1,0.0,-50.0,0.0,0.9546347547560298,50,0.053390052169561386,1.7199983596801758,1.0,0.0,1186,none,B1
sac_her,action_reversal,1,0.0,-50.0,0.0,0.9546347547560298,50,0.053390052169561386,1.7199983596801758,1.0,0.0,1187,none,B1
sac_her,action_reversal,1,0.0,-50.0,0.0,0.9546347547560298,50,0.053390052169561386,1.7199983596801758,1.0,0.0,1188,none,B1
sac_her,action_reversal,1,0.0,-50.0,0.0,0.9546347547560298,50,0.053390052169561386,1.7199983596801758,1.0,0.0,1189,none,B1
sac_her,action_reversal,1,0.0,-50.0,0.0,0.9546347547560298,50,0.053390052169561386,1.7199983596801758,1.0,0.0,1190,none,B1
sac_her,action_reversal,1,0.0,-50.0,0.0,0.9546347547560298,50,0.053390052169561386,1.7199983596801758,1.0,0.0,1191,none,B1
sac_her,action_reversal,1,0.0,-50.0,0.0,0.9546347547560298,50,0.053390052169561386,1.7199983596801758,1.0,0.0,1192,none,B1
sac_her,action_reversal,1,0.0,-50.0,0.0,0.9546347547560298,50,0.053390052169561386,1.7199983596801758,1.0,0.0,1193,none,B1
sac_her,action_reversal,1,0.0,-50.0,0.0,0.9546347547560298,50,0.053390052169561386,1.7199983596801758,1.0,0.0,1194,none,B1
sac_her,action_reversal,1,0.0,-50.0,0.0,0.9546347547560298,50,0.053390052169561386,1.7199983596801758,1.0,0.0,1195,none,B1
sac_her,action_reversal,1,0.0,-50.0,0.0,0.9546347547560298,50,0.053390052169561386,1.7199983596801758,1.0,0.0,1196,none,B1
sac_her,action_reversal,1,0.0,-50.0,0.0,0.9546347547560298,50,0.053390052169561386,1.7199983596801758,1.0,0.0,1197,none,B1
sac_her,action_reversal,1,0.0,-50.0,0.0,0.9546347547560298,50,0.053390052169561386,1.7199983596801758,1.0,0.0,1198,none,B1
sac_her,action_reversal,1,0.0,-50.0,0.0,0.9546347547560298,50,0.053390052169561386,1.7199983596801758,1.0,0.0,1199,none,B1
sac_her_recovery_v2,action_reversal,1,0.0,-50.0,0.0,0.41819400889155683,50,0.9758529663085938,1.7094098329544067,1.0,1.0,1200,v2,B2
sac_her_recovery_v2,action_reversal,1,0.0,-50.0,0.0,0.41819400889155683,50,0.9758529663085938,1.7094098329544067,1.0,1.0,1201,v2,B2
sac_her_recovery_v2,action_reversal,1,0.0,-50.0,0.0,0.41819400889155683,50,0.9758529663085938,1.7094098329544067,1.0,1.0,1202,v2,B2
sac_her_recovery_v2,action_reversal,1,0.0,-50.0,0.0,0.41819400889155683,50,0.9758529663085938,1.7094098329544067,1.0,1.0,1203,v2,B2
sac_her_recovery_v2,action_reversal,1,0.0,-50.0,0.0,0.41819400889155683,50,0.9758529663085938,1.7094098329544067,1.0,1.0,1204,v2,B2
sac_her_recovery_v2,action_reversal,1,0.0,-50.0,0.0,0.41819400889155683,50,0.9758529663085938,1.7094098329544067,1.0,1.0,1205,v2,B2
sac_her_recovery_v2,action_reversal,1,0.0,-50.0,0.0,0.41819400889155683,50,0.9758529663085938,1.7094098329544067,1.0,1.0,1206,v2,B2
sac_her_recovery_v2,action_reversal,1,0.0,-50.0,0.0,0.41819400889155683,50,0.9758529663085938,1.7094098329544067,1.0,1.0,1207,v2,B2
sac_her_recovery_v2,action_reversal,1,0.0,-50.0,0.0,0.41819400889155683,50,0.9758529663085938,1.7094098329544067,1.0,1.0,1208,v2,B2
sac_her_recovery_v2,action_reversal,1,0.0,-50.0,0.0,0.41819400889155683,50,0.9758529663085938,1.7094098329544067,1.0,1.0,1209,v2,B2
sac_her_recovery_v2,action_reversal,1,0.0,-50.0,0.0,0.41819400889155683,50,0.9758529663085938,1.7094098329544067,1.0,1.0,1210,v2,B2
sac_her_recovery_v2,action_reversal,1,0.0,-50.0,0.0,0.41819400889155683,50,0.9758529663085938,1.7094098329544067,1.0,1.0,1211,v2,B2
sac_her_recovery_v2,action_reversal,1,0.0,-50.0,0.0,0.41819400889155683,50,0.9758529663085938,1.7094098329544067,1.0,1.0,1212,v2,B2
sac_her_recovery_v2,action_reversal,1,0.0,-50.0,0.0,0.41819400889155683,50,0.9758529663085938,1.7094098329544067,1.0,1.0,1213,v2,B2
sac_her_recovery_v2,action_reversal,1,0.0,-50.0,0.0,0.41819400889155683,50,0.9758529663085938,1.7094098329544067,1.0,1.0,1214,v2,B2
sac_her_recovery_v2,action_reversal,1,0.0,-50.0,0.0,0.41819400889155683,50,0.9758529663085938,1.7094098329544067,1.0,1.0,1215,v2,B2
sac_her_recovery_v2,action_reversal,1,0.0,-50.0,0.0,0.41819400889155683,50,0.9758529663085938,1.7094098329544067,1.0,1.0,1216,v2,B2
sac_her_recovery_v2,action_reversal,1,0.0,-50.0,0.0,0.41819400889155683,50,0.9758529663085938,1.7094098329544067,1.0,1.0,1217,v2,B2
sac_her_recovery_v2,action_reversal,1,0.0,-50.0,0.0,0.41819400889155683,50,0.9758529663085938,1.7094098329544067,1.0,1.0,1218,v2,B2
sac_her_recovery_v2,action_reversal,1,0.0,-50.0,0.0,0.41819400889155683,50,0.9758529663085938,1.7094098329544067,1.0,1.0,1219,v2,B2
sac_her_recovery_v2,action_reversal,1,0.0,-50.0,0.0,0.41819400889155683,50,0.9758529663085938,1.7094098329544067,1.0,1.0,1220,v2,B2
sac_her_recovery_v2,action_reversal,1,0.0,-50.0,0.0,0.41819400889155683,50,0.9758529663085938,1.7094098329544067,1.0,1.0,1221,v2,B2
sac_her_recovery_v2,action_reversal,1,0.0,-50.0,0.0,0.41819400889155683,50,0.9758529663085938,1.7094098329544067,1.0,1.0,1222,v2,B2
sac_her_recovery_v2,action_reversal,1,0.0,-50.0,0.0,0.41819400889155683,50,0.9758529663085938,1.7094098329544067,1.0,1.0,1223,v2,B2
sac_her_recovery_v2,action_reversal,1,0.0,-50.0,0.0,0.41819400889155683,50,0.9758529663085938,1.7094098329544067,1.0,1.0,1224,v2,B2
sac_her_recovery_v2,action_reversal,1,0.0,-50.0,0.0,0.41819400889155683,50,0.9758529663085938,1.7094098329544067,1.0,1.0,1225,v2,B2
sac_her_recovery_v2,action_reversal,1,0.0,-50.0,0.0,0.41819400889155683,50,0.9758529663085938,1.7094098329544067,1.0,1.0,1226,v2,B2
sac_her_recovery_v2,action_reversal,1,0.0,-50.0,0.0,0.41819400889155683,50,0.9758529663085938,1.7094098329544067,1.0,1.0,1227,v2,B2
sac_her_recovery_v2,action_reversal,1,0.0,-50.0,0.0,0.41819400889155683,50,0.9758529663085938,1.7094098329544067,1.0,1.0,1228,v2,B2
sac_her_recovery_v2,action_reversal,1,0.0,-50.0,0.0,0.41819400889155683,50,0.9758529663085938,1.7094098329544067,1.0,1.0,1229,v2,B2
sac_her_recovery_v3,action_reversal,1,0.0,-50.0,0.0,0.43377615108056794,50,0.8689749836921692,1.5772416591644287,1.0,1.0,1230,v3,B3
sac_her_recovery_v3,action_reversal,1,0.0,-50.0,0.0,0.43377615108056794,50,0.8689749836921692,1.5772416591644287,1.0,1.0,1231,v3,B3
sac_her_recovery_v3,action_reversal,1,0.0,-50.0,0.0,0.43377615108056794,50,0.8689749836921692,1.5772416591644287,1.0,1.0,1232,v3,B3
sac_her_recovery_v3,action_reversal,1,0.0,-50.0,0.0,0.43377615108056794,50,0.8689749836921692,1.5772416591644287,1.0,1.0,1233,v3,B3
sac_her_recovery_v3,action_reversal,1,0.0,-50.0,0.0,0.43377615108056794,50,0.8689749836921692,1.5772416591644287,1.0,1.0,1234,v3,B3
sac_her_recovery_v3,action_reversal,1,0.0,-50.0,0.0,0.43377615108056794,50,0.8689749836921692,1.5772416591644287,1.0,1.0,1235,v3,B3
sac_her_recovery_v3,action_reversal,1,0.0,-50.0,0.0,0.43377615108056794,50,0.8689749836921692,1.5772416591644287,1.0,1.0,1236,v3,B3
sac_her_recovery_v3,action_reversal,1,0.0,-50.0,0.0,0.43377615108056794,50,0.8689749836921692,1.5772416591644287,1.0,1.0,1237,v3,B3
sac_her_recovery_v3,action_reversal,1,0.0,-50.0,0.0,0.43377615108056794,50,0.8689749836921692,1.5772416591644287,1.0,1.0,1238,v3,B3
sac_her_recovery_v3,action_reversal,1,0.0,-50.0,0.0,0.43377615108056794,50,0.8689749836921692,1.5772416591644287,1.0,1.0,1239,v3,B3
sac_her_recovery_v3,action_reversal,1,0.0,-50.0,0.0,0.43377615108056794,50,0.8689749836921692,1.5772416591644287,1.0,1.0,1240,v3,B3
sac_her_recovery_v3,action_reversal,1,0.0,-50.0,0.0,0.43377615108056794,50,0.8689749836921692,1.5772416591644287,1.0,1.0,1241,v3,B3
sac_her_recovery_v3,action_reversal,1,0.0,-50.0,0.0,0.43377615108056794,50,0.8689749836921692,1.5772416591644287,1.0,1.0,1242,v3,B3
sac_her_recovery_v3,action_reversal,1,0.0,-50.0,0.0,0.43377615108056794,50,0.8689749836921692,1.5772416591644287,1.0,1.0,1243,v3,B3
sac_her_recovery_v3,action_reversal,1,0.0,-50.0,0.0,0.43377615108056794,50,0.8689749836921692,1.5772416591644287,1.0,1.0,1244,v3,B3
sac_her_recovery_v3,action_reversal,1,0.0,-50.0,0.0,0.43377615108056794,50,0.8689749836921692,1.5772416591644287,1.0,1.0,1245,v3,B3
sac_her_recovery_v3,action_reversal,1,0.0,-50.0,0.0,0.43377615108056794,50,0.8689749836921692,1.5772416591644287,1.0,1.0,1246,v3,B3
sac_her_recovery_v3,action_reversal,1,0.0,-50.0,0.0,0.43377615108056794,50,0.8689749836921692,1.5772416591644287,1.0,1.0,1247,v3,B3
sac_her_recovery_v3,action_reversal,1,0.0,-50.0,0.0,0.43377615108056794,50,0.8689749836921692,1.5772416591644287,1.0,1.0,1248,v3,B3
sac_her_recovery_v3,action_reversal,1,0.0,-50.0,0.0,0.43377615108056794,50,0.8689749836921692,1.5772416591644287,1.0,1.0,1249,v3,B3
sac_her_recovery_v3,action_reversal,1,0.0,-50.0,0.0,0.43377615108056794,50,0.8689749836921692,1.5772416591644287,1.0,1.0,1250,v3,B3
sac_her_recovery_v3,action_reversal,1,0.0,-50.0,0.0,0.43377615108056794,50,0.8689749836921692,1.5772416591644287,1.0,1.0,1251,v3,B3
sac_her_recovery_v3,action_reversal,1,0.0,-50.0,0.0,0.43377615108056794,50,0.8689749836921692,1.5772416591644287,1.0,1.0,1252,v3,B3
sac_her_recovery_v3,action_reversal,1,0.0,-50.0,0.0,0.43377615108056794,50,0.8689749836921692,1.5772416591644287,1.0,1.0,1253,v3,B3
sac_her_recovery_v3,action_reversal,1,0.0,-50.0,0.0,0.43377615108056794,50,0.8689749836921692,1.5772416591644287,1.0,1.0,1254,v3,B3
sac_her_recovery_v3,action_reversal,1,0.0,-50.0,0.0,0.43377615108056794,50,0.8689749836921692,1.5772416591644287,1.0,1.0,1255,v3,B3
sac_her_recovery_v3,action_reversal,1,0.0,-50.0,0.0,0.43377615108056794,50,0.8689749836921692,1.5772416591644287,1.0,1.0,1256,v3,B3
sac_her_recovery_v3,action_reversal,1,0.0,-50.0,0.0,0.43377615108056794,50,0.8689749836921692,1.5772416591644287,1.0,1.0,1257,v3,B3
sac_her_recovery_v3,action_reversal,1,0.0,-50.0,0.0,0.43377615108056794,50,0.8689749836921692,1.5772416591644287,1.0,1.0,1258,v3,B3
sac_her_recovery_v3,action_reversal,1,0.0,-50.0,0.0,0.43377615108056794,50,0.8689749836921692,1.5772416591644287,1.0,1.0,1259,v3,B3
sac_her,goal_spoof_immediate,1,0.1,-50.0,0.0,0.06372313908225409,50,0.04744110256433487,1.014018177986145,1.0,0.0,1260,none,B1
sac_her,goal_spoof_immediate,1,0.1,-50.0,0.0,0.0613467137054773,50,0.04269968345761299,0.1552492082118988,1.0,0.0,1261,none,B1
sac_her,goal_spoof_immediate,1,0.1,-50.0,0.0,0.07195933584319594,50,0.04663599655032158,0.2628004550933838,1.0,0.0,1262,none,B1
sac_her,goal_spoof_immediate,1,0.1,-50.0,0.0,0.1072672625613624,50,0.04427918791770935,0.15511365234851837,1.0,0.0,1263,none,B1
sac_her,goal_spoof_immediate,1,0.1,-50.0,0.0,0.08858234928877105,50,0.04049765691161156,0.1143852025270462,1.0,0.0,1264,none,B1
sac_her,goal_spoof_immediate,1,0.1,-50.0,0.0,0.10272735127958238,50,0.05288069695234299,1.1512428522109985,1.0,0.0,1265,none,B1
sac_her,goal_spoof_immediate,1,0.1,-50.0,0.0,0.08353863062437508,50,0.0468977726995945,0.1029893234372139,1.0,0.0,1266,none,B1
sac_her,goal_spoof_immediate,1,0.1,-50.0,0.0,0.11685754355669076,50,0.026834186166524887,0.04132228344678879,0.0,0.0,1267,none,B1
sac_her,goal_spoof_immediate,1,0.1,-50.0,0.0,0.10544234276078904,50,0.038446128368377686,0.12635546922683716,1.0,0.0,1268,none,B1
sac_her,goal_spoof_immediate,1,0.1,-47.0,1.0,0.10776761505338632,50,0.06929999589920044,0.6979271173477173,1.0,0.0,1269,none,B1
sac_her,goal_spoof_immediate,1,0.1,-50.0,0.0,0.07348446226518875,50,0.04227658361196518,0.8939881324768066,1.0,0.0,1270,none,B1
sac_her,goal_spoof_immediate,1,0.1,-48.0,1.0,0.10293562924782527,50,0.07418932020664215,0.385043740272522,1.0,0.0,1271,none,B1
sac_her,goal_spoof_immediate,1,0.1,-50.0,0.0,0.08256215910586402,50,0.04876463860273361,0.41940823197364807,1.0,0.0,1272,none,B1
sac_her,goal_spoof_immediate,1,0.1,-50.0,0.0,0.08872548199442783,50,0.03441246598958969,1.0800443887710571,1.0,0.0,1273,none,B1
sac_her,goal_spoof_immediate,1,0.1,-50.0,0.0,0.10560563895217007,50,0.03137682005763054,0.07041268795728683,0.0,0.0,1274,none,B1
sac_her,goal_spoof_immediate,1,0.1,-50.0,0.0,0.11074455366510441,50,0.05283403396606445,1.1493889093399048,1.0,0.0,1275,none,B1
sac_her,goal_spoof_immediate,1,0.1,-50.0,0.0,0.09215406470370768,50,0.05116448178887367,1.0682706832885742,1.0,0.0,1276,none,B1
sac_her,goal_spoof_immediate,1,0.1,-50.0,0.0,0.10578101261695919,50,0.061166197061538696,0.9361518025398254,1.0,0.0,1277,none,B1
sac_her,goal_spoof_immediate,1,0.1,-45.0,1.0,0.06424697414072202,50,0.04760196805000305,1.0321438312530518,1.0,0.0,1278,none,B1
sac_her,goal_spoof_immediate,1,0.1,-50.0,0.0,0.11346482968094185,50,0.04273025318980217,0.7479143738746643,1.0,0.0,1279,none,B1
sac_her,goal_spoof_immediate,1,0.1,-3.0,1.0,0.044558946199990006,50,0.0488160140812397,0.3369588851928711,1.0,0.0,1280,none,B1
sac_her,goal_spoof_immediate,1,0.1,-50.0,0.0,0.11610078596056983,50,0.034181199967861176,1.0836845636367798,1.0,0.0,1281,none,B1
sac_her,goal_spoof_immediate,1,0.1,-6.0,1.0,0.046048081764650195,50,0.029896030202507973,0.9725176095962524,0.0,0.0,1282,none,B1
sac_her,goal_spoof_immediate,1,0.1,-50.0,0.0,0.115483428812318,50,0.04853750765323639,0.15734829008579254,1.0,0.0,1283,none,B1
sac_her,goal_spoof_immediate,1,0.1,-50.0,0.0,0.09349962790973683,50,0.038275301456451416,0.6135834455490112,1.0,0.0,1284,none,B1
sac_her,goal_spoof_immediate,1,0.1,-7.0,1.0,0.04944316000590611,50,0.05407263711094856,0.1957930624485016,1.0,0.0,1285,none,B1
sac_her,goal_spoof_immediate,1,0.1,-3.0,1.0,0.03479952530708836,50,0.04736676439642906,0.1723816692829132,1.0,0.0,1286,none,B1
sac_her,goal_spoof_immediate,1,0.1,-50.0,0.0,0.10876445693674844,50,0.06545733660459518,0.18541014194488525,1.0,0.0,1287,none,B1
sac_her,goal_spoof_immediate,1,0.1,-47.0,1.0,0.061577464802581326,50,0.061546988785266876,0.6640468835830688,1.0,0.0,1288,none,B1
sac_her,goal_spoof_immediate,1,0.1,-50.0,0.0,0.05331030735511229,50,0.04578565061092377,0.6870014071464539,1.0,0.0,1289,none,B1
sac_her_recovery_v2,goal_spoof_immediate,1,0.1,-2.0,1.0,0.025499501570567955,50,0.033048149198293686,0.9268611073493958,1.0,0.0,1290,v2,B2
sac_her_recovery_v2,goal_spoof_immediate,1,0.1,-50.0,0.0,0.11460650856006425,50,0.045530322939157486,0.42059576511383057,1.0,0.0,1291,v2,B2
sac_her_recovery_v2,goal_spoof_immediate,1,0.1,-50.0,0.0,0.07945547617841074,50,0.043560247868299484,0.849148690700531,1.0,0.0,1292,v2,B2
sac_her_recovery_v2,goal_spoof_immediate,1,0.1,-50.0,0.0,0.08134454219492651,50,0.03984970971941948,0.8310288786888123,1.0,0.0,1293,v2,B2
sac_her_recovery_v2,goal_spoof_immediate,1,0.1,-50.0,0.0,0.12047080450181925,50,0.07076647877693176,0.25995656847953796,1.0,0.0,1294,v2,B2
sac_her_recovery_v2,goal_spoof_immediate,1,0.1,-50.0,0.0,0.06914964236231487,50,0.036320023238658905,0.9641009569168091,1.0,0.0,1295,v2,B2
sac_her_recovery_v2,goal_spoof_immediate,1,0.1,-44.0,1.0,0.06049959308140276,50,0.050174251198768616,1.0584499835968018,1.0,0.0,1296,v2,B2
sac_her_recovery_v2,goal_spoof_immediate,1,0.1,-50.0,0.0,0.10008223004462825,50,0.03947329521179199,0.8970059156417847,1.0,0.0,1297,v2,B2
sac_her_recovery_v2,goal_spoof_immediate,1,0.1,-50.0,0.0,0.08283679514319117,50,0.042781054973602295,0.386882483959198,1.0,0.0,1298,v2,B2
sac_her_recovery_v2,goal_spoof_immediate,1,0.1,-49.0,1.0,0.0731816637134991,50,0.05753105506300926,0.8014929890632629,1.0,0.0,1299,v2,B2
sac_her_recovery_v2,goal_spoof_immediate,1,0.1,-50.0,0.0,0.08597083815761497,50,0.055251698940992355,0.2007759064435959,1.0,0.0,1300,v2,B2
sac_her_recovery_v2,goal_spoof_immediate,1,0.1,-50.0,0.0,0.07969030634378069,50,0.04744160547852516,1.0836427211761475,1.0,0.0,1301,v2,B2
sac_her_recovery_v2,goal_spoof_immediate,1,0.1,-50.0,0.0,0.0915727206736156,50,0.03890340030193329,1.0221366882324219,1.0,0.0,1302,v2,B2
sac_her_recovery_v2,goal_spoof_immediate,1,0.1,-48.0,1.0,0.07257956074887008,50,0.06900690495967865,0.33735960721969604,1.0,0.0,1303,v2,B2
sac_her_recovery_v2,goal_spoof_immediate,1,0.1,-50.0,0.0,0.08219219619057337,50,0.05881296470761299,0.23360511660575867,1.0,0.0,1304,v2,B2
sac_her_recovery_v2,goal_spoof_immediate,1,0.1,-50.0,0.0,0.12446200582428511,50,0.09015215933322906,0.25744467973709106,0.0,1.0,1305,v2,B2
sac_her_recovery_v2,goal_spoof_immediate,1,0.1,-50.0,0.0,0.08448852346110629,50,0.056291304528713226,0.5217737555503845,1.0,0.0,1306,v2,B2
sac_her_recovery_v2,goal_spoof_immediate,1,0.1,-50.0,0.0,0.09033737087194946,50,0.036213863641023636,0.09224151819944382,1.0,0.0,1307,v2,B2
sac_her_recovery_v2,goal_spoof_immediate,1,0.1,-50.0,0.0,0.09759746843171263,50,0.040397536009550095,0.11516036093235016,1.0,0.0,1308,v2,B2
sac_her_recovery_v2,goal_spoof_immediate,1,0.1,-3.0,1.0,0.028769817551604873,50,0.049654871225357056,0.5470144152641296,1.0,0.0,1309,v2,B2
sac_her_recovery_v2,goal_spoof_immediate,1,0.1,-50.0,0.0,0.08584203434516527,50,0.04801052063703537,0.14126142859458923,1.0,0.0,1310,v2,B2
sac_her_recovery_v2,goal_spoof_immediate,1,0.1,-50.0,0.0,0.09468413704701718,50,0.03616894781589508,0.9382098317146301,1.0,0.0,1311,v2,B2
sac_her_recovery_v2,goal_spoof_immediate,1,0.1,-50.0,0.0,0.05024308316998428,50,0.04587807133793831,0.16025881469249725,1.0,0.0,1312,v2,B2
sac_her_recovery_v2,goal_spoof_immediate,1,0.1,-47.0,1.0,0.1130100690989192,50,0.07489384710788727,0.8838580250740051,1.0,0.0,1313,v2,B2
sac_her_recovery_v2,goal_spoof_immediate,1,0.1,-50.0,0.0,0.08906803505183061,50,0.05747397243976593,0.888072669506073,1.0,0.0,1314,v2,B2
sac_her_recovery_v2,goal_spoof_immediate,1,0.1,-50.0,0.0,0.13148408741066095,50,0.05616554990410805,1.0065150260925293,1.0,0.0,1315,v2,B2
sac_her_recovery_v2,goal_spoof_immediate,1,0.1,-7.0,1.0,0.048911275285143836,50,0.04163550212979317,0.16095374524593353,1.0,0.0,1316,v2,B2
sac_her_recovery_v2,goal_spoof_immediate,1,0.1,-50.0,0.0,0.057779702538632696,50,0.05963940545916557,0.27001476287841797,1.0,0.0,1317,v2,B2
sac_her_recovery_v2,goal_spoof_immediate,1,0.1,-50.0,0.0,0.06793137367341116,50,0.04170088842511177,0.9015233516693115,1.0,0.0,1318,v2,B2
sac_her_recovery_v2,goal_spoof_immediate,1,0.1,-50.0,0.0,0.05542844298134282,50,0.037956949323415756,0.9364041090011597,1.0,0.0,1319,v2,B2
sac_her_recovery_v3,goal_spoof_immediate,1,0.1,-50.0,0.0,0.07707299073359036,50,0.059047698974609375,0.20490524172782898,1.0,0.0,1320,v3,B3
sac_her_recovery_v3,goal_spoof_immediate,1,0.1,-50.0,0.0,0.06351044714307465,50,0.052610792219638824,0.32415175437927246,1.0,0.0,1321,v3,B3
sac_her_recovery_v3,goal_spoof_immediate,1,0.1,-50.0,0.0,0.052869032340017205,50,0.050928495824337006,0.1728615164756775,1.0,0.0,1322,v3,B3
sac_her_recovery_v3,goal_spoof_immediate,1,0.1,-5.0,1.0,0.04873231303384575,50,0.047174759209156036,0.6299538612365723,1.0,0.0,1323,v3,B3
sac_her_recovery_v3,goal_spoof_immediate,1,0.1,-50.0,0.0,0.12006997952256775,50,0.032926853746175766,0.05478507652878761,1.0,0.0,1324,v3,B3
sac_her_recovery_v3,goal_spoof_immediate,1,0.1,-50.0,0.0,0.12408462931011478,50,0.10231389850378036,0.14342333376407623,1.0,1.0,1325,v3,B3
sac_her_recovery_v3,goal_spoof_immediate,1,0.1,-50.0,0.0,0.11932934534617666,50,0.05044975131750107,0.1632978320121765,1.0,0.0,1326,v3,B3
sac_her_recovery_v3,goal_spoof_immediate,1,0.1,-3.0,1.0,0.037373196129451065,50,0.06245385482907295,0.2091037631034851,1.0,0.0,1327,v3,B3
sac_her_recovery_v3,goal_spoof_immediate,1,0.1,-50.0,0.0,0.15797005973397632,50,0.577799916267395,0.7250169515609741,1.0,1.0,1328,v3,B3
sac_her_recovery_v3,goal_spoof_immediate,1,0.1,-48.0,1.0,0.13022949061492395,50,0.06179571524262428,0.9982801079750061,1.0,0.0,1329,v3,B3
sac_her_recovery_v3,goal_spoof_immediate,1,0.1,-3.0,1.0,0.042819787667419715,50,0.04257640615105629,0.8070921301841736,1.0,0.0,1330,v3,B3
sac_her_recovery_v3,goal_spoof_immediate,1,0.1,-48.0,1.0,0.054595853904207764,50,0.05542510747909546,0.22197745740413666,1.0,0.0,1331,v3,B3
sac_her_recovery_v3,goal_spoof_immediate,1,0.1,-50.0,0.0,0.06502315350841822,50,0.047735437750816345,0.3849502205848694,1.0,0.0,1332,v3,B3
sac_her_recovery_v3,goal_spoof_immediate,1,0.1,-50.0,0.0,0.09091185332015547,50,0.06637951731681824,0.24917344748973846,1.0,0.0,1333,v3,B3
sac_her_recovery_v3,goal_spoof_immediate,1,0.1,-50.0,0.0,0.12706640797199703,50,0.07449229061603546,0.4213351309299469,1.0,0.0,1334,v3,B3
sac_her_recovery_v3,goal_spoof_immediate,1,0.1,-48.0,1.0,0.09396909900708995,50,0.07511013746261597,0.2919543981552124,1.0,0.0,1335,v3,B3
sac_her_recovery_v3,goal_spoof_immediate,1,0.1,-50.0,0.0,0.09962443753434955,50,0.6118341684341431,0.8040624856948853,1.0,1.0,1336,v3,B3
sac_her_recovery_v3,goal_spoof_immediate,1,0.1,-50.0,0.0,0.10426405415491687,50,0.04460104554891586,0.568284809589386,1.0,0.0,1337,v3,B3
sac_her_recovery_v3,goal_spoof_immediate,1,0.1,-50.0,0.0,0.09388519018553923,50,0.0517541728913784,0.18971461057662964,1.0,0.0,1338,v3,B3
sac_her_recovery_v3,goal_spoof_immediate,1,0.1,-50.0,0.0,0.080052155866703,50,0.05575127527117729,0.9279389977455139,1.0,0.0,1339,v3,B3
sac_her_recovery_v3,goal_spoof_immediate,1,0.1,-50.0,0.0,0.10549877828867839,50,0.05410461500287056,0.1657390594482422,1.0,0.0,1340,v3,B3
sac_her_recovery_v3,goal_spoof_immediate,1,0.1,-2.0,1.0,0.04190373785790942,50,0.044260069727897644,0.9677736163139343,1.0,0.0,1341,v3,B3
sac_her_recovery_v3,goal_spoof_immediate,1,0.1,-50.0,0.0,0.10789445400426345,50,0.07684855908155441,0.31607797741889954,1.0,0.0,1342,v3,B3
sac_her_recovery_v3,goal_spoof_immediate,1,0.1,-50.0,0.0,0.0885176115307529,50,0.03136324882507324,0.10113099217414856,0.0,0.0,1343,v3,B3
sac_her_recovery_v3,goal_spoof_immediate,1,0.1,-50.0,0.0,0.11557315176142802,50,0.06742994487285614,0.2148679494857788,1.0,0.0,1344,v3,B3
sac_her_recovery_v3,goal_spoof_immediate,1,0.1,-50.0,0.0,0.05090560358576169,50,0.029717562720179558,1.0067598819732666,0.0,0.0,1345,v3,B3
sac_her_recovery_v3,goal_spoof_immediate,1,0.1,-50.0,0.0,0.08202277018550631,50,0.03413678705692291,1.001856803894043,1.0,0.0,1346,v3,B3
sac_her_recovery_v3,goal_spoof_immediate,1,0.1,-50.0,0.0,0.11300270930072367,50,0.026388002559542656,0.05594611167907715,0.0,0.0,1347,v3,B3
sac_her_recovery_v3,goal_spoof_immediate,1,0.1,-50.0,0.0,0.06973170777917824,50,0.04233147203922272,0.7433483004570007,1.0,0.0,1348,v3,B3
sac_her_recovery_v3,goal_spoof_immediate,1,0.1,-50.0,0.0,0.0663267262755318,50,0.05349602550268173,0.18814869225025177,1.0,0.0,1349,v3,B3
sac_her,goal_spoof_midep,1,0.1,-29.0,1.0,0.06237872694687339,50,0.11480844020843506,0.3016241192817688,1.0,0.0,1350,none,B1
sac_her,goal_spoof_midep,1,0.1,-29.0,1.0,0.07320583087067226,50,0.1016484797000885,0.8428516387939453,1.0,0.0,1351,none,B1
sac_her,goal_spoof_midep,1,0.1,-2.0,1.0,0.03702473166352805,50,0.08929821848869324,0.7512580752372742,1.0,0.0,1352,none,B1
sac_her,goal_spoof_midep,1,0.1,-2.0,1.0,0.030907831579928016,50,0.07241570204496384,0.6508317589759827,1.0,0.0,1353,none,B1
sac_her,goal_spoof_midep,1,0.1,-31.0,1.0,0.10748026928458389,50,0.1342117190361023,0.28958550095558167,1.0,0.0,1354,none,B1
sac_her,goal_spoof_midep,1,0.1,-30.0,1.0,0.09213193277338574,50,0.10462262481451035,0.7053144574165344,1.0,0.0,1355,none,B1
sac_her,goal_spoof_midep,1,0.1,-32.0,1.0,0.13543123295699902,50,0.1481296271085739,0.5480185151100159,1.0,0.0,1356,none,B1
sac_her,goal_spoof_midep,1,0.1,-30.0,1.0,0.05494243462651147,50,0.10207075625658035,0.8141850233078003,1.0,0.0,1357,none,B1
sac_her,goal_spoof_midep,1,0.1,-31.0,1.0,0.07674533780364269,50,0.11102120578289032,0.266019731760025,1.0,0.0,1358,none,B1
sac_her,goal_spoof_midep,1,0.1,-32.0,1.0,0.11532668411943883,50,0.12999296188354492,0.3606225550174713,1.0,0.0,1359,none,B1
sac_her,goal_spoof_midep,1,0.1,-2.0,1.0,0.049162626018563575,50,0.11073026061058044,0.6583766341209412,1.0,0.0,1360,none,B1
sac_her,goal_spoof_midep,1,0.1,-24.0,1.0,0.061823968023964546,50,0.11775295436382294,0.8303754925727844,1.0,0.0,1361,none,B1
sac_her,goal_spoof_midep,1,0.1,-32.0,1.0,0.09603924250198866,50,0.12285064160823822,0.2728988528251648,1.0,0.0,1362,none,B1
sac_her,goal_spoof_midep,1,0.1,-32.0,1.0,0.12134495232240075,50,0.1345888078212738,0.8540193438529968,1.0,0.0,1363,none,B1
sac_her,goal_spoof_midep,1,0.1,-30.0,1.0,0.07017665927276026,50,0.1195349469780922,0.30859121680259705,1.0,0.0,1364,none,B1
sac_her,goal_spoof_midep,1,0.1,-31.0,1.0,0.1502084938142815,50,0.12399132549762726,0.7996224761009216,1.0,0.0,1365,none,B1
sac_her,goal_spoof_midep,1,0.1,-2.0,1.0,0.04710304543515364,50,0.08665716648101807,0.717043399810791,1.0,0.0,1366,none,B1
sac_her,goal_spoof_midep,1,0.1,-31.0,1.0,0.09754967650617324,50,0.13036954402923584,0.2982436716556549,1.0,0.0,1367,none,B1
sac_her,goal_spoof_midep,1,0.1,-31.0,1.0,0.10349553666750307,50,0.13440023362636566,0.32036563754081726,1.0,0.0,1368,none,B1
sac_her,goal_spoof_midep,1,0.1,-31.0,1.0,0.104429585966956,50,0.1302710920572281,0.8710037469863892,1.0,0.0,1369,none,B1
sac_her,goal_spoof_midep,1,0.1,-31.0,1.0,0.07596213933047113,50,0.11466120928525925,0.30616211891174316,1.0,0.0,1370,none,B1
sac_her,goal_spoof_midep,1,0.1,-2.0,1.0,0.04796955942967524,50,0.0704381987452507,0.42981594800949097,1.0,0.0,1371,none,B1
sac_her,goal_spoof_midep,1,0.1,-31.0,1.0,0.07371186327689849,50,0.11379927396774292,0.8317787647247314,1.0,0.0,1372,none,B1
sac_her,goal_spoof_midep,1,0.1,-2.0,1.0,0.03732095280260813,50,0.09523725509643555,0.2664760649204254,1.0,0.0,1373,none,B1
sac_her,goal_spoof_midep,1,0.1,-32.0,1.0,0.10521993798221496,50,0.1365237683057785,0.3825894594192505,1.0,0.0,1374,none,B1
sac_her,goal_spoof_midep,1,0.1,-31.0,1.0,0.0706092795406627,50,0.10779780149459839,0.7123166918754578,1.0,0.0,1375,none,B1
sac_her,goal_spoof_midep,1,0.1,-31.0,1.0,0.08739445361056045,50,0.1295091211795807,0.2729951739311218,1.0,0.0,1376,none,B1
sac_her,goal_spoof_midep,1,0.1,-31.0,1.0,0.08693530826410856,50,0.104680635035038,0.6573605537414551,1.0,0.0,1377,none,B1
sac_her,goal_spoof_midep,1,0.1,-30.0,1.0,0.0853095303755082,50,0.12796126306056976,0.5963752865791321,1.0,0.0,1378,none,B1
sac_her,goal_spoof_midep,1,0.1,-2.0,1.0,0.047422746435695134,50,0.09394858777523041,0.6995892524719238,1.0,0.0,1379,none,B1
sac_her_recovery_v2,goal_spoof_midep,1,0.1,-32.0,1.0,0.08289297101144505,50,0.1198715791106224,0.27527916431427,1.0,0.0,1380,v2,B2
sac_her_recovery_v2,goal_spoof_midep,1,0.1,-32.0,1.0,0.0971047317387973,50,0.1216101124882698,0.29762157797813416,1.0,0.0,1381,v2,B2
sac_her_recovery_v2,goal_spoof_midep,1,0.1,-31.0,1.0,0.07670339236630731,50,0.11437511444091797,0.3071884214878082,1.0,0.0,1382,v2,B2
sac_her_recovery_v2,goal_spoof_midep,1,0.1,-30.0,1.0,0.12545056476472113,50,0.12632718682289124,0.8825890421867371,1.0,0.0,1383,v2,B2
sac_her_recovery_v2,goal_spoof_midep,1,0.1,-30.0,1.0,0.061706501021624595,50,0.11750465631484985,0.28637993335723877,1.0,0.0,1384,v2,B2
sac_her_recovery_v2,goal_spoof_midep,1,0.1,-31.0,1.0,0.10801887884318148,50,0.13171115517616272,0.3020012378692627,1.0,0.0,1385,v2,B2
sac_her_recovery_v2,goal_spoof_midep,1,0.1,-31.0,1.0,0.1079072527980537,50,0.11746594309806824,0.8382686376571655,1.0,0.0,1386,v2,B2
sac_her_recovery_v2,goal_spoof_midep,1,0.1,-2.0,1.0,0.04023053978681111,50,0.10146007686853409,0.35110482573509216,1.0,0.0,1387,v2,B2
sac_her_recovery_v2,goal_spoof_midep,1,0.1,-29.0,1.0,0.08964588735365213,50,0.1256045550107956,0.6127704381942749,1.0,0.0,1388,v2,B2
sac_her_recovery_v2,goal_spoof_midep,1,0.1,-32.0,1.0,0.14402958516208572,50,0.13828814029693604,0.29473042488098145,1.0,0.0,1389,v2,B2
sac_her_recovery_v2,goal_spoof_midep,1,0.1,-32.0,1.0,0.11124004915909488,50,0.13141721487045288,0.8040664196014404,1.0,0.0,1390,v2,B2
sac_her_recovery_v2,goal_spoof_midep,1,0.1,-29.0,1.0,0.09604417828524849,50,0.1180746778845787,0.8123741149902344,1.0,0.0,1391,v2,B2
sac_her_recovery_v2,goal_spoof_midep,1,0.1,-31.0,1.0,0.07721979848859964,50,0.11428044736385345,0.28296294808387756,1.0,0.0,1392,v2,B2
sac_her_recovery_v2,goal_spoof_midep,1,0.1,-31.0,1.0,0.1316522855285531,50,0.1292499601840973,0.7986097931861877,1.0,0.0,1393,v2,B2
sac_her_recovery_v2,goal_spoof_midep,1,0.1,-2.0,1.0,0.033846165039205955,50,0.08732497692108154,0.7717233300209045,1.0,0.0,1394,v2,B2
sac_her_recovery_v2,goal_spoof_midep,1,0.1,-31.0,1.0,0.10358096724277455,50,0.11701129376888275,0.8076842427253723,1.0,0.0,1395,v2,B2
sac_her_recovery_v2,goal_spoof_midep,1,0.1,-30.0,1.0,0.10186743959469279,50,0.10475648939609528,0.7994637489318848,1.0,0.0,1396,v2,B2
sac_her_recovery_v2,goal_spoof_midep,1,0.1,-31.0,1.0,0.09457062544087518,50,0.13279971480369568,0.30451294779777527,1.0,0.0,1397,v2,B2
sac_her_recovery_v2,goal_spoof_midep,1,0.1,-31.0,1.0,0.10006744798013788,50,0.13446107506752014,0.3123166561126709,1.0,0.0,1398,v2,B2
sac_her_recovery_v2,goal_spoof_midep,1,0.1,-27.0,1.0,0.053488992920753896,50,0.10572616755962372,0.26362836360931396,1.0,0.0,1399,v2,B2
sac_her_recovery_v2,goal_spoof_midep,1,0.1,-31.0,1.0,0.11637990385925674,50,0.13542088866233826,0.31351909041404724,1.0,0.0,1400,v2,B2
sac_her_recovery_v2,goal_spoof_midep,1,0.1,-31.0,1.0,0.1321252263418209,50,0.12390758842229843,0.7884448766708374,1.0,0.0,1401,v2,B2
sac_her_recovery_v2,goal_spoof_midep,1,0.1,-32.0,1.0,0.10691386368143276,50,0.13333484530448914,0.4849386513233185,1.0,0.0,1402,v2,B2
sac_her_recovery_v2,goal_spoof_midep,1,0.1,-31.0,1.0,0.12043373986322678,50,0.1373685747385025,0.3140180706977844,1.0,0.0,1403,v2,B2
sac_her_recovery_v2,goal_spoof_midep,1,0.1,-32.0,1.0,0.13997790405937258,50,0.13025037944316864,0.2917521595954895,1.0,0.0,1404,v2,B2
sac_her_recovery_v2,goal_spoof_midep,1,0.1,-32.0,1.0,0.10596383603065332,50,0.13235777616500854,0.28804251551628113,1.0,0.0,1405,v2,B2
sac_her_recovery_v2,goal_spoof_midep,1,0.1,-31.0,1.0,0.11336577903109885,50,0.13560479879379272,0.32888394594192505,1.0,0.0,1406,v2,B2
sac_her_recovery_v2,goal_spoof_midep,1,0.1,-32.0,1.0,0.07615117754747933,50,0.11082302778959274,0.27628979086875916,1.0,0.0,1407,v2,B2
sac_her_recovery_v2,goal_spoof_midep,1,0.1,-2.0,1.0,0.013304557444425167,50,0.09348858892917633,0.716758668422699,1.0,0.0,1408,v2,B2
sac_her_recovery_v2,goal_spoof_midep,1,0.1,-29.0,1.0,0.059913762350378846,50,0.08999855816364288,0.5132389068603516,1.0,0.0,1409,v2,B2
sac_her_recovery_v3,goal_spoof_midep,1,0.1,-31.0,1.0,0.07423835172250963,50,0.11376649141311646,0.27481308579444885,1.0,0.0,1410,v3,B3
sac_her_recovery_v3,goal_spoof_midep,1,0.1,-31.0,1.0,0.07872295740210573,50,0.11242091655731201,0.8262557983398438,1.0,0.0,1411,v3,B3
sac_her_recovery_v3,goal_spoof_midep,1,0.1,-2.0,1.0,0.03350527753134261,50,0.11523650586605072,0.792937695980072,1.0,0.0,1412,v3,B3
sac_her_recovery_v3,goal_spoof_midep,1,0.1,-31.0,1.0,0.1358511369524073,50,0.13921068608760834,0.3204525411128998,1.0,0.0,1413,v3,B3
sac_her_recovery_v3,goal_spoof_midep,1,0.1,-31.0,1.0,0.10054664726112156,50,0.12038733810186386,0.6350389719009399,1.0,0.0,1414,v3,B3
sac_her_recovery_v3,goal_spoof_midep,1,0.1,-31.0,1.0,0.10594712538755088,50,0.12613387405872345,0.28961247205734253,1.0,0.0,1415,v3,B3
sac_her_recovery_v3,goal_spoof_midep,1,0.1,-32.0,1.0,0.08964215761114856,50,0.12468154728412628,0.2775510549545288,1.0,0.0,1416,v3,B3
sac_her_recovery_v3,goal_spoof_midep,1,0.1,-29.0,1.0,0.10931734168637268,50,0.11331120133399963,0.7969280481338501,1.0,0.0,1417,v3,B3
sac_her_recovery_v3,goal_spoof_midep,1,0.1,-29.0,1.0,0.05577079247438289,50,0.1230948194861412,0.2845453917980194,1.0,0.0,1418,v3,B3
sac_her_recovery_v3,goal_spoof_midep,1,0.1,-29.0,1.0,0.08159492871942768,50,0.12944607436656952,0.8400556445121765,1.0,0.0,1419,v3,B3
sac_her_recovery_v3,goal_spoof_midep,1,0.1,-31.0,1.0,0.08799592662839406,50,0.1305832713842392,0.2783510684967041,1.0,0.0,1420,v3,B3
sac_her_recovery_v3,goal_spoof_midep,1,0.1,-2.0,1.0,0.04409375514124212,50,0.08809395879507065,0.2601553797721863,1.0,0.0,1421,v3,B3
sac_her_recovery_v3,goal_spoof_midep,1,0.1,-32.0,1.0,0.09637042426644035,50,0.13231436908245087,0.29534032940864563,1.0,0.0,1422,v3,B3
sac_her_recovery_v3,goal_spoof_midep,1,0.1,-32.0,1.0,0.13099204306344822,50,0.210885688662529,0.7390194535255432,1.0,1.0,1423,v3,B3
sac_her_recovery_v3,goal_spoof_midep,1,0.1,-29.0,1.0,0.088828114801061,50,0.128004789352417,0.861428439617157,1.0,0.0,1424,v3,B3
sac_her_recovery_v3,goal_spoof_midep,1,0.1,-32.0,1.0,0.12967364971983858,50,0.14595821499824524,0.49962207674980164,1.0,0.0,1425,v3,B3
sac_her_recovery_v3,goal_spoof_midep,1,0.1,-30.0,1.0,0.0821510970487579,50,0.11604613810777664,0.6298044919967651,1.0,0.0,1426,v3,B3
sac_her_recovery_v3,goal_spoof_midep,1,0.1,-32.0,1.0,0.13106004858767198,50,0.12404690682888031,0.29411664605140686,1.0,0.0,1427,v3,B3
sac_her_recovery_v3,goal_spoof_midep,1,0.1,-31.0,1.0,0.10509574093502161,50,0.13096511363983154,0.3020716905593872,1.0,0.0,1428,v3,B3
sac_her_recovery_v3,goal_spoof_midep,1,0.1,-31.0,1.0,0.07959345070094634,50,0.12601003050804138,0.296684205532074,1.0,0.0,1429,v3,B3
sac_her_recovery_v3,goal_spoof_midep,1,0.1,-31.0,1.0,0.10096251441264609,50,0.13214197754859924,0.29277509450912476,1.0,0.0,1430,v3,B3
sac_her_recovery_v3,goal_spoof_midep,1,0.1,-31.0,1.0,0.10053136123317265,50,0.13171541690826416,0.3015787601470947,1.0,0.0,1431,v3,B3
sac_her_recovery_v3,goal_spoof_midep,1,0.1,-26.0,1.0,0.056405331547027544,50,0.11892381310462952,0.6036309599876404,1.0,0.0,1432,v3,B3
sac_her_recovery_v3,goal_spoof_midep,1,0.1,-30.0,1.0,0.10161127362048046,50,0.12048865109682083,0.7616438865661621,1.0,0.0,1433,v3,B3
sac_her_recovery_v3,goal_spoof_midep,1,0.1,-31.0,1.0,0.09242239816945202,50,0.12010029703378677,0.4437761604785919,1.0,0.0,1434,v3,B3
sac_her_recovery_v3,goal_spoof_midep,1,0.1,-26.0,1.0,0.05988013463341379,50,0.10404285043478012,0.38931190967559814,1.0,0.0,1435,v3,B3
sac_her_recovery_v3,goal_spoof_midep,1,0.1,-2.0,1.0,0.042799616638316614,50,0.1171560063958168,0.2838658392429352,1.0,0.0,1436,v3,B3
sac_her_recovery_v3,goal_spoof_midep,1,0.1,-31.0,1.0,0.06894279445901633,50,0.0946773886680603,0.4306470453739166,1.0,0.0,1437,v3,B3
sac_her_recovery_v3,goal_spoof_midep,1,0.1,-32.0,1.0,0.1274274824188473,50,0.13563886284828186,0.5154302716255188,1.0,0.0,1438,v3,B3
sac_her_recovery_v3,goal_spoof_midep,1,0.1,-32.0,1.0,0.13067517635147533,50,0.13274993002414703,0.7024032473564148,1.0,0.0,1439,v3,B3
sac_her,clean,2,0.0,-1.0,1.0,0.015037945681407299,50,0.03956323117017746,0.31961560249328613,1.0,0.0,1440,none,B0
sac_her,clean,2,0.0,-1.0,1.0,0.015037945681407299,50,0.03956323117017746,0.31961560249328613,1.0,0.0,1441,none,B0
sac_her,clean,2,0.0,-1.0,1.0,0.015037945681407299,50,0.03956323117017746,0.31961560249328613,1.0,0.0,1442,none,B0
sac_her,clean,2,0.0,-1.0,1.0,0.015037945681407299,50,0.03956323117017746,0.31961560249328613,1.0,0.0,1443,none,B0
sac_her,clean,2,0.0,-1.0,1.0,0.015037945681407299,50,0.03956323117017746,0.31961560249328613,1.0,0.0,1444,none,B0
sac_her,clean,2,0.0,-1.0,1.0,0.015037945681407299,50,0.03956323117017746,0.31961560249328613,1.0,0.0,1445,none,B0
sac_her,clean,2,0.0,-1.0,1.0,0.015037945681407299,50,0.03956323117017746,0.31961560249328613,1.0,0.0,1446,none,B0
sac_her,clean,2,0.0,-1.0,1.0,0.015037945681407299,50,0.03956323117017746,0.31961560249328613,1.0,0.0,1447,none,B0
sac_her,clean,2,0.0,-1.0,1.0,0.015037945681407299,50,0.03956323117017746,0.31961560249328613,1.0,0.0,1448,none,B0
sac_her,clean,2,0.0,-1.0,1.0,0.015037945681407299,50,0.03956323117017746,0.31961560249328613,1.0,0.0,1449,none,B0
sac_her,clean,2,0.0,-1.0,1.0,0.015037945681407299,50,0.03956323117017746,0.31961560249328613,1.0,0.0,1450,none,B0
sac_her,clean,2,0.0,-1.0,1.0,0.015037945681407299,50,0.03956323117017746,0.31961560249328613,1.0,0.0,1451,none,B0
sac_her,clean,2,0.0,-1.0,1.0,0.015037945681407299,50,0.03956323117017746,0.31961560249328613,1.0,0.0,1452,none,B0
sac_her,clean,2,0.0,-1.0,1.0,0.015037945681407299,50,0.03956323117017746,0.31961560249328613,1.0,0.0,1453,none,B0
sac_her,clean,2,0.0,-1.0,1.0,0.015037945681407299,50,0.03956323117017746,0.31961560249328613,1.0,0.0,1454,none,B0
sac_her,clean,2,0.0,-1.0,1.0,0.015037945681407299,50,0.03956323117017746,0.31961560249328613,1.0,0.0,1455,none,B0
sac_her,clean,2,0.0,-1.0,1.0,0.015037945681407299,50,0.03956323117017746,0.31961560249328613,1.0,0.0,1456,none,B0
sac_her,clean,2,0.0,-1.0,1.0,0.015037945681407299,50,0.03956323117017746,0.31961560249328613,1.0,0.0,1457,none,B0
sac_her,clean,2,0.0,-1.0,1.0,0.015037945681407299,50,0.03956323117017746,0.31961560249328613,1.0,0.0,1458,none,B0
sac_her,clean,2,0.0,-1.0,1.0,0.015037945681407299,50,0.03956323117017746,0.31961560249328613,1.0,0.0,1459,none,B0
sac_her,clean,2,0.0,-1.0,1.0,0.015037945681407299,50,0.03956323117017746,0.31961560249328613,1.0,0.0,1460,none,B0
sac_her,clean,2,0.0,-1.0,1.0,0.015037945681407299,50,0.03956323117017746,0.31961560249328613,1.0,0.0,1461,none,B0
sac_her,clean,2,0.0,-1.0,1.0,0.015037945681407299,50,0.03956323117017746,0.31961560249328613,1.0,0.0,1462,none,B0
sac_her,clean,2,0.0,-1.0,1.0,0.015037945681407299,50,0.03956323117017746,0.31961560249328613,1.0,0.0,1463,none,B0
sac_her,clean,2,0.0,-1.0,1.0,0.015037945681407299,50,0.03956323117017746,0.31961560249328613,1.0,0.0,1464,none,B0
sac_her,clean,2,0.0,-1.0,1.0,0.015037945681407299,50,0.03956323117017746,0.31961560249328613,1.0,0.0,1465,none,B0
sac_her,clean,2,0.0,-1.0,1.0,0.015037945681407299,50,0.03956323117017746,0.31961560249328613,1.0,0.0,1466,none,B0
sac_her,clean,2,0.0,-1.0,1.0,0.015037945681407299,50,0.03956323117017746,0.31961560249328613,1.0,0.0,1467,none,B0
sac_her,clean,2,0.0,-1.0,1.0,0.015037945681407299,50,0.03956323117017746,0.31961560249328613,1.0,0.0,1468,none,B0
sac_her,clean,2,0.0,-1.0,1.0,0.015037945681407299,50,0.03956323117017746,0.31961560249328613,1.0,0.0,1469,none,B0
sac_her_recovery_v2,clean,2,0.0,-1.0,1.0,0.015037945681407299,50,0.03956323117017746,0.31961560249328613,1.0,0.0,1470,v2,B2
sac_her_recovery_v2,clean,2,0.0,-1.0,1.0,0.015037945681407299,50,0.03956323117017746,0.31961560249328613,1.0,0.0,1471,v2,B2
sac_her_recovery_v2,clean,2,0.0,-1.0,1.0,0.015037945681407299,50,0.03956323117017746,0.31961560249328613,1.0,0.0,1472,v2,B2
sac_her_recovery_v2,clean,2,0.0,-1.0,1.0,0.015037945681407299,50,0.03956323117017746,0.31961560249328613,1.0,0.0,1473,v2,B2
sac_her_recovery_v2,clean,2,0.0,-1.0,1.0,0.015037945681407299,50,0.03956323117017746,0.31961560249328613,1.0,0.0,1474,v2,B2
sac_her_recovery_v2,clean,2,0.0,-1.0,1.0,0.015037945681407299,50,0.03956323117017746,0.31961560249328613,1.0,0.0,1475,v2,B2
sac_her_recovery_v2,clean,2,0.0,-1.0,1.0,0.015037945681407299,50,0.03956323117017746,0.31961560249328613,1.0,0.0,1476,v2,B2
sac_her_recovery_v2,clean,2,0.0,-1.0,1.0,0.015037945681407299,50,0.03956323117017746,0.31961560249328613,1.0,0.0,1477,v2,B2
sac_her_recovery_v2,clean,2,0.0,-1.0,1.0,0.015037945681407299,50,0.03956323117017746,0.31961560249328613,1.0,0.0,1478,v2,B2
sac_her_recovery_v2,clean,2,0.0,-1.0,1.0,0.015037945681407299,50,0.03956323117017746,0.31961560249328613,1.0,0.0,1479,v2,B2
sac_her_recovery_v2,clean,2,0.0,-1.0,1.0,0.015037945681407299,50,0.03956323117017746,0.31961560249328613,1.0,0.0,1480,v2,B2
sac_her_recovery_v2,clean,2,0.0,-1.0,1.0,0.015037945681407299,50,0.03956323117017746,0.31961560249328613,1.0,0.0,1481,v2,B2
sac_her_recovery_v2,clean,2,0.0,-1.0,1.0,0.015037945681407299,50,0.03956323117017746,0.31961560249328613,1.0,0.0,1482,v2,B2
sac_her_recovery_v2,clean,2,0.0,-1.0,1.0,0.015037945681407299,50,0.03956323117017746,0.31961560249328613,1.0,0.0,1483,v2,B2
sac_her_recovery_v2,clean,2,0.0,-1.0,1.0,0.015037945681407299,50,0.03956323117017746,0.31961560249328613,1.0,0.0,1484,v2,B2
sac_her_recovery_v2,clean,2,0.0,-1.0,1.0,0.015037945681407299,50,0.03956323117017746,0.31961560249328613,1.0,0.0,1485,v2,B2
sac_her_recovery_v2,clean,2,0.0,-1.0,1.0,0.015037945681407299,50,0.03956323117017746,0.31961560249328613,1.0,0.0,1486,v2,B2
sac_her_recovery_v2,clean,2,0.0,-1.0,1.0,0.015037945681407299,50,0.03956323117017746,0.31961560249328613,1.0,0.0,1487,v2,B2
sac_her_recovery_v2,clean,2,0.0,-1.0,1.0,0.015037945681407299,50,0.03956323117017746,0.31961560249328613,1.0,0.0,1488,v2,B2
sac_her_recovery_v2,clean,2,0.0,-1.0,1.0,0.015037945681407299,50,0.03956323117017746,0.31961560249328613,1.0,0.0,1489,v2,B2
sac_her_recovery_v2,clean,2,0.0,-1.0,1.0,0.015037945681407299,50,0.03956323117017746,0.31961560249328613,1.0,0.0,1490,v2,B2
sac_her_recovery_v2,clean,2,0.0,-1.0,1.0,0.015037945681407299,50,0.03956323117017746,0.31961560249328613,1.0,0.0,1491,v2,B2
sac_her_recovery_v2,clean,2,0.0,-1.0,1.0,0.015037945681407299,50,0.03956323117017746,0.31961560249328613,1.0,0.0,1492,v2,B2
sac_her_recovery_v2,clean,2,0.0,-1.0,1.0,0.015037945681407299,50,0.03956323117017746,0.31961560249328613,1.0,0.0,1493,v2,B2
sac_her_recovery_v2,clean,2,0.0,-1.0,1.0,0.015037945681407299,50,0.03956323117017746,0.31961560249328613,1.0,0.0,1494,v2,B2
sac_her_recovery_v2,clean,2,0.0,-1.0,1.0,0.015037945681407299,50,0.03956323117017746,0.31961560249328613,1.0,0.0,1495,v2,B2
sac_her_recovery_v2,clean,2,0.0,-1.0,1.0,0.015037945681407299,50,0.03956323117017746,0.31961560249328613,1.0,0.0,1496,v2,B2
sac_her_recovery_v2,clean,2,0.0,-1.0,1.0,0.015037945681407299,50,0.03956323117017746,0.31961560249328613,1.0,0.0,1497,v2,B2
sac_her_recovery_v2,clean,2,0.0,-1.0,1.0,0.015037945681407299,50,0.03956323117017746,0.31961560249328613,1.0,0.0,1498,v2,B2
sac_her_recovery_v2,clean,2,0.0,-1.0,1.0,0.015037945681407299,50,0.03956323117017746,0.31961560249328613,1.0,0.0,1499,v2,B2
sac_her_recovery_v3,clean,2,0.0,-1.0,1.0,0.015037945681407299,50,0.03956323117017746,0.31961560249328613,1.0,0.0,1500,v3,B3
sac_her_recovery_v3,clean,2,0.0,-1.0,1.0,0.015037945681407299,50,0.03956323117017746,0.31961560249328613,1.0,0.0,1501,v3,B3
sac_her_recovery_v3,clean,2,0.0,-1.0,1.0,0.015037945681407299,50,0.03956323117017746,0.31961560249328613,1.0,0.0,1502,v3,B3
sac_her_recovery_v3,clean,2,0.0,-1.0,1.0,0.015037945681407299,50,0.03956323117017746,0.31961560249328613,1.0,0.0,1503,v3,B3
sac_her_recovery_v3,clean,2,0.0,-1.0,1.0,0.015037945681407299,50,0.03956323117017746,0.31961560249328613,1.0,0.0,1504,v3,B3
sac_her_recovery_v3,clean,2,0.0,-1.0,1.0,0.015037945681407299,50,0.03956323117017746,0.31961560249328613,1.0,0.0,1505,v3,B3
sac_her_recovery_v3,clean,2,0.0,-1.0,1.0,0.015037945681407299,50,0.03956323117017746,0.31961560249328613,1.0,0.0,1506,v3,B3
sac_her_recovery_v3,clean,2,0.0,-1.0,1.0,0.015037945681407299,50,0.03956323117017746,0.31961560249328613,1.0,0.0,1507,v3,B3
sac_her_recovery_v3,clean,2,0.0,-1.0,1.0,0.015037945681407299,50,0.03956323117017746,0.31961560249328613,1.0,0.0,1508,v3,B3
sac_her_recovery_v3,clean,2,0.0,-1.0,1.0,0.015037945681407299,50,0.03956323117017746,0.31961560249328613,1.0,0.0,1509,v3,B3
sac_her_recovery_v3,clean,2,0.0,-1.0,1.0,0.015037945681407299,50,0.03956323117017746,0.31961560249328613,1.0,0.0,1510,v3,B3
sac_her_recovery_v3,clean,2,0.0,-1.0,1.0,0.015037945681407299,50,0.03956323117017746,0.31961560249328613,1.0,0.0,1511,v3,B3
sac_her_recovery_v3,clean,2,0.0,-1.0,1.0,0.015037945681407299,50,0.03956323117017746,0.31961560249328613,1.0,0.0,1512,v3,B3
sac_her_recovery_v3,clean,2,0.0,-1.0,1.0,0.015037945681407299,50,0.03956323117017746,0.31961560249328613,1.0,0.0,1513,v3,B3
sac_her_recovery_v3,clean,2,0.0,-1.0,1.0,0.015037945681407299,50,0.03956323117017746,0.31961560249328613,1.0,0.0,1514,v3,B3
sac_her_recovery_v3,clean,2,0.0,-1.0,1.0,0.015037945681407299,50,0.03956323117017746,0.31961560249328613,1.0,0.0,1515,v3,B3
sac_her_recovery_v3,clean,2,0.0,-1.0,1.0,0.015037945681407299,50,0.03956323117017746,0.31961560249328613,1.0,0.0,1516,v3,B3
sac_her_recovery_v3,clean,2,0.0,-1.0,1.0,0.015037945681407299,50,0.03956323117017746,0.31961560249328613,1.0,0.0,1517,v3,B3
sac_her_recovery_v3,clean,2,0.0,-1.0,1.0,0.015037945681407299,50,0.03956323117017746,0.31961560249328613,1.0,0.0,1518,v3,B3
sac_her_recovery_v3,clean,2,0.0,-1.0,1.0,0.015037945681407299,50,0.03956323117017746,0.31961560249328613,1.0,0.0,1519,v3,B3
sac_her_recovery_v3,clean,2,0.0,-1.0,1.0,0.015037945681407299,50,0.03956323117017746,0.31961560249328613,1.0,0.0,1520,v3,B3
sac_her_recovery_v3,clean,2,0.0,-1.0,1.0,0.015037945681407299,50,0.03956323117017746,0.31961560249328613,1.0,0.0,1521,v3,B3
sac_her_recovery_v3,clean,2,0.0,-1.0,1.0,0.015037945681407299,50,0.03956323117017746,0.31961560249328613,1.0,0.0,1522,v3,B3
sac_her_recovery_v3,clean,2,0.0,-1.0,1.0,0.015037945681407299,50,0.03956323117017746,0.31961560249328613,1.0,0.0,1523,v3,B3
sac_her_recovery_v3,clean,2,0.0,-1.0,1.0,0.015037945681407299,50,0.03956323117017746,0.31961560249328613,1.0,0.0,1524,v3,B3
sac_her_recovery_v3,clean,2,0.0,-1.0,1.0,0.015037945681407299,50,0.03956323117017746,0.31961560249328613,1.0,0.0,1525,v3,B3
sac_her_recovery_v3,clean,2,0.0,-1.0,1.0,0.015037945681407299,50,0.03956323117017746,0.31961560249328613,1.0,0.0,1526,v3,B3
sac_her_recovery_v3,clean,2,0.0,-1.0,1.0,0.015037945681407299,50,0.03956323117017746,0.31961560249328613,1.0,0.0,1527,v3,B3
sac_her_recovery_v3,clean,2,0.0,-1.0,1.0,0.015037945681407299,50,0.03956323117017746,0.31961560249328613,1.0,0.0,1528,v3,B3
sac_her_recovery_v3,clean,2,0.0,-1.0,1.0,0.015037945681407299,50,0.03956323117017746,0.31961560249328613,1.0,0.0,1529,v3,B3
sac_her,sensor_dropout,2,0.0,-50.0,0.0,0.9313110413540432,50,0.009697359055280685,1.9440693855285645,1.0,0.0,1530,none,B1
sac_her,sensor_dropout,2,0.0,-50.0,0.0,0.9313110413540432,50,0.009697359055280685,1.9440693855285645,1.0,0.0,1531,none,B1
sac_her,sensor_dropout,2,0.0,-50.0,0.0,0.9313110413540432,50,0.009697359055280685,1.9440693855285645,1.0,0.0,1532,none,B1
sac_her,sensor_dropout,2,0.0,-50.0,0.0,0.9313110413540432,50,0.009697359055280685,1.9440693855285645,1.0,0.0,1533,none,B1
sac_her,sensor_dropout,2,0.0,-50.0,0.0,0.9313110413540432,50,0.009697359055280685,1.9440693855285645,1.0,0.0,1534,none,B1
sac_her,sensor_dropout,2,0.0,-50.0,0.0,0.9313110413540432,50,0.009697359055280685,1.9440693855285645,1.0,0.0,1535,none,B1
sac_her,sensor_dropout,2,0.0,-50.0,0.0,0.9313110413540432,50,0.009697359055280685,1.9440693855285645,1.0,0.0,1536,none,B1
sac_her,sensor_dropout,2,0.0,-50.0,0.0,0.9313110413540432,50,0.009697359055280685,1.9440693855285645,1.0,0.0,1537,none,B1
sac_her,sensor_dropout,2,0.0,-50.0,0.0,0.9313110413540432,50,0.009697359055280685,1.9440693855285645,1.0,0.0,1538,none,B1
sac_her,sensor_dropout,2,0.0,-50.0,0.0,0.9313110413540432,50,0.009697359055280685,1.9440693855285645,1.0,0.0,1539,none,B1
sac_her,sensor_dropout,2,0.0,-50.0,0.0,0.9313110413540432,50,0.009697359055280685,1.9440693855285645,1.0,0.0,1540,none,B1
sac_her,sensor_dropout,2,0.0,-50.0,0.0,0.9313110413540432,50,0.009697359055280685,1.9440693855285645,1.0,0.0,1541,none,B1
sac_her,sensor_dropout,2,0.0,-50.0,0.0,0.9313110413540432,50,0.009697359055280685,1.9440693855285645,1.0,0.0,1542,none,B1
sac_her,sensor_dropout,2,0.0,-50.0,0.0,0.9313110413540432,50,0.009697359055280685,1.9440693855285645,1.0,0.0,1543,none,B1
sac_her,sensor_dropout,2,0.0,-50.0,0.0,0.9313110413540432,50,0.009697359055280685,1.9440693855285645,1.0,0.0,1544,none,B1
sac_her,sensor_dropout,2,0.0,-50.0,0.0,0.9313110413540432,50,0.009697359055280685,1.9440693855285645,1.0,0.0,1545,none,B1
sac_her,sensor_dropout,2,0.0,-50.0,0.0,0.9313110413540432,50,0.009697359055280685,1.9440693855285645,1.0,0.0,1546,none,B1
sac_her,sensor_dropout,2,0.0,-50.0,0.0,0.9313110413540432,50,0.009697359055280685,1.9440693855285645,1.0,0.0,1547,none,B1
sac_her,sensor_dropout,2,0.0,-50.0,0.0,0.9313110413540432,50,0.009697359055280685,1.9440693855285645,1.0,0.0,1548,none,B1
sac_her,sensor_dropout,2,0.0,-50.0,0.0,0.9313110413540432,50,0.009697359055280685,1.9440693855285645,1.0,0.0,1549,none,B1
sac_her,sensor_dropout,2,0.0,-50.0,0.0,0.9313110413540432,50,0.009697359055280685,1.9440693855285645,1.0,0.0,1550,none,B1
sac_her,sensor_dropout,2,0.0,-50.0,0.0,0.9313110413540432,50,0.009697359055280685,1.9440693855285645,1.0,0.0,1551,none,B1
sac_her,sensor_dropout,2,0.0,-50.0,0.0,0.9313110413540432,50,0.009697359055280685,1.9440693855285645,1.0,0.0,1552,none,B1
sac_her,sensor_dropout,2,0.0,-50.0,0.0,0.9313110413540432,50,0.009697359055280685,1.9440693855285645,1.0,0.0,1553,none,B1
sac_her,sensor_dropout,2,0.0,-50.0,0.0,0.9313110413540432,50,0.009697359055280685,1.9440693855285645,1.0,0.0,1554,none,B1
sac_her,sensor_dropout,2,0.0,-50.0,0.0,0.9313110413540432,50,0.009697359055280685,1.9440693855285645,1.0,0.0,1555,none,B1
sac_her,sensor_dropout,2,0.0,-50.0,0.0,0.9313110413540432,50,0.009697359055280685,1.9440693855285645,1.0,0.0,1556,none,B1
sac_her,sensor_dropout,2,0.0,-50.0,0.0,0.9313110413540432,50,0.009697359055280685,1.9440693855285645,1.0,0.0,1557,none,B1
sac_her,sensor_dropout,2,0.0,-50.0,0.0,0.9313110413540432,50,0.009697359055280685,1.9440693855285645,1.0,0.0,1558,none,B1
sac_her,sensor_dropout,2,0.0,-50.0,0.0,0.9313110413540432,50,0.009697359055280685,1.9440693855285645,1.0,0.0,1559,none,B1
sac_her_recovery_v2,sensor_dropout,2,0.0,-50.0,0.0,0.08144789866489716,50,0.5614647269248962,1.0507783889770508,1.0,1.0,1560,v2,B2
sac_her_recovery_v2,sensor_dropout,2,0.0,-50.0,0.0,0.08144789866489716,50,0.5614647269248962,1.0507783889770508,1.0,1.0,1561,v2,B2
sac_her_recovery_v2,sensor_dropout,2,0.0,-50.0,0.0,0.08144789866489716,50,0.5614647269248962,1.0507783889770508,1.0,1.0,1562,v2,B2
sac_her_recovery_v2,sensor_dropout,2,0.0,-50.0,0.0,0.08144789866489716,50,0.5614647269248962,1.0507783889770508,1.0,1.0,1563,v2,B2
sac_her_recovery_v2,sensor_dropout,2,0.0,-50.0,0.0,0.08144789866489716,50,0.5614647269248962,1.0507783889770508,1.0,1.0,1564,v2,B2
sac_her_recovery_v2,sensor_dropout,2,0.0,-50.0,0.0,0.08144789866489716,50,0.5614647269248962,1.0507783889770508,1.0,1.0,1565,v2,B2
sac_her_recovery_v2,sensor_dropout,2,0.0,-50.0,0.0,0.08144789866489716,50,0.5614647269248962,1.0507783889770508,1.0,1.0,1566,v2,B2
sac_her_recovery_v2,sensor_dropout,2,0.0,-50.0,0.0,0.08144789866489716,50,0.5614647269248962,1.0507783889770508,1.0,1.0,1567,v2,B2
sac_her_recovery_v2,sensor_dropout,2,0.0,-50.0,0.0,0.08144789866489716,50,0.5614647269248962,1.0507783889770508,1.0,1.0,1568,v2,B2
sac_her_recovery_v2,sensor_dropout,2,0.0,-50.0,0.0,0.08144789866489716,50,0.5614647269248962,1.0507783889770508,1.0,1.0,1569,v2,B2
sac_her_recovery_v2,sensor_dropout,2,0.0,-50.0,0.0,0.08144789866489716,50,0.5614647269248962,1.0507783889770508,1.0,1.0,1570,v2,B2
sac_her_recovery_v2,sensor_dropout,2,0.0,-50.0,0.0,0.08144789866489716,50,0.5614647269248962,1.0507783889770508,1.0,1.0,1571,v2,B2
sac_her_recovery_v2,sensor_dropout,2,0.0,-50.0,0.0,0.08144789866489716,50,0.5614647269248962,1.0507783889770508,1.0,1.0,1572,v2,B2
sac_her_recovery_v2,sensor_dropout,2,0.0,-50.0,0.0,0.08144789866489716,50,0.5614647269248962,1.0507783889770508,1.0,1.0,1573,v2,B2
sac_her_recovery_v2,sensor_dropout,2,0.0,-50.0,0.0,0.08144789866489716,50,0.5614647269248962,1.0507783889770508,1.0,1.0,1574,v2,B2
sac_her_recovery_v2,sensor_dropout,2,0.0,-50.0,0.0,0.08144789866489716,50,0.5614647269248962,1.0507783889770508,1.0,1.0,1575,v2,B2
sac_her_recovery_v2,sensor_dropout,2,0.0,-50.0,0.0,0.08144789866489716,50,0.5614647269248962,1.0507783889770508,1.0,1.0,1576,v2,B2
sac_her_recovery_v2,sensor_dropout,2,0.0,-50.0,0.0,0.08144789866489716,50,0.5614647269248962,1.0507783889770508,1.0,1.0,1577,v2,B2
sac_her_recovery_v2,sensor_dropout,2,0.0,-50.0,0.0,0.08144789866489716,50,0.5614647269248962,1.0507783889770508,1.0,1.0,1578,v2,B2
sac_her_recovery_v2,sensor_dropout,2,0.0,-50.0,0.0,0.08144789866489716,50,0.5614647269248962,1.0507783889770508,1.0,1.0,1579,v2,B2
sac_her_recovery_v2,sensor_dropout,2,0.0,-50.0,0.0,0.08144789866489716,50,0.5614647269248962,1.0507783889770508,1.0,1.0,1580,v2,B2
sac_her_recovery_v2,sensor_dropout,2,0.0,-50.0,0.0,0.08144789866489716,50,0.5614647269248962,1.0507783889770508,1.0,1.0,1581,v2,B2
sac_her_recovery_v2,sensor_dropout,2,0.0,-50.0,0.0,0.08144789866489716,50,0.5614647269248962,1.0507783889770508,1.0,1.0,1582,v2,B2
sac_her_recovery_v2,sensor_dropout,2,0.0,-50.0,0.0,0.08144789866489716,50,0.5614647269248962,1.0507783889770508,1.0,1.0,1583,v2,B2
sac_her_recovery_v2,sensor_dropout,2,0.0,-50.0,0.0,0.08144789866489716,50,0.5614647269248962,1.0507783889770508,1.0,1.0,1584,v2,B2
sac_her_recovery_v2,sensor_dropout,2,0.0,-50.0,0.0,0.08144789866489716,50,0.5614647269248962,1.0507783889770508,1.0,1.0,1585,v2,B2
sac_her_recovery_v2,sensor_dropout,2,0.0,-50.0,0.0,0.08144789866489716,50,0.5614647269248962,1.0507783889770508,1.0,1.0,1586,v2,B2
sac_her_recovery_v2,sensor_dropout,2,0.0,-50.0,0.0,0.08144789866489716,50,0.5614647269248962,1.0507783889770508,1.0,1.0,1587,v2,B2
sac_her_recovery_v2,sensor_dropout,2,0.0,-50.0,0.0,0.08144789866489716,50,0.5614647269248962,1.0507783889770508,1.0,1.0,1588,v2,B2
sac_her_recovery_v2,sensor_dropout,2,0.0,-50.0,0.0,0.08144789866489716,50,0.5614647269248962,1.0507783889770508,1.0,1.0,1589,v2,B2
sac_her_recovery_v3,sensor_dropout,2,0.0,-48.0,1.0,0.11676395325408072,50,0.5533541440963745,1.029901146888733,1.0,1.0,1590,v3,B3
sac_her_recovery_v3,sensor_dropout,2,0.0,-48.0,1.0,0.11676395325408072,50,0.5533541440963745,1.029901146888733,1.0,1.0,1591,v3,B3
sac_her_recovery_v3,sensor_dropout,2,0.0,-48.0,1.0,0.11676395325408072,50,0.5533541440963745,1.029901146888733,1.0,1.0,1592,v3,B3
sac_her_recovery_v3,sensor_dropout,2,0.0,-48.0,1.0,0.11676395325408072,50,0.5533541440963745,1.029901146888733,1.0,1.0,1593,v3,B3
sac_her_recovery_v3,sensor_dropout,2,0.0,-48.0,1.0,0.11676395325408072,50,0.5533541440963745,1.029901146888733,1.0,1.0,1594,v3,B3
sac_her_recovery_v3,sensor_dropout,2,0.0,-48.0,1.0,0.11676395325408072,50,0.5533541440963745,1.029901146888733,1.0,1.0,1595,v3,B3
sac_her_recovery_v3,sensor_dropout,2,0.0,-48.0,1.0,0.11676395325408072,50,0.5533541440963745,1.029901146888733,1.0,1.0,1596,v3,B3
sac_her_recovery_v3,sensor_dropout,2,0.0,-48.0,1.0,0.11676395325408072,50,0.5533541440963745,1.029901146888733,1.0,1.0,1597,v3,B3
sac_her_recovery_v3,sensor_dropout,2,0.0,-48.0,1.0,0.11676395325408072,50,0.5533541440963745,1.029901146888733,1.0,1.0,1598,v3,B3
sac_her_recovery_v3,sensor_dropout,2,0.0,-48.0,1.0,0.11676395325408072,50,0.5533541440963745,1.029901146888733,1.0,1.0,1599,v3,B3
sac_her_recovery_v3,sensor_dropout,2,0.0,-48.0,1.0,0.11676395325408072,50,0.5533541440963745,1.029901146888733,1.0,1.0,1600,v3,B3
sac_her_recovery_v3,sensor_dropout,2,0.0,-48.0,1.0,0.11676395325408072,50,0.5533541440963745,1.029901146888733,1.0,1.0,1601,v3,B3
sac_her_recovery_v3,sensor_dropout,2,0.0,-48.0,1.0,0.11676395325408072,50,0.5533541440963745,1.029901146888733,1.0,1.0,1602,v3,B3
sac_her_recovery_v3,sensor_dropout,2,0.0,-48.0,1.0,0.11676395325408072,50,0.5533541440963745,1.029901146888733,1.0,1.0,1603,v3,B3
sac_her_recovery_v3,sensor_dropout,2,0.0,-48.0,1.0,0.11676395325408072,50,0.5533541440963745,1.029901146888733,1.0,1.0,1604,v3,B3
sac_her_recovery_v3,sensor_dropout,2,0.0,-48.0,1.0,0.11676395325408072,50,0.5533541440963745,1.029901146888733,1.0,1.0,1605,v3,B3
sac_her_recovery_v3,sensor_dropout,2,0.0,-48.0,1.0,0.11676395325408072,50,0.5533541440963745,1.029901146888733,1.0,1.0,1606,v3,B3
sac_her_recovery_v3,sensor_dropout,2,0.0,-48.0,1.0,0.11676395325408072,50,0.5533541440963745,1.029901146888733,1.0,1.0,1607,v3,B3
sac_her_recovery_v3,sensor_dropout,2,0.0,-48.0,1.0,0.11676395325408072,50,0.5533541440963745,1.029901146888733,1.0,1.0,1608,v3,B3
sac_her_recovery_v3,sensor_dropout,2,0.0,-48.0,1.0,0.11676395325408072,50,0.5533541440963745,1.029901146888733,1.0,1.0,1609,v3,B3
sac_her_recovery_v3,sensor_dropout,2,0.0,-48.0,1.0,0.11676395325408072,50,0.5533541440963745,1.029901146888733,1.0,1.0,1610,v3,B3
sac_her_recovery_v3,sensor_dropout,2,0.0,-48.0,1.0,0.11676395325408072,50,0.5533541440963745,1.029901146888733,1.0,1.0,1611,v3,B3
sac_her_recovery_v3,sensor_dropout,2,0.0,-48.0,1.0,0.11676395325408072,50,0.5533541440963745,1.029901146888733,1.0,1.0,1612,v3,B3
sac_her_recovery_v3,sensor_dropout,2,0.0,-48.0,1.0,0.11676395325408072,50,0.5533541440963745,1.029901146888733,1.0,1.0,1613,v3,B3
sac_her_recovery_v3,sensor_dropout,2,0.0,-48.0,1.0,0.11676395325408072,50,0.5533541440963745,1.029901146888733,1.0,1.0,1614,v3,B3
sac_her_recovery_v3,sensor_dropout,2,0.0,-48.0,1.0,0.11676395325408072,50,0.5533541440963745,1.029901146888733,1.0,1.0,1615,v3,B3
sac_her_recovery_v3,sensor_dropout,2,0.0,-48.0,1.0,0.11676395325408072,50,0.5533541440963745,1.029901146888733,1.0,1.0,1616,v3,B3
sac_her_recovery_v3,sensor_dropout,2,0.0,-48.0,1.0,0.11676395325408072,50,0.5533541440963745,1.029901146888733,1.0,1.0,1617,v3,B3
sac_her_recovery_v3,sensor_dropout,2,0.0,-48.0,1.0,0.11676395325408072,50,0.5533541440963745,1.029901146888733,1.0,1.0,1618,v3,B3
sac_her_recovery_v3,sensor_dropout,2,0.0,-48.0,1.0,0.11676395325408072,50,0.5533541440963745,1.029901146888733,1.0,1.0,1619,v3,B3
sac_her,sensor_bias,2,0.1,-50.0,0.0,0.26861343319877246,50,0.04949607700109482,0.18519306182861328,1.0,0.0,1620,none,B1
sac_her,sensor_bias,2,0.1,-48.0,1.0,0.5007214354684231,50,0.07568415254354477,1.0499279499053955,1.0,0.0,1621,none,B1
sac_her,sensor_bias,2,0.1,-48.0,1.0,0.22536305240313326,50,0.07827354967594147,0.6918827891349792,1.0,0.0,1622,none,B1
sac_her,sensor_bias,2,0.1,-48.0,1.0,0.4098158691064098,50,0.06855608522891998,0.8829088807106018,1.0,0.0,1623,none,B1
sac_her,sensor_bias,2,0.1,-50.0,0.0,0.34345214881332703,50,0.03967958316206932,1.4093000888824463,1.0,0.0,1624,none,B1
sac_her,sensor_bias,2,0.1,-50.0,0.0,0.8220558402812452,50,0.11109409481287003,1.6865568161010742,1.0,0.0,1625,none,B1
sac_her,sensor_bias,2,0.1,-50.0,0.0,0.05064140011909632,50,0.032516662031412125,0.2221822887659073,1.0,0.0,1626,none,B1
sac_her,sensor_bias,2,0.1,-50.0,0.0,0.07298934613179994,50,0.03202817961573601,0.4379296898841858,0.0,0.0,1627,none,B1
sac_her,sensor_bias,2,0.1,-48.0,1.0,0.1780186876443723,50,0.061545610427856445,0.5907323956489563,1.0,0.0,1628,none,B1
sac_her,sensor_bias,2,0.1,-3.0,1.0,0.0461923543472329,50,0.041691794991493225,0.5000175833702087,1.0,0.0,1629,none,B1
sac_her,sensor_bias,2,0.1,-50.0,0.0,0.13787836917974672,50,0.008778168819844723,0.1430979073047638,0.0,0.0,1630,none,B1
sac_her,sensor_bias,2,0.1,-50.0,0.0,0.17216950207001971,50,0.029075775295495987,0.0624808706343174,0.0,0.0,1631,none,B1
sac_her,sensor_bias,2,0.1,-50.0,0.0,0.07373160830656546,50,0.01823022961616516,0.16084766387939453,0.0,0.0,1632,none,B1
sac_her,sensor_bias,2,0.1,-50.0,0.0,0.2978029228831589,50,0.06056799739599228,0.1715226173400879,1.0,0.0,1633,none,B1
sac_her,sensor_bias,2,0.1,-47.0,1.0,0.1382834854654366,50,0.05795605480670929,0.4372294545173645,1.0,0.0,1634,none,B1
sac_her,sensor_bias,2,0.1,-48.0,1.0,0.3654941650340382,50,0.08051589876413345,0.5022435784339905,1.0,0.0,1635,none,B1
sac_her,sensor_bias,2,0.1,-50.0,0.0,0.3137687519536246,50,0.05212230980396271,0.49661338329315186,1.0,0.0,1636,none,B1
sac_her,sensor_bias,2,0.1,-50.0,0.0,0.32428036650027653,50,0.04790487140417099,1.2381236553192139,1.0,0.0,1637,none,B1
sac_her,sensor_bias,2,0.1,-49.0,1.0,0.08662576133879112,50,0.05127186328172684,0.45521435141563416,1.0,0.0,1638,none,B1
sac_her,sensor_bias,2,0.1,-50.0,0.0,0.3686676701565218,50,0.04236321896314621,1.2331520318984985,1.0,0.0,1639,none,B1
sac_her,sensor_bias,2,0.1,-50.0,0.0,0.17454135826587983,50,0.03403005748987198,0.1299927830696106,0.0,0.0,1640,none,B1
sac_her,sensor_bias,2,0.1,-48.0,1.0,0.15539952312240596,50,0.06117387115955353,0.6407174468040466,1.0,0.0,1641,none,B1
sac_her,sensor_bias,2,0.1,-50.0,0.0,0.4077770736696067,50,0.045747317373752594,1.2170028686523438,1.0,0.0,1642,none,B1
sac_her,sensor_bias,2,0.1,-50.0,0.0,0.3601855046675432,50,0.04465852305293083,1.1828480958938599,1.0,0.0,1643,none,B1
sac_her,sensor_bias,2,0.1,-50.0,0.0,0.4387411126970165,50,0.053433578461408615,1.4185240268707275,1.0,0.0,1644,none,B1
sac_her,sensor_bias,2,0.1,-50.0,0.0,0.46447473551539137,50,0.03869028389453888,1.3628724813461304,1.0,0.0,1645,none,B1
sac_her,sensor_bias,2,0.1,-50.0,0.0,0.2174555283000436,50,0.03793139010667801,0.10848454385995865,1.0,0.0,1646,none,B1
sac_her,sensor_bias,2,0.1,-48.0,1.0,0.14122731372038938,50,0.06752734631299973,0.6427637338638306,1.0,0.0,1647,none,B1
sac_her,sensor_bias,2,0.1,-50.0,0.0,0.12214584510788766,50,0.046973466873168945,0.46062931418418884,1.0,0.0,1648,none,B1
sac_her,sensor_bias,2,0.1,-48.0,1.0,0.38350041242884386,50,0.0836673453450203,1.0043967962265015,1.0,0.0,1649,none,B1
sac_her_recovery_v2,sensor_bias,2,0.1,-50.0,0.0,0.2718266434708082,50,0.32747840881347656,0.3757174611091614,1.0,1.0,1650,v2,B2
sac_her_recovery_v2,sensor_bias,2,0.1,-50.0,0.0,0.20229932904805775,50,0.45074984431266785,0.7349183559417725,1.0,1.0,1651,v2,B2
sac_her_recovery_v2,sensor_bias,2,0.1,-50.0,0.0,0.1590827975109174,50,0.4677811861038208,0.4039269685745239,0.0,1.0,1652,v2,B2
sac_her_recovery_v2,sensor_bias,2,0.1,-50.0,0.0,0.16993931923379987,50,0.5132205486297607,0.34570014476776123,0.0,1.0,1653,v2,B2
sac_her_recovery_v2,sensor_bias,2,0.1,-49.0,1.0,0.3520486443625989,50,0.9463089108467102,0.978302001953125,1.0,1.0,1654,v2,B2
sac_her_recovery_v2,sensor_bias,2,0.1,-50.0,0.0,0.0828409557426219,50,0.03709737956523895,0.36807990074157715,1.0,0.0,1655,v2,B2
sac_her_recovery_v2,sensor_bias,2,0.1,-50.0,0.0,0.3687438046557584,50,1.1313661336898804,1.3795711994171143,1.0,1.0,1656,v2,B2
sac_her_recovery_v2,sensor_bias,2,0.1,-50.0,0.0,0.5225476745642,50,1.0977972745895386,1.421472191810608,1.0,1.0,1657,v2,B2
sac_her_recovery_v2,sensor_bias,2,0.1,-48.0,1.0,0.441785057502162,50,1.1456116437911987,1.1750086545944214,1.0,1.0,1658,v2,B2
sac_her_recovery_v2,sensor_bias,2,0.1,-50.0,0.0,0.1158467145216477,50,0.07398487627506256,0.16531577706336975,1.0,1.0,1659,v2,B2
sac_her_recovery_v2,sensor_bias,2,0.1,-48.0,1.0,0.0504163317407559,50,0.03670661523938179,0.283663272857666,1.0,0.0,1660,v2,B2
sac_her_recovery_v2,sensor_bias,2,0.1,-50.0,0.0,0.32263890636140097,50,0.8080690503120422,0.9851292371749878,1.0,1.0,1661,v2,B2
sac_her_recovery_v2,sensor_bias,2,0.1,-50.0,0.0,0.19096321682952913,50,0.5695024132728577,0.41311895847320557,0.0,1.0,1662,v2,B2
sac_her_recovery_v2,sensor_bias,2,0.1,-48.0,1.0,0.38455373795943526,50,1.1394193172454834,1.1577446460723877,1.0,1.0,1663,v2,B2
sac_her_recovery_v2,sensor_bias,2,0.1,-50.0,0.0,0.26755574073487726,50,0.8494760990142822,0.6347519159317017,1.0,1.0,1664,v2,B2
sac_her_recovery_v2,sensor_bias,2,0.1,-48.0,1.0,0.12544848883040932,50,2.009239912033081,1.3245433568954468,1.0,1.0,1665,v2,B2
sac_her_recovery_v2,sensor_bias,2,0.1,-48.0,1.0,0.756849415322011,50,1.3368256092071533,1.3986414670944214,1.0,1.0,1666,v2,B2
sac_her_recovery_v2,sensor_bias,2,0.1,-50.0,0.0,0.12986606985879875,50,0.07989906519651413,0.41939860582351685,0.0,1.0,1667,v2,B2
sac_her_recovery_v2,sensor_bias,2,0.1,-50.0,0.0,0.05731185111297485,50,0.027156243100762367,0.1906990110874176,0.0,0.0,1668,v2,B2
sac_her_recovery_v2,sensor_bias,2,0.1,-50.0,0.0,0.4064308496971656,50,1.201422095298767,1.397053837776184,1.0,1.0,1669,v2,B2
sac_her_recovery_v2,sensor_bias,2,0.1,-48.0,1.0,0.1666000031904598,50,0.6836514472961426,0.772993803024292,1.0,1.0,1670,v2,B2
sac_her_recovery_v2,sensor_bias,2,0.1,-50.0,0.0,0.3243234700697647,50,1.0842154026031494,1.2010854482650757,1.0,1.0,1671,v2,B2
sac_her_recovery_v2,sensor_bias,2,0.1,-48.0,1.0,0.33050189153502557,50,1.0814456939697266,1.0106573104858398,1.0,1.0,1672,v2,B2
sac_her_recovery_v2,sensor_bias,2,0.1,-48.0,1.0,0.2854050922134222,50,0.563392162322998,0.7331636548042297,1.0,1.0,1673,v2,B2
sac_her_recovery_v2,sensor_bias,2,0.1,-50.0,0.0,0.08288329828069242,50,0.05471906065940857,0.2463548332452774,1.0,0.0,1674,v2,B2
sac_her_recovery_v2,sensor_bias,2,0.1,-49.0,1.0,0.07755413404185389,50,0.08844716101884842,0.36839428544044495,1.0,0.0,1675,v2,B2
sac_her_recovery_v2,sensor_bias,2,0.1,-50.0,0.0,0.3370292254425274,50,1.2055344581604004,1.3751444816589355,1.0,1.0,1676,v2,B2
sac_her_recovery_v2,sensor_bias,2,0.1,-50.0,0.0,0.28849567681120547,50,1.072185754776001,1.1365772485733032,1.0,1.0,1677,v2,B2
sac_her_recovery_v2,sensor_bias,2,0.1,-48.0,1.0,0.22716528938398167,50,0.8524119257926941,0.9297369122505188,1.0,1.0,1678,v2,B2
sac_her_recovery_v2,sensor_bias,2,0.1,-50.0,0.0,0.25664457781044325,50,0.5644571185112,1.0034193992614746,1.0,1.0,1679,v2,B2
sac_her_recovery_v3,sensor_bias,2,0.1,-50.0,0.0,0.20056210612236217,50,0.6436429023742676,0.8328224420547485,1.0,1.0,1680,v3,B3
sac_her_recovery_v3,sensor_bias,2,0.1,-50.0,0.0,0.21266902017455774,50,0.6838777661323547,0.8780569434165955,1.0,1.0,1681,v3,B3
sac_her_recovery_v3,sensor_bias,2,0.1,-48.0,1.0,0.06734677982949577,50,0.056201476603746414,0.4101884365081787,1.0,0.0,1682,v3,B3
sac_her_recovery_v3,sensor_bias,2,0.1,-50.0,0.0,0.2968895701450988,50,0.7943567037582397,1.2019574642181396,1.0,1.0,1683,v3,B3
sac_her_recovery_v3,sensor_bias,2,0.1,-49.0,1.0,0.13826016830030313,50,0.20350895822048187,0.5726272463798523,1.0,1.0,1684,v3,B3
sac_her_recovery_v3,sensor_bias,2,0.1,-50.0,0.0,0.3061513899829732,50,0.7937132120132446,1.3535419702529907,1.0,1.0,1685,v3,B3
sac_her_recovery_v3,sensor_bias,2,0.1,-50.0,0.0,0.10287429134638933,50,0.10115967690944672,0.1895606815814972,1.0,1.0,1686,v3,B3
sac_her_recovery_v3,sensor_bias,2,0.1,-50.0,0.0,0.3121201302083821,50,0.7929399609565735,1.3086177110671997,1.0,1.0,1687,v3,B3
sac_her_recovery_v3,sensor_bias,2,0.1,-50.0,0.0,0.11377570033475456,50,0.11061853915452957,0.49592751264572144,1.0,1.0,1688,v3,B3
sac_her_recovery_v3,sensor_bias,2,0.1,-50.0,0.0,0.2649617616107258,50,0.7725921273231506,1.0965145826339722,1.0,1.0,1689,v3,B3
sac_her_recovery_v3,sensor_bias,2,0.1,-1.0,1.0,0.04903646132773597,50,0.04101834073662758,0.3042401969432831,1.0,0.0,1690,v3,B3
sac_her_recovery_v3,sensor_bias,2,0.1,-50.0,0.0,0.31891477723713063,50,0.7719330787658691,1.4182696342468262,1.0,1.0,1691,v3,B3
sac_her_recovery_v3,sensor_bias,2,0.1,-48.0,1.0,0.23948847861003028,50,0.7439170479774475,1.498618483543396,1.0,1.0,1692,v3,B3
sac_her_recovery_v3,sensor_bias,2,0.1,-50.0,0.0,0.11286795022180225,50,0.09744812548160553,0.27184441685676575,1.0,1.0,1693,v3,B3
sac_her_recovery_v3,sensor_bias,2,0.1,-50.0,0.0,0.23736088961938423,50,0.7026390433311462,1.4833271503448486,1.0,1.0,1694,v3,B3
sac_her_recovery_v3,sensor_bias,2,0.1,-50.0,0.0,0.09756886838588255,50,0.0706784725189209,0.1670924574136734,0.0,1.0,1695,v3,B3
sac_her_recovery_v3,sensor_bias,2,0.1,-50.0,0.0,0.31997463604348453,50,0.7903363704681396,1.3780524730682373,1.0,1.0,1696,v3,B3
sac_her_recovery_v3,sensor_bias,2,0.1,-17.0,1.0,0.0008944772387614641,50,0.2059875726699829,0.3481638729572296,1.0,1.0,1697,v3,B3
sac_her_recovery_v3,sensor_bias,2,0.1,-17.0,1.0,0.000910848560202957,50,0.22073881328105927,0.3709567189216614,1.0,1.0,1698,v3,B3
sac_her_recovery_v3,sensor_bias,2,0.1,-48.0,1.0,0.10141411846213796,50,0.13624799251556396,0.6005361676216125,1.0,1.0,1699,v3,B3
sac_her_recovery_v3,sensor_bias,2,0.1,-48.0,1.0,0.19375911549482544,50,0.7545592784881592,1.3973292112350464,1.0,1.0,1700,v3,B3
sac_her_recovery_v3,sensor_bias,2,0.1,-50.0,0.0,0.18646211459994674,50,0.6429561972618103,0.7445737719535828,1.0,1.0,1701,v3,B3
sac_her_recovery_v3,sensor_bias,2,0.1,-47.0,1.0,0.14307692736316602,50,0.4714745879173279,0.8464708924293518,1.0,1.0,1702,v3,B3
sac_her_recovery_v3,sensor_bias,2,0.1,-50.0,0.0,0.14216206497213785,50,0.5184690952301025,0.6859676837921143,0.0,1.0,1703,v3,B3
sac_her_recovery_v3,sensor_bias,2,0.1,-3.0,1.0,0.046363357733204345,50,0.03354905918240547,0.19189214706420898,1.0,0.0,1704,v3,B3
sac_her_recovery_v3,sensor_bias,2,0.1,-50.0,0.0,0.08221275633387785,50,0.038498200476169586,0.4140247702598572,1.0,0.0,1705,v3,B3
sac_her_recovery_v3,sensor_bias,2,0.1,-50.0,0.0,0.11436404156267482,50,0.5209016799926758,0.37842831015586853,1.0,1.0,1706,v3,B3
sac_her_recovery_v3,sensor_bias,2,0.1,-50.0,0.0,0.15699799752501195,50,0.5801319479942322,0.6779834628105164,1.0,1.0,1707,v3,B3
sac_her_recovery_v3,sensor_bias,2,0.1,-50.0,0.0,0.22586716816088329,50,0.6924335956573486,0.9006015062332153,1.0,1.0,1708,v3,B3
sac_her_recovery_v3,sensor_bias,2,0.1,-17.0,1.0,0.0009109008554129966,50,0.2125719040632248,0.3922831416130066,1.0,1.0,1709,v3,B3
sac_her,action_clipping,2,0.3,-5.0,1.0,0.015037921136001187,50,0.015521724708378315,0.30471694469451904,0.0,0.0,1710,none,B1
sac_her,action_clipping,2,0.3,-5.0,1.0,0.015037921136001187,50,0.015521724708378315,0.30471694469451904,0.0,0.0,1711,none,B1
sac_her,action_clipping,2,0.3,-5.0,1.0,0.015037921136001187,50,0.015521724708378315,0.30471694469451904,0.0,0.0,1712,none,B1
sac_her,action_clipping,2,0.3,-5.0,1.0,0.015037921136001187,50,0.015521724708378315,0.30471694469451904,0.0,0.0,1713,none,B1
sac_her,action_clipping,2,0.3,-5.0,1.0,0.015037921136001187,50,0.015521724708378315,0.30471694469451904,0.0,0.0,1714,none,B1
sac_her,action_clipping,2,0.3,-5.0,1.0,0.015037921136001187,50,0.015521724708378315,0.30471694469451904,0.0,0.0,1715,none,B1
sac_her,action_clipping,2,0.3,-5.0,1.0,0.015037921136001187,50,0.015521724708378315,0.30471694469451904,0.0,0.0,1716,none,B1
sac_her,action_clipping,2,0.3,-5.0,1.0,0.015037921136001187,50,0.015521724708378315,0.30471694469451904,0.0,0.0,1717,none,B1
sac_her,action_clipping,2,0.3,-5.0,1.0,0.015037921136001187,50,0.015521724708378315,0.30471694469451904,0.0,0.0,1718,none,B1
sac_her,action_clipping,2,0.3,-5.0,1.0,0.015037921136001187,50,0.015521724708378315,0.30471694469451904,0.0,0.0,1719,none,B1
sac_her,action_clipping,2,0.3,-5.0,1.0,0.015037921136001187,50,0.015521724708378315,0.30471694469451904,0.0,0.0,1720,none,B1
sac_her,action_clipping,2,0.3,-5.0,1.0,0.015037921136001187,50,0.015521724708378315,0.30471694469451904,0.0,0.0,1721,none,B1
sac_her,action_clipping,2,0.3,-5.0,1.0,0.015037921136001187,50,0.015521724708378315,0.30471694469451904,0.0,0.0,1722,none,B1
sac_her,action_clipping,2,0.3,-5.0,1.0,0.015037921136001187,50,0.015521724708378315,0.30471694469451904,0.0,0.0,1723,none,B1
sac_her,action_clipping,2,0.3,-5.0,1.0,0.015037921136001187,50,0.015521724708378315,0.30471694469451904,0.0,0.0,1724,none,B1
sac_her,action_clipping,2,0.3,-5.0,1.0,0.015037921136001187,50,0.015521724708378315,0.30471694469451904,0.0,0.0,1725,none,B1
sac_her,action_clipping,2,0.3,-5.0,1.0,0.015037921136001187,50,0.015521724708378315,0.30471694469451904,0.0,0.0,1726,none,B1
sac_her,action_clipping,2,0.3,-5.0,1.0,0.015037921136001187,50,0.015521724708378315,0.30471694469451904,0.0,0.0,1727,none,B1
sac_her,action_clipping,2,0.3,-5.0,1.0,0.015037921136001187,50,0.015521724708378315,0.30471694469451904,0.0,0.0,1728,none,B1
sac_her,action_clipping,2,0.3,-5.0,1.0,0.015037921136001187,50,0.015521724708378315,0.30471694469451904,0.0,0.0,1729,none,B1
sac_her,action_clipping,2,0.3,-5.0,1.0,0.015037921136001187,50,0.015521724708378315,0.30471694469451904,0.0,0.0,1730,none,B1
sac_her,action_clipping,2,0.3,-5.0,1.0,0.015037921136001187,50,0.015521724708378315,0.30471694469451904,0.0,0.0,1731,none,B1
sac_her,action_clipping,2,0.3,-5.0,1.0,0.015037921136001187,50,0.015521724708378315,0.30471694469451904,0.0,0.0,1732,none,B1
sac_her,action_clipping,2,0.3,-5.0,1.0,0.015037921136001187,50,0.015521724708378315,0.30471694469451904,0.0,0.0,1733,none,B1
sac_her,action_clipping,2,0.3,-5.0,1.0,0.015037921136001187,50,0.015521724708378315,0.30471694469451904,0.0,0.0,1734,none,B1
sac_her,action_clipping,2,0.3,-5.0,1.0,0.015037921136001187,50,0.015521724708378315,0.30471694469451904,0.0,0.0,1735,none,B1
sac_her,action_clipping,2,0.3,-5.0,1.0,0.015037921136001187,50,0.015521724708378315,0.30471694469451904,0.0,0.0,1736,none,B1
sac_her,action_clipping,2,0.3,-5.0,1.0,0.015037921136001187,50,0.015521724708378315,0.30471694469451904,0.0,0.0,1737,none,B1
sac_her,action_clipping,2,0.3,-5.0,1.0,0.015037921136001187,50,0.015521724708378315,0.30471694469451904,0.0,0.0,1738,none,B1
sac_her,action_clipping,2,0.3,-5.0,1.0,0.015037921136001187,50,0.015521724708378315,0.30471694469451904,0.0,0.0,1739,none,B1
sac_her_recovery_v2,action_clipping,2,0.3,-5.0,1.0,0.015037921136001187,50,0.015521724708378315,0.30471694469451904,0.0,0.0,1740,v2,B2
sac_her_recovery_v2,action_clipping,2,0.3,-5.0,1.0,0.015037921136001187,50,0.015521724708378315,0.30471694469451904,0.0,0.0,1741,v2,B2
sac_her_recovery_v2,action_clipping,2,0.3,-5.0,1.0,0.015037921136001187,50,0.015521724708378315,0.30471694469451904,0.0,0.0,1742,v2,B2
sac_her_recovery_v2,action_clipping,2,0.3,-5.0,1.0,0.015037921136001187,50,0.015521724708378315,0.30471694469451904,0.0,0.0,1743,v2,B2
sac_her_recovery_v2,action_clipping,2,0.3,-5.0,1.0,0.015037921136001187,50,0.015521724708378315,0.30471694469451904,0.0,0.0,1744,v2,B2
sac_her_recovery_v2,action_clipping,2,0.3,-5.0,1.0,0.015037921136001187,50,0.015521724708378315,0.30471694469451904,0.0,0.0,1745,v2,B2
sac_her_recovery_v2,action_clipping,2,0.3,-5.0,1.0,0.015037921136001187,50,0.015521724708378315,0.30471694469451904,0.0,0.0,1746,v2,B2
sac_her_recovery_v2,action_clipping,2,0.3,-5.0,1.0,0.015037921136001187,50,0.015521724708378315,0.30471694469451904,0.0,0.0,1747,v2,B2
sac_her_recovery_v2,action_clipping,2,0.3,-5.0,1.0,0.015037921136001187,50,0.015521724708378315,0.30471694469451904,0.0,0.0,1748,v2,B2
sac_her_recovery_v2,action_clipping,2,0.3,-5.0,1.0,0.015037921136001187,50,0.015521724708378315,0.30471694469451904,0.0,0.0,1749,v2,B2
sac_her_recovery_v2,action_clipping,2,0.3,-5.0,1.0,0.015037921136001187,50,0.015521724708378315,0.30471694469451904,0.0,0.0,1750,v2,B2
sac_her_recovery_v2,action_clipping,2,0.3,-5.0,1.0,0.015037921136001187,50,0.015521724708378315,0.30471694469451904,0.0,0.0,1751,v2,B2
sac_her_recovery_v2,action_clipping,2,0.3,-5.0,1.0,0.015037921136001187,50,0.015521724708378315,0.30471694469451904,0.0,0.0,1752,v2,B2
sac_her_recovery_v2,action_clipping,2,0.3,-5.0,1.0,0.015037921136001187,50,0.015521724708378315,0.30471694469451904,0.0,0.0,1753,v2,B2
sac_her_recovery_v2,action_clipping,2,0.3,-5.0,1.0,0.015037921136001187,50,0.015521724708378315,0.30471694469451904,0.0,0.0,1754,v2,B2
sac_her_recovery_v2,action_clipping,2,0.3,-5.0,1.0,0.015037921136001187,50,0.015521724708378315,0.30471694469451904,0.0,0.0,1755,v2,B2
sac_her_recovery_v2,action_clipping,2,0.3,-5.0,1.0,0.015037921136001187,50,0.015521724708378315,0.30471694469451904,0.0,0.0,1756,v2,B2
sac_her_recovery_v2,action_clipping,2,0.3,-5.0,1.0,0.015037921136001187,50,0.015521724708378315,0.30471694469451904,0.0,0.0,1757,v2,B2
sac_her_recovery_v2,action_clipping,2,0.3,-5.0,1.0,0.015037921136001187,50,0.015521724708378315,0.30471694469451904,0.0,0.0,1758,v2,B2
sac_her_recovery_v2,action_clipping,2,0.3,-5.0,1.0,0.015037921136001187,50,0.015521724708378315,0.30471694469451904,0.0,0.0,1759,v2,B2
sac_her_recovery_v2,action_clipping,2,0.3,-5.0,1.0,0.015037921136001187,50,0.015521724708378315,0.30471694469451904,0.0,0.0,1760,v2,B2
sac_her_recovery_v2,action_clipping,2,0.3,-5.0,1.0,0.015037921136001187,50,0.015521724708378315,0.30471694469451904,0.0,0.0,1761,v2,B2
sac_her_recovery_v2,action_clipping,2,0.3,-5.0,1.0,0.015037921136001187,50,0.015521724708378315,0.30471694469451904,0.0,0.0,1762,v2,B2
sac_her_recovery_v2,action_clipping,2,0.3,-5.0,1.0,0.015037921136001187,50,0.015521724708378315,0.30471694469451904,0.0,0.0,1763,v2,B2
sac_her_recovery_v2,action_clipping,2,0.3,-5.0,1.0,0.015037921136001187,50,0.015521724708378315,0.30471694469451904,0.0,0.0,1764,v2,B2
sac_her_recovery_v2,action_clipping,2,0.3,-5.0,1.0,0.015037921136001187,50,0.015521724708378315,0.30471694469451904,0.0,0.0,1765,v2,B2
sac_her_recovery_v2,action_clipping,2,0.3,-5.0,1.0,0.015037921136001187,50,0.015521724708378315,0.30471694469451904,0.0,0.0,1766,v2,B2
sac_her_recovery_v2,action_clipping,2,0.3,-5.0,1.0,0.015037921136001187,50,0.015521724708378315,0.30471694469451904,0.0,0.0,1767,v2,B2
sac_her_recovery_v2,action_clipping,2,0.3,-5.0,1.0,0.015037921136001187,50,0.015521724708378315,0.30471694469451904,0.0,0.0,1768,v2,B2
sac_her_recovery_v2,action_clipping,2,0.3,-5.0,1.0,0.015037921136001187,50,0.015521724708378315,0.30471694469451904,0.0,0.0,1769,v2,B2
sac_her_recovery_v3,action_clipping,2,0.3,-5.0,1.0,0.015037921136001187,50,0.015521724708378315,0.30471694469451904,0.0,0.0,1770,v3,B3
sac_her_recovery_v3,action_clipping,2,0.3,-5.0,1.0,0.015037921136001187,50,0.015521724708378315,0.30471694469451904,0.0,0.0,1771,v3,B3
sac_her_recovery_v3,action_clipping,2,0.3,-5.0,1.0,0.015037921136001187,50,0.015521724708378315,0.30471694469451904,0.0,0.0,1772,v3,B3
sac_her_recovery_v3,action_clipping,2,0.3,-5.0,1.0,0.015037921136001187,50,0.015521724708378315,0.30471694469451904,0.0,0.0,1773,v3,B3
sac_her_recovery_v3,action_clipping,2,0.3,-5.0,1.0,0.015037921136001187,50,0.015521724708378315,0.30471694469451904,0.0,0.0,1774,v3,B3
sac_her_recovery_v3,action_clipping,2,0.3,-5.0,1.0,0.015037921136001187,50,0.015521724708378315,0.30471694469451904,0.0,0.0,1775,v3,B3
sac_her_recovery_v3,action_clipping,2,0.3,-5.0,1.0,0.015037921136001187,50,0.015521724708378315,0.30471694469451904,0.0,0.0,1776,v3,B3
sac_her_recovery_v3,action_clipping,2,0.3,-5.0,1.0,0.015037921136001187,50,0.015521724708378315,0.30471694469451904,0.0,0.0,1777,v3,B3
sac_her_recovery_v3,action_clipping,2,0.3,-5.0,1.0,0.015037921136001187,50,0.015521724708378315,0.30471694469451904,0.0,0.0,1778,v3,B3
sac_her_recovery_v3,action_clipping,2,0.3,-5.0,1.0,0.015037921136001187,50,0.015521724708378315,0.30471694469451904,0.0,0.0,1779,v3,B3
sac_her_recovery_v3,action_clipping,2,0.3,-5.0,1.0,0.015037921136001187,50,0.015521724708378315,0.30471694469451904,0.0,0.0,1780,v3,B3
sac_her_recovery_v3,action_clipping,2,0.3,-5.0,1.0,0.015037921136001187,50,0.015521724708378315,0.30471694469451904,0.0,0.0,1781,v3,B3
sac_her_recovery_v3,action_clipping,2,0.3,-5.0,1.0,0.015037921136001187,50,0.015521724708378315,0.30471694469451904,0.0,0.0,1782,v3,B3
sac_her_recovery_v3,action_clipping,2,0.3,-5.0,1.0,0.015037921136001187,50,0.015521724708378315,0.30471694469451904,0.0,0.0,1783,v3,B3
sac_her_recovery_v3,action_clipping,2,0.3,-5.0,1.0,0.015037921136001187,50,0.015521724708378315,0.30471694469451904,0.0,0.0,1784,v3,B3
sac_her_recovery_v3,action_clipping,2,0.3,-5.0,1.0,0.015037921136001187,50,0.015521724708378315,0.30471694469451904,0.0,0.0,1785,v3,B3
sac_her_recovery_v3,action_clipping,2,0.3,-5.0,1.0,0.015037921136001187,50,0.015521724708378315,0.30471694469451904,0.0,0.0,1786,v3,B3
sac_her_recovery_v3,action_clipping,2,0.3,-5.0,1.0,0.015037921136001187,50,0.015521724708378315,0.30471694469451904,0.0,0.0,1787,v3,B3
sac_her_recovery_v3,action_clipping,2,0.3,-5.0,1.0,0.015037921136001187,50,0.015521724708378315,0.30471694469451904,0.0,0.0,1788,v3,B3
sac_her_recovery_v3,action_clipping,2,0.3,-5.0,1.0,0.015037921136001187,50,0.015521724708378315,0.30471694469451904,0.0,0.0,1789,v3,B3
sac_her_recovery_v3,action_clipping,2,0.3,-5.0,1.0,0.015037921136001187,50,0.015521724708378315,0.30471694469451904,0.0,0.0,1790,v3,B3
sac_her_recovery_v3,action_clipping,2,0.3,-5.0,1.0,0.015037921136001187,50,0.015521724708378315,0.30471694469451904,0.0,0.0,1791,v3,B3
sac_her_recovery_v3,action_clipping,2,0.3,-5.0,1.0,0.015037921136001187,50,0.015521724708378315,0.30471694469451904,0.0,0.0,1792,v3,B3
sac_her_recovery_v3,action_clipping,2,0.3,-5.0,1.0,0.015037921136001187,50,0.015521724708378315,0.30471694469451904,0.0,0.0,1793,v3,B3
sac_her_recovery_v3,action_clipping,2,0.3,-5.0,1.0,0.015037921136001187,50,0.015521724708378315,0.30471694469451904,0.0,0.0,1794,v3,B3
sac_her_recovery_v3,action_clipping,2,0.3,-5.0,1.0,0.015037921136001187,50,0.015521724708378315,0.30471694469451904,0.0,0.0,1795,v3,B3
sac_her_recovery_v3,action_clipping,2,0.3,-5.0,1.0,0.015037921136001187,50,0.015521724708378315,0.30471694469451904,0.0,0.0,1796,v3,B3
sac_her_recovery_v3,action_clipping,2,0.3,-5.0,1.0,0.015037921136001187,50,0.015521724708378315,0.30471694469451904,0.0,0.0,1797,v3,B3
sac_her_recovery_v3,action_clipping,2,0.3,-5.0,1.0,0.015037921136001187,50,0.015521724708378315,0.30471694469451904,0.0,0.0,1798,v3,B3
sac_her_recovery_v3,action_clipping,2,0.3,-5.0,1.0,0.015037921136001187,50,0.015521724708378315,0.30471694469451904,0.0,0.0,1799,v3,B3
sac_her,action_delay,2,0.0,-50.0,0.0,0.1383211673588929,50,0.0,0.0,0.0,0.0,1800,none,B1
sac_her,action_delay,2,0.0,-50.0,0.0,0.1383211673588929,50,0.0,0.0,0.0,0.0,1801,none,B1
sac_her,action_delay,2,0.0,-50.0,0.0,0.1383211673588929,50,0.0,0.0,0.0,0.0,1802,none,B1
sac_her,action_delay,2,0.0,-50.0,0.0,0.1383211673588929,50,0.0,0.0,0.0,0.0,1803,none,B1
sac_her,action_delay,2,0.0,-50.0,0.0,0.1383211673588929,50,0.0,0.0,0.0,0.0,1804,none,B1
sac_her,action_delay,2,0.0,-50.0,0.0,0.1383211673588929,50,0.0,0.0,0.0,0.0,1805,none,B1
sac_her,action_delay,2,0.0,-50.0,0.0,0.1383211673588929,50,0.0,0.0,0.0,0.0,1806,none,B1
sac_her,action_delay,2,0.0,-50.0,0.0,0.1383211673588929,50,0.0,0.0,0.0,0.0,1807,none,B1
sac_her,action_delay,2,0.0,-50.0,0.0,0.1383211673588929,50,0.0,0.0,0.0,0.0,1808,none,B1
sac_her,action_delay,2,0.0,-50.0,0.0,0.1383211673588929,50,0.0,0.0,0.0,0.0,1809,none,B1
sac_her,action_delay,2,0.0,-50.0,0.0,0.1383211673588929,50,0.0,0.0,0.0,0.0,1810,none,B1
sac_her,action_delay,2,0.0,-50.0,0.0,0.1383211673588929,50,0.0,0.0,0.0,0.0,1811,none,B1
sac_her,action_delay,2,0.0,-50.0,0.0,0.1383211673588929,50,0.0,0.0,0.0,0.0,1812,none,B1
sac_her,action_delay,2,0.0,-50.0,0.0,0.1383211673588929,50,0.0,0.0,0.0,0.0,1813,none,B1
sac_her,action_delay,2,0.0,-50.0,0.0,0.1383211673588929,50,0.0,0.0,0.0,0.0,1814,none,B1
sac_her,action_delay,2,0.0,-50.0,0.0,0.1383211673588929,50,0.0,0.0,0.0,0.0,1815,none,B1
sac_her,action_delay,2,0.0,-50.0,0.0,0.1383211673588929,50,0.0,0.0,0.0,0.0,1816,none,B1
sac_her,action_delay,2,0.0,-50.0,0.0,0.1383211673588929,50,0.0,0.0,0.0,0.0,1817,none,B1
sac_her,action_delay,2,0.0,-50.0,0.0,0.1383211673588929,50,0.0,0.0,0.0,0.0,1818,none,B1
sac_her,action_delay,2,0.0,-50.0,0.0,0.1383211673588929,50,0.0,0.0,0.0,0.0,1819,none,B1
sac_her,action_delay,2,0.0,-50.0,0.0,0.1383211673588929,50,0.0,0.0,0.0,0.0,1820,none,B1
sac_her,action_delay,2,0.0,-50.0,0.0,0.1383211673588929,50,0.0,0.0,0.0,0.0,1821,none,B1
sac_her,action_delay,2,0.0,-50.0,0.0,0.1383211673588929,50,0.0,0.0,0.0,0.0,1822,none,B1
sac_her,action_delay,2,0.0,-50.0,0.0,0.1383211673588929,50,0.0,0.0,0.0,0.0,1823,none,B1
sac_her,action_delay,2,0.0,-50.0,0.0,0.1383211673588929,50,0.0,0.0,0.0,0.0,1824,none,B1
sac_her,action_delay,2,0.0,-50.0,0.0,0.1383211673588929,50,0.0,0.0,0.0,0.0,1825,none,B1
sac_her,action_delay,2,0.0,-50.0,0.0,0.1383211673588929,50,0.0,0.0,0.0,0.0,1826,none,B1
sac_her,action_delay,2,0.0,-50.0,0.0,0.1383211673588929,50,0.0,0.0,0.0,0.0,1827,none,B1
sac_her,action_delay,2,0.0,-50.0,0.0,0.1383211673588929,50,0.0,0.0,0.0,0.0,1828,none,B1
sac_her,action_delay,2,0.0,-50.0,0.0,0.1383211673588929,50,0.0,0.0,0.0,0.0,1829,none,B1
sac_her_recovery_v2,action_delay,2,0.0,-38.0,1.0,0.14680275329681475,50,0.11066662520170212,0.6081624031066895,0.0,1.0,1830,v2,B2
sac_her_recovery_v2,action_delay,2,0.0,-38.0,1.0,0.14680275329681475,50,0.11066662520170212,0.6081624031066895,0.0,1.0,1831,v2,B2
sac_her_recovery_v2,action_delay,2,0.0,-38.0,1.0,0.14680275329681475,50,0.11066662520170212,0.6081624031066895,0.0,1.0,1832,v2,B2
sac_her_recovery_v2,action_delay,2,0.0,-38.0,1.0,0.14680275329681475,50,0.11066662520170212,0.6081624031066895,0.0,1.0,1833,v2,B2
sac_her_recovery_v2,action_delay,2,0.0,-38.0,1.0,0.14680275329681475,50,0.11066662520170212,0.6081624031066895,0.0,1.0,1834,v2,B2
sac_her_recovery_v2,action_delay,2,0.0,-38.0,1.0,0.14680275329681475,50,0.11066662520170212,0.6081624031066895,0.0,1.0,1835,v2,B2
sac_her_recovery_v2,action_delay,2,0.0,-38.0,1.0,0.14680275329681475,50,0.11066662520170212,0.6081624031066895,0.0,1.0,1836,v2,B2
sac_her_recovery_v2,action_delay,2,0.0,-38.0,1.0,0.14680275329681475,50,0.11066662520170212,0.6081624031066895,0.0,1.0,1837,v2,B2
sac_her_recovery_v2,action_delay,2,0.0,-38.0,1.0,0.14680275329681475,50,0.11066662520170212,0.6081624031066895,0.0,1.0,1838,v2,B2
sac_her_recovery_v2,action_delay,2,0.0,-38.0,1.0,0.14680275329681475,50,0.11066662520170212,0.6081624031066895,0.0,1.0,1839,v2,B2
sac_her_recovery_v2,action_delay,2,0.0,-38.0,1.0,0.14680275329681475,50,0.11066662520170212,0.6081624031066895,0.0,1.0,1840,v2,B2
sac_her_recovery_v2,action_delay,2,0.0,-38.0,1.0,0.14680275329681475,50,0.11066662520170212,0.6081624031066895,0.0,1.0,1841,v2,B2
sac_her_recovery_v2,action_delay,2,0.0,-38.0,1.0,0.14680275329681475,50,0.11066662520170212,0.6081624031066895,0.0,1.0,1842,v2,B2
sac_her_recovery_v2,action_delay,2,0.0,-38.0,1.0,0.14680275329681475,50,0.11066662520170212,0.6081624031066895,0.0,1.0,1843,v2,B2
sac_her_recovery_v2,action_delay,2,0.0,-38.0,1.0,0.14680275329681475,50,0.11066662520170212,0.6081624031066895,0.0,1.0,1844,v2,B2
sac_her_recovery_v2,action_delay,2,0.0,-38.0,1.0,0.14680275329681475,50,0.11066662520170212,0.6081624031066895,0.0,1.0,1845,v2,B2
sac_her_recovery_v2,action_delay,2,0.0,-38.0,1.0,0.14680275329681475,50,0.11066662520170212,0.6081624031066895,0.0,1.0,1846,v2,B2
sac_her_recovery_v2,action_delay,2,0.0,-38.0,1.0,0.14680275329681475,50,0.11066662520170212,0.6081624031066895,0.0,1.0,1847,v2,B2
sac_her_recovery_v2,action_delay,2,0.0,-38.0,1.0,0.14680275329681475,50,0.11066662520170212,0.6081624031066895,0.0,1.0,1848,v2,B2
sac_her_recovery_v2,action_delay,2,0.0,-38.0,1.0,0.14680275329681475,50,0.11066662520170212,0.6081624031066895,0.0,1.0,1849,v2,B2
sac_her_recovery_v2,action_delay,2,0.0,-38.0,1.0,0.14680275329681475,50,0.11066662520170212,0.6081624031066895,0.0,1.0,1850,v2,B2
sac_her_recovery_v2,action_delay,2,0.0,-38.0,1.0,0.14680275329681475,50,0.11066662520170212,0.6081624031066895,0.0,1.0,1851,v2,B2
sac_her_recovery_v2,action_delay,2,0.0,-38.0,1.0,0.14680275329681475,50,0.11066662520170212,0.6081624031066895,0.0,1.0,1852,v2,B2
sac_her_recovery_v2,action_delay,2,0.0,-38.0,1.0,0.14680275329681475,50,0.11066662520170212,0.6081624031066895,0.0,1.0,1853,v2,B2
sac_her_recovery_v2,action_delay,2,0.0,-38.0,1.0,0.14680275329681475,50,0.11066662520170212,0.6081624031066895,0.0,1.0,1854,v2,B2
sac_her_recovery_v2,action_delay,2,0.0,-38.0,1.0,0.14680275329681475,50,0.11066662520170212,0.6081624031066895,0.0,1.0,1855,v2,B2
sac_her_recovery_v2,action_delay,2,0.0,-38.0,1.0,0.14680275329681475,50,0.11066662520170212,0.6081624031066895,0.0,1.0,1856,v2,B2
sac_her_recovery_v2,action_delay,2,0.0,-38.0,1.0,0.14680275329681475,50,0.11066662520170212,0.6081624031066895,0.0,1.0,1857,v2,B2
sac_her_recovery_v2,action_delay,2,0.0,-38.0,1.0,0.14680275329681475,50,0.11066662520170212,0.6081624031066895,0.0,1.0,1858,v2,B2
sac_her_recovery_v2,action_delay,2,0.0,-38.0,1.0,0.14680275329681475,50,0.11066662520170212,0.6081624031066895,0.0,1.0,1859,v2,B2
sac_her_recovery_v3,action_delay,2,0.0,-36.0,1.0,0.1339927038837619,50,0.049596115946769714,0.3573895990848541,0.0,1.0,1860,v3,B3
sac_her_recovery_v3,action_delay,2,0.0,-36.0,1.0,0.1339927038837619,50,0.049596115946769714,0.3573895990848541,0.0,1.0,1861,v3,B3
sac_her_recovery_v3,action_delay,2,0.0,-36.0,1.0,0.1339927038837619,50,0.049596115946769714,0.3573895990848541,0.0,1.0,1862,v3,B3
sac_her_recovery_v3,action_delay,2,0.0,-36.0,1.0,0.1339927038837619,50,0.049596115946769714,0.3573895990848541,0.0,1.0,1863,v3,B3
sac_her_recovery_v3,action_delay,2,0.0,-36.0,1.0,0.1339927038837619,50,0.049596115946769714,0.3573895990848541,0.0,1.0,1864,v3,B3
sac_her_recovery_v3,action_delay,2,0.0,-36.0,1.0,0.1339927038837619,50,0.049596115946769714,0.3573895990848541,0.0,1.0,1865,v3,B3
sac_her_recovery_v3,action_delay,2,0.0,-36.0,1.0,0.1339927038837619,50,0.049596115946769714,0.3573895990848541,0.0,1.0,1866,v3,B3
sac_her_recovery_v3,action_delay,2,0.0,-36.0,1.0,0.1339927038837619,50,0.049596115946769714,0.3573895990848541,0.0,1.0,1867,v3,B3
sac_her_recovery_v3,action_delay,2,0.0,-36.0,1.0,0.1339927038837619,50,0.049596115946769714,0.3573895990848541,0.0,1.0,1868,v3,B3
sac_her_recovery_v3,action_delay,2,0.0,-36.0,1.0,0.1339927038837619,50,0.049596115946769714,0.3573895990848541,0.0,1.0,1869,v3,B3
sac_her_recovery_v3,action_delay,2,0.0,-36.0,1.0,0.1339927038837619,50,0.049596115946769714,0.3573895990848541,0.0,1.0,1870,v3,B3
sac_her_recovery_v3,action_delay,2,0.0,-36.0,1.0,0.1339927038837619,50,0.049596115946769714,0.3573895990848541,0.0,1.0,1871,v3,B3
sac_her_recovery_v3,action_delay,2,0.0,-36.0,1.0,0.1339927038837619,50,0.049596115946769714,0.3573895990848541,0.0,1.0,1872,v3,B3
sac_her_recovery_v3,action_delay,2,0.0,-36.0,1.0,0.1339927038837619,50,0.049596115946769714,0.3573895990848541,0.0,1.0,1873,v3,B3
sac_her_recovery_v3,action_delay,2,0.0,-36.0,1.0,0.1339927038837619,50,0.049596115946769714,0.3573895990848541,0.0,1.0,1874,v3,B3
sac_her_recovery_v3,action_delay,2,0.0,-36.0,1.0,0.1339927038837619,50,0.049596115946769714,0.3573895990848541,0.0,1.0,1875,v3,B3
sac_her_recovery_v3,action_delay,2,0.0,-36.0,1.0,0.1339927038837619,50,0.049596115946769714,0.3573895990848541,0.0,1.0,1876,v3,B3
sac_her_recovery_v3,action_delay,2,0.0,-36.0,1.0,0.1339927038837619,50,0.049596115946769714,0.3573895990848541,0.0,1.0,1877,v3,B3
sac_her_recovery_v3,action_delay,2,0.0,-36.0,1.0,0.1339927038837619,50,0.049596115946769714,0.3573895990848541,0.0,1.0,1878,v3,B3
sac_her_recovery_v3,action_delay,2,0.0,-36.0,1.0,0.1339927038837619,50,0.049596115946769714,0.3573895990848541,0.0,1.0,1879,v3,B3
sac_her_recovery_v3,action_delay,2,0.0,-36.0,1.0,0.1339927038837619,50,0.049596115946769714,0.3573895990848541,0.0,1.0,1880,v3,B3
sac_her_recovery_v3,action_delay,2,0.0,-36.0,1.0,0.1339927038837619,50,0.049596115946769714,0.3573895990848541,0.0,1.0,1881,v3,B3
sac_her_recovery_v3,action_delay,2,0.0,-36.0,1.0,0.1339927038837619,50,0.049596115946769714,0.3573895990848541,0.0,1.0,1882,v3,B3
sac_her_recovery_v3,action_delay,2,0.0,-36.0,1.0,0.1339927038837619,50,0.049596115946769714,0.3573895990848541,0.0,1.0,1883,v3,B3
sac_her_recovery_v3,action_delay,2,0.0,-36.0,1.0,0.1339927038837619,50,0.049596115946769714,0.3573895990848541,0.0,1.0,1884,v3,B3
sac_her_recovery_v3,action_delay,2,0.0,-36.0,1.0,0.1339927038837619,50,0.049596115946769714,0.3573895990848541,0.0,1.0,1885,v3,B3
sac_her_recovery_v3,action_delay,2,0.0,-36.0,1.0,0.1339927038837619,50,0.049596115946769714,0.3573895990848541,0.0,1.0,1886,v3,B3
sac_her_recovery_v3,action_delay,2,0.0,-36.0,1.0,0.1339927038837619,50,0.049596115946769714,0.3573895990848541,0.0,1.0,1887,v3,B3
sac_her_recovery_v3,action_delay,2,0.0,-36.0,1.0,0.1339927038837619,50,0.049596115946769714,0.3573895990848541,0.0,1.0,1888,v3,B3
sac_her_recovery_v3,action_delay,2,0.0,-36.0,1.0,0.1339927038837619,50,0.049596115946769714,0.3573895990848541,0.0,1.0,1889,v3,B3
sac_her,action_reversal,2,0.0,-50.0,0.0,0.8987166889595558,50,0.09977198392152786,1.8401530981063843,1.0,0.0,1890,none,B1
sac_her,action_reversal,2,0.0,-50.0,0.0,0.8987166889595558,50,0.09977198392152786,1.8401530981063843,1.0,0.0,1891,none,B1
sac_her,action_reversal,2,0.0,-50.0,0.0,0.8987166889595558,50,0.09977198392152786,1.8401530981063843,1.0,0.0,1892,none,B1
sac_her,action_reversal,2,0.0,-50.0,0.0,0.8987166889595558,50,0.09977198392152786,1.8401530981063843,1.0,0.0,1893,none,B1
sac_her,action_reversal,2,0.0,-50.0,0.0,0.8987166889595558,50,0.09977198392152786,1.8401530981063843,1.0,0.0,1894,none,B1
sac_her,action_reversal,2,0.0,-50.0,0.0,0.8987166889595558,50,0.09977198392152786,1.8401530981063843,1.0,0.0,1895,none,B1
sac_her,action_reversal,2,0.0,-50.0,0.0,0.8987166889595558,50,0.09977198392152786,1.8401530981063843,1.0,0.0,1896,none,B1
sac_her,action_reversal,2,0.0,-50.0,0.0,0.8987166889595558,50,0.09977198392152786,1.8401530981063843,1.0,0.0,1897,none,B1
sac_her,action_reversal,2,0.0,-50.0,0.0,0.8987166889595558,50,0.09977198392152786,1.8401530981063843,1.0,0.0,1898,none,B1
sac_her,action_reversal,2,0.0,-50.0,0.0,0.8987166889595558,50,0.09977198392152786,1.8401530981063843,1.0,0.0,1899,none,B1
sac_her,action_reversal,2,0.0,-50.0,0.0,0.8987166889595558,50,0.09977198392152786,1.8401530981063843,1.0,0.0,1900,none,B1
sac_her,action_reversal,2,0.0,-50.0,0.0,0.8987166889595558,50,0.09977198392152786,1.8401530981063843,1.0,0.0,1901,none,B1
sac_her,action_reversal,2,0.0,-50.0,0.0,0.8987166889595558,50,0.09977198392152786,1.8401530981063843,1.0,0.0,1902,none,B1
sac_her,action_reversal,2,0.0,-50.0,0.0,0.8987166889595558,50,0.09977198392152786,1.8401530981063843,1.0,0.0,1903,none,B1
sac_her,action_reversal,2,0.0,-50.0,0.0,0.8987166889595558,50,0.09977198392152786,1.8401530981063843,1.0,0.0,1904,none,B1
sac_her,action_reversal,2,0.0,-50.0,0.0,0.8987166889595558,50,0.09977198392152786,1.8401530981063843,1.0,0.0,1905,none,B1
sac_her,action_reversal,2,0.0,-50.0,0.0,0.8987166889595558,50,0.09977198392152786,1.8401530981063843,1.0,0.0,1906,none,B1
sac_her,action_reversal,2,0.0,-50.0,0.0,0.8987166889595558,50,0.09977198392152786,1.8401530981063843,1.0,0.0,1907,none,B1
sac_her,action_reversal,2,0.0,-50.0,0.0,0.8987166889595558,50,0.09977198392152786,1.8401530981063843,1.0,0.0,1908,none,B1
sac_her,action_reversal,2,0.0,-50.0,0.0,0.8987166889595558,50,0.09977198392152786,1.8401530981063843,1.0,0.0,1909,none,B1
sac_her,action_reversal,2,0.0,-50.0,0.0,0.8987166889595558,50,0.09977198392152786,1.8401530981063843,1.0,0.0,1910,none,B1
sac_her,action_reversal,2,0.0,-50.0,0.0,0.8987166889595558,50,0.09977198392152786,1.8401530981063843,1.0,0.0,1911,none,B1
sac_her,action_reversal,2,0.0,-50.0,0.0,0.8987166889595558,50,0.09977198392152786,1.8401530981063843,1.0,0.0,1912,none,B1
sac_her,action_reversal,2,0.0,-50.0,0.0,0.8987166889595558,50,0.09977198392152786,1.8401530981063843,1.0,0.0,1913,none,B1
sac_her,action_reversal,2,0.0,-50.0,0.0,0.8987166889595558,50,0.09977198392152786,1.8401530981063843,1.0,0.0,1914,none,B1
sac_her,action_reversal,2,0.0,-50.0,0.0,0.8987166889595558,50,0.09977198392152786,1.8401530981063843,1.0,0.0,1915,none,B1
sac_her,action_reversal,2,0.0,-50.0,0.0,0.8987166889595558,50,0.09977198392152786,1.8401530981063843,1.0,0.0,1916,none,B1
sac_her,action_reversal,2,0.0,-50.0,0.0,0.8987166889595558,50,0.09977198392152786,1.8401530981063843,1.0,0.0,1917,none,B1
sac_her,action_reversal,2,0.0,-50.0,0.0,0.8987166889595558,50,0.09977198392152786,1.8401530981063843,1.0,0.0,1918,none,B1
sac_her,action_reversal,2,0.0,-50.0,0.0,0.8987166889595558,50,0.09977198392152786,1.8401530981063843,1.0,0.0,1919,none,B1
sac_her_recovery_v2,action_reversal,2,0.0,-50.0,0.0,0.27691146759228646,50,0.88955157995224,1.3262351751327515,1.0,1.0,1920,v2,B2
sac_her_recovery_v2,action_reversal,2,0.0,-50.0,0.0,0.27691146759228646,50,0.88955157995224,1.3262351751327515,1.0,1.0,1921,v2,B2
sac_her_recovery_v2,action_reversal,2,0.0,-50.0,0.0,0.27691146759228646,50,0.88955157995224,1.3262351751327515,1.0,1.0,1922,v2,B2
sac_her_recovery_v2,action_reversal,2,0.0,-50.0,0.0,0.27691146759228646,50,0.88955157995224,1.3262351751327515,1.0,1.0,1923,v2,B2
sac_her_recovery_v2,action_reversal,2,0.0,-50.0,0.0,0.27691146759228646,50,0.88955157995224,1.3262351751327515,1.0,1.0,1924,v2,B2
sac_her_recovery_v2,action_reversal,2,0.0,-50.0,0.0,0.27691146759228646,50,0.88955157995224,1.3262351751327515,1.0,1.0,1925,v2,B2
sac_her_recovery_v2,action_reversal,2,0.0,-50.0,0.0,0.27691146759228646,50,0.88955157995224,1.3262351751327515,1.0,1.0,1926,v2,B2
sac_her_recovery_v2,action_reversal,2,0.0,-50.0,0.0,0.27691146759228646,50,0.88955157995224,1.3262351751327515,1.0,1.0,1927,v2,B2
sac_her_recovery_v2,action_reversal,2,0.0,-50.0,0.0,0.27691146759228646,50,0.88955157995224,1.3262351751327515,1.0,1.0,1928,v2,B2
sac_her_recovery_v2,action_reversal,2,0.0,-50.0,0.0,0.27691146759228646,50,0.88955157995224,1.3262351751327515,1.0,1.0,1929,v2,B2
sac_her_recovery_v2,action_reversal,2,0.0,-50.0,0.0,0.27691146759228646,50,0.88955157995224,1.3262351751327515,1.0,1.0,1930,v2,B2
sac_her_recovery_v2,action_reversal,2,0.0,-50.0,0.0,0.27691146759228646,50,0.88955157995224,1.3262351751327515,1.0,1.0,1931,v2,B2
sac_her_recovery_v2,action_reversal,2,0.0,-50.0,0.0,0.27691146759228646,50,0.88955157995224,1.3262351751327515,1.0,1.0,1932,v2,B2
sac_her_recovery_v2,action_reversal,2,0.0,-50.0,0.0,0.27691146759228646,50,0.88955157995224,1.3262351751327515,1.0,1.0,1933,v2,B2
sac_her_recovery_v2,action_reversal,2,0.0,-50.0,0.0,0.27691146759228646,50,0.88955157995224,1.3262351751327515,1.0,1.0,1934,v2,B2
sac_her_recovery_v2,action_reversal,2,0.0,-50.0,0.0,0.27691146759228646,50,0.88955157995224,1.3262351751327515,1.0,1.0,1935,v2,B2
sac_her_recovery_v2,action_reversal,2,0.0,-50.0,0.0,0.27691146759228646,50,0.88955157995224,1.3262351751327515,1.0,1.0,1936,v2,B2
sac_her_recovery_v2,action_reversal,2,0.0,-50.0,0.0,0.27691146759228646,50,0.88955157995224,1.3262351751327515,1.0,1.0,1937,v2,B2
sac_her_recovery_v2,action_reversal,2,0.0,-50.0,0.0,0.27691146759228646,50,0.88955157995224,1.3262351751327515,1.0,1.0,1938,v2,B2
sac_her_recovery_v2,action_reversal,2,0.0,-50.0,0.0,0.27691146759228646,50,0.88955157995224,1.3262351751327515,1.0,1.0,1939,v2,B2
sac_her_recovery_v2,action_reversal,2,0.0,-50.0,0.0,0.27691146759228646,50,0.88955157995224,1.3262351751327515,1.0,1.0,1940,v2,B2
sac_her_recovery_v2,action_reversal,2,0.0,-50.0,0.0,0.27691146759228646,50,0.88955157995224,1.3262351751327515,1.0,1.0,1941,v2,B2
sac_her_recovery_v2,action_reversal,2,0.0,-50.0,0.0,0.27691146759228646,50,0.88955157995224,1.3262351751327515,1.0,1.0,1942,v2,B2
sac_her_recovery_v2,action_reversal,2,0.0,-50.0,0.0,0.27691146759228646,50,0.88955157995224,1.3262351751327515,1.0,1.0,1943,v2,B2
sac_her_recovery_v2,action_reversal,2,0.0,-50.0,0.0,0.27691146759228646,50,0.88955157995224,1.3262351751327515,1.0,1.0,1944,v2,B2
sac_her_recovery_v2,action_reversal,2,0.0,-50.0,0.0,0.27691146759228646,50,0.88955157995224,1.3262351751327515,1.0,1.0,1945,v2,B2
sac_her_recovery_v2,action_reversal,2,0.0,-50.0,0.0,0.27691146759228646,50,0.88955157995224,1.3262351751327515,1.0,1.0,1946,v2,B2
sac_her_recovery_v2,action_reversal,2,0.0,-50.0,0.0,0.27691146759228646,50,0.88955157995224,1.3262351751327515,1.0,1.0,1947,v2,B2
sac_her_recovery_v2,action_reversal,2,0.0,-50.0,0.0,0.27691146759228646,50,0.88955157995224,1.3262351751327515,1.0,1.0,1948,v2,B2
sac_her_recovery_v2,action_reversal,2,0.0,-50.0,0.0,0.27691146759228646,50,0.88955157995224,1.3262351751327515,1.0,1.0,1949,v2,B2
sac_her_recovery_v3,action_reversal,2,0.0,-50.0,0.0,0.16880174598052322,50,0.6334905624389648,1.253036379814148,1.0,1.0,1950,v3,B3
sac_her_recovery_v3,action_reversal,2,0.0,-50.0,0.0,0.16880174598052322,50,0.6334905624389648,1.253036379814148,1.0,1.0,1951,v3,B3
sac_her_recovery_v3,action_reversal,2,0.0,-50.0,0.0,0.16880174598052322,50,0.6334905624389648,1.253036379814148,1.0,1.0,1952,v3,B3
sac_her_recovery_v3,action_reversal,2,0.0,-50.0,0.0,0.16880174598052322,50,0.6334905624389648,1.253036379814148,1.0,1.0,1953,v3,B3
sac_her_recovery_v3,action_reversal,2,0.0,-50.0,0.0,0.16880174598052322,50,0.6334905624389648,1.253036379814148,1.0,1.0,1954,v3,B3
sac_her_recovery_v3,action_reversal,2,0.0,-50.0,0.0,0.16880174598052322,50,0.6334905624389648,1.253036379814148,1.0,1.0,1955,v3,B3
sac_her_recovery_v3,action_reversal,2,0.0,-50.0,0.0,0.16880174598052322,50,0.6334905624389648,1.253036379814148,1.0,1.0,1956,v3,B3
sac_her_recovery_v3,action_reversal,2,0.0,-50.0,0.0,0.16880174598052322,50,0.6334905624389648,1.253036379814148,1.0,1.0,1957,v3,B3
sac_her_recovery_v3,action_reversal,2,0.0,-50.0,0.0,0.16880174598052322,50,0.6334905624389648,1.253036379814148,1.0,1.0,1958,v3,B3
sac_her_recovery_v3,action_reversal,2,0.0,-50.0,0.0,0.16880174598052322,50,0.6334905624389648,1.253036379814148,1.0,1.0,1959,v3,B3
sac_her_recovery_v3,action_reversal,2,0.0,-50.0,0.0,0.16880174598052322,50,0.6334905624389648,1.253036379814148,1.0,1.0,1960,v3,B3
sac_her_recovery_v3,action_reversal,2,0.0,-50.0,0.0,0.16880174598052322,50,0.6334905624389648,1.253036379814148,1.0,1.0,1961,v3,B3
sac_her_recovery_v3,action_reversal,2,0.0,-50.0,0.0,0.16880174598052322,50,0.6334905624389648,1.253036379814148,1.0,1.0,1962,v3,B3
sac_her_recovery_v3,action_reversal,2,0.0,-50.0,0.0,0.16880174598052322,50,0.6334905624389648,1.253036379814148,1.0,1.0,1963,v3,B3
sac_her_recovery_v3,action_reversal,2,0.0,-50.0,0.0,0.16880174598052322,50,0.6334905624389648,1.253036379814148,1.0,1.0,1964,v3,B3
sac_her_recovery_v3,action_reversal,2,0.0,-50.0,0.0,0.16880174598052322,50,0.6334905624389648,1.253036379814148,1.0,1.0,1965,v3,B3
sac_her_recovery_v3,action_reversal,2,0.0,-50.0,0.0,0.16880174598052322,50,0.6334905624389648,1.253036379814148,1.0,1.0,1966,v3,B3
sac_her_recovery_v3,action_reversal,2,0.0,-50.0,0.0,0.16880174598052322,50,0.6334905624389648,1.253036379814148,1.0,1.0,1967,v3,B3
sac_her_recovery_v3,action_reversal,2,0.0,-50.0,0.0,0.16880174598052322,50,0.6334905624389648,1.253036379814148,1.0,1.0,1968,v3,B3
sac_her_recovery_v3,action_reversal,2,0.0,-50.0,0.0,0.16880174598052322,50,0.6334905624389648,1.253036379814148,1.0,1.0,1969,v3,B3
sac_her_recovery_v3,action_reversal,2,0.0,-50.0,0.0,0.16880174598052322,50,0.6334905624389648,1.253036379814148,1.0,1.0,1970,v3,B3
sac_her_recovery_v3,action_reversal,2,0.0,-50.0,0.0,0.16880174598052322,50,0.6334905624389648,1.253036379814148,1.0,1.0,1971,v3,B3
sac_her_recovery_v3,action_reversal,2,0.0,-50.0,0.0,0.16880174598052322,50,0.6334905624389648,1.253036379814148,1.0,1.0,1972,v3,B3
sac_her_recovery_v3,action_reversal,2,0.0,-50.0,0.0,0.16880174598052322,50,0.6334905624389648,1.253036379814148,1.0,1.0,1973,v3,B3
sac_her_recovery_v3,action_reversal,2,0.0,-50.0,0.0,0.16880174598052322,50,0.6334905624389648,1.253036379814148,1.0,1.0,1974,v3,B3
sac_her_recovery_v3,action_reversal,2,0.0,-50.0,0.0,0.16880174598052322,50,0.6334905624389648,1.253036379814148,1.0,1.0,1975,v3,B3
sac_her_recovery_v3,action_reversal,2,0.0,-50.0,0.0,0.16880174598052322,50,0.6334905624389648,1.253036379814148,1.0,1.0,1976,v3,B3
sac_her_recovery_v3,action_reversal,2,0.0,-50.0,0.0,0.16880174598052322,50,0.6334905624389648,1.253036379814148,1.0,1.0,1977,v3,B3
sac_her_recovery_v3,action_reversal,2,0.0,-50.0,0.0,0.16880174598052322,50,0.6334905624389648,1.253036379814148,1.0,1.0,1978,v3,B3
sac_her_recovery_v3,action_reversal,2,0.0,-50.0,0.0,0.16880174598052322,50,0.6334905624389648,1.253036379814148,1.0,1.0,1979,v3,B3
sac_her,goal_spoof_immediate,2,0.1,-50.0,0.0,0.10146334911640799,50,0.030555885285139084,0.19501855969429016,0.0,0.0,1980,none,B1
sac_her,goal_spoof_immediate,2,0.1,-50.0,0.0,0.1129678098500808,50,0.042712174355983734,0.4788883626461029,1.0,0.0,1981,none,B1
sac_her,goal_spoof_immediate,2,0.1,-50.0,0.0,0.06515886245299217,50,0.02718328684568405,0.21259340643882751,0.0,0.0,1982,none,B1
sac_her,goal_spoof_immediate,2,0.1,-50.0,0.0,0.06144175481326172,50,0.039423517882823944,0.17468920350074768,1.0,0.0,1983,none,B1
sac_her,goal_spoof_immediate,2,0.1,-48.0,1.0,0.12512063869045453,50,0.040867727249860764,0.5861929655075073,1.0,0.0,1984,none,B1
sac_her,goal_spoof_immediate,2,0.1,-49.0,1.0,0.10327956198793996,50,0.06054094806313515,0.5290225744247437,1.0,0.0,1985,none,B1
sac_her,goal_spoof_immediate,2,0.1,-50.0,0.0,0.055773231721384174,50,0.03514540567994118,0.34049278497695923,1.0,0.0,1986,none,B1
sac_her,goal_spoof_immediate,2,0.1,-50.0,0.0,0.08476626206428453,50,0.042169369757175446,0.3364957869052887,1.0,0.0,1987,none,B1
sac_her,goal_spoof_immediate,2,0.1,-48.0,1.0,0.0705630527481319,50,0.04937177896499634,0.4879206120967865,1.0,0.0,1988,none,B1
sac_her,goal_spoof_immediate,2,0.1,-50.0,0.0,0.05042074049405945,50,0.04449203982949257,0.22604705393314362,1.0,0.0,1989,none,B1
sac_her,goal_spoof_immediate,2,0.1,-50.0,0.0,0.1480338021567267,50,0.04383135959506035,0.5021887421607971,1.0,0.0,1990,none,B1
sac_her,goal_spoof_immediate,2,0.1,-50.0,0.0,0.10264989885109169,50,0.02334858849644661,0.21363110840320587,0.0,0.0,1991,none,B1
sac_her,goal_spoof_immediate,2,0.1,-50.0,0.0,0.11825968222345447,50,0.04891391843557358,0.19522468745708466,1.0,0.0,1992,none,B1
sac_her,goal_spoof_immediate,2,0.1,-50.0,0.0,0.09462728391761435,50,0.05788573622703552,0.49415668845176697,1.0,0.0,1993,none,B1
sac_her,goal_spoof_immediate,2,0.1,-50.0,0.0,0.11489585370375838,50,0.046538323163986206,0.4347812235355377,1.0,0.0,1994,none,B1
sac_her,goal_spoof_immediate,2,0.1,-48.0,1.0,0.11808568454039245,50,0.04464948549866676,0.567193865776062,1.0,0.0,1995,none,B1
sac_her,goal_spoof_immediate,2,0.1,-48.0,1.0,0.08322623197108131,50,0.053466796875,0.5162737369537354,1.0,0.0,1996,none,B1
sac_her,goal_spoof_immediate,2,0.1,-50.0,0.0,0.11345356105772708,50,0.06700953841209412,0.5350523591041565,1.0,0.0,1997,none,B1
sac_her,goal_spoof_immediate,2,0.1,-50.0,0.0,0.17412151818709706,50,0.06751508265733719,0.5211275219917297,1.0,0.0,1998,none,B1
sac_her,goal_spoof_immediate,2,0.1,-50.0,0.0,0.11389727989231499,50,0.05640002340078354,0.3991886079311371,1.0,0.0,1999,none,B1
sac_her,goal_spoof_immediate,2,0.1,-50.0,0.0,0.0925987217601732,50,0.040925294160842896,0.2964821755886078,1.0,0.0,2000,none,B1
sac_her,goal_spoof_immediate,2,0.1,-50.0,0.0,0.11012905593093895,50,0.06373657286167145,0.502449631690979,1.0,0.0,2001,none,B1
sac_her,goal_spoof_immediate,2,0.1,-50.0,0.0,0.1474693360855308,50,0.0453040786087513,0.13053669035434723,0.0,0.0,2002,none,B1
sac_her,goal_spoof_immediate,2,0.1,-1.0,1.0,0.04088202838864776,50,0.04502449557185173,0.4024776518344879,1.0,0.0,2003,none,B1
sac_her,goal_spoof_immediate,2,0.1,-49.0,1.0,0.09197021732145884,50,0.05458344146609306,0.32410523295402527,1.0,0.0,2004,none,B1
sac_her,goal_spoof_immediate,2,0.1,-50.0,0.0,0.11732869874855735,50,0.05475662648677826,0.23109538853168488,1.0,0.0,2005,none,B1
sac_her,goal_spoof_immediate,2,0.1,-50.0,0.0,0.11075803179648089,50,0.04743058979511261,0.42708930373191833,1.0,0.0,2006,none,B1
sac_her,goal_spoof_immediate,2,0.1,-50.0,0.0,0.06727662096285575,50,0.054322972893714905,0.4584803283214569,1.0,0.0,2007,none,B1
sac_her,goal_spoof_immediate,2,0.1,-50.0,0.0,0.056013963890195174,50,0.0419103167951107,0.19972263276576996,1.0,0.0,2008,none,B1
sac_her,goal_spoof_immediate,2,0.1,-50.0,0.0,0.06786445847920682,50,0.04247342795133591,0.35171404480934143,1.0,0.0,2009,none,B1
sac_her_recovery_v2,goal_spoof_immediate,2,0.1,-1.0,1.0,0.0397510451174729,50,0.044734712690114975,0.34740787744522095,1.0,0.0,2010,v2,B2
sac_her_recovery_v2,goal_spoof_immediate,2,0.1,-50.0,0.0,0.09617378170593062,50,0.045536741614341736,0.1289077252149582,0.0,1.0,2011,v2,B2
sac_her_recovery_v2,goal_spoof_immediate,2,0.1,-48.0,1.0,0.09948272044820791,50,0.08823996782302856,0.50030517578125,1.0,1.0,2012,v2,B2
sac_her_recovery_v2,goal_spoof_immediate,2,0.1,-50.0,0.0,0.06442252503286126,50,0.03906331956386566,0.37067776918411255,1.0,0.0,2013,v2,B2
sac_her_recovery_v2,goal_spoof_immediate,2,0.1,-50.0,0.0,0.08802688067284237,50,0.03770953416824341,0.2102918028831482,0.0,0.0,2014,v2,B2
sac_her_recovery_v2,goal_spoof_immediate,2,0.1,-3.0,1.0,0.042819607562870676,50,0.0338631272315979,0.21193842589855194,1.0,0.0,2015,v2,B2
sac_her_recovery_v2,goal_spoof_immediate,2,0.1,-50.0,0.0,0.11626405721871452,50,0.07342899590730667,0.2077135294675827,1.0,1.0,2016,v2,B2
sac_her_recovery_v2,goal_spoof_immediate,2,0.1,-50.0,0.0,0.1069054341190361,50,0.054326582700014114,0.10940708220005035,0.0,1.0,2017,v2,B2
sac_her_recovery_v2,goal_spoof_immediate,2,0.1,-50.0,0.0,0.1393221709353396,50,0.08851116895675659,0.20088793337345123,1.0,1.0,2018,v2,B2
sac_her_recovery_v2,goal_spoof_immediate,2,0.1,-50.0,0.0,0.11445405484191783,50,0.07200989872217178,0.12779557704925537,0.0,1.0,2019,v2,B2
sac_her_recovery_v2,goal_spoof_immediate,2,0.1,-50.0,0.0,0.061045502447410006,50,0.047120630741119385,0.26891276240348816,1.0,0.0,2020,v2,B2
sac_her_recovery_v2,goal_spoof_immediate,2,0.1,-1.0,1.0,0.019604793024866004,50,0.04095373675227165,0.3774084746837616,1.0,0.0,2021,v2,B2
sac_her_recovery_v2,goal_spoof_immediate,2,0.1,-48.0,1.0,0.07901957360765106,50,0.043521132320165634,0.5112154483795166,1.0,0.0,2022,v2,B2
sac_her_recovery_v2,goal_spoof_immediate,2,0.1,-48.0,1.0,0.064989864957477,50,0.05074450746178627,0.2548661530017853,1.0,0.0,2023,v2,B2
sac_her_recovery_v2,goal_spoof_immediate,2,0.1,-48.0,1.0,0.09878768011384537,50,0.08940842002630234,0.3561626374721527,1.0,1.0,2024,v2,B2
sac_her_recovery_v2,goal_spoof_immediate,2,0.1,-50.0,0.0,0.09301930635575456,50,0.03340521082282066,0.13092684745788574,0.0,0.0,2025,v2,B2
sac_her_recovery_v2,goal_spoof_immediate,2,0.1,-50.0,0.0,0.11646817814995691,50,0.08158604800701141,0.19397130608558655,0.0,1.0,2026,v2,B2
sac_her_recovery_v2,goal_spoof_immediate,2,0.1,-50.0,0.0,0.06791594556989156,50,0.024077830836176872,0.16346701979637146,0.0,0.0,2027,v2,B2
sac_her_recovery_v2,goal_spoof_immediate,2,0.1,-50.0,0.0,0.08246519097058598,50,0.04857400059700012,0.20761017501354218,1.0,0.0,2028,v2,B2
sac_her_recovery_v2,goal_spoof_immediate,2,0.1,-50.0,0.0,0.09907389357692095,50,0.05991660803556442,0.11490783095359802,0.0,1.0,2029,v2,B2
sac_her_recovery_v2,goal_spoof_immediate,2,0.1,-50.0,0.0,0.14793263387665329,50,0.4221726655960083,0.3248855471611023,0.0,1.0,2030,v2,B2
sac_her_recovery_v2,goal_spoof_immediate,2,0.1,-50.0,0.0,0.12044454691441257,50,0.07941849529743195,0.26189514994621277,1.0,1.0,2031,v2,B2
sac_her_recovery_v2,goal_spoof_immediate,2,0.1,-50.0,0.0,0.13935654354400215,50,0.10918336361646652,0.5468270778656006,1.0,1.0,2032,v2,B2
sac_her_recovery_v2,goal_spoof_immediate,2,0.1,-50.0,0.0,0.12634600064682786,50,0.10054425150156021,0.46832919120788574,1.0,1.0,2033,v2,B2
sac_her_recovery_v2,goal_spoof_immediate,2,0.1,-50.0,0.0,0.12736316105208575,50,0.09684205800294876,0.5233697295188904,1.0,1.0,2034,v2,B2
sac_her_recovery_v2,goal_spoof_immediate,2,0.1,-50.0,0.0,0.10888568072504178,50,0.07701021432876587,0.3606710135936737,0.0,1.0,2035,v2,B2
sac_her_recovery_v2,goal_spoof_immediate,2,0.1,-50.0,0.0,0.11091297991214667,50,0.07424572855234146,0.316480815410614,1.0,1.0,2036,v2,B2
sac_her_recovery_v2,goal_spoof_immediate,2,0.1,-50.0,0.0,0.09397510706615739,50,0.07747785747051239,0.3976696729660034,1.0,1.0,2037,v2,B2
sac_her_recovery_v2,goal_spoof_immediate,2,0.1,-50.0,0.0,0.08933620375568266,50,0.037929244339466095,0.19709721207618713,1.0,0.0,2038,v2,B2
sac_her_recovery_v2,goal_spoof_immediate,2,0.1,-47.0,1.0,0.08210027915055645,50,0.057657353579998016,0.5285630226135254,1.0,0.0,2039,v2,B2
sac_her_recovery_v3,goal_spoof_immediate,2,0.1,-49.0,1.0,0.07642767777189444,50,0.055997103452682495,0.4978766143321991,1.0,0.0,2040,v3,B3
sac_her_recovery_v3,goal_spoof_immediate,2,0.1,-47.0,1.0,0.05946810915188909,50,0.050076473504304886,0.2918075621128082,1.0,0.0,2041,v3,B3
sac_her_recovery_v3,goal_spoof_immediate,2,0.1,-50.0,0.0,0.08826507109068898,50,0.024743376299738884,0.11432832479476929,0.0,0.0,2042,v3,B3
sac_her_recovery_v3,goal_spoof_immediate,2,0.1,-50.0,0.0,0.06637707651103442,50,0.05070946738123894,0.4071868062019348,1.0,0.0,2043,v3,B3
sac_her_recovery_v3,goal_spoof_immediate,2,0.1,-50.0,0.0,0.10233812127218939,50,0.06436221301555634,0.1289346069097519,0.0,1.0,2044,v3,B3
sac_her_recovery_v3,goal_spoof_immediate,2,0.1,-49.0,1.0,0.09473359707619013,50,0.1123146042227745,0.47284820675849915,0.0,1.0,2045,v3,B3
sac_her_recovery_v3,goal_spoof_immediate,2,0.1,-50.0,0.0,0.13862561724917608,50,0.13064150512218475,0.2648412883281708,1.0,1.0,2046,v3,B3
sac_her_recovery_v3,goal_spoof_immediate,2,0.1,-48.0,1.0,0.09053864827046047,50,0.05223706364631653,0.40612927079200745,1.0,0.0,2047,v3,B3
sac_her_recovery_v3,goal_spoof_immediate,2,0.1,-50.0,0.0,0.08204410769104312,50,0.03534560650587082,0.2469077706336975,1.0,0.0,2048,v3,B3
sac_her_recovery_v3,goal_spoof_immediate,2,0.1,-50.0,0.0,0.09266183847761829,50,0.037899766117334366,0.2187446653842926,1.0,0.0,2049,v3,B3
sac_her_recovery_v3,goal_spoof_immediate,2,0.1,-50.0,0.0,0.13160667231740805,50,0.11391114443540573,0.1886879950761795,0.0,1.0,2050,v3,B3
sac_her_recovery_v3,goal_spoof_immediate,2,0.1,-2.0,1.0,0.03156222991131072,50,0.036862246692180634,0.23078474402427673,1.0,0.0,2051,v3,B3
sac_her_recovery_v3,goal_spoof_immediate,2,0.1,-50.0,0.0,0.1310009766282895,50,0.12697699666023254,0.2621484696865082,1.0,1.0,2052,v3,B3
sac_her_recovery_v3,goal_spoof_immediate,2,0.1,-50.0,0.0,0.12688858410582737,50,0.13030391931533813,0.3329322040081024,1.0,1.0,2053,v3,B3
sac_her_recovery_v3,goal_spoof_immediate,2,0.1,-50.0,0.0,0.11763016406753149,50,0.13265399634838104,0.5238035321235657,1.0,1.0,2054,v3,B3
sac_her_recovery_v3,goal_spoof_immediate,2,0.1,-50.0,0.0,0.09967706233943506,50,0.06910676509141922,0.15276144444942474,0.0,1.0,2055,v3,B3
sac_her_recovery_v3,goal_spoof_immediate,2,0.1,-49.0,1.0,0.10012114081249997,50,0.09779147803783417,0.36000800132751465,1.0,1.0,2056,v3,B3
sac_her_recovery_v3,goal_spoof_immediate,2,0.1,-50.0,0.0,0.12231311710220753,50,0.1135522872209549,0.23053722083568573,0.0,1.0,2057,v3,B3
sac_her_recovery_v3,goal_spoof_immediate,2,0.1,-50.0,0.0,0.16626994844843976,50,0.65910804271698,0.7459505200386047,1.0,1.0,2058,v3,B3
sac_her_recovery_v3,goal_spoof_immediate,2,0.1,-50.0,0.0,0.08342645631197468,50,0.03990877792239189,0.2904163599014282,1.0,0.0,2059,v3,B3
sac_her_recovery_v3,goal_spoof_immediate,2,0.1,-50.0,0.0,0.12238015003004235,50,0.11457640677690506,0.20871759951114655,0.0,1.0,2060,v3,B3
sac_her_recovery_v3,goal_spoof_immediate,2,0.1,-50.0,0.0,0.12206594893342163,50,0.11960162222385406,0.49143123626708984,1.0,1.0,2061,v3,B3
sac_her_recovery_v3,goal_spoof_immediate,2,0.1,-47.0,1.0,0.06636545490535249,50,0.05343771353363991,0.4829191267490387,1.0,0.0,2062,v3,B3
sac_her_recovery_v3,goal_spoof_immediate,2,0.1,-48.0,1.0,0.0735548025460246,50,0.046292778104543686,0.4003317356109619,1.0,0.0,2063,v3,B3
sac_her_recovery_v3,goal_spoof_immediate,2,0.1,-50.0,0.0,0.10033778342886994,50,0.09504371136426926,0.23939724266529083,0.0,1.0,2064,v3,B3
sac_her_recovery_v3,goal_spoof_immediate,2,0.1,-48.0,1.0,0.09080200059692631,50,0.04350686073303223,0.5625954866409302,1.0,0.0,2065,v3,B3
sac_her_recovery_v3,goal_spoof_immediate,2,0.1,-48.0,1.0,0.0823452749531048,50,0.049521420150995255,0.43595972657203674,1.0,0.0,2066,v3,B3
sac_her_recovery_v3,goal_spoof_immediate,2,0.1,-50.0,0.0,0.12318459897116611,50,0.10745754092931747,0.18653656542301178,0.0,1.0,2067,v3,B3
sac_her_recovery_v3,goal_spoof_immediate,2,0.1,-50.0,0.0,0.10481229477032755,50,0.10641632974147797,0.3212489187717438,1.0,1.0,2068,v3,B3
sac_her_recovery_v3,goal_spoof_immediate,2,0.1,-50.0,0.0,0.08301531050790939,50,0.05138517916202545,0.4394952356815338,1.0,0.0,2069,v3,B3
sac_her,goal_spoof_midep,2,0.1,-29.0,1.0,0.06548434357480154,50,0.09001769125461578,0.4479354918003082,1.0,0.0,2070,none,B1
sac_her,goal_spoof_midep,2,0.1,-30.0,1.0,0.07916983910594808,50,0.09850990772247314,0.38837745785713196,1.0,0.0,2071,none,B1
sac_her,goal_spoof_midep,2,0.1,-30.0,1.0,0.09240715071716463,50,0.10988853126764297,0.4464290738105774,1.0,0.0,2072,none,B1
sac_her,goal_spoof_midep,2,0.1,-30.0,1.0,0.10071618775905489,50,0.10421602427959442,0.46517524123191833,1.0,0.0,2073,none,B1
sac_her,goal_spoof_midep,2,0.1,-31.0,1.0,0.15514682022564732,50,0.11686153709888458,0.30058327317237854,1.0,0.0,2074,none,B1
sac_her,goal_spoof_midep,2,0.1,-1.0,1.0,0.03822266589342798,50,0.06507165729999542,0.32609379291534424,1.0,0.0,2075,none,B1
sac_her,goal_spoof_midep,2,0.1,-31.0,1.0,0.13703522340101298,50,0.12706127762794495,0.261356920003891,1.0,0.0,2076,none,B1
sac_her,goal_spoof_midep,2,0.1,-31.0,1.0,0.11758075832628954,50,0.1173999235033989,0.4306592643260956,1.0,0.0,2077,none,B1
sac_her,goal_spoof_midep,2,0.1,-30.0,1.0,0.07005702688631561,50,0.09232022613286972,0.27295318245887756,1.0,0.0,2078,none,B1
sac_her,goal_spoof_midep,2,0.1,-30.0,1.0,0.10754185481290954,50,0.11131472140550613,0.49232569336891174,1.0,0.0,2079,none,B1
sac_her,goal_spoof_midep,2,0.1,-30.0,1.0,0.09757168527146512,50,0.09901049733161926,0.46044766902923584,1.0,0.0,2080,none,B1
sac_her,goal_spoof_midep,2,0.1,-31.0,1.0,0.09853543733905233,50,0.11043296754360199,0.267252653837204,1.0,0.0,2081,none,B1
sac_her,goal_spoof_midep,2,0.1,-30.0,1.0,0.10385668350431317,50,0.10248563438653946,0.25047388672828674,1.0,0.0,2082,none,B1
sac_her,goal_spoof_midep,2,0.1,-31.0,1.0,0.14724597942653278,50,0.11466103792190552,0.30409151315689087,1.0,0.0,2083,none,B1
sac_her,goal_spoof_midep,2,0.1,-31.0,1.0,0.13579872586202044,50,0.11638496071100235,0.48719924688339233,1.0,0.0,2084,none,B1
sac_her,goal_spoof_midep,2,0.1,-30.0,1.0,0.08258167172236926,50,0.10396086424589157,0.42334941029548645,1.0,0.0,2085,none,B1
sac_her,goal_spoof_midep,2,0.1,-31.0,1.0,0.1188556325391149,50,0.11756779253482819,0.2575317621231079,1.0,0.0,2086,none,B1
sac_her,goal_spoof_midep,2,0.1,-31.0,1.0,0.0988043383715987,50,0.11107940971851349,0.45605164766311646,1.0,0.0,2087,none,B1
sac_her,goal_spoof_midep,2,0.1,-31.0,1.0,0.11898226276526772,50,0.11584410071372986,0.26484593749046326,1.0,0.0,2088,none,B1
sac_her,goal_spoof_midep,2,0.1,-31.0,1.0,0.12301307251845647,50,0.11759335547685623,0.2748428285121918,1.0,0.0,2089,none,B1
sac_her,goal_spoof_midep,2,0.1,-29.0,1.0,0.05671204756055623,50,0.07861185818910599,0.39762964844703674,1.0,0.0,2090,none,B1
sac_her,goal_spoof_midep,2,0.1,-31.0,1.0,0.10828356986184703,50,0.11317688226699829,0.4646834433078766,1.0,0.0,2091,none,B1
sac_her,goal_spoof_midep,2,0.1,-30.0,1.0,0.09605404132598819,50,0.1043543741106987,0.26463812589645386,1.0,0.0,2092,none,B1
sac_her,goal_spoof_midep,2,0.1,-31.0,1.0,0.10705488833112635,50,0.10873983055353165,0.3274911046028137,1.0,0.0,2093,none,B1
sac_her,goal_spoof_midep,2,0.1,-1.0,1.0,0.026683263057695455,50,0.06103605031967163,0.3627806603908539,1.0,0.0,2094,none,B1
sac_her,goal_spoof_midep,2,0.1,-30.0,1.0,0.08205266828616929,50,0.099575936794281,0.3025338053703308,1.0,0.0,2095,none,B1
sac_her,goal_spoof_midep,2,0.1,-30.0,1.0,0.12223513135530235,50,0.1112137883901596,0.4584827423095703,1.0,0.0,2096,none,B1
sac_her,goal_spoof_midep,2,0.1,-1.0,1.0,0.04382733907863029,50,0.07212353497743607,0.37747108936309814,1.0,0.0,2097,none,B1
sac_her,goal_spoof_midep,2,0.1,-30.0,1.0,0.06776591323184415,50,0.08493801206350327,0.3197154402732849,1.0,0.0,2098,none,B1
sac_her,goal_spoof_midep,2,0.1,-31.0,1.0,0.12455395830309486,50,0.12184029072523117,0.3609990179538727,1.0,0.0,2099,none,B1
sac_her_recovery_v2,goal_spoof_midep,2,0.1,-31.0,1.0,0.08316317850478987,50,0.09542953968048096,0.2795547544956207,1.0,0.0,2100,v2,B2
sac_her_recovery_v2,goal_spoof_midep,2,0.1,-31.0,1.0,0.10668312693558839,50,0.11289195716381073,0.358071506023407,1.0,0.0,2101,v2,B2
sac_her_recovery_v2,goal_spoof_midep,2,0.1,-30.0,1.0,0.08580373388265988,50,0.09530776739120483,0.419999897480011,1.0,0.0,2102,v2,B2
sac_her_recovery_v2,goal_spoof_midep,2,0.1,-31.0,1.0,0.12857550976691137,50,0.12489919364452362,0.26591309905052185,1.0,0.0,2103,v2,B2
sac_her_recovery_v2,goal_spoof_midep,2,0.1,-30.0,1.0,0.09448085661949732,50,0.09932772070169449,0.32091549038887024,1.0,0.0,2104,v2,B2
sac_her_recovery_v2,goal_spoof_midep,2,0.1,-30.0,1.0,0.09175375580299369,50,0.09957656264305115,0.3961484134197235,1.0,0.0,2105,v2,B2
sac_her_recovery_v2,goal_spoof_midep,2,0.1,-1.0,1.0,0.01966116385863024,50,0.05792074277997017,0.32419490814208984,1.0,0.0,2106,v2,B2
sac_her_recovery_v2,goal_spoof_midep,2,0.1,-30.0,1.0,0.0823605359162098,50,0.10208259522914886,0.2605741620063782,1.0,0.0,2107,v2,B2
sac_her_recovery_v2,goal_spoof_midep,2,0.1,-31.0,1.0,0.15385885636612903,50,0.3774828612804413,0.6009777188301086,1.0,1.0,2108,v2,B2
sac_her_recovery_v2,goal_spoof_midep,2,0.1,-30.0,1.0,0.08039612192615525,50,0.09904758632183075,0.38674473762512207,1.0,0.0,2109,v2,B2
sac_her_recovery_v2,goal_spoof_midep,2,0.1,-1.0,1.0,0.02141932246810693,50,0.0483698807656765,0.33487772941589355,1.0,0.0,2110,v2,B2
sac_her_recovery_v2,goal_spoof_midep,2,0.1,-31.0,1.0,0.09019322508864804,50,0.10778038203716278,0.43855682015419006,1.0,0.0,2111,v2,B2
sac_her_recovery_v2,goal_spoof_midep,2,0.1,-30.0,1.0,0.07236953288374096,50,0.09523693472146988,0.2804645001888275,1.0,0.0,2112,v2,B2
sac_her_recovery_v2,goal_spoof_midep,2,0.1,-31.0,1.0,0.11358253061596137,50,0.10863370448350906,0.4595308303833008,1.0,0.0,2113,v2,B2
sac_her_recovery_v2,goal_spoof_midep,2,0.1,-31.0,1.0,0.09403090521650281,50,0.10174204409122467,0.3166854977607727,1.0,0.0,2114,v2,B2
sac_her_recovery_v2,goal_spoof_midep,2,0.1,-31.0,1.0,0.1128799606345728,50,0.11880028247833252,0.3852781057357788,1.0,0.0,2115,v2,B2
sac_her_recovery_v2,goal_spoof_midep,2,0.1,-30.0,1.0,0.08121771462959128,50,0.09697498381137848,0.32024332880973816,1.0,0.0,2116,v2,B2
sac_her_recovery_v2,goal_spoof_midep,2,0.1,-30.0,1.0,0.07526552753198186,50,0.09382839500904083,0.4434839189052582,1.0,0.0,2117,v2,B2
sac_her_recovery_v2,goal_spoof_midep,2,0.1,-31.0,1.0,0.12065044770958601,50,0.10734196752309799,0.3438531458377838,1.0,0.0,2118,v2,B2
sac_her_recovery_v2,goal_spoof_midep,2,0.1,-30.0,1.0,0.09198086341545547,50,0.11120325326919556,0.4553396999835968,1.0,0.0,2119,v2,B2
sac_her_recovery_v2,goal_spoof_midep,2,0.1,-31.0,1.0,0.10775870600131289,50,0.10903244465589523,0.3160361647605896,1.0,0.0,2120,v2,B2
sac_her_recovery_v2,goal_spoof_midep,2,0.1,-30.0,1.0,0.09705839196702498,50,0.09827442467212677,0.3050873875617981,1.0,0.0,2121,v2,B2
sac_her_recovery_v2,goal_spoof_midep,2,0.1,-30.0,1.0,0.1079706367177895,50,0.10416357219219208,0.5050316452980042,1.0,0.0,2122,v2,B2
sac_her_recovery_v2,goal_spoof_midep,2,0.1,-31.0,1.0,0.13787751458545483,50,0.11248652637004852,0.3266344368457794,1.0,0.0,2123,v2,B2
sac_her_recovery_v2,goal_spoof_midep,2,0.1,-29.0,1.0,0.0657204819711166,50,0.08605609834194183,0.4343526065349579,1.0,0.0,2124,v2,B2
sac_her_recovery_v2,goal_spoof_midep,2,0.1,-30.0,1.0,0.09929255793921128,50,0.09841401129961014,0.3532225489616394,1.0,0.0,2125,v2,B2
sac_her_recovery_v2,goal_spoof_midep,2,0.1,-30.0,1.0,0.08387070147435083,50,0.0996682196855545,0.36827588081359863,1.0,0.0,2126,v2,B2
sac_her_recovery_v2,goal_spoof_midep,2,0.1,-30.0,1.0,0.06540718193138903,50,0.08518968522548676,0.3336508274078369,1.0,0.0,2127,v2,B2
sac_her_recovery_v2,goal_spoof_midep,2,0.1,-30.0,1.0,0.08419551854667218,50,0.08659621328115463,0.3693261742591858,1.0,0.0,2128,v2,B2
sac_her_recovery_v2,goal_spoof_midep,2,0.1,-30.0,1.0,0.13078164876789142,50,0.1179228201508522,0.44908976554870605,1.0,0.0,2129,v2,B2
sac_her_recovery_v3,goal_spoof_midep,2,0.1,-30.0,1.0,0.09845496073485394,50,0.10671185702085495,0.48439696431159973,1.0,0.0,2130,v3,B3
sac_her_recovery_v3,goal_spoof_midep,2,0.1,-26.0,1.0,0.05246084768364483,50,0.08562268316745758,0.3420775234699249,1.0,0.0,2131,v3,B3
sac_her_recovery_v3,goal_spoof_midep,2,0.1,-30.0,1.0,0.09101725475508254,50,0.0886663869023323,0.43913277983665466,1.0,0.0,2132,v3,B3
sac_her_recovery_v3,goal_spoof_midep,2,0.1,-31.0,1.0,0.12102024508105068,50,0.11806605756282806,0.2558925747871399,1.0,0.0,2133,v3,B3
sac_her_recovery_v3,goal_spoof_midep,2,0.1,-30.0,1.0,0.08112421937286755,50,0.10182332992553711,0.41433730721473694,1.0,0.0,2134,v3,B3
sac_her_recovery_v3,goal_spoof_midep,2,0.1,-30.0,1.0,0.12492261462712904,50,0.10743334144353867,0.36143216490745544,1.0,0.0,2135,v3,B3
sac_her_recovery_v3,goal_spoof_midep,2,0.1,-31.0,1.0,0.12644525838611329,50,0.12449357658624649,0.27856919169425964,1.0,0.0,2136,v3,B3
sac_her_recovery_v3,goal_spoof_midep,2,0.1,-31.0,1.0,0.13619885808386403,50,0.11982791125774384,0.4649505913257599,1.0,0.0,2137,v3,B3
sac_her_recovery_v3,goal_spoof_midep,2,0.1,-30.0,1.0,0.1208487243073797,50,0.11718740314245224,0.5258644223213196,1.0,0.0,2138,v3,B3
sac_her_recovery_v3,goal_spoof_midep,2,0.1,-30.0,1.0,0.09002726646594221,50,0.10551437735557556,0.48566243052482605,1.0,0.0,2139,v3,B3
sac_her_recovery_v3,goal_spoof_midep,2,0.1,-30.0,1.0,0.10782345984624529,50,0.10209821164608002,0.41041600704193115,1.0,0.0,2140,v3,B3
sac_her_recovery_v3,goal_spoof_midep,2,0.1,-30.0,1.0,0.11736180795100826,50,0.12387669086456299,0.2675200402736664,1.0,0.0,2141,v3,B3
sac_her_recovery_v3,goal_spoof_midep,2,0.1,-31.0,1.0,0.09029284075041079,50,0.10311855375766754,0.32038193941116333,1.0,0.0,2142,v3,B3
sac_her_recovery_v3,goal_spoof_midep,2,0.1,-31.0,1.0,0.10675544908649,50,0.11122475564479828,0.425925076007843,1.0,0.0,2143,v3,B3
sac_her_recovery_v3,goal_spoof_midep,2,0.1,-31.0,1.0,0.11050883273894882,50,0.11271320283412933,0.4595898687839508,1.0,0.0,2144,v3,B3
sac_her_recovery_v3,goal_spoof_midep,2,0.1,-30.0,1.0,0.12470032180163501,50,0.11762061715126038,0.523952066898346,1.0,0.0,2145,v3,B3
sac_her_recovery_v3,goal_spoof_midep,2,0.1,-31.0,1.0,0.08462273893620709,50,0.09981359541416168,0.32255443930625916,1.0,0.0,2146,v3,B3
sac_her_recovery_v3,goal_spoof_midep,2,0.1,-31.0,1.0,0.11614410570777127,50,0.4486767649650574,0.6190605759620667,1.0,1.0,2147,v3,B3
sac_her_recovery_v3,goal_spoof_midep,2,0.1,-30.0,1.0,0.08623563874754896,50,0.09390515089035034,0.3848342001438141,1.0,0.0,2148,v3,B3
sac_her_recovery_v3,goal_spoof_midep,2,0.1,-30.0,1.0,0.07180841471033757,50,0.08861030638217926,0.3556530475616455,1.0,0.0,2149,v3,B3
sac_her_recovery_v3,goal_spoof_midep,2,0.1,-30.0,1.0,0.09894977939494871,50,0.11113227903842926,0.44176536798477173,1.0,0.0,2150,v3,B3
sac_her_recovery_v3,goal_spoof_midep,2,0.1,-31.0,1.0,0.11370230889264271,50,0.11504525691270828,0.2588682174682617,1.0,0.0,2151,v3,B3
sac_her_recovery_v3,goal_spoof_midep,2,0.1,-31.0,1.0,0.1056226161909347,50,0.11177034676074982,0.26812997460365295,1.0,0.0,2152,v3,B3
sac_her_recovery_v3,goal_spoof_midep,2,0.1,-1.0,1.0,0.026792868921513082,50,0.06259790062904358,0.34250301122665405,1.0,0.0,2153,v3,B3
sac_her_recovery_v3,goal_spoof_midep,2,0.1,-29.0,1.0,0.060821642910167346,50,0.08318539708852768,0.2587212026119232,1.0,0.0,2154,v3,B3
sac_her_recovery_v3,goal_spoof_midep,2,0.1,-30.0,1.0,0.07145166653825452,50,0.09483149647712708,0.4222269356250763,1.0,0.0,2155,v3,B3
sac_her_recovery_v3,goal_spoof_midep,2,0.1,-31.0,1.0,0.10000310522059697,50,0.09870735555887222,0.286363422870636,1.0,0.0,2156,v3,B3
sac_her_recovery_v3,goal_spoof_midep,2,0.1,-30.0,1.0,0.12029765902820269,50,0.11533603817224503,0.4678918719291687,1.0,0.0,2157,v3,B3
sac_her_recovery_v3,goal_spoof_midep,2,0.1,-29.0,1.0,0.06878519252422703,50,0.09987211972475052,0.44633352756500244,1.0,0.0,2158,v3,B3
sac_her_recovery_v3,goal_spoof_midep,2,0.1,-30.0,1.0,0.10321046827504839,50,0.11236253380775452,0.43800148367881775,1.0,0.0,2159,v3,B3
sac_her,clean,3,0.0,-2.0,1.0,0.01495280072324104,50,0.04576638713479042,0.36285600066185,1.0,0.0,2160,none,B0
sac_her,clean,3,0.0,-2.0,1.0,0.01495280072324104,50,0.04576638713479042,0.36285600066185,1.0,0.0,2161,none,B0
sac_her,clean,3,0.0,-2.0,1.0,0.01495280072324104,50,0.04576638713479042,0.36285600066185,1.0,0.0,2162,none,B0
sac_her,clean,3,0.0,-2.0,1.0,0.01495280072324104,50,0.04576638713479042,0.36285600066185,1.0,0.0,2163,none,B0
sac_her,clean,3,0.0,-2.0,1.0,0.01495280072324104,50,0.04576638713479042,0.36285600066185,1.0,0.0,2164,none,B0
sac_her,clean,3,0.0,-2.0,1.0,0.01495280072324104,50,0.04576638713479042,0.36285600066185,1.0,0.0,2165,none,B0
sac_her,clean,3,0.0,-2.0,1.0,0.01495280072324104,50,0.04576638713479042,0.36285600066185,1.0,0.0,2166,none,B0
sac_her,clean,3,0.0,-2.0,1.0,0.01495280072324104,50,0.04576638713479042,0.36285600066185,1.0,0.0,2167,none,B0
sac_her,clean,3,0.0,-2.0,1.0,0.01495280072324104,50,0.04576638713479042,0.36285600066185,1.0,0.0,2168,none,B0
sac_her,clean,3,0.0,-2.0,1.0,0.01495280072324104,50,0.04576638713479042,0.36285600066185,1.0,0.0,2169,none,B0
sac_her,clean,3,0.0,-2.0,1.0,0.01495280072324104,50,0.04576638713479042,0.36285600066185,1.0,0.0,2170,none,B0
sac_her,clean,3,0.0,-2.0,1.0,0.01495280072324104,50,0.04576638713479042,0.36285600066185,1.0,0.0,2171,none,B0
sac_her,clean,3,0.0,-2.0,1.0,0.01495280072324104,50,0.04576638713479042,0.36285600066185,1.0,0.0,2172,none,B0
sac_her,clean,3,0.0,-2.0,1.0,0.01495280072324104,50,0.04576638713479042,0.36285600066185,1.0,0.0,2173,none,B0
sac_her,clean,3,0.0,-2.0,1.0,0.01495280072324104,50,0.04576638713479042,0.36285600066185,1.0,0.0,2174,none,B0
sac_her,clean,3,0.0,-2.0,1.0,0.01495280072324104,50,0.04576638713479042,0.36285600066185,1.0,0.0,2175,none,B0
sac_her,clean,3,0.0,-2.0,1.0,0.01495280072324104,50,0.04576638713479042,0.36285600066185,1.0,0.0,2176,none,B0
sac_her,clean,3,0.0,-2.0,1.0,0.01495280072324104,50,0.04576638713479042,0.36285600066185,1.0,0.0,2177,none,B0
sac_her,clean,3,0.0,-2.0,1.0,0.01495280072324104,50,0.04576638713479042,0.36285600066185,1.0,0.0,2178,none,B0
sac_her,clean,3,0.0,-2.0,1.0,0.01495280072324104,50,0.04576638713479042,0.36285600066185,1.0,0.0,2179,none,B0
sac_her,clean,3,0.0,-2.0,1.0,0.01495280072324104,50,0.04576638713479042,0.36285600066185,1.0,0.0,2180,none,B0
sac_her,clean,3,0.0,-2.0,1.0,0.01495280072324104,50,0.04576638713479042,0.36285600066185,1.0,0.0,2181,none,B0
sac_her,clean,3,0.0,-2.0,1.0,0.01495280072324104,50,0.04576638713479042,0.36285600066185,1.0,0.0,2182,none,B0
sac_her,clean,3,0.0,-2.0,1.0,0.01495280072324104,50,0.04576638713479042,0.36285600066185,1.0,0.0,2183,none,B0
sac_her,clean,3,0.0,-2.0,1.0,0.01495280072324104,50,0.04576638713479042,0.36285600066185,1.0,0.0,2184,none,B0
sac_her,clean,3,0.0,-2.0,1.0,0.01495280072324104,50,0.04576638713479042,0.36285600066185,1.0,0.0,2185,none,B0
sac_her,clean,3,0.0,-2.0,1.0,0.01495280072324104,50,0.04576638713479042,0.36285600066185,1.0,0.0,2186,none,B0
sac_her,clean,3,0.0,-2.0,1.0,0.01495280072324104,50,0.04576638713479042,0.36285600066185,1.0,0.0,2187,none,B0
sac_her,clean,3,0.0,-2.0,1.0,0.01495280072324104,50,0.04576638713479042,0.36285600066185,1.0,0.0,2188,none,B0
sac_her,clean,3,0.0,-2.0,1.0,0.01495280072324104,50,0.04576638713479042,0.36285600066185,1.0,0.0,2189,none,B0
sac_her_recovery_v2,clean,3,0.0,-2.0,1.0,0.01495280072324104,50,0.04576638713479042,0.36285600066185,1.0,0.0,2190,v2,B2
sac_her_recovery_v2,clean,3,0.0,-2.0,1.0,0.01495280072324104,50,0.04576638713479042,0.36285600066185,1.0,0.0,2191,v2,B2
sac_her_recovery_v2,clean,3,0.0,-2.0,1.0,0.01495280072324104,50,0.04576638713479042,0.36285600066185,1.0,0.0,2192,v2,B2
sac_her_recovery_v2,clean,3,0.0,-2.0,1.0,0.01495280072324104,50,0.04576638713479042,0.36285600066185,1.0,0.0,2193,v2,B2
sac_her_recovery_v2,clean,3,0.0,-2.0,1.0,0.01495280072324104,50,0.04576638713479042,0.36285600066185,1.0,0.0,2194,v2,B2
sac_her_recovery_v2,clean,3,0.0,-2.0,1.0,0.01495280072324104,50,0.04576638713479042,0.36285600066185,1.0,0.0,2195,v2,B2
sac_her_recovery_v2,clean,3,0.0,-2.0,1.0,0.01495280072324104,50,0.04576638713479042,0.36285600066185,1.0,0.0,2196,v2,B2
sac_her_recovery_v2,clean,3,0.0,-2.0,1.0,0.01495280072324104,50,0.04576638713479042,0.36285600066185,1.0,0.0,2197,v2,B2
sac_her_recovery_v2,clean,3,0.0,-2.0,1.0,0.01495280072324104,50,0.04576638713479042,0.36285600066185,1.0,0.0,2198,v2,B2
sac_her_recovery_v2,clean,3,0.0,-2.0,1.0,0.01495280072324104,50,0.04576638713479042,0.36285600066185,1.0,0.0,2199,v2,B2
sac_her_recovery_v2,clean,3,0.0,-2.0,1.0,0.01495280072324104,50,0.04576638713479042,0.36285600066185,1.0,0.0,2200,v2,B2
sac_her_recovery_v2,clean,3,0.0,-2.0,1.0,0.01495280072324104,50,0.04576638713479042,0.36285600066185,1.0,0.0,2201,v2,B2
sac_her_recovery_v2,clean,3,0.0,-2.0,1.0,0.01495280072324104,50,0.04576638713479042,0.36285600066185,1.0,0.0,2202,v2,B2
sac_her_recovery_v2,clean,3,0.0,-2.0,1.0,0.01495280072324104,50,0.04576638713479042,0.36285600066185,1.0,0.0,2203,v2,B2
sac_her_recovery_v2,clean,3,0.0,-2.0,1.0,0.01495280072324104,50,0.04576638713479042,0.36285600066185,1.0,0.0,2204,v2,B2
sac_her_recovery_v2,clean,3,0.0,-2.0,1.0,0.01495280072324104,50,0.04576638713479042,0.36285600066185,1.0,0.0,2205,v2,B2
sac_her_recovery_v2,clean,3,0.0,-2.0,1.0,0.01495280072324104,50,0.04576638713479042,0.36285600066185,1.0,0.0,2206,v2,B2
sac_her_recovery_v2,clean,3,0.0,-2.0,1.0,0.01495280072324104,50,0.04576638713479042,0.36285600066185,1.0,0.0,2207,v2,B2
sac_her_recovery_v2,clean,3,0.0,-2.0,1.0,0.01495280072324104,50,0.04576638713479042,0.36285600066185,1.0,0.0,2208,v2,B2
sac_her_recovery_v2,clean,3,0.0,-2.0,1.0,0.01495280072324104,50,0.04576638713479042,0.36285600066185,1.0,0.0,2209,v2,B2
sac_her_recovery_v2,clean,3,0.0,-2.0,1.0,0.01495280072324104,50,0.04576638713479042,0.36285600066185,1.0,0.0,2210,v2,B2
sac_her_recovery_v2,clean,3,0.0,-2.0,1.0,0.01495280072324104,50,0.04576638713479042,0.36285600066185,1.0,0.0,2211,v2,B2
sac_her_recovery_v2,clean,3,0.0,-2.0,1.0,0.01495280072324104,50,0.04576638713479042,0.36285600066185,1.0,0.0,2212,v2,B2
sac_her_recovery_v2,clean,3,0.0,-2.0,1.0,0.01495280072324104,50,0.04576638713479042,0.36285600066185,1.0,0.0,2213,v2,B2
sac_her_recovery_v2,clean,3,0.0,-2.0,1.0,0.01495280072324104,50,0.04576638713479042,0.36285600066185,1.0,0.0,2214,v2,B2
sac_her_recovery_v2,clean,3,0.0,-2.0,1.0,0.01495280072324104,50,0.04576638713479042,0.36285600066185,1.0,0.0,2215,v2,B2
sac_her_recovery_v2,clean,3,0.0,-2.0,1.0,0.01495280072324104,50,0.04576638713479042,0.36285600066185,1.0,0.0,2216,v2,B2
sac_her_recovery_v2,clean,3,0.0,-2.0,1.0,0.01495280072324104,50,0.04576638713479042,0.36285600066185,1.0,0.0,2217,v2,B2
sac_her_recovery_v2,clean,3,0.0,-2.0,1.0,0.01495280072324104,50,0.04576638713479042,0.36285600066185,1.0,0.0,2218,v2,B2
sac_her_recovery_v2,clean,3,0.0,-2.0,1.0,0.01495280072324104,50,0.04576638713479042,0.36285600066185,1.0,0.0,2219,v2,B2
sac_her_recovery_v3,clean,3,0.0,-2.0,1.0,0.01495280072324104,50,0.04576638713479042,0.36285600066185,1.0,0.0,2220,v3,B3
sac_her_recovery_v3,clean,3,0.0,-2.0,1.0,0.01495280072324104,50,0.04576638713479042,0.36285600066185,1.0,0.0,2221,v3,B3
sac_her_recovery_v3,clean,3,0.0,-2.0,1.0,0.01495280072324104,50,0.04576638713479042,0.36285600066185,1.0,0.0,2222,v3,B3
sac_her_recovery_v3,clean,3,0.0,-2.0,1.0,0.01495280072324104,50,0.04576638713479042,0.36285600066185,1.0,0.0,2223,v3,B3
sac_her_recovery_v3,clean,3,0.0,-2.0,1.0,0.01495280072324104,50,0.04576638713479042,0.36285600066185,1.0,0.0,2224,v3,B3
sac_her_recovery_v3,clean,3,0.0,-2.0,1.0,0.01495280072324104,50,0.04576638713479042,0.36285600066185,1.0,0.0,2225,v3,B3
sac_her_recovery_v3,clean,3,0.0,-2.0,1.0,0.01495280072324104,50,0.04576638713479042,0.36285600066185,1.0,0.0,2226,v3,B3
sac_her_recovery_v3,clean,3,0.0,-2.0,1.0,0.01495280072324104,50,0.04576638713479042,0.36285600066185,1.0,0.0,2227,v3,B3
sac_her_recovery_v3,clean,3,0.0,-2.0,1.0,0.01495280072324104,50,0.04576638713479042,0.36285600066185,1.0,0.0,2228,v3,B3
sac_her_recovery_v3,clean,3,0.0,-2.0,1.0,0.01495280072324104,50,0.04576638713479042,0.36285600066185,1.0,0.0,2229,v3,B3
sac_her_recovery_v3,clean,3,0.0,-2.0,1.0,0.01495280072324104,50,0.04576638713479042,0.36285600066185,1.0,0.0,2230,v3,B3
sac_her_recovery_v3,clean,3,0.0,-2.0,1.0,0.01495280072324104,50,0.04576638713479042,0.36285600066185,1.0,0.0,2231,v3,B3
sac_her_recovery_v3,clean,3,0.0,-2.0,1.0,0.01495280072324104,50,0.04576638713479042,0.36285600066185,1.0,0.0,2232,v3,B3
sac_her_recovery_v3,clean,3,0.0,-2.0,1.0,0.01495280072324104,50,0.04576638713479042,0.36285600066185,1.0,0.0,2233,v3,B3
sac_her_recovery_v3,clean,3,0.0,-2.0,1.0,0.01495280072324104,50,0.04576638713479042,0.36285600066185,1.0,0.0,2234,v3,B3
sac_her_recovery_v3,clean,3,0.0,-2.0,1.0,0.01495280072324104,50,0.04576638713479042,0.36285600066185,1.0,0.0,2235,v3,B3
sac_her_recovery_v3,clean,3,0.0,-2.0,1.0,0.01495280072324104,50,0.04576638713479042,0.36285600066185,1.0,0.0,2236,v3,B3
sac_her_recovery_v3,clean,3,0.0,-2.0,1.0,0.01495280072324104,50,0.04576638713479042,0.36285600066185,1.0,0.0,2237,v3,B3
sac_her_recovery_v3,clean,3,0.0,-2.0,1.0,0.01495280072324104,50,0.04576638713479042,0.36285600066185,1.0,0.0,2238,v3,B3
sac_her_recovery_v3,clean,3,0.0,-2.0,1.0,0.01495280072324104,50,0.04576638713479042,0.36285600066185,1.0,0.0,2239,v3,B3
sac_her_recovery_v3,clean,3,0.0,-2.0,1.0,0.01495280072324104,50,0.04576638713479042,0.36285600066185,1.0,0.0,2240,v3,B3
sac_her_recovery_v3,clean,3,0.0,-2.0,1.0,0.01495280072324104,50,0.04576638713479042,0.36285600066185,1.0,0.0,2241,v3,B3
sac_her_recovery_v3,clean,3,0.0,-2.0,1.0,0.01495280072324104,50,0.04576638713479042,0.36285600066185,1.0,0.0,2242,v3,B3
sac_her_recovery_v3,clean,3,0.0,-2.0,1.0,0.01495280072324104,50,0.04576638713479042,0.36285600066185,1.0,0.0,2243,v3,B3
sac_her_recovery_v3,clean,3,0.0,-2.0,1.0,0.01495280072324104,50,0.04576638713479042,0.36285600066185,1.0,0.0,2244,v3,B3
sac_her_recovery_v3,clean,3,0.0,-2.0,1.0,0.01495280072324104,50,0.04576638713479042,0.36285600066185,1.0,0.0,2245,v3,B3
sac_her_recovery_v3,clean,3,0.0,-2.0,1.0,0.01495280072324104,50,0.04576638713479042,0.36285600066185,1.0,0.0,2246,v3,B3
sac_her_recovery_v3,clean,3,0.0,-2.0,1.0,0.01495280072324104,50,0.04576638713479042,0.36285600066185,1.0,0.0,2247,v3,B3
sac_her_recovery_v3,clean,3,0.0,-2.0,1.0,0.01495280072324104,50,0.04576638713479042,0.36285600066185,1.0,0.0,2248,v3,B3
sac_her_recovery_v3,clean,3,0.0,-2.0,1.0,0.01495280072324104,50,0.04576638713479042,0.36285600066185,1.0,0.0,2249,v3,B3
sac_her,sensor_dropout,3,0.0,-50.0,0.0,0.9588131606246074,50,0.01006126869469881,1.9311012029647827,1.0,0.0,2250,none,B1
sac_her,sensor_dropout,3,0.0,-50.0,0.0,0.9588131606246074,50,0.01006126869469881,1.9311012029647827,1.0,0.0,2251,none,B1
sac_her,sensor_dropout,3,0.0,-50.0,0.0,0.9588131606246074,50,0.01006126869469881,1.9311012029647827,1.0,0.0,2252,none,B1
sac_her,sensor_dropout,3,0.0,-50.0,0.0,0.9588131606246074,50,0.01006126869469881,1.9311012029647827,1.0,0.0,2253,none,B1
sac_her,sensor_dropout,3,0.0,-50.0,0.0,0.9588131606246074,50,0.01006126869469881,1.9311012029647827,1.0,0.0,2254,none,B1
sac_her,sensor_dropout,3,0.0,-50.0,0.0,0.9588131606246074,50,0.01006126869469881,1.9311012029647827,1.0,0.0,2255,none,B1
sac_her,sensor_dropout,3,0.0,-50.0,0.0,0.9588131606246074,50,0.01006126869469881,1.9311012029647827,1.0,0.0,2256,none,B1
sac_her,sensor_dropout,3,0.0,-50.0,0.0,0.9588131606246074,50,0.01006126869469881,1.9311012029647827,1.0,0.0,2257,none,B1
sac_her,sensor_dropout,3,0.0,-50.0,0.0,0.9588131606246074,50,0.01006126869469881,1.9311012029647827,1.0,0.0,2258,none,B1
sac_her,sensor_dropout,3,0.0,-50.0,0.0,0.9588131606246074,50,0.01006126869469881,1.9311012029647827,1.0,0.0,2259,none,B1
sac_her,sensor_dropout,3,0.0,-50.0,0.0,0.9588131606246074,50,0.01006126869469881,1.9311012029647827,1.0,0.0,2260,none,B1
sac_her,sensor_dropout,3,0.0,-50.0,0.0,0.9588131606246074,50,0.01006126869469881,1.9311012029647827,1.0,0.0,2261,none,B1
sac_her,sensor_dropout,3,0.0,-50.0,0.0,0.9588131606246074,50,0.01006126869469881,1.9311012029647827,1.0,0.0,2262,none,B1
sac_her,sensor_dropout,3,0.0,-50.0,0.0,0.9588131606246074,50,0.01006126869469881,1.9311012029647827,1.0,0.0,2263,none,B1
sac_her,sensor_dropout,3,0.0,-50.0,0.0,0.9588131606246074,50,0.01006126869469881,1.9311012029647827,1.0,0.0,2264,none,B1
sac_her,sensor_dropout,3,0.0,-50.0,0.0,0.9588131606246074,50,0.01006126869469881,1.9311012029647827,1.0,0.0,2265,none,B1
sac_her,sensor_dropout,3,0.0,-50.0,0.0,0.9588131606246074,50,0.01006126869469881,1.9311012029647827,1.0,0.0,2266,none,B1
sac_her,sensor_dropout,3,0.0,-50.0,0.0,0.9588131606246074,50,0.01006126869469881,1.9311012029647827,1.0,0.0,2267,none,B1
sac_her,sensor_dropout,3,0.0,-50.0,0.0,0.9588131606246074,50,0.01006126869469881,1.9311012029647827,1.0,0.0,2268,none,B1
sac_her,sensor_dropout,3,0.0,-50.0,0.0,0.9588131606246074,50,0.01006126869469881,1.9311012029647827,1.0,0.0,2269,none,B1
sac_her,sensor_dropout,3,0.0,-50.0,0.0,0.9588131606246074,50,0.01006126869469881,1.9311012029647827,1.0,0.0,2270,none,B1
sac_her,sensor_dropout,3,0.0,-50.0,0.0,0.9588131606246074,50,0.01006126869469881,1.9311012029647827,1.0,0.0,2271,none,B1
sac_her,sensor_dropout,3,0.0,-50.0,0.0,0.9588131606246074,50,0.01006126869469881,1.9311012029647827,1.0,0.0,2272,none,B1
sac_her,sensor_dropout,3,0.0,-50.0,0.0,0.9588131606246074,50,0.01006126869469881,1.9311012029647827,1.0,0.0,2273,none,B1
sac_her,sensor_dropout,3,0.0,-50.0,0.0,0.9588131606246074,50,0.01006126869469881,1.9311012029647827,1.0,0.0,2274,none,B1
sac_her,sensor_dropout,3,0.0,-50.0,0.0,0.9588131606246074,50,0.01006126869469881,1.9311012029647827,1.0,0.0,2275,none,B1
sac_her,sensor_dropout,3,0.0,-50.0,0.0,0.9588131606246074,50,0.01006126869469881,1.9311012029647827,1.0,0.0,2276,none,B1
sac_her,sensor_dropout,3,0.0,-50.0,0.0,0.9588131606246074,50,0.01006126869469881,1.9311012029647827,1.0,0.0,2277,none,B1
sac_her,sensor_dropout,3,0.0,-50.0,0.0,0.9588131606246074,50,0.01006126869469881,1.9311012029647827,1.0,0.0,2278,none,B1
sac_her,sensor_dropout,3,0.0,-50.0,0.0,0.9588131606246074,50,0.01006126869469881,1.9311012029647827,1.0,0.0,2279,none,B1
sac_her_recovery_v2,sensor_dropout,3,0.0,-50.0,0.0,0.08104550670148432,50,0.5715249180793762,1.081132173538208,1.0,1.0,2280,v2,B2
sac_her_recovery_v2,sensor_dropout,3,0.0,-50.0,0.0,0.08104550670148432,50,0.5715249180793762,1.081132173538208,1.0,1.0,2281,v2,B2
sac_her_recovery_v2,sensor_dropout,3,0.0,-50.0,0.0,0.08104550670148432,50,0.5715249180793762,1.081132173538208,1.0,1.0,2282,v2,B2
sac_her_recovery_v2,sensor_dropout,3,0.0,-50.0,0.0,0.08104550670148432,50,0.5715249180793762,1.081132173538208,1.0,1.0,2283,v2,B2
sac_her_recovery_v2,sensor_dropout,3,0.0,-50.0,0.0,0.08104550670148432,50,0.5715249180793762,1.081132173538208,1.0,1.0,2284,v2,B2
sac_her_recovery_v2,sensor_dropout,3,0.0,-50.0,0.0,0.08104550670148432,50,0.5715249180793762,1.081132173538208,1.0,1.0,2285,v2,B2
sac_her_recovery_v2,sensor_dropout,3,0.0,-50.0,0.0,0.08104550670148432,50,0.5715249180793762,1.081132173538208,1.0,1.0,2286,v2,B2
sac_her_recovery_v2,sensor_dropout,3,0.0,-50.0,0.0,0.08104550670148432,50,0.5715249180793762,1.081132173538208,1.0,1.0,2287,v2,B2
sac_her_recovery_v2,sensor_dropout,3,0.0,-50.0,0.0,0.08104550670148432,50,0.5715249180793762,1.081132173538208,1.0,1.0,2288,v2,B2
sac_her_recovery_v2,sensor_dropout,3,0.0,-50.0,0.0,0.08104550670148432,50,0.5715249180793762,1.081132173538208,1.0,1.0,2289,v2,B2
sac_her_recovery_v2,sensor_dropout,3,0.0,-50.0,0.0,0.08104550670148432,50,0.5715249180793762,1.081132173538208,1.0,1.0,2290,v2,B2
sac_her_recovery_v2,sensor_dropout,3,0.0,-50.0,0.0,0.08104550670148432,50,0.5715249180793762,1.081132173538208,1.0,1.0,2291,v2,B2
sac_her_recovery_v2,sensor_dropout,3,0.0,-50.0,0.0,0.08104550670148432,50,0.5715249180793762,1.081132173538208,1.0,1.0,2292,v2,B2
sac_her_recovery_v2,sensor_dropout,3,0.0,-50.0,0.0,0.08104550670148432,50,0.5715249180793762,1.081132173538208,1.0,1.0,2293,v2,B2
sac_her_recovery_v2,sensor_dropout,3,0.0,-50.0,0.0,0.08104550670148432,50,0.5715249180793762,1.081132173538208,1.0,1.0,2294,v2,B2
sac_her_recovery_v2,sensor_dropout,3,0.0,-50.0,0.0,0.08104550670148432,50,0.5715249180793762,1.081132173538208,1.0,1.0,2295,v2,B2
sac_her_recovery_v2,sensor_dropout,3,0.0,-50.0,0.0,0.08104550670148432,50,0.5715249180793762,1.081132173538208,1.0,1.0,2296,v2,B2
sac_her_recovery_v2,sensor_dropout,3,0.0,-50.0,0.0,0.08104550670148432,50,0.5715249180793762,1.081132173538208,1.0,1.0,2297,v2,B2
sac_her_recovery_v2,sensor_dropout,3,0.0,-50.0,0.0,0.08104550670148432,50,0.5715249180793762,1.081132173538208,1.0,1.0,2298,v2,B2
sac_her_recovery_v2,sensor_dropout,3,0.0,-50.0,0.0,0.08104550670148432,50,0.5715249180793762,1.081132173538208,1.0,1.0,2299,v2,B2
sac_her_recovery_v2,sensor_dropout,3,0.0,-50.0,0.0,0.08104550670148432,50,0.5715249180793762,1.081132173538208,1.0,1.0,2300,v2,B2
sac_her_recovery_v2,sensor_dropout,3,0.0,-50.0,0.0,0.08104550670148432,50,0.5715249180793762,1.081132173538208,1.0,1.0,2301,v2,B2
sac_her_recovery_v2,sensor_dropout,3,0.0,-50.0,0.0,0.08104550670148432,50,0.5715249180793762,1.081132173538208,1.0,1.0,2302,v2,B2
sac_her_recovery_v2,sensor_dropout,3,0.0,-50.0,0.0,0.08104550670148432,50,0.5715249180793762,1.081132173538208,1.0,1.0,2303,v2,B2
sac_her_recovery_v2,sensor_dropout,3,0.0,-50.0,0.0,0.08104550670148432,50,0.5715249180793762,1.081132173538208,1.0,1.0,2304,v2,B2
sac_her_recovery_v2,sensor_dropout,3,0.0,-50.0,0.0,0.08104550670148432,50,0.5715249180793762,1.081132173538208,1.0,1.0,2305,v2,B2
sac_her_recovery_v2,sensor_dropout,3,0.0,-50.0,0.0,0.08104550670148432,50,0.5715249180793762,1.081132173538208,1.0,1.0,2306,v2,B2
sac_her_recovery_v2,sensor_dropout,3,0.0,-50.0,0.0,0.08104550670148432,50,0.5715249180793762,1.081132173538208,1.0,1.0,2307,v2,B2
sac_her_recovery_v2,sensor_dropout,3,0.0,-50.0,0.0,0.08104550670148432,50,0.5715249180793762,1.081132173538208,1.0,1.0,2308,v2,B2
sac_her_recovery_v2,sensor_dropout,3,0.0,-50.0,0.0,0.08104550670148432,50,0.5715249180793762,1.081132173538208,1.0,1.0,2309,v2,B2
sac_her_recovery_v3,sensor_dropout,3,0.0,-49.0,1.0,0.11639757388597909,50,0.5626362562179565,1.0605707168579102,1.0,1.0,2310,v3,B3
sac_her_recovery_v3,sensor_dropout,3,0.0,-49.0,1.0,0.11639757388597909,50,0.5626362562179565,1.0605707168579102,1.0,1.0,2311,v3,B3
sac_her_recovery_v3,sensor_dropout,3,0.0,-49.0,1.0,0.11639757388597909,50,0.5626362562179565,1.0605707168579102,1.0,1.0,2312,v3,B3
sac_her_recovery_v3,sensor_dropout,3,0.0,-49.0,1.0,0.11639757388597909,50,0.5626362562179565,1.0605707168579102,1.0,1.0,2313,v3,B3
sac_her_recovery_v3,sensor_dropout,3,0.0,-49.0,1.0,0.11639757388597909,50,0.5626362562179565,1.0605707168579102,1.0,1.0,2314,v3,B3
sac_her_recovery_v3,sensor_dropout,3,0.0,-49.0,1.0,0.11639757388597909,50,0.5626362562179565,1.0605707168579102,1.0,1.0,2315,v3,B3
sac_her_recovery_v3,sensor_dropout,3,0.0,-49.0,1.0,0.11639757388597909,50,0.5626362562179565,1.0605707168579102,1.0,1.0,2316,v3,B3
sac_her_recovery_v3,sensor_dropout,3,0.0,-49.0,1.0,0.11639757388597909,50,0.5626362562179565,1.0605707168579102,1.0,1.0,2317,v3,B3
sac_her_recovery_v3,sensor_dropout,3,0.0,-49.0,1.0,0.11639757388597909,50,0.5626362562179565,1.0605707168579102,1.0,1.0,2318,v3,B3
sac_her_recovery_v3,sensor_dropout,3,0.0,-49.0,1.0,0.11639757388597909,50,0.5626362562179565,1.0605707168579102,1.0,1.0,2319,v3,B3
sac_her_recovery_v3,sensor_dropout,3,0.0,-49.0,1.0,0.11639757388597909,50,0.5626362562179565,1.0605707168579102,1.0,1.0,2320,v3,B3
sac_her_recovery_v3,sensor_dropout,3,0.0,-49.0,1.0,0.11639757388597909,50,0.5626362562179565,1.0605707168579102,1.0,1.0,2321,v3,B3
sac_her_recovery_v3,sensor_dropout,3,0.0,-49.0,1.0,0.11639757388597909,50,0.5626362562179565,1.0605707168579102,1.0,1.0,2322,v3,B3
sac_her_recovery_v3,sensor_dropout,3,0.0,-49.0,1.0,0.11639757388597909,50,0.5626362562179565,1.0605707168579102,1.0,1.0,2323,v3,B3
sac_her_recovery_v3,sensor_dropout,3,0.0,-49.0,1.0,0.11639757388597909,50,0.5626362562179565,1.0605707168579102,1.0,1.0,2324,v3,B3
sac_her_recovery_v3,sensor_dropout,3,0.0,-49.0,1.0,0.11639757388597909,50,0.5626362562179565,1.0605707168579102,1.0,1.0,2325,v3,B3
sac_her_recovery_v3,sensor_dropout,3,0.0,-49.0,1.0,0.11639757388597909,50,0.5626362562179565,1.0605707168579102,1.0,1.0,2326,v3,B3
sac_her_recovery_v3,sensor_dropout,3,0.0,-49.0,1.0,0.11639757388597909,50,0.5626362562179565,1.0605707168579102,1.0,1.0,2327,v3,B3
sac_her_recovery_v3,sensor_dropout,3,0.0,-49.0,1.0,0.11639757388597909,50,0.5626362562179565,1.0605707168579102,1.0,1.0,2328,v3,B3
sac_her_recovery_v3,sensor_dropout,3,0.0,-49.0,1.0,0.11639757388597909,50,0.5626362562179565,1.0605707168579102,1.0,1.0,2329,v3,B3
sac_her_recovery_v3,sensor_dropout,3,0.0,-49.0,1.0,0.11639757388597909,50,0.5626362562179565,1.0605707168579102,1.0,1.0,2330,v3,B3
sac_her_recovery_v3,sensor_dropout,3,0.0,-49.0,1.0,0.11639757388597909,50,0.5626362562179565,1.0605707168579102,1.0,1.0,2331,v3,B3
sac_her_recovery_v3,sensor_dropout,3,0.0,-49.0,1.0,0.11639757388597909,50,0.5626362562179565,1.0605707168579102,1.0,1.0,2332,v3,B3
sac_her_recovery_v3,sensor_dropout,3,0.0,-49.0,1.0,0.11639757388597909,50,0.5626362562179565,1.0605707168579102,1.0,1.0,2333,v3,B3
sac_her_recovery_v3,sensor_dropout,3,0.0,-49.0,1.0,0.11639757388597909,50,0.5626362562179565,1.0605707168579102,1.0,1.0,2334,v3,B3
sac_her_recovery_v3,sensor_dropout,3,0.0,-49.0,1.0,0.11639757388597909,50,0.5626362562179565,1.0605707168579102,1.0,1.0,2335,v3,B3
sac_her_recovery_v3,sensor_dropout,3,0.0,-49.0,1.0,0.11639757388597909,50,0.5626362562179565,1.0605707168579102,1.0,1.0,2336,v3,B3
sac_her_recovery_v3,sensor_dropout,3,0.0,-49.0,1.0,0.11639757388597909,50,0.5626362562179565,1.0605707168579102,1.0,1.0,2337,v3,B3
sac_her_recovery_v3,sensor_dropout,3,0.0,-49.0,1.0,0.11639757388597909,50,0.5626362562179565,1.0605707168579102,1.0,1.0,2338,v3,B3
sac_her_recovery_v3,sensor_dropout,3,0.0,-49.0,1.0,0.11639757388597909,50,0.5626362562179565,1.0605707168579102,1.0,1.0,2339,v3,B3
sac_her,sensor_bias,3,0.1,-49.0,1.0,0.993975380645237,50,0.11563781648874283,1.2721703052520752,1.0,0.0,2340,none,B1
sac_her,sensor_bias,3,0.1,-50.0,0.0,0.213408169946091,50,0.051491886377334595,0.7542386054992676,1.0,0.0,2341,none,B1
sac_her,sensor_bias,3,0.1,-49.0,1.0,0.24114953614064913,50,0.0909038856625557,0.6909765005111694,1.0,0.0,2342,none,B1
sac_her,sensor_bias,3,0.1,-50.0,0.0,0.2900001667696859,50,0.0459911935031414,1.1608021259307861,1.0,0.0,2343,none,B1
sac_her,sensor_bias,3,0.1,-49.0,1.0,0.14635372196420152,50,0.058395687490701675,0.8030047416687012,1.0,0.0,2344,none,B1
sac_her,sensor_bias,3,0.1,-50.0,0.0,0.3542991211861593,50,0.046276457607746124,1.0173457860946655,1.0,0.0,2345,none,B1
sac_her,sensor_bias,3,0.1,-49.0,1.0,0.38831281304330256,50,0.08576814830303192,0.55826336145401,1.0,0.0,2346,none,B1
sac_her,sensor_bias,3,0.1,-50.0,0.0,0.08517707255374764,50,0.04094301909208298,0.41489434242248535,1.0,0.0,2347,none,B1
sac_her,sensor_bias,3,0.1,-48.0,1.0,0.1205170014248342,50,0.061201710253953934,0.741383969783783,1.0,0.0,2348,none,B1
sac_her,sensor_bias,3,0.1,-50.0,0.0,0.4851096452102846,50,0.05684080347418785,1.3567800521850586,1.0,0.0,2349,none,B1
sac_her,sensor_bias,3,0.1,-50.0,0.0,0.2811324878828604,50,0.03671654313802719,0.6000334024429321,1.0,0.0,2350,none,B1
sac_her,sensor_bias,3,0.1,-50.0,0.0,0.13385434368004834,50,0.017753293737769127,0.2064104527235031,0.0,0.0,2351,none,B1
sac_her,sensor_bias,3,0.1,-50.0,0.0,0.2927825408195541,50,0.03644651174545288,1.096641182899475,1.0,0.0,2352,none,B1
sac_her,sensor_bias,3,0.1,-50.0,0.0,0.30088204036418165,50,0.034024257212877274,1.0072931051254272,1.0,0.0,2353,none,B1
sac_her,sensor_bias,3,0.1,-50.0,0.0,0.19624599197370593,50,0.034304361790418625,0.2157069444656372,1.0,0.0,2354,none,B1
sac_her,sensor_bias,3,0.1,-2.0,1.0,0.020600934939149315,50,0.047336313873529434,0.35902702808380127,1.0,0.0,2355,none,B1
sac_her,sensor_bias,3,0.1,-50.0,0.0,0.2969565955290826,50,0.04400438070297241,1.0694836378097534,1.0,0.0,2356,none,B1
sac_her,sensor_bias,3,0.1,-50.0,0.0,0.27590309891721687,50,0.037050988525152206,0.8391166925430298,1.0,0.0,2357,none,B1
sac_her,sensor_bias,3,0.1,-50.0,0.0,0.556574627360903,50,0.0874401181936264,1.0498048067092896,1.0,0.0,2358,none,B1
sac_her,sensor_bias,3,0.1,-50.0,0.0,0.26175898799493524,50,0.0402999147772789,1.0530017614364624,1.0,0.0,2359,none,B1
sac_her,sensor_bias,3,0.1,-49.0,1.0,0.2922599955160502,50,0.06862291693687439,0.7929550409317017,1.0,0.0,2360,none,B1
sac_her,sensor_bias,3,0.1,-50.0,0.0,0.16286979594453865,50,0.06369154900312424,0.5996940732002258,1.0,0.0,2361,none,B1
sac_her,sensor_bias,3,0.1,-49.0,1.0,0.21253610571284748,50,0.07436896115541458,0.7044846415519714,1.0,0.0,2362,none,B1
sac_her,sensor_bias,3,0.1,-50.0,0.0,0.34576771275130885,50,0.04560435935854912,1.3787987232208252,1.0,0.0,2363,none,B1
sac_her,sensor_bias,3,0.1,-49.0,1.0,0.21315782850932039,50,0.42498064041137695,0.5236198306083679,1.0,0.0,2364,none,B1
sac_her,sensor_bias,3,0.1,-50.0,0.0,0.11896912892186806,50,0.025692813098430634,0.11502977460622787,0.0,0.0,2365,none,B1
sac_her,sensor_bias,3,0.1,-50.0,0.0,0.3308371440554266,50,0.03615838289260864,1.05970299243927,1.0,0.0,2366,none,B1
sac_her,sensor_bias,3,0.1,-50.0,0.0,0.06555011015057721,50,0.027646655216813087,0.3608569800853729,0.0,0.0,2367,none,B1
sac_her,sensor_bias,3,0.1,-50.0,0.0,0.17063278234521467,50,0.17324763536453247,0.42987513542175293,1.0,0.0,2368,none,B1
sac_her,sensor_bias,3,0.1,-50.0,0.0,0.24117475663507004,50,0.04463474452495575,0.2385178506374359,1.0,0.0,2369,none,B1
sac_her_recovery_v2,sensor_bias,3,0.1,-50.0,0.0,0.23766177291611595,50,0.21613697707653046,0.30469802021980286,0.0,1.0,2370,v2,B2
sac_her_recovery_v2,sensor_bias,3,0.1,-50.0,0.0,0.11110989814268744,50,0.019948793575167656,0.2208905816078186,0.0,0.0,2371,v2,B2
sac_her_recovery_v2,sensor_bias,3,0.1,-49.0,1.0,0.09395623834913837,50,0.043097373098134995,0.5352627635002136,1.0,0.0,2372,v2,B2
sac_her_recovery_v2,sensor_bias,3,0.1,-49.0,1.0,0.23654865272063388,50,0.8505851030349731,0.8475438952445984,1.0,1.0,2373,v2,B2
sac_her_recovery_v2,sensor_bias,3,0.1,-50.0,0.0,0.0666277469455842,50,0.051217302680015564,0.419321209192276,1.0,0.0,2374,v2,B2
sac_her_recovery_v2,sensor_bias,3,0.1,-50.0,0.0,0.2531812062683046,50,0.22157931327819824,0.3358980417251587,1.0,1.0,2375,v2,B2
sac_her_recovery_v2,sensor_bias,3,0.1,-50.0,0.0,0.1080696007173172,50,0.05459423363208771,0.24734048545360565,1.0,0.0,2376,v2,B2
sac_her_recovery_v2,sensor_bias,3,0.1,-48.0,1.0,0.14475717292813145,50,0.13863736391067505,0.6936711072921753,1.0,1.0,2377,v2,B2
sac_her_recovery_v2,sensor_bias,3,0.1,-45.0,1.0,0.36925828694844887,50,1.187587857246399,1.0898120403289795,1.0,1.0,2378,v2,B2
sac_her_recovery_v2,sensor_bias,3,0.1,-50.0,0.0,0.16369769327137176,50,0.47956347465515137,0.4278387427330017,0.0,1.0,2379,v2,B2
sac_her_recovery_v2,sensor_bias,3,0.1,-50.0,0.0,0.27274215058800283,50,0.863041877746582,0.6111889481544495,1.0,1.0,2380,v2,B2
sac_her_recovery_v2,sensor_bias,3,0.1,-48.0,1.0,0.10459833433947162,50,0.05466395989060402,0.5319632887840271,1.0,0.0,2381,v2,B2
sac_her_recovery_v2,sensor_bias,3,0.1,-50.0,0.0,0.09105682663608435,50,0.024084867909550667,0.17306724190711975,0.0,0.0,2382,v2,B2
sac_her_recovery_v2,sensor_bias,3,0.1,-48.0,1.0,0.09551090196267055,50,0.06359244883060455,0.5560333728790283,1.0,0.0,2383,v2,B2
sac_her_recovery_v2,sensor_bias,3,0.1,-49.0,1.0,0.13773844783032188,50,0.0969013124704361,0.4967344403266907,1.0,1.0,2384,v2,B2
sac_her_recovery_v2,sensor_bias,3,0.1,-50.0,0.0,0.2336722158705239,50,0.8532153367996216,1.0037360191345215,1.0,1.0,2385,v2,B2
sac_her_recovery_v2,sensor_bias,3,0.1,-50.0,0.0,0.48878319006382953,50,0.8772678971290588,1.5081361532211304,1.0,1.0,2386,v2,B2
sac_her_recovery_v2,sensor_bias,3,0.1,-50.0,0.0,0.14797904841946705,50,0.07720404118299484,0.18778561055660248,0.0,1.0,2387,v2,B2
sac_her_recovery_v2,sensor_bias,3,0.1,-50.0,0.0,0.08592903328787642,50,0.03473538160324097,0.25805091857910156,0.0,0.0,2388,v2,B2
sac_her_recovery_v2,sensor_bias,3,0.1,-50.0,0.0,0.7220667175851858,50,1.3155449628829956,1.5285699367523193,1.0,1.0,2389,v2,B2
sac_her_recovery_v2,sensor_bias,3,0.1,-50.0,0.0,0.19626450267734402,50,0.615268886089325,0.679420530796051,1.0,1.0,2390,v2,B2
sac_her_recovery_v2,sensor_bias,3,0.1,-50.0,0.0,0.49547874072945797,50,1.143385648727417,1.2587138414382935,1.0,1.0,2391,v2,B2
sac_her_recovery_v2,sensor_bias,3,0.1,-50.0,0.0,0.09160429991492199,50,0.06529930979013443,0.36905810236930847,1.0,0.0,2392,v2,B2
sac_her_recovery_v2,sensor_bias,3,0.1,-50.0,0.0,0.2691835516289738,50,0.8875313401222229,0.6115174293518066,1.0,1.0,2393,v2,B2
sac_her_recovery_v2,sensor_bias,3,0.1,-50.0,0.0,0.13133012895633797,50,0.07506812363862991,0.2710268497467041,0.0,1.0,2394,v2,B2
sac_her_recovery_v2,sensor_bias,3,0.1,-50.0,0.0,0.10761275765401282,50,0.03127240017056465,0.3129943609237671,0.0,0.0,2395,v2,B2
sac_her_recovery_v2,sensor_bias,3,0.1,-50.0,0.0,0.0740635141318986,50,0.04700595512986183,0.23988956212997437,1.0,0.0,2396,v2,B2
sac_her_recovery_v2,sensor_bias,3,0.1,-50.0,0.0,0.1828484694628833,50,0.5426767468452454,0.36535030603408813,0.0,1.0,2397,v2,B2
sac_her_recovery_v2,sensor_bias,3,0.1,-50.0,0.0,0.0798067841203464,50,0.033789921551942825,0.18342038989067078,1.0,0.0,2398,v2,B2
sac_her_recovery_v2,sensor_bias,3,0.1,-49.0,1.0,0.11866331205928926,50,0.0677853375673294,0.7190903425216675,1.0,0.0,2399,v2,B2
sac_her_recovery_v3,sensor_bias,3,0.1,-50.0,0.0,0.13051848614754236,50,0.6735701560974121,1.0611622333526611,1.0,1.0,2400,v3,B3
sac_her_recovery_v3,sensor_bias,3,0.1,-47.0,1.0,0.0663351437957783,50,0.05554123967885971,0.38912612199783325,1.0,0.0,2401,v3,B3
sac_her_recovery_v3,sensor_bias,3,0.1,-50.0,0.0,0.11220628877814115,50,0.5898133516311646,0.7861560583114624,1.0,1.0,2402,v3,B3
sac_her_recovery_v3,sensor_bias,3,0.1,-50.0,0.0,0.21236338424780343,50,0.741572380065918,1.4451048374176025,1.0,1.0,2403,v3,B3
sac_her_recovery_v3,sensor_bias,3,0.1,-49.0,1.0,0.22868619903529436,50,0.7899806499481201,1.46980619430542,1.0,1.0,2404,v3,B3
sac_her_recovery_v3,sensor_bias,3,0.1,-49.0,1.0,0.10242178970262214,50,0.050633687525987625,0.5164931416511536,1.0,0.0,2405,v3,B3
sac_her_recovery_v3,sensor_bias,3,0.1,-48.0,1.0,0.07058447401839091,50,0.042644012719392776,0.34864798188209534,1.0,0.0,2406,v3,B3
sac_her_recovery_v3,sensor_bias,3,0.1,-17.0,1.0,0.0025833443563609906,50,0.22731950879096985,0.42364051938056946,1.0,1.0,2407,v3,B3
sac_her_recovery_v3,sensor_bias,3,0.1,-50.0,0.0,0.13346108317927072,50,0.6818380355834961,1.1265298128128052,1.0,1.0,2408,v3,B3
sac_her_recovery_v3,sensor_bias,3,0.1,-50.0,0.0,0.3149277793221469,50,0.764265775680542,1.4141002893447876,1.0,1.0,2409,v3,B3
sac_her_recovery_v3,sensor_bias,3,0.1,-50.0,0.0,0.11120718586705693,50,0.05496576055884361,0.3058180809020996,0.0,0.0,2410,v3,B3
sac_her_recovery_v3,sensor_bias,3,0.1,-2.0,1.0,0.00258368871113137,50,0.044024642556905746,0.14707651734352112,1.0,1.0,2411,v3,B3
sac_her_recovery_v3,sensor_bias,3,0.1,-50.0,0.0,0.19693562432986805,50,0.7319329977035522,1.3608603477478027,1.0,1.0,2412,v3,B3
sac_her_recovery_v3,sensor_bias,3,0.1,-50.0,0.0,0.24307464914426863,50,0.7088265419006348,0.9866318702697754,1.0,1.0,2413,v3,B3
sac_her_recovery_v3,sensor_bias,3,0.1,-50.0,0.0,0.14077383631868745,50,0.10986287146806717,0.1970124989748001,0.0,1.0,2414,v3,B3
sac_her_recovery_v3,sensor_bias,3,0.1,-49.0,1.0,0.1587906347087602,50,0.7037354111671448,1.1731445789337158,1.0,1.0,2415,v3,B3
sac_her_recovery_v3,sensor_bias,3,0.1,-50.0,0.0,0.07144976704551331,50,0.02782376855611801,0.2531990110874176,0.0,0.0,2416,v3,B3
sac_her_recovery_v3,sensor_bias,3,0.1,-48.0,1.0,0.06616795912775639,50,0.0498594269156456,0.6011543869972229,1.0,0.0,2417,v3,B3
sac_her_recovery_v3,sensor_bias,3,0.1,-50.0,0.0,0.23625947544981915,50,0.724811851978302,1.4507712125778198,1.0,1.0,2418,v3,B3
sac_her_recovery_v3,sensor_bias,3,0.1,-50.0,0.0,0.1294047719100044,50,0.7041379809379578,1.0876227617263794,1.0,1.0,2419,v3,B3
sac_her_recovery_v3,sensor_bias,3,0.1,-42.0,1.0,0.11772210255536164,50,0.124995656311512,0.5238810181617737,1.0,1.0,2420,v3,B3
sac_her_recovery_v3,sensor_bias,3,0.1,-2.0,1.0,0.002583257442771754,50,0.04399333521723747,0.14742693305015564,1.0,1.0,2421,v3,B3
sac_her_recovery_v3,sensor_bias,3,0.1,-50.0,0.0,0.18249414357220078,50,0.6051350235939026,0.7629696726799011,0.0,1.0,2422,v3,B3
sac_her_recovery_v3,sensor_bias,3,0.1,-39.0,1.0,0.252910150528836,50,0.7382212281227112,1.1847068071365356,1.0,1.0,2423,v3,B3
sac_her_recovery_v3,sensor_bias,3,0.1,-50.0,0.0,0.23298709661745914,50,0.6729226112365723,0.9416439533233643,1.0,1.0,2424,v3,B3
sac_her_recovery_v3,sensor_bias,3,0.1,-50.0,0.0,0.21795369578578036,50,0.7085939645767212,1.4539482593536377,1.0,1.0,2425,v3,B3
sac_her_recovery_v3,sensor_bias,3,0.1,-2.0,1.0,0.002582532313879935,50,0.04335055500268936,0.14389894902706146,1.0,1.0,2426,v3,B3
sac_her_recovery_v3,sensor_bias,3,0.1,-50.0,0.0,0.30547202212193975,50,0.8543250560760498,1.3676631450653076,1.0,1.0,2427,v3,B3
sac_her_recovery_v3,sensor_bias,3,0.1,-50.0,0.0,0.3148181449853121,50,0.8364510536193848,1.4419326782226562,1.0,1.0,2428,v3,B3
sac_her_recovery_v3,sensor_bias,3,0.1,-50.0,0.0,0.2359388922014818,50,0.7094264030456543,1.468166708946228,1.0,1.0,2429,v3,B3
sac_her,action_clipping,3,0.3,-8.0,1.0,0.014952944888123302,50,0.01632670871913433,0.33855003118515015,0.0,0.0,2430,none,B1
sac_her,action_clipping,3,0.3,-8.0,1.0,0.014952944888123302,50,0.01632670871913433,0.33855003118515015,0.0,0.0,2431,none,B1
sac_her,action_clipping,3,0.3,-8.0,1.0,0.014952944888123302,50,0.01632670871913433,0.33855003118515015,0.0,0.0,2432,none,B1
sac_her,action_clipping,3,0.3,-8.0,1.0,0.014952944888123302,50,0.01632670871913433,0.33855003118515015,0.0,0.0,2433,none,B1
sac_her,action_clipping,3,0.3,-8.0,1.0,0.014952944888123302,50,0.01632670871913433,0.33855003118515015,0.0,0.0,2434,none,B1
sac_her,action_clipping,3,0.3,-8.0,1.0,0.014952944888123302,50,0.01632670871913433,0.33855003118515015,0.0,0.0,2435,none,B1
sac_her,action_clipping,3,0.3,-8.0,1.0,0.014952944888123302,50,0.01632670871913433,0.33855003118515015,0.0,0.0,2436,none,B1
sac_her,action_clipping,3,0.3,-8.0,1.0,0.014952944888123302,50,0.01632670871913433,0.33855003118515015,0.0,0.0,2437,none,B1
sac_her,action_clipping,3,0.3,-8.0,1.0,0.014952944888123302,50,0.01632670871913433,0.33855003118515015,0.0,0.0,2438,none,B1
sac_her,action_clipping,3,0.3,-8.0,1.0,0.014952944888123302,50,0.01632670871913433,0.33855003118515015,0.0,0.0,2439,none,B1
sac_her,action_clipping,3,0.3,-8.0,1.0,0.014952944888123302,50,0.01632670871913433,0.33855003118515015,0.0,0.0,2440,none,B1
sac_her,action_clipping,3,0.3,-8.0,1.0,0.014952944888123302,50,0.01632670871913433,0.33855003118515015,0.0,0.0,2441,none,B1
sac_her,action_clipping,3,0.3,-8.0,1.0,0.014952944888123302,50,0.01632670871913433,0.33855003118515015,0.0,0.0,2442,none,B1
sac_her,action_clipping,3,0.3,-8.0,1.0,0.014952944888123302,50,0.01632670871913433,0.33855003118515015,0.0,0.0,2443,none,B1
sac_her,action_clipping,3,0.3,-8.0,1.0,0.014952944888123302,50,0.01632670871913433,0.33855003118515015,0.0,0.0,2444,none,B1
sac_her,action_clipping,3,0.3,-8.0,1.0,0.014952944888123302,50,0.01632670871913433,0.33855003118515015,0.0,0.0,2445,none,B1
sac_her,action_clipping,3,0.3,-8.0,1.0,0.014952944888123302,50,0.01632670871913433,0.33855003118515015,0.0,0.0,2446,none,B1
sac_her,action_clipping,3,0.3,-8.0,1.0,0.014952944888123302,50,0.01632670871913433,0.33855003118515015,0.0,0.0,2447,none,B1
sac_her,action_clipping,3,0.3,-8.0,1.0,0.014952944888123302,50,0.01632670871913433,0.33855003118515015,0.0,0.0,2448,none,B1
sac_her,action_clipping,3,0.3,-8.0,1.0,0.014952944888123302,50,0.01632670871913433,0.33855003118515015,0.0,0.0,2449,none,B1
sac_her,action_clipping,3,0.3,-8.0,1.0,0.014952944888123302,50,0.01632670871913433,0.33855003118515015,0.0,0.0,2450,none,B1
sac_her,action_clipping,3,0.3,-8.0,1.0,0.014952944888123302,50,0.01632670871913433,0.33855003118515015,0.0,0.0,2451,none,B1
sac_her,action_clipping,3,0.3,-8.0,1.0,0.014952944888123302,50,0.01632670871913433,0.33855003118515015,0.0,0.0,2452,none,B1
sac_her,action_clipping,3,0.3,-8.0,1.0,0.014952944888123302,50,0.01632670871913433,0.33855003118515015,0.0,0.0,2453,none,B1
sac_her,action_clipping,3,0.3,-8.0,1.0,0.014952944888123302,50,0.01632670871913433,0.33855003118515015,0.0,0.0,2454,none,B1
sac_her,action_clipping,3,0.3,-8.0,1.0,0.014952944888123302,50,0.01632670871913433,0.33855003118515015,0.0,0.0,2455,none,B1
sac_her,action_clipping,3,0.3,-8.0,1.0,0.014952944888123302,50,0.01632670871913433,0.33855003118515015,0.0,0.0,2456,none,B1
sac_her,action_clipping,3,0.3,-8.0,1.0,0.014952944888123302,50,0.01632670871913433,0.33855003118515015,0.0,0.0,2457,none,B1
sac_her,action_clipping,3,0.3,-8.0,1.0,0.014952944888123302,50,0.01632670871913433,0.33855003118515015,0.0,0.0,2458,none,B1
sac_her,action_clipping,3,0.3,-8.0,1.0,0.014952944888123302,50,0.01632670871913433,0.33855003118515015,0.0,0.0,2459,none,B1
sac_her_recovery_v2,action_clipping,3,0.3,-8.0,1.0,0.014952944888123302,50,0.01632670871913433,0.33855003118515015,0.0,0.0,2460,v2,B2
sac_her_recovery_v2,action_clipping,3,0.3,-8.0,1.0,0.014952944888123302,50,0.01632670871913433,0.33855003118515015,0.0,0.0,2461,v2,B2
sac_her_recovery_v2,action_clipping,3,0.3,-8.0,1.0,0.014952944888123302,50,0.01632670871913433,0.33855003118515015,0.0,0.0,2462,v2,B2
sac_her_recovery_v2,action_clipping,3,0.3,-8.0,1.0,0.014952944888123302,50,0.01632670871913433,0.33855003118515015,0.0,0.0,2463,v2,B2
sac_her_recovery_v2,action_clipping,3,0.3,-8.0,1.0,0.014952944888123302,50,0.01632670871913433,0.33855003118515015,0.0,0.0,2464,v2,B2
sac_her_recovery_v2,action_clipping,3,0.3,-8.0,1.0,0.014952944888123302,50,0.01632670871913433,0.33855003118515015,0.0,0.0,2465,v2,B2
sac_her_recovery_v2,action_clipping,3,0.3,-8.0,1.0,0.014952944888123302,50,0.01632670871913433,0.33855003118515015,0.0,0.0,2466,v2,B2
sac_her_recovery_v2,action_clipping,3,0.3,-8.0,1.0,0.014952944888123302,50,0.01632670871913433,0.33855003118515015,0.0,0.0,2467,v2,B2
sac_her_recovery_v2,action_clipping,3,0.3,-8.0,1.0,0.014952944888123302,50,0.01632670871913433,0.33855003118515015,0.0,0.0,2468,v2,B2
sac_her_recovery_v2,action_clipping,3,0.3,-8.0,1.0,0.014952944888123302,50,0.01632670871913433,0.33855003118515015,0.0,0.0,2469,v2,B2
sac_her_recovery_v2,action_clipping,3,0.3,-8.0,1.0,0.014952944888123302,50,0.01632670871913433,0.33855003118515015,0.0,0.0,2470,v2,B2
sac_her_recovery_v2,action_clipping,3,0.3,-8.0,1.0,0.014952944888123302,50,0.01632670871913433,0.33855003118515015,0.0,0.0,2471,v2,B2
sac_her_recovery_v2,action_clipping,3,0.3,-8.0,1.0,0.014952944888123302,50,0.01632670871913433,0.33855003118515015,0.0,0.0,2472,v2,B2
sac_her_recovery_v2,action_clipping,3,0.3,-8.0,1.0,0.014952944888123302,50,0.01632670871913433,0.33855003118515015,0.0,0.0,2473,v2,B2
sac_her_recovery_v2,action_clipping,3,0.3,-8.0,1.0,0.014952944888123302,50,0.01632670871913433,0.33855003118515015,0.0,0.0,2474,v2,B2
sac_her_recovery_v2,action_clipping,3,0.3,-8.0,1.0,0.014952944888123302,50,0.01632670871913433,0.33855003118515015,0.0,0.0,2475,v2,B2
sac_her_recovery_v2,action_clipping,3,0.3,-8.0,1.0,0.014952944888123302,50,0.01632670871913433,0.33855003118515015,0.0,0.0,2476,v2,B2
sac_her_recovery_v2,action_clipping,3,0.3,-8.0,1.0,0.014952944888123302,50,0.01632670871913433,0.33855003118515015,0.0,0.0,2477,v2,B2
sac_her_recovery_v2,action_clipping,3,0.3,-8.0,1.0,0.014952944888123302,50,0.01632670871913433,0.33855003118515015,0.0,0.0,2478,v2,B2
sac_her_recovery_v2,action_clipping,3,0.3,-8.0,1.0,0.014952944888123302,50,0.01632670871913433,0.33855003118515015,0.0,0.0,2479,v2,B2
sac_her_recovery_v2,action_clipping,3,0.3,-8.0,1.0,0.014952944888123302,50,0.01632670871913433,0.33855003118515015,0.0,0.0,2480,v2,B2
sac_her_recovery_v2,action_clipping,3,0.3,-8.0,1.0,0.014952944888123302,50,0.01632670871913433,0.33855003118515015,0.0,0.0,2481,v2,B2
sac_her_recovery_v2,action_clipping,3,0.3,-8.0,1.0,0.014952944888123302,50,0.01632670871913433,0.33855003118515015,0.0,0.0,2482,v2,B2
sac_her_recovery_v2,action_clipping,3,0.3,-8.0,1.0,0.014952944888123302,50,0.01632670871913433,0.33855003118515015,0.0,0.0,2483,v2,B2
sac_her_recovery_v2,action_clipping,3,0.3,-8.0,1.0,0.014952944888123302,50,0.01632670871913433,0.33855003118515015,0.0,0.0,2484,v2,B2
sac_her_recovery_v2,action_clipping,3,0.3,-8.0,1.0,0.014952944888123302,50,0.01632670871913433,0.33855003118515015,0.0,0.0,2485,v2,B2
sac_her_recovery_v2,action_clipping,3,0.3,-8.0,1.0,0.014952944888123302,50,0.01632670871913433,0.33855003118515015,0.0,0.0,2486,v2,B2
sac_her_recovery_v2,action_clipping,3,0.3,-8.0,1.0,0.014952944888123302,50,0.01632670871913433,0.33855003118515015,0.0,0.0,2487,v2,B2
sac_her_recovery_v2,action_clipping,3,0.3,-8.0,1.0,0.014952944888123302,50,0.01632670871913433,0.33855003118515015,0.0,0.0,2488,v2,B2
sac_her_recovery_v2,action_clipping,3,0.3,-8.0,1.0,0.014952944888123302,50,0.01632670871913433,0.33855003118515015,0.0,0.0,2489,v2,B2
sac_her_recovery_v3,action_clipping,3,0.3,-8.0,1.0,0.014952944888123302,50,0.01632670871913433,0.33855003118515015,0.0,0.0,2490,v3,B3
sac_her_recovery_v3,action_clipping,3,0.3,-8.0,1.0,0.014952944888123302,50,0.01632670871913433,0.33855003118515015,0.0,0.0,2491,v3,B3
sac_her_recovery_v3,action_clipping,3,0.3,-8.0,1.0,0.014952944888123302,50,0.01632670871913433,0.33855003118515015,0.0,0.0,2492,v3,B3
sac_her_recovery_v3,action_clipping,3,0.3,-8.0,1.0,0.014952944888123302,50,0.01632670871913433,0.33855003118515015,0.0,0.0,2493,v3,B3
sac_her_recovery_v3,action_clipping,3,0.3,-8.0,1.0,0.014952944888123302,50,0.01632670871913433,0.33855003118515015,0.0,0.0,2494,v3,B3
sac_her_recovery_v3,action_clipping,3,0.3,-8.0,1.0,0.014952944888123302,50,0.01632670871913433,0.33855003118515015,0.0,0.0,2495,v3,B3
sac_her_recovery_v3,action_clipping,3,0.3,-8.0,1.0,0.014952944888123302,50,0.01632670871913433,0.33855003118515015,0.0,0.0,2496,v3,B3
sac_her_recovery_v3,action_clipping,3,0.3,-8.0,1.0,0.014952944888123302,50,0.01632670871913433,0.33855003118515015,0.0,0.0,2497,v3,B3
sac_her_recovery_v3,action_clipping,3,0.3,-8.0,1.0,0.014952944888123302,50,0.01632670871913433,0.33855003118515015,0.0,0.0,2498,v3,B3
sac_her_recovery_v3,action_clipping,3,0.3,-8.0,1.0,0.014952944888123302,50,0.01632670871913433,0.33855003118515015,0.0,0.0,2499,v3,B3
sac_her_recovery_v3,action_clipping,3,0.3,-8.0,1.0,0.014952944888123302,50,0.01632670871913433,0.33855003118515015,0.0,0.0,2500,v3,B3
sac_her_recovery_v3,action_clipping,3,0.3,-8.0,1.0,0.014952944888123302,50,0.01632670871913433,0.33855003118515015,0.0,0.0,2501,v3,B3
sac_her_recovery_v3,action_clipping,3,0.3,-8.0,1.0,0.014952944888123302,50,0.01632670871913433,0.33855003118515015,0.0,0.0,2502,v3,B3
sac_her_recovery_v3,action_clipping,3,0.3,-8.0,1.0,0.014952944888123302,50,0.01632670871913433,0.33855003118515015,0.0,0.0,2503,v3,B3
sac_her_recovery_v3,action_clipping,3,0.3,-8.0,1.0,0.014952944888123302,50,0.01632670871913433,0.33855003118515015,0.0,0.0,2504,v3,B3
sac_her_recovery_v3,action_clipping,3,0.3,-8.0,1.0,0.014952944888123302,50,0.01632670871913433,0.33855003118515015,0.0,0.0,2505,v3,B3
sac_her_recovery_v3,action_clipping,3,0.3,-8.0,1.0,0.014952944888123302,50,0.01632670871913433,0.33855003118515015,0.0,0.0,2506,v3,B3
sac_her_recovery_v3,action_clipping,3,0.3,-8.0,1.0,0.014952944888123302,50,0.01632670871913433,0.33855003118515015,0.0,0.0,2507,v3,B3
sac_her_recovery_v3,action_clipping,3,0.3,-8.0,1.0,0.014952944888123302,50,0.01632670871913433,0.33855003118515015,0.0,0.0,2508,v3,B3
sac_her_recovery_v3,action_clipping,3,0.3,-8.0,1.0,0.014952944888123302,50,0.01632670871913433,0.33855003118515015,0.0,0.0,2509,v3,B3
sac_her_recovery_v3,action_clipping,3,0.3,-8.0,1.0,0.014952944888123302,50,0.01632670871913433,0.33855003118515015,0.0,0.0,2510,v3,B3
sac_her_recovery_v3,action_clipping,3,0.3,-8.0,1.0,0.014952944888123302,50,0.01632670871913433,0.33855003118515015,0.0,0.0,2511,v3,B3
sac_her_recovery_v3,action_clipping,3,0.3,-8.0,1.0,0.014952944888123302,50,0.01632670871913433,0.33855003118515015,0.0,0.0,2512,v3,B3
sac_her_recovery_v3,action_clipping,3,0.3,-8.0,1.0,0.014952944888123302,50,0.01632670871913433,0.33855003118515015,0.0,0.0,2513,v3,B3
sac_her_recovery_v3,action_clipping,3,0.3,-8.0,1.0,0.014952944888123302,50,0.01632670871913433,0.33855003118515015,0.0,0.0,2514,v3,B3
sac_her_recovery_v3,action_clipping,3,0.3,-8.0,1.0,0.014952944888123302,50,0.01632670871913433,0.33855003118515015,0.0,0.0,2515,v3,B3
sac_her_recovery_v3,action_clipping,3,0.3,-8.0,1.0,0.014952944888123302,50,0.01632670871913433,0.33855003118515015,0.0,0.0,2516,v3,B3
sac_her_recovery_v3,action_clipping,3,0.3,-8.0,1.0,0.014952944888123302,50,0.01632670871913433,0.33855003118515015,0.0,0.0,2517,v3,B3
sac_her_recovery_v3,action_clipping,3,0.3,-8.0,1.0,0.014952944888123302,50,0.01632670871913433,0.33855003118515015,0.0,0.0,2518,v3,B3
sac_her_recovery_v3,action_clipping,3,0.3,-8.0,1.0,0.014952944888123302,50,0.01632670871913433,0.33855003118515015,0.0,0.0,2519,v3,B3
sac_her,action_delay,3,0.0,-50.0,0.0,0.17710007955540227,50,0.0,0.0,0.0,0.0,2520,none,B1
sac_her,action_delay,3,0.0,-50.0,0.0,0.17710007955540227,50,0.0,0.0,0.0,0.0,2521,none,B1
sac_her,action_delay,3,0.0,-50.0,0.0,0.17710007955540227,50,0.0,0.0,0.0,0.0,2522,none,B1
sac_her,action_delay,3,0.0,-50.0,0.0,0.17710007955540227,50,0.0,0.0,0.0,0.0,2523,none,B1
sac_her,action_delay,3,0.0,-50.0,0.0,0.17710007955540227,50,0.0,0.0,0.0,0.0,2524,none,B1
sac_her,action_delay,3,0.0,-50.0,0.0,0.17710007955540227,50,0.0,0.0,0.0,0.0,2525,none,B1
sac_her,action_delay,3,0.0,-50.0,0.0,0.17710007955540227,50,0.0,0.0,0.0,0.0,2526,none,B1
sac_her,action_delay,3,0.0,-50.0,0.0,0.17710007955540227,50,0.0,0.0,0.0,0.0,2527,none,B1
sac_her,action_delay,3,0.0,-50.0,0.0,0.17710007955540227,50,0.0,0.0,0.0,0.0,2528,none,B1
sac_her,action_delay,3,0.0,-50.0,0.0,0.17710007955540227,50,0.0,0.0,0.0,0.0,2529,none,B1
sac_her,action_delay,3,0.0,-50.0,0.0,0.17710007955540227,50,0.0,0.0,0.0,0.0,2530,none,B1
sac_her,action_delay,3,0.0,-50.0,0.0,0.17710007955540227,50,0.0,0.0,0.0,0.0,2531,none,B1
sac_her,action_delay,3,0.0,-50.0,0.0,0.17710007955540227,50,0.0,0.0,0.0,0.0,2532,none,B1
sac_her,action_delay,3,0.0,-50.0,0.0,0.17710007955540227,50,0.0,0.0,0.0,0.0,2533,none,B1
sac_her,action_delay,3,0.0,-50.0,0.0,0.17710007955540227,50,0.0,0.0,0.0,0.0,2534,none,B1
sac_her,action_delay,3,0.0,-50.0,0.0,0.17710007955540227,50,0.0,0.0,0.0,0.0,2535,none,B1
sac_her,action_delay,3,0.0,-50.0,0.0,0.17710007955540227,50,0.0,0.0,0.0,0.0,2536,none,B1
sac_her,action_delay,3,0.0,-50.0,0.0,0.17710007955540227,50,0.0,0.0,0.0,0.0,2537,none,B1
sac_her,action_delay,3,0.0,-50.0,0.0,0.17710007955540227,50,0.0,0.0,0.0,0.0,2538,none,B1
sac_her,action_delay,3,0.0,-50.0,0.0,0.17710007955540227,50,0.0,0.0,0.0,0.0,2539,none,B1
sac_her,action_delay,3,0.0,-50.0,0.0,0.17710007955540227,50,0.0,0.0,0.0,0.0,2540,none,B1
sac_her,action_delay,3,0.0,-50.0,0.0,0.17710007955540227,50,0.0,0.0,0.0,0.0,2541,none,B1
sac_her,action_delay,3,0.0,-50.0,0.0,0.17710007955540227,50,0.0,0.0,0.0,0.0,2542,none,B1
sac_her,action_delay,3,0.0,-50.0,0.0,0.17710007955540227,50,0.0,0.0,0.0,0.0,2543,none,B1
sac_her,action_delay,3,0.0,-50.0,0.0,0.17710007955540227,50,0.0,0.0,0.0,0.0,2544,none,B1
sac_her,action_delay,3,0.0,-50.0,0.0,0.17710007955540227,50,0.0,0.0,0.0,0.0,2545,none,B1
sac_her,action_delay,3,0.0,-50.0,0.0,0.17710007955540227,50,0.0,0.0,0.0,0.0,2546,none,B1
sac_her,action_delay,3,0.0,-50.0,0.0,0.17710007955540227,50,0.0,0.0,0.0,0.0,2547,none,B1
sac_her,action_delay,3,0.0,-50.0,0.0,0.17710007955540227,50,0.0,0.0,0.0,0.0,2548,none,B1
sac_her,action_delay,3,0.0,-50.0,0.0,0.17710007955540227,50,0.0,0.0,0.0,0.0,2549,none,B1
sac_her_recovery_v2,action_delay,3,0.0,-35.0,1.0,0.04754392812326029,50,0.12047378718852997,0.757189929485321,0.0,1.0,2550,v2,B2
sac_her_recovery_v2,action_delay,3,0.0,-35.0,1.0,0.04754392812326029,50,0.12047378718852997,0.757189929485321,0.0,1.0,2551,v2,B2
sac_her_recovery_v2,action_delay,3,0.0,-35.0,1.0,0.04754392812326029,50,0.12047378718852997,0.757189929485321,0.0,1.0,2552,v2,B2
sac_her_recovery_v2,action_delay,3,0.0,-35.0,1.0,0.04754392812326029,50,0.12047378718852997,0.757189929485321,0.0,1.0,2553,v2,B2
sac_her_recovery_v2,action_delay,3,0.0,-35.0,1.0,0.04754392812326029,50,0.12047378718852997,0.757189929485321,0.0,1.0,2554,v2,B2
sac_her_recovery_v2,action_delay,3,0.0,-35.0,1.0,0.04754392812326029,50,0.12047378718852997,0.757189929485321,0.0,1.0,2555,v2,B2
sac_her_recovery_v2,action_delay,3,0.0,-35.0,1.0,0.04754392812326029,50,0.12047378718852997,0.757189929485321,0.0,1.0,2556,v2,B2
sac_her_recovery_v2,action_delay,3,0.0,-35.0,1.0,0.04754392812326029,50,0.12047378718852997,0.757189929485321,0.0,1.0,2557,v2,B2
sac_her_recovery_v2,action_delay,3,0.0,-35.0,1.0,0.04754392812326029,50,0.12047378718852997,0.757189929485321,0.0,1.0,2558,v2,B2
sac_her_recovery_v2,action_delay,3,0.0,-35.0,1.0,0.04754392812326029,50,0.12047378718852997,0.757189929485321,0.0,1.0,2559,v2,B2
sac_her_recovery_v2,action_delay,3,0.0,-35.0,1.0,0.04754392812326029,50,0.12047378718852997,0.757189929485321,0.0,1.0,2560,v2,B2
sac_her_recovery_v2,action_delay,3,0.0,-35.0,1.0,0.04754392812326029,50,0.12047378718852997,0.757189929485321,0.0,1.0,2561,v2,B2
sac_her_recovery_v2,action_delay,3,0.0,-35.0,1.0,0.04754392812326029,50,0.12047378718852997,0.757189929485321,0.0,1.0,2562,v2,B2
sac_her_recovery_v2,action_delay,3,0.0,-35.0,1.0,0.04754392812326029,50,0.12047378718852997,0.757189929485321,0.0,1.0,2563,v2,B2
sac_her_recovery_v2,action_delay,3,0.0,-35.0,1.0,0.04754392812326029,50,0.12047378718852997,0.757189929485321,0.0,1.0,2564,v2,B2
sac_her_recovery_v2,action_delay,3,0.0,-35.0,1.0,0.04754392812326029,50,0.12047378718852997,0.757189929485321,0.0,1.0,2565,v2,B2
sac_her_recovery_v2,action_delay,3,0.0,-35.0,1.0,0.04754392812326029,50,0.12047378718852997,0.757189929485321,0.0,1.0,2566,v2,B2
sac_her_recovery_v2,action_delay,3,0.0,-35.0,1.0,0.04754392812326029,50,0.12047378718852997,0.757189929485321,0.0,1.0,2567,v2,B2
sac_her_recovery_v2,action_delay,3,0.0,-35.0,1.0,0.04754392812326029,50,0.12047378718852997,0.757189929485321,0.0,1.0,2568,v2,B2
sac_her_recovery_v2,action_delay,3,0.0,-35.0,1.0,0.04754392812326029,50,0.12047378718852997,0.757189929485321,0.0,1.0,2569,v2,B2
sac_her_recovery_v2,action_delay,3,0.0,-35.0,1.0,0.04754392812326029,50,0.12047378718852997,0.757189929485321,0.0,1.0,2570,v2,B2
sac_her_recovery_v2,action_delay,3,0.0,-35.0,1.0,0.04754392812326029,50,0.12047378718852997,0.757189929485321,0.0,1.0,2571,v2,B2
sac_her_recovery_v2,action_delay,3,0.0,-35.0,1.0,0.04754392812326029,50,0.12047378718852997,0.757189929485321,0.0,1.0,2572,v2,B2
sac_her_recovery_v2,action_delay,3,0.0,-35.0,1.0,0.04754392812326029,50,0.12047378718852997,0.757189929485321,0.0,1.0,2573,v2,B2
sac_her_recovery_v2,action_delay,3,0.0,-35.0,1.0,0.04754392812326029,50,0.12047378718852997,0.757189929485321,0.0,1.0,2574,v2,B2
sac_her_recovery_v2,action_delay,3,0.0,-35.0,1.0,0.04754392812326029,50,0.12047378718852997,0.757189929485321,0.0,1.0,2575,v2,B2
sac_her_recovery_v2,action_delay,3,0.0,-35.0,1.0,0.04754392812326029,50,0.12047378718852997,0.757189929485321,0.0,1.0,2576,v2,B2
sac_her_recovery_v2,action_delay,3,0.0,-35.0,1.0,0.04754392812326029,50,0.12047378718852997,0.757189929485321,0.0,1.0,2577,v2,B2
sac_her_recovery_v2,action_delay,3,0.0,-35.0,1.0,0.04754392812326029,50,0.12047378718852997,0.757189929485321,0.0,1.0,2578,v2,B2
sac_her_recovery_v2,action_delay,3,0.0,-35.0,1.0,0.04754392812326029,50,0.12047378718852997,0.757189929485321,0.0,1.0,2579,v2,B2
sac_her_recovery_v3,action_delay,3,0.0,-37.0,1.0,0.06352196069130445,50,0.0895005613565445,0.46632397174835205,0.0,1.0,2580,v3,B3
sac_her_recovery_v3,action_delay,3,0.0,-37.0,1.0,0.06352196069130445,50,0.0895005613565445,0.46632397174835205,0.0,1.0,2581,v3,B3
sac_her_recovery_v3,action_delay,3,0.0,-37.0,1.0,0.06352196069130445,50,0.0895005613565445,0.46632397174835205,0.0,1.0,2582,v3,B3
sac_her_recovery_v3,action_delay,3,0.0,-37.0,1.0,0.06352196069130445,50,0.0895005613565445,0.46632397174835205,0.0,1.0,2583,v3,B3
sac_her_recovery_v3,action_delay,3,0.0,-37.0,1.0,0.06352196069130445,50,0.0895005613565445,0.46632397174835205,0.0,1.0,2584,v3,B3
sac_her_recovery_v3,action_delay,3,0.0,-37.0,1.0,0.06352196069130445,50,0.0895005613565445,0.46632397174835205,0.0,1.0,2585,v3,B3
sac_her_recovery_v3,action_delay,3,0.0,-37.0,1.0,0.06352196069130445,50,0.0895005613565445,0.46632397174835205,0.0,1.0,2586,v3,B3
sac_her_recovery_v3,action_delay,3,0.0,-37.0,1.0,0.06352196069130445,50,0.0895005613565445,0.46632397174835205,0.0,1.0,2587,v3,B3
sac_her_recovery_v3,action_delay,3,0.0,-37.0,1.0,0.06352196069130445,50,0.0895005613565445,0.46632397174835205,0.0,1.0,2588,v3,B3
sac_her_recovery_v3,action_delay,3,0.0,-37.0,1.0,0.06352196069130445,50,0.0895005613565445,0.46632397174835205,0.0,1.0,2589,v3,B3
sac_her_recovery_v3,action_delay,3,0.0,-37.0,1.0,0.06352196069130445,50,0.0895005613565445,0.46632397174835205,0.0,1.0,2590,v3,B3
sac_her_recovery_v3,action_delay,3,0.0,-37.0,1.0,0.06352196069130445,50,0.0895005613565445,0.46632397174835205,0.0,1.0,2591,v3,B3
sac_her_recovery_v3,action_delay,3,0.0,-37.0,1.0,0.06352196069130445,50,0.0895005613565445,0.46632397174835205,0.0,1.0,2592,v3,B3
sac_her_recovery_v3,action_delay,3,0.0,-37.0,1.0,0.06352196069130445,50,0.0895005613565445,0.46632397174835205,0.0,1.0,2593,v3,B3
sac_her_recovery_v3,action_delay,3,0.0,-37.0,1.0,0.06352196069130445,50,0.0895005613565445,0.46632397174835205,0.0,1.0,2594,v3,B3
sac_her_recovery_v3,action_delay,3,0.0,-37.0,1.0,0.06352196069130445,50,0.0895005613565445,0.46632397174835205,0.0,1.0,2595,v3,B3
sac_her_recovery_v3,action_delay,3,0.0,-37.0,1.0,0.06352196069130445,50,0.0895005613565445,0.46632397174835205,0.0,1.0,2596,v3,B3
sac_her_recovery_v3,action_delay,3,0.0,-37.0,1.0,0.06352196069130445,50,0.0895005613565445,0.46632397174835205,0.0,1.0,2597,v3,B3
sac_her_recovery_v3,action_delay,3,0.0,-37.0,1.0,0.06352196069130445,50,0.0895005613565445,0.46632397174835205,0.0,1.0,2598,v3,B3
sac_her_recovery_v3,action_delay,3,0.0,-37.0,1.0,0.06352196069130445,50,0.0895005613565445,0.46632397174835205,0.0,1.0,2599,v3,B3
sac_her_recovery_v3,action_delay,3,0.0,-37.0,1.0,0.06352196069130445,50,0.0895005613565445,0.46632397174835205,0.0,1.0,2600,v3,B3
sac_her_recovery_v3,action_delay,3,0.0,-37.0,1.0,0.06352196069130445,50,0.0895005613565445,0.46632397174835205,0.0,1.0,2601,v3,B3
sac_her_recovery_v3,action_delay,3,0.0,-37.0,1.0,0.06352196069130445,50,0.0895005613565445,0.46632397174835205,0.0,1.0,2602,v3,B3
sac_her_recovery_v3,action_delay,3,0.0,-37.0,1.0,0.06352196069130445,50,0.0895005613565445,0.46632397174835205,0.0,1.0,2603,v3,B3
sac_her_recovery_v3,action_delay,3,0.0,-37.0,1.0,0.06352196069130445,50,0.0895005613565445,0.46632397174835205,0.0,1.0,2604,v3,B3
sac_her_recovery_v3,action_delay,3,0.0,-37.0,1.0,0.06352196069130445,50,0.0895005613565445,0.46632397174835205,0.0,1.0,2605,v3,B3
sac_her_recovery_v3,action_delay,3,0.0,-37.0,1.0,0.06352196069130445,50,0.0895005613565445,0.46632397174835205,0.0,1.0,2606,v3,B3
sac_her_recovery_v3,action_delay,3,0.0,-37.0,1.0,0.06352196069130445,50,0.0895005613565445,0.46632397174835205,0.0,1.0,2607,v3,B3
sac_her_recovery_v3,action_delay,3,0.0,-37.0,1.0,0.06352196069130445,50,0.0895005613565445,0.46632397174835205,0.0,1.0,2608,v3,B3
sac_her_recovery_v3,action_delay,3,0.0,-37.0,1.0,0.06352196069130445,50,0.0895005613565445,0.46632397174835205,0.0,1.0,2609,v3,B3
sac_her,action_reversal,3,0.0,-50.0,0.0,0.8198886075383087,50,0.058883510529994965,1.853450894355774,1.0,0.0,2610,none,B1
sac_her,action_reversal,3,0.0,-50.0,0.0,0.8198886075383087,50,0.058883510529994965,1.853450894355774,1.0,0.0,2611,none,B1
sac_her,action_reversal,3,0.0,-50.0,0.0,0.8198886075383087,50,0.058883510529994965,1.853450894355774,1.0,0.0,2612,none,B1
sac_her,action_reversal,3,0.0,-50.0,0.0,0.8198886075383087,50,0.058883510529994965,1.853450894355774,1.0,0.0,2613,none,B1
sac_her,action_reversal,3,0.0,-50.0,0.0,0.8198886075383087,50,0.058883510529994965,1.853450894355774,1.0,0.0,2614,none,B1
sac_her,action_reversal,3,0.0,-50.0,0.0,0.8198886075383087,50,0.058883510529994965,1.853450894355774,1.0,0.0,2615,none,B1
sac_her,action_reversal,3,0.0,-50.0,0.0,0.8198886075383087,50,0.058883510529994965,1.853450894355774,1.0,0.0,2616,none,B1
sac_her,action_reversal,3,0.0,-50.0,0.0,0.8198886075383087,50,0.058883510529994965,1.853450894355774,1.0,0.0,2617,none,B1
sac_her,action_reversal,3,0.0,-50.0,0.0,0.8198886075383087,50,0.058883510529994965,1.853450894355774,1.0,0.0,2618,none,B1
sac_her,action_reversal,3,0.0,-50.0,0.0,0.8198886075383087,50,0.058883510529994965,1.853450894355774,1.0,0.0,2619,none,B1
sac_her,action_reversal,3,0.0,-50.0,0.0,0.8198886075383087,50,0.058883510529994965,1.853450894355774,1.0,0.0,2620,none,B1
sac_her,action_reversal,3,0.0,-50.0,0.0,0.8198886075383087,50,0.058883510529994965,1.853450894355774,1.0,0.0,2621,none,B1
sac_her,action_reversal,3,0.0,-50.0,0.0,0.8198886075383087,50,0.058883510529994965,1.853450894355774,1.0,0.0,2622,none,B1
sac_her,action_reversal,3,0.0,-50.0,0.0,0.8198886075383087,50,0.058883510529994965,1.853450894355774,1.0,0.0,2623,none,B1
sac_her,action_reversal,3,0.0,-50.0,0.0,0.8198886075383087,50,0.058883510529994965,1.853450894355774,1.0,0.0,2624,none,B1
sac_her,action_reversal,3,0.0,-50.0,0.0,0.8198886075383087,50,0.058883510529994965,1.853450894355774,1.0,0.0,2625,none,B1
sac_her,action_reversal,3,0.0,-50.0,0.0,0.8198886075383087,50,0.058883510529994965,1.853450894355774,1.0,0.0,2626,none,B1
sac_her,action_reversal,3,0.0,-50.0,0.0,0.8198886075383087,50,0.058883510529994965,1.853450894355774,1.0,0.0,2627,none,B1
sac_her,action_reversal,3,0.0,-50.0,0.0,0.8198886075383087,50,0.058883510529994965,1.853450894355774,1.0,0.0,2628,none,B1
sac_her,action_reversal,3,0.0,-50.0,0.0,0.8198886075383087,50,0.058883510529994965,1.853450894355774,1.0,0.0,2629,none,B1
sac_her,action_reversal,3,0.0,-50.0,0.0,0.8198886075383087,50,0.058883510529994965,1.853450894355774,1.0,0.0,2630,none,B1
sac_her,action_reversal,3,0.0,-50.0,0.0,0.8198886075383087,50,0.058883510529994965,1.853450894355774,1.0,0.0,2631,none,B1
sac_her,action_reversal,3,0.0,-50.0,0.0,0.8198886075383087,50,0.058883510529994965,1.853450894355774,1.0,0.0,2632,none,B1
sac_her,action_reversal,3,0.0,-50.0,0.0,0.8198886075383087,50,0.058883510529994965,1.853450894355774,1.0,0.0,2633,none,B1
sac_her,action_reversal,3,0.0,-50.0,0.0,0.8198886075383087,50,0.058883510529994965,1.853450894355774,1.0,0.0,2634,none,B1
sac_her,action_reversal,3,0.0,-50.0,0.0,0.8198886075383087,50,0.058883510529994965,1.853450894355774,1.0,0.0,2635,none,B1
sac_her,action_reversal,3,0.0,-50.0,0.0,0.8198886075383087,50,0.058883510529994965,1.853450894355774,1.0,0.0,2636,none,B1
sac_her,action_reversal,3,0.0,-50.0,0.0,0.8198886075383087,50,0.058883510529994965,1.853450894355774,1.0,0.0,2637,none,B1
sac_her,action_reversal,3,0.0,-50.0,0.0,0.8198886075383087,50,0.058883510529994965,1.853450894355774,1.0,0.0,2638,none,B1
sac_her,action_reversal,3,0.0,-50.0,0.0,0.8198886075383087,50,0.058883510529994965,1.853450894355774,1.0,0.0,2639,none,B1
sac_her_recovery_v2,action_reversal,3,0.0,-50.0,0.0,0.27800598230380236,50,0.913047730922699,1.3635560274124146,1.0,1.0,2640,v2,B2
sac_her_recovery_v2,action_reversal,3,0.0,-50.0,0.0,0.27800598230380236,50,0.913047730922699,1.3635560274124146,1.0,1.0,2641,v2,B2
sac_her_recovery_v2,action_reversal,3,0.0,-50.0,0.0,0.27800598230380236,50,0.913047730922699,1.3635560274124146,1.0,1.0,2642,v2,B2
sac_her_recovery_v2,action_reversal,3,0.0,-50.0,0.0,0.27800598230380236,50,0.913047730922699,1.3635560274124146,1.0,1.0,2643,v2,B2
sac_her_recovery_v2,action_reversal,3,0.0,-50.0,0.0,0.27800598230380236,50,0.913047730922699,1.3635560274124146,1.0,1.0,2644,v2,B2
sac_her_recovery_v2,action_reversal,3,0.0,-50.0,0.0,0.27800598230380236,50,0.913047730922699,1.3635560274124146,1.0,1.0,2645,v2,B2
sac_her_recovery_v2,action_reversal,3,0.0,-50.0,0.0,0.27800598230380236,50,0.913047730922699,1.3635560274124146,1.0,1.0,2646,v2,B2
sac_her_recovery_v2,action_reversal,3,0.0,-50.0,0.0,0.27800598230380236,50,0.913047730922699,1.3635560274124146,1.0,1.0,2647,v2,B2
sac_her_recovery_v2,action_reversal,3,0.0,-50.0,0.0,0.27800598230380236,50,0.913047730922699,1.3635560274124146,1.0,1.0,2648,v2,B2
sac_her_recovery_v2,action_reversal,3,0.0,-50.0,0.0,0.27800598230380236,50,0.913047730922699,1.3635560274124146,1.0,1.0,2649,v2,B2
sac_her_recovery_v2,action_reversal,3,0.0,-50.0,0.0,0.27800598230380236,50,0.913047730922699,1.3635560274124146,1.0,1.0,2650,v2,B2
sac_her_recovery_v2,action_reversal,3,0.0,-50.0,0.0,0.27800598230380236,50,0.913047730922699,1.3635560274124146,1.0,1.0,2651,v2,B2
sac_her_recovery_v2,action_reversal,3,0.0,-50.0,0.0,0.27800598230380236,50,0.913047730922699,1.3635560274124146,1.0,1.0,2652,v2,B2
sac_her_recovery_v2,action_reversal,3,0.0,-50.0,0.0,0.27800598230380236,50,0.913047730922699,1.3635560274124146,1.0,1.0,2653,v2,B2
sac_her_recovery_v2,action_reversal,3,0.0,-50.0,0.0,0.27800598230380236,50,0.913047730922699,1.3635560274124146,1.0,1.0,2654,v2,B2
sac_her_recovery_v2,action_reversal,3,0.0,-50.0,0.0,0.27800598230380236,50,0.913047730922699,1.3635560274124146,1.0,1.0,2655,v2,B2
sac_her_recovery_v2,action_reversal,3,0.0,-50.0,0.0,0.27800598230380236,50,0.913047730922699,1.3635560274124146,1.0,1.0,2656,v2,B2
sac_her_recovery_v2,action_reversal,3,0.0,-50.0,0.0,0.27800598230380236,50,0.913047730922699,1.3635560274124146,1.0,1.0,2657,v2,B2
sac_her_recovery_v2,action_reversal,3,0.0,-50.0,0.0,0.27800598230380236,50,0.913047730922699,1.3635560274124146,1.0,1.0,2658,v2,B2
sac_her_recovery_v2,action_reversal,3,0.0,-50.0,0.0,0.27800598230380236,50,0.913047730922699,1.3635560274124146,1.0,1.0,2659,v2,B2
sac_her_recovery_v2,action_reversal,3,0.0,-50.0,0.0,0.27800598230380236,50,0.913047730922699,1.3635560274124146,1.0,1.0,2660,v2,B2
sac_her_recovery_v2,action_reversal,3,0.0,-50.0,0.0,0.27800598230380236,50,0.913047730922699,1.3635560274124146,1.0,1.0,2661,v2,B2
sac_her_recovery_v2,action_reversal,3,0.0,-50.0,0.0,0.27800598230380236,50,0.913047730922699,1.3635560274124146,1.0,1.0,2662,v2,B2
sac_her_recovery_v2,action_reversal,3,0.0,-50.0,0.0,0.27800598230380236,50,0.913047730922699,1.3635560274124146,1.0,1.0,2663,v2,B2
sac_her_recovery_v2,action_reversal,3,0.0,-50.0,0.0,0.27800598230380236,50,0.913047730922699,1.3635560274124146,1.0,1.0,2664,v2,B2
sac_her_recovery_v2,action_reversal,3,0.0,-50.0,0.0,0.27800598230380236,50,0.913047730922699,1.3635560274124146,1.0,1.0,2665,v2,B2
sac_her_recovery_v2,action_reversal,3,0.0,-50.0,0.0,0.27800598230380236,50,0.913047730922699,1.3635560274124146,1.0,1.0,2666,v2,B2
sac_her_recovery_v2,action_reversal,3,0.0,-50.0,0.0,0.27800598230380236,50,0.913047730922699,1.3635560274124146,1.0,1.0,2667,v2,B2
sac_her_recovery_v2,action_reversal,3,0.0,-50.0,0.0,0.27800598230380236,50,0.913047730922699,1.3635560274124146,1.0,1.0,2668,v2,B2
sac_her_recovery_v2,action_reversal,3,0.0,-50.0,0.0,0.27800598230380236,50,0.913047730922699,1.3635560274124146,1.0,1.0,2669,v2,B2
sac_her_recovery_v3,action_reversal,3,0.0,-50.0,0.0,0.11828238229581418,50,0.681006133556366,1.2522106170654297,1.0,1.0,2670,v3,B3
sac_her_recovery_v3,action_reversal,3,0.0,-50.0,0.0,0.11828238229581418,50,0.681006133556366,1.2522106170654297,1.0,1.0,2671,v3,B3
sac_her_recovery_v3,action_reversal,3,0.0,-50.0,0.0,0.11828238229581418,50,0.681006133556366,1.2522106170654297,1.0,1.0,2672,v3,B3
sac_her_recovery_v3,action_reversal,3,0.0,-50.0,0.0,0.11828238229581418,50,0.681006133556366,1.2522106170654297,1.0,1.0,2673,v3,B3
sac_her_recovery_v3,action_reversal,3,0.0,-50.0,0.0,0.11828238229581418,50,0.681006133556366,1.2522106170654297,1.0,1.0,2674,v3,B3
sac_her_recovery_v3,action_reversal,3,0.0,-50.0,0.0,0.11828238229581418,50,0.681006133556366,1.2522106170654297,1.0,1.0,2675,v3,B3
sac_her_recovery_v3,action_reversal,3,0.0,-50.0,0.0,0.11828238229581418,50,0.681006133556366,1.2522106170654297,1.0,1.0,2676,v3,B3
sac_her_recovery_v3,action_reversal,3,0.0,-50.0,0.0,0.11828238229581418,50,0.681006133556366,1.2522106170654297,1.0,1.0,2677,v3,B3
sac_her_recovery_v3,action_reversal,3,0.0,-50.0,0.0,0.11828238229581418,50,0.681006133556366,1.2522106170654297,1.0,1.0,2678,v3,B3
sac_her_recovery_v3,action_reversal,3,0.0,-50.0,0.0,0.11828238229581418,50,0.681006133556366,1.2522106170654297,1.0,1.0,2679,v3,B3
sac_her_recovery_v3,action_reversal,3,0.0,-50.0,0.0,0.11828238229581418,50,0.681006133556366,1.2522106170654297,1.0,1.0,2680,v3,B3
sac_her_recovery_v3,action_reversal,3,0.0,-50.0,0.0,0.11828238229581418,50,0.681006133556366,1.2522106170654297,1.0,1.0,2681,v3,B3
sac_her_recovery_v3,action_reversal,3,0.0,-50.0,0.0,0.11828238229581418,50,0.681006133556366,1.2522106170654297,1.0,1.0,2682,v3,B3
sac_her_recovery_v3,action_reversal,3,0.0,-50.0,0.0,0.11828238229581418,50,0.681006133556366,1.2522106170654297,1.0,1.0,2683,v3,B3
sac_her_recovery_v3,action_reversal,3,0.0,-50.0,0.0,0.11828238229581418,50,0.681006133556366,1.2522106170654297,1.0,1.0,2684,v3,B3
sac_her_recovery_v3,action_reversal,3,0.0,-50.0,0.0,0.11828238229581418,50,0.681006133556366,1.2522106170654297,1.0,1.0,2685,v3,B3
sac_her_recovery_v3,action_reversal,3,0.0,-50.0,0.0,0.11828238229581418,50,0.681006133556366,1.2522106170654297,1.0,1.0,2686,v3,B3
sac_her_recovery_v3,action_reversal,3,0.0,-50.0,0.0,0.11828238229581418,50,0.681006133556366,1.2522106170654297,1.0,1.0,2687,v3,B3
sac_her_recovery_v3,action_reversal,3,0.0,-50.0,0.0,0.11828238229581418,50,0.681006133556366,1.2522106170654297,1.0,1.0,2688,v3,B3
sac_her_recovery_v3,action_reversal,3,0.0,-50.0,0.0,0.11828238229581418,50,0.681006133556366,1.2522106170654297,1.0,1.0,2689,v3,B3
sac_her_recovery_v3,action_reversal,3,0.0,-50.0,0.0,0.11828238229581418,50,0.681006133556366,1.2522106170654297,1.0,1.0,2690,v3,B3
sac_her_recovery_v3,action_reversal,3,0.0,-50.0,0.0,0.11828238229581418,50,0.681006133556366,1.2522106170654297,1.0,1.0,2691,v3,B3
sac_her_recovery_v3,action_reversal,3,0.0,-50.0,0.0,0.11828238229581418,50,0.681006133556366,1.2522106170654297,1.0,1.0,2692,v3,B3
sac_her_recovery_v3,action_reversal,3,0.0,-50.0,0.0,0.11828238229581418,50,0.681006133556366,1.2522106170654297,1.0,1.0,2693,v3,B3
sac_her_recovery_v3,action_reversal,3,0.0,-50.0,0.0,0.11828238229581418,50,0.681006133556366,1.2522106170654297,1.0,1.0,2694,v3,B3
sac_her_recovery_v3,action_reversal,3,0.0,-50.0,0.0,0.11828238229581418,50,0.681006133556366,1.2522106170654297,1.0,1.0,2695,v3,B3
sac_her_recovery_v3,action_reversal,3,0.0,-50.0,0.0,0.11828238229581418,50,0.681006133556366,1.2522106170654297,1.0,1.0,2696,v3,B3
sac_her_recovery_v3,action_reversal,3,0.0,-50.0,0.0,0.11828238229581418,50,0.681006133556366,1.2522106170654297,1.0,1.0,2697,v3,B3
sac_her_recovery_v3,action_reversal,3,0.0,-50.0,0.0,0.11828238229581418,50,0.681006133556366,1.2522106170654297,1.0,1.0,2698,v3,B3
sac_her_recovery_v3,action_reversal,3,0.0,-50.0,0.0,0.11828238229581418,50,0.681006133556366,1.2522106170654297,1.0,1.0,2699,v3,B3
sac_her,goal_spoof_immediate,3,0.1,-50.0,0.0,0.07675547345256777,50,0.0446464978158474,0.26702696084976196,1.0,0.0,2700,none,B1
sac_her,goal_spoof_immediate,3,0.1,-50.0,0.0,0.09119297693829714,50,0.04501977562904358,0.2513599395751953,1.0,0.0,2701,none,B1
sac_her,goal_spoof_immediate,3,0.1,-48.0,1.0,0.09833416209881682,50,0.04817550629377365,0.614237904548645,1.0,0.0,2702,none,B1
sac_her,goal_spoof_immediate,3,0.1,-48.0,1.0,0.09079654521217598,50,0.06219455599784851,0.4355792999267578,1.0,0.0,2703,none,B1
sac_her,goal_spoof_immediate,3,0.1,-50.0,0.0,0.08165662093042605,50,0.05326153337955475,0.28072768449783325,1.0,0.0,2704,none,B1
sac_her,goal_spoof_immediate,3,0.1,-48.0,1.0,0.07733484564795343,50,0.049941759556531906,0.5468820929527283,1.0,0.0,2705,none,B1
sac_her,goal_spoof_immediate,3,0.1,-50.0,0.0,0.1075030343954801,50,0.03938774764537811,0.28501731157302856,1.0,0.0,2706,none,B1
sac_her,goal_spoof_immediate,3,0.1,-48.0,1.0,0.07234538966991222,50,0.04740617051720619,0.49624302983283997,1.0,0.0,2707,none,B1
sac_her,goal_spoof_immediate,3,0.1,-50.0,0.0,0.11619185220508266,50,0.051359035074710846,0.6083453893661499,1.0,0.0,2708,none,B1
sac_her,goal_spoof_immediate,3,0.1,-50.0,0.0,0.07549954262387706,50,0.054105643182992935,0.29699885845184326,1.0,0.0,2709,none,B1
sac_her,goal_spoof_immediate,3,0.1,-50.0,0.0,0.0710427517561165,50,0.04875270277261734,0.22097960114479065,1.0,0.0,2710,none,B1
sac_her,goal_spoof_immediate,3,0.1,-50.0,0.0,0.13431522981084587,50,0.05167311057448387,0.18001623451709747,0.0,0.0,2711,none,B1
sac_her,goal_spoof_immediate,3,0.1,-3.0,1.0,0.04706403688027172,50,0.04085808992385864,0.383113294839859,1.0,0.0,2712,none,B1
sac_her,goal_spoof_immediate,3,0.1,-49.0,1.0,0.09582503436653739,50,0.04619390144944191,0.5501852631568909,1.0,0.0,2713,none,B1
sac_her,goal_spoof_immediate,3,0.1,-50.0,0.0,0.11441242236906488,50,0.0573178268969059,0.38279473781585693,1.0,0.0,2714,none,B1
sac_her,goal_spoof_immediate,3,0.1,-48.0,1.0,0.12695314253593862,50,0.05189337208867073,0.6613958477973938,1.0,0.0,2715,none,B1
sac_her,goal_spoof_immediate,3,0.1,-4.0,1.0,0.04373379737704231,50,0.0453285351395607,0.24370548129081726,1.0,0.0,2716,none,B1
sac_her,goal_spoof_immediate,3,0.1,-50.0,0.0,0.12712180035840037,50,0.019037749618291855,0.09348691254854202,0.0,0.0,2717,none,B1
sac_her,goal_spoof_immediate,3,0.1,-48.0,1.0,0.08946641783992246,50,0.048520755022764206,0.5766441822052002,1.0,0.0,2718,none,B1
sac_her,goal_spoof_immediate,3,0.1,-50.0,0.0,0.13340510661240854,50,0.05447946861386299,0.20328077673912048,0.0,0.0,2719,none,B1
sac_her,goal_spoof_immediate,3,0.1,-50.0,0.0,0.13511778797959395,50,0.026333339512348175,0.18279246985912323,0.0,0.0,2720,none,B1
sac_her,goal_spoof_immediate,3,0.1,-50.0,0.0,0.07649413068981498,50,0.05611647292971611,0.29162442684173584,1.0,0.0,2721,none,B1
sac_her,goal_spoof_immediate,3,0.1,-50.0,0.0,0.0981835374039215,50,0.03299635648727417,0.12412498146295547,0.0,0.0,2722,none,B1
sac_her,goal_spoof_immediate,3,0.1,-49.0,1.0,0.10771748552301531,50,0.05417140573263168,0.5407229065895081,1.0,0.0,2723,none,B1
sac_her,goal_spoof_immediate,3,0.1,-50.0,0.0,0.11441426196400839,50,0.051693469285964966,0.46511104702949524,1.0,0.0,2724,none,B1
sac_her,goal_spoof_immediate,3,0.1,-50.0,0.0,0.13212499551146134,50,0.055564042180776596,0.19291532039642334,0.0,0.0,2725,none,B1
sac_her,goal_spoof_immediate,3,0.1,-48.0,1.0,0.08243533321589397,50,0.04639087989926338,0.5758095383644104,1.0,0.0,2726,none,B1
sac_her,goal_spoof_immediate,3,0.1,-50.0,0.0,0.13115646853922155,50,0.06377051025629044,0.6470656394958496,1.0,0.0,2727,none,B1
sac_her,goal_spoof_immediate,3,0.1,-50.0,0.0,0.09694810668657441,50,0.05527501553297043,0.5059681534767151,1.0,0.0,2728,none,B1
sac_her,goal_spoof_immediate,3,0.1,-50.0,0.0,0.11073395717415234,50,0.039427291601896286,0.15774330496788025,1.0,0.0,2729,none,B1
sac_her_recovery_v2,goal_spoof_immediate,3,0.1,-50.0,0.0,0.09253039338098429,50,0.04522509127855301,0.5180022120475769,1.0,0.0,2730,v2,B2
sac_her_recovery_v2,goal_spoof_immediate,3,0.1,-50.0,0.0,0.09638583457863657,50,0.06039534881711006,0.3151363134384155,1.0,0.0,2731,v2,B2
sac_her_recovery_v2,goal_spoof_immediate,3,0.1,-50.0,0.0,0.0980829345669107,50,0.03053547814488411,0.1698015183210373,0.0,0.0,2732,v2,B2
sac_her_recovery_v2,goal_spoof_immediate,3,0.1,-50.0,0.0,0.09938089156706632,50,0.03539259731769562,0.2553027868270874,1.0,0.0,2733,v2,B2
sac_her_recovery_v2,goal_spoof_immediate,3,0.1,-50.0,0.0,0.09466322271675395,50,0.04894009232521057,0.20681124925613403,0.0,0.0,2734,v2,B2
sac_her_recovery_v2,goal_spoof_immediate,3,0.1,-50.0,0.0,0.11219555914376367,50,0.06795697659254074,0.5324652194976807,1.0,0.0,2735,v2,B2
sac_her_recovery_v2,goal_spoof_immediate,3,0.1,-2.0,1.0,0.016179762821295043,50,0.043685432523489,0.36719611287117004,1.0,0.0,2736,v2,B2
sac_her_recovery_v2,goal_spoof_immediate,3,0.1,-2.0,1.0,0.0025822494369048543,50,0.04461493715643883,0.14695274829864502,1.0,1.0,2737,v2,B2
sac_her_recovery_v2,goal_spoof_immediate,3,0.1,-50.0,0.0,0.10897993001205372,50,0.037858687341213226,0.19922107458114624,1.0,0.0,2738,v2,B2
sac_her_recovery_v2,goal_spoof_immediate,3,0.1,-50.0,0.0,0.11602140428994769,50,0.04906042665243149,0.46376579999923706,1.0,0.0,2739,v2,B2
sac_her_recovery_v2,goal_spoof_immediate,3,0.1,-50.0,0.0,0.09559776425309716,50,0.05803992971777916,0.48091042041778564,1.0,0.0,2740,v2,B2
sac_her_recovery_v2,goal_spoof_immediate,3,0.1,-50.0,0.0,0.06060543567143743,50,0.04120984673500061,0.3549889028072357,1.0,0.0,2741,v2,B2
sac_her_recovery_v2,goal_spoof_immediate,3,0.1,-50.0,0.0,0.09858542192562829,50,0.06875093281269073,0.48894405364990234,1.0,0.0,2742,v2,B2
sac_her_recovery_v2,goal_spoof_immediate,3,0.1,-50.0,0.0,0.08453063249365221,50,0.04021647572517395,0.1846642643213272,1.0,0.0,2743,v2,B2
sac_her_recovery_v2,goal_spoof_immediate,3,0.1,-50.0,0.0,0.12094169116459512,50,0.08981875330209732,0.23349407315254211,1.0,1.0,2744,v2,B2
sac_her_recovery_v2,goal_spoof_immediate,3,0.1,-50.0,0.0,0.10529121819468905,50,0.02742987684905529,0.11853616684675217,0.0,0.0,2745,v2,B2
sac_her_recovery_v2,goal_spoof_immediate,3,0.1,-50.0,0.0,0.13328554507210205,50,0.07879113405942917,0.18379387259483337,0.0,1.0,2746,v2,B2
sac_her_recovery_v2,goal_spoof_immediate,3,0.1,-50.0,0.0,0.07747462874775317,50,0.05751695856451988,0.26938480138778687,1.0,0.0,2747,v2,B2
sac_her_recovery_v2,goal_spoof_immediate,3,0.1,-50.0,0.0,0.14463620426186238,50,0.06604569405317307,0.1084517315030098,0.0,1.0,2748,v2,B2
sac_her_recovery_v2,goal_spoof_immediate,3,0.1,-50.0,0.0,0.12324890308973961,50,0.09559754282236099,0.49307718873023987,1.0,1.0,2749,v2,B2
sac_her_recovery_v2,goal_spoof_immediate,3,0.1,-49.0,1.0,0.10625503237208488,50,0.05170736089348793,0.5596142411231995,1.0,0.0,2750,v2,B2
sac_her_recovery_v2,goal_spoof_immediate,3,0.1,-50.0,0.0,0.06970319911694063,50,0.04890826344490051,0.49922633171081543,1.0,0.0,2751,v2,B2
sac_her_recovery_v2,goal_spoof_immediate,3,0.1,-50.0,0.0,0.09561793023661729,50,0.05166693776845932,0.5147858262062073,1.0,0.0,2752,v2,B2
sac_her_recovery_v2,goal_spoof_immediate,3,0.1,-50.0,0.0,0.06631813250787438,50,0.043441709131002426,0.1958121806383133,1.0,0.0,2753,v2,B2
sac_her_recovery_v2,goal_spoof_immediate,3,0.1,-49.0,1.0,0.0981759519395644,50,0.044562675058841705,0.5795091390609741,1.0,0.0,2754,v2,B2
sac_her_recovery_v2,goal_spoof_immediate,3,0.1,-49.0,1.0,0.12092455827628269,50,0.053230948746204376,0.637854814529419,1.0,0.0,2755,v2,B2
sac_her_recovery_v2,goal_spoof_immediate,3,0.1,-50.0,0.0,0.10697134094839097,50,0.0417139008641243,0.33739063143730164,1.0,0.0,2756,v2,B2
sac_her_recovery_v2,goal_spoof_immediate,3,0.1,-47.0,1.0,0.07044336379304594,50,0.043833862990140915,0.5650382041931152,1.0,0.0,2757,v2,B2
sac_her_recovery_v2,goal_spoof_immediate,3,0.1,-50.0,0.0,0.0738345406456562,50,0.04998437687754631,0.18940214812755585,1.0,0.0,2758,v2,B2
sac_her_recovery_v2,goal_spoof_immediate,3,0.1,-50.0,0.0,0.1429063910188692,50,0.12614160776138306,0.6579737067222595,1.0,1.0,2759,v2,B2
sac_her_recovery_v3,goal_spoof_immediate,3,0.1,-50.0,0.0,0.09903566098571882,50,0.034383323043584824,0.1383894383907318,1.0,0.0,2760,v3,B3
sac_her_recovery_v3,goal_spoof_immediate,3,0.1,-50.0,0.0,0.08761973045466423,50,0.03724355250597,0.2793164849281311,1.0,0.0,2761,v3,B3
sac_her_recovery_v3,goal_spoof_immediate,3,0.1,-50.0,0.0,0.1192528768182302,50,0.041397321969270706,0.2888523042201996,1.0,0.0,2762,v3,B3
sac_her_recovery_v3,goal_spoof_immediate,3,0.1,-50.0,0.0,0.14698045306945626,50,0.16115668416023254,0.35528549551963806,1.0,1.0,2763,v3,B3
sac_her_recovery_v3,goal_spoof_immediate,3,0.1,-48.0,1.0,0.09456428976046041,50,0.051413800567388535,0.6027422547340393,1.0,0.0,2764,v3,B3
sac_her_recovery_v3,goal_spoof_immediate,3,0.1,-48.0,1.0,0.10810487639236475,50,0.05710766091942787,0.6094703078269958,1.0,0.0,2765,v3,B3
sac_her_recovery_v3,goal_spoof_immediate,3,0.1,-50.0,0.0,0.12645419746357564,50,0.14455436170101166,0.5631859302520752,1.0,1.0,2766,v3,B3
sac_her_recovery_v3,goal_spoof_immediate,3,0.1,-50.0,0.0,0.11706753044508111,50,0.06238368898630142,0.5965067744255066,1.0,0.0,2767,v3,B3
sac_her_recovery_v3,goal_spoof_immediate,3,0.1,-50.0,0.0,0.11215425791885,50,0.03942716121673584,0.2016790807247162,0.0,0.0,2768,v3,B3
sac_her_recovery_v3,goal_spoof_immediate,3,0.1,-50.0,0.0,0.0876004155463622,50,0.05523147061467171,0.3965243101119995,1.0,0.0,2769,v3,B3
sac_her_recovery_v3,goal_spoof_immediate,3,0.1,-48.0,1.0,0.0753949862114086,50,0.059157129377126694,0.43088915944099426,1.0,0.0,2770,v3,B3
sac_her_recovery_v3,goal_spoof_immediate,3,0.1,-50.0,0.0,0.14138502070855608,50,0.10353311151266098,0.1816738247871399,0.0,1.0,2771,v3,B3
sac_her_recovery_v3,goal_spoof_immediate,3,0.1,-50.0,0.0,0.08684129912409089,50,0.0408535897731781,0.533981204032898,1.0,0.0,2772,v3,B3
sac_her_recovery_v3,goal_spoof_immediate,3,0.1,-50.0,0.0,0.08019248932741291,50,0.04779542237520218,0.492314875125885,1.0,0.0,2773,v3,B3
sac_her_recovery_v3,goal_spoof_immediate,3,0.1,-50.0,0.0,0.07926149299488569,50,0.05407753214240074,0.35141152143478394,1.0,0.0,2774,v3,B3
sac_her_recovery_v3,goal_spoof_immediate,3,0.1,-48.0,1.0,0.07049430733786372,50,0.041317638009786606,0.5271984934806824,1.0,0.0,2775,v3,B3
sac_her_recovery_v3,goal_spoof_immediate,3,0.1,-3.0,1.0,0.04455985330701413,50,0.04103633761405945,0.35312896966934204,1.0,0.0,2776,v3,B3
sac_her_recovery_v3,goal_spoof_immediate,3,0.1,-50.0,0.0,0.09646009469000014,50,0.05250642076134682,0.38236960768699646,1.0,0.0,2777,v3,B3
sac_her_recovery_v3,goal_spoof_immediate,3,0.1,-50.0,0.0,0.06995698939729929,50,0.04895859211683273,0.22112299501895905,1.0,0.0,2778,v3,B3
sac_her_recovery_v3,goal_spoof_immediate,3,0.1,-50.0,0.0,0.12380064309225444,50,0.129889577627182,0.5248596668243408,1.0,1.0,2779,v3,B3
sac_her_recovery_v3,goal_spoof_immediate,3,0.1,-48.0,1.0,0.0895067706040487,50,0.04923669248819351,0.5702331066131592,1.0,0.0,2780,v3,B3
sac_her_recovery_v3,goal_spoof_immediate,3,0.1,-49.0,1.0,0.06412277174736639,50,0.0600338876247406,0.3224049508571625,1.0,0.0,2781,v3,B3
sac_her_recovery_v3,goal_spoof_immediate,3,0.1,-50.0,0.0,0.12463394049160663,50,0.06868940591812134,0.6112498044967651,1.0,0.0,2782,v3,B3
sac_her_recovery_v3,goal_spoof_immediate,3,0.1,-48.0,1.0,0.11461830519321568,50,0.056245964020490646,0.6108365654945374,1.0,0.0,2783,v3,B3
sac_her_recovery_v3,goal_spoof_immediate,3,0.1,-50.0,0.0,0.06910003695353571,50,0.0390615276992321,0.24871166050434113,1.0,0.0,2784,v3,B3
sac_her_recovery_v3,goal_spoof_immediate,3,0.1,-50.0,0.0,0.11550799791191343,50,0.07007011026144028,0.5426486134529114,1.0,0.0,2785,v3,B3
sac_her_recovery_v3,goal_spoof_immediate,3,0.1,-50.0,0.0,0.14956320630416675,50,0.1457051932811737,0.5754144191741943,1.0,1.0,2786,v3,B3
sac_her_recovery_v3,goal_spoof_immediate,3,0.1,-50.0,0.0,0.14483029298129504,50,0.1332056075334549,0.24745246767997742,0.0,1.0,2787,v3,B3
sac_her_recovery_v3,goal_spoof_immediate,3,0.1,-50.0,0.0,0.08673832344861863,50,0.034157026559114456,0.18339620530605316,1.0,0.0,2788,v3,B3
sac_her_recovery_v3,goal_spoof_immediate,3,0.1,-50.0,0.0,0.09827328134442753,50,0.05304999649524689,0.4626683294773102,1.0,0.0,2789,v3,B3
sac_her,goal_spoof_midep,3,0.1,-31.0,1.0,0.08116163586314518,50,0.10596004873514175,0.42414748668670654,1.0,0.0,2790,none,B1
sac_her,goal_spoof_midep,3,0.1,-31.0,1.0,0.10470606662873,50,0.11703816056251526,0.4697636365890503,1.0,0.0,2791,none,B1
sac_her,goal_spoof_midep,3,0.1,-32.0,1.0,0.09192595264125916,50,0.10303855687379837,0.29281994700431824,1.0,0.0,2792,none,B1
sac_her,goal_spoof_midep,3,0.1,-2.0,1.0,0.04932517322618114,50,0.07456176728010178,0.30450114607810974,1.0,0.0,2793,none,B1
sac_her,goal_spoof_midep,3,0.1,-31.0,1.0,0.1001035033106697,50,0.1153264120221138,0.5187737345695496,1.0,0.0,2794,none,B1
sac_her,goal_spoof_midep,3,0.1,-31.0,1.0,0.11838128716536013,50,0.1202673614025116,0.43976643681526184,1.0,0.0,2795,none,B1
sac_her,goal_spoof_midep,3,0.1,-31.0,1.0,0.0799542819030617,50,0.10123554617166519,0.432900071144104,1.0,0.0,2796,none,B1
sac_her,goal_spoof_midep,3,0.1,-31.0,1.0,0.10972258205490228,50,0.10899520665407181,0.30976784229278564,1.0,0.0,2797,none,B1
sac_her,goal_spoof_midep,3,0.1,-32.0,1.0,0.13090545168874962,50,0.13196377456188202,0.3186773359775543,1.0,0.0,2798,none,B1
sac_her,goal_spoof_midep,3,0.1,-2.0,1.0,0.03161952836707182,50,0.07414482533931732,0.34985533356666565,1.0,0.0,2799,none,B1
sac_her,goal_spoof_midep,3,0.1,-32.0,1.0,0.1337944678780207,50,0.11855287104845047,0.3259293735027313,1.0,0.0,2800,none,B1
sac_her,goal_spoof_midep,3,0.1,-2.0,1.0,0.03389934319159281,50,0.06755276769399643,0.43964439630508423,1.0,0.0,2801,none,B1
sac_her,goal_spoof_midep,3,0.1,-32.0,1.0,0.13278946926890875,50,0.12027707695960999,0.5167970061302185,1.0,0.0,2802,none,B1
sac_her,goal_spoof_midep,3,0.1,-31.0,1.0,0.11728646872947633,50,0.10771559923887253,0.4781060516834259,1.0,0.0,2803,none,B1
sac_her,goal_spoof_midep,3,0.1,-31.0,1.0,0.06404372112446448,50,0.09784412384033203,0.3461838662624359,1.0,0.0,2804,none,B1
sac_her,goal_spoof_midep,3,0.1,-31.0,1.0,0.09098871677124527,50,0.10147160291671753,0.28104832768440247,1.0,0.0,2805,none,B1
sac_her,goal_spoof_midep,3,0.1,-32.0,1.0,0.1399908583628697,50,0.12037219852209091,0.2944903075695038,1.0,0.0,2806,none,B1
sac_her,goal_spoof_midep,3,0.1,-31.0,1.0,0.0909106168093078,50,0.10835658013820648,0.36296746134757996,1.0,0.0,2807,none,B1
sac_her,goal_spoof_midep,3,0.1,-31.0,1.0,0.14292841143072615,50,0.13562387228012085,0.32236790657043457,1.0,0.0,2808,none,B1
sac_her,goal_spoof_midep,3,0.1,-31.0,1.0,0.10675991424355971,50,0.10798104107379913,0.5052393078804016,1.0,0.0,2809,none,B1
sac_her,goal_spoof_midep,3,0.1,-30.0,1.0,0.05586266158621696,50,0.08946923166513443,0.3075663447380066,1.0,0.0,2810,none,B1
sac_her,goal_spoof_midep,3,0.1,-31.0,1.0,0.1350825191257484,50,0.12490958720445633,0.47450974583625793,1.0,0.0,2811,none,B1
sac_her,goal_spoof_midep,3,0.1,-31.0,1.0,0.07540345336674784,50,0.10841468721628189,0.3795677125453949,1.0,0.0,2812,none,B1
sac_her,goal_spoof_midep,3,0.1,-31.0,1.0,0.08607218667602656,50,0.10525831580162048,0.44436171650886536,1.0,0.0,2813,none,B1
sac_her,goal_spoof_midep,3,0.1,-32.0,1.0,0.08984639502809752,50,0.11018794775009155,0.38330504298210144,1.0,0.0,2814,none,B1
sac_her,goal_spoof_midep,3,0.1,-30.0,1.0,0.06277438624025238,50,0.09591798484325409,0.30084171891212463,1.0,0.0,2815,none,B1
sac_her,goal_spoof_midep,3,0.1,-30.0,1.0,0.06941000947859269,50,0.08729258179664612,0.435813307762146,1.0,0.0,2816,none,B1
sac_her,goal_spoof_midep,3,0.1,-31.0,1.0,0.13714992254728767,50,0.1338881254196167,0.34013330936431885,1.0,0.0,2817,none,B1
sac_her,goal_spoof_midep,3,0.1,-32.0,1.0,0.11158834091554228,50,0.11653875559568405,0.4300672113895416,1.0,0.0,2818,none,B1
sac_her,goal_spoof_midep,3,0.1,-31.0,1.0,0.09723967561542546,50,0.10599298030138016,0.48405778408050537,1.0,0.0,2819,none,B1
sac_her_recovery_v2,goal_spoof_midep,3,0.1,-31.0,1.0,0.08107494331656896,50,0.09337745606899261,0.4459376931190491,1.0,0.0,2820,v2,B2
sac_her_recovery_v2,goal_spoof_midep,3,0.1,-30.0,1.0,0.06441105835180791,50,0.09100412577390671,0.46496716141700745,1.0,0.0,2821,v2,B2
sac_her_recovery_v2,goal_spoof_midep,3,0.1,-31.0,1.0,0.10160520365033211,50,0.10033629089593887,0.28082525730133057,1.0,0.0,2822,v2,B2
sac_her_recovery_v2,goal_spoof_midep,3,0.1,-31.0,1.0,0.10241442462871628,50,0.1162344291806221,0.3464351296424866,1.0,0.0,2823,v2,B2
sac_her_recovery_v2,goal_spoof_midep,3,0.1,-2.0,1.0,0.028572695423832353,50,0.06518004834651947,0.35616397857666016,1.0,0.0,2824,v2,B2
sac_her_recovery_v2,goal_spoof_midep,3,0.1,-30.0,1.0,0.0742962286636025,50,0.08993607759475708,0.458983451128006,1.0,0.0,2825,v2,B2
sac_her_recovery_v2,goal_spoof_midep,3,0.1,-31.0,1.0,0.08749426818570695,50,0.11303739994764328,0.47530585527420044,1.0,0.0,2826,v2,B2
sac_her_recovery_v2,goal_spoof_midep,3,0.1,-2.0,1.0,0.04545214265106139,50,0.0752372220158577,0.4590623080730438,1.0,0.0,2827,v2,B2
sac_her_recovery_v2,goal_spoof_midep,3,0.1,-31.0,1.0,0.12225928418296479,50,0.11978299170732498,0.5243173837661743,1.0,0.0,2828,v2,B2
sac_her_recovery_v2,goal_spoof_midep,3,0.1,-31.0,1.0,0.08625964356595141,50,0.11028366535902023,0.38544395565986633,1.0,0.0,2829,v2,B2
sac_her_recovery_v2,goal_spoof_midep,3,0.1,-31.0,1.0,0.1060122683154764,50,0.11144456267356873,0.47562897205352783,1.0,0.0,2830,v2,B2
sac_her_recovery_v2,goal_spoof_midep,3,0.1,-32.0,1.0,0.11849475701767125,50,0.12050462514162064,0.30887091159820557,1.0,0.0,2831,v2,B2
sac_her_recovery_v2,goal_spoof_midep,3,0.1,-31.0,1.0,0.11207203997519657,50,0.1246674507856369,0.5618107318878174,1.0,0.0,2832,v2,B2
sac_her_recovery_v2,goal_spoof_midep,3,0.1,-31.0,1.0,0.0966827280907469,50,0.11251819133758545,0.39684155583381653,1.0,0.0,2833,v2,B2
sac_her_recovery_v2,goal_spoof_midep,3,0.1,-31.0,1.0,0.12513909269249449,50,0.12379096448421478,0.5678664445877075,1.0,0.0,2834,v2,B2
sac_her_recovery_v2,goal_spoof_midep,3,0.1,-32.0,1.0,0.12337170630318321,50,0.12395379692316055,0.2923189103603363,1.0,0.0,2835,v2,B2
sac_her_recovery_v2,goal_spoof_midep,3,0.1,-31.0,1.0,0.11869823518115129,50,0.11563897877931595,0.553631067276001,1.0,0.0,2836,v2,B2
sac_her_recovery_v2,goal_spoof_midep,3,0.1,-31.0,1.0,0.13556268308211325,50,0.13366816937923431,0.31452369689941406,1.0,0.0,2837,v2,B2
sac_her_recovery_v2,goal_spoof_midep,3,0.1,-2.0,1.0,0.031322204960408925,50,0.06824592500925064,0.4294091463088989,1.0,0.0,2838,v2,B2
sac_her_recovery_v2,goal_spoof_midep,3,0.1,-32.0,1.0,0.10219556007485073,50,0.11905079334974289,0.3973718285560608,1.0,0.0,2839,v2,B2
sac_her_recovery_v2,goal_spoof_midep,3,0.1,-31.0,1.0,0.08409672555054626,50,0.09438606351613998,0.3255597949028015,1.0,0.0,2840,v2,B2
sac_her_recovery_v2,goal_spoof_midep,3,0.1,-31.0,1.0,0.0798628364978248,50,0.1017986387014389,0.4083271026611328,1.0,0.0,2841,v2,B2
sac_her_recovery_v2,goal_spoof_midep,3,0.1,-32.0,1.0,0.1489714115804107,50,0.11974175274372101,0.3533835709095001,1.0,0.0,2842,v2,B2
sac_her_recovery_v2,goal_spoof_midep,3,0.1,-32.0,1.0,0.13353346587814693,50,0.4060664772987366,0.4696556329727173,1.0,1.0,2843,v2,B2
sac_her_recovery_v2,goal_spoof_midep,3,0.1,-32.0,1.0,0.11269926903272919,50,0.11953677982091904,0.2929672300815582,1.0,0.0,2844,v2,B2
sac_her_recovery_v2,goal_spoof_midep,3,0.1,-31.0,1.0,0.12340272259556391,50,0.12281949818134308,0.49438267946243286,1.0,0.0,2845,v2,B2
sac_her_recovery_v2,goal_spoof_midep,3,0.1,-32.0,1.0,0.1115254517877074,50,0.10670585185289383,0.293863981962204,1.0,0.0,2846,v2,B2
sac_her_recovery_v2,goal_spoof_midep,3,0.1,-31.0,1.0,0.11090492201697733,50,0.12686941027641296,0.3482832610607147,1.0,0.0,2847,v2,B2
sac_her_recovery_v2,goal_spoof_midep,3,0.1,-31.0,1.0,0.11205359346014353,50,0.11741964519023895,0.502507746219635,1.0,0.0,2848,v2,B2
sac_her_recovery_v2,goal_spoof_midep,3,0.1,-30.0,1.0,0.05946977244325175,50,0.08084575086832047,0.2879123091697693,1.0,0.0,2849,v2,B2
sac_her_recovery_v3,goal_spoof_midep,3,0.1,-32.0,1.0,0.12660561651864674,50,0.10861211270093918,0.31857752799987793,1.0,0.0,2850,v3,B3
sac_her_recovery_v3,goal_spoof_midep,3,0.1,-31.0,1.0,0.10611081603783569,50,0.11957356333732605,0.49301186203956604,1.0,0.0,2851,v3,B3
sac_her_recovery_v3,goal_spoof_midep,3,0.1,-2.0,1.0,0.015149034930253083,50,0.05912907421588898,0.35585781931877136,1.0,0.0,2852,v3,B3
sac_her_recovery_v3,goal_spoof_midep,3,0.1,-30.0,1.0,0.05350763725833877,50,0.07901561260223389,0.38432976603507996,1.0,0.0,2853,v3,B3
sac_her_recovery_v3,goal_spoof_midep,3,0.1,-32.0,1.0,0.12934744088262656,50,0.12478139251470566,0.489970326423645,1.0,0.0,2854,v3,B3
sac_her_recovery_v3,goal_spoof_midep,3,0.1,-32.0,1.0,0.127894803912203,50,0.11999239027500153,0.3240600526332855,1.0,0.0,2855,v3,B3
sac_her_recovery_v3,goal_spoof_midep,3,0.1,-32.0,1.0,0.07777428197910763,50,0.10637873411178589,0.4604184031486511,1.0,0.0,2856,v3,B3
sac_her_recovery_v3,goal_spoof_midep,3,0.1,-31.0,1.0,0.0815208103324924,50,0.09123054891824722,0.3277749717235565,1.0,0.0,2857,v3,B3
sac_her_recovery_v3,goal_spoof_midep,3,0.1,-31.0,1.0,0.11530722358684303,50,0.11077242344617844,0.5142903923988342,1.0,0.0,2858,v3,B3
sac_her_recovery_v3,goal_spoof_midep,3,0.1,-31.0,1.0,0.1139334933336707,50,0.12748612463474274,0.31054723262786865,1.0,0.0,2859,v3,B3
sac_her_recovery_v3,goal_spoof_midep,3,0.1,-32.0,1.0,0.10829629845076674,50,0.11597727984189987,0.35246971249580383,1.0,0.0,2860,v3,B3
sac_her_recovery_v3,goal_spoof_midep,3,0.1,-29.0,1.0,0.05276152603426046,50,0.08523862063884735,0.3240378201007843,1.0,0.0,2861,v3,B3
sac_her_recovery_v3,goal_spoof_midep,3,0.1,-31.0,1.0,0.08224774030942221,50,0.1053709015250206,0.47729918360710144,1.0,0.0,2862,v3,B3
sac_her_recovery_v3,goal_spoof_midep,3,0.1,-31.0,1.0,0.12536561871701243,50,0.13025815784931183,0.30844783782958984,1.0,0.0,2863,v3,B3
sac_her_recovery_v3,goal_spoof_midep,3,0.1,-32.0,1.0,0.13197509952861983,50,0.11738863587379456,0.365285724401474,1.0,0.0,2864,v3,B3
sac_her_recovery_v3,goal_spoof_midep,3,0.1,-32.0,1.0,0.14388753216393568,50,0.1211492121219635,0.3268687427043915,1.0,0.0,2865,v3,B3
sac_her_recovery_v3,goal_spoof_midep,3,0.1,-32.0,1.0,0.1371014590976249,50,0.11860011518001556,0.36749690771102905,1.0,0.0,2866,v3,B3
sac_her_recovery_v3,goal_spoof_midep,3,0.1,-31.0,1.0,0.08653697493213129,50,0.10787683725357056,0.3970177173614502,1.0,0.0,2867,v3,B3
sac_her_recovery_v3,goal_spoof_midep,3,0.1,-31.0,1.0,0.09508271698037607,50,0.10912880301475525,0.4284442067146301,1.0,0.0,2868,v3,B3
sac_her_recovery_v3,goal_spoof_midep,3,0.1,-31.0,1.0,0.08423429076772375,50,0.10804755240678787,0.4737626612186432,1.0,0.0,2869,v3,B3
sac_her_recovery_v3,goal_spoof_midep,3,0.1,-32.0,1.0,0.08764828637016543,50,0.11515261232852936,0.4513340890407562,1.0,0.0,2870,v3,B3
sac_her_recovery_v3,goal_spoof_midep,3,0.1,-31.0,1.0,0.095979091942249,50,0.10953712463378906,0.5319303870201111,1.0,0.0,2871,v3,B3
sac_her_recovery_v3,goal_spoof_midep,3,0.1,-31.0,1.0,0.13177081621981107,50,0.4140165150165558,0.6438206434249878,1.0,1.0,2872,v3,B3
sac_her_recovery_v3,goal_spoof_midep,3,0.1,-31.0,1.0,0.06971897573042173,50,0.08642370998859406,0.3435887098312378,1.0,0.0,2873,v3,B3
sac_her_recovery_v3,goal_spoof_midep,3,0.1,-2.0,1.0,0.02229378204002115,50,0.06686555594205856,0.38085946440696716,1.0,0.0,2874,v3,B3
sac_her_recovery_v3,goal_spoof_midep,3,0.1,-32.0,1.0,0.13176630961525795,50,0.12198175489902496,0.31536781787872314,1.0,0.0,2875,v3,B3
sac_her_recovery_v3,goal_spoof_midep,3,0.1,-31.0,1.0,0.12141203630401308,50,0.1243901178240776,0.5538696050643921,1.0,0.0,2876,v3,B3
sac_her_recovery_v3,goal_spoof_midep,3,0.1,-31.0,1.0,0.06640139578222545,50,0.08625108003616333,0.3127582371234894,1.0,0.0,2877,v3,B3
sac_her_recovery_v3,goal_spoof_midep,3,0.1,-32.0,1.0,0.10499766322801177,50,0.115049809217453,0.49804091453552246,1.0,0.0,2878,v3,B3
sac_her_recovery_v3,goal_spoof_midep,3,0.1,-31.0,1.0,0.10181201637738245,50,0.10643797367811203,0.5279676914215088,1.0,0.0,2879,v3,B3
sac_her,clean,4,0.0,-3.0,1.0,0.017245490675301792,50,0.06901464611291885,0.37809157371520996,1.0,0.0,2880,none,B0
sac_her,clean,4,0.0,-3.0,1.0,0.017245490675301792,50,0.06901464611291885,0.37809157371520996,1.0,0.0,2881,none,B0
sac_her,clean,4,0.0,-3.0,1.0,0.017245490675301792,50,0.06901464611291885,0.37809157371520996,1.0,0.0,2882,none,B0
sac_her,clean,4,0.0,-3.0,1.0,0.017245490675301792,50,0.06901464611291885,0.37809157371520996,1.0,0.0,2883,none,B0
sac_her,clean,4,0.0,-3.0,1.0,0.017245490675301792,50,0.06901464611291885,0.37809157371520996,1.0,0.0,2884,none,B0
sac_her,clean,4,0.0,-3.0,1.0,0.017245490675301792,50,0.06901464611291885,0.37809157371520996,1.0,0.0,2885,none,B0
sac_her,clean,4,0.0,-3.0,1.0,0.017245490675301792,50,0.06901464611291885,0.37809157371520996,1.0,0.0,2886,none,B0
sac_her,clean,4,0.0,-3.0,1.0,0.017245490675301792,50,0.06901464611291885,0.37809157371520996,1.0,0.0,2887,none,B0
sac_her,clean,4,0.0,-3.0,1.0,0.017245490675301792,50,0.06901464611291885,0.37809157371520996,1.0,0.0,2888,none,B0
sac_her,clean,4,0.0,-3.0,1.0,0.017245490675301792,50,0.06901464611291885,0.37809157371520996,1.0,0.0,2889,none,B0
sac_her,clean,4,0.0,-3.0,1.0,0.017245490675301792,50,0.06901464611291885,0.37809157371520996,1.0,0.0,2890,none,B0
sac_her,clean,4,0.0,-3.0,1.0,0.017245490675301792,50,0.06901464611291885,0.37809157371520996,1.0,0.0,2891,none,B0
sac_her,clean,4,0.0,-3.0,1.0,0.017245490675301792,50,0.06901464611291885,0.37809157371520996,1.0,0.0,2892,none,B0
sac_her,clean,4,0.0,-3.0,1.0,0.017245490675301792,50,0.06901464611291885,0.37809157371520996,1.0,0.0,2893,none,B0
sac_her,clean,4,0.0,-3.0,1.0,0.017245490675301792,50,0.06901464611291885,0.37809157371520996,1.0,0.0,2894,none,B0
sac_her,clean,4,0.0,-3.0,1.0,0.017245490675301792,50,0.06901464611291885,0.37809157371520996,1.0,0.0,2895,none,B0
sac_her,clean,4,0.0,-3.0,1.0,0.017245490675301792,50,0.06901464611291885,0.37809157371520996,1.0,0.0,2896,none,B0
sac_her,clean,4,0.0,-3.0,1.0,0.017245490675301792,50,0.06901464611291885,0.37809157371520996,1.0,0.0,2897,none,B0
sac_her,clean,4,0.0,-3.0,1.0,0.017245490675301792,50,0.06901464611291885,0.37809157371520996,1.0,0.0,2898,none,B0
sac_her,clean,4,0.0,-3.0,1.0,0.017245490675301792,50,0.06901464611291885,0.37809157371520996,1.0,0.0,2899,none,B0
sac_her,clean,4,0.0,-3.0,1.0,0.017245490675301792,50,0.06901464611291885,0.37809157371520996,1.0,0.0,2900,none,B0
sac_her,clean,4,0.0,-3.0,1.0,0.017245490675301792,50,0.06901464611291885,0.37809157371520996,1.0,0.0,2901,none,B0
sac_her,clean,4,0.0,-3.0,1.0,0.017245490675301792,50,0.06901464611291885,0.37809157371520996,1.0,0.0,2902,none,B0
sac_her,clean,4,0.0,-3.0,1.0,0.017245490675301792,50,0.06901464611291885,0.37809157371520996,1.0,0.0,2903,none,B0
sac_her,clean,4,0.0,-3.0,1.0,0.017245490675301792,50,0.06901464611291885,0.37809157371520996,1.0,0.0,2904,none,B0
sac_her,clean,4,0.0,-3.0,1.0,0.017245490675301792,50,0.06901464611291885,0.37809157371520996,1.0,0.0,2905,none,B0
sac_her,clean,4,0.0,-3.0,1.0,0.017245490675301792,50,0.06901464611291885,0.37809157371520996,1.0,0.0,2906,none,B0
sac_her,clean,4,0.0,-3.0,1.0,0.017245490675301792,50,0.06901464611291885,0.37809157371520996,1.0,0.0,2907,none,B0
sac_her,clean,4,0.0,-3.0,1.0,0.017245490675301792,50,0.06901464611291885,0.37809157371520996,1.0,0.0,2908,none,B0
sac_her,clean,4,0.0,-3.0,1.0,0.017245490675301792,50,0.06901464611291885,0.37809157371520996,1.0,0.0,2909,none,B0
sac_her_recovery_v2,clean,4,0.0,-3.0,1.0,0.017245490675301792,50,0.06901464611291885,0.37809157371520996,1.0,0.0,2910,v2,B2
sac_her_recovery_v2,clean,4,0.0,-3.0,1.0,0.017245490675301792,50,0.06901464611291885,0.37809157371520996,1.0,0.0,2911,v2,B2
sac_her_recovery_v2,clean,4,0.0,-3.0,1.0,0.017245490675301792,50,0.06901464611291885,0.37809157371520996,1.0,0.0,2912,v2,B2
sac_her_recovery_v2,clean,4,0.0,-3.0,1.0,0.017245490675301792,50,0.06901464611291885,0.37809157371520996,1.0,0.0,2913,v2,B2
sac_her_recovery_v2,clean,4,0.0,-3.0,1.0,0.017245490675301792,50,0.06901464611291885,0.37809157371520996,1.0,0.0,2914,v2,B2
sac_her_recovery_v2,clean,4,0.0,-3.0,1.0,0.017245490675301792,50,0.06901464611291885,0.37809157371520996,1.0,0.0,2915,v2,B2
sac_her_recovery_v2,clean,4,0.0,-3.0,1.0,0.017245490675301792,50,0.06901464611291885,0.37809157371520996,1.0,0.0,2916,v2,B2
sac_her_recovery_v2,clean,4,0.0,-3.0,1.0,0.017245490675301792,50,0.06901464611291885,0.37809157371520996,1.0,0.0,2917,v2,B2
sac_her_recovery_v2,clean,4,0.0,-3.0,1.0,0.017245490675301792,50,0.06901464611291885,0.37809157371520996,1.0,0.0,2918,v2,B2
sac_her_recovery_v2,clean,4,0.0,-3.0,1.0,0.017245490675301792,50,0.06901464611291885,0.37809157371520996,1.0,0.0,2919,v2,B2
sac_her_recovery_v2,clean,4,0.0,-3.0,1.0,0.017245490675301792,50,0.06901464611291885,0.37809157371520996,1.0,0.0,2920,v2,B2
sac_her_recovery_v2,clean,4,0.0,-3.0,1.0,0.017245490675301792,50,0.06901464611291885,0.37809157371520996,1.0,0.0,2921,v2,B2
sac_her_recovery_v2,clean,4,0.0,-3.0,1.0,0.017245490675301792,50,0.06901464611291885,0.37809157371520996,1.0,0.0,2922,v2,B2
sac_her_recovery_v2,clean,4,0.0,-3.0,1.0,0.017245490675301792,50,0.06901464611291885,0.37809157371520996,1.0,0.0,2923,v2,B2
sac_her_recovery_v2,clean,4,0.0,-3.0,1.0,0.017245490675301792,50,0.06901464611291885,0.37809157371520996,1.0,0.0,2924,v2,B2
sac_her_recovery_v2,clean,4,0.0,-3.0,1.0,0.017245490675301792,50,0.06901464611291885,0.37809157371520996,1.0,0.0,2925,v2,B2
sac_her_recovery_v2,clean,4,0.0,-3.0,1.0,0.017245490675301792,50,0.06901464611291885,0.37809157371520996,1.0,0.0,2926,v2,B2
sac_her_recovery_v2,clean,4,0.0,-3.0,1.0,0.017245490675301792,50,0.06901464611291885,0.37809157371520996,1.0,0.0,2927,v2,B2
sac_her_recovery_v2,clean,4,0.0,-3.0,1.0,0.017245490675301792,50,0.06901464611291885,0.37809157371520996,1.0,0.0,2928,v2,B2
sac_her_recovery_v2,clean,4,0.0,-3.0,1.0,0.017245490675301792,50,0.06901464611291885,0.37809157371520996,1.0,0.0,2929,v2,B2
sac_her_recovery_v2,clean,4,0.0,-3.0,1.0,0.017245490675301792,50,0.06901464611291885,0.37809157371520996,1.0,0.0,2930,v2,B2
sac_her_recovery_v2,clean,4,0.0,-3.0,1.0,0.017245490675301792,50,0.06901464611291885,0.37809157371520996,1.0,0.0,2931,v2,B2
sac_her_recovery_v2,clean,4,0.0,-3.0,1.0,0.017245490675301792,50,0.06901464611291885,0.37809157371520996,1.0,0.0,2932,v2,B2
sac_her_recovery_v2,clean,4,0.0,-3.0,1.0,0.017245490675301792,50,0.06901464611291885,0.37809157371520996,1.0,0.0,2933,v2,B2
sac_her_recovery_v2,clean,4,0.0,-3.0,1.0,0.017245490675301792,50,0.06901464611291885,0.37809157371520996,1.0,0.0,2934,v2,B2
sac_her_recovery_v2,clean,4,0.0,-3.0,1.0,0.017245490675301792,50,0.06901464611291885,0.37809157371520996,1.0,0.0,2935,v2,B2
sac_her_recovery_v2,clean,4,0.0,-3.0,1.0,0.017245490675301792,50,0.06901464611291885,0.37809157371520996,1.0,0.0,2936,v2,B2
sac_her_recovery_v2,clean,4,0.0,-3.0,1.0,0.017245490675301792,50,0.06901464611291885,0.37809157371520996,1.0,0.0,2937,v2,B2
sac_her_recovery_v2,clean,4,0.0,-3.0,1.0,0.017245490675301792,50,0.06901464611291885,0.37809157371520996,1.0,0.0,2938,v2,B2
sac_her_recovery_v2,clean,4,0.0,-3.0,1.0,0.017245490675301792,50,0.06901464611291885,0.37809157371520996,1.0,0.0,2939,v2,B2
sac_her_recovery_v3,clean,4,0.0,-3.0,1.0,0.017245490675301792,50,0.06901464611291885,0.37809157371520996,1.0,0.0,2940,v3,B3
sac_her_recovery_v3,clean,4,0.0,-3.0,1.0,0.017245490675301792,50,0.06901464611291885,0.37809157371520996,1.0,0.0,2941,v3,B3
sac_her_recovery_v3,clean,4,0.0,-3.0,1.0,0.017245490675301792,50,0.06901464611291885,0.37809157371520996,1.0,0.0,2942,v3,B3
sac_her_recovery_v3,clean,4,0.0,-3.0,1.0,0.017245490675301792,50,0.06901464611291885,0.37809157371520996,1.0,0.0,2943,v3,B3
sac_her_recovery_v3,clean,4,0.0,-3.0,1.0,0.017245490675301792,50,0.06901464611291885,0.37809157371520996,1.0,0.0,2944,v3,B3
sac_her_recovery_v3,clean,4,0.0,-3.0,1.0,0.017245490675301792,50,0.06901464611291885,0.37809157371520996,1.0,0.0,2945,v3,B3
sac_her_recovery_v3,clean,4,0.0,-3.0,1.0,0.017245490675301792,50,0.06901464611291885,0.37809157371520996,1.0,0.0,2946,v3,B3
sac_her_recovery_v3,clean,4,0.0,-3.0,1.0,0.017245490675301792,50,0.06901464611291885,0.37809157371520996,1.0,0.0,2947,v3,B3
sac_her_recovery_v3,clean,4,0.0,-3.0,1.0,0.017245490675301792,50,0.06901464611291885,0.37809157371520996,1.0,0.0,2948,v3,B3
sac_her_recovery_v3,clean,4,0.0,-3.0,1.0,0.017245490675301792,50,0.06901464611291885,0.37809157371520996,1.0,0.0,2949,v3,B3
sac_her_recovery_v3,clean,4,0.0,-3.0,1.0,0.017245490675301792,50,0.06901464611291885,0.37809157371520996,1.0,0.0,2950,v3,B3
sac_her_recovery_v3,clean,4,0.0,-3.0,1.0,0.017245490675301792,50,0.06901464611291885,0.37809157371520996,1.0,0.0,2951,v3,B3
sac_her_recovery_v3,clean,4,0.0,-3.0,1.0,0.017245490675301792,50,0.06901464611291885,0.37809157371520996,1.0,0.0,2952,v3,B3
sac_her_recovery_v3,clean,4,0.0,-3.0,1.0,0.017245490675301792,50,0.06901464611291885,0.37809157371520996,1.0,0.0,2953,v3,B3
sac_her_recovery_v3,clean,4,0.0,-3.0,1.0,0.017245490675301792,50,0.06901464611291885,0.37809157371520996,1.0,0.0,2954,v3,B3
sac_her_recovery_v3,clean,4,0.0,-3.0,1.0,0.017245490675301792,50,0.06901464611291885,0.37809157371520996,1.0,0.0,2955,v3,B3
sac_her_recovery_v3,clean,4,0.0,-3.0,1.0,0.017245490675301792,50,0.06901464611291885,0.37809157371520996,1.0,0.0,2956,v3,B3
sac_her_recovery_v3,clean,4,0.0,-3.0,1.0,0.017245490675301792,50,0.06901464611291885,0.37809157371520996,1.0,0.0,2957,v3,B3
sac_her_recovery_v3,clean,4,0.0,-3.0,1.0,0.017245490675301792,50,0.06901464611291885,0.37809157371520996,1.0,0.0,2958,v3,B3
sac_her_recovery_v3,clean,4,0.0,-3.0,1.0,0.017245490675301792,50,0.06901464611291885,0.37809157371520996,1.0,0.0,2959,v3,B3
sac_her_recovery_v3,clean,4,0.0,-3.0,1.0,0.017245490675301792,50,0.06901464611291885,0.37809157371520996,1.0,0.0,2960,v3,B3
sac_her_recovery_v3,clean,4,0.0,-3.0,1.0,0.017245490675301792,50,0.06901464611291885,0.37809157371520996,1.0,0.0,2961,v3,B3
sac_her_recovery_v3,clean,4,0.0,-3.0,1.0,0.017245490675301792,50,0.06901464611291885,0.37809157371520996,1.0,0.0,2962,v3,B3
sac_her_recovery_v3,clean,4,0.0,-3.0,1.0,0.017245490675301792,50,0.06901464611291885,0.37809157371520996,1.0,0.0,2963,v3,B3
sac_her_recovery_v3,clean,4,0.0,-3.0,1.0,0.017245490675301792,50,0.06901464611291885,0.37809157371520996,1.0,0.0,2964,v3,B3
sac_her_recovery_v3,clean,4,0.0,-3.0,1.0,0.017245490675301792,50,0.06901464611291885,0.37809157371520996,1.0,0.0,2965,v3,B3
sac_her_recovery_v3,clean,4,0.0,-3.0,1.0,0.017245490675301792,50,0.06901464611291885,0.37809157371520996,1.0,0.0,2966,v3,B3
sac_her_recovery_v3,clean,4,0.0,-3.0,1.0,0.017245490675301792,50,0.06901464611291885,0.37809157371520996,1.0,0.0,2967,v3,B3
sac_her_recovery_v3,clean,4,0.0,-3.0,1.0,0.017245490675301792,50,0.06901464611291885,0.37809157371520996,1.0,0.0,2968,v3,B3
sac_her_recovery_v3,clean,4,0.0,-3.0,1.0,0.017245490675301792,50,0.06901464611291885,0.37809157371520996,1.0,0.0,2969,v3,B3
sac_her,sensor_dropout,4,0.0,-50.0,0.0,0.829651836946941,50,0.011912841349840164,1.9361398220062256,1.0,0.0,2970,none,B1
sac_her,sensor_dropout,4,0.0,-50.0,0.0,0.829651836946941,50,0.011912841349840164,1.9361398220062256,1.0,0.0,2971,none,B1
sac_her,sensor_dropout,4,0.0,-50.0,0.0,0.829651836946941,50,0.011912841349840164,1.9361398220062256,1.0,0.0,2972,none,B1
sac_her,sensor_dropout,4,0.0,-50.0,0.0,0.829651836946941,50,0.011912841349840164,1.9361398220062256,1.0,0.0,2973,none,B1
sac_her,sensor_dropout,4,0.0,-50.0,0.0,0.829651836946941,50,0.011912841349840164,1.9361398220062256,1.0,0.0,2974,none,B1
sac_her,sensor_dropout,4,0.0,-50.0,0.0,0.829651836946941,50,0.011912841349840164,1.9361398220062256,1.0,0.0,2975,none,B1
sac_her,sensor_dropout,4,0.0,-50.0,0.0,0.829651836946941,50,0.011912841349840164,1.9361398220062256,1.0,0.0,2976,none,B1
sac_her,sensor_dropout,4,0.0,-50.0,0.0,0.829651836946941,50,0.011912841349840164,1.9361398220062256,1.0,0.0,2977,none,B1
sac_her,sensor_dropout,4,0.0,-50.0,0.0,0.829651836946941,50,0.011912841349840164,1.9361398220062256,1.0,0.0,2978,none,B1
sac_her,sensor_dropout,4,0.0,-50.0,0.0,0.829651836946941,50,0.011912841349840164,1.9361398220062256,1.0,0.0,2979,none,B1
sac_her,sensor_dropout,4,0.0,-50.0,0.0,0.829651836946941,50,0.011912841349840164,1.9361398220062256,1.0,0.0,2980,none,B1
sac_her,sensor_dropout,4,0.0,-50.0,0.0,0.829651836946941,50,0.011912841349840164,1.9361398220062256,1.0,0.0,2981,none,B1
sac_her,sensor_dropout,4,0.0,-50.0,0.0,0.829651836946941,50,0.011912841349840164,1.9361398220062256,1.0,0.0,2982,none,B1
sac_her,sensor_dropout,4,0.0,-50.0,0.0,0.829651836946941,50,0.011912841349840164,1.9361398220062256,1.0,0.0,2983,none,B1
sac_her,sensor_dropout,4,0.0,-50.0,0.0,0.829651836946941,50,0.011912841349840164,1.9361398220062256,1.0,0.0,2984,none,B1
sac_her,sensor_dropout,4,0.0,-50.0,0.0,0.829651836946941,50,0.011912841349840164,1.9361398220062256,1.0,0.0,2985,none,B1
sac_her,sensor_dropout,4,0.0,-50.0,0.0,0.829651836946941,50,0.011912841349840164,1.9361398220062256,1.0,0.0,2986,none,B1
sac_her,sensor_dropout,4,0.0,-50.0,0.0,0.829651836946941,50,0.011912841349840164,1.9361398220062256,1.0,0.0,2987,none,B1
sac_her,sensor_dropout,4,0.0,-50.0,0.0,0.829651836946941,50,0.011912841349840164,1.9361398220062256,1.0,0.0,2988,none,B1
sac_her,sensor_dropout,4,0.0,-50.0,0.0,0.829651836946941,50,0.011912841349840164,1.9361398220062256,1.0,0.0,2989,none,B1
sac_her,sensor_dropout,4,0.0,-50.0,0.0,0.829651836946941,50,0.011912841349840164,1.9361398220062256,1.0,0.0,2990,none,B1
sac_her,sensor_dropout,4,0.0,-50.0,0.0,0.829651836946941,50,0.011912841349840164,1.9361398220062256,1.0,0.0,2991,none,B1
sac_her,sensor_dropout,4,0.0,-50.0,0.0,0.829651836946941,50,0.011912841349840164,1.9361398220062256,1.0,0.0,2992,none,B1
sac_her,sensor_dropout,4,0.0,-50.0,0.0,0.829651836946941,50,0.011912841349840164,1.9361398220062256,1.0,0.0,2993,none,B1
sac_her,sensor_dropout,4,0.0,-50.0,0.0,0.829651836946941,50,0.011912841349840164,1.9361398220062256,1.0,0.0,2994,none,B1
sac_her,sensor_dropout,4,0.0,-50.0,0.0,0.829651836946941,50,0.011912841349840164,1.9361398220062256,1.0,0.0,2995,none,B1
sac_her,sensor_dropout,4,0.0,-50.0,0.0,0.829651836946941,50,0.011912841349840164,1.9361398220062256,1.0,0.0,2996,none,B1
sac_her,sensor_dropout,4,0.0,-50.0,0.0,0.829651836946941,50,0.011912841349840164,1.9361398220062256,1.0,0.0,2997,none,B1
sac_her,sensor_dropout,4,0.0,-50.0,0.0,0.829651836946941,50,0.011912841349840164,1.9361398220062256,1.0,0.0,2998,none,B1
sac_her,sensor_dropout,4,0.0,-50.0,0.0,0.829651836946941,50,0.011912841349840164,1.9361398220062256,1.0,0.0,2999,none,B1
sac_her_recovery_v2,sensor_dropout,4,0.0,-25.0,1.0,0.027148430345525974,50,0.2731151282787323,0.5954363942146301,1.0,1.0,3000,v2,B2
sac_her_recovery_v2,sensor_dropout,4,0.0,-25.0,1.0,0.027148430345525974,50,0.2731151282787323,0.5954363942146301,1.0,1.0,3001,v2,B2
sac_her_recovery_v2,sensor_dropout,4,0.0,-25.0,1.0,0.027148430345525974,50,0.2731151282787323,0.5954363942146301,1.0,1.0,3002,v2,B2
sac_her_recovery_v2,sensor_dropout,4,0.0,-25.0,1.0,0.027148430345525974,50,0.2731151282787323,0.5954363942146301,1.0,1.0,3003,v2,B2
sac_her_recovery_v2,sensor_dropout,4,0.0,-25.0,1.0,0.027148430345525974,50,0.2731151282787323,0.5954363942146301,1.0,1.0,3004,v2,B2
sac_her_recovery_v2,sensor_dropout,4,0.0,-25.0,1.0,0.027148430345525974,50,0.2731151282787323,0.5954363942146301,1.0,1.0,3005,v2,B2
sac_her_recovery_v2,sensor_dropout,4,0.0,-25.0,1.0,0.027148430345525974,50,0.2731151282787323,0.5954363942146301,1.0,1.0,3006,v2,B2
sac_her_recovery_v2,sensor_dropout,4,0.0,-25.0,1.0,0.027148430345525974,50,0.2731151282787323,0.5954363942146301,1.0,1.0,3007,v2,B2
sac_her_recovery_v2,sensor_dropout,4,0.0,-25.0,1.0,0.027148430345525974,50,0.2731151282787323,0.5954363942146301,1.0,1.0,3008,v2,B2
sac_her_recovery_v2,sensor_dropout,4,0.0,-25.0,1.0,0.027148430345525974,50,0.2731151282787323,0.5954363942146301,1.0,1.0,3009,v2,B2
sac_her_recovery_v2,sensor_dropout,4,0.0,-25.0,1.0,0.027148430345525974,50,0.2731151282787323,0.5954363942146301,1.0,1.0,3010,v2,B2
sac_her_recovery_v2,sensor_dropout,4,0.0,-25.0,1.0,0.027148430345525974,50,0.2731151282787323,0.5954363942146301,1.0,1.0,3011,v2,B2
sac_her_recovery_v2,sensor_dropout,4,0.0,-25.0,1.0,0.027148430345525974,50,0.2731151282787323,0.5954363942146301,1.0,1.0,3012,v2,B2
sac_her_recovery_v2,sensor_dropout,4,0.0,-25.0,1.0,0.027148430345525974,50,0.2731151282787323,0.5954363942146301,1.0,1.0,3013,v2,B2
sac_her_recovery_v2,sensor_dropout,4,0.0,-25.0,1.0,0.027148430345525974,50,0.2731151282787323,0.5954363942146301,1.0,1.0,3014,v2,B2
sac_her_recovery_v2,sensor_dropout,4,0.0,-25.0,1.0,0.027148430345525974,50,0.2731151282787323,0.5954363942146301,1.0,1.0,3015,v2,B2
sac_her_recovery_v2,sensor_dropout,4,0.0,-25.0,1.0,0.027148430345525974,50,0.2731151282787323,0.5954363942146301,1.0,1.0,3016,v2,B2
sac_her_recovery_v2,sensor_dropout,4,0.0,-25.0,1.0,0.027148430345525974,50,0.2731151282787323,0.5954363942146301,1.0,1.0,3017,v2,B2
sac_her_recovery_v2,sensor_dropout,4,0.0,-25.0,1.0,0.027148430345525974,50,0.2731151282787323,0.5954363942146301,1.0,1.0,3018,v2,B2
sac_her_recovery_v2,sensor_dropout,4,0.0,-25.0,1.0,0.027148430345525974,50,0.2731151282787323,0.5954363942146301,1.0,1.0,3019,v2,B2
sac_her_recovery_v2,sensor_dropout,4,0.0,-25.0,1.0,0.027148430345525974,50,0.2731151282787323,0.5954363942146301,1.0,1.0,3020,v2,B2
sac_her_recovery_v2,sensor_dropout,4,0.0,-25.0,1.0,0.027148430345525974,50,0.2731151282787323,0.5954363942146301,1.0,1.0,3021,v2,B2
sac_her_recovery_v2,sensor_dropout,4,0.0,-25.0,1.0,0.027148430345525974,50,0.2731151282787323,0.5954363942146301,1.0,1.0,3022,v2,B2
sac_her_recovery_v2,sensor_dropout,4,0.0,-25.0,1.0,0.027148430345525974,50,0.2731151282787323,0.5954363942146301,1.0,1.0,3023,v2,B2
sac_her_recovery_v2,sensor_dropout,4,0.0,-25.0,1.0,0.027148430345525974,50,0.2731151282787323,0.5954363942146301,1.0,1.0,3024,v2,B2
sac_her_recovery_v2,sensor_dropout,4,0.0,-25.0,1.0,0.027148430345525974,50,0.2731151282787323,0.5954363942146301,1.0,1.0,3025,v2,B2
sac_her_recovery_v2,sensor_dropout,4,0.0,-25.0,1.0,0.027148430345525974,50,0.2731151282787323,0.5954363942146301,1.0,1.0,3026,v2,B2
sac_her_recovery_v2,sensor_dropout,4,0.0,-25.0,1.0,0.027148430345525974,50,0.2731151282787323,0.5954363942146301,1.0,1.0,3027,v2,B2
sac_her_recovery_v2,sensor_dropout,4,0.0,-25.0,1.0,0.027148430345525974,50,0.2731151282787323,0.5954363942146301,1.0,1.0,3028,v2,B2
sac_her_recovery_v2,sensor_dropout,4,0.0,-25.0,1.0,0.027148430345525974,50,0.2731151282787323,0.5954363942146301,1.0,1.0,3029,v2,B2
sac_her_recovery_v3,sensor_dropout,4,0.0,-25.0,1.0,0.03297016807816885,50,0.2723116874694824,0.5924972891807556,1.0,1.0,3030,v3,B3
sac_her_recovery_v3,sensor_dropout,4,0.0,-25.0,1.0,0.03297016807816885,50,0.2723116874694824,0.5924972891807556,1.0,1.0,3031,v3,B3
sac_her_recovery_v3,sensor_dropout,4,0.0,-25.0,1.0,0.03297016807816885,50,0.2723116874694824,0.5924972891807556,1.0,1.0,3032,v3,B3
sac_her_recovery_v3,sensor_dropout,4,0.0,-25.0,1.0,0.03297016807816885,50,0.2723116874694824,0.5924972891807556,1.0,1.0,3033,v3,B3
sac_her_recovery_v3,sensor_dropout,4,0.0,-25.0,1.0,0.03297016807816885,50,0.2723116874694824,0.5924972891807556,1.0,1.0,3034,v3,B3
sac_her_recovery_v3,sensor_dropout,4,0.0,-25.0,1.0,0.03297016807816885,50,0.2723116874694824,0.5924972891807556,1.0,1.0,3035,v3,B3
sac_her_recovery_v3,sensor_dropout,4,0.0,-25.0,1.0,0.03297016807816885,50,0.2723116874694824,0.5924972891807556,1.0,1.0,3036,v3,B3
sac_her_recovery_v3,sensor_dropout,4,0.0,-25.0,1.0,0.03297016807816885,50,0.2723116874694824,0.5924972891807556,1.0,1.0,3037,v3,B3
sac_her_recovery_v3,sensor_dropout,4,0.0,-25.0,1.0,0.03297016807816885,50,0.2723116874694824,0.5924972891807556,1.0,1.0,3038,v3,B3
sac_her_recovery_v3,sensor_dropout,4,0.0,-25.0,1.0,0.03297016807816885,50,0.2723116874694824,0.5924972891807556,1.0,1.0,3039,v3,B3
sac_her_recovery_v3,sensor_dropout,4,0.0,-25.0,1.0,0.03297016807816885,50,0.2723116874694824,0.5924972891807556,1.0,1.0,3040,v3,B3
sac_her_recovery_v3,sensor_dropout,4,0.0,-25.0,1.0,0.03297016807816885,50,0.2723116874694824,0.5924972891807556,1.0,1.0,3041,v3,B3
sac_her_recovery_v3,sensor_dropout,4,0.0,-25.0,1.0,0.03297016807816885,50,0.2723116874694824,0.5924972891807556,1.0,1.0,3042,v3,B3
sac_her_recovery_v3,sensor_dropout,4,0.0,-25.0,1.0,0.03297016807816885,50,0.2723116874694824,0.5924972891807556,1.0,1.0,3043,v3,B3
sac_her_recovery_v3,sensor_dropout,4,0.0,-25.0,1.0,0.03297016807816885,50,0.2723116874694824,0.5924972891807556,1.0,1.0,3044,v3,B3
sac_her_recovery_v3,sensor_dropout,4,0.0,-25.0,1.0,0.03297016807816885,50,0.2723116874694824,0.5924972891807556,1.0,1.0,3045,v3,B3
sac_her_recovery_v3,sensor_dropout,4,0.0,-25.0,1.0,0.03297016807816885,50,0.2723116874694824,0.5924972891807556,1.0,1.0,3046,v3,B3
sac_her_recovery_v3,sensor_dropout,4,0.0,-25.0,1.0,0.03297016807816885,50,0.2723116874694824,0.5924972891807556,1.0,1.0,3047,v3,B3
sac_her_recovery_v3,sensor_dropout,4,0.0,-25.0,1.0,0.03297016807816885,50,0.2723116874694824,0.5924972891807556,1.0,1.0,3048,v3,B3
sac_her_recovery_v3,sensor_dropout,4,0.0,-25.0,1.0,0.03297016807816885,50,0.2723116874694824,0.5924972891807556,1.0,1.0,3049,v3,B3
sac_her_recovery_v3,sensor_dropout,4,0.0,-25.0,1.0,0.03297016807816885,50,0.2723116874694824,0.5924972891807556,1.0,1.0,3050,v3,B3
sac_her_recovery_v3,sensor_dropout,4,0.0,-25.0,1.0,0.03297016807816885,50,0.2723116874694824,0.5924972891807556,1.0,1.0,3051,v3,B3
sac_her_recovery_v3,sensor_dropout,4,0.0,-25.0,1.0,0.03297016807816885,50,0.2723116874694824,0.5924972891807556,1.0,1.0,3052,v3,B3
sac_her_recovery_v3,sensor_dropout,4,0.0,-25.0,1.0,0.03297016807816885,50,0.2723116874694824,0.5924972891807556,1.0,1.0,3053,v3,B3
sac_her_recovery_v3,sensor_dropout,4,0.0,-25.0,1.0,0.03297016807816885,50,0.2723116874694824,0.5924972891807556,1.0,1.0,3054,v3,B3
sac_her_recovery_v3,sensor_dropout,4,0.0,-25.0,1.0,0.03297016807816885,50,0.2723116874694824,0.5924972891807556,1.0,1.0,3055,v3,B3
sac_her_recovery_v3,sensor_dropout,4,0.0,-25.0,1.0,0.03297016807816885,50,0.2723116874694824,0.5924972891807556,1.0,1.0,3056,v3,B3
sac_her_recovery_v3,sensor_dropout,4,0.0,-25.0,1.0,0.03297016807816885,50,0.2723116874694824,0.5924972891807556,1.0,1.0,3057,v3,B3
sac_her_recovery_v3,sensor_dropout,4,0.0,-25.0,1.0,0.03297016807816885,50,0.2723116874694824,0.5924972891807556,1.0,1.0,3058,v3,B3
sac_her_recovery_v3,sensor_dropout,4,0.0,-25.0,1.0,0.03297016807816885,50,0.2723116874694824,0.5924972891807556,1.0,1.0,3059,v3,B3
sac_her,sensor_bias,4,0.1,-50.0,0.0,0.2659696206758543,50,0.05202062427997589,0.22209332883358002,1.0,0.0,3060,none,B1
sac_her,sensor_bias,4,0.1,-50.0,0.0,0.15713549484213168,50,0.08277282118797302,0.5402610301971436,1.0,0.0,3061,none,B1
sac_her,sensor_bias,4,0.1,-50.0,0.0,0.12369663293306865,50,0.050382837653160095,0.30244386196136475,1.0,0.0,3062,none,B1
sac_her,sensor_bias,4,0.1,-50.0,0.0,0.34050874009762144,50,0.060057975351810455,0.4923418164253235,1.0,0.0,3063,none,B1
sac_her,sensor_bias,4,0.1,-50.0,0.0,0.06679723700259507,50,0.12471762299537659,0.4679117500782013,1.0,0.0,3064,none,B1
sac_her,sensor_bias,4,0.1,-50.0,0.0,0.2365780165425097,50,0.0672491043806076,0.45349347591400146,1.0,0.0,3065,none,B1
sac_her,sensor_bias,4,0.1,-50.0,0.0,0.08115719747779541,50,0.06059391051530838,0.32845160365104675,1.0,0.0,3066,none,B1
sac_her,sensor_bias,4,0.1,-50.0,0.0,0.292891456669951,50,0.06209259480237961,0.3096129298210144,1.0,0.0,3067,none,B1
sac_her,sensor_bias,4,0.1,-50.0,0.0,0.1469067728310101,50,0.055897701531648636,0.10955879092216492,1.0,0.0,3068,none,B1
sac_her,sensor_bias,4,0.1,-47.0,1.0,0.06798375268827922,50,0.06258173286914825,0.4631263017654419,1.0,0.0,3069,none,B1
sac_her,sensor_bias,4,0.1,-50.0,0.0,0.1670760486329161,50,0.100267693400383,0.7350073456764221,1.0,0.0,3070,none,B1
sac_her,sensor_bias,4,0.1,-50.0,0.0,0.14674414414972647,50,0.07629319280385971,0.41197308897972107,1.0,0.0,3071,none,B1
sac_her,sensor_bias,4,0.1,-48.0,1.0,0.07376922845616848,50,0.05424762889742851,0.5784786939620972,1.0,0.0,3072,none,B1
sac_her,sensor_bias,4,0.1,-50.0,0.0,0.33597512203454594,50,0.058117177337408066,0.6305669546127319,1.0,0.0,3073,none,B1
sac_her,sensor_bias,4,0.1,-50.0,0.0,0.22297324691375148,50,0.05901138111948967,0.16976214945316315,1.0,0.0,3074,none,B1
sac_her,sensor_bias,4,0.1,-50.0,0.0,0.05674120520415277,50,0.05376824736595154,0.47097328305244446,0.0,0.0,3075,none,B1
sac_her,sensor_bias,4,0.1,-48.0,1.0,0.09686910065806319,50,0.057859327644109726,0.4571353793144226,1.0,0.0,3076,none,B1
sac_her,sensor_bias,4,0.1,-50.0,0.0,0.2714086966612686,50,0.04852607473731041,0.1980549842119217,1.0,0.0,3077,none,B1
sac_her,sensor_bias,4,0.1,-50.0,0.0,0.17687531082075822,50,0.059646863490343094,0.6444748044013977,1.0,0.0,3078,none,B1
sac_her,sensor_bias,4,0.1,-48.0,1.0,0.07713147398380357,50,0.08235243707895279,0.450471431016922,1.0,0.0,3079,none,B1
sac_her,sensor_bias,4,0.1,-50.0,0.0,0.2948111230758925,50,0.04217619448900223,0.8748574256896973,1.0,0.0,3080,none,B1
sac_her,sensor_bias,4,0.1,-50.0,0.0,0.1502344324918932,50,0.05768672376871109,0.3767119348049164,1.0,0.0,3081,none,B1
sac_her,sensor_bias,4,0.1,-50.0,0.0,0.1068870231754338,50,0.07152362912893295,0.5890329480171204,1.0,0.0,3082,none,B1
sac_her,sensor_bias,4,0.1,-48.0,1.0,0.13181571029364758,50,0.06291770190000534,0.5599826574325562,1.0,0.0,3083,none,B1
sac_her,sensor_bias,4,0.1,-50.0,0.0,0.43016177544255446,50,0.05902718007564545,1.2303498983383179,1.0,0.0,3084,none,B1
sac_her,sensor_bias,4,0.1,-3.0,1.0,0.04292073713908428,50,0.0442357063293457,0.4087178409099579,1.0,0.0,3085,none,B1
sac_her,sensor_bias,4,0.1,-50.0,0.0,0.16696053995635962,50,0.05880149453878403,0.22905322909355164,1.0,0.0,3086,none,B1
sac_her,sensor_bias,4,0.1,-50.0,0.0,0.11939513197111287,50,0.052156101912260056,0.5051842927932739,1.0,0.0,3087,none,B1
sac_her,sensor_bias,4,0.1,-50.0,0.0,0.15862153363740342,50,0.0758204311132431,0.21837662160396576,1.0,0.0,3088,none,B1
sac_her,sensor_bias,4,0.1,-50.0,0.0,0.1720379778900839,50,0.06591815501451492,0.2915416955947876,1.0,0.0,3089,none,B1
sac_her_recovery_v2,sensor_bias,4,0.1,-50.0,0.0,0.35767110917159317,50,1.065567135810852,1.001554250717163,1.0,1.0,3090,v2,B2
sac_her_recovery_v2,sensor_bias,4,0.1,-48.0,1.0,0.09043928323665767,50,0.06363371014595032,0.4524420201778412,1.0,0.0,3091,v2,B2
sac_her_recovery_v2,sensor_bias,4,0.1,-50.0,0.0,0.20097536592332435,50,0.6674991250038147,0.517157256603241,1.0,1.0,3092,v2,B2
sac_her_recovery_v2,sensor_bias,4,0.1,-50.0,0.0,0.21672507190072174,50,0.9309538006782532,1.0000485181808472,1.0,1.0,3093,v2,B2
sac_her_recovery_v2,sensor_bias,4,0.1,-50.0,0.0,0.31212294206696367,50,0.9967795610427856,1.0987827777862549,1.0,1.0,3094,v2,B2
sac_her_recovery_v2,sensor_bias,4,0.1,-43.0,1.0,0.44118927349670417,50,1.019275426864624,1.1718482971191406,1.0,1.0,3095,v2,B2
sac_her_recovery_v2,sensor_bias,4,0.1,-50.0,0.0,0.2555050264527448,50,0.8845677971839905,1.0345886945724487,1.0,1.0,3096,v2,B2
sac_her_recovery_v2,sensor_bias,4,0.1,-50.0,0.0,0.22233892892579296,50,0.7537088990211487,0.5833900570869446,1.0,1.0,3097,v2,B2
sac_her_recovery_v2,sensor_bias,4,0.1,-50.0,0.0,0.17336960462345538,50,0.5168593525886536,0.48379385471343994,1.0,1.0,3098,v2,B2
sac_her_recovery_v2,sensor_bias,4,0.1,-50.0,0.0,0.07445528871490968,50,0.6504079699516296,0.5269994735717773,1.0,0.0,3099,v2,B2
sac_her_recovery_v2,sensor_bias,4,0.1,-50.0,0.0,0.17214473181662313,50,0.6316908001899719,0.5506487488746643,1.0,1.0,3100,v2,B2
sac_her_recovery_v2,sensor_bias,4,0.1,-50.0,0.0,0.07691302555486,50,0.05622623860836029,0.25970685482025146,1.0,0.0,3101,v2,B2
sac_her_recovery_v2,sensor_bias,4,0.1,-12.0,1.0,0.0007032537531515596,50,0.08103358745574951,0.2809773087501526,1.0,1.0,3102,v2,B2
sac_her_recovery_v2,sensor_bias,4,0.1,-50.0,0.0,0.17910238977946397,50,0.6384777426719666,0.5342247486114502,1.0,1.0,3103,v2,B2
sac_her_recovery_v2,sensor_bias,4,0.1,-50.0,0.0,0.051643939046447936,50,0.04417397454380989,0.44477778673171997,1.0,0.0,3104,v2,B2
sac_her_recovery_v2,sensor_bias,4,0.1,-50.0,0.0,0.23931973211582458,50,0.7074068188667297,0.5530136227607727,1.0,1.0,3105,v2,B2
sac_her_recovery_v2,sensor_bias,4,0.1,-12.0,1.0,0.0007047636597389491,50,0.0808621272444725,0.2826450765132904,1.0,1.0,3106,v2,B2
sac_her_recovery_v2,sensor_bias,4,0.1,-49.0,1.0,0.09713063343553664,50,0.08216647058725357,0.3533209264278412,1.0,0.0,3107,v2,B2
sac_her_recovery_v2,sensor_bias,4,0.1,-50.0,0.0,0.0858610483755089,50,0.043839819729328156,0.42606765031814575,0.0,0.0,3108,v2,B2
sac_her_recovery_v2,sensor_bias,4,0.1,-50.0,0.0,0.2391020079451638,50,0.796028733253479,0.6175668239593506,1.0,1.0,3109,v2,B2
sac_her_recovery_v2,sensor_bias,4,0.1,-50.0,0.0,0.2538853720205075,50,0.8054448366165161,0.9324615001678467,1.0,1.0,3110,v2,B2
sac_her_recovery_v2,sensor_bias,4,0.1,-50.0,0.0,0.08554092682129903,50,0.04955057054758072,0.2820863425731659,1.0,0.0,3111,v2,B2
sac_her_recovery_v2,sensor_bias,4,0.1,-50.0,0.0,0.30505338073347443,50,1.0180301666259766,1.0534887313842773,1.0,1.0,3112,v2,B2
sac_her_recovery_v2,sensor_bias,4,0.1,-50.0,0.0,0.3740903513877938,50,1.1292269229888916,1.1195042133331299,1.0,1.0,3113,v2,B2
sac_her_recovery_v2,sensor_bias,4,0.1,-50.0,0.0,0.14241719543235165,50,0.10528235882520676,0.5654963850975037,1.0,1.0,3114,v2,B2
sac_her_recovery_v2,sensor_bias,4,0.1,-50.0,0.0,0.3335160638495532,50,1.1592793464660645,1.164049506187439,1.0,1.0,3115,v2,B2
sac_her_recovery_v2,sensor_bias,4,0.1,-50.0,0.0,0.11760747077452455,50,0.059725694358348846,0.382848858833313,1.0,0.0,3116,v2,B2
sac_her_recovery_v2,sensor_bias,4,0.1,-48.0,1.0,0.09976336724962004,50,0.06306327879428864,0.40553298592567444,1.0,0.0,3117,v2,B2
sac_her_recovery_v2,sensor_bias,4,0.1,-50.0,0.0,0.12757374860381984,50,0.04709082096815109,0.379553884267807,1.0,0.0,3118,v2,B2
sac_her_recovery_v2,sensor_bias,4,0.1,-50.0,0.0,0.30487607503970704,50,1.034445881843567,1.045284628868103,1.0,1.0,3119,v2,B2
sac_her_recovery_v3,sensor_bias,4,0.1,-50.0,0.0,0.2973705601079946,50,0.7548184394836426,1.2093709707260132,1.0,1.0,3120,v3,B3
sac_her_recovery_v3,sensor_bias,4,0.1,-50.0,0.0,0.3003851391055677,50,0.80230313539505,1.364647626876831,1.0,1.0,3121,v3,B3
sac_her_recovery_v3,sensor_bias,4,0.1,-50.0,0.0,0.16685381092521254,50,0.7075914740562439,1.2065364122390747,1.0,1.0,3122,v3,B3
sac_her_recovery_v3,sensor_bias,4,0.1,-48.0,1.0,0.1522232079688073,50,0.6131638288497925,0.9352522492408752,1.0,1.0,3123,v3,B3
sac_her_recovery_v3,sensor_bias,4,0.1,-50.0,0.0,0.249976435341598,50,0.7244842648506165,1.0207114219665527,1.0,1.0,3124,v3,B3
sac_her_recovery_v3,sensor_bias,4,0.1,-7.0,1.0,0.0005930515636247963,50,0.054566286504268646,0.19093716144561768,1.0,1.0,3125,v3,B3
sac_her_recovery_v3,sensor_bias,4,0.1,-27.0,1.0,0.1379605061284369,50,0.3114301860332489,0.6981447339057922,1.0,1.0,3126,v3,B3
sac_her_recovery_v3,sensor_bias,4,0.1,-14.0,1.0,0.0006233338339122287,50,0.09352175146341324,0.3371397852897644,1.0,1.0,3127,v3,B3
sac_her_recovery_v3,sensor_bias,4,0.1,-48.0,1.0,0.06392960746076119,50,0.07278808951377869,0.4992014765739441,1.0,0.0,3128,v3,B3
sac_her_recovery_v3,sensor_bias,4,0.1,-15.0,1.0,0.0006576752742751313,50,0.097915880382061,0.3736265301704407,1.0,1.0,3129,v3,B3
sac_her_recovery_v3,sensor_bias,4,0.1,-48.0,1.0,0.0726387153625742,50,0.4664078950881958,0.8121206164360046,1.0,1.0,3130,v3,B3
sac_her_recovery_v3,sensor_bias,4,0.1,-12.0,1.0,0.0007046928118119425,50,0.08117510378360748,0.2821047902107239,1.0,1.0,3131,v3,B3
sac_her_recovery_v3,sensor_bias,4,0.1,-50.0,0.0,0.07401316160396589,50,0.5209504961967468,0.6713839173316956,1.0,1.0,3132,v3,B3
sac_her_recovery_v3,sensor_bias,4,0.1,-50.0,0.0,0.15875521515454266,50,0.767402172088623,1.2503185272216797,1.0,1.0,3133,v3,B3
sac_her_recovery_v3,sensor_bias,4,0.1,-50.0,0.0,0.06397256504442367,50,0.0487506277859211,0.3866412043571472,1.0,0.0,3134,v3,B3
sac_her_recovery_v3,sensor_bias,4,0.1,-50.0,0.0,0.3260219795154095,50,0.7373139262199402,1.4039568901062012,1.0,1.0,3135,v3,B3
sac_her_recovery_v3,sensor_bias,4,0.1,-50.0,0.0,0.11813866448561984,50,0.6627784967422485,0.9714543223381042,1.0,1.0,3136,v3,B3
sac_her_recovery_v3,sensor_bias,4,0.1,-50.0,0.0,0.2285918783201599,50,0.8127570152282715,1.398023247718811,1.0,1.0,3137,v3,B3
sac_her_recovery_v3,sensor_bias,4,0.1,-50.0,0.0,0.14675308602581374,50,0.1291951686143875,0.5962201952934265,1.0,1.0,3138,v3,B3
sac_her_recovery_v3,sensor_bias,4,0.1,-3.0,1.0,0.04282235182476005,50,0.06882935762405396,0.2871018946170807,1.0,0.0,3139,v3,B3
sac_her_recovery_v3,sensor_bias,4,0.1,-49.0,1.0,0.13931812268463692,50,0.05815907567739487,0.5270388722419739,1.0,0.0,3140,v3,B3
sac_her_recovery_v3,sensor_bias,4,0.1,-50.0,0.0,0.21033349457223469,50,0.7299789786338806,1.244615912437439,1.0,1.0,3141,v3,B3
sac_her_recovery_v3,sensor_bias,4,0.1,-50.0,0.0,0.17359301070996783,50,0.6705633401870728,1.0872474908828735,1.0,1.0,3142,v3,B3
sac_her_recovery_v3,sensor_bias,4,0.1,-48.0,1.0,0.07231400199483752,50,0.0674438327550888,0.41053658723831177,1.0,0.0,3143,v3,B3
sac_her_recovery_v3,sensor_bias,4,0.1,-50.0,0.0,0.14065976976102426,50,0.05593554303050041,0.6215894818305969,1.0,0.0,3144,v3,B3
sac_her_recovery_v3,sensor_bias,4,0.1,-50.0,0.0,0.18550884394708425,50,0.7627302408218384,1.2995027303695679,1.0,1.0,3145,v3,B3
sac_her_recovery_v3,sensor_bias,4,0.1,-50.0,0.0,0.28383601863243235,50,0.7675074338912964,1.1772395372390747,1.0,1.0,3146,v3,B3
sac_her_recovery_v3,sensor_bias,4,0.1,-50.0,0.0,0.18846204999251778,50,0.765662670135498,1.451522946357727,1.0,1.0,3147,v3,B3
sac_her_recovery_v3,sensor_bias,4,0.1,-50.0,0.0,0.3707812612069251,50,0.7643808126449585,1.452844500541687,1.0,1.0,3148,v3,B3
sac_her_recovery_v3,sensor_bias,4,0.1,-7.0,1.0,0.0005930734279856974,50,0.055096279829740524,0.19096317887306213,1.0,1.0,3149,v3,B3
sac_her,action_clipping,4,0.3,-10.0,1.0,0.017260038087885246,50,0.029837800189852715,0.34453460574150085,0.0,0.0,3150,none,B1
sac_her,action_clipping,4,0.3,-10.0,1.0,0.017260038087885246,50,0.029837800189852715,0.34453460574150085,0.0,0.0,3151,none,B1
sac_her,action_clipping,4,0.3,-10.0,1.0,0.017260038087885246,50,0.029837800189852715,0.34453460574150085,0.0,0.0,3152,none,B1
sac_her,action_clipping,4,0.3,-10.0,1.0,0.017260038087885246,50,0.029837800189852715,0.34453460574150085,0.0,0.0,3153,none,B1
sac_her,action_clipping,4,0.3,-10.0,1.0,0.017260038087885246,50,0.029837800189852715,0.34453460574150085,0.0,0.0,3154,none,B1
sac_her,action_clipping,4,0.3,-10.0,1.0,0.017260038087885246,50,0.029837800189852715,0.34453460574150085,0.0,0.0,3155,none,B1
sac_her,action_clipping,4,0.3,-10.0,1.0,0.017260038087885246,50,0.029837800189852715,0.34453460574150085,0.0,0.0,3156,none,B1
sac_her,action_clipping,4,0.3,-10.0,1.0,0.017260038087885246,50,0.029837800189852715,0.34453460574150085,0.0,0.0,3157,none,B1
sac_her,action_clipping,4,0.3,-10.0,1.0,0.017260038087885246,50,0.029837800189852715,0.34453460574150085,0.0,0.0,3158,none,B1
sac_her,action_clipping,4,0.3,-10.0,1.0,0.017260038087885246,50,0.029837800189852715,0.34453460574150085,0.0,0.0,3159,none,B1
sac_her,action_clipping,4,0.3,-10.0,1.0,0.017260038087885246,50,0.029837800189852715,0.34453460574150085,0.0,0.0,3160,none,B1
sac_her,action_clipping,4,0.3,-10.0,1.0,0.017260038087885246,50,0.029837800189852715,0.34453460574150085,0.0,0.0,3161,none,B1
sac_her,action_clipping,4,0.3,-10.0,1.0,0.017260038087885246,50,0.029837800189852715,0.34453460574150085,0.0,0.0,3162,none,B1
sac_her,action_clipping,4,0.3,-10.0,1.0,0.017260038087885246,50,0.029837800189852715,0.34453460574150085,0.0,0.0,3163,none,B1
sac_her,action_clipping,4,0.3,-10.0,1.0,0.017260038087885246,50,0.029837800189852715,0.34453460574150085,0.0,0.0,3164,none,B1
sac_her,action_clipping,4,0.3,-10.0,1.0,0.017260038087885246,50,0.029837800189852715,0.34453460574150085,0.0,0.0,3165,none,B1
sac_her,action_clipping,4,0.3,-10.0,1.0,0.017260038087885246,50,0.029837800189852715,0.34453460574150085,0.0,0.0,3166,none,B1
sac_her,action_clipping,4,0.3,-10.0,1.0,0.017260038087885246,50,0.029837800189852715,0.34453460574150085,0.0,0.0,3167,none,B1
sac_her,action_clipping,4,0.3,-10.0,1.0,0.017260038087885246,50,0.029837800189852715,0.34453460574150085,0.0,0.0,3168,none,B1
sac_her,action_clipping,4,0.3,-10.0,1.0,0.017260038087885246,50,0.029837800189852715,0.34453460574150085,0.0,0.0,3169,none,B1
sac_her,action_clipping,4,0.3,-10.0,1.0,0.017260038087885246,50,0.029837800189852715,0.34453460574150085,0.0,0.0,3170,none,B1
sac_her,action_clipping,4,0.3,-10.0,1.0,0.017260038087885246,50,0.029837800189852715,0.34453460574150085,0.0,0.0,3171,none,B1
sac_her,action_clipping,4,0.3,-10.0,1.0,0.017260038087885246,50,0.029837800189852715,0.34453460574150085,0.0,0.0,3172,none,B1
sac_her,action_clipping,4,0.3,-10.0,1.0,0.017260038087885246,50,0.029837800189852715,0.34453460574150085,0.0,0.0,3173,none,B1
sac_her,action_clipping,4,0.3,-10.0,1.0,0.017260038087885246,50,0.029837800189852715,0.34453460574150085,0.0,0.0,3174,none,B1
sac_her,action_clipping,4,0.3,-10.0,1.0,0.017260038087885246,50,0.029837800189852715,0.34453460574150085,0.0,0.0,3175,none,B1
sac_her,action_clipping,4,0.3,-10.0,1.0,0.017260038087885246,50,0.029837800189852715,0.34453460574150085,0.0,0.0,3176,none,B1
sac_her,action_clipping,4,0.3,-10.0,1.0,0.017260038087885246,50,0.029837800189852715,0.34453460574150085,0.0,0.0,3177,none,B1
sac_her,action_clipping,4,0.3,-10.0,1.0,0.017260038087885246,50,0.029837800189852715,0.34453460574150085,0.0,0.0,3178,none,B1
sac_her,action_clipping,4,0.3,-10.0,1.0,0.017260038087885246,50,0.029837800189852715,0.34453460574150085,0.0,0.0,3179,none,B1
sac_her_recovery_v2,action_clipping,4,0.3,-10.0,1.0,0.017260038087885246,50,0.029837800189852715,0.34453460574150085,0.0,0.0,3180,v2,B2
sac_her_recovery_v2,action_clipping,4,0.3,-10.0,1.0,0.017260038087885246,50,0.029837800189852715,0.34453460574150085,0.0,0.0,3181,v2,B2
sac_her_recovery_v2,action_clipping,4,0.3,-10.0,1.0,0.017260038087885246,50,0.029837800189852715,0.34453460574150085,0.0,0.0,3182,v2,B2
sac_her_recovery_v2,action_clipping,4,0.3,-10.0,1.0,0.017260038087885246,50,0.029837800189852715,0.34453460574150085,0.0,0.0,3183,v2,B2
sac_her_recovery_v2,action_clipping,4,0.3,-10.0,1.0,0.017260038087885246,50,0.029837800189852715,0.34453460574150085,0.0,0.0,3184,v2,B2
sac_her_recovery_v2,action_clipping,4,0.3,-10.0,1.0,0.017260038087885246,50,0.029837800189852715,0.34453460574150085,0.0,0.0,3185,v2,B2
sac_her_recovery_v2,action_clipping,4,0.3,-10.0,1.0,0.017260038087885246,50,0.029837800189852715,0.34453460574150085,0.0,0.0,3186,v2,B2
sac_her_recovery_v2,action_clipping,4,0.3,-10.0,1.0,0.017260038087885246,50,0.029837800189852715,0.34453460574150085,0.0,0.0,3187,v2,B2
sac_her_recovery_v2,action_clipping,4,0.3,-10.0,1.0,0.017260038087885246,50,0.029837800189852715,0.34453460574150085,0.0,0.0,3188,v2,B2
sac_her_recovery_v2,action_clipping,4,0.3,-10.0,1.0,0.017260038087885246,50,0.029837800189852715,0.34453460574150085,0.0,0.0,3189,v2,B2
sac_her_recovery_v2,action_clipping,4,0.3,-10.0,1.0,0.017260038087885246,50,0.029837800189852715,0.34453460574150085,0.0,0.0,3190,v2,B2
sac_her_recovery_v2,action_clipping,4,0.3,-10.0,1.0,0.017260038087885246,50,0.029837800189852715,0.34453460574150085,0.0,0.0,3191,v2,B2
sac_her_recovery_v2,action_clipping,4,0.3,-10.0,1.0,0.017260038087885246,50,0.029837800189852715,0.34453460574150085,0.0,0.0,3192,v2,B2
sac_her_recovery_v2,action_clipping,4,0.3,-10.0,1.0,0.017260038087885246,50,0.029837800189852715,0.34453460574150085,0.0,0.0,3193,v2,B2
sac_her_recovery_v2,action_clipping,4,0.3,-10.0,1.0,0.017260038087885246,50,0.029837800189852715,0.34453460574150085,0.0,0.0,3194,v2,B2
sac_her_recovery_v2,action_clipping,4,0.3,-10.0,1.0,0.017260038087885246,50,0.029837800189852715,0.34453460574150085,0.0,0.0,3195,v2,B2
sac_her_recovery_v2,action_clipping,4,0.3,-10.0,1.0,0.017260038087885246,50,0.029837800189852715,0.34453460574150085,0.0,0.0,3196,v2,B2
sac_her_recovery_v2,action_clipping,4,0.3,-10.0,1.0,0.017260038087885246,50,0.029837800189852715,0.34453460574150085,0.0,0.0,3197,v2,B2
sac_her_recovery_v2,action_clipping,4,0.3,-10.0,1.0,0.017260038087885246,50,0.029837800189852715,0.34453460574150085,0.0,0.0,3198,v2,B2
sac_her_recovery_v2,action_clipping,4,0.3,-10.0,1.0,0.017260038087885246,50,0.029837800189852715,0.34453460574150085,0.0,0.0,3199,v2,B2
sac_her_recovery_v2,action_clipping,4,0.3,-10.0,1.0,0.017260038087885246,50,0.029837800189852715,0.34453460574150085,0.0,0.0,3200,v2,B2
sac_her_recovery_v2,action_clipping,4,0.3,-10.0,1.0,0.017260038087885246,50,0.029837800189852715,0.34453460574150085,0.0,0.0,3201,v2,B2
sac_her_recovery_v2,action_clipping,4,0.3,-10.0,1.0,0.017260038087885246,50,0.029837800189852715,0.34453460574150085,0.0,0.0,3202,v2,B2
sac_her_recovery_v2,action_clipping,4,0.3,-10.0,1.0,0.017260038087885246,50,0.029837800189852715,0.34453460574150085,0.0,0.0,3203,v2,B2
sac_her_recovery_v2,action_clipping,4,0.3,-10.0,1.0,0.017260038087885246,50,0.029837800189852715,0.34453460574150085,0.0,0.0,3204,v2,B2
sac_her_recovery_v2,action_clipping,4,0.3,-10.0,1.0,0.017260038087885246,50,0.029837800189852715,0.34453460574150085,0.0,0.0,3205,v2,B2
sac_her_recovery_v2,action_clipping,4,0.3,-10.0,1.0,0.017260038087885246,50,0.029837800189852715,0.34453460574150085,0.0,0.0,3206,v2,B2
sac_her_recovery_v2,action_clipping,4,0.3,-10.0,1.0,0.017260038087885246,50,0.029837800189852715,0.34453460574150085,0.0,0.0,3207,v2,B2
sac_her_recovery_v2,action_clipping,4,0.3,-10.0,1.0,0.017260038087885246,50,0.029837800189852715,0.34453460574150085,0.0,0.0,3208,v2,B2
sac_her_recovery_v2,action_clipping,4,0.3,-10.0,1.0,0.017260038087885246,50,0.029837800189852715,0.34453460574150085,0.0,0.0,3209,v2,B2
sac_her_recovery_v3,action_clipping,4,0.3,-10.0,1.0,0.017260038087885246,50,0.029837800189852715,0.34453460574150085,0.0,0.0,3210,v3,B3
sac_her_recovery_v3,action_clipping,4,0.3,-10.0,1.0,0.017260038087885246,50,0.029837800189852715,0.34453460574150085,0.0,0.0,3211,v3,B3
sac_her_recovery_v3,action_clipping,4,0.3,-10.0,1.0,0.017260038087885246,50,0.029837800189852715,0.34453460574150085,0.0,0.0,3212,v3,B3
sac_her_recovery_v3,action_clipping,4,0.3,-10.0,1.0,0.017260038087885246,50,0.029837800189852715,0.34453460574150085,0.0,0.0,3213,v3,B3
sac_her_recovery_v3,action_clipping,4,0.3,-10.0,1.0,0.017260038087885246,50,0.029837800189852715,0.34453460574150085,0.0,0.0,3214,v3,B3
sac_her_recovery_v3,action_clipping,4,0.3,-10.0,1.0,0.017260038087885246,50,0.029837800189852715,0.34453460574150085,0.0,0.0,3215,v3,B3
sac_her_recovery_v3,action_clipping,4,0.3,-10.0,1.0,0.017260038087885246,50,0.029837800189852715,0.34453460574150085,0.0,0.0,3216,v3,B3
sac_her_recovery_v3,action_clipping,4,0.3,-10.0,1.0,0.017260038087885246,50,0.029837800189852715,0.34453460574150085,0.0,0.0,3217,v3,B3
sac_her_recovery_v3,action_clipping,4,0.3,-10.0,1.0,0.017260038087885246,50,0.029837800189852715,0.34453460574150085,0.0,0.0,3218,v3,B3
sac_her_recovery_v3,action_clipping,4,0.3,-10.0,1.0,0.017260038087885246,50,0.029837800189852715,0.34453460574150085,0.0,0.0,3219,v3,B3
sac_her_recovery_v3,action_clipping,4,0.3,-10.0,1.0,0.017260038087885246,50,0.029837800189852715,0.34453460574150085,0.0,0.0,3220,v3,B3
sac_her_recovery_v3,action_clipping,4,0.3,-10.0,1.0,0.017260038087885246,50,0.029837800189852715,0.34453460574150085,0.0,0.0,3221,v3,B3
sac_her_recovery_v3,action_clipping,4,0.3,-10.0,1.0,0.017260038087885246,50,0.029837800189852715,0.34453460574150085,0.0,0.0,3222,v3,B3
sac_her_recovery_v3,action_clipping,4,0.3,-10.0,1.0,0.017260038087885246,50,0.029837800189852715,0.34453460574150085,0.0,0.0,3223,v3,B3
sac_her_recovery_v3,action_clipping,4,0.3,-10.0,1.0,0.017260038087885246,50,0.029837800189852715,0.34453460574150085,0.0,0.0,3224,v3,B3
sac_her_recovery_v3,action_clipping,4,0.3,-10.0,1.0,0.017260038087885246,50,0.029837800189852715,0.34453460574150085,0.0,0.0,3225,v3,B3
sac_her_recovery_v3,action_clipping,4,0.3,-10.0,1.0,0.017260038087885246,50,0.029837800189852715,0.34453460574150085,0.0,0.0,3226,v3,B3
sac_her_recovery_v3,action_clipping,4,0.3,-10.0,1.0,0.017260038087885246,50,0.029837800189852715,0.34453460574150085,0.0,0.0,3227,v3,B3
sac_her_recovery_v3,action_clipping,4,0.3,-10.0,1.0,0.017260038087885246,50,0.029837800189852715,0.34453460574150085,0.0,0.0,3228,v3,B3
sac_her_recovery_v3,action_clipping,4,0.3,-10.0,1.0,0.017260038087885246,50,0.029837800189852715,0.34453460574150085,0.0,0.0,3229,v3,B3
sac_her_recovery_v3,action_clipping,4,0.3,-10.0,1.0,0.017260038087885246,50,0.029837800189852715,0.34453460574150085,0.0,0.0,3230,v3,B3
sac_her_recovery_v3,action_clipping,4,0.3,-10.0,1.0,0.017260038087885246,50,0.029837800189852715,0.34453460574150085,0.0,0.0,3231,v3,B3
sac_her_recovery_v3,action_clipping,4,0.3,-10.0,1.0,0.017260038087885246,50,0.029837800189852715,0.34453460574150085,0.0,0.0,3232,v3,B3
sac_her_recovery_v3,action_clipping,4,0.3,-10.0,1.0,0.017260038087885246,50,0.029837800189852715,0.34453460574150085,0.0,0.0,3233,v3,B3
sac_her_recovery_v3,action_clipping,4,0.3,-10.0,1.0,0.017260038087885246,50,0.029837800189852715,0.34453460574150085,0.0,0.0,3234,v3,B3
sac_her_recovery_v3,action_clipping,4,0.3,-10.0,1.0,0.017260038087885246,50,0.029837800189852715,0.34453460574150085,0.0,0.0,3235,v3,B3
sac_her_recovery_v3,action_clipping,4,0.3,-10.0,1.0,0.017260038087885246,50,0.029837800189852715,0.34453460574150085,0.0,0.0,3236,v3,B3
sac_her_recovery_v3,action_clipping,4,0.3,-10.0,1.0,0.017260038087885246,50,0.029837800189852715,0.34453460574150085,0.0,0.0,3237,v3,B3
sac_her_recovery_v3,action_clipping,4,0.3,-10.0,1.0,0.017260038087885246,50,0.029837800189852715,0.34453460574150085,0.0,0.0,3238,v3,B3
sac_her_recovery_v3,action_clipping,4,0.3,-10.0,1.0,0.017260038087885246,50,0.029837800189852715,0.34453460574150085,0.0,0.0,3239,v3,B3
sac_her,action_delay,4,0.0,-50.0,0.0,0.19977532539988369,50,0.0,0.0,0.0,0.0,3240,none,B1
sac_her,action_delay,4,0.0,-50.0,0.0,0.19977532539988369,50,0.0,0.0,0.0,0.0,3241,none,B1
sac_her,action_delay,4,0.0,-50.0,0.0,0.19977532539988369,50,0.0,0.0,0.0,0.0,3242,none,B1
sac_her,action_delay,4,0.0,-50.0,0.0,0.19977532539988369,50,0.0,0.0,0.0,0.0,3243,none,B1
sac_her,action_delay,4,0.0,-50.0,0.0,0.19977532539988369,50,0.0,0.0,0.0,0.0,3244,none,B1
sac_her,action_delay,4,0.0,-50.0,0.0,0.19977532539988369,50,0.0,0.0,0.0,0.0,3245,none,B1
sac_her,action_delay,4,0.0,-50.0,0.0,0.19977532539988369,50,0.0,0.0,0.0,0.0,3246,none,B1
sac_her,action_delay,4,0.0,-50.0,0.0,0.19977532539988369,50,0.0,0.0,0.0,0.0,3247,none,B1
sac_her,action_delay,4,0.0,-50.0,0.0,0.19977532539988369,50,0.0,0.0,0.0,0.0,3248,none,B1
sac_her,action_delay,4,0.0,-50.0,0.0,0.19977532539988369,50,0.0,0.0,0.0,0.0,3249,none,B1
sac_her,action_delay,4,0.0,-50.0,0.0,0.19977532539988369,50,0.0,0.0,0.0,0.0,3250,none,B1
sac_her,action_delay,4,0.0,-50.0,0.0,0.19977532539988369,50,0.0,0.0,0.0,0.0,3251,none,B1
sac_her,action_delay,4,0.0,-50.0,0.0,0.19977532539988369,50,0.0,0.0,0.0,0.0,3252,none,B1
sac_her,action_delay,4,0.0,-50.0,0.0,0.19977532539988369,50,0.0,0.0,0.0,0.0,3253,none,B1
sac_her,action_delay,4,0.0,-50.0,0.0,0.19977532539988369,50,0.0,0.0,0.0,0.0,3254,none,B1
sac_her,action_delay,4,0.0,-50.0,0.0,0.19977532539988369,50,0.0,0.0,0.0,0.0,3255,none,B1
sac_her,action_delay,4,0.0,-50.0,0.0,0.19977532539988369,50,0.0,0.0,0.0,0.0,3256,none,B1
sac_her,action_delay,4,0.0,-50.0,0.0,0.19977532539988369,50,0.0,0.0,0.0,0.0,3257,none,B1
sac_her,action_delay,4,0.0,-50.0,0.0,0.19977532539988369,50,0.0,0.0,0.0,0.0,3258,none,B1
sac_her,action_delay,4,0.0,-50.0,0.0,0.19977532539988369,50,0.0,0.0,0.0,0.0,3259,none,B1
sac_her,action_delay,4,0.0,-50.0,0.0,0.19977532539988369,50,0.0,0.0,0.0,0.0,3260,none,B1
sac_her,action_delay,4,0.0,-50.0,0.0,0.19977532539988369,50,0.0,0.0,0.0,0.0,3261,none,B1
sac_her,action_delay,4,0.0,-50.0,0.0,0.19977532539988369,50,0.0,0.0,0.0,0.0,3262,none,B1
sac_her,action_delay,4,0.0,-50.0,0.0,0.19977532539988369,50,0.0,0.0,0.0,0.0,3263,none,B1
sac_her,action_delay,4,0.0,-50.0,0.0,0.19977532539988369,50,0.0,0.0,0.0,0.0,3264,none,B1
sac_her,action_delay,4,0.0,-50.0,0.0,0.19977532539988369,50,0.0,0.0,0.0,0.0,3265,none,B1
sac_her,action_delay,4,0.0,-50.0,0.0,0.19977532539988369,50,0.0,0.0,0.0,0.0,3266,none,B1
sac_her,action_delay,4,0.0,-50.0,0.0,0.19977532539988369,50,0.0,0.0,0.0,0.0,3267,none,B1
sac_her,action_delay,4,0.0,-50.0,0.0,0.19977532539988369,50,0.0,0.0,0.0,0.0,3268,none,B1
sac_her,action_delay,4,0.0,-50.0,0.0,0.19977532539988369,50,0.0,0.0,0.0,0.0,3269,none,B1
sac_her_recovery_v2,action_delay,4,0.0,-35.0,1.0,0.02910431147854358,50,0.11933545023202896,0.7484633922576904,0.0,1.0,3270,v2,B2
sac_her_recovery_v2,action_delay,4,0.0,-35.0,1.0,0.02910431147854358,50,0.11933545023202896,0.7484633922576904,0.0,1.0,3271,v2,B2
sac_her_recovery_v2,action_delay,4,0.0,-35.0,1.0,0.02910431147854358,50,0.11933545023202896,0.7484633922576904,0.0,1.0,3272,v2,B2
sac_her_recovery_v2,action_delay,4,0.0,-35.0,1.0,0.02910431147854358,50,0.11933545023202896,0.7484633922576904,0.0,1.0,3273,v2,B2
sac_her_recovery_v2,action_delay,4,0.0,-35.0,1.0,0.02910431147854358,50,0.11933545023202896,0.7484633922576904,0.0,1.0,3274,v2,B2
sac_her_recovery_v2,action_delay,4,0.0,-35.0,1.0,0.02910431147854358,50,0.11933545023202896,0.7484633922576904,0.0,1.0,3275,v2,B2
sac_her_recovery_v2,action_delay,4,0.0,-35.0,1.0,0.02910431147854358,50,0.11933545023202896,0.7484633922576904,0.0,1.0,3276,v2,B2
sac_her_recovery_v2,action_delay,4,0.0,-35.0,1.0,0.02910431147854358,50,0.11933545023202896,0.7484633922576904,0.0,1.0,3277,v2,B2
sac_her_recovery_v2,action_delay,4,0.0,-35.0,1.0,0.02910431147854358,50,0.11933545023202896,0.7484633922576904,0.0,1.0,3278,v2,B2
sac_her_recovery_v2,action_delay,4,0.0,-35.0,1.0,0.02910431147854358,50,0.11933545023202896,0.7484633922576904,0.0,1.0,3279,v2,B2
sac_her_recovery_v2,action_delay,4,0.0,-35.0,1.0,0.02910431147854358,50,0.11933545023202896,0.7484633922576904,0.0,1.0,3280,v2,B2
sac_her_recovery_v2,action_delay,4,0.0,-35.0,1.0,0.02910431147854358,50,0.11933545023202896,0.7484633922576904,0.0,1.0,3281,v2,B2
sac_her_recovery_v2,action_delay,4,0.0,-35.0,1.0,0.02910431147854358,50,0.11933545023202896,0.7484633922576904,0.0,1.0,3282,v2,B2
sac_her_recovery_v2,action_delay,4,0.0,-35.0,1.0,0.02910431147854358,50,0.11933545023202896,0.7484633922576904,0.0,1.0,3283,v2,B2
sac_her_recovery_v2,action_delay,4,0.0,-35.0,1.0,0.02910431147854358,50,0.11933545023202896,0.7484633922576904,0.0,1.0,3284,v2,B2
sac_her_recovery_v2,action_delay,4,0.0,-35.0,1.0,0.02910431147854358,50,0.11933545023202896,0.7484633922576904,0.0,1.0,3285,v2,B2
sac_her_recovery_v2,action_delay,4,0.0,-35.0,1.0,0.02910431147854358,50,0.11933545023202896,0.7484633922576904,0.0,1.0,3286,v2,B2
sac_her_recovery_v2,action_delay,4,0.0,-35.0,1.0,0.02910431147854358,50,0.11933545023202896,0.7484633922576904,0.0,1.0,3287,v2,B2
sac_her_recovery_v2,action_delay,4,0.0,-35.0,1.0,0.02910431147854358,50,0.11933545023202896,0.7484633922576904,0.0,1.0,3288,v2,B2
sac_her_recovery_v2,action_delay,4,0.0,-35.0,1.0,0.02910431147854358,50,0.11933545023202896,0.7484633922576904,0.0,1.0,3289,v2,B2
sac_her_recovery_v2,action_delay,4,0.0,-35.0,1.0,0.02910431147854358,50,0.11933545023202896,0.7484633922576904,0.0,1.0,3290,v2,B2
sac_her_recovery_v2,action_delay,4,0.0,-35.0,1.0,0.02910431147854358,50,0.11933545023202896,0.7484633922576904,0.0,1.0,3291,v2,B2
sac_her_recovery_v2,action_delay,4,0.0,-35.0,1.0,0.02910431147854358,50,0.11933545023202896,0.7484633922576904,0.0,1.0,3292,v2,B2
sac_her_recovery_v2,action_delay,4,0.0,-35.0,1.0,0.02910431147854358,50,0.11933545023202896,0.7484633922576904,0.0,1.0,3293,v2,B2
sac_her_recovery_v2,action_delay,4,0.0,-35.0,1.0,0.02910431147854358,50,0.11933545023202896,0.7484633922576904,0.0,1.0,3294,v2,B2
sac_her_recovery_v2,action_delay,4,0.0,-35.0,1.0,0.02910431147854358,50,0.11933545023202896,0.7484633922576904,0.0,1.0,3295,v2,B2
sac_her_recovery_v2,action_delay,4,0.0,-35.0,1.0,0.02910431147854358,50,0.11933545023202896,0.7484633922576904,0.0,1.0,3296,v2,B2
sac_her_recovery_v2,action_delay,4,0.0,-35.0,1.0,0.02910431147854358,50,0.11933545023202896,0.7484633922576904,0.0,1.0,3297,v2,B2
sac_her_recovery_v2,action_delay,4,0.0,-35.0,1.0,0.02910431147854358,50,0.11933545023202896,0.7484633922576904,0.0,1.0,3298,v2,B2
sac_her_recovery_v2,action_delay,4,0.0,-35.0,1.0,0.02910431147854358,50,0.11933545023202896,0.7484633922576904,0.0,1.0,3299,v2,B2
sac_her_recovery_v3,action_delay,4,0.0,-37.0,1.0,0.07760913891534964,50,0.09447482228279114,0.48503339290618896,0.0,1.0,3300,v3,B3
sac_her_recovery_v3,action_delay,4,0.0,-37.0,1.0,0.07760913891534964,50,0.09447482228279114,0.48503339290618896,0.0,1.0,3301,v3,B3
sac_her_recovery_v3,action_delay,4,0.0,-37.0,1.0,0.07760913891534964,50,0.09447482228279114,0.48503339290618896,0.0,1.0,3302,v3,B3
sac_her_recovery_v3,action_delay,4,0.0,-37.0,1.0,0.07760913891534964,50,0.09447482228279114,0.48503339290618896,0.0,1.0,3303,v3,B3
sac_her_recovery_v3,action_delay,4,0.0,-37.0,1.0,0.07760913891534964,50,0.09447482228279114,0.48503339290618896,0.0,1.0,3304,v3,B3
sac_her_recovery_v3,action_delay,4,0.0,-37.0,1.0,0.07760913891534964,50,0.09447482228279114,0.48503339290618896,0.0,1.0,3305,v3,B3
sac_her_recovery_v3,action_delay,4,0.0,-37.0,1.0,0.07760913891534964,50,0.09447482228279114,0.48503339290618896,0.0,1.0,3306,v3,B3
sac_her_recovery_v3,action_delay,4,0.0,-37.0,1.0,0.07760913891534964,50,0.09447482228279114,0.48503339290618896,0.0,1.0,3307,v3,B3
sac_her_recovery_v3,action_delay,4,0.0,-37.0,1.0,0.07760913891534964,50,0.09447482228279114,0.48503339290618896,0.0,1.0,3308,v3,B3
sac_her_recovery_v3,action_delay,4,0.0,-37.0,1.0,0.07760913891534964,50,0.09447482228279114,0.48503339290618896,0.0,1.0,3309,v3,B3
sac_her_recovery_v3,action_delay,4,0.0,-37.0,1.0,0.07760913891534964,50,0.09447482228279114,0.48503339290618896,0.0,1.0,3310,v3,B3
sac_her_recovery_v3,action_delay,4,0.0,-37.0,1.0,0.07760913891534964,50,0.09447482228279114,0.48503339290618896,0.0,1.0,3311,v3,B3
sac_her_recovery_v3,action_delay,4,0.0,-37.0,1.0,0.07760913891534964,50,0.09447482228279114,0.48503339290618896,0.0,1.0,3312,v3,B3
sac_her_recovery_v3,action_delay,4,0.0,-37.0,1.0,0.07760913891534964,50,0.09447482228279114,0.48503339290618896,0.0,1.0,3313,v3,B3
sac_her_recovery_v3,action_delay,4,0.0,-37.0,1.0,0.07760913891534964,50,0.09447482228279114,0.48503339290618896,0.0,1.0,3314,v3,B3
sac_her_recovery_v3,action_delay,4,0.0,-37.0,1.0,0.07760913891534964,50,0.09447482228279114,0.48503339290618896,0.0,1.0,3315,v3,B3
sac_her_recovery_v3,action_delay,4,0.0,-37.0,1.0,0.07760913891534964,50,0.09447482228279114,0.48503339290618896,0.0,1.0,3316,v3,B3
sac_her_recovery_v3,action_delay,4,0.0,-37.0,1.0,0.07760913891534964,50,0.09447482228279114,0.48503339290618896,0.0,1.0,3317,v3,B3
sac_her_recovery_v3,action_delay,4,0.0,-37.0,1.0,0.07760913891534964,50,0.09447482228279114,0.48503339290618896,0.0,1.0,3318,v3,B3
sac_her_recovery_v3,action_delay,4,0.0,-37.0,1.0,0.07760913891534964,50,0.09447482228279114,0.48503339290618896,0.0,1.0,3319,v3,B3
sac_her_recovery_v3,action_delay,4,0.0,-37.0,1.0,0.07760913891534964,50,0.09447482228279114,0.48503339290618896,0.0,1.0,3320,v3,B3
sac_her_recovery_v3,action_delay,4,0.0,-37.0,1.0,0.07760913891534964,50,0.09447482228279114,0.48503339290618896,0.0,1.0,3321,v3,B3
sac_her_recovery_v3,action_delay,4,0.0,-37.0,1.0,0.07760913891534964,50,0.09447482228279114,0.48503339290618896,0.0,1.0,3322,v3,B3
sac_her_recovery_v3,action_delay,4,0.0,-37.0,1.0,0.07760913891534964,50,0.09447482228279114,0.48503339290618896,0.0,1.0,3323,v3,B3
sac_her_recovery_v3,action_delay,4,0.0,-37.0,1.0,0.07760913891534964,50,0.09447482228279114,0.48503339290618896,0.0,1.0,3324,v3,B3
sac_her_recovery_v3,action_delay,4,0.0,-37.0,1.0,0.07760913891534964,50,0.09447482228279114,0.48503339290618896,0.0,1.0,3325,v3,B3
sac_her_recovery_v3,action_delay,4,0.0,-37.0,1.0,0.07760913891534964,50,0.09447482228279114,0.48503339290618896,0.0,1.0,3326,v3,B3
sac_her_recovery_v3,action_delay,4,0.0,-37.0,1.0,0.07760913891534964,50,0.09447482228279114,0.48503339290618896,0.0,1.0,3327,v3,B3
sac_her_recovery_v3,action_delay,4,0.0,-37.0,1.0,0.07760913891534964,50,0.09447482228279114,0.48503339290618896,0.0,1.0,3328,v3,B3
sac_her_recovery_v3,action_delay,4,0.0,-37.0,1.0,0.07760913891534964,50,0.09447482228279114,0.48503339290618896,0.0,1.0,3329,v3,B3
sac_her,action_reversal,4,0.0,-50.0,0.0,1.4141075835374903,50,0.045666713267564774,1.8631412982940674,1.0,0.0,3330,none,B1
sac_her,action_reversal,4,0.0,-50.0,0.0,1.4141075835374903,50,0.045666713267564774,1.8631412982940674,1.0,0.0,3331,none,B1
sac_her,action_reversal,4,0.0,-50.0,0.0,1.4141075835374903,50,0.045666713267564774,1.8631412982940674,1.0,0.0,3332,none,B1
sac_her,action_reversal,4,0.0,-50.0,0.0,1.4141075835374903,50,0.045666713267564774,1.8631412982940674,1.0,0.0,3333,none,B1
sac_her,action_reversal,4,0.0,-50.0,0.0,1.4141075835374903,50,0.045666713267564774,1.8631412982940674,1.0,0.0,3334,none,B1
sac_her,action_reversal,4,0.0,-50.0,0.0,1.4141075835374903,50,0.045666713267564774,1.8631412982940674,1.0,0.0,3335,none,B1
sac_her,action_reversal,4,0.0,-50.0,0.0,1.4141075835374903,50,0.045666713267564774,1.8631412982940674,1.0,0.0,3336,none,B1
sac_her,action_reversal,4,0.0,-50.0,0.0,1.4141075835374903,50,0.045666713267564774,1.8631412982940674,1.0,0.0,3337,none,B1
sac_her,action_reversal,4,0.0,-50.0,0.0,1.4141075835374903,50,0.045666713267564774,1.8631412982940674,1.0,0.0,3338,none,B1
sac_her,action_reversal,4,0.0,-50.0,0.0,1.4141075835374903,50,0.045666713267564774,1.8631412982940674,1.0,0.0,3339,none,B1
sac_her,action_reversal,4,0.0,-50.0,0.0,1.4141075835374903,50,0.045666713267564774,1.8631412982940674,1.0,0.0,3340,none,B1
sac_her,action_reversal,4,0.0,-50.0,0.0,1.4141075835374903,50,0.045666713267564774,1.8631412982940674,1.0,0.0,3341,none,B1
sac_her,action_reversal,4,0.0,-50.0,0.0,1.4141075835374903,50,0.045666713267564774,1.8631412982940674,1.0,0.0,3342,none,B1
sac_her,action_reversal,4,0.0,-50.0,0.0,1.4141075835374903,50,0.045666713267564774,1.8631412982940674,1.0,0.0,3343,none,B1
sac_her,action_reversal,4,0.0,-50.0,0.0,1.4141075835374903,50,0.045666713267564774,1.8631412982940674,1.0,0.0,3344,none,B1
sac_her,action_reversal,4,0.0,-50.0,0.0,1.4141075835374903,50,0.045666713267564774,1.8631412982940674,1.0,0.0,3345,none,B1
sac_her,action_reversal,4,0.0,-50.0,0.0,1.4141075835374903,50,0.045666713267564774,1.8631412982940674,1.0,0.0,3346,none,B1
sac_her,action_reversal,4,0.0,-50.0,0.0,1.4141075835374903,50,0.045666713267564774,1.8631412982940674,1.0,0.0,3347,none,B1
sac_her,action_reversal,4,0.0,-50.0,0.0,1.4141075835374903,50,0.045666713267564774,1.8631412982940674,1.0,0.0,3348,none,B1
sac_her,action_reversal,4,0.0,-50.0,0.0,1.4141075835374903,50,0.045666713267564774,1.8631412982940674,1.0,0.0,3349,none,B1
sac_her,action_reversal,4,0.0,-50.0,0.0,1.4141075835374903,50,0.045666713267564774,1.8631412982940674,1.0,0.0,3350,none,B1
sac_her,action_reversal,4,0.0,-50.0,0.0,1.4141075835374903,50,0.045666713267564774,1.8631412982940674,1.0,0.0,3351,none,B1
sac_her,action_reversal,4,0.0,-50.0,0.0,1.4141075835374903,50,0.045666713267564774,1.8631412982940674,1.0,0.0,3352,none,B1
sac_her,action_reversal,4,0.0,-50.0,0.0,1.4141075835374903,50,0.045666713267564774,1.8631412982940674,1.0,0.0,3353,none,B1
sac_her,action_reversal,4,0.0,-50.0,0.0,1.4141075835374903,50,0.045666713267564774,1.8631412982940674,1.0,0.0,3354,none,B1
sac_her,action_reversal,4,0.0,-50.0,0.0,1.4141075835374903,50,0.045666713267564774,1.8631412982940674,1.0,0.0,3355,none,B1
sac_her,action_reversal,4,0.0,-50.0,0.0,1.4141075835374903,50,0.045666713267564774,1.8631412982940674,1.0,0.0,3356,none,B1
sac_her,action_reversal,4,0.0,-50.0,0.0,1.4141075835374903,50,0.045666713267564774,1.8631412982940674,1.0,0.0,3357,none,B1
sac_her,action_reversal,4,0.0,-50.0,0.0,1.4141075835374903,50,0.045666713267564774,1.8631412982940674,1.0,0.0,3358,none,B1
sac_her,action_reversal,4,0.0,-50.0,0.0,1.4141075835374903,50,0.045666713267564774,1.8631412982940674,1.0,0.0,3359,none,B1
sac_her_recovery_v2,action_reversal,4,0.0,-50.0,0.0,0.07853807633076224,50,0.5956014394760132,1.125227928161621,1.0,1.0,3360,v2,B2
sac_her_recovery_v2,action_reversal,4,0.0,-50.0,0.0,0.07853807633076224,50,0.5956014394760132,1.125227928161621,1.0,1.0,3361,v2,B2
sac_her_recovery_v2,action_reversal,4,0.0,-50.0,0.0,0.07853807633076224,50,0.5956014394760132,1.125227928161621,1.0,1.0,3362,v2,B2
sac_her_recovery_v2,action_reversal,4,0.0,-50.0,0.0,0.07853807633076224,50,0.5956014394760132,1.125227928161621,1.0,1.0,3363,v2,B2
sac_her_recovery_v2,action_reversal,4,0.0,-50.0,0.0,0.07853807633076224,50,0.5956014394760132,1.125227928161621,1.0,1.0,3364,v2,B2
sac_her_recovery_v2,action_reversal,4,0.0,-50.0,0.0,0.07853807633076224,50,0.5956014394760132,1.125227928161621,1.0,1.0,3365,v2,B2
sac_her_recovery_v2,action_reversal,4,0.0,-50.0,0.0,0.07853807633076224,50,0.5956014394760132,1.125227928161621,1.0,1.0,3366,v2,B2
sac_her_recovery_v2,action_reversal,4,0.0,-50.0,0.0,0.07853807633076224,50,0.5956014394760132,1.125227928161621,1.0,1.0,3367,v2,B2
sac_her_recovery_v2,action_reversal,4,0.0,-50.0,0.0,0.07853807633076224,50,0.5956014394760132,1.125227928161621,1.0,1.0,3368,v2,B2
sac_her_recovery_v2,action_reversal,4,0.0,-50.0,0.0,0.07853807633076224,50,0.5956014394760132,1.125227928161621,1.0,1.0,3369,v2,B2
sac_her_recovery_v2,action_reversal,4,0.0,-50.0,0.0,0.07853807633076224,50,0.5956014394760132,1.125227928161621,1.0,1.0,3370,v2,B2
sac_her_recovery_v2,action_reversal,4,0.0,-50.0,0.0,0.07853807633076224,50,0.5956014394760132,1.125227928161621,1.0,1.0,3371,v2,B2
sac_her_recovery_v2,action_reversal,4,0.0,-50.0,0.0,0.07853807633076224,50,0.5956014394760132,1.125227928161621,1.0,1.0,3372,v2,B2
sac_her_recovery_v2,action_reversal,4,0.0,-50.0,0.0,0.07853807633076224,50,0.5956014394760132,1.125227928161621,1.0,1.0,3373,v2,B2
sac_her_recovery_v2,action_reversal,4,0.0,-50.0,0.0,0.07853807633076224,50,0.5956014394760132,1.125227928161621,1.0,1.0,3374,v2,B2
sac_her_recovery_v2,action_reversal,4,0.0,-50.0,0.0,0.07853807633076224,50,0.5956014394760132,1.125227928161621,1.0,1.0,3375,v2,B2
sac_her_recovery_v2,action_reversal,4,0.0,-50.0,0.0,0.07853807633076224,50,0.5956014394760132,1.125227928161621,1.0,1.0,3376,v2,B2
sac_her_recovery_v2,action_reversal,4,0.0,-50.0,0.0,0.07853807633076224,50,0.5956014394760132,1.125227928161621,1.0,1.0,3377,v2,B2
sac_her_recovery_v2,action_reversal,4,0.0,-50.0,0.0,0.07853807633076224,50,0.5956014394760132,1.125227928161621,1.0,1.0,3378,v2,B2
sac_her_recovery_v2,action_reversal,4,0.0,-50.0,0.0,0.07853807633076224,50,0.5956014394760132,1.125227928161621,1.0,1.0,3379,v2,B2
sac_her_recovery_v2,action_reversal,4,0.0,-50.0,0.0,0.07853807633076224,50,0.5956014394760132,1.125227928161621,1.0,1.0,3380,v2,B2
sac_her_recovery_v2,action_reversal,4,0.0,-50.0,0.0,0.07853807633076224,50,0.5956014394760132,1.125227928161621,1.0,1.0,3381,v2,B2
sac_her_recovery_v2,action_reversal,4,0.0,-50.0,0.0,0.07853807633076224,50,0.5956014394760132,1.125227928161621,1.0,1.0,3382,v2,B2
sac_her_recovery_v2,action_reversal,4,0.0,-50.0,0.0,0.07853807633076224,50,0.5956014394760132,1.125227928161621,1.0,1.0,3383,v2,B2
sac_her_recovery_v2,action_reversal,4,0.0,-50.0,0.0,0.07853807633076224,50,0.5956014394760132,1.125227928161621,1.0,1.0,3384,v2,B2
sac_her_recovery_v2,action_reversal,4,0.0,-50.0,0.0,0.07853807633076224,50,0.5956014394760132,1.125227928161621,1.0,1.0,3385,v2,B2
sac_her_recovery_v2,action_reversal,4,0.0,-50.0,0.0,0.07853807633076224,50,0.5956014394760132,1.125227928161621,1.0,1.0,3386,v2,B2
sac_her_recovery_v2,action_reversal,4,0.0,-50.0,0.0,0.07853807633076224,50,0.5956014394760132,1.125227928161621,1.0,1.0,3387,v2,B2
sac_her_recovery_v2,action_reversal,4,0.0,-50.0,0.0,0.07853807633076224,50,0.5956014394760132,1.125227928161621,1.0,1.0,3388,v2,B2
sac_her_recovery_v2,action_reversal,4,0.0,-50.0,0.0,0.07853807633076224,50,0.5956014394760132,1.125227928161621,1.0,1.0,3389,v2,B2
sac_her_recovery_v3,action_reversal,4,0.0,-50.0,0.0,0.11157109256681073,50,0.5805954337120056,1.0811928510665894,1.0,1.0,3390,v3,B3
sac_her_recovery_v3,action_reversal,4,0.0,-50.0,0.0,0.11157109256681073,50,0.5805954337120056,1.0811928510665894,1.0,1.0,3391,v3,B3
sac_her_recovery_v3,action_reversal,4,0.0,-50.0,0.0,0.11157109256681073,50,0.5805954337120056,1.0811928510665894,1.0,1.0,3392,v3,B3
sac_her_recovery_v3,action_reversal,4,0.0,-50.0,0.0,0.11157109256681073,50,0.5805954337120056,1.0811928510665894,1.0,1.0,3393,v3,B3
sac_her_recovery_v3,action_reversal,4,0.0,-50.0,0.0,0.11157109256681073,50,0.5805954337120056,1.0811928510665894,1.0,1.0,3394,v3,B3
sac_her_recovery_v3,action_reversal,4,0.0,-50.0,0.0,0.11157109256681073,50,0.5805954337120056,1.0811928510665894,1.0,1.0,3395,v3,B3
sac_her_recovery_v3,action_reversal,4,0.0,-50.0,0.0,0.11157109256681073,50,0.5805954337120056,1.0811928510665894,1.0,1.0,3396,v3,B3
sac_her_recovery_v3,action_reversal,4,0.0,-50.0,0.0,0.11157109256681073,50,0.5805954337120056,1.0811928510665894,1.0,1.0,3397,v3,B3
sac_her_recovery_v3,action_reversal,4,0.0,-50.0,0.0,0.11157109256681073,50,0.5805954337120056,1.0811928510665894,1.0,1.0,3398,v3,B3
sac_her_recovery_v3,action_reversal,4,0.0,-50.0,0.0,0.11157109256681073,50,0.5805954337120056,1.0811928510665894,1.0,1.0,3399,v3,B3
sac_her_recovery_v3,action_reversal,4,0.0,-50.0,0.0,0.11157109256681073,50,0.5805954337120056,1.0811928510665894,1.0,1.0,3400,v3,B3
sac_her_recovery_v3,action_reversal,4,0.0,-50.0,0.0,0.11157109256681073,50,0.5805954337120056,1.0811928510665894,1.0,1.0,3401,v3,B3
sac_her_recovery_v3,action_reversal,4,0.0,-50.0,0.0,0.11157109256681073,50,0.5805954337120056,1.0811928510665894,1.0,1.0,3402,v3,B3
sac_her_recovery_v3,action_reversal,4,0.0,-50.0,0.0,0.11157109256681073,50,0.5805954337120056,1.0811928510665894,1.0,1.0,3403,v3,B3
sac_her_recovery_v3,action_reversal,4,0.0,-50.0,0.0,0.11157109256681073,50,0.5805954337120056,1.0811928510665894,1.0,1.0,3404,v3,B3
sac_her_recovery_v3,action_reversal,4,0.0,-50.0,0.0,0.11157109256681073,50,0.5805954337120056,1.0811928510665894,1.0,1.0,3405,v3,B3
sac_her_recovery_v3,action_reversal,4,0.0,-50.0,0.0,0.11157109256681073,50,0.5805954337120056,1.0811928510665894,1.0,1.0,3406,v3,B3
sac_her_recovery_v3,action_reversal,4,0.0,-50.0,0.0,0.11157109256681073,50,0.5805954337120056,1.0811928510665894,1.0,1.0,3407,v3,B3
sac_her_recovery_v3,action_reversal,4,0.0,-50.0,0.0,0.11157109256681073,50,0.5805954337120056,1.0811928510665894,1.0,1.0,3408,v3,B3
sac_her_recovery_v3,action_reversal,4,0.0,-50.0,0.0,0.11157109256681073,50,0.5805954337120056,1.0811928510665894,1.0,1.0,3409,v3,B3
sac_her_recovery_v3,action_reversal,4,0.0,-50.0,0.0,0.11157109256681073,50,0.5805954337120056,1.0811928510665894,1.0,1.0,3410,v3,B3
sac_her_recovery_v3,action_reversal,4,0.0,-50.0,0.0,0.11157109256681073,50,0.5805954337120056,1.0811928510665894,1.0,1.0,3411,v3,B3
sac_her_recovery_v3,action_reversal,4,0.0,-50.0,0.0,0.11157109256681073,50,0.5805954337120056,1.0811928510665894,1.0,1.0,3412,v3,B3
sac_her_recovery_v3,action_reversal,4,0.0,-50.0,0.0,0.11157109256681073,50,0.5805954337120056,1.0811928510665894,1.0,1.0,3413,v3,B3
sac_her_recovery_v3,action_reversal,4,0.0,-50.0,0.0,0.11157109256681073,50,0.5805954337120056,1.0811928510665894,1.0,1.0,3414,v3,B3
sac_her_recovery_v3,action_reversal,4,0.0,-50.0,0.0,0.11157109256681073,50,0.5805954337120056,1.0811928510665894,1.0,1.0,3415,v3,B3
sac_her_recovery_v3,action_reversal,4,0.0,-50.0,0.0,0.11157109256681073,50,0.5805954337120056,1.0811928510665894,1.0,1.0,3416,v3,B3
sac_her_recovery_v3,action_reversal,4,0.0,-50.0,0.0,0.11157109256681073,50,0.5805954337120056,1.0811928510665894,1.0,1.0,3417,v3,B3
sac_her_recovery_v3,action_reversal,4,0.0,-50.0,0.0,0.11157109256681073,50,0.5805954337120056,1.0811928510665894,1.0,1.0,3418,v3,B3
sac_her_recovery_v3,action_reversal,4,0.0,-50.0,0.0,0.11157109256681073,50,0.5805954337120056,1.0811928510665894,1.0,1.0,3419,v3,B3
sac_her,goal_spoof_immediate,4,0.1,-50.0,0.0,0.07387500582292798,50,0.0483156181871891,0.32492363452911377,1.0,0.0,3420,none,B1
sac_her,goal_spoof_immediate,4,0.1,-48.0,1.0,0.10639199568372895,50,0.06877931952476501,0.5726610422134399,1.0,0.0,3421,none,B1
sac_her,goal_spoof_immediate,4,0.1,-50.0,0.0,0.15740171650954807,50,0.07502766698598862,0.34406065940856934,1.0,0.0,3422,none,B1
sac_her,goal_spoof_immediate,4,0.1,-50.0,0.0,0.05987271540339082,50,0.05715683475136757,0.3419525921344757,1.0,0.0,3423,none,B1
sac_her,goal_spoof_immediate,4,0.1,-3.0,1.0,0.035480845782819126,50,0.05534395948052406,0.4546029269695282,1.0,0.0,3424,none,B1
sac_her,goal_spoof_immediate,4,0.1,-50.0,0.0,0.05959971748106496,50,0.05993508920073509,0.23369520902633667,1.0,0.0,3425,none,B1
sac_her,goal_spoof_immediate,4,0.1,-50.0,0.0,0.12454258131393853,50,0.05546107143163681,0.5704419016838074,1.0,0.0,3426,none,B1
sac_her,goal_spoof_immediate,4,0.1,-50.0,0.0,0.08200540497824794,50,0.06602878123521805,0.2310081273317337,1.0,0.0,3427,none,B1
sac_her,goal_spoof_immediate,4,0.1,-50.0,0.0,0.11345566534738817,50,0.053058087825775146,0.2528150975704193,1.0,0.0,3428,none,B1
sac_her,goal_spoof_immediate,4,0.1,-50.0,0.0,0.08501752704152261,50,0.05574953183531761,0.31097209453582764,1.0,0.0,3429,none,B1
sac_her,goal_spoof_immediate,4,0.1,-48.0,1.0,0.09183899707507807,50,0.06268098950386047,0.6009296774864197,1.0,0.0,3430,none,B1
sac_her,goal_spoof_immediate,4,0.1,-50.0,0.0,0.09388874418221664,50,0.047378428280353546,0.28246888518333435,1.0,0.0,3431,none,B1
sac_her,goal_spoof_immediate,4,0.1,-50.0,0.0,0.1725722373412161,50,0.07450622320175171,0.6130817532539368,1.0,0.0,3432,none,B1
sac_her,goal_spoof_immediate,4,0.1,-48.0,1.0,0.061160444269869524,50,0.07113718241453171,0.2774873375892639,1.0,0.0,3433,none,B1
sac_her,goal_spoof_immediate,4,0.1,-50.0,0.0,0.09858711333534748,50,0.04415144398808479,0.3028774559497833,1.0,0.0,3434,none,B1
sac_her,goal_spoof_immediate,4,0.1,-50.0,0.0,0.13080277702867155,50,0.06273426115512848,0.39493328332901,1.0,0.0,3435,none,B1
sac_her,goal_spoof_immediate,4,0.1,-50.0,0.0,0.1312171625153781,50,0.06001802533864975,0.5728034377098083,1.0,0.0,3436,none,B1
sac_her,goal_spoof_immediate,4,0.1,-50.0,0.0,0.11939754409293094,50,0.046289630234241486,0.3509156107902527,1.0,0.0,3437,none,B1
sac_her,goal_spoof_immediate,4,0.1,-48.0,1.0,0.11284642608765402,50,0.0737796425819397,0.5640928745269775,1.0,0.0,3438,none,B1
sac_her,goal_spoof_immediate,4,0.1,-48.0,1.0,0.0788204079621647,50,0.05876176804304123,0.5168637037277222,1.0,0.0,3439,none,B1
sac_her,goal_spoof_immediate,4,0.1,-50.0,0.0,0.09382296134129572,50,0.0455232635140419,0.1731865108013153,1.0,0.0,3440,none,B1
sac_her,goal_spoof_immediate,4,0.1,-48.0,1.0,0.09220115504627041,50,0.06933510303497314,0.6048089265823364,1.0,0.0,3441,none,B1
sac_her,goal_spoof_immediate,4,0.1,-48.0,1.0,0.08608999836701668,50,0.07899995148181915,0.4889054596424103,1.0,0.0,3442,none,B1
sac_her,goal_spoof_immediate,4,0.1,-50.0,0.0,0.12150100764421055,50,0.0614769347012043,0.2999682128429413,1.0,0.0,3443,none,B1
sac_her,goal_spoof_immediate,4,0.1,-50.0,0.0,0.06574767953415003,50,0.05039946362376213,0.26079025864601135,1.0,0.0,3444,none,B1
sac_her,goal_spoof_immediate,4,0.1,-50.0,0.0,0.10478292303878806,50,0.06296472996473312,0.22899553179740906,1.0,0.0,3445,none,B1
sac_her,goal_spoof_immediate,4,0.1,-47.0,1.0,0.05513720675568057,50,0.0648590549826622,0.3284860849380493,1.0,0.0,3446,none,B1
sac_her,goal_spoof_immediate,4,0.1,-50.0,0.0,0.10950693309692869,50,0.07330819219350815,0.5942696928977966,1.0,0.0,3447,none,B1
sac_her,goal_spoof_immediate,4,0.1,-46.0,1.0,0.05203419260177779,50,0.07446938753128052,0.4049879312515259,1.0,0.0,3448,none,B1
sac_her,goal_spoof_immediate,4,0.1,-49.0,1.0,0.06208550260262053,50,0.06650275737047195,0.43670639395713806,1.0,0.0,3449,none,B1
sac_her_recovery_v2,goal_spoof_immediate,4,0.1,-3.0,1.0,0.04210485276900053,50,0.0638638511300087,0.5208631753921509,1.0,0.0,3450,v2,B2
sac_her_recovery_v2,goal_spoof_immediate,4,0.1,-50.0,0.0,0.1366458595285215,50,0.044200196862220764,0.2426815778017044,1.0,0.0,3451,v2,B2
sac_her_recovery_v2,goal_spoof_immediate,4,0.1,-48.0,1.0,0.09174015483689463,50,0.0782569870352745,0.3760923445224762,1.0,0.0,3452,v2,B2
sac_her_recovery_v2,goal_spoof_immediate,4,0.1,-50.0,0.0,0.10610809181605939,50,0.04348352923989296,0.37337470054626465,1.0,0.0,3453,v2,B2
sac_her_recovery_v2,goal_spoof_immediate,4,0.1,-50.0,0.0,0.14076863773768122,50,0.10797474533319473,0.25186774134635925,1.0,1.0,3454,v2,B2
sac_her_recovery_v2,goal_spoof_immediate,4,0.1,-50.0,0.0,0.08118807795002556,50,0.044802889227867126,0.2869572341442108,1.0,0.0,3455,v2,B2
sac_her_recovery_v2,goal_spoof_immediate,4,0.1,-50.0,0.0,0.10069979104974638,50,0.05059051141142845,0.4229029715061188,1.0,0.0,3456,v2,B2
sac_her_recovery_v2,goal_spoof_immediate,4,0.1,-50.0,0.0,0.10639844584697467,50,0.06860233098268509,0.5406505465507507,1.0,0.0,3457,v2,B2
sac_her_recovery_v2,goal_spoof_immediate,4,0.1,-50.0,0.0,0.12734266057943516,50,0.04987017437815666,0.44991230964660645,1.0,0.0,3458,v2,B2
sac_her_recovery_v2,goal_spoof_immediate,4,0.1,-50.0,0.0,0.09949936048206744,50,0.05948866158723831,0.5376843810081482,1.0,0.0,3459,v2,B2
sac_her_recovery_v2,goal_spoof_immediate,4,0.1,-50.0,0.0,0.08304586144830252,50,0.04249926656484604,0.3422922194004059,1.0,0.0,3460,v2,B2
sac_her_recovery_v2,goal_spoof_immediate,4,0.1,-48.0,1.0,0.08766674084768139,50,0.08010629564523697,0.45697706937789917,1.0,0.0,3461,v2,B2
sac_her_recovery_v2,goal_spoof_immediate,4,0.1,-50.0,0.0,0.06405975096392157,50,0.05332741513848305,0.36420685052871704,1.0,0.0,3462,v2,B2
sac_her_recovery_v2,goal_spoof_immediate,4,0.1,-50.0,0.0,0.0710021350726068,50,0.04061679542064667,0.2152460813522339,1.0,0.0,3463,v2,B2
sac_her_recovery_v2,goal_spoof_immediate,4,0.1,-50.0,0.0,0.12912357748237832,50,0.05425770580768585,0.46215835213661194,1.0,0.0,3464,v2,B2
sac_her_recovery_v2,goal_spoof_immediate,4,0.1,-50.0,0.0,0.12085269593940735,50,0.0538799948990345,0.5482264161109924,1.0,0.0,3465,v2,B2
sac_her_recovery_v2,goal_spoof_immediate,4,0.1,-3.0,1.0,0.023018486821535535,50,0.05608459562063217,0.39348137378692627,1.0,0.0,3466,v2,B2
sac_her_recovery_v2,goal_spoof_immediate,4,0.1,-50.0,0.0,0.11903396086493966,50,0.04514351114630699,0.5045021772384644,1.0,0.0,3467,v2,B2
sac_her_recovery_v2,goal_spoof_immediate,4,0.1,-50.0,0.0,0.09672279617490001,50,0.03626489266753197,0.25210413336753845,1.0,0.0,3468,v2,B2
sac_her_recovery_v2,goal_spoof_immediate,4,0.1,-49.0,1.0,0.09037893340077237,50,0.07413563132286072,0.5971848964691162,1.0,0.0,3469,v2,B2
sac_her_recovery_v2,goal_spoof_immediate,4,0.1,-50.0,0.0,0.11193377338183423,50,0.06252243369817734,0.22316184639930725,1.0,0.0,3470,v2,B2
sac_her_recovery_v2,goal_spoof_immediate,4,0.1,-50.0,0.0,0.11307872578285129,50,0.04040198773145676,0.27069738507270813,1.0,0.0,3471,v2,B2
sac_her_recovery_v2,goal_spoof_immediate,4,0.1,-49.0,1.0,0.06764256761442555,50,0.05501796305179596,0.4427202343940735,1.0,0.0,3472,v2,B2
sac_her_recovery_v2,goal_spoof_immediate,4,0.1,-50.0,0.0,0.08468408311657455,50,0.04548906907439232,0.2612428665161133,1.0,0.0,3473,v2,B2
sac_her_recovery_v2,goal_spoof_immediate,4,0.1,-50.0,0.0,0.11742231527997642,50,0.06523555517196655,0.40454670786857605,1.0,0.0,3474,v2,B2
sac_her_recovery_v2,goal_spoof_immediate,4,0.1,-50.0,0.0,0.09650363150963498,50,0.05875648185610771,0.3622705042362213,1.0,0.0,3475,v2,B2
sac_her_recovery_v2,goal_spoof_immediate,4,0.1,-50.0,0.0,0.12321799739712762,50,0.042384497821331024,0.38825833797454834,1.0,0.0,3476,v2,B2
sac_her_recovery_v2,goal_spoof_immediate,4,0.1,-50.0,0.0,0.10762540399890269,50,0.04016824811697006,0.2962862253189087,1.0,0.0,3477,v2,B2
sac_her_recovery_v2,goal_spoof_immediate,4,0.1,-50.0,0.0,0.11283242677411433,50,0.06763432919979095,0.604383647441864,1.0,0.0,3478,v2,B2
sac_her_recovery_v2,goal_spoof_immediate,4,0.1,-50.0,0.0,0.09170868333367135,50,0.04274067282676697,0.34161514043807983,1.0,0.0,3479,v2,B2
sac_her_recovery_v3,goal_spoof_immediate,4,0.1,-50.0,0.0,0.054832428214052396,50,0.06562020629644394,0.2661641240119934,1.0,0.0,3480,v3,B3
sac_her_recovery_v3,goal_spoof_immediate,4,0.1,-50.0,0.0,0.07932910936969688,50,0.054149329662323,0.2409435510635376,1.0,0.0,3481,v3,B3
sac_her_recovery_v3,goal_spoof_immediate,4,0.1,-50.0,0.0,0.11730911475656489,50,0.042106226086616516,0.4016345143318176,1.0,0.0,3482,v3,B3
sac_her_recovery_v3,goal_spoof_immediate,4,0.1,-38.0,1.0,0.05004297530465872,50,0.06844302266836166,0.31566303968429565,1.0,0.0,3483,v3,B3
sac_her_recovery_v3,goal_spoof_immediate,4,0.1,-50.0,0.0,0.09820689238969527,50,0.04913711920380592,0.4819897413253784,1.0,0.0,3484,v3,B3
sac_her_recovery_v3,goal_spoof_immediate,4,0.1,-49.0,1.0,0.08273249520903452,50,0.07844997942447662,0.30051636695861816,1.0,0.0,3485,v3,B3
sac_her_recovery_v3,goal_spoof_immediate,4,0.1,-50.0,0.0,0.09455276155483794,50,0.050711739808321,0.19446974992752075,1.0,0.0,3486,v3,B3
sac_her_recovery_v3,goal_spoof_immediate,4,0.1,-50.0,0.0,0.12486111468237171,50,0.0577961727976799,0.20703555643558502,1.0,0.0,3487,v3,B3
sac_her_recovery_v3,goal_spoof_immediate,4,0.1,-50.0,0.0,0.10667212437637912,50,0.04282171279191971,0.3244602680206299,1.0,0.0,3488,v3,B3
sac_her_recovery_v3,goal_spoof_immediate,4,0.1,-50.0,0.0,0.11566966393603025,50,0.0660557746887207,0.5159142017364502,1.0,0.0,3489,v3,B3
sac_her_recovery_v3,goal_spoof_immediate,4,0.1,-50.0,0.0,0.09332562651404226,50,0.04255247116088867,0.5267606973648071,1.0,0.0,3490,v3,B3
sac_her_recovery_v3,goal_spoof_immediate,4,0.1,-49.0,1.0,0.12766099992207805,50,0.04480001702904701,0.5762965083122253,1.0,0.0,3491,v3,B3
sac_her_recovery_v3,goal_spoof_immediate,4,0.1,-50.0,0.0,0.13484893355956362,50,0.05762737989425659,0.1977405548095703,1.0,0.0,3492,v3,B3
sac_her_recovery_v3,goal_spoof_immediate,4,0.1,-50.0,0.0,0.05692871780009549,50,0.05247696489095688,0.2914767563343048,1.0,0.0,3493,v3,B3
sac_her_recovery_v3,goal_spoof_immediate,4,0.1,-50.0,0.0,0.13815304783670337,50,0.0736418068408966,0.3235359191894531,1.0,0.0,3494,v3,B3
sac_her_recovery_v3,goal_spoof_immediate,4,0.1,-50.0,0.0,0.1024172971880991,50,0.03815330192446709,0.23318013548851013,1.0,0.0,3495,v3,B3
sac_her_recovery_v3,goal_spoof_immediate,4,0.1,-50.0,0.0,0.11425935214038589,50,0.07905714213848114,0.2423330843448639,1.0,0.0,3496,v3,B3
sac_her_recovery_v3,goal_spoof_immediate,4,0.1,-3.0,1.0,0.03174808100214167,50,0.048539306968450546,0.40172362327575684,1.0,0.0,3497,v3,B3
sac_her_recovery_v3,goal_spoof_immediate,4,0.1,-50.0,0.0,0.11610002319775754,50,0.06660541146993637,0.590481162071228,1.0,0.0,3498,v3,B3
sac_her_recovery_v3,goal_spoof_immediate,4,0.1,-50.0,0.0,0.10629167827708286,50,0.04167410731315613,0.3608056306838989,1.0,0.0,3499,v3,B3
sac_her_recovery_v3,goal_spoof_immediate,4,0.1,-50.0,0.0,0.13573354743121288,50,0.06142599135637283,0.31703439354896545,1.0,0.0,3500,v3,B3
sac_her_recovery_v3,goal_spoof_immediate,4,0.1,-50.0,0.0,0.09363843950613004,50,0.043388932943344116,0.3791603147983551,1.0,0.0,3501,v3,B3
sac_her_recovery_v3,goal_spoof_immediate,4,0.1,-50.0,0.0,0.07984866435250162,50,0.03860205411911011,0.31932532787323,1.0,0.0,3502,v3,B3
sac_her_recovery_v3,goal_spoof_immediate,4,0.1,-48.0,1.0,0.13490554575287925,50,0.050054728984832764,0.6172078251838684,1.0,0.0,3503,v3,B3
sac_her_recovery_v3,goal_spoof_immediate,4,0.1,-50.0,0.0,0.14871822396854134,50,0.16831950843334198,0.6394464373588562,1.0,1.0,3504,v3,B3
sac_her_recovery_v3,goal_spoof_immediate,4,0.1,-50.0,0.0,0.0896930176702131,50,0.04351618513464928,0.3988657295703888,1.0,0.0,3505,v3,B3
sac_her_recovery_v3,goal_spoof_immediate,4,0.1,-50.0,0.0,0.1104857382320476,50,0.05173370614647865,0.18862764537334442,1.0,0.0,3506,v3,B3
sac_her_recovery_v3,goal_spoof_immediate,4,0.1,-49.0,1.0,0.066314848708607,50,0.0712609812617302,0.2696637213230133,1.0,0.0,3507,v3,B3
sac_her_recovery_v3,goal_spoof_immediate,4,0.1,-50.0,0.0,0.1120831114710049,50,0.04523370787501335,0.4921589195728302,1.0,0.0,3508,v3,B3
sac_her_recovery_v3,goal_spoof_immediate,4,0.1,-50.0,0.0,0.11775021912752215,50,0.08040893822908401,0.2865936756134033,1.0,0.0,3509,v3,B3
sac_her,goal_spoof_midep,4,0.1,-32.0,1.0,0.0996345384999633,50,0.13624344766139984,0.5218150615692139,1.0,0.0,3510,none,B1
sac_her,goal_spoof_midep,4,0.1,-32.0,1.0,0.11393294500271683,50,0.13949497044086456,0.5018061399459839,1.0,0.0,3511,none,B1
sac_her,goal_spoof_midep,4,0.1,-3.0,1.0,0.04600100731161673,50,0.10098963230848312,0.4337276220321655,1.0,0.0,3512,none,B1
sac_her,goal_spoof_midep,4,0.1,-33.0,1.0,0.14730613019939104,50,0.14770622551441193,0.5197832584381104,1.0,0.0,3513,none,B1
sac_her,goal_spoof_midep,4,0.1,-32.0,1.0,0.09339768316097584,50,0.13320833444595337,0.5258514881134033,1.0,0.0,3514,none,B1
sac_her,goal_spoof_midep,4,0.1,-32.0,1.0,0.09748215207511977,50,0.1326143890619278,0.5384466648101807,1.0,0.0,3515,none,B1
sac_her,goal_spoof_midep,4,0.1,-32.0,1.0,0.1006912356169604,50,0.1355619728565216,0.4482329189777374,1.0,0.0,3516,none,B1
sac_her,goal_spoof_midep,4,0.1,-32.0,1.0,0.10405603210084584,50,0.13092567026615143,0.31509751081466675,1.0,0.0,3517,none,B1
sac_her,goal_spoof_midep,4,0.1,-33.0,1.0,0.11765734125364258,50,0.13975559175014496,0.374307245016098,1.0,0.0,3518,none,B1
sac_her,goal_spoof_midep,4,0.1,-33.0,1.0,0.10531877361199764,50,0.13870535790920258,0.5371756553649902,1.0,0.0,3519,none,B1
sac_her,goal_spoof_midep,4,0.1,-33.0,1.0,0.10139961487892973,50,0.13028937578201294,0.3421717882156372,1.0,0.0,3520,none,B1
sac_her,goal_spoof_midep,4,0.1,-32.0,1.0,0.10016552015486006,50,0.1405688226222992,0.5194664597511292,1.0,0.0,3521,none,B1
sac_her,goal_spoof_midep,4,0.1,-32.0,1.0,0.1059696161280109,50,0.1387789249420166,0.4743688702583313,1.0,0.0,3522,none,B1
sac_her,goal_spoof_midep,4,0.1,-32.0,1.0,0.06572126672708088,50,0.11037050187587738,0.3955496847629547,1.0,0.0,3523,none,B1
sac_her,goal_spoof_midep,4,0.1,-33.0,1.0,0.13536122156055824,50,0.1485847681760788,0.37864890694618225,1.0,0.0,3524,none,B1
sac_her,goal_spoof_midep,4,0.1,-33.0,1.0,0.08942846774533013,50,0.1307152509689331,0.4031882584095001,1.0,0.0,3525,none,B1
sac_her,goal_spoof_midep,4,0.1,-33.0,1.0,0.09956666050615331,50,0.13367970287799835,0.44281458854675293,1.0,0.0,3526,none,B1
sac_her,goal_spoof_midep,4,0.1,-32.0,1.0,0.1094809624301944,50,0.14228469133377075,0.5244268774986267,1.0,0.0,3527,none,B1
sac_her,goal_spoof_midep,4,0.1,-32.0,1.0,0.07384076584645959,50,0.12827840447425842,0.4633772671222687,1.0,0.0,3528,none,B1
sac_her,goal_spoof_midep,4,0.1,-33.0,1.0,0.09555105277634128,50,0.13740703463554382,0.4619844853878021,1.0,0.0,3529,none,B1
sac_her,goal_spoof_midep,4,0.1,-32.0,1.0,0.0877773776626944,50,0.11921828985214233,0.3820231556892395,1.0,0.0,3530,none,B1
sac_her,goal_spoof_midep,4,0.1,-32.0,1.0,0.06666312720434599,50,0.11951690912246704,0.4548022747039795,1.0,0.0,3531,none,B1
sac_her,goal_spoof_midep,4,0.1,-33.0,1.0,0.1193985123456466,50,0.14390882849693298,0.3443569839000702,1.0,0.0,3532,none,B1
sac_her,goal_spoof_midep,4,0.1,-32.0,1.0,0.1075008579502953,50,0.1388832926750183,0.3219858407974243,1.0,0.0,3533,none,B1
sac_her,goal_spoof_midep,4,0.1,-32.0,1.0,0.09369208314514653,50,0.13769672811031342,0.5123133659362793,1.0,0.0,3534,none,B1
sac_her,goal_spoof_midep,4,0.1,-33.0,1.0,0.12371531959801216,50,0.14258334040641785,0.5580533146858215,1.0,0.0,3535,none,B1
sac_her,goal_spoof_midep,4,0.1,-33.0,1.0,0.1114103762260547,50,0.14292003214359283,0.43589115142822266,1.0,0.0,3536,none,B1
sac_her,goal_spoof_midep,4,0.1,-32.0,1.0,0.1141394263014887,50,0.14019925892353058,0.47127053141593933,1.0,0.0,3537,none,B1
sac_her,goal_spoof_midep,4,0.1,-32.0,1.0,0.06667733331330852,50,0.11044936627149582,0.4755080044269562,1.0,0.0,3538,none,B1
sac_her,goal_spoof_midep,4,0.1,-32.0,1.0,0.07029558374367496,50,0.12006838619709015,0.3627014458179474,1.0,0.0,3539,none,B1
sac_her_recovery_v2,goal_spoof_midep,4,0.1,-32.0,1.0,0.07832049138915163,50,0.12374087423086166,0.410330206155777,1.0,0.0,3540,v2,B2
sac_her_recovery_v2,goal_spoof_midep,4,0.1,-32.0,1.0,0.10572218066539808,50,0.1333426684141159,0.5356846451759338,1.0,0.0,3541,v2,B2
sac_her_recovery_v2,goal_spoof_midep,4,0.1,-33.0,1.0,0.1242708621421555,50,0.1456284373998642,0.3252585232257843,1.0,0.0,3542,v2,B2
sac_her_recovery_v2,goal_spoof_midep,4,0.1,-31.0,1.0,0.05671542983931847,50,0.1062791720032692,0.34583768248558044,1.0,0.0,3543,v2,B2
sac_her_recovery_v2,goal_spoof_midep,4,0.1,-32.0,1.0,0.09100120865811408,50,0.13970501720905304,0.380533903837204,1.0,0.0,3544,v2,B2
sac_her_recovery_v2,goal_spoof_midep,4,0.1,-33.0,1.0,0.12905254733933516,50,0.1417206972837448,0.3489619195461273,1.0,0.0,3545,v2,B2
sac_her_recovery_v2,goal_spoof_midep,4,0.1,-33.0,1.0,0.08504925222977174,50,0.1313127726316452,0.4916220009326935,1.0,0.0,3546,v2,B2
sac_her_recovery_v2,goal_spoof_midep,4,0.1,-32.0,1.0,0.09322528603086043,50,0.1167488768696785,0.42091846466064453,1.0,0.0,3547,v2,B2
sac_her_recovery_v2,goal_spoof_midep,4,0.1,-32.0,1.0,0.11978363462286182,50,0.13052771985530853,0.41396042704582214,1.0,0.0,3548,v2,B2
sac_her_recovery_v2,goal_spoof_midep,4,0.1,-3.0,1.0,0.043616456384895155,50,0.09863722324371338,0.4071630537509918,1.0,0.0,3549,v2,B2
sac_her_recovery_v2,goal_spoof_midep,4,0.1,-32.0,1.0,0.09077096849498352,50,0.12764465808868408,0.42311328649520874,1.0,0.0,3550,v2,B2
sac_her_recovery_v2,goal_spoof_midep,4,0.1,-33.0,1.0,0.11422067416614863,50,0.13200977444648743,0.38057202100753784,1.0,0.0,3551,v2,B2
sac_her_recovery_v2,goal_spoof_midep,4,0.1,-33.0,1.0,0.10733677183911619,50,0.14047649502754211,0.5474926829338074,1.0,0.0,3552,v2,B2
sac_her_recovery_v2,goal_spoof_midep,4,0.1,-33.0,1.0,0.08720051015930624,50,0.1332644522190094,0.3433999717235565,1.0,0.0,3553,v2,B2
sac_her_recovery_v2,goal_spoof_midep,4,0.1,-32.0,1.0,0.07745283920419133,50,0.12821045517921448,0.4495539367198944,1.0,0.0,3554,v2,B2
sac_her_recovery_v2,goal_spoof_midep,4,0.1,-31.0,1.0,0.08367940015057632,50,0.11757959425449371,0.4178723096847534,1.0,0.0,3555,v2,B2
sac_her_recovery_v2,goal_spoof_midep,4,0.1,-31.0,1.0,0.07208236885145572,50,0.11921335756778717,0.5057525634765625,1.0,0.0,3556,v2,B2
sac_her_recovery_v2,goal_spoof_midep,4,0.1,-32.0,1.0,0.12591652735368394,50,0.15428705513477325,0.36565709114074707,1.0,0.0,3557,v2,B2
sac_her_recovery_v2,goal_spoof_midep,4,0.1,-32.0,1.0,0.07223907162982884,50,0.1274302750825882,0.37600094079971313,1.0,0.0,3558,v2,B2
sac_her_recovery_v2,goal_spoof_midep,4,0.1,-33.0,1.0,0.11753197472081907,50,0.13702982664108276,0.528150200843811,1.0,0.0,3559,v2,B2
sac_her_recovery_v2,goal_spoof_midep,4,0.1,-31.0,1.0,0.06652729670513788,50,0.12095801532268524,0.42933255434036255,1.0,0.0,3560,v2,B2
sac_her_recovery_v2,goal_spoof_midep,4,0.1,-32.0,1.0,0.11891190044714639,50,0.1326013207435608,0.5645368695259094,1.0,0.0,3561,v2,B2
sac_her_recovery_v2,goal_spoof_midep,4,0.1,-33.0,1.0,0.11880233886859169,50,0.13661187887191772,0.3587817847728729,1.0,0.0,3562,v2,B2
sac_her_recovery_v2,goal_spoof_midep,4,0.1,-33.0,1.0,0.144909857748355,50,0.14369697868824005,0.5632377862930298,1.0,0.0,3563,v2,B2
sac_her_recovery_v2,goal_spoof_midep,4,0.1,-33.0,1.0,0.11312588026718066,50,0.14056582748889923,0.40378695726394653,1.0,0.0,3564,v2,B2
sac_her_recovery_v2,goal_spoof_midep,4,0.1,-33.0,1.0,0.11413919219434862,50,0.14097291231155396,0.40922558307647705,1.0,0.0,3565,v2,B2
sac_her_recovery_v2,goal_spoof_midep,4,0.1,-33.0,1.0,0.10834704273935106,50,0.12939248979091644,0.44270455837249756,1.0,0.0,3566,v2,B2
sac_her_recovery_v2,goal_spoof_midep,4,0.1,-32.0,1.0,0.10600333925236062,50,0.1374896913766861,0.498173326253891,1.0,0.0,3567,v2,B2
sac_her_recovery_v2,goal_spoof_midep,4,0.1,-32.0,1.0,0.09672497078750601,50,0.1226196214556694,0.38859081268310547,1.0,0.0,3568,v2,B2
sac_her_recovery_v2,goal_spoof_midep,4,0.1,-33.0,1.0,0.11431842081506882,50,0.1441030353307724,0.47565987706184387,1.0,0.0,3569,v2,B2
sac_her_recovery_v3,goal_spoof_midep,4,0.1,-33.0,1.0,0.10488277469202645,50,0.3478253483772278,0.551313579082489,1.0,1.0,3570,v3,B3
sac_her_recovery_v3,goal_spoof_midep,4,0.1,-32.0,1.0,0.07514125525004327,50,0.11967750638723373,0.3313651382923126,1.0,0.0,3571,v3,B3
sac_her_recovery_v3,goal_spoof_midep,4,0.1,-32.0,1.0,0.09700923551796038,50,0.13278469443321228,0.43224427103996277,1.0,0.0,3572,v3,B3
sac_her_recovery_v3,goal_spoof_midep,4,0.1,-32.0,1.0,0.10195179571047966,50,0.13615824282169342,0.35734617710113525,1.0,0.0,3573,v3,B3
sac_her_recovery_v3,goal_spoof_midep,4,0.1,-29.0,1.0,0.05343477492767915,50,0.09960702061653137,0.48755547404289246,1.0,0.0,3574,v3,B3
sac_her_recovery_v3,goal_spoof_midep,4,0.1,-32.0,1.0,0.1037572697158052,50,0.13445839285850525,0.33327412605285645,1.0,0.0,3575,v3,B3
sac_her_recovery_v3,goal_spoof_midep,4,0.1,-33.0,1.0,0.0896456623700381,50,0.12996649742126465,0.3743339478969574,1.0,0.0,3576,v3,B3
sac_her_recovery_v3,goal_spoof_midep,4,0.1,-33.0,1.0,0.10360852873656333,50,0.1402902752161026,0.33648693561553955,1.0,0.0,3577,v3,B3
sac_her_recovery_v3,goal_spoof_midep,4,0.1,-33.0,1.0,0.14322262620904602,50,0.14244630932807922,0.5649270415306091,1.0,0.0,3578,v3,B3
sac_her_recovery_v3,goal_spoof_midep,4,0.1,-33.0,1.0,0.14397218572217513,50,0.1383291780948639,0.35569411516189575,1.0,0.0,3579,v3,B3
sac_her_recovery_v3,goal_spoof_midep,4,0.1,-3.0,1.0,0.030825638762300503,50,0.09702523052692413,0.39728105068206787,1.0,0.0,3580,v3,B3
sac_her_recovery_v3,goal_spoof_midep,4,0.1,-33.0,1.0,0.1370071983568951,50,0.41554561257362366,0.6892803907394409,1.0,1.0,3581,v3,B3
sac_her_recovery_v3,goal_spoof_midep,4,0.1,-32.0,1.0,0.10511327747677311,50,0.12871460616588593,0.406643271446228,1.0,0.0,3582,v3,B3
sac_her_recovery_v3,goal_spoof_midep,4,0.1,-32.0,1.0,0.09238540889879414,50,0.1279907524585724,0.5316919088363647,1.0,0.0,3583,v3,B3
sac_her_recovery_v3,goal_spoof_midep,4,0.1,-32.0,1.0,0.11863478469372905,50,0.15090112388134003,0.3494628965854645,1.0,0.0,3584,v3,B3
sac_her_recovery_v3,goal_spoof_midep,4,0.1,-33.0,1.0,0.1328260407684908,50,0.13866999745368958,0.3349754810333252,1.0,0.0,3585,v3,B3
sac_her_recovery_v3,goal_spoof_midep,4,0.1,-32.0,1.0,0.10395210649694768,50,0.1373899281024933,0.5258307456970215,1.0,0.0,3586,v3,B3
sac_her_recovery_v3,goal_spoof_midep,4,0.1,-31.0,1.0,0.07288066192915996,50,0.12459643185138702,0.4508665204048157,1.0,0.0,3587,v3,B3
sac_her_recovery_v3,goal_spoof_midep,4,0.1,-33.0,1.0,0.1164115461908989,50,0.12977749109268188,0.523527204990387,1.0,0.0,3588,v3,B3
sac_her_recovery_v3,goal_spoof_midep,4,0.1,-33.0,1.0,0.12864625183756992,50,0.14112204313278198,0.5252726674079895,1.0,0.0,3589,v3,B3
sac_her_recovery_v3,goal_spoof_midep,4,0.1,-32.0,1.0,0.09414362693779056,50,0.13184453547000885,0.3260738253593445,1.0,0.0,3590,v3,B3
sac_her_recovery_v3,goal_spoof_midep,4,0.1,-33.0,1.0,0.11022396197546686,50,0.46438145637512207,0.6614941358566284,1.0,1.0,3591,v3,B3
sac_her_recovery_v3,goal_spoof_midep,4,0.1,-32.0,1.0,0.09596833675753207,50,0.1286732405424118,0.5301486849784851,1.0,0.0,3592,v3,B3
sac_her_recovery_v3,goal_spoof_midep,4,0.1,-32.0,1.0,0.11676092646414382,50,0.15020032227039337,0.3378933370113373,1.0,0.0,3593,v3,B3
sac_her_recovery_v3,goal_spoof_midep,4,0.1,-33.0,1.0,0.10194111678495238,50,0.1348557323217392,0.3631417453289032,1.0,0.0,3594,v3,B3
sac_her_recovery_v3,goal_spoof_midep,4,0.1,-32.0,1.0,0.09398000265711526,50,0.11335980147123337,0.47513309121131897,1.0,0.0,3595,v3,B3
sac_her_recovery_v3,goal_spoof_midep,4,0.1,-32.0,1.0,0.07487039537475373,50,0.11792123317718506,0.3755127787590027,1.0,0.0,3596,v3,B3
sac_her_recovery_v3,goal_spoof_midep,4,0.1,-33.0,1.0,0.1268687247598228,50,0.14598819613456726,0.3356582224369049,1.0,0.0,3597,v3,B3
sac_her_recovery_v3,goal_spoof_midep,4,0.1,-32.0,1.0,0.09147193367350183,50,0.13309116661548615,0.44514596462249756,1.0,0.0,3598,v3,B3
sac_her_recovery_v3,goal_spoof_midep,4,0.1,-32.0,1.0,0.12215592424020248,50,0.14436958730220795,0.3234347999095917,1.0,0.0,3599,v3,B3
