method,condition,seed,attack_level,total_reward,success,final_distance,episode_length,action_smoothness,action_magnitude,safety_violation,recovery_used,episode_idx,recovery_version,benchmark_layer,env
sac_her,clean,0,0.0,-12.0,1.0,0.0196744097083744,150,0.0848797634243965,0.991054892539978,0.0,0.0,0,none,B0,sac_her_pickandplace_clean_2M
sac_her,clean,0,0.0,-12.0,1.0,0.0196744097083744,150,0.0848797634243965,0.991054892539978,0.0,0.0,1,none,B0,sac_her_pickandplace_clean_2M
sac_her,clean,0,0.0,-12.0,1.0,0.0196744097083744,150,0.0848797634243965,0.991054892539978,0.0,0.0,2,none,B0,sac_her_pickandplace_clean_2M
sac_her,clean,0,0.0,-12.0,1.0,0.0196744097083744,150,0.0848797634243965,0.991054892539978,0.0,0.0,3,none,B0,sac_her_pickandplace_clean_2M
sac_her,clean,0,0.0,-12.0,1.0,0.0196744097083744,150,0.0848797634243965,0.991054892539978,0.0,0.0,4,none,B0,sac_her_pickandplace_clean_2M
sac_her,clean,0,0.0,-12.0,1.0,0.0196744097083744,150,0.0848797634243965,0.991054892539978,0.0,0.0,5,none,B0,sac_her_pickandplace_clean_2M
sac_her,clean,0,0.0,-12.0,1.0,0.0196744097083744,150,0.0848797634243965,0.991054892539978,0.0,0.0,6,none,B0,sac_her_pickandplace_clean_2M
sac_her,clean,0,0.0,-12.0,1.0,0.0196744097083744,150,0.0848797634243965,0.991054892539978,0.0,0.0,7,none,B0,sac_her_pickandplace_clean_2M
sac_her,clean,0,0.0,-12.0,1.0,0.0196744097083744,150,0.0848797634243965,0.991054892539978,0.0,0.0,8,none,B0,sac_her_pickandplace_clean_2M
sac_her,clean,0,0.0,-12.0,1.0,0.0196744097083744,150,0.0848797634243965,0.991054892539978,0.0,0.0,9,none,B0,sac_her_pickandplace_clean_2M
sac_her,clean,0,0.0,-12.0,1.0,0.0196744097083744,150,0.0848797634243965,0.991054892539978,0.0,0.0,10,none,B0,sac_her_pickandplace_clean_2M
sac_her,clean,0,0.0,-12.0,1.0,0.0196744097083744,150,0.0848797634243965,0.991054892539978,0.0,0.0,11,none,B0,sac_her_pickandplace_clean_2M
sac_her,clean,0,0.0,-12.0,1.0,0.0196744097083744,150,0.0848797634243965,0.991054892539978,0.0,0.0,12,none,B0,sac_her_pickandplace_clean_2M
sac_her,clean,0,0.0,-12.0,1.0,0.0196744097083744,150,0.0848797634243965,0.991054892539978,0.0,0.0,13,none,B0,sac_her_pickandplace_clean_2M
sac_her,clean,0,0.0,-12.0,1.0,0.0196744097083744,150,0.0848797634243965,0.991054892539978,0.0,0.0,14,none,B0,sac_her_pickandplace_clean_2M
sac_her,clean,0,0.0,-12.0,1.0,0.0196744097083744,150,0.0848797634243965,0.991054892539978,0.0,0.0,15,none,B0,sac_her_pickandplace_clean_2M
sac_her,clean,0,0.0,-12.0,1.0,0.0196744097083744,150,0.0848797634243965,0.991054892539978,0.0,0.0,16,none,B0,sac_her_pickandplace_clean_2M
sac_her,clean,0,0.0,-12.0,1.0,0.0196744097083744,150,0.0848797634243965,0.991054892539978,0.0,0.0,17,none,B0,sac_her_pickandplace_clean_2M
sac_her,clean,0,0.0,-12.0,1.0,0.0196744097083744,150,0.0848797634243965,0.991054892539978,0.0,0.0,18,none,B0,sac_her_pickandplace_clean_2M
sac_her,clean,0,0.0,-12.0,1.0,0.0196744097083744,150,0.0848797634243965,0.991054892539978,0.0,0.0,19,none,B0,sac_her_pickandplace_clean_2M
sac_her,clean,0,0.0,-12.0,1.0,0.0196744097083744,150,0.0848797634243965,0.991054892539978,0.0,0.0,20,none,B0,sac_her_pickandplace_clean_2M
sac_her,clean,0,0.0,-12.0,1.0,0.0196744097083744,150,0.0848797634243965,0.991054892539978,0.0,0.0,21,none,B0,sac_her_pickandplace_clean_2M
sac_her,clean,0,0.0,-12.0,1.0,0.0196744097083744,150,0.0848797634243965,0.991054892539978,0.0,0.0,22,none,B0,sac_her_pickandplace_clean_2M
sac_her,clean,0,0.0,-12.0,1.0,0.0196744097083744,150,0.0848797634243965,0.991054892539978,0.0,0.0,23,none,B0,sac_her_pickandplace_clean_2M
sac_her,clean,0,0.0,-12.0,1.0,0.0196744097083744,150,0.0848797634243965,0.991054892539978,0.0,0.0,24,none,B0,sac_her_pickandplace_clean_2M
sac_her,clean,0,0.0,-12.0,1.0,0.0196744097083744,150,0.0848797634243965,0.991054892539978,0.0,0.0,25,none,B0,sac_her_pickandplace_clean_2M
sac_her,clean,0,0.0,-12.0,1.0,0.0196744097083744,150,0.0848797634243965,0.991054892539978,0.0,0.0,26,none,B0,sac_her_pickandplace_clean_2M
sac_her,clean,0,0.0,-12.0,1.0,0.0196744097083744,150,0.0848797634243965,0.991054892539978,0.0,0.0,27,none,B0,sac_her_pickandplace_clean_2M
sac_her,clean,0,0.0,-12.0,1.0,0.0196744097083744,150,0.0848797634243965,0.991054892539978,0.0,0.0,28,none,B0,sac_her_pickandplace_clean_2M
sac_her,clean,0,0.0,-12.0,1.0,0.0196744097083744,150,0.0848797634243965,0.991054892539978,0.0,0.0,29,none,B0,sac_her_pickandplace_clean_2M
sac_her_recovery_v2,clean,0,0.0,-12.0,1.0,0.0196744097083744,150,0.0848797634243965,0.991054892539978,0.0,0.0,30,v2,B2,sac_her_pickandplace_clean_2M
sac_her_recovery_v2,clean,0,0.0,-12.0,1.0,0.0196744097083744,150,0.0848797634243965,0.991054892539978,0.0,0.0,31,v2,B2,sac_her_pickandplace_clean_2M
sac_her_recovery_v2,clean,0,0.0,-12.0,1.0,0.0196744097083744,150,0.0848797634243965,0.991054892539978,0.0,0.0,32,v2,B2,sac_her_pickandplace_clean_2M
sac_her_recovery_v2,clean,0,0.0,-12.0,1.0,0.0196744097083744,150,0.0848797634243965,0.991054892539978,0.0,0.0,33,v2,B2,sac_her_pickandplace_clean_2M
sac_her_recovery_v2,clean,0,0.0,-12.0,1.0,0.0196744097083744,150,0.0848797634243965,0.991054892539978,0.0,0.0,34,v2,B2,sac_her_pickandplace_clean_2M
sac_her_recovery_v2,clean,0,0.0,-12.0,1.0,0.0196744097083744,150,0.0848797634243965,0.991054892539978,0.0,0.0,35,v2,B2,sac_her_pickandplace_clean_2M
sac_her_recovery_v2,clean,0,0.0,-12.0,1.0,0.0196744097083744,150,0.0848797634243965,0.991054892539978,0.0,0.0,36,v2,B2,sac_her_pickandplace_clean_2M
sac_her_recovery_v2,clean,0,0.0,-12.0,1.0,0.0196744097083744,150,0.0848797634243965,0.991054892539978,0.0,0.0,37,v2,B2,sac_her_pickandplace_clean_2M
sac_her_recovery_v2,clean,0,0.0,-12.0,1.0,0.0196744097083744,150,0.0848797634243965,0.991054892539978,0.0,0.0,38,v2,B2,sac_her_pickandplace_clean_2M
sac_her_recovery_v2,clean,0,0.0,-12.0,1.0,0.0196744097083744,150,0.0848797634243965,0.991054892539978,0.0,0.0,39,v2,B2,sac_her_pickandplace_clean_2M
sac_her_recovery_v2,clean,0,0.0,-12.0,1.0,0.0196744097083744,150,0.0848797634243965,0.991054892539978,0.0,0.0,40,v2,B2,sac_her_pickandplace_clean_2M
sac_her_recovery_v2,clean,0,0.0,-12.0,1.0,0.0196744097083744,150,0.0848797634243965,0.991054892539978,0.0,0.0,41,v2,B2,sac_her_pickandplace_clean_2M
sac_her_recovery_v2,clean,0,0.0,-12.0,1.0,0.0196744097083744,150,0.0848797634243965,0.991054892539978,0.0,0.0,42,v2,B2,sac_her_pickandplace_clean_2M
sac_her_recovery_v2,clean,0,0.0,-12.0,1.0,0.0196744097083744,150,0.0848797634243965,0.991054892539978,0.0,0.0,43,v2,B2,sac_her_pickandplace_clean_2M
sac_her_recovery_v2,clean,0,0.0,-12.0,1.0,0.0196744097083744,150,0.0848797634243965,0.991054892539978,0.0,0.0,44,v2,B2,sac_her_pickandplace_clean_2M
sac_her_recovery_v2,clean,0,0.0,-12.0,1.0,0.0196744097083744,150,0.0848797634243965,0.991054892539978,0.0,0.0,45,v2,B2,sac_her_pickandplace_clean_2M
sac_her_recovery_v2,clean,0,0.0,-12.0,1.0,0.0196744097083744,150,0.0848797634243965,0.991054892539978,0.0,0.0,46,v2,B2,sac_her_pickandplace_clean_2M
sac_her_recovery_v2,clean,0,0.0,-12.0,1.0,0.0196744097083744,150,0.0848797634243965,0.991054892539978,0.0,0.0,47,v2,B2,sac_her_pickandplace_clean_2M
sac_her_recovery_v2,clean,0,0.0,-12.0,1.0,0.0196744097083744,150,0.0848797634243965,0.991054892539978,0.0,0.0,48,v2,B2,sac_her_pickandplace_clean_2M
sac_her_recovery_v2,clean,0,0.0,-12.0,1.0,0.0196744097083744,150,0.0848797634243965,0.991054892539978,0.0,0.0,49,v2,B2,sac_her_pickandplace_clean_2M
sac_her_recovery_v2,clean,0,0.0,-12.0,1.0,0.0196744097083744,150,0.0848797634243965,0.991054892539978,0.0,0.0,50,v2,B2,sac_her_pickandplace_clean_2M
sac_her_recovery_v2,clean,0,0.0,-12.0,1.0,0.0196744097083744,150,0.0848797634243965,0.991054892539978,0.0,0.0,51,v2,B2,sac_her_pickandplace_clean_2M
sac_her_recovery_v2,clean,0,0.0,-12.0,1.0,0.0196744097083744,150,0.0848797634243965,0.991054892539978,0.0,0.0,52,v2,B2,sac_her_pickandplace_clean_2M
sac_her_recovery_v2,clean,0,0.0,-12.0,1.0,0.0196744097083744,150,0.0848797634243965,0.991054892539978,0.0,0.0,53,v2,B2,sac_her_pickandplace_clean_2M
sac_her_recovery_v2,clean,0,0.0,-12.0,1.0,0.0196744097083744,150,0.0848797634243965,0.991054892539978,0.0,0.0,54,v2,B2,sac_her_pickandplace_clean_2M
sac_her_recovery_v2,clean,0,0.0,-12.0,1.0,0.0196744097083744,150,0.0848797634243965,0.991054892539978,0.0,0.0,55,v2,B2,sac_her_pickandplace_clean_2M
sac_her_recovery_v2,clean,0,0.0,-12.0,1.0,0.0196744097083744,150,0.0848797634243965,0.991054892539978,0.0,0.0,56,v2,B2,sac_her_pickandplace_clean_2M
sac_her_recovery_v2,clean,0,0.0,-12.0,1.0,0.0196744097083744,150,0.0848797634243965,0.991054892539978,0.0,0.0,57,v2,B2,sac_her_pickandplace_clean_2M
sac_her_recovery_v2,clean,0,0.0,-12.0,1.0,0.0196744097083744,150,0.0848797634243965,0.991054892539978,0.0,0.0,58,v2,B2,sac_her_pickandplace_clean_2M
sac_her_recovery_v2,clean,0,0.0,-12.0,1.0,0.0196744097083744,150,0.0848797634243965,0.991054892539978,0.0,0.0,59,v2,B2,sac_her_pickandplace_clean_2M
sac_her_recovery_v3,clean,0,0.0,-12.0,1.0,0.0196744097083744,150,0.0848797634243965,0.991054892539978,0.0,0.0,60,v3,B3,sac_her_pickandplace_clean_2M
sac_her_recovery_v3,clean,0,0.0,-12.0,1.0,0.0196744097083744,150,0.0848797634243965,0.991054892539978,0.0,0.0,61,v3,B3,sac_her_pickandplace_clean_2M
sac_her_recovery_v3,clean,0,0.0,-12.0,1.0,0.0196744097083744,150,0.0848797634243965,0.991054892539978,0.0,0.0,62,v3,B3,sac_her_pickandplace_clean_2M
sac_her_recovery_v3,clean,0,0.0,-12.0,1.0,0.0196744097083744,150,0.0848797634243965,0.991054892539978,0.0,0.0,63,v3,B3,sac_her_pickandplace_clean_2M
sac_her_recovery_v3,clean,0,0.0,-12.0,1.0,0.0196744097083744,150,0.0848797634243965,0.991054892539978,0.0,0.0,64,v3,B3,sac_her_pickandplace_clean_2M
sac_her_recovery_v3,clean,0,0.0,-12.0,1.0,0.0196744097083744,150,0.0848797634243965,0.991054892539978,0.0,0.0,65,v3,B3,sac_her_pickandplace_clean_2M
sac_her_recovery_v3,clean,0,0.0,-12.0,1.0,0.0196744097083744,150,0.0848797634243965,0.991054892539978,0.0,0.0,66,v3,B3,sac_her_pickandplace_clean_2M
sac_her_recovery_v3,clean,0,0.0,-12.0,1.0,0.0196744097083744,150,0.0848797634243965,0.991054892539978,0.0,0.0,67,v3,B3,sac_her_pickandplace_clean_2M
sac_her_recovery_v3,clean,0,0.0,-12.0,1.0,0.0196744097083744,150,0.0848797634243965,0.991054892539978,0.0,0.0,68,v3,B3,sac_her_pickandplace_clean_2M
sac_her_recovery_v3,clean,0,0.0,-12.0,1.0,0.0196744097083744,150,0.0848797634243965,0.991054892539978,0.0,0.0,69,v3,B3,sac_her_pickandplace_clean_2M
sac_her_recovery_v3,clean,0,0.0,-12.0,1.0,0.0196744097083744,150,0.0848797634243965,0.991054892539978,0.0,0.0,70,v3,B3,sac_her_pickandplace_clean_2M
sac_her_recovery_v3,clean,0,0.0,-12.0,1.0,0.0196744097083744,150,0.0848797634243965,0.991054892539978,0.0,0.0,71,v3,B3,sac_her_pickandplace_clean_2M
sac_her_recovery_v3,clean,0,0.0,-12.0,1.0,0.0196744097083744,150,0.0848797634243965,0.991054892539978,0.0,0.0,72,v3,B3,sac_her_pickandplace_clean_2M
sac_her_recovery_v3,clean,0,0.0,-12.0,1.0,0.0196744097083744,150,0.0848797634243965,0.991054892539978,0.0,0.0,73,v3,B3,sac_her_pickandplace_clean_2M
sac_her_recovery_v3,clean,0,0.0,-12.0,1.0,0.0196744097083744,150,0.0848797634243965,0.991054892539978,0.0,0.0,74,v3,B3,sac_her_pickandplace_clean_2M
sac_her_recovery_v3,clean,0,0.0,-12.0,1.0,0.0196744097083744,150,0.0848797634243965,0.991054892539978,0.0,0.0,75,v3,B3,sac_her_pickandplace_clean_2M
sac_her_recovery_v3,clean,0,0.0,-12.0,1.0,0.0196744097083744,150,0.0848797634243965,0.991054892539978,0.0,0.0,76,v3,B3,sac_her_pickandplace_clean_2M
sac_her_recovery_v3,clean,0,0.0,-12.0,1.0,0.0196744097083744,150,0.0848797634243965,0.991054892539978,0.0,0.0,77,v3,B3,sac_her_pickandplace_clean_2M
sac_her_recovery_v3,clean,0,0.0,-12.0,1.0,0.0196744097083744,150,0.0848797634243965,0.991054892539978,0.0,0.0,78,v3,B3,sac_her_pickandplace_clean_2M
sac_her_recovery_v3,clean,0,0.0,-12.0,1.0,0.0196744097083744,150,0.0848797634243965,0.991054892539978,0.0,0.0,79,v3,B3,sac_her_pickandplace_clean_2M
sac_her_recovery_v3,clean,0,0.0,-12.0,1.0,0.0196744097083744,150,0.0848797634243965,0.991054892539978,0.0,0.0,80,v3,B3,sac_her_pickandplace_clean_2M
sac_her_recovery_v3,clean,0,0.0,-12.0,1.0,0.0196744097083744,150,0.0848797634243965,0.991054892539978,0.0,0.0,81,v3,B3,sac_her_pickandplace_clean_2M
sac_her_recovery_v3,clean,0,0.0,-12.0,1.0,0.0196744097083744,150,0.0848797634243965,0.991054892539978,0.0,0.0,82,v3,B3,sac_her_pickandplace_clean_2M
sac_her_recovery_v3,clean,0,0.0,-12.0,1.0,0.0196744097083744,150,0.0848797634243965,0.991054892539978,0.0,0.0,83,v3,B3,sac_her_pickandplace_clean_2M
sac_her_recovery_v3,clean,0,0.0,-12.0,1.0,0.0196744097083744,150,0.0848797634243965,0.991054892539978,0.0,0.0,84,v3,B3,sac_her_pickandplace_clean_2M
sac_her_recovery_v3,clean,0,0.0,-12.0,1.0,0.0196744097083744,150,0.0848797634243965,0.991054892539978,0.0,0.0,85,v3,B3,sac_her_pickandplace_clean_2M
sac_her_recovery_v3,clean,0,0.0,-12.0,1.0,0.0196744097083744,150,0.0848797634243965,0.991054892539978,0.0,0.0,86,v3,B3,sac_her_pickandplace_clean_2M
sac_her_recovery_v3,clean,0,0.0,-12.0,1.0,0.0196744097083744,150,0.0848797634243965,0.991054892539978,0.0,0.0,87,v3,B3,sac_her_pickandplace_clean_2M
sac_her_recovery_v3,clean,0,0.0,-12.0,1.0,0.0196744097083744,150,0.0848797634243965,0.991054892539978,0.0,0.0,88,v3,B3,sac_her_pickandplace_clean_2M
sac_her_recovery_v3,clean,0,0.0,-12.0,1.0,0.0196744097083744,150,0.0848797634243965,0.991054892539978,0.0,0.0,89,v3,B3,sac_her_pickandplace_clean_2M
sac_her,sensor_dropout,0,0.0,-150.0,0.0,0.3549225360528287,150,1.1314590375732791e-09,1.600849986076355,0.0,0.0,90,none,B1,sac_her_pickandplace_clean_2M
sac_her,sensor_dropout,0,0.0,-150.0,0.0,0.3549225360528287,150,1.1314590375732791e-09,1.600849986076355,0.0,0.0,91,none,B1,sac_her_pickandplace_clean_2M
sac_her,sensor_dropout,0,0.0,-150.0,0.0,0.3549225360528287,150,1.1314590375732791e-09,1.600849986076355,0.0,0.0,92,none,B1,sac_her_pickandplace_clean_2M
sac_her,sensor_dropout,0,0.0,-150.0,0.0,0.3549225360528287,150,1.1314590375732791e-09,1.600849986076355,0.0,0.0,93,none,B1,sac_her_pickandplace_clean_2M
sac_her,sensor_dropout,0,0.0,-150.0,0.0,0.3549225360528287,150,1.1314590375732791e-09,1.600849986076355,0.0,0.0,94,none,B1,sac_her_pickandplace_clean_2M
sac_her,sensor_dropout,0,0.0,-150.0,0.0,0.3549225360528287,150,1.1314590375732791e-09,1.600849986076355,0.0,0.0,95,none,B1,sac_her_pickandplace_clean_2M
sac_her,sensor_dropout,0,0.0,-150.0,0.0,0.3549225360528287,150,1.1314590375732791e-09,1.600849986076355,0.0,0.0,96,none,B1,sac_her_pickandplace_clean_2M
sac_her,sensor_dropout,0,0.0,-150.0,0.0,0.3549225360528287,150,1.1314590375732791e-09,1.600849986076355,0.0,0.0,97,none,B1,sac_her_pickandplace_clean_2M
sac_her,sensor_dropout,0,0.0,-150.0,0.0,0.3549225360528287,150,1.1314590375732791e-09,1.600849986076355,0.0,0.0,98,none,B1,sac_her_pickandplace_clean_2M
sac_her,sensor_dropout,0,0.0,-150.0,0.0,0.3549225360528287,150,1.1314590375732791e-09,1.600849986076355,0.0,0.0,99,none,B1,sac_her_pickandplace_clean_2M
sac_her,sensor_dropout,0,0.0,-150.0,0.0,0.3549225360528287,150,1.1314590375732791e-09,1.600849986076355,0.0,0.0,100,none,B1,sac_her_pickandplace_clean_2M
sac_her,sensor_dropout,0,0.0,-150.0,0.0,0.3549225360528287,150,1.1314590375732791e-09,1.600849986076355,0.0,0.0,101,none,B1,sac_her_pickandplace_clean_2M
sac_her,sensor_dropout,0,0.0,-150.0,0.0,0.3549225360528287,150,1.1314590375732791e-09,1.600849986076355,0.0,0.0,102,none,B1,sac_her_pickandplace_clean_2M
sac_her,sensor_dropout,0,0.0,-150.0,0.0,0.3549225360528287,150,1.1314590375732791e-09,1.600849986076355,0.0,0.0,103,none,B1,sac_her_pickandplace_clean_2M
sac_her,sensor_dropout,0,0.0,-150.0,0.0,0.3549225360528287,150,1.1314590375732791e-09,1.600849986076355,0.0,0.0,104,none,B1,sac_her_pickandplace_clean_2M
sac_her,sensor_dropout,0,0.0,-150.0,0.0,0.3549225360528287,150,1.1314590375732791e-09,1.600849986076355,0.0,0.0,105,none,B1,sac_her_pickandplace_clean_2M
sac_her,sensor_dropout,0,0.0,-150.0,0.0,0.3549225360528287,150,1.1314590375732791e-09,1.600849986076355,0.0,0.0,106,none,B1,sac_her_pickandplace_clean_2M
sac_her,sensor_dropout,0,0.0,-150.0,0.0,0.3549225360528287,150,1.1314590375732791e-09,1.600849986076355,0.0,0.0,107,none,B1,sac_her_pickandplace_clean_2M
sac_her,sensor_dropout,0,0.0,-150.0,0.0,0.3549225360528287,150,1.1314590375732791e-09,1.600849986076355,0.0,0.0,108,none,B1,sac_her_pickandplace_clean_2M
sac_her,sensor_dropout,0,0.0,-150.0,0.0,0.3549225360528287,150,1.1314590375732791e-09,1.600849986076355,0.0,0.0,109,none,B1,sac_her_pickandplace_clean_2M
sac_her,sensor_dropout,0,0.0,-150.0,0.0,0.3549225360528287,150,1.1314590375732791e-09,1.600849986076355,0.0,0.0,110,none,B1,sac_her_pickandplace_clean_2M
sac_her,sensor_dropout,0,0.0,-150.0,0.0,0.3549225360528287,150,1.1314590375732791e-09,1.600849986076355,0.0,0.0,111,none,B1,sac_her_pickandplace_clean_2M
sac_her,sensor_dropout,0,0.0,-150.0,0.0,0.3549225360528287,150,1.1314590375732791e-09,1.600849986076355,0.0,0.0,112,none,B1,sac_her_pickandplace_clean_2M
sac_her,sensor_dropout,0,0.0,-150.0,0.0,0.3549225360528287,150,1.1314590375732791e-09,1.600849986076355,0.0,0.0,113,none,B1,sac_her_pickandplace_clean_2M
sac_her,sensor_dropout,0,0.0,-150.0,0.0,0.3549225360528287,150,1.1314590375732791e-09,1.600849986076355,0.0,0.0,114,none,B1,sac_her_pickandplace_clean_2M
sac_her,sensor_dropout,0,0.0,-150.0,0.0,0.3549225360528287,150,1.1314590375732791e-09,1.600849986076355,0.0,0.0,115,none,B1,sac_her_pickandplace_clean_2M
sac_her,sensor_dropout,0,0.0,-150.0,0.0,0.3549225360528287,150,1.1314590375732791e-09,1.600849986076355,0.0,0.0,116,none,B1,sac_her_pickandplace_clean_2M
sac_her,sensor_dropout,0,0.0,-150.0,0.0,0.3549225360528287,150,1.1314590375732791e-09,1.600849986076355,0.0,0.0,117,none,B1,sac_her_pickandplace_clean_2M
sac_her,sensor_dropout,0,0.0,-150.0,0.0,0.3549225360528287,150,1.1314590375732791e-09,1.600849986076355,0.0,0.0,118,none,B1,sac_her_pickandplace_clean_2M
sac_her,sensor_dropout,0,0.0,-150.0,0.0,0.3549225360528287,150,1.1314590375732791e-09,1.600849986076355,0.0,0.0,119,none,B1,sac_her_pickandplace_clean_2M
sac_her_recovery_v2,sensor_dropout,0,0.0,-150.0,0.0,0.3549225360528287,150,0.0274677406996488,1.599605679512024,0.0,1.0,120,v2,B2,sac_her_pickandplace_clean_2M
sac_her_recovery_v2,sensor_dropout,0,0.0,-150.0,0.0,0.3549225360528287,150,0.0274677406996488,1.599605679512024,0.0,1.0,121,v2,B2,sac_her_pickandplace_clean_2M
sac_her_recovery_v2,sensor_dropout,0,0.0,-150.0,0.0,0.3549225360528287,150,0.0274677406996488,1.599605679512024,0.0,1.0,122,v2,B2,sac_her_pickandplace_clean_2M
sac_her_recovery_v2,sensor_dropout,0,0.0,-150.0,0.0,0.3549225360528287,150,0.0274677406996488,1.599605679512024,0.0,1.0,123,v2,B2,sac_her_pickandplace_clean_2M
sac_her_recovery_v2,sensor_dropout,0,0.0,-150.0,0.0,0.3549225360528287,150,0.0274677406996488,1.599605679512024,0.0,1.0,124,v2,B2,sac_her_pickandplace_clean_2M
sac_her_recovery_v2,sensor_dropout,0,0.0,-150.0,0.0,0.3549225360528287,150,0.0274677406996488,1.599605679512024,0.0,1.0,125,v2,B2,sac_her_pickandplace_clean_2M
sac_her_recovery_v2,sensor_dropout,0,0.0,-150.0,0.0,0.3549225360528287,150,0.0274677406996488,1.599605679512024,0.0,1.0,126,v2,B2,sac_her_pickandplace_clean_2M
sac_her_recovery_v2,sensor_dropout,0,0.0,-150.0,0.0,0.3549225360528287,150,0.0274677406996488,1.599605679512024,0.0,1.0,127,v2,B2,sac_her_pickandplace_clean_2M
sac_her_recovery_v2,sensor_dropout,0,0.0,-150.0,0.0,0.3549225360528287,150,0.0274677406996488,1.599605679512024,0.0,1.0,128,v2,B2,sac_her_pickandplace_clean_2M
sac_her_recovery_v2,sensor_dropout,0,0.0,-150.0,0.0,0.3549225360528287,150,0.0274677406996488,1.599605679512024,0.0,1.0,129,v2,B2,sac_her_pickandplace_clean_2M
sac_her_recovery_v2,sensor_dropout,0,0.0,-150.0,0.0,0.3549225360528287,150,0.0274677406996488,1.599605679512024,0.0,1.0,130,v2,B2,sac_her_pickandplace_clean_2M
sac_her_recovery_v2,sensor_dropout,0,0.0,-150.0,0.0,0.3549225360528287,150,0.0274677406996488,1.599605679512024,0.0,1.0,131,v2,B2,sac_her_pickandplace_clean_2M
sac_her_recovery_v2,sensor_dropout,0,0.0,-150.0,0.0,0.3549225360528287,150,0.0274677406996488,1.599605679512024,0.0,1.0,132,v2,B2,sac_her_pickandplace_clean_2M
sac_her_recovery_v2,sensor_dropout,0,0.0,-150.0,0.0,0.3549225360528287,150,0.0274677406996488,1.599605679512024,0.0,1.0,133,v2,B2,sac_her_pickandplace_clean_2M
sac_her_recovery_v2,sensor_dropout,0,0.0,-150.0,0.0,0.3549225360528287,150,0.0274677406996488,1.599605679512024,0.0,1.0,134,v2,B2,sac_her_pickandplace_clean_2M
sac_her_recovery_v2,sensor_dropout,0,0.0,-150.0,0.0,0.3549225360528287,150,0.0274677406996488,1.599605679512024,0.0,1.0,135,v2,B2,sac_her_pickandplace_clean_2M
sac_her_recovery_v2,sensor_dropout,0,0.0,-150.0,0.0,0.3549225360528287,150,0.0274677406996488,1.599605679512024,0.0,1.0,136,v2,B2,sac_her_pickandplace_clean_2M
sac_her_recovery_v2,sensor_dropout,0,0.0,-150.0,0.0,0.3549225360528287,150,0.0274677406996488,1.599605679512024,0.0,1.0,137,v2,B2,sac_her_pickandplace_clean_2M
sac_her_recovery_v2,sensor_dropout,0,0.0,-150.0,0.0,0.3549225360528287,150,0.0274677406996488,1.599605679512024,0.0,1.0,138,v2,B2,sac_her_pickandplace_clean_2M
sac_her_recovery_v2,sensor_dropout,0,0.0,-150.0,0.0,0.3549225360528287,150,0.0274677406996488,1.599605679512024,0.0,1.0,139,v2,B2,sac_her_pickandplace_clean_2M
sac_her_recovery_v2,sensor_dropout,0,0.0,-150.0,0.0,0.3549225360528287,150,0.0274677406996488,1.599605679512024,0.0,1.0,140,v2,B2,sac_her_pickandplace_clean_2M
sac_her_recovery_v2,sensor_dropout,0,0.0,-150.0,0.0,0.3549225360528287,150,0.0274677406996488,1.599605679512024,0.0,1.0,141,v2,B2,sac_her_pickandplace_clean_2M
sac_her_recovery_v2,sensor_dropout,0,0.0,-150.0,0.0,0.3549225360528287,150,0.0274677406996488,1.599605679512024,0.0,1.0,142,v2,B2,sac_her_pickandplace_clean_2M
sac_her_recovery_v2,sensor_dropout,0,0.0,-150.0,0.0,0.3549225360528287,150,0.0274677406996488,1.599605679512024,0.0,1.0,143,v2,B2,sac_her_pickandplace_clean_2M
sac_her_recovery_v2,sensor_dropout,0,0.0,-150.0,0.0,0.3549225360528287,150,0.0274677406996488,1.599605679512024,0.0,1.0,144,v2,B2,sac_her_pickandplace_clean_2M
sac_her_recovery_v2,sensor_dropout,0,0.0,-150.0,0.0,0.3549225360528287,150,0.0274677406996488,1.599605679512024,0.0,1.0,145,v2,B2,sac_her_pickandplace_clean_2M
sac_her_recovery_v2,sensor_dropout,0,0.0,-150.0,0.0,0.3549225360528287,150,0.0274677406996488,1.599605679512024,0.0,1.0,146,v2,B2,sac_her_pickandplace_clean_2M
sac_her_recovery_v2,sensor_dropout,0,0.0,-150.0,0.0,0.3549225360528287,150,0.0274677406996488,1.599605679512024,0.0,1.0,147,v2,B2,sac_her_pickandplace_clean_2M
sac_her_recovery_v2,sensor_dropout,0,0.0,-150.0,0.0,0.3549225360528287,150,0.0274677406996488,1.599605679512024,0.0,1.0,148,v2,B2,sac_her_pickandplace_clean_2M
sac_her_recovery_v2,sensor_dropout,0,0.0,-150.0,0.0,0.3549225360528287,150,0.0274677406996488,1.599605679512024,0.0,1.0,149,v2,B2,sac_her_pickandplace_clean_2M
sac_her_recovery_v3,sensor_dropout,0,0.0,-150.0,0.0,0.3549225360528287,150,0.0274677406996488,1.5884076356887815,0.0,1.0,150,v3,B3,sac_her_pickandplace_clean_2M
sac_her_recovery_v3,sensor_dropout,0,0.0,-150.0,0.0,0.3549225360528287,150,0.0274677406996488,1.5884076356887815,0.0,1.0,151,v3,B3,sac_her_pickandplace_clean_2M
sac_her_recovery_v3,sensor_dropout,0,0.0,-150.0,0.0,0.3549225360528287,150,0.0274677406996488,1.5884076356887815,0.0,1.0,152,v3,B3,sac_her_pickandplace_clean_2M
sac_her_recovery_v3,sensor_dropout,0,0.0,-150.0,0.0,0.3549225360528287,150,0.0274677406996488,1.5884076356887815,0.0,1.0,153,v3,B3,sac_her_pickandplace_clean_2M
sac_her_recovery_v3,sensor_dropout,0,0.0,-150.0,0.0,0.3549225360528287,150,0.0274677406996488,1.5884076356887815,0.0,1.0,154,v3,B3,sac_her_pickandplace_clean_2M
sac_her_recovery_v3,sensor_dropout,0,0.0,-150.0,0.0,0.3549225360528287,150,0.0274677406996488,1.5884076356887815,0.0,1.0,155,v3,B3,sac_her_pickandplace_clean_2M
sac_her_recovery_v3,sensor_dropout,0,0.0,-150.0,0.0,0.3549225360528287,150,0.0274677406996488,1.5884076356887815,0.0,1.0,156,v3,B3,sac_her_pickandplace_clean_2M
sac_her_recovery_v3,sensor_dropout,0,0.0,-150.0,0.0,0.3549225360528287,150,0.0274677406996488,1.5884076356887815,0.0,1.0,157,v3,B3,sac_her_pickandplace_clean_2M
sac_her_recovery_v3,sensor_dropout,0,0.0,-150.0,0.0,0.3549225360528287,150,0.0274677406996488,1.5884076356887815,0.0,1.0,158,v3,B3,sac_her_pickandplace_clean_2M
sac_her_recovery_v3,sensor_dropout,0,0.0,-150.0,0.0,0.3549225360528287,150,0.0274677406996488,1.5884076356887815,0.0,1.0,159,v3,B3,sac_her_pickandplace_clean_2M
sac_her_recovery_v3,sensor_dropout,0,0.0,-150.0,0.0,0.3549225360528287,150,0.0274677406996488,1.5884076356887815,0.0,1.0,160,v3,B3,sac_her_pickandplace_clean_2M
sac_her_recovery_v3,sensor_dropout,0,0.0,-150.0,0.0,0.3549225360528287,150,0.0274677406996488,1.5884076356887815,0.0,1.0,161,v3,B3,sac_her_pickandplace_clean_2M
sac_her_recovery_v3,sensor_dropout,0,0.0,-150.0,0.0,0.3549225360528287,150,0.0274677406996488,1.5884076356887815,0.0,1.0,162,v3,B3,sac_her_pickandplace_clean_2M
sac_her_recovery_v3,sensor_dropout,0,0.0,-150.0,0.0,0.3549225360528287,150,0.0274677406996488,1.5884076356887815,0.0,1.0,163,v3,B3,sac_her_pickandplace_clean_2M
sac_her_recovery_v3,sensor_dropout,0,0.0,-150.0,0.0,0.3549225360528287,150,0.0274677406996488,1.5884076356887815,0.0,1.0,164,v3,B3,sac_her_pickandplace_clean_2M
sac_her_recovery_v3,sensor_dropout,0,0.0,-150.0,0.0,0.3549225360528287,150,0.0274677406996488,1.5884076356887815,0.0,1.0,165,v3,B3,sac_her_pickandplace_clean_2M
sac_her_recovery_v3,sensor_dropout,0,0.0,-150.0,0.0,0.3549225360528287,150,0.0274677406996488,1.5884076356887815,0.0,1.0,166,v3,B3,sac_her_pickandplace_clean_2M
sac_her_recovery_v3,sensor_dropout,0,0.0,-150.0,0.0,0.3549225360528287,150,0.0274677406996488,1.5884076356887815,0.0,1.0,167,v3,B3,sac_her_pickandplace_clean_2M
sac_her_recovery_v3,sensor_dropout,0,0.0,-150.0,0.0,0.3549225360528287,150,0.0274677406996488,1.5884076356887815,0.0,1.0,168,v3,B3,sac_her_pickandplace_clean_2M
sac_her_recovery_v3,sensor_dropout,0,0.0,-150.0,0.0,0.3549225360528287,150,0.0274677406996488,1.5884076356887815,0.0,1.0,169,v3,B3,sac_her_pickandplace_clean_2M
sac_her_recovery_v3,sensor_dropout,0,0.0,-150.0,0.0,0.3549225360528287,150,0.0274677406996488,1.5884076356887815,0.0,1.0,170,v3,B3,sac_her_pickandplace_clean_2M
sac_her_recovery_v3,sensor_dropout,0,0.0,-150.0,0.0,0.3549225360528287,150,0.0274677406996488,1.5884076356887815,0.0,1.0,171,v3,B3,sac_her_pickandplace_clean_2M
sac_her_recovery_v3,sensor_dropout,0,0.0,-150.0,0.0,0.3549225360528287,150,0.0274677406996488,1.5884076356887815,0.0,1.0,172,v3,B3,sac_her_pickandplace_clean_2M
sac_her_recovery_v3,sensor_dropout,0,0.0,-150.0,0.0,0.3549225360528287,150,0.0274677406996488,1.5884076356887815,0.0,1.0,173,v3,B3,sac_her_pickandplace_clean_2M
sac_her_recovery_v3,sensor_dropout,0,0.0,-150.0,0.0,0.3549225360528287,150,0.0274677406996488,1.5884076356887815,0.0,1.0,174,v3,B3,sac_her_pickandplace_clean_2M
sac_her_recovery_v3,sensor_dropout,0,0.0,-150.0,0.0,0.3549225360528287,150,0.0274677406996488,1.5884076356887815,0.0,1.0,175,v3,B3,sac_her_pickandplace_clean_2M
sac_her_recovery_v3,sensor_dropout,0,0.0,-150.0,0.0,0.3549225360528287,150,0.0274677406996488,1.5884076356887815,0.0,1.0,176,v3,B3,sac_her_pickandplace_clean_2M
sac_her_recovery_v3,sensor_dropout,0,0.0,-150.0,0.0,0.3549225360528287,150,0.0274677406996488,1.5884076356887815,0.0,1.0,177,v3,B3,sac_her_pickandplace_clean_2M
sac_her_recovery_v3,sensor_dropout,0,0.0,-150.0,0.0,0.3549225360528287,150,0.0274677406996488,1.5884076356887815,0.0,1.0,178,v3,B3,sac_her_pickandplace_clean_2M
sac_her_recovery_v3,sensor_dropout,0,0.0,-150.0,0.0,0.3549225360528287,150,0.0274677406996488,1.5884076356887815,0.0,1.0,179,v3,B3,sac_her_pickandplace_clean_2M
sac_her,sensor_bias,0,0.1,-150.0,0.0,0.3549225360528287,150,2.0342202186584473,1.3917509317398071,0.0,0.0,180,none,B1,sac_her_pickandplace_clean_2M
sac_her,sensor_bias,0,0.1,-150.0,0.0,0.3549225360528287,150,2.3443636894226074,1.6128078699111938,0.0,0.0,181,none,B1,sac_her_pickandplace_clean_2M
sac_her,sensor_bias,0,0.1,-150.0,0.0,0.3893767267748541,150,2.112912654876709,1.4966577291488647,0.0,0.0,182,none,B1,sac_her_pickandplace_clean_2M
sac_her,sensor_bias,0,0.1,-150.0,0.0,0.8279379558751621,150,0.3382653892040252,1.219093680381775,0.0,0.0,183,none,B1,sac_her_pickandplace_clean_2M
sac_her,sensor_bias,0,0.1,-150.0,0.0,0.3549225360528287,150,0.0525383614003658,0.1782818585634231,0.0,0.0,184,none,B1,sac_her_pickandplace_clean_2M
sac_her,sensor_bias,0,0.1,-150.0,0.0,0.3549225360528287,150,2.250291347503662,1.402534008026123,0.0,0.0,185,none,B1,sac_her_pickandplace_clean_2M
sac_her,sensor_bias,0,0.1,-150.0,0.0,0.3549225360528287,150,0.0305457524955272,1.025120735168457,0.0,0.0,186,none,B1,sac_her_pickandplace_clean_2M
sac_her,sensor_bias,0,0.1,-150.0,0.0,0.2331439369317981,150,1.78798246383667,1.594878911972046,0.0,0.0,187,none,B1,sac_her_pickandplace_clean_2M
sac_her,sensor_bias,0,0.1,-150.0,0.0,0.3549225360528287,150,1.8270474672317505,1.5625391006469729,0.0,0.0,188,none,B1,sac_her_pickandplace_clean_2M
sac_her,sensor_bias,0,0.1,-150.0,0.0,0.3549225360528287,150,1.9877339601516724,1.14197039604187,0.0,0.0,189,none,B1,sac_her_pickandplace_clean_2M
sac_her,sensor_bias,0,0.1,-150.0,0.0,0.3549225360528287,150,1.0317450761795044,1.1799635887145996,0.0,0.0,190,none,B1,sac_her_pickandplace_clean_2M
sac_her,sensor_bias,0,0.1,-150.0,0.0,0.3549225360528287,150,1.5982141494750977,1.494525671005249,0.0,0.0,191,none,B1,sac_her_pickandplace_clean_2M
sac_her,sensor_bias,0,0.1,-150.0,0.0,0.3901339423098351,150,0.133142665028572,1.02667236328125,0.0,0.0,192,none,B1,sac_her_pickandplace_clean_2M
sac_her,sensor_bias,0,0.1,-150.0,0.0,0.1971753772772322,150,0.959728181362152,1.1851558685302734,0.0,0.0,193,none,B1,sac_her_pickandplace_clean_2M
sac_her,sensor_bias,0,0.1,-150.0,0.0,0.3209348738497696,150,0.7963132262229919,1.0475342273712158,0.0,0.0,194,none,B1,sac_her_pickandplace_clean_2M
sac_her,sensor_bias,0,0.1,-150.0,0.0,0.3549225360528287,150,1.8249716758728027,1.4044692516326904,0.0,0.0,195,none,B1,sac_her_pickandplace_clean_2M
sac_her,sensor_bias,0,0.1,-150.0,0.0,0.3549225360528287,150,2.1197259426116943,1.321160078048706,0.0,0.0,196,none,B1,sac_her_pickandplace_clean_2M
sac_her,sensor_bias,0,0.1,-150.0,0.0,0.3549225360528287,150,1.2065962553024292,1.1031635999679563,0.0,0.0,197,none,B1,sac_her_pickandplace_clean_2M
sac_her,sensor_bias,0,0.1,-150.0,0.0,0.3549225360528287,150,2.158188819885254,1.5004416704177856,0.0,0.0,198,none,B1,sac_her_pickandplace_clean_2M
sac_her,sensor_bias,0,0.1,-150.0,0.0,0.3549225360528287,150,1.3440194129943848,1.037825107574463,0.0,0.0,199,none,B1,sac_her_pickandplace_clean_2M
sac_her,sensor_bias,0,0.1,-150.0,0.0,0.3549225360528287,150,2.1115784645080566,1.5446301698684692,0.0,0.0,200,none,B1,sac_her_pickandplace_clean_2M
sac_her,sensor_bias,0,0.1,-150.0,0.0,0.3549225360528287,150,0.03219610825181,0.96074241399765,0.0,0.0,201,none,B1,sac_her_pickandplace_clean_2M
sac_her,sensor_bias,0,0.1,-150.0,0.0,0.3549225360528287,150,1.6898452043533323,1.597306728363037,0.0,0.0,202,none,B1,sac_her_pickandplace_clean_2M
sac_her,sensor_bias,0,0.1,-150.0,0.0,0.3549225360528287,150,0.0556410737335681,0.8458539247512817,0.0,0.0,203,none,B1,sac_her_pickandplace_clean_2M
sac_her,sensor_bias,0,0.1,-150.0,0.0,0.3549225360528287,150,1.4154003858566284,0.9687713384628296,0.0,0.0,204,none,B1,sac_her_pickandplace_clean_2M
sac_her,sensor_bias,0,0.1,-150.0,0.0,0.3549225360528287,150,0.0204618163406848,1.0443204641342163,0.0,0.0,205,none,B1,sac_her_pickandplace_clean_2M
sac_her,sensor_bias,0,0.1,-150.0,0.0,0.3549225360528287,150,2.3496668338775635,1.7150262594223022,0.0,0.0,206,none,B1,sac_her_pickandplace_clean_2M
sac_her,sensor_bias,0,0.1,-150.0,0.0,0.1398787060780154,150,0.135345920920372,1.343845009803772,0.0,0.0,207,none,B1,sac_her_pickandplace_clean_2M
sac_her,sensor_bias,0,0.1,-150.0,0.0,0.0827783608866126,150,0.0803664848208427,1.293516993522644,0.0,0.0,208,none,B1,sac_her_pickandplace_clean_2M
sac_her,sensor_bias,0,0.1,-150.0,0.0,0.3594358878716313,150,0.0398185662925243,1.2434948682785034,0.0,0.0,209,none,B1,sac_her_pickandplace_clean_2M
sac_her_recovery_v2,sensor_bias,0,0.1,-150.0,0.0,0.3549225360528287,150,2.0533149242401123,1.5668983459472656,1.0,1.0,210,v2,B2,sac_her_pickandplace_clean_2M
sac_her_recovery_v2,sensor_bias,0,0.1,-150.0,0.0,0.3549225360528287,150,1.8290271759033203,1.2930258512496948,1.0,1.0,211,v2,B2,sac_her_pickandplace_clean_2M
sac_her_recovery_v2,sensor_bias,0,0.1,-150.0,0.0,0.3549225360528287,150,1.594173550605774,1.1356011629104614,0.0,1.0,212,v2,B2,sac_her_pickandplace_clean_2M
sac_her_recovery_v2,sensor_bias,0,0.1,-150.0,0.0,0.3629327657990172,150,0.2279296219348907,1.0369539260864258,1.0,1.0,213,v2,B2,sac_her_pickandplace_clean_2M
sac_her_recovery_v2,sensor_bias,0,0.1,-150.0,0.0,0.3549225360528287,150,2.4295589923858643,1.5881038904190063,1.0,1.0,214,v2,B2,sac_her_pickandplace_clean_2M
sac_her_recovery_v2,sensor_bias,0,0.1,-150.0,0.0,0.3549225360528287,150,1.5996441841125488,0.9986037015914916,0.0,1.0,215,v2,B2,sac_her_pickandplace_clean_2M
sac_her_recovery_v2,sensor_bias,0,0.1,-150.0,0.0,0.3238032405188761,150,1.884168028831482,1.2377687692642212,0.0,1.0,216,v2,B2,sac_her_pickandplace_clean_2M
sac_her_recovery_v2,sensor_bias,0,0.1,-150.0,0.0,0.3549225360528287,150,1.5395218133926392,1.226098895072937,0.0,1.0,217,v2,B2,sac_her_pickandplace_clean_2M
sac_her_recovery_v2,sensor_bias,0,0.1,-150.0,0.0,0.3549225360528287,150,1.5223761796951294,1.1821167469024658,0.0,1.0,218,v2,B2,sac_her_pickandplace_clean_2M
sac_her_recovery_v2,sensor_bias,0,0.1,-150.0,0.0,0.3549225360528287,150,2.148341417312622,1.6255977153778076,0.0,1.0,219,v2,B2,sac_her_pickandplace_clean_2M
sac_her_recovery_v2,sensor_bias,0,0.1,-150.0,0.0,0.3549225360528287,150,1.8795057535171509,1.39973783493042,1.0,1.0,220,v2,B2,sac_her_pickandplace_clean_2M
sac_her_recovery_v2,sensor_bias,0,0.1,-150.0,0.0,0.3549225360528287,150,1.5228490829467771,1.1118611097335815,0.0,1.0,221,v2,B2,sac_her_pickandplace_clean_2M
sac_her_recovery_v2,sensor_bias,0,0.1,-150.0,0.0,0.3549225360528287,150,1.5243031978607178,1.20374858379364,1.0,1.0,222,v2,B2,sac_her_pickandplace_clean_2M
sac_her_recovery_v2,sensor_bias,0,0.1,-150.0,0.0,0.3549225360528287,150,2.0137293338775635,1.4905827045440674,0.0,1.0,223,v2,B2,sac_her_pickandplace_clean_2M
sac_her_recovery_v2,sensor_bias,0,0.1,-150.0,0.0,0.3549225360528287,150,1.0120376348495483,1.0616350173950195,0.0,1.0,224,v2,B2,sac_her_pickandplace_clean_2M
sac_her_recovery_v2,sensor_bias,0,0.1,-150.0,0.0,0.3549225360528287,150,0.0582580119371414,1.0306575298309326,0.0,1.0,225,v2,B2,sac_her_pickandplace_clean_2M
sac_her_recovery_v2,sensor_bias,0,0.1,-150.0,0.0,0.3549225360528287,150,0.1255441009998321,0.999583661556244,1.0,1.0,226,v2,B2,sac_her_pickandplace_clean_2M
sac_her_recovery_v2,sensor_bias,0,0.1,-150.0,0.0,0.3529898221981852,150,0.8787730932235718,1.4267351627349854,1.0,1.0,227,v2,B2,sac_her_pickandplace_clean_2M
sac_her_recovery_v2,sensor_bias,0,0.1,-150.0,0.0,0.3549225360528287,150,2.2433531284332275,1.6210983991622925,0.0,1.0,228,v2,B2,sac_her_pickandplace_clean_2M
sac_her_recovery_v2,sensor_bias,0,0.1,-150.0,0.0,0.3549225360528287,150,2.327350378036499,1.2757726907730105,1.0,1.0,229,v2,B2,sac_her_pickandplace_clean_2M
sac_her_recovery_v2,sensor_bias,0,0.1,-150.0,0.0,0.3549225360528287,150,1.7753410339355469,1.3592544794082642,0.0,1.0,230,v2,B2,sac_her_pickandplace_clean_2M
sac_her_recovery_v2,sensor_bias,0,0.1,-150.0,0.0,0.3549225360528287,150,1.7086594104766846,1.223076105117798,0.0,1.0,231,v2,B2,sac_her_pickandplace_clean_2M
sac_her_recovery_v2,sensor_bias,0,0.1,-150.0,0.0,0.3549225360528287,150,2.1853466033935547,1.5523678064346311,1.0,1.0,232,v2,B2,sac_her_pickandplace_clean_2M
sac_her_recovery_v2,sensor_bias,0,0.1,-150.0,0.0,0.3549225360528287,150,1.721408128738403,1.4152826070785522,0.0,1.0,233,v2,B2,sac_her_pickandplace_clean_2M
sac_her_recovery_v2,sensor_bias,0,0.1,-150.0,0.0,0.3549225360528287,150,0.0720886290073394,0.5726167559623718,0.0,1.0,234,v2,B2,sac_her_pickandplace_clean_2M
sac_her_recovery_v2,sensor_bias,0,0.1,-150.0,0.0,0.3549225360528287,150,1.647715449333191,1.077288031578064,1.0,1.0,235,v2,B2,sac_her_pickandplace_clean_2M
sac_her_recovery_v2,sensor_bias,0,0.1,-150.0,0.0,0.3549225360528287,150,1.9009639024734497,1.4682037830352783,0.0,1.0,236,v2,B2,sac_her_pickandplace_clean_2M
sac_her_recovery_v2,sensor_bias,0,0.1,-150.0,0.0,0.3549225360528287,150,2.1573421955108643,1.4840264320373535,1.0,1.0,237,v2,B2,sac_her_pickandplace_clean_2M
sac_her_recovery_v2,sensor_bias,0,0.1,-150.0,0.0,0.214780123263273,150,1.1923460960388184,1.199540138244629,0.0,1.0,238,v2,B2,sac_her_pickandplace_clean_2M
sac_her_recovery_v2,sensor_bias,0,0.1,-150.0,0.0,0.4576794671681586,150,0.7067529559135437,1.5362130403518677,1.0,1.0,239,v2,B2,sac_her_pickandplace_clean_2M
sac_her_recovery_v3,sensor_bias,0,0.1,-150.0,0.0,0.3551837928428588,150,0.084356389939785,1.045551061630249,1.0,1.0,240,v3,B3,sac_her_pickandplace_clean_2M
sac_her_recovery_v3,sensor_bias,0,0.1,-150.0,0.0,0.3549225360528287,150,2.136892557144165,1.501883625984192,1.0,1.0,241,v3,B3,sac_her_pickandplace_clean_2M
sac_her_recovery_v3,sensor_bias,0,0.1,-150.0,0.0,0.3480638759637575,150,1.067200779914856,1.295493721961975,0.0,1.0,242,v3,B3,sac_her_pickandplace_clean_2M
sac_her_recovery_v3,sensor_bias,0,0.1,-150.0,0.0,0.3549225360528287,150,2.145019054412842,1.5008119344711304,1.0,1.0,243,v3,B3,sac_her_pickandplace_clean_2M
sac_her_recovery_v3,sensor_bias,0,0.1,-150.0,0.0,0.3558640677354578,150,0.7677471041679382,1.029558181762695,0.0,1.0,244,v3,B3,sac_her_pickandplace_clean_2M
sac_her_recovery_v3,sensor_bias,0,0.1,-150.0,0.0,0.3549225360528287,150,1.828051209449768,1.427965521812439,1.0,1.0,245,v3,B3,sac_her_pickandplace_clean_2M
sac_her_recovery_v3,sensor_bias,0,0.1,-150.0,0.0,0.3549225360528287,150,0.7544502019882202,1.3889689445495603,1.0,1.0,246,v3,B3,sac_her_pickandplace_clean_2M
sac_her_recovery_v3,sensor_bias,0,0.1,-150.0,0.0,0.3549225360528287,150,0.0745446607470512,0.6992200613021851,0.0,1.0,247,v3,B3,sac_her_pickandplace_clean_2M
sac_her_recovery_v3,sensor_bias,0,0.1,-150.0,0.0,0.3549225360528287,150,1.5436537265777588,1.407176494598389,0.0,1.0,248,v3,B3,sac_her_pickandplace_clean_2M
sac_her_recovery_v3,sensor_bias,0,0.1,-150.0,0.0,0.3549225360528287,150,1.0099345445632937,1.40605628490448,1.0,1.0,249,v3,B3,sac_her_pickandplace_clean_2M
sac_her_recovery_v3,sensor_bias,0,0.1,-150.0,0.0,0.3549225360528287,150,0.1398015916347503,0.7892324924468994,1.0,1.0,250,v3,B3,sac_her_pickandplace_clean_2M
sac_her_recovery_v3,sensor_bias,0,0.1,-150.0,0.0,0.3542075140787566,150,0.1438072919845581,1.1222453117370603,0.0,1.0,251,v3,B3,sac_her_pickandplace_clean_2M
sac_her_recovery_v3,sensor_bias,0,0.1,-150.0,0.0,0.3549225360528287,150,1.6879351139068604,1.318099021911621,1.0,1.0,252,v3,B3,sac_her_pickandplace_clean_2M
sac_her_recovery_v3,sensor_bias,0,0.1,-149.0,0.0,0.0623681241229191,150,0.8264225125312805,1.2420432567596436,0.0,1.0,253,v3,B3,sac_her_pickandplace_clean_2M
sac_her_recovery_v3,sensor_bias,0,0.1,-150.0,0.0,0.3549225360528287,150,1.811034560203552,1.4694440364837646,1.0,1.0,254,v3,B3,sac_her_pickandplace_clean_2M
sac_her_recovery_v3,sensor_bias,0,0.1,-150.0,0.0,0.428073909201385,150,0.457403302192688,1.5395727157592771,1.0,1.0,255,v3,B3,sac_her_pickandplace_clean_2M
sac_her_recovery_v3,sensor_bias,0,0.1,-150.0,0.0,0.3549225360528287,150,0.121671162545681,1.3709583282470703,0.0,1.0,256,v3,B3,sac_her_pickandplace_clean_2M
sac_her_recovery_v3,sensor_bias,0,0.1,-150.0,0.0,0.3549225360528287,150,1.94930636882782,1.5804080963134766,1.0,1.0,257,v3,B3,sac_her_pickandplace_clean_2M
sac_her_recovery_v3,sensor_bias,0,0.1,-150.0,0.0,0.365582292566127,150,0.5231248736381531,1.518593192100525,1.0,1.0,258,v3,B3,sac_her_pickandplace_clean_2M
sac_her_recovery_v3,sensor_bias,0,0.1,-150.0,0.0,0.4230090105687446,150,0.4054909348487854,1.491464614868164,1.0,1.0,259,v3,B3,sac_her_pickandplace_clean_2M
sac_her_recovery_v3,sensor_bias,0,0.1,-150.0,0.0,0.6292543003885903,150,0.2612124383449554,1.401580810546875,1.0,1.0,260,v3,B3,sac_her_pickandplace_clean_2M
sac_her_recovery_v3,sensor_bias,0,0.1,-150.0,0.0,0.3549225360528287,150,0.8067495226860046,1.498541235923767,1.0,1.0,261,v3,B3,sac_her_pickandplace_clean_2M
sac_her_recovery_v3,sensor_bias,0,0.1,-150.0,0.0,0.3549225360528287,150,0.4446381330490112,1.5398083925247192,1.0,1.0,262,v3,B3,sac_her_pickandplace_clean_2M
sac_her_recovery_v3,sensor_bias,0,0.1,-150.0,0.0,0.4069829252913327,150,0.3610036075115204,1.1357619762420654,0.0,1.0,263,v3,B3,sac_her_pickandplace_clean_2M
sac_her_recovery_v3,sensor_bias,0,0.1,-150.0,0.0,0.3549225360528287,150,1.499138116836548,1.368724346160889,0.0,1.0,264,v3,B3,sac_her_pickandplace_clean_2M
sac_her_recovery_v3,sensor_bias,0,0.1,-150.0,0.0,0.3549225360528287,150,0.5097281336784363,1.5282604694366455,1.0,1.0,265,v3,B3,sac_her_pickandplace_clean_2M
sac_her_recovery_v3,sensor_bias,0,0.1,-150.0,0.0,0.3642482508455451,150,0.223556563258171,1.394198656082153,1.0,1.0,266,v3,B3,sac_her_pickandplace_clean_2M
sac_her_recovery_v3,sensor_bias,0,0.1,-150.0,0.0,0.2222354732176278,150,0.3562705516815185,1.435176134109497,1.0,1.0,267,v3,B3,sac_her_pickandplace_clean_2M
sac_her_recovery_v3,sensor_bias,0,0.1,-150.0,0.0,0.3995588155816472,150,0.3361506760120392,1.508083701133728,1.0,1.0,268,v3,B3,sac_her_pickandplace_clean_2M
sac_her_recovery_v3,sensor_bias,0,0.1,-150.0,0.0,0.3549225360528287,150,0.2003184109926223,1.4214218854904177,1.0,1.0,269,v3,B3,sac_her_pickandplace_clean_2M
sac_her,action_clipping,0,0.3,-41.0,1.0,0.0156151223721789,150,0.0429877489805221,0.4649979770183563,0.0,0.0,270,none,B1,sac_her_pickandplace_clean_2M
sac_her,action_clipping,0,0.3,-41.0,1.0,0.0156151223721789,150,0.0429877489805221,0.4649979770183563,0.0,0.0,271,none,B1,sac_her_pickandplace_clean_2M
sac_her,action_clipping,0,0.3,-41.0,1.0,0.0156151223721789,150,0.0429877489805221,0.4649979770183563,0.0,0.0,272,none,B1,sac_her_pickandplace_clean_2M
sac_her,action_clipping,0,0.3,-41.0,1.0,0.0156151223721789,150,0.0429877489805221,0.4649979770183563,0.0,0.0,273,none,B1,sac_her_pickandplace_clean_2M
sac_her,action_clipping,0,0.3,-41.0,1.0,0.0156151223721789,150,0.0429877489805221,0.4649979770183563,0.0,0.0,274,none,B1,sac_her_pickandplace_clean_2M
sac_her,action_clipping,0,0.3,-41.0,1.0,0.0156151223721789,150,0.0429877489805221,0.4649979770183563,0.0,0.0,275,none,B1,sac_her_pickandplace_clean_2M
sac_her,action_clipping,0,0.3,-41.0,1.0,0.0156151223721789,150,0.0429877489805221,0.4649979770183563,0.0,0.0,276,none,B1,sac_her_pickandplace_clean_2M
sac_her,action_clipping,0,0.3,-41.0,1.0,0.0156151223721789,150,0.0429877489805221,0.4649979770183563,0.0,0.0,277,none,B1,sac_her_pickandplace_clean_2M
sac_her,action_clipping,0,0.3,-41.0,1.0,0.0156151223721789,150,0.0429877489805221,0.4649979770183563,0.0,0.0,278,none,B1,sac_her_pickandplace_clean_2M
sac_her,action_clipping,0,0.3,-41.0,1.0,0.0156151223721789,150,0.0429877489805221,0.4649979770183563,0.0,0.0,279,none,B1,sac_her_pickandplace_clean_2M
sac_her,action_clipping,0,0.3,-41.0,1.0,0.0156151223721789,150,0.0429877489805221,0.4649979770183563,0.0,0.0,280,none,B1,sac_her_pickandplace_clean_2M
sac_her,action_clipping,0,0.3,-41.0,1.0,0.0156151223721789,150,0.0429877489805221,0.4649979770183563,0.0,0.0,281,none,B1,sac_her_pickandplace_clean_2M
sac_her,action_clipping,0,0.3,-41.0,1.0,0.0156151223721789,150,0.0429877489805221,0.4649979770183563,0.0,0.0,282,none,B1,sac_her_pickandplace_clean_2M
sac_her,action_clipping,0,0.3,-41.0,1.0,0.0156151223721789,150,0.0429877489805221,0.4649979770183563,0.0,0.0,283,none,B1,sac_her_pickandplace_clean_2M
sac_her,action_clipping,0,0.3,-41.0,1.0,0.0156151223721789,150,0.0429877489805221,0.4649979770183563,0.0,0.0,284,none,B1,sac_her_pickandplace_clean_2M
sac_her,action_clipping,0,0.3,-41.0,1.0,0.0156151223721789,150,0.0429877489805221,0.4649979770183563,0.0,0.0,285,none,B1,sac_her_pickandplace_clean_2M
sac_her,action_clipping,0,0.3,-41.0,1.0,0.0156151223721789,150,0.0429877489805221,0.4649979770183563,0.0,0.0,286,none,B1,sac_her_pickandplace_clean_2M
sac_her,action_clipping,0,0.3,-41.0,1.0,0.0156151223721789,150,0.0429877489805221,0.4649979770183563,0.0,0.0,287,none,B1,sac_her_pickandplace_clean_2M
sac_her,action_clipping,0,0.3,-41.0,1.0,0.0156151223721789,150,0.0429877489805221,0.4649979770183563,0.0,0.0,288,none,B1,sac_her_pickandplace_clean_2M
sac_her,action_clipping,0,0.3,-41.0,1.0,0.0156151223721789,150,0.0429877489805221,0.4649979770183563,0.0,0.0,289,none,B1,sac_her_pickandplace_clean_2M
sac_her,action_clipping,0,0.3,-41.0,1.0,0.0156151223721789,150,0.0429877489805221,0.4649979770183563,0.0,0.0,290,none,B1,sac_her_pickandplace_clean_2M
sac_her,action_clipping,0,0.3,-41.0,1.0,0.0156151223721789,150,0.0429877489805221,0.4649979770183563,0.0,0.0,291,none,B1,sac_her_pickandplace_clean_2M
sac_her,action_clipping,0,0.3,-41.0,1.0,0.0156151223721789,150,0.0429877489805221,0.4649979770183563,0.0,0.0,292,none,B1,sac_her_pickandplace_clean_2M
sac_her,action_clipping,0,0.3,-41.0,1.0,0.0156151223721789,150,0.0429877489805221,0.4649979770183563,0.0,0.0,293,none,B1,sac_her_pickandplace_clean_2M
sac_her,action_clipping,0,0.3,-41.0,1.0,0.0156151223721789,150,0.0429877489805221,0.4649979770183563,0.0,0.0,294,none,B1,sac_her_pickandplace_clean_2M
sac_her,action_clipping,0,0.3,-41.0,1.0,0.0156151223721789,150,0.0429877489805221,0.4649979770183563,0.0,0.0,295,none,B1,sac_her_pickandplace_clean_2M
sac_her,action_clipping,0,0.3,-41.0,1.0,0.0156151223721789,150,0.0429877489805221,0.4649979770183563,0.0,0.0,296,none,B1,sac_her_pickandplace_clean_2M
sac_her,action_clipping,0,0.3,-41.0,1.0,0.0156151223721789,150,0.0429877489805221,0.4649979770183563,0.0,0.0,297,none,B1,sac_her_pickandplace_clean_2M
sac_her,action_clipping,0,0.3,-41.0,1.0,0.0156151223721789,150,0.0429877489805221,0.4649979770183563,0.0,0.0,298,none,B1,sac_her_pickandplace_clean_2M
sac_her,action_clipping,0,0.3,-41.0,1.0,0.0156151223721789,150,0.0429877489805221,0.4649979770183563,0.0,0.0,299,none,B1,sac_her_pickandplace_clean_2M
sac_her_recovery_v2,action_clipping,0,0.3,-46.0,1.0,0.0169521072862043,150,0.0698857307434082,0.4792684018611908,0.0,1.0,300,v2,B2,sac_her_pickandplace_clean_2M
sac_her_recovery_v2,action_clipping,0,0.3,-46.0,1.0,0.0169521072862043,150,0.0698857307434082,0.4792684018611908,0.0,1.0,301,v2,B2,sac_her_pickandplace_clean_2M
sac_her_recovery_v2,action_clipping,0,0.3,-46.0,1.0,0.0169521072862043,150,0.0698857307434082,0.4792684018611908,0.0,1.0,302,v2,B2,sac_her_pickandplace_clean_2M
sac_her_recovery_v2,action_clipping,0,0.3,-46.0,1.0,0.0169521072862043,150,0.0698857307434082,0.4792684018611908,0.0,1.0,303,v2,B2,sac_her_pickandplace_clean_2M
sac_her_recovery_v2,action_clipping,0,0.3,-46.0,1.0,0.0169521072862043,150,0.0698857307434082,0.4792684018611908,0.0,1.0,304,v2,B2,sac_her_pickandplace_clean_2M
sac_her_recovery_v2,action_clipping,0,0.3,-46.0,1.0,0.0169521072862043,150,0.0698857307434082,0.4792684018611908,0.0,1.0,305,v2,B2,sac_her_pickandplace_clean_2M
sac_her_recovery_v2,action_clipping,0,0.3,-46.0,1.0,0.0169521072862043,150,0.0698857307434082,0.4792684018611908,0.0,1.0,306,v2,B2,sac_her_pickandplace_clean_2M
sac_her_recovery_v2,action_clipping,0,0.3,-46.0,1.0,0.0169521072862043,150,0.0698857307434082,0.4792684018611908,0.0,1.0,307,v2,B2,sac_her_pickandplace_clean_2M
sac_her_recovery_v2,action_clipping,0,0.3,-46.0,1.0,0.0169521072862043,150,0.0698857307434082,0.4792684018611908,0.0,1.0,308,v2,B2,sac_her_pickandplace_clean_2M
sac_her_recovery_v2,action_clipping,0,0.3,-46.0,1.0,0.0169521072862043,150,0.0698857307434082,0.4792684018611908,0.0,1.0,309,v2,B2,sac_her_pickandplace_clean_2M
sac_her_recovery_v2,action_clipping,0,0.3,-46.0,1.0,0.0169521072862043,150,0.0698857307434082,0.4792684018611908,0.0,1.0,310,v2,B2,sac_her_pickandplace_clean_2M
sac_her_recovery_v2,action_clipping,0,0.3,-46.0,1.0,0.0169521072862043,150,0.0698857307434082,0.4792684018611908,0.0,1.0,311,v2,B2,sac_her_pickandplace_clean_2M
sac_her_recovery_v2,action_clipping,0,0.3,-46.0,1.0,0.0169521072862043,150,0.0698857307434082,0.4792684018611908,0.0,1.0,312,v2,B2,sac_her_pickandplace_clean_2M
sac_her_recovery_v2,action_clipping,0,0.3,-46.0,1.0,0.0169521072862043,150,0.0698857307434082,0.4792684018611908,0.0,1.0,313,v2,B2,sac_her_pickandplace_clean_2M
sac_her_recovery_v2,action_clipping,0,0.3,-46.0,1.0,0.0169521072862043,150,0.0698857307434082,0.4792684018611908,0.0,1.0,314,v2,B2,sac_her_pickandplace_clean_2M
sac_her_recovery_v2,action_clipping,0,0.3,-46.0,1.0,0.0169521072862043,150,0.0698857307434082,0.4792684018611908,0.0,1.0,315,v2,B2,sac_her_pickandplace_clean_2M
sac_her_recovery_v2,action_clipping,0,0.3,-46.0,1.0,0.0169521072862043,150,0.0698857307434082,0.4792684018611908,0.0,1.0,316,v2,B2,sac_her_pickandplace_clean_2M
sac_her_recovery_v2,action_clipping,0,0.3,-46.0,1.0,0.0169521072862043,150,0.0698857307434082,0.4792684018611908,0.0,1.0,317,v2,B2,sac_her_pickandplace_clean_2M
sac_her_recovery_v2,action_clipping,0,0.3,-46.0,1.0,0.0169521072862043,150,0.0698857307434082,0.4792684018611908,0.0,1.0,318,v2,B2,sac_her_pickandplace_clean_2M
sac_her_recovery_v2,action_clipping,0,0.3,-46.0,1.0,0.0169521072862043,150,0.0698857307434082,0.4792684018611908,0.0,1.0,319,v2,B2,sac_her_pickandplace_clean_2M
sac_her_recovery_v2,action_clipping,0,0.3,-46.0,1.0,0.0169521072862043,150,0.0698857307434082,0.4792684018611908,0.0,1.0,320,v2,B2,sac_her_pickandplace_clean_2M
sac_her_recovery_v2,action_clipping,0,0.3,-46.0,1.0,0.0169521072862043,150,0.0698857307434082,0.4792684018611908,0.0,1.0,321,v2,B2,sac_her_pickandplace_clean_2M
sac_her_recovery_v2,action_clipping,0,0.3,-46.0,1.0,0.0169521072862043,150,0.0698857307434082,0.4792684018611908,0.0,1.0,322,v2,B2,sac_her_pickandplace_clean_2M
sac_her_recovery_v2,action_clipping,0,0.3,-46.0,1.0,0.0169521072862043,150,0.0698857307434082,0.4792684018611908,0.0,1.0,323,v2,B2,sac_her_pickandplace_clean_2M
sac_her_recovery_v2,action_clipping,0,0.3,-46.0,1.0,0.0169521072862043,150,0.0698857307434082,0.4792684018611908,0.0,1.0,324,v2,B2,sac_her_pickandplace_clean_2M
sac_her_recovery_v2,action_clipping,0,0.3,-46.0,1.0,0.0169521072862043,150,0.0698857307434082,0.4792684018611908,0.0,1.0,325,v2,B2,sac_her_pickandplace_clean_2M
sac_her_recovery_v2,action_clipping,0,0.3,-46.0,1.0,0.0169521072862043,150,0.0698857307434082,0.4792684018611908,0.0,1.0,326,v2,B2,sac_her_pickandplace_clean_2M
sac_her_recovery_v2,action_clipping,0,0.3,-46.0,1.0,0.0169521072862043,150,0.0698857307434082,0.4792684018611908,0.0,1.0,327,v2,B2,sac_her_pickandplace_clean_2M
sac_her_recovery_v2,action_clipping,0,0.3,-46.0,1.0,0.0169521072862043,150,0.0698857307434082,0.4792684018611908,0.0,1.0,328,v2,B2,sac_her_pickandplace_clean_2M
sac_her_recovery_v2,action_clipping,0,0.3,-46.0,1.0,0.0169521072862043,150,0.0698857307434082,0.4792684018611908,0.0,1.0,329,v2,B2,sac_her_pickandplace_clean_2M
sac_her_recovery_v3,action_clipping,0,0.3,-86.0,1.0,0.0145131480345244,150,0.0860581770539283,0.5705729126930237,0.0,1.0,330,v3,B3,sac_her_pickandplace_clean_2M
sac_her_recovery_v3,action_clipping,0,0.3,-86.0,1.0,0.0145131480345244,150,0.0860581770539283,0.5705729126930237,0.0,1.0,331,v3,B3,sac_her_pickandplace_clean_2M
sac_her_recovery_v3,action_clipping,0,0.3,-86.0,1.0,0.0145131480345244,150,0.0860581770539283,0.5705729126930237,0.0,1.0,332,v3,B3,sac_her_pickandplace_clean_2M
sac_her_recovery_v3,action_clipping,0,0.3,-86.0,1.0,0.0145131480345244,150,0.0860581770539283,0.5705729126930237,0.0,1.0,333,v3,B3,sac_her_pickandplace_clean_2M
sac_her_recovery_v3,action_clipping,0,0.3,-86.0,1.0,0.0145131480345244,150,0.0860581770539283,0.5705729126930237,0.0,1.0,334,v3,B3,sac_her_pickandplace_clean_2M
sac_her_recovery_v3,action_clipping,0,0.3,-86.0,1.0,0.0145131480345244,150,0.0860581770539283,0.5705729126930237,0.0,1.0,335,v3,B3,sac_her_pickandplace_clean_2M
sac_her_recovery_v3,action_clipping,0,0.3,-86.0,1.0,0.0145131480345244,150,0.0860581770539283,0.5705729126930237,0.0,1.0,336,v3,B3,sac_her_pickandplace_clean_2M
sac_her_recovery_v3,action_clipping,0,0.3,-86.0,1.0,0.0145131480345244,150,0.0860581770539283,0.5705729126930237,0.0,1.0,337,v3,B3,sac_her_pickandplace_clean_2M
sac_her_recovery_v3,action_clipping,0,0.3,-86.0,1.0,0.0145131480345244,150,0.0860581770539283,0.5705729126930237,0.0,1.0,338,v3,B3,sac_her_pickandplace_clean_2M
sac_her_recovery_v3,action_clipping,0,0.3,-86.0,1.0,0.0145131480345244,150,0.0860581770539283,0.5705729126930237,0.0,1.0,339,v3,B3,sac_her_pickandplace_clean_2M
sac_her_recovery_v3,action_clipping,0,0.3,-86.0,1.0,0.0145131480345244,150,0.0860581770539283,0.5705729126930237,0.0,1.0,340,v3,B3,sac_her_pickandplace_clean_2M
sac_her_recovery_v3,action_clipping,0,0.3,-86.0,1.0,0.0145131480345244,150,0.0860581770539283,0.5705729126930237,0.0,1.0,341,v3,B3,sac_her_pickandplace_clean_2M
sac_her_recovery_v3,action_clipping,0,0.3,-86.0,1.0,0.0145131480345244,150,0.0860581770539283,0.5705729126930237,0.0,1.0,342,v3,B3,sac_her_pickandplace_clean_2M
sac_her_recovery_v3,action_clipping,0,0.3,-86.0,1.0,0.0145131480345244,150,0.0860581770539283,0.5705729126930237,0.0,1.0,343,v3,B3,sac_her_pickandplace_clean_2M
sac_her_recovery_v3,action_clipping,0,0.3,-86.0,1.0,0.0145131480345244,150,0.0860581770539283,0.5705729126930237,0.0,1.0,344,v3,B3,sac_her_pickandplace_clean_2M
sac_her_recovery_v3,action_clipping,0,0.3,-86.0,1.0,0.0145131480345244,150,0.0860581770539283,0.5705729126930237,0.0,1.0,345,v3,B3,sac_her_pickandplace_clean_2M
sac_her_recovery_v3,action_clipping,0,0.3,-86.0,1.0,0.0145131480345244,150,0.0860581770539283,0.5705729126930237,0.0,1.0,346,v3,B3,sac_her_pickandplace_clean_2M
sac_her_recovery_v3,action_clipping,0,0.3,-86.0,1.0,0.0145131480345244,150,0.0860581770539283,0.5705729126930237,0.0,1.0,347,v3,B3,sac_her_pickandplace_clean_2M
sac_her_recovery_v3,action_clipping,0,0.3,-86.0,1.0,0.0145131480345244,150,0.0860581770539283,0.5705729126930237,0.0,1.0,348,v3,B3,sac_her_pickandplace_clean_2M
sac_her_recovery_v3,action_clipping,0,0.3,-86.0,1.0,0.0145131480345244,150,0.0860581770539283,0.5705729126930237,0.0,1.0,349,v3,B3,sac_her_pickandplace_clean_2M
sac_her_recovery_v3,action_clipping,0,0.3,-86.0,1.0,0.0145131480345244,150,0.0860581770539283,0.5705729126930237,0.0,1.0,350,v3,B3,sac_her_pickandplace_clean_2M
sac_her_recovery_v3,action_clipping,0,0.3,-86.0,1.0,0.0145131480345244,150,0.0860581770539283,0.5705729126930237,0.0,1.0,351,v3,B3,sac_her_pickandplace_clean_2M
sac_her_recovery_v3,action_clipping,0,0.3,-86.0,1.0,0.0145131480345244,150,0.0860581770539283,0.5705729126930237,0.0,1.0,352,v3,B3,sac_her_pickandplace_clean_2M
sac_her_recovery_v3,action_clipping,0,0.3,-86.0,1.0,0.0145131480345244,150,0.0860581770539283,0.5705729126930237,0.0,1.0,353,v3,B3,sac_her_pickandplace_clean_2M
sac_her_recovery_v3,action_clipping,0,0.3,-86.0,1.0,0.0145131480345244,150,0.0860581770539283,0.5705729126930237,0.0,1.0,354,v3,B3,sac_her_pickandplace_clean_2M
sac_her_recovery_v3,action_clipping,0,0.3,-86.0,1.0,0.0145131480345244,150,0.0860581770539283,0.5705729126930237,0.0,1.0,355,v3,B3,sac_her_pickandplace_clean_2M
sac_her_recovery_v3,action_clipping,0,0.3,-86.0,1.0,0.0145131480345244,150,0.0860581770539283,0.5705729126930237,0.0,1.0,356,v3,B3,sac_her_pickandplace_clean_2M
sac_her_recovery_v3,action_clipping,0,0.3,-86.0,1.0,0.0145131480345244,150,0.0860581770539283,0.5705729126930237,0.0,1.0,357,v3,B3,sac_her_pickandplace_clean_2M
sac_her_recovery_v3,action_clipping,0,0.3,-86.0,1.0,0.0145131480345244,150,0.0860581770539283,0.5705729126930237,0.0,1.0,358,v3,B3,sac_her_pickandplace_clean_2M
sac_her_recovery_v3,action_clipping,0,0.3,-86.0,1.0,0.0145131480345244,150,0.0860581770539283,0.5705729126930237,0.0,1.0,359,v3,B3,sac_her_pickandplace_clean_2M
sac_her,action_reversal,0,0.0,-150.0,0.0,0.3549225360528287,150,0.0487315170466899,0.9882540106773376,0.0,0.0,450,none,B1,sac_her_pickandplace_clean_2M
sac_her,action_reversal,0,0.0,-150.0,0.0,0.3549225360528287,150,0.0487315170466899,0.9882540106773376,0.0,0.0,451,none,B1,sac_her_pickandplace_clean_2M
sac_her,action_reversal,0,0.0,-150.0,0.0,0.3549225360528287,150,0.0487315170466899,0.9882540106773376,0.0,0.0,452,none,B1,sac_her_pickandplace_clean_2M
sac_her,action_reversal,0,0.0,-150.0,0.0,0.3549225360528287,150,0.0487315170466899,0.9882540106773376,0.0,0.0,453,none,B1,sac_her_pickandplace_clean_2M
sac_her,action_reversal,0,0.0,-150.0,0.0,0.3549225360528287,150,0.0487315170466899,0.9882540106773376,0.0,0.0,454,none,B1,sac_her_pickandplace_clean_2M
sac_her,action_reversal,0,0.0,-150.0,0.0,0.3549225360528287,150,0.0487315170466899,0.9882540106773376,0.0,0.0,455,none,B1,sac_her_pickandplace_clean_2M
sac_her,action_reversal,0,0.0,-150.0,0.0,0.3549225360528287,150,0.0487315170466899,0.9882540106773376,0.0,0.0,456,none,B1,sac_her_pickandplace_clean_2M
sac_her,action_reversal,0,0.0,-150.0,0.0,0.3549225360528287,150,0.0487315170466899,0.9882540106773376,0.0,0.0,457,none,B1,sac_her_pickandplace_clean_2M
sac_her,action_reversal,0,0.0,-150.0,0.0,0.3549225360528287,150,0.0487315170466899,0.9882540106773376,0.0,0.0,458,none,B1,sac_her_pickandplace_clean_2M
sac_her,action_reversal,0,0.0,-150.0,0.0,0.3549225360528287,150,0.0487315170466899,0.9882540106773376,0.0,0.0,459,none,B1,sac_her_pickandplace_clean_2M
sac_her,action_reversal,0,0.0,-150.0,0.0,0.3549225360528287,150,0.0487315170466899,0.9882540106773376,0.0,0.0,460,none,B1,sac_her_pickandplace_clean_2M
sac_her,action_reversal,0,0.0,-150.0,0.0,0.3549225360528287,150,0.0487315170466899,0.9882540106773376,0.0,0.0,461,none,B1,sac_her_pickandplace_clean_2M
sac_her,action_reversal,0,0.0,-150.0,0.0,0.3549225360528287,150,0.0487315170466899,0.9882540106773376,0.0,0.0,462,none,B1,sac_her_pickandplace_clean_2M
sac_her,action_reversal,0,0.0,-150.0,0.0,0.3549225360528287,150,0.0487315170466899,0.9882540106773376,0.0,0.0,463,none,B1,sac_her_pickandplace_clean_2M
sac_her,action_reversal,0,0.0,-150.0,0.0,0.3549225360528287,150,0.0487315170466899,0.9882540106773376,0.0,0.0,464,none,B1,sac_her_pickandplace_clean_2M
sac_her,action_reversal,0,0.0,-150.0,0.0,0.3549225360528287,150,0.0487315170466899,0.9882540106773376,0.0,0.0,465,none,B1,sac_her_pickandplace_clean_2M
sac_her,action_reversal,0,0.0,-150.0,0.0,0.3549225360528287,150,0.0487315170466899,0.9882540106773376,0.0,0.0,466,none,B1,sac_her_pickandplace_clean_2M
sac_her,action_reversal,0,0.0,-150.0,0.0,0.3549225360528287,150,0.0487315170466899,0.9882540106773376,0.0,0.0,467,none,B1,sac_her_pickandplace_clean_2M
sac_her,action_reversal,0,0.0,-150.0,0.0,0.3549225360528287,150,0.0487315170466899,0.9882540106773376,0.0,0.0,468,none,B1,sac_her_pickandplace_clean_2M
sac_her,action_reversal,0,0.0,-150.0,0.0,0.3549225360528287,150,0.0487315170466899,0.9882540106773376,0.0,0.0,469,none,B1,sac_her_pickandplace_clean_2M
sac_her,action_reversal,0,0.0,-150.0,0.0,0.3549225360528287,150,0.0487315170466899,0.9882540106773376,0.0,0.0,470,none,B1,sac_her_pickandplace_clean_2M
sac_her,action_reversal,0,0.0,-150.0,0.0,0.3549225360528287,150,0.0487315170466899,0.9882540106773376,0.0,0.0,471,none,B1,sac_her_pickandplace_clean_2M
sac_her,action_reversal,0,0.0,-150.0,0.0,0.3549225360528287,150,0.0487315170466899,0.9882540106773376,0.0,0.0,472,none,B1,sac_her_pickandplace_clean_2M
sac_her,action_reversal,0,0.0,-150.0,0.0,0.3549225360528287,150,0.0487315170466899,0.9882540106773376,0.0,0.0,473,none,B1,sac_her_pickandplace_clean_2M
sac_her,action_reversal,0,0.0,-150.0,0.0,0.3549225360528287,150,0.0487315170466899,0.9882540106773376,0.0,0.0,474,none,B1,sac_her_pickandplace_clean_2M
sac_her,action_reversal,0,0.0,-150.0,0.0,0.3549225360528287,150,0.0487315170466899,0.9882540106773376,0.0,0.0,475,none,B1,sac_her_pickandplace_clean_2M
sac_her,action_reversal,0,0.0,-150.0,0.0,0.3549225360528287,150,0.0487315170466899,0.9882540106773376,0.0,0.0,476,none,B1,sac_her_pickandplace_clean_2M
sac_her,action_reversal,0,0.0,-150.0,0.0,0.3549225360528287,150,0.0487315170466899,0.9882540106773376,0.0,0.0,477,none,B1,sac_her_pickandplace_clean_2M
sac_her,action_reversal,0,0.0,-150.0,0.0,0.3549225360528287,150,0.0487315170466899,0.9882540106773376,0.0,0.0,478,none,B1,sac_her_pickandplace_clean_2M
sac_her,action_reversal,0,0.0,-150.0,0.0,0.3549225360528287,150,0.0487315170466899,0.9882540106773376,0.0,0.0,479,none,B1,sac_her_pickandplace_clean_2M
sac_her_recovery_v2,action_reversal,0,0.0,-150.0,0.0,0.3549225360528287,150,0.0625096559524536,0.9803165793418884,0.0,1.0,480,v2,B2,sac_her_pickandplace_clean_2M
sac_her_recovery_v2,action_reversal,0,0.0,-150.0,0.0,0.3549225360528287,150,0.0625096559524536,0.9803165793418884,0.0,1.0,481,v2,B2,sac_her_pickandplace_clean_2M
sac_her_recovery_v2,action_reversal,0,0.0,-150.0,0.0,0.3549225360528287,150,0.0625096559524536,0.9803165793418884,0.0,1.0,482,v2,B2,sac_her_pickandplace_clean_2M
sac_her_recovery_v2,action_reversal,0,0.0,-150.0,0.0,0.3549225360528287,150,0.0625096559524536,0.9803165793418884,0.0,1.0,483,v2,B2,sac_her_pickandplace_clean_2M
sac_her_recovery_v2,action_reversal,0,0.0,-150.0,0.0,0.3549225360528287,150,0.0625096559524536,0.9803165793418884,0.0,1.0,484,v2,B2,sac_her_pickandplace_clean_2M
sac_her_recovery_v2,action_reversal,0,0.0,-150.0,0.0,0.3549225360528287,150,0.0625096559524536,0.9803165793418884,0.0,1.0,485,v2,B2,sac_her_pickandplace_clean_2M
sac_her_recovery_v2,action_reversal,0,0.0,-150.0,0.0,0.3549225360528287,150,0.0625096559524536,0.9803165793418884,0.0,1.0,486,v2,B2,sac_her_pickandplace_clean_2M
sac_her_recovery_v2,action_reversal,0,0.0,-150.0,0.0,0.3549225360528287,150,0.0625096559524536,0.9803165793418884,0.0,1.0,487,v2,B2,sac_her_pickandplace_clean_2M
sac_her_recovery_v2,action_reversal,0,0.0,-150.0,0.0,0.3549225360528287,150,0.0625096559524536,0.9803165793418884,0.0,1.0,488,v2,B2,sac_her_pickandplace_clean_2M
sac_her_recovery_v2,action_reversal,0,0.0,-150.0,0.0,0.3549225360528287,150,0.0625096559524536,0.9803165793418884,0.0,1.0,489,v2,B2,sac_her_pickandplace_clean_2M
sac_her_recovery_v2,action_reversal,0,0.0,-150.0,0.0,0.3549225360528287,150,0.0625096559524536,0.9803165793418884,0.0,1.0,490,v2,B2,sac_her_pickandplace_clean_2M
sac_her_recovery_v2,action_reversal,0,0.0,-150.0,0.0,0.3549225360528287,150,0.0625096559524536,0.9803165793418884,0.0,1.0,491,v2,B2,sac_her_pickandplace_clean_2M
sac_her_recovery_v2,action_reversal,0,0.0,-150.0,0.0,0.3549225360528287,150,0.0625096559524536,0.9803165793418884,0.0,1.0,492,v2,B2,sac_her_pickandplace_clean_2M
sac_her_recovery_v2,action_reversal,0,0.0,-150.0,0.0,0.3549225360528287,150,0.0625096559524536,0.9803165793418884,0.0,1.0,493,v2,B2,sac_her_pickandplace_clean_2M
sac_her_recovery_v2,action_reversal,0,0.0,-150.0,0.0,0.3549225360528287,150,0.0625096559524536,0.9803165793418884,0.0,1.0,494,v2,B2,sac_her_pickandplace_clean_2M
sac_her_recovery_v2,action_reversal,0,0.0,-150.0,0.0,0.3549225360528287,150,0.0625096559524536,0.9803165793418884,0.0,1.0,495,v2,B2,sac_her_pickandplace_clean_2M
sac_her_recovery_v2,action_reversal,0,0.0,-150.0,0.0,0.3549225360528287,150,0.0625096559524536,0.9803165793418884,0.0,1.0,496,v2,B2,sac_her_pickandplace_clean_2M
sac_her_recovery_v2,action_reversal,0,0.0,-150.0,0.0,0.3549225360528287,150,0.0625096559524536,0.9803165793418884,0.0,1.0,497,v2,B2,sac_her_pickandplace_clean_2M
sac_her_recovery_v2,action_reversal,0,0.0,-150.0,0.0,0.3549225360528287,150,0.0625096559524536,0.9803165793418884,0.0,1.0,498,v2,B2,sac_her_pickandplace_clean_2M
sac_her_recovery_v2,action_reversal,0,0.0,-150.0,0.0,0.3549225360528287,150,0.0625096559524536,0.9803165793418884,0.0,1.0,499,v2,B2,sac_her_pickandplace_clean_2M
sac_her_recovery_v2,action_reversal,0,0.0,-150.0,0.0,0.3549225360528287,150,0.0625096559524536,0.9803165793418884,0.0,1.0,500,v2,B2,sac_her_pickandplace_clean_2M
sac_her_recovery_v2,action_reversal,0,0.0,-150.0,0.0,0.3549225360528287,150,0.0625096559524536,0.9803165793418884,0.0,1.0,501,v2,B2,sac_her_pickandplace_clean_2M
sac_her_recovery_v2,action_reversal,0,0.0,-150.0,0.0,0.3549225360528287,150,0.0625096559524536,0.9803165793418884,0.0,1.0,502,v2,B2,sac_her_pickandplace_clean_2M
sac_her_recovery_v2,action_reversal,0,0.0,-150.0,0.0,0.3549225360528287,150,0.0625096559524536,0.9803165793418884,0.0,1.0,503,v2,B2,sac_her_pickandplace_clean_2M
sac_her_recovery_v2,action_reversal,0,0.0,-150.0,0.0,0.3549225360528287,150,0.0625096559524536,0.9803165793418884,0.0,1.0,504,v2,B2,sac_her_pickandplace_clean_2M
sac_her_recovery_v2,action_reversal,0,0.0,-150.0,0.0,0.3549225360528287,150,0.0625096559524536,0.9803165793418884,0.0,1.0,505,v2,B2,sac_her_pickandplace_clean_2M
sac_her_recovery_v2,action_reversal,0,0.0,-150.0,0.0,0.3549225360528287,150,0.0625096559524536,0.9803165793418884,0.0,1.0,506,v2,B2,sac_her_pickandplace_clean_2M
sac_her_recovery_v2,action_reversal,0,0.0,-150.0,0.0,0.3549225360528287,150,0.0625096559524536,0.9803165793418884,0.0,1.0,507,v2,B2,sac_her_pickandplace_clean_2M
sac_her_recovery_v2,action_reversal,0,0.0,-150.0,0.0,0.3549225360528287,150,0.0625096559524536,0.9803165793418884,0.0,1.0,508,v2,B2,sac_her_pickandplace_clean_2M
sac_her_recovery_v2,action_reversal,0,0.0,-150.0,0.0,0.3549225360528287,150,0.0625096559524536,0.9803165793418884,0.0,1.0,509,v2,B2,sac_her_pickandplace_clean_2M
sac_her_recovery_v3,action_reversal,0,0.0,-150.0,0.0,0.3549225360528287,150,0.062198057770729,0.9660391211509703,0.0,1.0,510,v3,B3,sac_her_pickandplace_clean_2M
sac_her_recovery_v3,action_reversal,0,0.0,-150.0,0.0,0.3549225360528287,150,0.062198057770729,0.9660391211509703,0.0,1.0,511,v3,B3,sac_her_pickandplace_clean_2M
sac_her_recovery_v3,action_reversal,0,0.0,-150.0,0.0,0.3549225360528287,150,0.062198057770729,0.9660391211509703,0.0,1.0,512,v3,B3,sac_her_pickandplace_clean_2M
sac_her_recovery_v3,action_reversal,0,0.0,-150.0,0.0,0.3549225360528287,150,0.062198057770729,0.9660391211509703,0.0,1.0,513,v3,B3,sac_her_pickandplace_clean_2M
sac_her_recovery_v3,action_reversal,0,0.0,-150.0,0.0,0.3549225360528287,150,0.062198057770729,0.9660391211509703,0.0,1.0,514,v3,B3,sac_her_pickandplace_clean_2M
sac_her_recovery_v3,action_reversal,0,0.0,-150.0,0.0,0.3549225360528287,150,0.062198057770729,0.9660391211509703,0.0,1.0,515,v3,B3,sac_her_pickandplace_clean_2M
sac_her_recovery_v3,action_reversal,0,0.0,-150.0,0.0,0.3549225360528287,150,0.062198057770729,0.9660391211509703,0.0,1.0,516,v3,B3,sac_her_pickandplace_clean_2M
sac_her_recovery_v3,action_reversal,0,0.0,-150.0,0.0,0.3549225360528287,150,0.062198057770729,0.9660391211509703,0.0,1.0,517,v3,B3,sac_her_pickandplace_clean_2M
sac_her_recovery_v3,action_reversal,0,0.0,-150.0,0.0,0.3549225360528287,150,0.062198057770729,0.9660391211509703,0.0,1.0,518,v3,B3,sac_her_pickandplace_clean_2M
sac_her_recovery_v3,action_reversal,0,0.0,-150.0,0.0,0.3549225360528287,150,0.062198057770729,0.9660391211509703,0.0,1.0,519,v3,B3,sac_her_pickandplace_clean_2M
sac_her_recovery_v3,action_reversal,0,0.0,-150.0,0.0,0.3549225360528287,150,0.062198057770729,0.9660391211509703,0.0,1.0,520,v3,B3,sac_her_pickandplace_clean_2M
sac_her_recovery_v3,action_reversal,0,0.0,-150.0,0.0,0.3549225360528287,150,0.062198057770729,0.9660391211509703,0.0,1.0,521,v3,B3,sac_her_pickandplace_clean_2M
sac_her_recovery_v3,action_reversal,0,0.0,-150.0,0.0,0.3549225360528287,150,0.062198057770729,0.9660391211509703,0.0,1.0,522,v3,B3,sac_her_pickandplace_clean_2M
sac_her_recovery_v3,action_reversal,0,0.0,-150.0,0.0,0.3549225360528287,150,0.062198057770729,0.9660391211509703,0.0,1.0,523,v3,B3,sac_her_pickandplace_clean_2M
sac_her_recovery_v3,action_reversal,0,0.0,-150.0,0.0,0.3549225360528287,150,0.062198057770729,0.9660391211509703,0.0,1.0,524,v3,B3,sac_her_pickandplace_clean_2M
sac_her_recovery_v3,action_reversal,0,0.0,-150.0,0.0,0.3549225360528287,150,0.062198057770729,0.9660391211509703,0.0,1.0,525,v3,B3,sac_her_pickandplace_clean_2M
sac_her_recovery_v3,action_reversal,0,0.0,-150.0,0.0,0.3549225360528287,150,0.062198057770729,0.9660391211509703,0.0,1.0,526,v3,B3,sac_her_pickandplace_clean_2M
sac_her_recovery_v3,action_reversal,0,0.0,-150.0,0.0,0.3549225360528287,150,0.062198057770729,0.9660391211509703,0.0,1.0,527,v3,B3,sac_her_pickandplace_clean_2M
sac_her_recovery_v3,action_reversal,0,0.0,-150.0,0.0,0.3549225360528287,150,0.062198057770729,0.9660391211509703,0.0,1.0,528,v3,B3,sac_her_pickandplace_clean_2M
sac_her_recovery_v3,action_reversal,0,0.0,-150.0,0.0,0.3549225360528287,150,0.062198057770729,0.9660391211509703,0.0,1.0,529,v3,B3,sac_her_pickandplace_clean_2M
sac_her_recovery_v3,action_reversal,0,0.0,-150.0,0.0,0.3549225360528287,150,0.062198057770729,0.9660391211509703,0.0,1.0,530,v3,B3,sac_her_pickandplace_clean_2M
sac_her_recovery_v3,action_reversal,0,0.0,-150.0,0.0,0.3549225360528287,150,0.062198057770729,0.9660391211509703,0.0,1.0,531,v3,B3,sac_her_pickandplace_clean_2M
sac_her_recovery_v3,action_reversal,0,0.0,-150.0,0.0,0.3549225360528287,150,0.062198057770729,0.9660391211509703,0.0,1.0,532,v3,B3,sac_her_pickandplace_clean_2M
sac_her_recovery_v3,action_reversal,0,0.0,-150.0,0.0,0.3549225360528287,150,0.062198057770729,0.9660391211509703,0.0,1.0,533,v3,B3,sac_her_pickandplace_clean_2M
sac_her_recovery_v3,action_reversal,0,0.0,-150.0,0.0,0.3549225360528287,150,0.062198057770729,0.9660391211509703,0.0,1.0,534,v3,B3,sac_her_pickandplace_clean_2M
sac_her_recovery_v3,action_reversal,0,0.0,-150.0,0.0,0.3549225360528287,150,0.062198057770729,0.9660391211509703,0.0,1.0,535,v3,B3,sac_her_pickandplace_clean_2M
sac_her_recovery_v3,action_reversal,0,0.0,-150.0,0.0,0.3549225360528287,150,0.062198057770729,0.9660391211509703,0.0,1.0,536,v3,B3,sac_her_pickandplace_clean_2M
sac_her_recovery_v3,action_reversal,0,0.0,-150.0,0.0,0.3549225360528287,150,0.062198057770729,0.9660391211509703,0.0,1.0,537,v3,B3,sac_her_pickandplace_clean_2M
sac_her_recovery_v3,action_reversal,0,0.0,-150.0,0.0,0.3549225360528287,150,0.062198057770729,0.9660391211509703,0.0,1.0,538,v3,B3,sac_her_pickandplace_clean_2M
sac_her_recovery_v3,action_reversal,0,0.0,-150.0,0.0,0.3549225360528287,150,0.062198057770729,0.9660391211509703,0.0,1.0,539,v3,B3,sac_her_pickandplace_clean_2M
sac_her,goal_spoof_immediate,0,0.1,-148.0,0.0,0.0581168151038681,150,0.1200189366936683,0.9717902541160583,0.0,0.0,540,none,B1,sac_her_pickandplace_clean_2M
sac_her,goal_spoof_immediate,0,0.1,-24.0,1.0,0.0475046855156602,150,0.0753219872713089,1.223321557044983,0.0,0.0,541,none,B1,sac_her_pickandplace_clean_2M
sac_her,goal_spoof_immediate,0,0.1,-148.0,0.0,0.0722555183975215,150,0.0825762003660202,0.9518799781799316,0.0,0.0,542,none,B1,sac_her_pickandplace_clean_2M
sac_her,goal_spoof_immediate,0,0.1,-150.0,0.0,0.0989267651799503,150,1.424260497093201,1.2942323684692385,0.0,0.0,543,none,B1,sac_her_pickandplace_clean_2M
sac_her,goal_spoof_immediate,0,0.1,-150.0,0.0,0.0879207449942828,150,0.8486781716346741,1.1366151571273804,0.0,0.0,544,none,B1,sac_her_pickandplace_clean_2M
sac_her,goal_spoof_immediate,0,0.1,-63.0,0.0,0.0516185217010681,150,0.0810128599405288,1.3301633596420288,0.0,0.0,545,none,B1,sac_her_pickandplace_clean_2M
sac_her,goal_spoof_immediate,0,0.1,-150.0,0.0,0.1249171256464238,150,0.0666029080748558,1.3141870498657229,0.0,0.0,546,none,B1,sac_her_pickandplace_clean_2M
sac_her,goal_spoof_immediate,0,0.1,-150.0,0.0,0.0855135917447959,150,1.0998499393463137,1.1979938745498655,0.0,0.0,547,none,B1,sac_her_pickandplace_clean_2M
sac_her,goal_spoof_immediate,0,0.1,-150.0,0.0,0.0989234445072543,150,0.8432322144508362,1.1538140773773191,0.0,0.0,548,none,B1,sac_her_pickandplace_clean_2M
sac_her,goal_spoof_immediate,0,0.1,-150.0,0.0,0.0975986746816808,150,1.1179784536361694,1.2002146244049072,0.0,0.0,549,none,B1,sac_her_pickandplace_clean_2M
sac_her,goal_spoof_immediate,0,0.1,-135.0,0.0,0.0506065298212248,150,0.0801061987876892,1.2507251501083374,0.0,0.0,550,none,B1,sac_her_pickandplace_clean_2M
sac_her,goal_spoof_immediate,0,0.1,-147.0,0.0,0.0853130044738702,150,0.0781070068478584,1.0270155668258667,0.0,0.0,551,none,B1,sac_her_pickandplace_clean_2M
sac_her,goal_spoof_immediate,0,0.1,-145.0,0.0,0.0715681296583576,150,0.0771256759762764,1.3202601671218872,0.0,0.0,552,none,B1,sac_her_pickandplace_clean_2M
sac_her,goal_spoof_immediate,0,0.1,-150.0,0.0,0.0805458168478129,150,1.3387237787246704,1.263979434967041,0.0,0.0,553,none,B1,sac_her_pickandplace_clean_2M
sac_her,goal_spoof_immediate,0,0.1,-150.0,0.0,0.1250285817644722,150,0.8963696956634521,1.1571030616760254,0.0,0.0,554,none,B1,sac_her_pickandplace_clean_2M
sac_her,goal_spoof_immediate,0,0.1,-150.0,0.0,0.0509876413522437,150,0.0775005593895912,1.2849351167678833,0.0,0.0,555,none,B1,sac_her_pickandplace_clean_2M
sac_her,goal_spoof_immediate,0,0.1,-150.0,0.0,0.134985138906003,150,1.4746153354644775,1.29700767993927,0.0,0.0,556,none,B1,sac_her_pickandplace_clean_2M
sac_her,goal_spoof_immediate,0,0.1,-150.0,0.0,0.1085265915247109,150,0.0703711286187172,1.3048397302627563,0.0,0.0,557,none,B1,sac_her_pickandplace_clean_2M
sac_her,goal_spoof_immediate,0,0.1,-150.0,0.0,0.0813563346436438,150,0.0764244124293327,1.1632704734802246,0.0,0.0,558,none,B1,sac_her_pickandplace_clean_2M
sac_her,goal_spoof_immediate,0,0.1,-150.0,0.0,0.1132647928244441,150,1.0985177755355835,1.1298822164535522,0.0,0.0,559,none,B1,sac_her_pickandplace_clean_2M
sac_her,goal_spoof_immediate,0,0.1,-147.0,0.0,0.1100445626634479,150,0.0776055678725242,1.303827881813049,0.0,0.0,560,none,B1,sac_her_pickandplace_clean_2M
sac_her,goal_spoof_immediate,0,0.1,-150.0,0.0,0.1139432545885607,150,1.1671984195709229,1.187623143196106,0.0,0.0,561,none,B1,sac_her_pickandplace_clean_2M
sac_her,goal_spoof_immediate,0,0.1,-150.0,0.0,0.127350500979169,150,0.494647741317749,0.9946428537368774,0.0,0.0,562,none,B1,sac_her_pickandplace_clean_2M
sac_her,goal_spoof_immediate,0,0.1,-104.0,0.0,0.0545008319985848,150,0.7023524641990662,1.0423272848129272,0.0,0.0,563,none,B1,sac_her_pickandplace_clean_2M
sac_her,goal_spoof_immediate,0,0.1,-150.0,0.0,0.1209217608584202,150,0.8463253378868103,1.147551417350769,0.0,0.0,564,none,B1,sac_her_pickandplace_clean_2M
sac_her,goal_spoof_immediate,0,0.1,-150.0,0.0,0.0891758915488109,150,0.8100070953369141,1.1445050239562988,0.0,0.0,565,none,B1,sac_her_pickandplace_clean_2M
sac_her,goal_spoof_immediate,0,0.1,-150.0,0.0,0.11404396852901,150,0.0956582799553871,1.3053594827651978,0.0,0.0,566,none,B1,sac_her_pickandplace_clean_2M
sac_her,goal_spoof_immediate,0,0.1,-150.0,0.0,0.1036643071257374,150,1.1776297092437744,1.2311255931854248,0.0,0.0,567,none,B1,sac_her_pickandplace_clean_2M
sac_her,goal_spoof_immediate,0,0.1,-146.0,0.0,0.0721158707228712,150,0.0800393596291542,1.237249493598938,0.0,0.0,568,none,B1,sac_her_pickandplace_clean_2M
sac_her,goal_spoof_immediate,0,0.1,-147.0,0.0,0.0595059488988012,150,0.0958872139453888,0.9312294721603394,0.0,0.0,569,none,B1,sac_her_pickandplace_clean_2M
sac_her_recovery_v2,goal_spoof_immediate,0,0.1,-150.0,0.0,0.0827405708480003,150,0.090762972831726,1.270069599151611,0.0,0.0,570,v2,B2,sac_her_pickandplace_clean_2M
sac_her_recovery_v2,goal_spoof_immediate,0,0.1,-150.0,0.0,0.051619289264393,150,0.0912730246782302,1.3085228204727173,0.0,1.0,571,v2,B2,sac_her_pickandplace_clean_2M
sac_her_recovery_v2,goal_spoof_immediate,0,0.1,-150.0,0.0,0.0796293800890601,150,1.16057026386261,1.2126435041427612,0.0,0.0,572,v2,B2,sac_her_pickandplace_clean_2M
sac_her_recovery_v2,goal_spoof_immediate,0,0.1,-150.0,0.0,0.0692593971192602,150,0.1012689173221588,1.2800447940826416,0.0,1.0,573,v2,B2,sac_her_pickandplace_clean_2M
sac_her_recovery_v2,goal_spoof_immediate,0,0.1,-149.0,0.0,0.0629231295408004,150,1.100968360900879,1.1978594064712524,0.0,0.0,574,v2,B2,sac_her_pickandplace_clean_2M
sac_her_recovery_v2,goal_spoof_immediate,0,0.1,-134.0,0.0,0.0514520877497041,150,0.0779284015297889,1.0991427898406982,0.0,0.0,575,v2,B2,sac_her_pickandplace_clean_2M
sac_her_recovery_v2,goal_spoof_immediate,0,0.1,-12.0,1.0,0.0374012570881427,150,0.0909796431660652,1.3075244426727295,0.0,0.0,576,v2,B2,sac_her_pickandplace_clean_2M
sac_her_recovery_v2,goal_spoof_immediate,0,0.1,-150.0,0.0,0.1159357397471526,150,1.161563515663147,1.2011215686798096,0.0,0.0,577,v2,B2,sac_her_pickandplace_clean_2M
sac_her_recovery_v2,goal_spoof_immediate,0,0.1,-150.0,0.0,0.1044268707706797,150,1.0092260837554932,1.1859450340270996,0.0,0.0,578,v2,B2,sac_her_pickandplace_clean_2M
sac_her_recovery_v2,goal_spoof_immediate,0,0.1,-14.0,1.0,0.0387901862186922,150,0.0795936733484268,1.2696126699447632,0.0,0.0,579,v2,B2,sac_her_pickandplace_clean_2M
sac_her_recovery_v2,goal_spoof_immediate,0,0.1,-150.0,0.0,0.1336739202836774,150,1.292523741722107,1.2386977672576904,0.0,0.0,580,v2,B2,sac_her_pickandplace_clean_2M
sac_her_recovery_v2,goal_spoof_immediate,0,0.1,-148.0,0.0,0.0870782511683052,150,0.084987036883831,0.941449761390686,0.0,0.0,581,v2,B2,sac_her_pickandplace_clean_2M
sac_her_recovery_v2,goal_spoof_immediate,0,0.1,-149.0,0.0,0.0578980064017997,150,1.072481632232666,1.184785008430481,0.0,0.0,582,v2,B2,sac_her_pickandplace_clean_2M
sac_her_recovery_v2,goal_spoof_immediate,0,0.1,-149.0,0.0,0.1006385786105334,150,1.209089279174805,1.219659686088562,0.0,1.0,583,v2,B2,sac_her_pickandplace_clean_2M
sac_her_recovery_v2,goal_spoof_immediate,0,0.1,-11.0,1.0,0.0337726740832918,150,0.0983089879155159,1.2069649696350098,0.0,1.0,584,v2,B2,sac_her_pickandplace_clean_2M
sac_her_recovery_v2,goal_spoof_immediate,0,0.1,-150.0,0.0,0.088838103297677,150,0.0989219024777412,0.9103578925132751,0.0,0.0,585,v2,B2,sac_her_pickandplace_clean_2M
sac_her_recovery_v2,goal_spoof_immediate,0,0.1,-150.0,0.0,0.0738880312314729,150,0.0778983235359191,1.0299489498138428,0.0,0.0,586,v2,B2,sac_her_pickandplace_clean_2M
sac_her_recovery_v2,goal_spoof_immediate,0,0.1,-12.0,1.0,0.0456825808366502,150,0.0830871760845184,1.2033153772354126,0.0,0.0,587,v2,B2,sac_her_pickandplace_clean_2M
sac_her_recovery_v2,goal_spoof_immediate,0,0.1,-150.0,0.0,0.091999237948653,150,1.063833713531494,1.16712486743927,0.0,0.0,588,v2,B2,sac_her_pickandplace_clean_2M
sac_her_recovery_v2,goal_spoof_immediate,0,0.1,-146.0,0.0,0.0911915396483294,150,0.0850212424993515,1.257236123085022,0.0,0.0,589,v2,B2,sac_her_pickandplace_clean_2M
sac_her_recovery_v2,goal_spoof_immediate,0,0.1,-147.0,0.0,0.0954835613910583,150,0.0796454548835754,1.3092982769012451,0.0,0.0,590,v2,B2,sac_her_pickandplace_clean_2M
sac_her_recovery_v2,goal_spoof_immediate,0,0.1,-12.0,1.0,0.0049290671040615,150,0.0773988664150238,1.0641107559204102,0.0,0.0,591,v2,B2,sac_her_pickandplace_clean_2M
sac_her_recovery_v2,goal_spoof_immediate,0,0.1,-121.0,0.0,0.0518461312091023,150,0.0770766213536262,1.210690975189209,0.0,0.0,592,v2,B2,sac_her_pickandplace_clean_2M
sac_her_recovery_v2,goal_spoof_immediate,0,0.1,-150.0,0.0,0.1011439976968795,150,0.1344060003757476,1.0684950351715088,0.0,0.0,593,v2,B2,sac_her_pickandplace_clean_2M
sac_her_recovery_v2,goal_spoof_immediate,0,0.1,-149.0,0.0,0.0576828414690451,150,1.0445873737335205,1.145058035850525,0.0,0.0,594,v2,B2,sac_her_pickandplace_clean_2M
sac_her_recovery_v2,goal_spoof_immediate,0,0.1,-150.0,0.0,0.1090769857230592,150,0.0631351619958877,1.3513402938842771,0.0,0.0,595,v2,B2,sac_her_pickandplace_clean_2M
sac_her_recovery_v2,goal_spoof_immediate,0,0.1,-138.0,0.0,0.0870246581432314,150,1.3657437562942505,1.2465733289718628,0.0,1.0,596,v2,B2,sac_her_pickandplace_clean_2M
sac_her_recovery_v2,goal_spoof_immediate,0,0.1,-150.0,0.0,0.064737658851276,150,0.0795042514801025,1.0342835187911987,0.0,0.0,597,v2,B2,sac_her_pickandplace_clean_2M
sac_her_recovery_v2,goal_spoof_immediate,0,0.1,-147.0,0.0,0.0816163498525255,150,0.0912929251790046,1.1632901430130005,0.0,0.0,598,v2,B2,sac_her_pickandplace_clean_2M
sac_her_recovery_v2,goal_spoof_immediate,0,0.1,-130.0,0.0,0.0787306151655854,150,0.0973330810666084,1.0748392343521118,0.0,1.0,599,v2,B2,sac_her_pickandplace_clean_2M
sac_her_recovery_v3,goal_spoof_immediate,0,0.1,-142.0,0.0,0.0833809833589207,150,0.8773090839385986,1.0553147792816162,0.0,1.0,600,v3,B3,sac_her_pickandplace_clean_2M
sac_her_recovery_v3,goal_spoof_immediate,0,0.1,-150.0,0.0,0.0762241058285152,150,0.8728976845741272,1.1289489269256592,0.0,0.0,601,v3,B3,sac_her_pickandplace_clean_2M
sac_her_recovery_v3,goal_spoof_immediate,0,0.1,-150.0,0.0,0.0968401135728752,150,1.2224160432815552,1.241997241973877,0.0,0.0,602,v3,B3,sac_her_pickandplace_clean_2M
sac_her_recovery_v3,goal_spoof_immediate,0,0.1,-139.0,0.0,0.0824149298098982,150,0.1012394353747367,1.1278167963027954,0.0,1.0,603,v3,B3,sac_her_pickandplace_clean_2M
sac_her_recovery_v3,goal_spoof_immediate,0,0.1,-150.0,0.0,0.1534647751747353,150,0.7236204743385315,1.1186060905456543,0.0,0.0,604,v3,B3,sac_her_pickandplace_clean_2M
sac_her_recovery_v3,goal_spoof_immediate,0,0.1,-150.0,0.0,0.3549225360528287,150,0.5059719681739807,1.5428228378295898,1.0,1.0,605,v3,B3,sac_her_pickandplace_clean_2M
sac_her_recovery_v3,goal_spoof_immediate,0,0.1,-150.0,0.0,0.3549225360528287,150,0.5327313542366028,1.5501188039779663,1.0,1.0,606,v3,B3,sac_her_pickandplace_clean_2M
sac_her_recovery_v3,goal_spoof_immediate,0,0.1,-150.0,0.0,0.1342711540653675,150,1.0378305912017822,1.1745387315750122,0.0,0.0,607,v3,B3,sac_her_pickandplace_clean_2M
sac_her_recovery_v3,goal_spoof_immediate,0,0.1,-12.0,1.0,0.0478116569135302,150,0.0768456608057022,1.0897914171218872,0.0,0.0,608,v3,B3,sac_her_pickandplace_clean_2M
sac_her_recovery_v3,goal_spoof_immediate,0,0.1,-150.0,0.0,0.1178640884428575,150,0.0758986920118331,1.1633148193359375,0.0,0.0,609,v3,B3,sac_her_pickandplace_clean_2M
sac_her_recovery_v3,goal_spoof_immediate,0,0.1,-150.0,0.0,0.0920867513797616,150,0.1136540919542312,1.1401102542877195,0.0,1.0,610,v3,B3,sac_her_pickandplace_clean_2M
sac_her_recovery_v3,goal_spoof_immediate,0,0.1,-150.0,0.0,0.3549225360528287,150,0.5235278010368347,1.5542364120483398,1.0,1.0,611,v3,B3,sac_her_pickandplace_clean_2M
sac_her_recovery_v3,goal_spoof_immediate,0,0.1,-150.0,0.0,0.0937270787351794,150,0.0772871151566505,0.962295949459076,0.0,0.0,612,v3,B3,sac_her_pickandplace_clean_2M
sac_her_recovery_v3,goal_spoof_immediate,0,0.1,-150.0,0.0,0.1229885431058639,150,1.3515220880508425,1.2798938751220703,0.0,0.0,613,v3,B3,sac_her_pickandplace_clean_2M
sac_her_recovery_v3,goal_spoof_immediate,0,0.1,-150.0,0.0,0.1192892959462669,150,1.4817955493927002,1.2931742668151855,0.0,0.0,614,v3,B3,sac_her_pickandplace_clean_2M
sac_her_recovery_v3,goal_spoof_immediate,0,0.1,-150.0,0.0,0.0957497240756541,150,1.416763424873352,1.2704602479934692,0.0,0.0,615,v3,B3,sac_her_pickandplace_clean_2M
sac_her_recovery_v3,goal_spoof_immediate,0,0.1,-150.0,0.0,0.0893424287337393,150,0.0807200074195861,1.088168740272522,0.0,0.0,616,v3,B3,sac_her_pickandplace_clean_2M
sac_her_recovery_v3,goal_spoof_immediate,0,0.1,-150.0,0.0,0.1030681484045623,150,0.0788417160511016,1.0522713661193848,0.0,0.0,617,v3,B3,sac_her_pickandplace_clean_2M
sac_her_recovery_v3,goal_spoof_immediate,0,0.1,-150.0,0.0,0.1009345741429967,150,0.0909700170159339,1.2593438625335691,0.0,0.0,618,v3,B3,sac_her_pickandplace_clean_2M
sac_her_recovery_v3,goal_spoof_immediate,0,0.1,-134.0,0.0,0.0578315113133179,150,0.0972867384552955,1.2865911722183228,0.0,1.0,619,v3,B3,sac_her_pickandplace_clean_2M
sac_her_recovery_v3,goal_spoof_immediate,0,0.1,-150.0,0.0,0.0867648125628824,150,0.1035654321312904,1.1955894231796265,0.0,1.0,620,v3,B3,sac_her_pickandplace_clean_2M
sac_her_recovery_v3,goal_spoof_immediate,0,0.1,-20.0,1.0,0.0386074117165125,150,0.9780337810516356,1.1445804834365845,0.0,0.0,621,v3,B3,sac_her_pickandplace_clean_2M
sac_her_recovery_v3,goal_spoof_immediate,0,0.1,-12.0,1.0,0.0443565317632423,150,0.5503471493721008,0.9968824982643129,0.0,0.0,622,v3,B3,sac_her_pickandplace_clean_2M
sac_her_recovery_v3,goal_spoof_immediate,0,0.1,-144.0,0.0,0.0589275089863534,150,0.0796466693282127,1.174169659614563,0.0,0.0,623,v3,B3,sac_her_pickandplace_clean_2M
sac_her_recovery_v3,goal_spoof_immediate,0,0.1,-150.0,0.0,0.3549225360528287,150,0.5548042058944702,1.5536683797836304,1.0,1.0,624,v3,B3,sac_her_pickandplace_clean_2M
sac_her_recovery_v3,goal_spoof_immediate,0,0.1,-139.0,0.0,0.0503420038372997,150,0.0783973336219787,1.3260602951049805,0.0,0.0,625,v3,B3,sac_her_pickandplace_clean_2M
sac_her_recovery_v3,goal_spoof_immediate,0,0.1,-150.0,0.0,0.3549225360528287,150,0.5278122425079346,1.5592153072357178,1.0,1.0,626,v3,B3,sac_her_pickandplace_clean_2M
sac_her_recovery_v3,goal_spoof_immediate,0,0.1,-150.0,0.0,0.1060750364052483,150,0.1595947444438934,0.9235833883285522,0.0,1.0,627,v3,B3,sac_her_pickandplace_clean_2M
sac_her_recovery_v3,goal_spoof_immediate,0,0.1,-150.0,0.0,0.1022499802665716,150,1.0470001697540283,1.1886790990829468,0.0,0.0,628,v3,B3,sac_her_pickandplace_clean_2M
sac_her_recovery_v3,goal_spoof_immediate,0,0.1,-149.0,0.0,0.0667912417825848,150,0.0847402140498161,0.960485339164734,0.0,0.0,629,v3,B3,sac_her_pickandplace_clean_2M
sac_her,goal_spoof_midep,0,0.1,-102.0,0.0,0.061160706602261,150,0.4345594644546509,1.0030611753463743,0.0,0.0,630,none,B1,sac_her_pickandplace_clean_2M
sac_her,goal_spoof_midep,0,0.1,-100.0,0.0,0.0570618176247383,150,0.1890932470560073,0.9592723846435548,0.0,0.0,631,none,B1,sac_her_pickandplace_clean_2M
sac_her,goal_spoof_midep,0,0.1,-101.0,0.0,0.1394120204718676,150,0.757064163684845,1.140489101409912,0.0,0.0,632,none,B1,sac_her_pickandplace_clean_2M
sac_her,goal_spoof_midep,0,0.1,-101.0,0.0,0.1330440662686756,150,0.8040162920951843,1.1549997329711914,0.0,0.0,633,none,B1,sac_her_pickandplace_clean_2M
sac_her,goal_spoof_midep,0,0.1,-101.0,0.0,0.095769790069491,150,0.1077621132135391,1.103119730949402,0.0,0.0,634,none,B1,sac_her_pickandplace_clean_2M
sac_her,goal_spoof_midep,0,0.1,-99.0,0.0,0.1059752805128515,150,0.1130529418587684,1.008135437965393,0.0,0.0,635,none,B1,sac_her_pickandplace_clean_2M
sac_her,goal_spoof_midep,0,0.1,-100.0,0.0,0.0948035693942035,150,0.1066881045699119,1.1338629722595217,0.0,0.0,636,none,B1,sac_her_pickandplace_clean_2M
sac_her,goal_spoof_midep,0,0.1,-100.0,0.0,0.0995204154389998,150,0.1083426028490066,1.2218639850616455,0.0,0.0,637,none,B1,sac_her_pickandplace_clean_2M
sac_her,goal_spoof_midep,0,0.1,-101.0,0.0,0.0818240222146448,150,0.1286171227693557,0.9475326538085938,0.0,0.0,638,none,B1,sac_her_pickandplace_clean_2M
sac_her,goal_spoof_midep,0,0.1,-101.0,0.0,0.0778175190879901,150,0.5273339748382568,1.0093114376068115,0.0,0.0,639,none,B1,sac_her_pickandplace_clean_2M
sac_her,goal_spoof_midep,0,0.1,-102.0,0.0,0.1051572857634281,150,0.9781177639961244,1.1906479597091677,0.0,0.0,640,none,B1,sac_her_pickandplace_clean_2M
sac_her,goal_spoof_midep,0,0.1,-99.0,0.0,0.0630181895453419,150,0.1017116382718086,1.0294097661972046,0.0,0.0,641,none,B1,sac_her_pickandplace_clean_2M
sac_her,goal_spoof_midep,0,0.1,-101.0,0.0,0.0904785915137065,150,1.015572190284729,1.2037103176116943,0.0,0.0,642,none,B1,sac_her_pickandplace_clean_2M
sac_her,goal_spoof_midep,0,0.1,-101.0,0.0,0.1134175085449582,150,0.828238844871521,1.1530234813690186,0.0,0.0,643,none,B1,sac_her_pickandplace_clean_2M
sac_her,goal_spoof_midep,0,0.1,-99.0,0.0,0.0732028614234082,150,0.1076732501387596,1.1949577331542969,0.0,0.0,644,none,B1,sac_her_pickandplace_clean_2M
sac_her,goal_spoof_midep,0,0.1,-101.0,0.0,0.0972007659233879,150,0.1357326209545135,1.0505249500274658,0.0,0.0,645,none,B1,sac_her_pickandplace_clean_2M
sac_her,goal_spoof_midep,0,0.1,-101.0,0.0,0.0830685239455037,150,0.9208496809005736,1.1768170595169067,0.0,0.0,646,none,B1,sac_her_pickandplace_clean_2M
sac_her,goal_spoof_midep,0,0.1,-101.0,0.0,0.1184643151823575,150,0.1112769320607185,1.0207182168960571,0.0,0.0,647,none,B1,sac_her_pickandplace_clean_2M
sac_her,goal_spoof_midep,0,0.1,-101.0,0.0,0.1142821940291963,150,0.823053240776062,1.1552700996398926,0.0,0.0,648,none,B1,sac_her_pickandplace_clean_2M
sac_her,goal_spoof_midep,0,0.1,-101.0,0.0,0.1145227786460101,150,0.1084449142217636,1.0365562438964844,0.0,0.0,649,none,B1,sac_her_pickandplace_clean_2M
sac_her,goal_spoof_midep,0,0.1,-99.0,0.0,0.0586439679152113,150,0.1087218150496482,1.22173011302948,0.0,0.0,650,none,B1,sac_her_pickandplace_clean_2M
sac_her,goal_spoof_midep,0,0.1,-12.0,1.0,0.0487394394315575,150,0.098951444029808,1.1670727729797363,0.0,0.0,651,none,B1,sac_her_pickandplace_clean_2M
sac_her,goal_spoof_midep,0,0.1,-100.0,0.0,0.0633470158029563,150,0.9640473127365112,1.1823549270629885,0.0,0.0,652,none,B1,sac_her_pickandplace_clean_2M
sac_her,goal_spoof_midep,0,0.1,-99.0,0.0,0.0862564318081024,150,0.1078701913356781,1.1094571352005005,0.0,0.0,653,none,B1,sac_her_pickandplace_clean_2M
sac_her,goal_spoof_midep,0,0.1,-99.0,0.0,0.0843540998098406,150,0.1057462021708488,1.2068500518798828,0.0,0.0,654,none,B1,sac_her_pickandplace_clean_2M
sac_her,goal_spoof_midep,0,0.1,-98.0,0.0,0.054777483617564,150,0.1139494329690933,1.1708225011825562,0.0,0.0,655,none,B1,sac_her_pickandplace_clean_2M
sac_her,goal_spoof_midep,0,0.1,-12.0,1.0,0.0407079687463122,150,0.5881708860397339,1.0424773693084717,0.0,0.0,656,none,B1,sac_her_pickandplace_clean_2M
sac_her,goal_spoof_midep,0,0.1,-12.0,1.0,0.0142193365728629,150,0.0970240905880928,1.1661001443862915,0.0,0.0,657,none,B1,sac_her_pickandplace_clean_2M
sac_her,goal_spoof_midep,0,0.1,-101.0,0.0,0.123050836678994,150,0.8397489786148071,1.1629557609558103,0.0,0.0,658,none,B1,sac_her_pickandplace_clean_2M
sac_her,goal_spoof_midep,0,0.1,-102.0,0.0,0.0926079069107338,150,0.1708488911390304,0.970083236694336,0.0,0.0,659,none,B1,sac_her_pickandplace_clean_2M
sac_her_recovery_v2,goal_spoof_midep,0,0.1,-101.0,0.0,0.105572877510452,150,0.8042092323303223,1.1509652137756348,0.0,0.0,660,v2,B2,sac_her_pickandplace_clean_2M
sac_her_recovery_v2,goal_spoof_midep,0,0.1,-12.0,1.0,0.0442521511557208,150,0.9206553101539612,1.1613397598266602,0.0,0.0,661,v2,B2,sac_her_pickandplace_clean_2M
sac_her_recovery_v2,goal_spoof_midep,0,0.1,-102.0,0.0,0.110003815272806,150,1.027895450592041,1.2048543691635132,0.0,0.0,662,v2,B2,sac_her_pickandplace_clean_2M
sac_her_recovery_v2,goal_spoof_midep,0,0.1,-101.0,0.0,0.1117637979130952,150,0.1307687610387802,0.974822163581848,0.0,0.0,663,v2,B2,sac_her_pickandplace_clean_2M
sac_her_recovery_v2,goal_spoof_midep,0,0.1,-101.0,0.0,0.087910968712969,150,0.7905918955802917,1.1320819854736328,0.0,0.0,664,v2,B2,sac_her_pickandplace_clean_2M
sac_her_recovery_v2,goal_spoof_midep,0,0.1,-99.0,0.0,0.0596151230113301,150,0.1151210442185401,1.048126220703125,0.0,0.0,665,v2,B2,sac_her_pickandplace_clean_2M
sac_her_recovery_v2,goal_spoof_midep,0,0.1,-101.0,0.0,0.1055582983045411,150,0.7787967920303345,1.09617018699646,0.0,0.0,666,v2,B2,sac_her_pickandplace_clean_2M
sac_her_recovery_v2,goal_spoof_midep,0,0.1,-101.0,0.0,0.0710895267483492,150,0.9530682563781738,1.1835932731628418,0.0,0.0,667,v2,B2,sac_her_pickandplace_clean_2M
sac_her_recovery_v2,goal_spoof_midep,0,0.1,-84.0,0.0,0.109005969843654,150,0.1324858665466308,1.0536904335021973,0.0,1.0,668,v2,B2,sac_her_pickandplace_clean_2M
sac_her_recovery_v2,goal_spoof_midep,0,0.1,-102.0,0.0,0.0824160737853381,150,0.8107089400291443,1.1040209531784058,0.0,0.0,669,v2,B2,sac_her_pickandplace_clean_2M
sac_her_recovery_v2,goal_spoof_midep,0,0.1,-101.0,0.0,0.0987319352708207,150,0.837447464466095,1.156655192375183,0.0,0.0,670,v2,B2,sac_her_pickandplace_clean_2M
sac_her_recovery_v2,goal_spoof_midep,0,0.1,-99.0,0.0,0.0579621722262226,150,0.9474972486495972,1.1788400411605835,0.0,0.0,671,v2,B2,sac_her_pickandplace_clean_2M
sac_her_recovery_v2,goal_spoof_midep,0,0.1,-101.0,0.0,0.1044100313918372,150,0.1421423852443695,0.9417773485183716,0.0,0.0,672,v2,B2,sac_her_pickandplace_clean_2M
sac_her_recovery_v2,goal_spoof_midep,0,0.1,-102.0,0.0,0.0778053652605572,150,0.7408038377761841,1.0947046279907229,0.0,0.0,673,v2,B2,sac_her_pickandplace_clean_2M
sac_her_recovery_v2,goal_spoof_midep,0,0.1,-101.0,0.0,0.1016231016303314,150,0.9010015726089478,1.1697036027908323,0.0,0.0,674,v2,B2,sac_her_pickandplace_clean_2M
sac_her_recovery_v2,goal_spoof_midep,0,0.1,-101.0,0.0,0.1135729424169703,150,0.1252422779798507,0.9881801605224608,0.0,0.0,675,v2,B2,sac_her_pickandplace_clean_2M
sac_her_recovery_v2,goal_spoof_midep,0,0.1,-54.0,0.0,0.0553531424435437,150,0.90032958984375,1.16215980052948,0.0,0.0,676,v2,B2,sac_her_pickandplace_clean_2M
sac_her_recovery_v2,goal_spoof_midep,0,0.1,-101.0,0.0,0.1022448053575449,150,0.924013078212738,1.182772159576416,0.0,0.0,677,v2,B2,sac_her_pickandplace_clean_2M
sac_her_recovery_v2,goal_spoof_midep,0,0.1,-101.0,0.0,0.085102093648091,150,0.8568728566169739,1.1155116558074951,0.0,0.0,678,v2,B2,sac_her_pickandplace_clean_2M
sac_her_recovery_v2,goal_spoof_midep,0,0.1,-99.0,0.0,0.0697654605151716,150,0.1069588139653205,1.2148618698120115,0.0,0.0,679,v2,B2,sac_her_pickandplace_clean_2M
sac_her_recovery_v2,goal_spoof_midep,0,0.1,-101.0,0.0,0.071129735203487,150,0.9116396307945251,1.1696557998657229,0.0,0.0,680,v2,B2,sac_her_pickandplace_clean_2M
sac_her_recovery_v2,goal_spoof_midep,0,0.1,-12.0,1.0,0.0274477089167673,150,0.1069272607564926,1.1074042320251465,0.0,0.0,681,v2,B2,sac_her_pickandplace_clean_2M
sac_her_recovery_v2,goal_spoof_midep,0,0.1,-102.0,0.0,0.1057988992775625,150,0.989460289478302,1.2006089687347412,0.0,0.0,682,v2,B2,sac_her_pickandplace_clean_2M
sac_her_recovery_v2,goal_spoof_midep,0,0.1,-102.0,0.0,0.1076266508453306,150,1.0575239658355713,1.2186458110809326,0.0,0.0,683,v2,B2,sac_her_pickandplace_clean_2M
sac_her_recovery_v2,goal_spoof_midep,0,0.1,-101.0,0.0,0.1080171684286089,150,1.019605040550232,1.206883192062378,0.0,0.0,684,v2,B2,sac_her_pickandplace_clean_2M
sac_her_recovery_v2,goal_spoof_midep,0,0.1,-102.0,0.0,0.1050335229322399,150,1.0126665830612185,1.2038038969039917,0.0,0.0,685,v2,B2,sac_her_pickandplace_clean_2M
sac_her_recovery_v2,goal_spoof_midep,0,0.1,-102.0,0.0,0.1094715386246914,150,0.9556141495704652,1.1857662200927734,0.0,0.0,686,v2,B2,sac_her_pickandplace_clean_2M
sac_her_recovery_v2,goal_spoof_midep,0,0.1,-102.0,0.0,0.1415792868264807,150,0.3107776343822479,0.9791654348373412,0.0,0.0,687,v2,B2,sac_her_pickandplace_clean_2M
sac_her_recovery_v2,goal_spoof_midep,0,0.1,-99.0,0.0,0.0757192458026977,150,0.1079306378960609,1.0866634845733645,0.0,0.0,688,v2,B2,sac_her_pickandplace_clean_2M
sac_her_recovery_v2,goal_spoof_midep,0,0.1,-101.0,0.0,0.0785620160926977,150,0.9605880975723268,1.1883939504623413,0.0,0.0,689,v2,B2,sac_her_pickandplace_clean_2M
sac_her_recovery_v3,goal_spoof_midep,0,0.1,-101.0,0.0,0.0837441122926653,150,0.5983397960662842,1.062794804573059,0.0,0.0,690,v3,B3,sac_her_pickandplace_clean_2M
sac_her_recovery_v3,goal_spoof_midep,0,0.1,-101.0,0.0,0.1011968604280313,150,0.8534563183784485,1.1630220413208008,0.0,0.0,691,v3,B3,sac_her_pickandplace_clean_2M
sac_her_recovery_v3,goal_spoof_midep,0,0.1,-100.0,0.0,0.0718073642925076,150,0.6234788298606873,0.97250896692276,0.0,1.0,692,v3,B3,sac_her_pickandplace_clean_2M
sac_her_recovery_v3,goal_spoof_midep,0,0.1,-99.0,0.0,0.0744379499790484,150,0.1075313240289688,1.2246410846710205,0.0,0.0,693,v3,B3,sac_her_pickandplace_clean_2M
sac_her_recovery_v3,goal_spoof_midep,0,0.1,-99.0,0.0,0.0845553179684269,150,0.1068419218063354,1.1856712102890017,0.0,0.0,694,v3,B3,sac_her_pickandplace_clean_2M
sac_her_recovery_v3,goal_spoof_midep,0,0.1,-102.0,0.0,0.1286606778280729,150,0.1195637360215187,0.9492323994636536,0.0,0.0,695,v3,B3,sac_her_pickandplace_clean_2M
sac_her_recovery_v3,goal_spoof_midep,0,0.1,-101.0,0.0,0.1171562409609154,150,0.6699224710464478,1.1222305297851562,0.0,0.0,696,v3,B3,sac_her_pickandplace_clean_2M
sac_her_recovery_v3,goal_spoof_midep,0,0.1,-99.0,0.0,0.0786845189285132,150,0.1043001636862754,1.142041802406311,0.0,0.0,697,v3,B3,sac_her_pickandplace_clean_2M
sac_her_recovery_v3,goal_spoof_midep,0,0.1,-102.0,0.0,0.1296980441524473,150,0.1153129488229751,1.1206707954406738,0.0,0.0,698,v3,B3,sac_her_pickandplace_clean_2M
sac_her_recovery_v3,goal_spoof_midep,0,0.1,-100.0,0.0,0.0953819051101042,150,0.1047526895999908,1.1741269826889038,0.0,0.0,699,v3,B3,sac_her_pickandplace_clean_2M
sac_her_recovery_v3,goal_spoof_midep,0,0.1,-101.0,0.0,0.102798594805804,150,0.8506889343261719,1.1627352237701416,0.0,0.0,700,v3,B3,sac_her_pickandplace_clean_2M
sac_her_recovery_v3,goal_spoof_midep,0,0.1,-101.0,0.0,0.0688274549160532,150,0.9499584436416626,1.1789759397506714,0.0,0.0,701,v3,B3,sac_her_pickandplace_clean_2M
sac_her_recovery_v3,goal_spoof_midep,0,0.1,-101.0,0.0,0.1139322265160848,150,0.8201221227645874,1.1552363634109497,0.0,0.0,702,v3,B3,sac_her_pickandplace_clean_2M
sac_her_recovery_v3,goal_spoof_midep,0,0.1,-100.0,0.0,0.0620035911064389,150,0.8492107391357422,1.147434115409851,0.0,0.0,703,v3,B3,sac_her_pickandplace_clean_2M
sac_her_recovery_v3,goal_spoof_midep,0,0.1,-101.0,0.0,0.1086257024415921,150,0.1069837361574173,1.140990138053894,0.0,0.0,704,v3,B3,sac_her_pickandplace_clean_2M
sac_her_recovery_v3,goal_spoof_midep,0,0.1,-101.0,0.0,0.0755223739789366,150,0.9130887985229492,1.1720517873764038,0.0,0.0,705,v3,B3,sac_her_pickandplace_clean_2M
sac_her_recovery_v3,goal_spoof_midep,0,0.1,-94.0,0.0,0.0546597769689069,150,0.1038779765367508,0.981157124042511,0.0,0.0,706,v3,B3,sac_her_pickandplace_clean_2M
sac_her_recovery_v3,goal_spoof_midep,0,0.1,-101.0,0.0,0.0811717444644439,150,0.8943993449211121,1.170302152633667,0.0,0.0,707,v3,B3,sac_her_pickandplace_clean_2M
sac_her_recovery_v3,goal_spoof_midep,0,0.1,-100.0,0.0,0.0609301342443273,150,0.8395418524742126,1.1442689895629885,0.0,0.0,708,v3,B3,sac_her_pickandplace_clean_2M
sac_her_recovery_v3,goal_spoof_midep,0,0.1,-99.0,0.0,0.0511107888166495,150,0.1095873415470123,1.1694241762161257,0.0,0.0,709,v3,B3,sac_her_pickandplace_clean_2M
sac_her_recovery_v3,goal_spoof_midep,0,0.1,-100.0,0.0,0.0813425463418131,150,0.3042658865451813,0.975399911403656,0.0,0.0,710,v3,B3,sac_her_pickandplace_clean_2M
sac_her_recovery_v3,goal_spoof_midep,0,0.1,-101.0,0.0,0.1101653446965022,150,0.1316085159778595,0.971911609172821,0.0,0.0,711,v3,B3,sac_her_pickandplace_clean_2M
sac_her_recovery_v3,goal_spoof_midep,0,0.1,-100.0,0.0,0.0700762541787971,150,0.102064773440361,1.191544771194458,0.0,0.0,712,v3,B3,sac_her_pickandplace_clean_2M
sac_her_recovery_v3,goal_spoof_midep,0,0.1,-12.0,1.0,0.0456299012325893,150,0.1158769726753234,0.9706466794013976,0.0,0.0,713,v3,B3,sac_her_pickandplace_clean_2M
sac_her_recovery_v3,goal_spoof_midep,0,0.1,-99.0,0.0,0.0854628831162672,150,0.1130098327994346,0.999791979789734,0.0,0.0,714,v3,B3,sac_her_pickandplace_clean_2M
sac_her_recovery_v3,goal_spoof_midep,0,0.1,-96.0,0.0,0.0743638088055353,150,0.0974082872271537,1.2342250347137451,0.0,0.0,715,v3,B3,sac_her_pickandplace_clean_2M
sac_her_recovery_v3,goal_spoof_midep,0,0.1,-100.0,0.0,0.1016341498742748,150,0.1106387376785278,1.1202194690704346,0.0,0.0,716,v3,B3,sac_her_pickandplace_clean_2M
sac_her_recovery_v3,goal_spoof_midep,0,0.1,-101.0,0.0,0.071290362162179,150,0.973524272441864,1.1887214183807373,0.0,0.0,717,v3,B3,sac_her_pickandplace_clean_2M
sac_her_recovery_v3,goal_spoof_midep,0,0.1,-12.0,1.0,0.0213740140608474,150,0.0886692851781845,1.1627644300460815,0.0,0.0,718,v3,B3,sac_her_pickandplace_clean_2M
sac_her_recovery_v3,goal_spoof_midep,0,0.1,-102.0,0.0,0.1256114812572602,150,0.94113290309906,1.1882269382476809,0.0,0.0,719,v3,B3,sac_her_pickandplace_clean_2M
sac_her,object_pose_spoof,0,0.1,-150.0,0.0,0.070704779052662,150,0.5662263631820679,1.380892276763916,0.0,0.0,720,none,B1,sac_her_pickandplace_clean_2M
sac_her,object_pose_spoof,0,0.1,-142.0,0.0,0.057980016627061,150,0.0911348089575767,1.0299776792526243,0.0,0.0,721,none,B1,sac_her_pickandplace_clean_2M
sac_her,object_pose_spoof,0,0.1,-58.0,0.0,0.0524317887779124,150,1.0154285430908203,1.0581566095352173,0.0,0.0,722,none,B1,sac_her_pickandplace_clean_2M
sac_her,object_pose_spoof,0,0.1,-136.0,0.0,0.0721754923860916,150,0.2680249214172363,1.3976844549179075,0.0,0.0,723,none,B1,sac_her_pickandplace_clean_2M
sac_her,object_pose_spoof,0,0.1,-17.0,1.0,0.0460992954067311,150,0.081136904656887,1.139789581298828,0.0,0.0,724,none,B1,sac_her_pickandplace_clean_2M
sac_her,object_pose_spoof,0,0.1,-150.0,0.0,0.0844278908719895,150,0.3795377016067505,0.7862429618835449,0.0,0.0,725,none,B1,sac_her_pickandplace_clean_2M
sac_her,object_pose_spoof,0,0.1,-128.0,0.0,0.0533120134223467,150,0.0816689059138298,1.142372488975525,0.0,0.0,726,none,B1,sac_her_pickandplace_clean_2M
sac_her,object_pose_spoof,0,0.1,-150.0,0.0,0.059599545147635,150,0.5250438451766968,0.9512765407562256,0.0,0.0,727,none,B1,sac_her_pickandplace_clean_2M
sac_her,object_pose_spoof,0,0.1,-150.0,0.0,0.0716127805344815,150,1.0137914419174194,0.998399555683136,0.0,0.0,728,none,B1,sac_her_pickandplace_clean_2M
sac_her,object_pose_spoof,0,0.1,-147.0,0.0,0.0526460458639626,150,0.2911403179168701,0.8226204514503479,0.0,0.0,729,none,B1,sac_her_pickandplace_clean_2M
sac_her,object_pose_spoof,0,0.1,-142.0,0.0,0.0543803192943449,150,0.0794748738408088,1.3593268394470217,0.0,0.0,730,none,B1,sac_her_pickandplace_clean_2M
sac_her,object_pose_spoof,0,0.1,-150.0,0.0,0.0827171882123532,150,0.0943130105733871,1.087188959121704,0.0,0.0,731,none,B1,sac_her_pickandplace_clean_2M
sac_her,object_pose_spoof,0,0.1,-12.0,1.0,0.0263911921052577,150,0.0794977024197578,1.2424023151397705,0.0,0.0,732,none,B1,sac_her_pickandplace_clean_2M
sac_her,object_pose_spoof,0,0.1,-12.0,1.0,0.0165671385597721,150,0.992451310157776,1.0666437149047852,0.0,0.0,733,none,B1,sac_her_pickandplace_clean_2M
sac_her,object_pose_spoof,0,0.1,-149.0,0.0,0.0552457919173485,150,0.3412362039089203,1.4043861627578735,0.0,0.0,734,none,B1,sac_her_pickandplace_clean_2M
sac_her,object_pose_spoof,0,0.1,-150.0,0.0,0.0926430146822576,150,0.1017658859491348,0.9149585962295532,0.0,0.0,735,none,B1,sac_her_pickandplace_clean_2M
sac_her,object_pose_spoof,0,0.1,-150.0,0.0,0.0670635273984178,150,0.7903285622596741,0.944412648677826,0.0,0.0,736,none,B1,sac_her_pickandplace_clean_2M
sac_her,object_pose_spoof,0,0.1,-147.0,0.0,0.0898020623055334,150,0.1653028577566146,1.327214002609253,0.0,0.0,737,none,B1,sac_her_pickandplace_clean_2M
sac_her,object_pose_spoof,0,0.1,-149.0,0.0,0.0794112430620003,150,0.0859597995877265,0.919840395450592,0.0,0.0,738,none,B1,sac_her_pickandplace_clean_2M
sac_her,object_pose_spoof,0,0.1,-146.0,0.0,0.0554812790455479,150,0.141245499253273,1.3137480020523071,0.0,0.0,739,none,B1,sac_her_pickandplace_clean_2M
sac_her,object_pose_spoof,0,0.1,-149.0,0.0,0.0629911530627729,150,0.0783545821905136,1.1458526849746704,0.0,0.0,740,none,B1,sac_her_pickandplace_clean_2M
sac_her,object_pose_spoof,0,0.1,-150.0,0.0,0.0934841033527254,150,1.2296650409698486,1.0146030187606812,0.0,0.0,741,none,B1,sac_her_pickandplace_clean_2M
sac_her,object_pose_spoof,0,0.1,-12.0,1.0,0.0403544514703308,150,0.3391675353050232,0.927891969680786,0.0,0.0,742,none,B1,sac_her_pickandplace_clean_2M
sac_her,object_pose_spoof,0,0.1,-67.0,1.0,0.0360100162904412,150,1.0189411640167236,1.0712225437164309,0.0,0.0,743,none,B1,sac_her_pickandplace_clean_2M
sac_her,object_pose_spoof,0,0.1,-150.0,0.0,0.0858894020005985,150,0.091310441493988,0.6560305953025818,0.0,0.0,744,none,B1,sac_her_pickandplace_clean_2M
sac_her,object_pose_spoof,0,0.1,-150.0,0.0,0.0922821197304145,150,0.1140394136309623,1.2909810543060305,0.0,0.0,745,none,B1,sac_her_pickandplace_clean_2M
sac_her,object_pose_spoof,0,0.1,-150.0,0.0,0.0642866281367245,150,0.0758048370480537,1.3431817293167114,0.0,0.0,746,none,B1,sac_her_pickandplace_clean_2M
sac_her,object_pose_spoof,0,0.1,-150.0,0.0,0.0630735578485216,150,0.0787491649389267,0.9423613548278807,0.0,0.0,747,none,B1,sac_her_pickandplace_clean_2M
sac_her,object_pose_spoof,0,0.1,-150.0,0.0,0.0796129759806556,150,1.1741212606430054,1.1198296546936035,0.0,0.0,748,none,B1,sac_her_pickandplace_clean_2M
sac_her,object_pose_spoof,0,0.1,-150.0,0.0,0.1016395479090773,150,0.1080595180392265,1.2125914096832275,0.0,0.0,749,none,B1,sac_her_pickandplace_clean_2M
sac_her_recovery_v2,object_pose_spoof,0,0.1,-145.0,0.0,0.0575966380852356,150,0.0837046727538108,1.3151614665985107,0.0,0.0,750,v2,B2,sac_her_pickandplace_clean_2M
sac_her_recovery_v2,object_pose_spoof,0,0.1,-148.0,0.0,0.053282127595717,150,0.4069243371486664,0.9967970848083496,1.0,1.0,751,v2,B2,sac_her_pickandplace_clean_2M
sac_her_recovery_v2,object_pose_spoof,0,0.1,-149.0,0.0,0.0782165477854591,150,0.0998263359069824,1.3223425149917605,0.0,0.0,752,v2,B2,sac_her_pickandplace_clean_2M
sac_her_recovery_v2,object_pose_spoof,0,0.1,-95.0,0.0,0.0571016304791962,150,1.089935064315796,1.1069308519363403,0.0,0.0,753,v2,B2,sac_her_pickandplace_clean_2M
sac_her_recovery_v2,object_pose_spoof,0,0.1,-122.0,0.0,0.054466997168277,150,0.2276853024959564,1.152873396873474,1.0,1.0,754,v2,B2,sac_her_pickandplace_clean_2M
sac_her_recovery_v2,object_pose_spoof,0,0.1,-150.0,0.0,0.0589695359377657,150,0.7933911085128784,0.9959710836410522,1.0,1.0,755,v2,B2,sac_her_pickandplace_clean_2M
sac_her_recovery_v2,object_pose_spoof,0,0.1,-150.0,0.0,0.0613620693364768,150,0.078740119934082,1.205610275268555,0.0,0.0,756,v2,B2,sac_her_pickandplace_clean_2M
sac_her_recovery_v2,object_pose_spoof,0,0.1,-150.0,0.0,0.0819462927700901,150,0.0991937145590782,1.3752130270004272,0.0,1.0,757,v2,B2,sac_her_pickandplace_clean_2M
sac_her_recovery_v2,object_pose_spoof,0,0.1,-150.0,0.0,0.0729189814353314,150,0.4406001567840576,1.4998997449874878,1.0,1.0,758,v2,B2,sac_her_pickandplace_clean_2M
sac_her_recovery_v2,object_pose_spoof,0,0.1,-150.0,0.0,0.088768865506268,150,0.9718157052993774,1.0066248178482056,0.0,0.0,759,v2,B2,sac_her_pickandplace_clean_2M
sac_her_recovery_v2,object_pose_spoof,0,0.1,-28.0,0.0,0.0500764450748,150,0.094577819108963,1.0148576498031616,0.0,1.0,760,v2,B2,sac_her_pickandplace_clean_2M
sac_her_recovery_v2,object_pose_spoof,0,0.1,-150.0,0.0,0.1036074301979949,150,0.9547973275184632,1.063517689704895,0.0,1.0,761,v2,B2,sac_her_pickandplace_clean_2M
sac_her_recovery_v2,object_pose_spoof,0,0.1,-12.0,1.0,0.0270653142829658,150,0.0846213772892952,1.2063816785812378,0.0,0.0,762,v2,B2,sac_her_pickandplace_clean_2M
sac_her_recovery_v2,object_pose_spoof,0,0.1,-150.0,0.0,0.0883195057106278,150,0.1014026775956153,1.0586881637573242,0.0,0.0,763,v2,B2,sac_her_pickandplace_clean_2M
sac_her_recovery_v2,object_pose_spoof,0,0.1,-15.0,1.0,0.0370172811923165,150,0.0995189771056175,1.162199854850769,0.0,1.0,764,v2,B2,sac_her_pickandplace_clean_2M
sac_her_recovery_v2,object_pose_spoof,0,0.1,-150.0,0.0,0.1416452910379471,150,0.7437507510185242,1.278226017951965,1.0,1.0,765,v2,B2,sac_her_pickandplace_clean_2M
sac_her_recovery_v2,object_pose_spoof,0,0.1,-13.0,1.0,0.0343075961091656,150,0.0862375646829605,1.2913696765899658,0.0,0.0,766,v2,B2,sac_her_pickandplace_clean_2M
sac_her_recovery_v2,object_pose_spoof,0,0.1,-12.0,1.0,0.0170927243299787,150,0.0966323092579841,0.9235914945602416,0.0,0.0,767,v2,B2,sac_her_pickandplace_clean_2M
sac_her_recovery_v2,object_pose_spoof,0,0.1,-150.0,0.0,0.0963928255560069,150,0.5596216917037964,0.7609158158302307,1.0,1.0,768,v2,B2,sac_her_pickandplace_clean_2M
sac_her_recovery_v2,object_pose_spoof,0,0.1,-150.0,0.0,0.0608807591340783,150,0.6975357532501221,1.5274428129196167,1.0,1.0,769,v2,B2,sac_her_pickandplace_clean_2M
sac_her_recovery_v2,object_pose_spoof,0,0.1,-32.0,1.0,0.0412851740481205,150,0.3079431354999542,1.3873107433319092,1.0,1.0,770,v2,B2,sac_her_pickandplace_clean_2M
sac_her_recovery_v2,object_pose_spoof,0,0.1,-150.0,0.0,0.0578989265844789,150,0.7334942817687988,1.4169152975082395,1.0,1.0,771,v2,B2,sac_her_pickandplace_clean_2M
sac_her_recovery_v2,object_pose_spoof,0,0.1,-13.0,1.0,0.0379687638369642,150,0.083020880818367,1.1555095911026,0.0,0.0,772,v2,B2,sac_her_pickandplace_clean_2M
sac_her_recovery_v2,object_pose_spoof,0,0.1,-102.0,0.0,0.0503653650513952,150,0.195794403553009,1.062814235687256,1.0,1.0,773,v2,B2,sac_her_pickandplace_clean_2M
sac_her_recovery_v2,object_pose_spoof,0,0.1,-150.0,0.0,0.068139918536415,150,1.078379511833191,1.053626537322998,0.0,0.0,774,v2,B2,sac_her_pickandplace_clean_2M
sac_her_recovery_v2,object_pose_spoof,0,0.1,-150.0,0.0,0.0683463407817125,150,1.0253337621688845,1.1120097637176514,1.0,1.0,775,v2,B2,sac_her_pickandplace_clean_2M
sac_her_recovery_v2,object_pose_spoof,0,0.1,-12.0,1.0,0.0218647222119463,150,0.0878688916563987,0.9169337153434752,0.0,0.0,776,v2,B2,sac_her_pickandplace_clean_2M
sac_her_recovery_v2,object_pose_spoof,0,0.1,-12.0,1.0,0.0253822077116165,150,0.0799567475914955,0.973558783531189,0.0,0.0,777,v2,B2,sac_her_pickandplace_clean_2M
sac_her_recovery_v2,object_pose_spoof,0,0.1,-146.0,0.0,0.0610716088220461,150,0.0809631645679473,1.087174654006958,0.0,0.0,778,v2,B2,sac_her_pickandplace_clean_2M
sac_her_recovery_v2,object_pose_spoof,0,0.1,-12.0,1.0,0.0409116514441522,150,0.3395364582538605,0.6152585744857788,0.0,0.0,779,v2,B2,sac_her_pickandplace_clean_2M
sac_her_recovery_v3,object_pose_spoof,0,0.1,-78.0,1.0,0.0498277886358949,150,0.5224165320396423,1.3658976554870603,1.0,1.0,780,v3,B3,sac_her_pickandplace_clean_2M
sac_her_recovery_v3,object_pose_spoof,0,0.1,-150.0,0.0,0.3549225360528287,150,0.4199966192245483,1.5539907217025757,1.0,1.0,781,v3,B3,sac_her_pickandplace_clean_2M
sac_her_recovery_v3,object_pose_spoof,0,0.1,-86.0,1.0,0.0449144731608375,150,0.3143896758556366,1.40778648853302,1.0,1.0,782,v3,B3,sac_her_pickandplace_clean_2M
sac_her_recovery_v3,object_pose_spoof,0,0.1,-144.0,0.0,0.0523682342122947,150,0.0806927382946014,1.142225980758667,0.0,0.0,783,v3,B3,sac_her_pickandplace_clean_2M
sac_her_recovery_v3,object_pose_spoof,0,0.1,-150.0,0.0,0.0839986406880167,150,0.1039424389600753,1.188038945198059,0.0,0.0,784,v3,B3,sac_her_pickandplace_clean_2M
sac_her_recovery_v3,object_pose_spoof,0,0.1,-150.0,0.0,0.3549225360528287,150,0.4729287028312683,1.550296187400818,1.0,1.0,785,v3,B3,sac_her_pickandplace_clean_2M
sac_her_recovery_v3,object_pose_spoof,0,0.1,-150.0,0.0,0.1032327552913719,150,0.1092638224363327,1.241766095161438,0.0,0.0,786,v3,B3,sac_her_pickandplace_clean_2M
sac_her_recovery_v3,object_pose_spoof,0,0.1,-150.0,0.0,0.0732148326620391,150,0.1094638034701347,0.8364176154136658,0.0,1.0,787,v3,B3,sac_her_pickandplace_clean_2M
sac_her_recovery_v3,object_pose_spoof,0,0.1,-150.0,0.0,0.064751355511471,150,0.8810337781906128,1.002557396888733,0.0,0.0,788,v3,B3,sac_her_pickandplace_clean_2M
sac_her_recovery_v3,object_pose_spoof,0,0.1,-150.0,0.0,0.0985049513082146,150,1.0540807247161863,1.090948462486267,0.0,0.0,789,v3,B3,sac_her_pickandplace_clean_2M
sac_her_recovery_v3,object_pose_spoof,0,0.1,-150.0,0.0,0.0602015327506177,150,0.8276690244674683,0.9678959250450134,0.0,0.0,790,v3,B3,sac_her_pickandplace_clean_2M
sac_her_recovery_v3,object_pose_spoof,0,0.1,-150.0,0.0,0.0713894490661393,150,0.0810766220092773,1.3664358854293823,0.0,0.0,791,v3,B3,sac_her_pickandplace_clean_2M
sac_her_recovery_v3,object_pose_spoof,0,0.1,-150.0,0.0,0.3549225360528287,150,0.5470557808876038,1.547281265258789,1.0,1.0,792,v3,B3,sac_her_pickandplace_clean_2M
sac_her_recovery_v3,object_pose_spoof,0,0.1,-149.0,0.0,0.0610699943821328,150,1.0413142442703247,1.0519676208496094,0.0,0.0,793,v3,B3,sac_her_pickandplace_clean_2M
sac_her_recovery_v3,object_pose_spoof,0,0.1,-150.0,0.0,0.1134786319803365,150,1.218539118766785,0.8504475355148315,0.0,1.0,794,v3,B3,sac_her_pickandplace_clean_2M
sac_her_recovery_v3,object_pose_spoof,0,0.1,-150.0,0.0,0.0607393315299464,150,0.0900981053709983,1.2442917823791504,0.0,0.0,795,v3,B3,sac_her_pickandplace_clean_2M
sac_her_recovery_v3,object_pose_spoof,0,0.1,-150.0,0.0,0.0852339137028601,150,0.9812541007995604,1.051788091659546,0.0,0.0,796,v3,B3,sac_her_pickandplace_clean_2M
sac_her_recovery_v3,object_pose_spoof,0,0.1,-150.0,0.0,0.073591238719772,150,0.0762877017259597,1.3518654108047483,0.0,0.0,797,v3,B3,sac_her_pickandplace_clean_2M
sac_her_recovery_v3,object_pose_spoof,0,0.1,-150.0,0.0,0.0828266233712697,150,0.414445698261261,0.7268732190132141,0.0,0.0,798,v3,B3,sac_her_pickandplace_clean_2M
sac_her_recovery_v3,object_pose_spoof,0,0.1,-150.0,0.0,0.0796525761419621,150,0.1056493893265724,1.2585572004318235,0.0,1.0,799,v3,B3,sac_her_pickandplace_clean_2M
sac_her_recovery_v3,object_pose_spoof,0,0.1,-146.0,0.0,0.0835231864979273,150,0.0858054533600807,1.0740554332733154,0.0,0.0,800,v3,B3,sac_her_pickandplace_clean_2M
sac_her_recovery_v3,object_pose_spoof,0,0.1,-87.0,0.0,0.0553996599783661,150,1.084395408630371,1.0714178085327148,0.0,0.0,801,v3,B3,sac_her_pickandplace_clean_2M
sac_her_recovery_v3,object_pose_spoof,0,0.1,-12.0,1.0,0.040771341040651,150,1.1015570163726809,1.077309012413025,0.0,0.0,802,v3,B3,sac_her_pickandplace_clean_2M
sac_her_recovery_v3,object_pose_spoof,0,0.1,-149.0,0.0,0.0651690294588537,150,1.036918044090271,1.097332000732422,0.0,0.0,803,v3,B3,sac_her_pickandplace_clean_2M
sac_her_recovery_v3,object_pose_spoof,0,0.1,-150.0,0.0,0.0916331828677929,150,0.0972008258104324,0.8438552021980286,0.0,0.0,804,v3,B3,sac_her_pickandplace_clean_2M
sac_her_recovery_v3,object_pose_spoof,0,0.1,-150.0,0.0,0.0899513798549173,150,0.9066194891929626,1.0225577354431152,0.0,0.0,805,v3,B3,sac_her_pickandplace_clean_2M
sac_her_recovery_v3,object_pose_spoof,0,0.1,-150.0,0.0,0.3549225360528287,150,0.5537593960762024,1.5487322807312012,1.0,1.0,806,v3,B3,sac_her_pickandplace_clean_2M
sac_her_recovery_v3,object_pose_spoof,0,0.1,-18.0,1.0,0.0136336837710857,150,0.237368643283844,1.046152114868164,0.0,0.0,807,v3,B3,sac_her_pickandplace_clean_2M
sac_her_recovery_v3,object_pose_spoof,0,0.1,-125.0,0.0,0.0613623008351283,150,0.0882666707038879,0.943971574306488,0.0,0.0,808,v3,B3,sac_her_pickandplace_clean_2M
sac_her_recovery_v3,object_pose_spoof,0,0.1,-12.0,1.0,0.0054307416090006,150,0.0835432410240173,0.944909691810608,0.0,0.0,809,v3,B3,sac_her_pickandplace_clean_2M
sac_her,grip_state_falsification,0,0.0,-150.0,0.0,0.3159122602003048,150,0.7106038928031921,1.06848406791687,0.0,0.0,810,none,B1,sac_her_pickandplace_clean_2M
sac_her,grip_state_falsification,0,0.0,-150.0,0.0,0.3159122602003048,150,0.7106038928031921,1.06848406791687,0.0,0.0,811,none,B1,sac_her_pickandplace_clean_2M
sac_her,grip_state_falsification,0,0.0,-150.0,0.0,0.3159122602003048,150,0.7106038928031921,1.06848406791687,0.0,0.0,812,none,B1,sac_her_pickandplace_clean_2M
sac_her,grip_state_falsification,0,0.0,-150.0,0.0,0.3159122602003048,150,0.7106038928031921,1.06848406791687,0.0,0.0,813,none,B1,sac_her_pickandplace_clean_2M
sac_her,grip_state_falsification,0,0.0,-150.0,0.0,0.3159122602003048,150,0.7106038928031921,1.06848406791687,0.0,0.0,814,none,B1,sac_her_pickandplace_clean_2M
sac_her,grip_state_falsification,0,0.0,-150.0,0.0,0.3159122602003048,150,0.7106038928031921,1.06848406791687,0.0,0.0,815,none,B1,sac_her_pickandplace_clean_2M
sac_her,grip_state_falsification,0,0.0,-150.0,0.0,0.3159122602003048,150,0.7106038928031921,1.06848406791687,0.0,0.0,816,none,B1,sac_her_pickandplace_clean_2M
sac_her,grip_state_falsification,0,0.0,-150.0,0.0,0.3159122602003048,150,0.7106038928031921,1.06848406791687,0.0,0.0,817,none,B1,sac_her_pickandplace_clean_2M
sac_her,grip_state_falsification,0,0.0,-150.0,0.0,0.3159122602003048,150,0.7106038928031921,1.06848406791687,0.0,0.0,818,none,B1,sac_her_pickandplace_clean_2M
sac_her,grip_state_falsification,0,0.0,-150.0,0.0,0.3159122602003048,150,0.7106038928031921,1.06848406791687,0.0,0.0,819,none,B1,sac_her_pickandplace_clean_2M
sac_her,grip_state_falsification,0,0.0,-150.0,0.0,0.3159122602003048,150,0.7106038928031921,1.06848406791687,0.0,0.0,820,none,B1,sac_her_pickandplace_clean_2M
sac_her,grip_state_falsification,0,0.0,-150.0,0.0,0.3159122602003048,150,0.7106038928031921,1.06848406791687,0.0,0.0,821,none,B1,sac_her_pickandplace_clean_2M
sac_her,grip_state_falsification,0,0.0,-150.0,0.0,0.3159122602003048,150,0.7106038928031921,1.06848406791687,0.0,0.0,822,none,B1,sac_her_pickandplace_clean_2M
sac_her,grip_state_falsification,0,0.0,-150.0,0.0,0.3159122602003048,150,0.7106038928031921,1.06848406791687,0.0,0.0,823,none,B1,sac_her_pickandplace_clean_2M
sac_her,grip_state_falsification,0,0.0,-150.0,0.0,0.3159122602003048,150,0.7106038928031921,1.06848406791687,0.0,0.0,824,none,B1,sac_her_pickandplace_clean_2M
sac_her,grip_state_falsification,0,0.0,-150.0,0.0,0.3159122602003048,150,0.7106038928031921,1.06848406791687,0.0,0.0,825,none,B1,sac_her_pickandplace_clean_2M
sac_her,grip_state_falsification,0,0.0,-150.0,0.0,0.3159122602003048,150,0.7106038928031921,1.06848406791687,0.0,0.0,826,none,B1,sac_her_pickandplace_clean_2M
sac_her,grip_state_falsification,0,0.0,-150.0,0.0,0.3159122602003048,150,0.7106038928031921,1.06848406791687,0.0,0.0,827,none,B1,sac_her_pickandplace_clean_2M
sac_her,grip_state_falsification,0,0.0,-150.0,0.0,0.3159122602003048,150,0.7106038928031921,1.06848406791687,0.0,0.0,828,none,B1,sac_her_pickandplace_clean_2M
sac_her,grip_state_falsification,0,0.0,-150.0,0.0,0.3159122602003048,150,0.7106038928031921,1.06848406791687,0.0,0.0,829,none,B1,sac_her_pickandplace_clean_2M
sac_her,grip_state_falsification,0,0.0,-150.0,0.0,0.3159122602003048,150,0.7106038928031921,1.06848406791687,0.0,0.0,830,none,B1,sac_her_pickandplace_clean_2M
sac_her,grip_state_falsification,0,0.0,-150.0,0.0,0.3159122602003048,150,0.7106038928031921,1.06848406791687,0.0,0.0,831,none,B1,sac_her_pickandplace_clean_2M
sac_her,grip_state_falsification,0,0.0,-150.0,0.0,0.3159122602003048,150,0.7106038928031921,1.06848406791687,0.0,0.0,832,none,B1,sac_her_pickandplace_clean_2M
sac_her,grip_state_falsification,0,0.0,-150.0,0.0,0.3159122602003048,150,0.7106038928031921,1.06848406791687,0.0,0.0,833,none,B1,sac_her_pickandplace_clean_2M
sac_her,grip_state_falsification,0,0.0,-150.0,0.0,0.3159122602003048,150,0.7106038928031921,1.06848406791687,0.0,0.0,834,none,B1,sac_her_pickandplace_clean_2M
sac_her,grip_state_falsification,0,0.0,-150.0,0.0,0.3159122602003048,150,0.7106038928031921,1.06848406791687,0.0,0.0,835,none,B1,sac_her_pickandplace_clean_2M
sac_her,grip_state_falsification,0,0.0,-150.0,0.0,0.3159122602003048,150,0.7106038928031921,1.06848406791687,0.0,0.0,836,none,B1,sac_her_pickandplace_clean_2M
sac_her,grip_state_falsification,0,0.0,-150.0,0.0,0.3159122602003048,150,0.7106038928031921,1.06848406791687,0.0,0.0,837,none,B1,sac_her_pickandplace_clean_2M
sac_her,grip_state_falsification,0,0.0,-150.0,0.0,0.3159122602003048,150,0.7106038928031921,1.06848406791687,0.0,0.0,838,none,B1,sac_her_pickandplace_clean_2M
sac_her,grip_state_falsification,0,0.0,-150.0,0.0,0.3159122602003048,150,0.7106038928031921,1.06848406791687,0.0,0.0,839,none,B1,sac_her_pickandplace_clean_2M
sac_her_recovery_v2,grip_state_falsification,0,0.0,-150.0,0.0,0.3229662269420653,150,0.5602813363075256,1.0565299987792969,0.0,1.0,840,v2,B2,sac_her_pickandplace_clean_2M
sac_her_recovery_v2,grip_state_falsification,0,0.0,-150.0,0.0,0.3229662269420653,150,0.5602813363075256,1.0565299987792969,0.0,1.0,841,v2,B2,sac_her_pickandplace_clean_2M
sac_her_recovery_v2,grip_state_falsification,0,0.0,-150.0,0.0,0.3229662269420653,150,0.5602813363075256,1.0565299987792969,0.0,1.0,842,v2,B2,sac_her_pickandplace_clean_2M
sac_her_recovery_v2,grip_state_falsification,0,0.0,-150.0,0.0,0.3229662269420653,150,0.5602813363075256,1.0565299987792969,0.0,1.0,843,v2,B2,sac_her_pickandplace_clean_2M
sac_her_recovery_v2,grip_state_falsification,0,0.0,-150.0,0.0,0.3229662269420653,150,0.5602813363075256,1.0565299987792969,0.0,1.0,844,v2,B2,sac_her_pickandplace_clean_2M
sac_her_recovery_v2,grip_state_falsification,0,0.0,-150.0,0.0,0.3229662269420653,150,0.5602813363075256,1.0565299987792969,0.0,1.0,845,v2,B2,sac_her_pickandplace_clean_2M
sac_her_recovery_v2,grip_state_falsification,0,0.0,-150.0,0.0,0.3229662269420653,150,0.5602813363075256,1.0565299987792969,0.0,1.0,846,v2,B2,sac_her_pickandplace_clean_2M
sac_her_recovery_v2,grip_state_falsification,0,0.0,-150.0,0.0,0.3229662269420653,150,0.5602813363075256,1.0565299987792969,0.0,1.0,847,v2,B2,sac_her_pickandplace_clean_2M
sac_her_recovery_v2,grip_state_falsification,0,0.0,-150.0,0.0,0.3229662269420653,150,0.5602813363075256,1.0565299987792969,0.0,1.0,848,v2,B2,sac_her_pickandplace_clean_2M
sac_her_recovery_v2,grip_state_falsification,0,0.0,-150.0,0.0,0.3229662269420653,150,0.5602813363075256,1.0565299987792969,0.0,1.0,849,v2,B2,sac_her_pickandplace_clean_2M
sac_her_recovery_v2,grip_state_falsification,0,0.0,-150.0,0.0,0.3229662269420653,150,0.5602813363075256,1.0565299987792969,0.0,1.0,850,v2,B2,sac_her_pickandplace_clean_2M
sac_her_recovery_v2,grip_state_falsification,0,0.0,-150.0,0.0,0.3229662269420653,150,0.5602813363075256,1.0565299987792969,0.0,1.0,851,v2,B2,sac_her_pickandplace_clean_2M
sac_her_recovery_v2,grip_state_falsification,0,0.0,-150.0,0.0,0.3229662269420653,150,0.5602813363075256,1.0565299987792969,0.0,1.0,852,v2,B2,sac_her_pickandplace_clean_2M
sac_her_recovery_v2,grip_state_falsification,0,0.0,-150.0,0.0,0.3229662269420653,150,0.5602813363075256,1.0565299987792969,0.0,1.0,853,v2,B2,sac_her_pickandplace_clean_2M
sac_her_recovery_v2,grip_state_falsification,0,0.0,-150.0,0.0,0.3229662269420653,150,0.5602813363075256,1.0565299987792969,0.0,1.0,854,v2,B2,sac_her_pickandplace_clean_2M
sac_her_recovery_v2,grip_state_falsification,0,0.0,-150.0,0.0,0.3229662269420653,150,0.5602813363075256,1.0565299987792969,0.0,1.0,855,v2,B2,sac_her_pickandplace_clean_2M
sac_her_recovery_v2,grip_state_falsification,0,0.0,-150.0,0.0,0.3229662269420653,150,0.5602813363075256,1.0565299987792969,0.0,1.0,856,v2,B2,sac_her_pickandplace_clean_2M
sac_her_recovery_v2,grip_state_falsification,0,0.0,-150.0,0.0,0.3229662269420653,150,0.5602813363075256,1.0565299987792969,0.0,1.0,857,v2,B2,sac_her_pickandplace_clean_2M
sac_her_recovery_v2,grip_state_falsification,0,0.0,-150.0,0.0,0.3229662269420653,150,0.5602813363075256,1.0565299987792969,0.0,1.0,858,v2,B2,sac_her_pickandplace_clean_2M
sac_her_recovery_v2,grip_state_falsification,0,0.0,-150.0,0.0,0.3229662269420653,150,0.5602813363075256,1.0565299987792969,0.0,1.0,859,v2,B2,sac_her_pickandplace_clean_2M
sac_her_recovery_v2,grip_state_falsification,0,0.0,-150.0,0.0,0.3229662269420653,150,0.5602813363075256,1.0565299987792969,0.0,1.0,860,v2,B2,sac_her_pickandplace_clean_2M
sac_her_recovery_v2,grip_state_falsification,0,0.0,-150.0,0.0,0.3229662269420653,150,0.5602813363075256,1.0565299987792969,0.0,1.0,861,v2,B2,sac_her_pickandplace_clean_2M
sac_her_recovery_v2,grip_state_falsification,0,0.0,-150.0,0.0,0.3229662269420653,150,0.5602813363075256,1.0565299987792969,0.0,1.0,862,v2,B2,sac_her_pickandplace_clean_2M
sac_her_recovery_v2,grip_state_falsification,0,0.0,-150.0,0.0,0.3229662269420653,150,0.5602813363075256,1.0565299987792969,0.0,1.0,863,v2,B2,sac_her_pickandplace_clean_2M
sac_her_recovery_v2,grip_state_falsification,0,0.0,-150.0,0.0,0.3229662269420653,150,0.5602813363075256,1.0565299987792969,0.0,1.0,864,v2,B2,sac_her_pickandplace_clean_2M
sac_her_recovery_v2,grip_state_falsification,0,0.0,-150.0,0.0,0.3229662269420653,150,0.5602813363075256,1.0565299987792969,0.0,1.0,865,v2,B2,sac_her_pickandplace_clean_2M
sac_her_recovery_v2,grip_state_falsification,0,0.0,-150.0,0.0,0.3229662269420653,150,0.5602813363075256,1.0565299987792969,0.0,1.0,866,v2,B2,sac_her_pickandplace_clean_2M
sac_her_recovery_v2,grip_state_falsification,0,0.0,-150.0,0.0,0.3229662269420653,150,0.5602813363075256,1.0565299987792969,0.0,1.0,867,v2,B2,sac_her_pickandplace_clean_2M
sac_her_recovery_v2,grip_state_falsification,0,0.0,-150.0,0.0,0.3229662269420653,150,0.5602813363075256,1.0565299987792969,0.0,1.0,868,v2,B2,sac_her_pickandplace_clean_2M
sac_her_recovery_v2,grip_state_falsification,0,0.0,-150.0,0.0,0.3229662269420653,150,0.5602813363075256,1.0565299987792969,0.0,1.0,869,v2,B2,sac_her_pickandplace_clean_2M
sac_her_recovery_v3,grip_state_falsification,0,0.0,-150.0,0.0,0.3497051702570498,150,0.2798876166343689,1.4939483404159546,1.0,1.0,870,v3,B3,sac_her_pickandplace_clean_2M
sac_her_recovery_v3,grip_state_falsification,0,0.0,-150.0,0.0,0.3497051702570498,150,0.2798876166343689,1.4939483404159546,1.0,1.0,871,v3,B3,sac_her_pickandplace_clean_2M
sac_her_recovery_v3,grip_state_falsification,0,0.0,-150.0,0.0,0.3497051702570498,150,0.2798876166343689,1.4939483404159546,1.0,1.0,872,v3,B3,sac_her_pickandplace_clean_2M
sac_her_recovery_v3,grip_state_falsification,0,0.0,-150.0,0.0,0.3497051702570498,150,0.2798876166343689,1.4939483404159546,1.0,1.0,873,v3,B3,sac_her_pickandplace_clean_2M
sac_her_recovery_v3,grip_state_falsification,0,0.0,-150.0,0.0,0.3497051702570498,150,0.2798876166343689,1.4939483404159546,1.0,1.0,874,v3,B3,sac_her_pickandplace_clean_2M
sac_her_recovery_v3,grip_state_falsification,0,0.0,-150.0,0.0,0.3497051702570498,150,0.2798876166343689,1.4939483404159546,1.0,1.0,875,v3,B3,sac_her_pickandplace_clean_2M
sac_her_recovery_v3,grip_state_falsification,0,0.0,-150.0,0.0,0.3497051702570498,150,0.2798876166343689,1.4939483404159546,1.0,1.0,876,v3,B3,sac_her_pickandplace_clean_2M
sac_her_recovery_v3,grip_state_falsification,0,0.0,-150.0,0.0,0.3497051702570498,150,0.2798876166343689,1.4939483404159546,1.0,1.0,877,v3,B3,sac_her_pickandplace_clean_2M
sac_her_recovery_v3,grip_state_falsification,0,0.0,-150.0,0.0,0.3497051702570498,150,0.2798876166343689,1.4939483404159546,1.0,1.0,878,v3,B3,sac_her_pickandplace_clean_2M
sac_her_recovery_v3,grip_state_falsification,0,0.0,-150.0,0.0,0.3497051702570498,150,0.2798876166343689,1.4939483404159546,1.0,1.0,879,v3,B3,sac_her_pickandplace_clean_2M
sac_her_recovery_v3,grip_state_falsification,0,0.0,-150.0,0.0,0.3497051702570498,150,0.2798876166343689,1.4939483404159546,1.0,1.0,880,v3,B3,sac_her_pickandplace_clean_2M
sac_her_recovery_v3,grip_state_falsification,0,0.0,-150.0,0.0,0.3497051702570498,150,0.2798876166343689,1.4939483404159546,1.0,1.0,881,v3,B3,sac_her_pickandplace_clean_2M
sac_her_recovery_v3,grip_state_falsification,0,0.0,-150.0,0.0,0.3497051702570498,150,0.2798876166343689,1.4939483404159546,1.0,1.0,882,v3,B3,sac_her_pickandplace_clean_2M
sac_her_recovery_v3,grip_state_falsification,0,0.0,-150.0,0.0,0.3497051702570498,150,0.2798876166343689,1.4939483404159546,1.0,1.0,883,v3,B3,sac_her_pickandplace_clean_2M
sac_her_recovery_v3,grip_state_falsification,0,0.0,-150.0,0.0,0.3497051702570498,150,0.2798876166343689,1.4939483404159546,1.0,1.0,884,v3,B3,sac_her_pickandplace_clean_2M
sac_her_recovery_v3,grip_state_falsification,0,0.0,-150.0,0.0,0.3497051702570498,150,0.2798876166343689,1.4939483404159546,1.0,1.0,885,v3,B3,sac_her_pickandplace_clean_2M
sac_her_recovery_v3,grip_state_falsification,0,0.0,-150.0,0.0,0.3497051702570498,150,0.2798876166343689,1.4939483404159546,1.0,1.0,886,v3,B3,sac_her_pickandplace_clean_2M
sac_her_recovery_v3,grip_state_falsification,0,0.0,-150.0,0.0,0.3497051702570498,150,0.2798876166343689,1.4939483404159546,1.0,1.0,887,v3,B3,sac_her_pickandplace_clean_2M
sac_her_recovery_v3,grip_state_falsification,0,0.0,-150.0,0.0,0.3497051702570498,150,0.2798876166343689,1.4939483404159546,1.0,1.0,888,v3,B3,sac_her_pickandplace_clean_2M
sac_her_recovery_v3,grip_state_falsification,0,0.0,-150.0,0.0,0.3497051702570498,150,0.2798876166343689,1.4939483404159546,1.0,1.0,889,v3,B3,sac_her_pickandplace_clean_2M
sac_her_recovery_v3,grip_state_falsification,0,0.0,-150.0,0.0,0.3497051702570498,150,0.2798876166343689,1.4939483404159546,1.0,1.0,890,v3,B3,sac_her_pickandplace_clean_2M
sac_her_recovery_v3,grip_state_falsification,0,0.0,-150.0,0.0,0.3497051702570498,150,0.2798876166343689,1.4939483404159546,1.0,1.0,891,v3,B3,sac_her_pickandplace_clean_2M
sac_her_recovery_v3,grip_state_falsification,0,0.0,-150.0,0.0,0.3497051702570498,150,0.2798876166343689,1.4939483404159546,1.0,1.0,892,v3,B3,sac_her_pickandplace_clean_2M
sac_her_recovery_v3,grip_state_falsification,0,0.0,-150.0,0.0,0.3497051702570498,150,0.2798876166343689,1.4939483404159546,1.0,1.0,893,v3,B3,sac_her_pickandplace_clean_2M
sac_her_recovery_v3,grip_state_falsification,0,0.0,-150.0,0.0,0.3497051702570498,150,0.2798876166343689,1.4939483404159546,1.0,1.0,894,v3,B3,sac_her_pickandplace_clean_2M
sac_her_recovery_v3,grip_state_falsification,0,0.0,-150.0,0.0,0.3497051702570498,150,0.2798876166343689,1.4939483404159546,1.0,1.0,895,v3,B3,sac_her_pickandplace_clean_2M
sac_her_recovery_v3,grip_state_falsification,0,0.0,-150.0,0.0,0.3497051702570498,150,0.2798876166343689,1.4939483404159546,1.0,1.0,896,v3,B3,sac_her_pickandplace_clean_2M
sac_her_recovery_v3,grip_state_falsification,0,0.0,-150.0,0.0,0.3497051702570498,150,0.2798876166343689,1.4939483404159546,1.0,1.0,897,v3,B3,sac_her_pickandplace_clean_2M
sac_her_recovery_v3,grip_state_falsification,0,0.0,-150.0,0.0,0.3497051702570498,150,0.2798876166343689,1.4939483404159546,1.0,1.0,898,v3,B3,sac_her_pickandplace_clean_2M
sac_her_recovery_v3,grip_state_falsification,0,0.0,-150.0,0.0,0.3497051702570498,150,0.2798876166343689,1.4939483404159546,1.0,1.0,899,v3,B3,sac_her_pickandplace_clean_2M
sac_her,contact_dropout,0,0.0,-150.0,0.0,0.3549225360528287,150,0.0264062006026506,0.9988141059875488,0.0,0.0,900,none,B1,sac_her_pickandplace_clean_2M
sac_her,contact_dropout,0,0.0,-150.0,0.0,0.3549225360528287,150,0.0264062006026506,0.9988141059875488,0.0,0.0,901,none,B1,sac_her_pickandplace_clean_2M
sac_her,contact_dropout,0,0.0,-150.0,0.0,0.3549225360528287,150,0.0264062006026506,0.9988141059875488,0.0,0.0,902,none,B1,sac_her_pickandplace_clean_2M
sac_her,contact_dropout,0,0.0,-150.0,0.0,0.3549225360528287,150,0.0264062006026506,0.9988141059875488,0.0,0.0,903,none,B1,sac_her_pickandplace_clean_2M
sac_her,contact_dropout,0,0.0,-150.0,0.0,0.3549225360528287,150,0.0264062006026506,0.9988141059875488,0.0,0.0,904,none,B1,sac_her_pickandplace_clean_2M
sac_her,contact_dropout,0,0.0,-150.0,0.0,0.3549225360528287,150,0.0264062006026506,0.9988141059875488,0.0,0.0,905,none,B1,sac_her_pickandplace_clean_2M
sac_her,contact_dropout,0,0.0,-150.0,0.0,0.3549225360528287,150,0.0264062006026506,0.9988141059875488,0.0,0.0,906,none,B1,sac_her_pickandplace_clean_2M
sac_her,contact_dropout,0,0.0,-150.0,0.0,0.3549225360528287,150,0.0264062006026506,0.9988141059875488,0.0,0.0,907,none,B1,sac_her_pickandplace_clean_2M
sac_her,contact_dropout,0,0.0,-150.0,0.0,0.3549225360528287,150,0.0264062006026506,0.9988141059875488,0.0,0.0,908,none,B1,sac_her_pickandplace_clean_2M
sac_her,contact_dropout,0,0.0,-150.0,0.0,0.3549225360528287,150,0.0264062006026506,0.9988141059875488,0.0,0.0,909,none,B1,sac_her_pickandplace_clean_2M
sac_her,contact_dropout,0,0.0,-150.0,0.0,0.3549225360528287,150,0.0264062006026506,0.9988141059875488,0.0,0.0,910,none,B1,sac_her_pickandplace_clean_2M
sac_her,contact_dropout,0,0.0,-150.0,0.0,0.3549225360528287,150,0.0264062006026506,0.9988141059875488,0.0,0.0,911,none,B1,sac_her_pickandplace_clean_2M
sac_her,contact_dropout,0,0.0,-150.0,0.0,0.3549225360528287,150,0.0264062006026506,0.9988141059875488,0.0,0.0,912,none,B1,sac_her_pickandplace_clean_2M
sac_her,contact_dropout,0,0.0,-150.0,0.0,0.3549225360528287,150,0.0264062006026506,0.9988141059875488,0.0,0.0,913,none,B1,sac_her_pickandplace_clean_2M
sac_her,contact_dropout,0,0.0,-150.0,0.0,0.3549225360528287,150,0.0264062006026506,0.9988141059875488,0.0,0.0,914,none,B1,sac_her_pickandplace_clean_2M
sac_her,contact_dropout,0,0.0,-150.0,0.0,0.3549225360528287,150,0.0264062006026506,0.9988141059875488,0.0,0.0,915,none,B1,sac_her_pickandplace_clean_2M
sac_her,contact_dropout,0,0.0,-150.0,0.0,0.3549225360528287,150,0.0264062006026506,0.9988141059875488,0.0,0.0,916,none,B1,sac_her_pickandplace_clean_2M
sac_her,contact_dropout,0,0.0,-150.0,0.0,0.3549225360528287,150,0.0264062006026506,0.9988141059875488,0.0,0.0,917,none,B1,sac_her_pickandplace_clean_2M
sac_her,contact_dropout,0,0.0,-150.0,0.0,0.3549225360528287,150,0.0264062006026506,0.9988141059875488,0.0,0.0,918,none,B1,sac_her_pickandplace_clean_2M
sac_her,contact_dropout,0,0.0,-150.0,0.0,0.3549225360528287,150,0.0264062006026506,0.9988141059875488,0.0,0.0,919,none,B1,sac_her_pickandplace_clean_2M
sac_her,contact_dropout,0,0.0,-150.0,0.0,0.3549225360528287,150,0.0264062006026506,0.9988141059875488,0.0,0.0,920,none,B1,sac_her_pickandplace_clean_2M
sac_her,contact_dropout,0,0.0,-150.0,0.0,0.3549225360528287,150,0.0264062006026506,0.9988141059875488,0.0,0.0,921,none,B1,sac_her_pickandplace_clean_2M
sac_her,contact_dropout,0,0.0,-150.0,0.0,0.3549225360528287,150,0.0264062006026506,0.9988141059875488,0.0,0.0,922,none,B1,sac_her_pickandplace_clean_2M
sac_her,contact_dropout,0,0.0,-150.0,0.0,0.3549225360528287,150,0.0264062006026506,0.9988141059875488,0.0,0.0,923,none,B1,sac_her_pickandplace_clean_2M
sac_her,contact_dropout,0,0.0,-150.0,0.0,0.3549225360528287,150,0.0264062006026506,0.9988141059875488,0.0,0.0,924,none,B1,sac_her_pickandplace_clean_2M
sac_her,contact_dropout,0,0.0,-150.0,0.0,0.3549225360528287,150,0.0264062006026506,0.9988141059875488,0.0,0.0,925,none,B1,sac_her_pickandplace_clean_2M
sac_her,contact_dropout,0,0.0,-150.0,0.0,0.3549225360528287,150,0.0264062006026506,0.9988141059875488,0.0,0.0,926,none,B1,sac_her_pickandplace_clean_2M
sac_her,contact_dropout,0,0.0,-150.0,0.0,0.3549225360528287,150,0.0264062006026506,0.9988141059875488,0.0,0.0,927,none,B1,sac_her_pickandplace_clean_2M
sac_her,contact_dropout,0,0.0,-150.0,0.0,0.3549225360528287,150,0.0264062006026506,0.9988141059875488,0.0,0.0,928,none,B1,sac_her_pickandplace_clean_2M
sac_her,contact_dropout,0,0.0,-150.0,0.0,0.3549225360528287,150,0.0264062006026506,0.9988141059875488,0.0,0.0,929,none,B1,sac_her_pickandplace_clean_2M
sac_her_recovery_v2,contact_dropout,0,0.0,-150.0,0.0,0.3549225360528287,150,0.0682027712464332,1.0029020309448242,0.0,1.0,930,v2,B2,sac_her_pickandplace_clean_2M
sac_her_recovery_v2,contact_dropout,0,0.0,-150.0,0.0,0.3549225360528287,150,0.0682027712464332,1.0029020309448242,0.0,1.0,931,v2,B2,sac_her_pickandplace_clean_2M
sac_her_recovery_v2,contact_dropout,0,0.0,-150.0,0.0,0.3549225360528287,150,0.0682027712464332,1.0029020309448242,0.0,1.0,932,v2,B2,sac_her_pickandplace_clean_2M
sac_her_recovery_v2,contact_dropout,0,0.0,-150.0,0.0,0.3549225360528287,150,0.0682027712464332,1.0029020309448242,0.0,1.0,933,v2,B2,sac_her_pickandplace_clean_2M
sac_her_recovery_v2,contact_dropout,0,0.0,-150.0,0.0,0.3549225360528287,150,0.0682027712464332,1.0029020309448242,0.0,1.0,934,v2,B2,sac_her_pickandplace_clean_2M
sac_her_recovery_v2,contact_dropout,0,0.0,-150.0,0.0,0.3549225360528287,150,0.0682027712464332,1.0029020309448242,0.0,1.0,935,v2,B2,sac_her_pickandplace_clean_2M
sac_her_recovery_v2,contact_dropout,0,0.0,-150.0,0.0,0.3549225360528287,150,0.0682027712464332,1.0029020309448242,0.0,1.0,936,v2,B2,sac_her_pickandplace_clean_2M
sac_her_recovery_v2,contact_dropout,0,0.0,-150.0,0.0,0.3549225360528287,150,0.0682027712464332,1.0029020309448242,0.0,1.0,937,v2,B2,sac_her_pickandplace_clean_2M
sac_her_recovery_v2,contact_dropout,0,0.0,-150.0,0.0,0.3549225360528287,150,0.0682027712464332,1.0029020309448242,0.0,1.0,938,v2,B2,sac_her_pickandplace_clean_2M
sac_her_recovery_v2,contact_dropout,0,0.0,-150.0,0.0,0.3549225360528287,150,0.0682027712464332,1.0029020309448242,0.0,1.0,939,v2,B2,sac_her_pickandplace_clean_2M
sac_her_recovery_v2,contact_dropout,0,0.0,-150.0,0.0,0.3549225360528287,150,0.0682027712464332,1.0029020309448242,0.0,1.0,940,v2,B2,sac_her_pickandplace_clean_2M
sac_her_recovery_v2,contact_dropout,0,0.0,-150.0,0.0,0.3549225360528287,150,0.0682027712464332,1.0029020309448242,0.0,1.0,941,v2,B2,sac_her_pickandplace_clean_2M
sac_her_recovery_v2,contact_dropout,0,0.0,-150.0,0.0,0.3549225360528287,150,0.0682027712464332,1.0029020309448242,0.0,1.0,942,v2,B2,sac_her_pickandplace_clean_2M
sac_her_recovery_v2,contact_dropout,0,0.0,-150.0,0.0,0.3549225360528287,150,0.0682027712464332,1.0029020309448242,0.0,1.0,943,v2,B2,sac_her_pickandplace_clean_2M
sac_her_recovery_v2,contact_dropout,0,0.0,-150.0,0.0,0.3549225360528287,150,0.0682027712464332,1.0029020309448242,0.0,1.0,944,v2,B2,sac_her_pickandplace_clean_2M
sac_her_recovery_v2,contact_dropout,0,0.0,-150.0,0.0,0.3549225360528287,150,0.0682027712464332,1.0029020309448242,0.0,1.0,945,v2,B2,sac_her_pickandplace_clean_2M
sac_her_recovery_v2,contact_dropout,0,0.0,-150.0,0.0,0.3549225360528287,150,0.0682027712464332,1.0029020309448242,0.0,1.0,946,v2,B2,sac_her_pickandplace_clean_2M
sac_her_recovery_v2,contact_dropout,0,0.0,-150.0,0.0,0.3549225360528287,150,0.0682027712464332,1.0029020309448242,0.0,1.0,947,v2,B2,sac_her_pickandplace_clean_2M
sac_her_recovery_v2,contact_dropout,0,0.0,-150.0,0.0,0.3549225360528287,150,0.0682027712464332,1.0029020309448242,0.0,1.0,948,v2,B2,sac_her_pickandplace_clean_2M
sac_her_recovery_v2,contact_dropout,0,0.0,-150.0,0.0,0.3549225360528287,150,0.0682027712464332,1.0029020309448242,0.0,1.0,949,v2,B2,sac_her_pickandplace_clean_2M
sac_her_recovery_v2,contact_dropout,0,0.0,-150.0,0.0,0.3549225360528287,150,0.0682027712464332,1.0029020309448242,0.0,1.0,950,v2,B2,sac_her_pickandplace_clean_2M
sac_her_recovery_v2,contact_dropout,0,0.0,-150.0,0.0,0.3549225360528287,150,0.0682027712464332,1.0029020309448242,0.0,1.0,951,v2,B2,sac_her_pickandplace_clean_2M
sac_her_recovery_v2,contact_dropout,0,0.0,-150.0,0.0,0.3549225360528287,150,0.0682027712464332,1.0029020309448242,0.0,1.0,952,v2,B2,sac_her_pickandplace_clean_2M
sac_her_recovery_v2,contact_dropout,0,0.0,-150.0,0.0,0.3549225360528287,150,0.0682027712464332,1.0029020309448242,0.0,1.0,953,v2,B2,sac_her_pickandplace_clean_2M
sac_her_recovery_v2,contact_dropout,0,0.0,-150.0,0.0,0.3549225360528287,150,0.0682027712464332,1.0029020309448242,0.0,1.0,954,v2,B2,sac_her_pickandplace_clean_2M
sac_her_recovery_v2,contact_dropout,0,0.0,-150.0,0.0,0.3549225360528287,150,0.0682027712464332,1.0029020309448242,0.0,1.0,955,v2,B2,sac_her_pickandplace_clean_2M
sac_her_recovery_v2,contact_dropout,0,0.0,-150.0,0.0,0.3549225360528287,150,0.0682027712464332,1.0029020309448242,0.0,1.0,956,v2,B2,sac_her_pickandplace_clean_2M
sac_her_recovery_v2,contact_dropout,0,0.0,-150.0,0.0,0.3549225360528287,150,0.0682027712464332,1.0029020309448242,0.0,1.0,957,v2,B2,sac_her_pickandplace_clean_2M
sac_her_recovery_v2,contact_dropout,0,0.0,-150.0,0.0,0.3549225360528287,150,0.0682027712464332,1.0029020309448242,0.0,1.0,958,v2,B2,sac_her_pickandplace_clean_2M
sac_her_recovery_v2,contact_dropout,0,0.0,-150.0,0.0,0.3549225360528287,150,0.0682027712464332,1.0029020309448242,0.0,1.0,959,v2,B2,sac_her_pickandplace_clean_2M
sac_her_recovery_v3,contact_dropout,0,0.0,-150.0,0.0,0.3549225360528287,150,0.0652782469987869,1.0667695999145508,0.0,1.0,960,v3,B3,sac_her_pickandplace_clean_2M
sac_her_recovery_v3,contact_dropout,0,0.0,-150.0,0.0,0.3549225360528287,150,0.0652782469987869,1.0667695999145508,0.0,1.0,961,v3,B3,sac_her_pickandplace_clean_2M
sac_her_recovery_v3,contact_dropout,0,0.0,-150.0,0.0,0.3549225360528287,150,0.0652782469987869,1.0667695999145508,0.0,1.0,962,v3,B3,sac_her_pickandplace_clean_2M
sac_her_recovery_v3,contact_dropout,0,0.0,-150.0,0.0,0.3549225360528287,150,0.0652782469987869,1.0667695999145508,0.0,1.0,963,v3,B3,sac_her_pickandplace_clean_2M
sac_her_recovery_v3,contact_dropout,0,0.0,-150.0,0.0,0.3549225360528287,150,0.0652782469987869,1.0667695999145508,0.0,1.0,964,v3,B3,sac_her_pickandplace_clean_2M
sac_her_recovery_v3,contact_dropout,0,0.0,-150.0,0.0,0.3549225360528287,150,0.0652782469987869,1.0667695999145508,0.0,1.0,965,v3,B3,sac_her_pickandplace_clean_2M
sac_her_recovery_v3,contact_dropout,0,0.0,-150.0,0.0,0.3549225360528287,150,0.0652782469987869,1.0667695999145508,0.0,1.0,966,v3,B3,sac_her_pickandplace_clean_2M
sac_her_recovery_v3,contact_dropout,0,0.0,-150.0,0.0,0.3549225360528287,150,0.0652782469987869,1.0667695999145508,0.0,1.0,967,v3,B3,sac_her_pickandplace_clean_2M
sac_her_recovery_v3,contact_dropout,0,0.0,-150.0,0.0,0.3549225360528287,150,0.0652782469987869,1.0667695999145508,0.0,1.0,968,v3,B3,sac_her_pickandplace_clean_2M
sac_her_recovery_v3,contact_dropout,0,0.0,-150.0,0.0,0.3549225360528287,150,0.0652782469987869,1.0667695999145508,0.0,1.0,969,v3,B3,sac_her_pickandplace_clean_2M
sac_her_recovery_v3,contact_dropout,0,0.0,-150.0,0.0,0.3549225360528287,150,0.0652782469987869,1.0667695999145508,0.0,1.0,970,v3,B3,sac_her_pickandplace_clean_2M
sac_her_recovery_v3,contact_dropout,0,0.0,-150.0,0.0,0.3549225360528287,150,0.0652782469987869,1.0667695999145508,0.0,1.0,971,v3,B3,sac_her_pickandplace_clean_2M
sac_her_recovery_v3,contact_dropout,0,0.0,-150.0,0.0,0.3549225360528287,150,0.0652782469987869,1.0667695999145508,0.0,1.0,972,v3,B3,sac_her_pickandplace_clean_2M
sac_her_recovery_v3,contact_dropout,0,0.0,-150.0,0.0,0.3549225360528287,150,0.0652782469987869,1.0667695999145508,0.0,1.0,973,v3,B3,sac_her_pickandplace_clean_2M
sac_her_recovery_v3,contact_dropout,0,0.0,-150.0,0.0,0.3549225360528287,150,0.0652782469987869,1.0667695999145508,0.0,1.0,974,v3,B3,sac_her_pickandplace_clean_2M
sac_her_recovery_v3,contact_dropout,0,0.0,-150.0,0.0,0.3549225360528287,150,0.0652782469987869,1.0667695999145508,0.0,1.0,975,v3,B3,sac_her_pickandplace_clean_2M
sac_her_recovery_v3,contact_dropout,0,0.0,-150.0,0.0,0.3549225360528287,150,0.0652782469987869,1.0667695999145508,0.0,1.0,976,v3,B3,sac_her_pickandplace_clean_2M
sac_her_recovery_v3,contact_dropout,0,0.0,-150.0,0.0,0.3549225360528287,150,0.0652782469987869,1.0667695999145508,0.0,1.0,977,v3,B3,sac_her_pickandplace_clean_2M
sac_her_recovery_v3,contact_dropout,0,0.0,-150.0,0.0,0.3549225360528287,150,0.0652782469987869,1.0667695999145508,0.0,1.0,978,v3,B3,sac_her_pickandplace_clean_2M
sac_her_recovery_v3,contact_dropout,0,0.0,-150.0,0.0,0.3549225360528287,150,0.0652782469987869,1.0667695999145508,0.0,1.0,979,v3,B3,sac_her_pickandplace_clean_2M
sac_her_recovery_v3,contact_dropout,0,0.0,-150.0,0.0,0.3549225360528287,150,0.0652782469987869,1.0667695999145508,0.0,1.0,980,v3,B3,sac_her_pickandplace_clean_2M
sac_her_recovery_v3,contact_dropout,0,0.0,-150.0,0.0,0.3549225360528287,150,0.0652782469987869,1.0667695999145508,0.0,1.0,981,v3,B3,sac_her_pickandplace_clean_2M
sac_her_recovery_v3,contact_dropout,0,0.0,-150.0,0.0,0.3549225360528287,150,0.0652782469987869,1.0667695999145508,0.0,1.0,982,v3,B3,sac_her_pickandplace_clean_2M
sac_her_recovery_v3,contact_dropout,0,0.0,-150.0,0.0,0.3549225360528287,150,0.0652782469987869,1.0667695999145508,0.0,1.0,983,v3,B3,sac_her_pickandplace_clean_2M
sac_her_recovery_v3,contact_dropout,0,0.0,-150.0,0.0,0.3549225360528287,150,0.0652782469987869,1.0667695999145508,0.0,1.0,984,v3,B3,sac_her_pickandplace_clean_2M
sac_her_recovery_v3,contact_dropout,0,0.0,-150.0,0.0,0.3549225360528287,150,0.0652782469987869,1.0667695999145508,0.0,1.0,985,v3,B3,sac_her_pickandplace_clean_2M
sac_her_recovery_v3,contact_dropout,0,0.0,-150.0,0.0,0.3549225360528287,150,0.0652782469987869,1.0667695999145508,0.0,1.0,986,v3,B3,sac_her_pickandplace_clean_2M
sac_her_recovery_v3,contact_dropout,0,0.0,-150.0,0.0,0.3549225360528287,150,0.0652782469987869,1.0667695999145508,0.0,1.0,987,v3,B3,sac_her_pickandplace_clean_2M
sac_her_recovery_v3,contact_dropout,0,0.0,-150.0,0.0,0.3549225360528287,150,0.0652782469987869,1.0667695999145508,0.0,1.0,988,v3,B3,sac_her_pickandplace_clean_2M
sac_her_recovery_v3,contact_dropout,0,0.0,-150.0,0.0,0.3549225360528287,150,0.0652782469987869,1.0667695999145508,0.0,1.0,989,v3,B3,sac_her_pickandplace_clean_2M
sac_her,clean,1,0.0,-16.0,1.0,0.034429519515542,150,0.0632250905036926,1.0467588901519775,0.0,0.0,990,none,B0,sac_her_pickandplace_clean_2M
sac_her,clean,1,0.0,-16.0,1.0,0.034429519515542,150,0.0632250905036926,1.0467588901519775,0.0,0.0,991,none,B0,sac_her_pickandplace_clean_2M
sac_her,clean,1,0.0,-16.0,1.0,0.034429519515542,150,0.0632250905036926,1.0467588901519775,0.0,0.0,992,none,B0,sac_her_pickandplace_clean_2M
sac_her,clean,1,0.0,-16.0,1.0,0.034429519515542,150,0.0632250905036926,1.0467588901519775,0.0,0.0,993,none,B0,sac_her_pickandplace_clean_2M
sac_her,clean,1,0.0,-16.0,1.0,0.034429519515542,150,0.0632250905036926,1.0467588901519775,0.0,0.0,994,none,B0,sac_her_pickandplace_clean_2M
sac_her,clean,1,0.0,-16.0,1.0,0.034429519515542,150,0.0632250905036926,1.0467588901519775,0.0,0.0,995,none,B0,sac_her_pickandplace_clean_2M
sac_her,clean,1,0.0,-16.0,1.0,0.034429519515542,150,0.0632250905036926,1.0467588901519775,0.0,0.0,996,none,B0,sac_her_pickandplace_clean_2M
sac_her,clean,1,0.0,-16.0,1.0,0.034429519515542,150,0.0632250905036926,1.0467588901519775,0.0,0.0,997,none,B0,sac_her_pickandplace_clean_2M
sac_her,clean,1,0.0,-16.0,1.0,0.034429519515542,150,0.0632250905036926,1.0467588901519775,0.0,0.0,998,none,B0,sac_her_pickandplace_clean_2M
sac_her,clean,1,0.0,-16.0,1.0,0.034429519515542,150,0.0632250905036926,1.0467588901519775,0.0,0.0,999,none,B0,sac_her_pickandplace_clean_2M
sac_her,clean,1,0.0,-16.0,1.0,0.034429519515542,150,0.0632250905036926,1.0467588901519775,0.0,0.0,1000,none,B0,sac_her_pickandplace_clean_2M
sac_her,clean,1,0.0,-16.0,1.0,0.034429519515542,150,0.0632250905036926,1.0467588901519775,0.0,0.0,1001,none,B0,sac_her_pickandplace_clean_2M
sac_her,clean,1,0.0,-16.0,1.0,0.034429519515542,150,0.0632250905036926,1.0467588901519775,0.0,0.0,1002,none,B0,sac_her_pickandplace_clean_2M
sac_her,clean,1,0.0,-16.0,1.0,0.034429519515542,150,0.0632250905036926,1.0467588901519775,0.0,0.0,1003,none,B0,sac_her_pickandplace_clean_2M
sac_her,clean,1,0.0,-16.0,1.0,0.034429519515542,150,0.0632250905036926,1.0467588901519775,0.0,0.0,1004,none,B0,sac_her_pickandplace_clean_2M
sac_her,clean,1,0.0,-16.0,1.0,0.034429519515542,150,0.0632250905036926,1.0467588901519775,0.0,0.0,1005,none,B0,sac_her_pickandplace_clean_2M
sac_her,clean,1,0.0,-16.0,1.0,0.034429519515542,150,0.0632250905036926,1.0467588901519775,0.0,0.0,1006,none,B0,sac_her_pickandplace_clean_2M
sac_her,clean,1,0.0,-16.0,1.0,0.034429519515542,150,0.0632250905036926,1.0467588901519775,0.0,0.0,1007,none,B0,sac_her_pickandplace_clean_2M
sac_her,clean,1,0.0,-16.0,1.0,0.034429519515542,150,0.0632250905036926,1.0467588901519775,0.0,0.0,1008,none,B0,sac_her_pickandplace_clean_2M
sac_her,clean,1,0.0,-16.0,1.0,0.034429519515542,150,0.0632250905036926,1.0467588901519775,0.0,0.0,1009,none,B0,sac_her_pickandplace_clean_2M
sac_her,clean,1,0.0,-16.0,1.0,0.034429519515542,150,0.0632250905036926,1.0467588901519775,0.0,0.0,1010,none,B0,sac_her_pickandplace_clean_2M
sac_her,clean,1,0.0,-16.0,1.0,0.034429519515542,150,0.0632250905036926,1.0467588901519775,0.0,0.0,1011,none,B0,sac_her_pickandplace_clean_2M
sac_her,clean,1,0.0,-16.0,1.0,0.034429519515542,150,0.0632250905036926,1.0467588901519775,0.0,0.0,1012,none,B0,sac_her_pickandplace_clean_2M
sac_her,clean,1,0.0,-16.0,1.0,0.034429519515542,150,0.0632250905036926,1.0467588901519775,0.0,0.0,1013,none,B0,sac_her_pickandplace_clean_2M
sac_her,clean,1,0.0,-16.0,1.0,0.034429519515542,150,0.0632250905036926,1.0467588901519775,0.0,0.0,1014,none,B0,sac_her_pickandplace_clean_2M
sac_her,clean,1,0.0,-16.0,1.0,0.034429519515542,150,0.0632250905036926,1.0467588901519775,0.0,0.0,1015,none,B0,sac_her_pickandplace_clean_2M
sac_her,clean,1,0.0,-16.0,1.0,0.034429519515542,150,0.0632250905036926,1.0467588901519775,0.0,0.0,1016,none,B0,sac_her_pickandplace_clean_2M
sac_her,clean,1,0.0,-16.0,1.0,0.034429519515542,150,0.0632250905036926,1.0467588901519775,0.0,0.0,1017,none,B0,sac_her_pickandplace_clean_2M
sac_her,clean,1,0.0,-16.0,1.0,0.034429519515542,150,0.0632250905036926,1.0467588901519775,0.0,0.0,1018,none,B0,sac_her_pickandplace_clean_2M
sac_her,clean,1,0.0,-16.0,1.0,0.034429519515542,150,0.0632250905036926,1.0467588901519775,0.0,0.0,1019,none,B0,sac_her_pickandplace_clean_2M
sac_her_recovery_v2,clean,1,0.0,-16.0,1.0,0.034429519515542,150,0.0632250905036926,1.0467588901519775,0.0,0.0,1020,v2,B2,sac_her_pickandplace_clean_2M
sac_her_recovery_v2,clean,1,0.0,-16.0,1.0,0.034429519515542,150,0.0632250905036926,1.0467588901519775,0.0,0.0,1021,v2,B2,sac_her_pickandplace_clean_2M
sac_her_recovery_v2,clean,1,0.0,-16.0,1.0,0.034429519515542,150,0.0632250905036926,1.0467588901519775,0.0,0.0,1022,v2,B2,sac_her_pickandplace_clean_2M
sac_her_recovery_v2,clean,1,0.0,-16.0,1.0,0.034429519515542,150,0.0632250905036926,1.0467588901519775,0.0,0.0,1023,v2,B2,sac_her_pickandplace_clean_2M
sac_her_recovery_v2,clean,1,0.0,-16.0,1.0,0.034429519515542,150,0.0632250905036926,1.0467588901519775,0.0,0.0,1024,v2,B2,sac_her_pickandplace_clean_2M
sac_her_recovery_v2,clean,1,0.0,-16.0,1.0,0.034429519515542,150,0.0632250905036926,1.0467588901519775,0.0,0.0,1025,v2,B2,sac_her_pickandplace_clean_2M
sac_her_recovery_v2,clean,1,0.0,-16.0,1.0,0.034429519515542,150,0.0632250905036926,1.0467588901519775,0.0,0.0,1026,v2,B2,sac_her_pickandplace_clean_2M
sac_her_recovery_v2,clean,1,0.0,-16.0,1.0,0.034429519515542,150,0.0632250905036926,1.0467588901519775,0.0,0.0,1027,v2,B2,sac_her_pickandplace_clean_2M
sac_her_recovery_v2,clean,1,0.0,-16.0,1.0,0.034429519515542,150,0.0632250905036926,1.0467588901519775,0.0,0.0,1028,v2,B2,sac_her_pickandplace_clean_2M
sac_her_recovery_v2,clean,1,0.0,-16.0,1.0,0.034429519515542,150,0.0632250905036926,1.0467588901519775,0.0,0.0,1029,v2,B2,sac_her_pickandplace_clean_2M
sac_her_recovery_v2,clean,1,0.0,-16.0,1.0,0.034429519515542,150,0.0632250905036926,1.0467588901519775,0.0,0.0,1030,v2,B2,sac_her_pickandplace_clean_2M
sac_her_recovery_v2,clean,1,0.0,-16.0,1.0,0.034429519515542,150,0.0632250905036926,1.0467588901519775,0.0,0.0,1031,v2,B2,sac_her_pickandplace_clean_2M
sac_her_recovery_v2,clean,1,0.0,-16.0,1.0,0.034429519515542,150,0.0632250905036926,1.0467588901519775,0.0,0.0,1032,v2,B2,sac_her_pickandplace_clean_2M
sac_her_recovery_v2,clean,1,0.0,-16.0,1.0,0.034429519515542,150,0.0632250905036926,1.0467588901519775,0.0,0.0,1033,v2,B2,sac_her_pickandplace_clean_2M
sac_her_recovery_v2,clean,1,0.0,-16.0,1.0,0.034429519515542,150,0.0632250905036926,1.0467588901519775,0.0,0.0,1034,v2,B2,sac_her_pickandplace_clean_2M
sac_her_recovery_v2,clean,1,0.0,-16.0,1.0,0.034429519515542,150,0.0632250905036926,1.0467588901519775,0.0,0.0,1035,v2,B2,sac_her_pickandplace_clean_2M
sac_her_recovery_v2,clean,1,0.0,-16.0,1.0,0.034429519515542,150,0.0632250905036926,1.0467588901519775,0.0,0.0,1036,v2,B2,sac_her_pickandplace_clean_2M
sac_her_recovery_v2,clean,1,0.0,-16.0,1.0,0.034429519515542,150,0.0632250905036926,1.0467588901519775,0.0,0.0,1037,v2,B2,sac_her_pickandplace_clean_2M
sac_her_recovery_v2,clean,1,0.0,-16.0,1.0,0.034429519515542,150,0.0632250905036926,1.0467588901519775,0.0,0.0,1038,v2,B2,sac_her_pickandplace_clean_2M
sac_her_recovery_v2,clean,1,0.0,-16.0,1.0,0.034429519515542,150,0.0632250905036926,1.0467588901519775,0.0,0.0,1039,v2,B2,sac_her_pickandplace_clean_2M
sac_her_recovery_v2,clean,1,0.0,-16.0,1.0,0.034429519515542,150,0.0632250905036926,1.0467588901519775,0.0,0.0,1040,v2,B2,sac_her_pickandplace_clean_2M
sac_her_recovery_v2,clean,1,0.0,-16.0,1.0,0.034429519515542,150,0.0632250905036926,1.0467588901519775,0.0,0.0,1041,v2,B2,sac_her_pickandplace_clean_2M
sac_her_recovery_v2,clean,1,0.0,-16.0,1.0,0.034429519515542,150,0.0632250905036926,1.0467588901519775,0.0,0.0,1042,v2,B2,sac_her_pickandplace_clean_2M
sac_her_recovery_v2,clean,1,0.0,-16.0,1.0,0.034429519515542,150,0.0632250905036926,1.0467588901519775,0.0,0.0,1043,v2,B2,sac_her_pickandplace_clean_2M
sac_her_recovery_v2,clean,1,0.0,-16.0,1.0,0.034429519515542,150,0.0632250905036926,1.0467588901519775,0.0,0.0,1044,v2,B2,sac_her_pickandplace_clean_2M
sac_her_recovery_v2,clean,1,0.0,-16.0,1.0,0.034429519515542,150,0.0632250905036926,1.0467588901519775,0.0,0.0,1045,v2,B2,sac_her_pickandplace_clean_2M
sac_her_recovery_v2,clean,1,0.0,-16.0,1.0,0.034429519515542,150,0.0632250905036926,1.0467588901519775,0.0,0.0,1046,v2,B2,sac_her_pickandplace_clean_2M
sac_her_recovery_v2,clean,1,0.0,-16.0,1.0,0.034429519515542,150,0.0632250905036926,1.0467588901519775,0.0,0.0,1047,v2,B2,sac_her_pickandplace_clean_2M
sac_her_recovery_v2,clean,1,0.0,-16.0,1.0,0.034429519515542,150,0.0632250905036926,1.0467588901519775,0.0,0.0,1048,v2,B2,sac_her_pickandplace_clean_2M
sac_her_recovery_v2,clean,1,0.0,-16.0,1.0,0.034429519515542,150,0.0632250905036926,1.0467588901519775,0.0,0.0,1049,v2,B2,sac_her_pickandplace_clean_2M
sac_her_recovery_v3,clean,1,0.0,-16.0,1.0,0.034429519515542,150,0.0632250905036926,1.0467588901519775,0.0,0.0,1050,v3,B3,sac_her_pickandplace_clean_2M
sac_her_recovery_v3,clean,1,0.0,-16.0,1.0,0.034429519515542,150,0.0632250905036926,1.0467588901519775,0.0,0.0,1051,v3,B3,sac_her_pickandplace_clean_2M
sac_her_recovery_v3,clean,1,0.0,-16.0,1.0,0.034429519515542,150,0.0632250905036926,1.0467588901519775,0.0,0.0,1052,v3,B3,sac_her_pickandplace_clean_2M
sac_her_recovery_v3,clean,1,0.0,-16.0,1.0,0.034429519515542,150,0.0632250905036926,1.0467588901519775,0.0,0.0,1053,v3,B3,sac_her_pickandplace_clean_2M
sac_her_recovery_v3,clean,1,0.0,-16.0,1.0,0.034429519515542,150,0.0632250905036926,1.0467588901519775,0.0,0.0,1054,v3,B3,sac_her_pickandplace_clean_2M
sac_her_recovery_v3,clean,1,0.0,-16.0,1.0,0.034429519515542,150,0.0632250905036926,1.0467588901519775,0.0,0.0,1055,v3,B3,sac_her_pickandplace_clean_2M
sac_her_recovery_v3,clean,1,0.0,-16.0,1.0,0.034429519515542,150,0.0632250905036926,1.0467588901519775,0.0,0.0,1056,v3,B3,sac_her_pickandplace_clean_2M
sac_her_recovery_v3,clean,1,0.0,-16.0,1.0,0.034429519515542,150,0.0632250905036926,1.0467588901519775,0.0,0.0,1057,v3,B3,sac_her_pickandplace_clean_2M
sac_her_recovery_v3,clean,1,0.0,-16.0,1.0,0.034429519515542,150,0.0632250905036926,1.0467588901519775,0.0,0.0,1058,v3,B3,sac_her_pickandplace_clean_2M
sac_her_recovery_v3,clean,1,0.0,-16.0,1.0,0.034429519515542,150,0.0632250905036926,1.0467588901519775,0.0,0.0,1059,v3,B3,sac_her_pickandplace_clean_2M
sac_her_recovery_v3,clean,1,0.0,-16.0,1.0,0.034429519515542,150,0.0632250905036926,1.0467588901519775,0.0,0.0,1060,v3,B3,sac_her_pickandplace_clean_2M
sac_her_recovery_v3,clean,1,0.0,-16.0,1.0,0.034429519515542,150,0.0632250905036926,1.0467588901519775,0.0,0.0,1061,v3,B3,sac_her_pickandplace_clean_2M
sac_her_recovery_v3,clean,1,0.0,-16.0,1.0,0.034429519515542,150,0.0632250905036926,1.0467588901519775,0.0,0.0,1062,v3,B3,sac_her_pickandplace_clean_2M
sac_her_recovery_v3,clean,1,0.0,-16.0,1.0,0.034429519515542,150,0.0632250905036926,1.0467588901519775,0.0,0.0,1063,v3,B3,sac_her_pickandplace_clean_2M
sac_her_recovery_v3,clean,1,0.0,-16.0,1.0,0.034429519515542,150,0.0632250905036926,1.0467588901519775,0.0,0.0,1064,v3,B3,sac_her_pickandplace_clean_2M
sac_her_recovery_v3,clean,1,0.0,-16.0,1.0,0.034429519515542,150,0.0632250905036926,1.0467588901519775,0.0,0.0,1065,v3,B3,sac_her_pickandplace_clean_2M
sac_her_recovery_v3,clean,1,0.0,-16.0,1.0,0.034429519515542,150,0.0632250905036926,1.0467588901519775,0.0,0.0,1066,v3,B3,sac_her_pickandplace_clean_2M
sac_her_recovery_v3,clean,1,0.0,-16.0,1.0,0.034429519515542,150,0.0632250905036926,1.0467588901519775,0.0,0.0,1067,v3,B3,sac_her_pickandplace_clean_2M
sac_her_recovery_v3,clean,1,0.0,-16.0,1.0,0.034429519515542,150,0.0632250905036926,1.0467588901519775,0.0,0.0,1068,v3,B3,sac_her_pickandplace_clean_2M
sac_her_recovery_v3,clean,1,0.0,-16.0,1.0,0.034429519515542,150,0.0632250905036926,1.0467588901519775,0.0,0.0,1069,v3,B3,sac_her_pickandplace_clean_2M
sac_her_recovery_v3,clean,1,0.0,-16.0,1.0,0.034429519515542,150,0.0632250905036926,1.0467588901519775,0.0,0.0,1070,v3,B3,sac_her_pickandplace_clean_2M
sac_her_recovery_v3,clean,1,0.0,-16.0,1.0,0.034429519515542,150,0.0632250905036926,1.0467588901519775,0.0,0.0,1071,v3,B3,sac_her_pickandplace_clean_2M
sac_her_recovery_v3,clean,1,0.0,-16.0,1.0,0.034429519515542,150,0.0632250905036926,1.0467588901519775,0.0,0.0,1072,v3,B3,sac_her_pickandplace_clean_2M
sac_her_recovery_v3,clean,1,0.0,-16.0,1.0,0.034429519515542,150,0.0632250905036926,1.0467588901519775,0.0,0.0,1073,v3,B3,sac_her_pickandplace_clean_2M
sac_her_recovery_v3,clean,1,0.0,-16.0,1.0,0.034429519515542,150,0.0632250905036926,1.0467588901519775,0.0,0.0,1074,v3,B3,sac_her_pickandplace_clean_2M
sac_her_recovery_v3,clean,1,0.0,-16.0,1.0,0.034429519515542,150,0.0632250905036926,1.0467588901519775,0.0,0.0,1075,v3,B3,sac_her_pickandplace_clean_2M
sac_her_recovery_v3,clean,1,0.0,-16.0,1.0,0.034429519515542,150,0.0632250905036926,1.0467588901519775,0.0,0.0,1076,v3,B3,sac_her_pickandplace_clean_2M
sac_her_recovery_v3,clean,1,0.0,-16.0,1.0,0.034429519515542,150,0.0632250905036926,1.0467588901519775,0.0,0.0,1077,v3,B3,sac_her_pickandplace_clean_2M
sac_her_recovery_v3,clean,1,0.0,-16.0,1.0,0.034429519515542,150,0.0632250905036926,1.0467588901519775,0.0,0.0,1078,v3,B3,sac_her_pickandplace_clean_2M
sac_her_recovery_v3,clean,1,0.0,-16.0,1.0,0.034429519515542,150,0.0632250905036926,1.0467588901519775,0.0,0.0,1079,v3,B3,sac_her_pickandplace_clean_2M
sac_her,sensor_dropout,1,0.0,-150.0,0.0,0.3884547695970575,150,1.1314590375732791e-09,1.8474788665771484,0.0,0.0,1080,none,B1,sac_her_pickandplace_clean_2M
sac_her,sensor_dropout,1,0.0,-150.0,0.0,0.3884547695970575,150,1.1314590375732791e-09,1.8474788665771484,0.0,0.0,1081,none,B1,sac_her_pickandplace_clean_2M
sac_her,sensor_dropout,1,0.0,-150.0,0.0,0.3884547695970575,150,1.1314590375732791e-09,1.8474788665771484,0.0,0.0,1082,none,B1,sac_her_pickandplace_clean_2M
sac_her,sensor_dropout,1,0.0,-150.0,0.0,0.3884547695970575,150,1.1314590375732791e-09,1.8474788665771484,0.0,0.0,1083,none,B1,sac_her_pickandplace_clean_2M
sac_her,sensor_dropout,1,0.0,-150.0,0.0,0.3884547695970575,150,1.1314590375732791e-09,1.8474788665771484,0.0,0.0,1084,none,B1,sac_her_pickandplace_clean_2M
sac_her,sensor_dropout,1,0.0,-150.0,0.0,0.3884547695970575,150,1.1314590375732791e-09,1.8474788665771484,0.0,0.0,1085,none,B1,sac_her_pickandplace_clean_2M
sac_her,sensor_dropout,1,0.0,-150.0,0.0,0.3884547695970575,150,1.1314590375732791e-09,1.8474788665771484,0.0,0.0,1086,none,B1,sac_her_pickandplace_clean_2M
sac_her,sensor_dropout,1,0.0,-150.0,0.0,0.3884547695970575,150,1.1314590375732791e-09,1.8474788665771484,0.0,0.0,1087,none,B1,sac_her_pickandplace_clean_2M
sac_her,sensor_dropout,1,0.0,-150.0,0.0,0.3884547695970575,150,1.1314590375732791e-09,1.8474788665771484,0.0,0.0,1088,none,B1,sac_her_pickandplace_clean_2M
sac_her,sensor_dropout,1,0.0,-150.0,0.0,0.3884547695970575,150,1.1314590375732791e-09,1.8474788665771484,0.0,0.0,1089,none,B1,sac_her_pickandplace_clean_2M
sac_her,sensor_dropout,1,0.0,-150.0,0.0,0.3884547695970575,150,1.1314590375732791e-09,1.8474788665771484,0.0,0.0,1090,none,B1,sac_her_pickandplace_clean_2M
sac_her,sensor_dropout,1,0.0,-150.0,0.0,0.3884547695970575,150,1.1314590375732791e-09,1.8474788665771484,0.0,0.0,1091,none,B1,sac_her_pickandplace_clean_2M
sac_her,sensor_dropout,1,0.0,-150.0,0.0,0.3884547695970575,150,1.1314590375732791e-09,1.8474788665771484,0.0,0.0,1092,none,B1,sac_her_pickandplace_clean_2M
sac_her,sensor_dropout,1,0.0,-150.0,0.0,0.3884547695970575,150,1.1314590375732791e-09,1.8474788665771484,0.0,0.0,1093,none,B1,sac_her_pickandplace_clean_2M
sac_her,sensor_dropout,1,0.0,-150.0,0.0,0.3884547695970575,150,1.1314590375732791e-09,1.8474788665771484,0.0,0.0,1094,none,B1,sac_her_pickandplace_clean_2M
sac_her,sensor_dropout,1,0.0,-150.0,0.0,0.3884547695970575,150,1.1314590375732791e-09,1.8474788665771484,0.0,0.0,1095,none,B1,sac_her_pickandplace_clean_2M
sac_her,sensor_dropout,1,0.0,-150.0,0.0,0.3884547695970575,150,1.1314590375732791e-09,1.8474788665771484,0.0,0.0,1096,none,B1,sac_her_pickandplace_clean_2M
sac_her,sensor_dropout,1,0.0,-150.0,0.0,0.3884547695970575,150,1.1314590375732791e-09,1.8474788665771484,0.0,0.0,1097,none,B1,sac_her_pickandplace_clean_2M
sac_her,sensor_dropout,1,0.0,-150.0,0.0,0.3884547695970575,150,1.1314590375732791e-09,1.8474788665771484,0.0,0.0,1098,none,B1,sac_her_pickandplace_clean_2M
sac_her,sensor_dropout,1,0.0,-150.0,0.0,0.3884547695970575,150,1.1314590375732791e-09,1.8474788665771484,0.0,0.0,1099,none,B1,sac_her_pickandplace_clean_2M
sac_her,sensor_dropout,1,0.0,-150.0,0.0,0.3884547695970575,150,1.1314590375732791e-09,1.8474788665771484,0.0,0.0,1100,none,B1,sac_her_pickandplace_clean_2M
sac_her,sensor_dropout,1,0.0,-150.0,0.0,0.3884547695970575,150,1.1314590375732791e-09,1.8474788665771484,0.0,0.0,1101,none,B1,sac_her_pickandplace_clean_2M
sac_her,sensor_dropout,1,0.0,-150.0,0.0,0.3884547695970575,150,1.1314590375732791e-09,1.8474788665771484,0.0,0.0,1102,none,B1,sac_her_pickandplace_clean_2M
sac_her,sensor_dropout,1,0.0,-150.0,0.0,0.3884547695970575,150,1.1314590375732791e-09,1.8474788665771484,0.0,0.0,1103,none,B1,sac_her_pickandplace_clean_2M
sac_her,sensor_dropout,1,0.0,-150.0,0.0,0.3884547695970575,150,1.1314590375732791e-09,1.8474788665771484,0.0,0.0,1104,none,B1,sac_her_pickandplace_clean_2M
sac_her,sensor_dropout,1,0.0,-150.0,0.0,0.3884547695970575,150,1.1314590375732791e-09,1.8474788665771484,0.0,0.0,1105,none,B1,sac_her_pickandplace_clean_2M
sac_her,sensor_dropout,1,0.0,-150.0,0.0,0.3884547695970575,150,1.1314590375732791e-09,1.8474788665771484,0.0,0.0,1106,none,B1,sac_her_pickandplace_clean_2M
sac_her,sensor_dropout,1,0.0,-150.0,0.0,0.3884547695970575,150,1.1314590375732791e-09,1.8474788665771484,0.0,0.0,1107,none,B1,sac_her_pickandplace_clean_2M
sac_her,sensor_dropout,1,0.0,-150.0,0.0,0.3884547695970575,150,1.1314590375732791e-09,1.8474788665771484,0.0,0.0,1108,none,B1,sac_her_pickandplace_clean_2M
sac_her,sensor_dropout,1,0.0,-150.0,0.0,0.3884547695970575,150,1.1314590375732791e-09,1.8474788665771484,0.0,0.0,1109,none,B1,sac_her_pickandplace_clean_2M
sac_her_recovery_v2,sensor_dropout,1,0.0,-150.0,0.0,0.3884547695970575,150,0.0130005767568945,1.156104564666748,0.0,1.0,1110,v2,B2,sac_her_pickandplace_clean_2M
sac_her_recovery_v2,sensor_dropout,1,0.0,-150.0,0.0,0.3884547695970575,150,0.0130005767568945,1.156104564666748,0.0,1.0,1111,v2,B2,sac_her_pickandplace_clean_2M
sac_her_recovery_v2,sensor_dropout,1,0.0,-150.0,0.0,0.3884547695970575,150,0.0130005767568945,1.156104564666748,0.0,1.0,1112,v2,B2,sac_her_pickandplace_clean_2M
sac_her_recovery_v2,sensor_dropout,1,0.0,-150.0,0.0,0.3884547695970575,150,0.0130005767568945,1.156104564666748,0.0,1.0,1113,v2,B2,sac_her_pickandplace_clean_2M
sac_her_recovery_v2,sensor_dropout,1,0.0,-150.0,0.0,0.3884547695970575,150,0.0130005767568945,1.156104564666748,0.0,1.0,1114,v2,B2,sac_her_pickandplace_clean_2M
sac_her_recovery_v2,sensor_dropout,1,0.0,-150.0,0.0,0.3884547695970575,150,0.0130005767568945,1.156104564666748,0.0,1.0,1115,v2,B2,sac_her_pickandplace_clean_2M
sac_her_recovery_v2,sensor_dropout,1,0.0,-150.0,0.0,0.3884547695970575,150,0.0130005767568945,1.156104564666748,0.0,1.0,1116,v2,B2,sac_her_pickandplace_clean_2M
sac_her_recovery_v2,sensor_dropout,1,0.0,-150.0,0.0,0.3884547695970575,150,0.0130005767568945,1.156104564666748,0.0,1.0,1117,v2,B2,sac_her_pickandplace_clean_2M
sac_her_recovery_v2,sensor_dropout,1,0.0,-150.0,0.0,0.3884547695970575,150,0.0130005767568945,1.156104564666748,0.0,1.0,1118,v2,B2,sac_her_pickandplace_clean_2M
sac_her_recovery_v2,sensor_dropout,1,0.0,-150.0,0.0,0.3884547695970575,150,0.0130005767568945,1.156104564666748,0.0,1.0,1119,v2,B2,sac_her_pickandplace_clean_2M
sac_her_recovery_v2,sensor_dropout,1,0.0,-150.0,0.0,0.3884547695970575,150,0.0130005767568945,1.156104564666748,0.0,1.0,1120,v2,B2,sac_her_pickandplace_clean_2M
sac_her_recovery_v2,sensor_dropout,1,0.0,-150.0,0.0,0.3884547695970575,150,0.0130005767568945,1.156104564666748,0.0,1.0,1121,v2,B2,sac_her_pickandplace_clean_2M
sac_her_recovery_v2,sensor_dropout,1,0.0,-150.0,0.0,0.3884547695970575,150,0.0130005767568945,1.156104564666748,0.0,1.0,1122,v2,B2,sac_her_pickandplace_clean_2M
sac_her_recovery_v2,sensor_dropout,1,0.0,-150.0,0.0,0.3884547695970575,150,0.0130005767568945,1.156104564666748,0.0,1.0,1123,v2,B2,sac_her_pickandplace_clean_2M
sac_her_recovery_v2,sensor_dropout,1,0.0,-150.0,0.0,0.3884547695970575,150,0.0130005767568945,1.156104564666748,0.0,1.0,1124,v2,B2,sac_her_pickandplace_clean_2M
sac_her_recovery_v2,sensor_dropout,1,0.0,-150.0,0.0,0.3884547695970575,150,0.0130005767568945,1.156104564666748,0.0,1.0,1125,v2,B2,sac_her_pickandplace_clean_2M
sac_her_recovery_v2,sensor_dropout,1,0.0,-150.0,0.0,0.3884547695970575,150,0.0130005767568945,1.156104564666748,0.0,1.0,1126,v2,B2,sac_her_pickandplace_clean_2M
sac_her_recovery_v2,sensor_dropout,1,0.0,-150.0,0.0,0.3884547695970575,150,0.0130005767568945,1.156104564666748,0.0,1.0,1127,v2,B2,sac_her_pickandplace_clean_2M
sac_her_recovery_v2,sensor_dropout,1,0.0,-150.0,0.0,0.3884547695970575,150,0.0130005767568945,1.156104564666748,0.0,1.0,1128,v2,B2,sac_her_pickandplace_clean_2M
sac_her_recovery_v2,sensor_dropout,1,0.0,-150.0,0.0,0.3884547695970575,150,0.0130005767568945,1.156104564666748,0.0,1.0,1129,v2,B2,sac_her_pickandplace_clean_2M
sac_her_recovery_v2,sensor_dropout,1,0.0,-150.0,0.0,0.3884547695970575,150,0.0130005767568945,1.156104564666748,0.0,1.0,1130,v2,B2,sac_her_pickandplace_clean_2M
sac_her_recovery_v2,sensor_dropout,1,0.0,-150.0,0.0,0.3884547695970575,150,0.0130005767568945,1.156104564666748,0.0,1.0,1131,v2,B2,sac_her_pickandplace_clean_2M
sac_her_recovery_v2,sensor_dropout,1,0.0,-150.0,0.0,0.3884547695970575,150,0.0130005767568945,1.156104564666748,0.0,1.0,1132,v2,B2,sac_her_pickandplace_clean_2M
sac_her_recovery_v2,sensor_dropout,1,0.0,-150.0,0.0,0.3884547695970575,150,0.0130005767568945,1.156104564666748,0.0,1.0,1133,v2,B2,sac_her_pickandplace_clean_2M
sac_her_recovery_v2,sensor_dropout,1,0.0,-150.0,0.0,0.3884547695970575,150,0.0130005767568945,1.156104564666748,0.0,1.0,1134,v2,B2,sac_her_pickandplace_clean_2M
sac_her_recovery_v2,sensor_dropout,1,0.0,-150.0,0.0,0.3884547695970575,150,0.0130005767568945,1.156104564666748,0.0,1.0,1135,v2,B2,sac_her_pickandplace_clean_2M
sac_her_recovery_v2,sensor_dropout,1,0.0,-150.0,0.0,0.3884547695970575,150,0.0130005767568945,1.156104564666748,0.0,1.0,1136,v2,B2,sac_her_pickandplace_clean_2M
sac_her_recovery_v2,sensor_dropout,1,0.0,-150.0,0.0,0.3884547695970575,150,0.0130005767568945,1.156104564666748,0.0,1.0,1137,v2,B2,sac_her_pickandplace_clean_2M
sac_her_recovery_v2,sensor_dropout,1,0.0,-150.0,0.0,0.3884547695970575,150,0.0130005767568945,1.156104564666748,0.0,1.0,1138,v2,B2,sac_her_pickandplace_clean_2M
sac_her_recovery_v2,sensor_dropout,1,0.0,-150.0,0.0,0.3884547695970575,150,0.0130005767568945,1.156104564666748,0.0,1.0,1139,v2,B2,sac_her_pickandplace_clean_2M
sac_her_recovery_v3,sensor_dropout,1,0.0,-150.0,0.0,0.3884547695970575,150,0.0130005767568945,1.156104564666748,0.0,1.0,1140,v3,B3,sac_her_pickandplace_clean_2M
sac_her_recovery_v3,sensor_dropout,1,0.0,-150.0,0.0,0.3884547695970575,150,0.0130005767568945,1.156104564666748,0.0,1.0,1141,v3,B3,sac_her_pickandplace_clean_2M
sac_her_recovery_v3,sensor_dropout,1,0.0,-150.0,0.0,0.3884547695970575,150,0.0130005767568945,1.156104564666748,0.0,1.0,1142,v3,B3,sac_her_pickandplace_clean_2M
sac_her_recovery_v3,sensor_dropout,1,0.0,-150.0,0.0,0.3884547695970575,150,0.0130005767568945,1.156104564666748,0.0,1.0,1143,v3,B3,sac_her_pickandplace_clean_2M
sac_her_recovery_v3,sensor_dropout,1,0.0,-150.0,0.0,0.3884547695970575,150,0.0130005767568945,1.156104564666748,0.0,1.0,1144,v3,B3,sac_her_pickandplace_clean_2M
sac_her_recovery_v3,sensor_dropout,1,0.0,-150.0,0.0,0.3884547695970575,150,0.0130005767568945,1.156104564666748,0.0,1.0,1145,v3,B3,sac_her_pickandplace_clean_2M
sac_her_recovery_v3,sensor_dropout,1,0.0,-150.0,0.0,0.3884547695970575,150,0.0130005767568945,1.156104564666748,0.0,1.0,1146,v3,B3,sac_her_pickandplace_clean_2M
sac_her_recovery_v3,sensor_dropout,1,0.0,-150.0,0.0,0.3884547695970575,150,0.0130005767568945,1.156104564666748,0.0,1.0,1147,v3,B3,sac_her_pickandplace_clean_2M
sac_her_recovery_v3,sensor_dropout,1,0.0,-150.0,0.0,0.3884547695970575,150,0.0130005767568945,1.156104564666748,0.0,1.0,1148,v3,B3,sac_her_pickandplace_clean_2M
sac_her_recovery_v3,sensor_dropout,1,0.0,-150.0,0.0,0.3884547695970575,150,0.0130005767568945,1.156104564666748,0.0,1.0,1149,v3,B3,sac_her_pickandplace_clean_2M
sac_her_recovery_v3,sensor_dropout,1,0.0,-150.0,0.0,0.3884547695970575,150,0.0130005767568945,1.156104564666748,0.0,1.0,1150,v3,B3,sac_her_pickandplace_clean_2M
sac_her_recovery_v3,sensor_dropout,1,0.0,-150.0,0.0,0.3884547695970575,150,0.0130005767568945,1.156104564666748,0.0,1.0,1151,v3,B3,sac_her_pickandplace_clean_2M
sac_her_recovery_v3,sensor_dropout,1,0.0,-150.0,0.0,0.3884547695970575,150,0.0130005767568945,1.156104564666748,0.0,1.0,1152,v3,B3,sac_her_pickandplace_clean_2M
sac_her_recovery_v3,sensor_dropout,1,0.0,-150.0,0.0,0.3884547695970575,150,0.0130005767568945,1.156104564666748,0.0,1.0,1153,v3,B3,sac_her_pickandplace_clean_2M
sac_her_recovery_v3,sensor_dropout,1,0.0,-150.0,0.0,0.3884547695970575,150,0.0130005767568945,1.156104564666748,0.0,1.0,1154,v3,B3,sac_her_pickandplace_clean_2M
sac_her_recovery_v3,sensor_dropout,1,0.0,-150.0,0.0,0.3884547695970575,150,0.0130005767568945,1.156104564666748,0.0,1.0,1155,v3,B3,sac_her_pickandplace_clean_2M
sac_her_recovery_v3,sensor_dropout,1,0.0,-150.0,0.0,0.3884547695970575,150,0.0130005767568945,1.156104564666748,0.0,1.0,1156,v3,B3,sac_her_pickandplace_clean_2M
sac_her_recovery_v3,sensor_dropout,1,0.0,-150.0,0.0,0.3884547695970575,150,0.0130005767568945,1.156104564666748,0.0,1.0,1157,v3,B3,sac_her_pickandplace_clean_2M
sac_her_recovery_v3,sensor_dropout,1,0.0,-150.0,0.0,0.3884547695970575,150,0.0130005767568945,1.156104564666748,0.0,1.0,1158,v3,B3,sac_her_pickandplace_clean_2M
sac_her_recovery_v3,sensor_dropout,1,0.0,-150.0,0.0,0.3884547695970575,150,0.0130005767568945,1.156104564666748,0.0,1.0,1159,v3,B3,sac_her_pickandplace_clean_2M
sac_her_recovery_v3,sensor_dropout,1,0.0,-150.0,0.0,0.3884547695970575,150,0.0130005767568945,1.156104564666748,0.0,1.0,1160,v3,B3,sac_her_pickandplace_clean_2M
sac_her_recovery_v3,sensor_dropout,1,0.0,-150.0,0.0,0.3884547695970575,150,0.0130005767568945,1.156104564666748,0.0,1.0,1161,v3,B3,sac_her_pickandplace_clean_2M
sac_her_recovery_v3,sensor_dropout,1,0.0,-150.0,0.0,0.3884547695970575,150,0.0130005767568945,1.156104564666748,0.0,1.0,1162,v3,B3,sac_her_pickandplace_clean_2M
sac_her_recovery_v3,sensor_dropout,1,0.0,-150.0,0.0,0.3884547695970575,150,0.0130005767568945,1.156104564666748,0.0,1.0,1163,v3,B3,sac_her_pickandplace_clean_2M
sac_her_recovery_v3,sensor_dropout,1,0.0,-150.0,0.0,0.3884547695970575,150,0.0130005767568945,1.156104564666748,0.0,1.0,1164,v3,B3,sac_her_pickandplace_clean_2M
sac_her_recovery_v3,sensor_dropout,1,0.0,-150.0,0.0,0.3884547695970575,150,0.0130005767568945,1.156104564666748,0.0,1.0,1165,v3,B3,sac_her_pickandplace_clean_2M
sac_her_recovery_v3,sensor_dropout,1,0.0,-150.0,0.0,0.3884547695970575,150,0.0130005767568945,1.156104564666748,0.0,1.0,1166,v3,B3,sac_her_pickandplace_clean_2M
sac_her_recovery_v3,sensor_dropout,1,0.0,-150.0,0.0,0.3884547695970575,150,0.0130005767568945,1.156104564666748,0.0,1.0,1167,v3,B3,sac_her_pickandplace_clean_2M
sac_her_recovery_v3,sensor_dropout,1,0.0,-150.0,0.0,0.3884547695970575,150,0.0130005767568945,1.156104564666748,0.0,1.0,1168,v3,B3,sac_her_pickandplace_clean_2M
sac_her_recovery_v3,sensor_dropout,1,0.0,-150.0,0.0,0.3884547695970575,150,0.0130005767568945,1.156104564666748,0.0,1.0,1169,v3,B3,sac_her_pickandplace_clean_2M
sac_her,sensor_bias,1,0.1,-150.0,0.0,0.3884547695970575,150,1.1223540306091309,1.0033979415893557,0.0,0.0,1170,none,B1,sac_her_pickandplace_clean_2M
sac_her,sensor_bias,1,0.1,-150.0,0.0,0.3884547695970575,150,0.6756179332733154,0.5007440447807312,0.0,0.0,1171,none,B1,sac_her_pickandplace_clean_2M
sac_her,sensor_bias,1,0.1,-150.0,0.0,0.8932217347699076,150,0.1498837769031524,1.2655595541000366,0.0,0.0,1172,none,B1,sac_her_pickandplace_clean_2M
sac_her,sensor_bias,1,0.1,-150.0,0.0,0.3884547695970575,150,1.9877433776855469,1.220680594444275,0.0,0.0,1173,none,B1,sac_her_pickandplace_clean_2M
sac_her,sensor_bias,1,0.1,-150.0,0.0,0.3884547695970575,150,0.054823812097311,0.1270332932472229,0.0,0.0,1174,none,B1,sac_her_pickandplace_clean_2M
sac_her,sensor_bias,1,0.1,-150.0,0.0,0.3884547695970575,150,1.7188937664031982,1.4554846286773682,0.0,0.0,1175,none,B1,sac_her_pickandplace_clean_2M
sac_her,sensor_bias,1,0.1,-150.0,0.0,0.3884547695970575,150,1.626521110534668,1.3623415231704712,0.0,0.0,1176,none,B1,sac_her_pickandplace_clean_2M
sac_her,sensor_bias,1,0.1,-150.0,0.0,1.0631798645713195,150,0.4311558306217193,1.2867536544799805,0.0,0.0,1177,none,B1,sac_her_pickandplace_clean_2M
sac_her,sensor_bias,1,0.1,-150.0,0.0,0.3884547695970575,150,0.5363982319831848,0.3362023830413818,0.0,0.0,1178,none,B1,sac_her_pickandplace_clean_2M
sac_her,sensor_bias,1,0.1,-150.0,0.0,0.3884547695970575,150,1.2972222566604614,1.2291831970214844,0.0,0.0,1179,none,B1,sac_her_pickandplace_clean_2M
sac_her,sensor_bias,1,0.1,-150.0,0.0,0.3884547695970575,150,0.0256089996546506,1.0290489196777344,0.0,0.0,1180,none,B1,sac_her_pickandplace_clean_2M
sac_her,sensor_bias,1,0.1,-150.0,0.0,0.3774028520413018,150,1.225707769393921,1.1207730770111084,0.0,0.0,1181,none,B1,sac_her_pickandplace_clean_2M
sac_her,sensor_bias,1,0.1,-150.0,0.0,0.8057180944432396,150,0.1564542949199676,1.4060009717941284,0.0,0.0,1182,none,B1,sac_her_pickandplace_clean_2M
sac_her,sensor_bias,1,0.1,-150.0,0.0,0.3884547695970575,150,0.0318869203329086,1.0290772914886477,0.0,0.0,1183,none,B1,sac_her_pickandplace_clean_2M
sac_her,sensor_bias,1,0.1,-150.0,0.0,0.3884547695970575,150,0.2747049927711487,1.0293526649475098,0.0,0.0,1184,none,B1,sac_her_pickandplace_clean_2M
sac_her,sensor_bias,1,0.1,-150.0,0.0,0.3884547695970575,150,0.0518609136343002,0.3406586050987243,0.0,0.0,1185,none,B1,sac_her_pickandplace_clean_2M
sac_her,sensor_bias,1,0.1,-150.0,0.0,0.3884547695970575,150,1.77557635307312,1.1158084869384766,0.0,0.0,1186,none,B1,sac_her_pickandplace_clean_2M
sac_her,sensor_bias,1,0.1,-150.0,0.0,0.3884547695970575,150,0.0206778403371572,0.9410333037376404,0.0,0.0,1187,none,B1,sac_her_pickandplace_clean_2M
sac_her,sensor_bias,1,0.1,-150.0,0.0,0.4923122955278518,150,0.1526709645986557,0.8123125433921814,0.0,0.0,1188,none,B1,sac_her_pickandplace_clean_2M
sac_her,sensor_bias,1,0.1,-150.0,0.0,0.3884547695970575,150,0.023416144773364,0.2852266430854797,0.0,0.0,1189,none,B1,sac_her_pickandplace_clean_2M
sac_her,sensor_bias,1,0.1,-150.0,0.0,0.3884547695970575,150,0.1414239406585693,0.9632826447486876,0.0,0.0,1190,none,B1,sac_her_pickandplace_clean_2M
sac_her,sensor_bias,1,0.1,-150.0,0.0,0.3884547695970575,150,0.0092853447422385,0.8098450899124146,0.0,0.0,1191,none,B1,sac_her_pickandplace_clean_2M
sac_her,sensor_bias,1,0.1,-150.0,0.0,0.3884547695970575,150,0.0179411154240369,1.1981725692749023,0.0,0.0,1192,none,B1,sac_her_pickandplace_clean_2M
sac_her,sensor_bias,1,0.1,-150.0,0.0,0.3884547695970575,150,0.0126558169722557,1.347698211669922,0.0,0.0,1193,none,B1,sac_her_pickandplace_clean_2M
sac_her,sensor_bias,1,0.1,-150.0,0.0,0.3884547695970575,150,0.022110478952527,1.1261228322982788,0.0,0.0,1194,none,B1,sac_her_pickandplace_clean_2M
sac_her,sensor_bias,1,0.1,-150.0,0.0,0.3884547695970575,150,1.3943452835083008,1.220338225364685,0.0,0.0,1195,none,B1,sac_her_pickandplace_clean_2M
sac_her,sensor_bias,1,0.1,-150.0,0.0,0.3884547695970575,150,0.0499321855604648,1.017991304397583,0.0,0.0,1196,none,B1,sac_her_pickandplace_clean_2M
sac_her,sensor_bias,1,0.1,-150.0,0.0,0.864625545793658,150,0.1262176185846328,1.3742096424102783,0.0,0.0,1197,none,B1,sac_her_pickandplace_clean_2M
sac_her,sensor_bias,1,0.1,-150.0,0.0,0.3884547695970575,150,0.0519191808998584,1.3406882286071775,0.0,0.0,1198,none,B1,sac_her_pickandplace_clean_2M
sac_her,sensor_bias,1,0.1,-150.0,0.0,0.3884547695970575,150,1.7816870212554932,1.332912564277649,0.0,0.0,1199,none,B1,sac_her_pickandplace_clean_2M
sac_her_recovery_v2,sensor_bias,1,0.1,-150.0,0.0,0.8203361183517346,150,0.3981892764568329,1.2589994668960571,0.0,1.0,1200,v2,B2,sac_her_pickandplace_clean_2M
sac_her_recovery_v2,sensor_bias,1,0.1,-150.0,0.0,0.3884547695970575,150,2.0377936363220215,1.4187874794006348,0.0,1.0,1201,v2,B2,sac_her_pickandplace_clean_2M
sac_her_recovery_v2,sensor_bias,1,0.1,-150.0,0.0,0.3884547695970575,150,0.7932650446891785,0.9132320284843444,0.0,1.0,1202,v2,B2,sac_her_pickandplace_clean_2M
sac_her_recovery_v2,sensor_bias,1,0.1,-150.0,0.0,0.3884547695970575,150,1.3559614419937134,1.0588284730911257,0.0,1.0,1203,v2,B2,sac_her_pickandplace_clean_2M
sac_her_recovery_v2,sensor_bias,1,0.1,-150.0,0.0,0.3884547695970575,150,0.079762302339077,1.0121479034423828,0.0,1.0,1204,v2,B2,sac_her_pickandplace_clean_2M
sac_her_recovery_v2,sensor_bias,1,0.1,-150.0,0.0,0.398770613799712,150,1.5481716394424438,1.1032555103302002,0.0,1.0,1205,v2,B2,sac_her_pickandplace_clean_2M
sac_her_recovery_v2,sensor_bias,1,0.1,-150.0,0.0,0.3884547695970575,150,1.253089427947998,1.2787446975708008,0.0,1.0,1206,v2,B2,sac_her_pickandplace_clean_2M
sac_her_recovery_v2,sensor_bias,1,0.1,-150.0,0.0,0.3884547695970575,150,0.0460761711001396,1.072337031364441,0.0,1.0,1207,v2,B2,sac_her_pickandplace_clean_2M
sac_her_recovery_v2,sensor_bias,1,0.1,-150.0,0.0,0.3884547695970575,150,0.080692321062088,0.975374162197113,0.0,1.0,1208,v2,B2,sac_her_pickandplace_clean_2M
sac_her_recovery_v2,sensor_bias,1,0.1,-150.0,0.0,0.3884547695970575,150,1.0242712497711182,0.9625390768051147,0.0,1.0,1209,v2,B2,sac_her_pickandplace_clean_2M
sac_her_recovery_v2,sensor_bias,1,0.1,-150.0,0.0,0.3884547695970575,150,0.0738756731152534,1.111738920211792,0.0,1.0,1210,v2,B2,sac_her_pickandplace_clean_2M
sac_her_recovery_v2,sensor_bias,1,0.1,-150.0,0.0,0.3884547695970575,150,0.0660876631736755,1.3498986959457395,0.0,1.0,1211,v2,B2,sac_her_pickandplace_clean_2M
sac_her_recovery_v2,sensor_bias,1,0.1,-150.0,0.0,0.3884547695970575,150,1.115731954574585,1.1569284200668335,0.0,1.0,1212,v2,B2,sac_her_pickandplace_clean_2M
sac_her_recovery_v2,sensor_bias,1,0.1,-150.0,0.0,0.375609418075736,150,0.1315734088420868,1.4075915813446045,0.0,1.0,1213,v2,B2,sac_her_pickandplace_clean_2M
sac_her_recovery_v2,sensor_bias,1,0.1,-150.0,0.0,0.4285997484697204,150,0.3056219220161438,1.393799901008606,1.0,1.0,1214,v2,B2,sac_her_pickandplace_clean_2M
sac_her_recovery_v2,sensor_bias,1,0.1,-150.0,0.0,0.4118414271454345,150,0.9748268723487854,0.9267160892486572,0.0,1.0,1215,v2,B2,sac_her_pickandplace_clean_2M
sac_her_recovery_v2,sensor_bias,1,0.1,-150.0,0.0,0.3884547695970575,150,0.0871773660182952,1.018290400505066,0.0,1.0,1216,v2,B2,sac_her_pickandplace_clean_2M
sac_her_recovery_v2,sensor_bias,1,0.1,-150.0,0.0,0.9945803327263696,150,0.2993448972702026,1.3456060886383057,0.0,1.0,1217,v2,B2,sac_her_pickandplace_clean_2M
sac_her_recovery_v2,sensor_bias,1,0.1,-150.0,0.0,0.9167381212340536,150,0.6072498559951782,1.4469927549362185,1.0,1.0,1218,v2,B2,sac_her_pickandplace_clean_2M
sac_her_recovery_v2,sensor_bias,1,0.1,-150.0,0.0,0.3884547695970575,150,0.1836947500705719,0.3955199718475342,0.0,1.0,1219,v2,B2,sac_her_pickandplace_clean_2M
sac_her_recovery_v2,sensor_bias,1,0.1,-150.0,0.0,0.3884547695970575,150,0.0609973855316638,1.0110145807266235,0.0,1.0,1220,v2,B2,sac_her_pickandplace_clean_2M
sac_her_recovery_v2,sensor_bias,1,0.1,-150.0,0.0,0.3884547695970575,150,0.0947224497795105,0.9369903802871704,0.0,1.0,1221,v2,B2,sac_her_pickandplace_clean_2M
sac_her_recovery_v2,sensor_bias,1,0.1,-150.0,0.0,0.9116598324559416,150,1.032477855682373,1.2326112985610962,0.0,1.0,1222,v2,B2,sac_her_pickandplace_clean_2M
sac_her_recovery_v2,sensor_bias,1,0.1,-150.0,0.0,0.3884547695970575,150,1.9463611841201784,1.424824833869934,0.0,1.0,1223,v2,B2,sac_her_pickandplace_clean_2M
sac_her_recovery_v2,sensor_bias,1,0.1,-150.0,0.0,0.3884547695970575,150,1.4866448640823364,1.2844271659851074,0.0,1.0,1224,v2,B2,sac_her_pickandplace_clean_2M
sac_her_recovery_v2,sensor_bias,1,0.1,-150.0,0.0,0.3884547695970575,150,0.0593963414430618,0.7315515875816345,0.0,1.0,1225,v2,B2,sac_her_pickandplace_clean_2M
sac_her_recovery_v2,sensor_bias,1,0.1,-150.0,0.0,0.3884547695970575,150,0.0888548493385315,0.8561840653419495,0.0,1.0,1226,v2,B2,sac_her_pickandplace_clean_2M
sac_her_recovery_v2,sensor_bias,1,0.1,-150.0,0.0,0.3904074297809226,150,0.1635755896568298,1.2763580083847046,0.0,1.0,1227,v2,B2,sac_her_pickandplace_clean_2M
sac_her_recovery_v2,sensor_bias,1,0.1,-150.0,0.0,0.3884547695970575,150,0.0808473080396652,1.353777527809143,0.0,1.0,1228,v2,B2,sac_her_pickandplace_clean_2M
sac_her_recovery_v2,sensor_bias,1,0.1,-150.0,0.0,0.3884547695970575,150,1.5369855165481567,1.28060781955719,0.0,1.0,1229,v2,B2,sac_her_pickandplace_clean_2M
sac_her_recovery_v3,sensor_bias,1,0.1,-150.0,0.0,0.3884547695970575,150,0.0725672394037246,0.9932973384857178,0.0,1.0,1230,v3,B3,sac_her_pickandplace_clean_2M
sac_her_recovery_v3,sensor_bias,1,0.1,-150.0,0.0,0.3884547695970575,150,1.2470450401306152,1.160968780517578,0.0,1.0,1231,v3,B3,sac_her_pickandplace_clean_2M
sac_her_recovery_v3,sensor_bias,1,0.1,-150.0,0.0,0.3884547695970575,150,1.5031795501708984,1.1949766874313354,0.0,1.0,1232,v3,B3,sac_her_pickandplace_clean_2M
sac_her_recovery_v3,sensor_bias,1,0.1,-150.0,0.0,0.3884547695970575,150,1.722937822341919,1.3782002925872805,0.0,1.0,1233,v3,B3,sac_her_pickandplace_clean_2M
sac_her_recovery_v3,sensor_bias,1,0.1,-150.0,0.0,0.3884547695970575,150,0.0697277709841728,1.3564934730529783,0.0,1.0,1234,v3,B3,sac_her_pickandplace_clean_2M
sac_her_recovery_v3,sensor_bias,1,0.1,-150.0,0.0,0.8467206598255549,150,0.5611881017684937,1.4302009344100952,0.0,1.0,1235,v3,B3,sac_her_pickandplace_clean_2M
sac_her_recovery_v3,sensor_bias,1,0.1,-150.0,0.0,0.4637564724714476,150,0.4695339798927307,1.510705828666687,1.0,1.0,1236,v3,B3,sac_her_pickandplace_clean_2M
sac_her_recovery_v3,sensor_bias,1,0.1,-150.0,0.0,0.3884547695970575,150,0.0839892253279686,1.409002423286438,0.0,1.0,1237,v3,B3,sac_her_pickandplace_clean_2M
sac_her_recovery_v3,sensor_bias,1,0.1,-150.0,0.0,0.3884547695970575,150,0.0601284503936767,1.4055885076522827,0.0,1.0,1238,v3,B3,sac_her_pickandplace_clean_2M
sac_her_recovery_v3,sensor_bias,1,0.1,-150.0,0.0,0.3884547695970575,150,1.4524204730987549,1.2783892154693604,0.0,1.0,1239,v3,B3,sac_her_pickandplace_clean_2M
sac_her_recovery_v3,sensor_bias,1,0.1,-150.0,0.0,0.3884547695970575,150,0.5909755825996399,1.0701276063919067,0.0,1.0,1240,v3,B3,sac_her_pickandplace_clean_2M
sac_her_recovery_v3,sensor_bias,1,0.1,-150.0,0.0,0.3884547695970575,150,1.3736250400543213,1.381852626800537,0.0,1.0,1241,v3,B3,sac_her_pickandplace_clean_2M
sac_her_recovery_v3,sensor_bias,1,0.1,-150.0,0.0,0.3884547695970575,150,0.0821726843714714,0.8177013993263245,0.0,1.0,1242,v3,B3,sac_her_pickandplace_clean_2M
sac_her_recovery_v3,sensor_bias,1,0.1,-150.0,0.0,0.3884547695970575,150,0.0473740324378013,0.9881206154823304,0.0,1.0,1243,v3,B3,sac_her_pickandplace_clean_2M
sac_her_recovery_v3,sensor_bias,1,0.1,-150.0,0.0,0.3884547695970575,150,0.059547834098339,1.3424478769302368,0.0,1.0,1244,v3,B3,sac_her_pickandplace_clean_2M
sac_her_recovery_v3,sensor_bias,1,0.1,-150.0,0.0,0.3884547695970575,150,1.7598475217819214,1.4640568494796753,0.0,1.0,1245,v3,B3,sac_her_pickandplace_clean_2M
sac_her_recovery_v3,sensor_bias,1,0.1,-150.0,0.0,0.9098924754212436,150,0.2461743503808975,1.4374648332595823,1.0,1.0,1246,v3,B3,sac_her_pickandplace_clean_2M
sac_her_recovery_v3,sensor_bias,1,0.1,-150.0,0.0,0.3884547695970575,150,1.6332828998565674,0.9821476340293884,0.0,1.0,1247,v3,B3,sac_her_pickandplace_clean_2M
sac_her_recovery_v3,sensor_bias,1,0.1,-150.0,0.0,0.3884547695970575,150,1.5335239171981812,1.1661858558654783,0.0,1.0,1248,v3,B3,sac_her_pickandplace_clean_2M
sac_her_recovery_v3,sensor_bias,1,0.1,-150.0,0.0,0.3884547695970575,150,0.1107534915208816,0.994117021560669,0.0,1.0,1249,v3,B3,sac_her_pickandplace_clean_2M
sac_her_recovery_v3,sensor_bias,1,0.1,-150.0,0.0,0.4021466859584858,150,0.1935497969388961,1.1240516901016235,0.0,1.0,1250,v3,B3,sac_her_pickandplace_clean_2M
sac_her_recovery_v3,sensor_bias,1,0.1,-150.0,0.0,0.3884547695970575,150,1.9169102907180784,1.189566969871521,0.0,1.0,1251,v3,B3,sac_her_pickandplace_clean_2M
sac_her_recovery_v3,sensor_bias,1,0.1,-150.0,0.0,0.3884547695970575,150,0.0702875852584838,1.374631643295288,0.0,1.0,1252,v3,B3,sac_her_pickandplace_clean_2M
sac_her_recovery_v3,sensor_bias,1,0.1,-150.0,0.0,0.3884547695970575,150,0.0488365590572357,0.987853705883026,0.0,1.0,1253,v3,B3,sac_her_pickandplace_clean_2M
sac_her_recovery_v3,sensor_bias,1,0.1,-150.0,0.0,0.3884547695970575,150,0.0824432149529457,1.157610297203064,0.0,1.0,1254,v3,B3,sac_her_pickandplace_clean_2M
sac_her_recovery_v3,sensor_bias,1,0.1,-150.0,0.0,0.0561945498702854,150,0.1015896797180175,1.0660196542739868,0.0,1.0,1255,v3,B3,sac_her_pickandplace_clean_2M
sac_her_recovery_v3,sensor_bias,1,0.1,-150.0,0.0,0.3884547695970575,150,1.6935559511184692,1.223813533782959,0.0,1.0,1256,v3,B3,sac_her_pickandplace_clean_2M
sac_her_recovery_v3,sensor_bias,1,0.1,-16.0,1.0,0.043877921843347,150,0.0765102729201316,1.054179310798645,0.0,0.0,1257,v3,B3,sac_her_pickandplace_clean_2M
sac_her_recovery_v3,sensor_bias,1,0.1,-150.0,0.0,0.3884547695970575,150,0.3778677880764007,1.0366333723068235,0.0,1.0,1258,v3,B3,sac_her_pickandplace_clean_2M
sac_her_recovery_v3,sensor_bias,1,0.1,-150.0,0.0,0.3884547695970575,150,1.6607816219329834,1.4251593351364136,0.0,1.0,1259,v3,B3,sac_her_pickandplace_clean_2M
sac_her,action_clipping,1,0.3,-63.0,1.0,0.0387191250531471,150,0.0945353731513023,0.3825936317443847,0.0,0.0,1260,none,B1,sac_her_pickandplace_clean_2M
sac_her,action_clipping,1,0.3,-63.0,1.0,0.0387191250531471,150,0.0945353731513023,0.3825936317443847,0.0,0.0,1261,none,B1,sac_her_pickandplace_clean_2M
sac_her,action_clipping,1,0.3,-63.0,1.0,0.0387191250531471,150,0.0945353731513023,0.3825936317443847,0.0,0.0,1262,none,B1,sac_her_pickandplace_clean_2M
sac_her,action_clipping,1,0.3,-63.0,1.0,0.0387191250531471,150,0.0945353731513023,0.3825936317443847,0.0,0.0,1263,none,B1,sac_her_pickandplace_clean_2M
sac_her,action_clipping,1,0.3,-63.0,1.0,0.0387191250531471,150,0.0945353731513023,0.3825936317443847,0.0,0.0,1264,none,B1,sac_her_pickandplace_clean_2M
sac_her,action_clipping,1,0.3,-63.0,1.0,0.0387191250531471,150,0.0945353731513023,0.3825936317443847,0.0,0.0,1265,none,B1,sac_her_pickandplace_clean_2M
sac_her,action_clipping,1,0.3,-63.0,1.0,0.0387191250531471,150,0.0945353731513023,0.3825936317443847,0.0,0.0,1266,none,B1,sac_her_pickandplace_clean_2M
sac_her,action_clipping,1,0.3,-63.0,1.0,0.0387191250531471,150,0.0945353731513023,0.3825936317443847,0.0,0.0,1267,none,B1,sac_her_pickandplace_clean_2M
sac_her,action_clipping,1,0.3,-63.0,1.0,0.0387191250531471,150,0.0945353731513023,0.3825936317443847,0.0,0.0,1268,none,B1,sac_her_pickandplace_clean_2M
sac_her,action_clipping,1,0.3,-63.0,1.0,0.0387191250531471,150,0.0945353731513023,0.3825936317443847,0.0,0.0,1269,none,B1,sac_her_pickandplace_clean_2M
sac_her,action_clipping,1,0.3,-63.0,1.0,0.0387191250531471,150,0.0945353731513023,0.3825936317443847,0.0,0.0,1270,none,B1,sac_her_pickandplace_clean_2M
sac_her,action_clipping,1,0.3,-63.0,1.0,0.0387191250531471,150,0.0945353731513023,0.3825936317443847,0.0,0.0,1271,none,B1,sac_her_pickandplace_clean_2M
sac_her,action_clipping,1,0.3,-63.0,1.0,0.0387191250531471,150,0.0945353731513023,0.3825936317443847,0.0,0.0,1272,none,B1,sac_her_pickandplace_clean_2M
sac_her,action_clipping,1,0.3,-63.0,1.0,0.0387191250531471,150,0.0945353731513023,0.3825936317443847,0.0,0.0,1273,none,B1,sac_her_pickandplace_clean_2M
sac_her,action_clipping,1,0.3,-63.0,1.0,0.0387191250531471,150,0.0945353731513023,0.3825936317443847,0.0,0.0,1274,none,B1,sac_her_pickandplace_clean_2M
sac_her,action_clipping,1,0.3,-63.0,1.0,0.0387191250531471,150,0.0945353731513023,0.3825936317443847,0.0,0.0,1275,none,B1,sac_her_pickandplace_clean_2M
sac_her,action_clipping,1,0.3,-63.0,1.0,0.0387191250531471,150,0.0945353731513023,0.3825936317443847,0.0,0.0,1276,none,B1,sac_her_pickandplace_clean_2M
sac_her,action_clipping,1,0.3,-63.0,1.0,0.0387191250531471,150,0.0945353731513023,0.3825936317443847,0.0,0.0,1277,none,B1,sac_her_pickandplace_clean_2M
sac_her,action_clipping,1,0.3,-63.0,1.0,0.0387191250531471,150,0.0945353731513023,0.3825936317443847,0.0,0.0,1278,none,B1,sac_her_pickandplace_clean_2M
sac_her,action_clipping,1,0.3,-63.0,1.0,0.0387191250531471,150,0.0945353731513023,0.3825936317443847,0.0,0.0,1279,none,B1,sac_her_pickandplace_clean_2M
sac_her,action_clipping,1,0.3,-63.0,1.0,0.0387191250531471,150,0.0945353731513023,0.3825936317443847,0.0,0.0,1280,none,B1,sac_her_pickandplace_clean_2M
sac_her,action_clipping,1,0.3,-63.0,1.0,0.0387191250531471,150,0.0945353731513023,0.3825936317443847,0.0,0.0,1281,none,B1,sac_her_pickandplace_clean_2M
sac_her,action_clipping,1,0.3,-63.0,1.0,0.0387191250531471,150,0.0945353731513023,0.3825936317443847,0.0,0.0,1282,none,B1,sac_her_pickandplace_clean_2M
sac_her,action_clipping,1,0.3,-63.0,1.0,0.0387191250531471,150,0.0945353731513023,0.3825936317443847,0.0,0.0,1283,none,B1,sac_her_pickandplace_clean_2M
sac_her,action_clipping,1,0.3,-63.0,1.0,0.0387191250531471,150,0.0945353731513023,0.3825936317443847,0.0,0.0,1284,none,B1,sac_her_pickandplace_clean_2M
sac_her,action_clipping,1,0.3,-63.0,1.0,0.0387191250531471,150,0.0945353731513023,0.3825936317443847,0.0,0.0,1285,none,B1,sac_her_pickandplace_clean_2M
sac_her,action_clipping,1,0.3,-63.0,1.0,0.0387191250531471,150,0.0945353731513023,0.3825936317443847,0.0,0.0,1286,none,B1,sac_her_pickandplace_clean_2M
sac_her,action_clipping,1,0.3,-63.0,1.0,0.0387191250531471,150,0.0945353731513023,0.3825936317443847,0.0,0.0,1287,none,B1,sac_her_pickandplace_clean_2M
sac_her,action_clipping,1,0.3,-63.0,1.0,0.0387191250531471,150,0.0945353731513023,0.3825936317443847,0.0,0.0,1288,none,B1,sac_her_pickandplace_clean_2M
sac_her,action_clipping,1,0.3,-63.0,1.0,0.0387191250531471,150,0.0945353731513023,0.3825936317443847,0.0,0.0,1289,none,B1,sac_her_pickandplace_clean_2M
sac_her_recovery_v2,action_clipping,1,0.3,-52.0,1.0,0.0342007884726512,150,0.0713323652744293,0.3710324168205261,0.0,1.0,1290,v2,B2,sac_her_pickandplace_clean_2M
sac_her_recovery_v2,action_clipping,1,0.3,-52.0,1.0,0.0342007884726512,150,0.0713323652744293,0.3710324168205261,0.0,1.0,1291,v2,B2,sac_her_pickandplace_clean_2M
sac_her_recovery_v2,action_clipping,1,0.3,-52.0,1.0,0.0342007884726512,150,0.0713323652744293,0.3710324168205261,0.0,1.0,1292,v2,B2,sac_her_pickandplace_clean_2M
sac_her_recovery_v2,action_clipping,1,0.3,-52.0,1.0,0.0342007884726512,150,0.0713323652744293,0.3710324168205261,0.0,1.0,1293,v2,B2,sac_her_pickandplace_clean_2M
sac_her_recovery_v2,action_clipping,1,0.3,-52.0,1.0,0.0342007884726512,150,0.0713323652744293,0.3710324168205261,0.0,1.0,1294,v2,B2,sac_her_pickandplace_clean_2M
sac_her_recovery_v2,action_clipping,1,0.3,-52.0,1.0,0.0342007884726512,150,0.0713323652744293,0.3710324168205261,0.0,1.0,1295,v2,B2,sac_her_pickandplace_clean_2M
sac_her_recovery_v2,action_clipping,1,0.3,-52.0,1.0,0.0342007884726512,150,0.0713323652744293,0.3710324168205261,0.0,1.0,1296,v2,B2,sac_her_pickandplace_clean_2M
sac_her_recovery_v2,action_clipping,1,0.3,-52.0,1.0,0.0342007884726512,150,0.0713323652744293,0.3710324168205261,0.0,1.0,1297,v2,B2,sac_her_pickandplace_clean_2M
sac_her_recovery_v2,action_clipping,1,0.3,-52.0,1.0,0.0342007884726512,150,0.0713323652744293,0.3710324168205261,0.0,1.0,1298,v2,B2,sac_her_pickandplace_clean_2M
sac_her_recovery_v2,action_clipping,1,0.3,-52.0,1.0,0.0342007884726512,150,0.0713323652744293,0.3710324168205261,0.0,1.0,1299,v2,B2,sac_her_pickandplace_clean_2M
sac_her_recovery_v2,action_clipping,1,0.3,-52.0,1.0,0.0342007884726512,150,0.0713323652744293,0.3710324168205261,0.0,1.0,1300,v2,B2,sac_her_pickandplace_clean_2M
sac_her_recovery_v2,action_clipping,1,0.3,-52.0,1.0,0.0342007884726512,150,0.0713323652744293,0.3710324168205261,0.0,1.0,1301,v2,B2,sac_her_pickandplace_clean_2M
sac_her_recovery_v2,action_clipping,1,0.3,-52.0,1.0,0.0342007884726512,150,0.0713323652744293,0.3710324168205261,0.0,1.0,1302,v2,B2,sac_her_pickandplace_clean_2M
sac_her_recovery_v2,action_clipping,1,0.3,-52.0,1.0,0.0342007884726512,150,0.0713323652744293,0.3710324168205261,0.0,1.0,1303,v2,B2,sac_her_pickandplace_clean_2M
sac_her_recovery_v2,action_clipping,1,0.3,-52.0,1.0,0.0342007884726512,150,0.0713323652744293,0.3710324168205261,0.0,1.0,1304,v2,B2,sac_her_pickandplace_clean_2M
sac_her_recovery_v2,action_clipping,1,0.3,-52.0,1.0,0.0342007884726512,150,0.0713323652744293,0.3710324168205261,0.0,1.0,1305,v2,B2,sac_her_pickandplace_clean_2M
sac_her_recovery_v2,action_clipping,1,0.3,-52.0,1.0,0.0342007884726512,150,0.0713323652744293,0.3710324168205261,0.0,1.0,1306,v2,B2,sac_her_pickandplace_clean_2M
sac_her_recovery_v2,action_clipping,1,0.3,-52.0,1.0,0.0342007884726512,150,0.0713323652744293,0.3710324168205261,0.0,1.0,1307,v2,B2,sac_her_pickandplace_clean_2M
sac_her_recovery_v2,action_clipping,1,0.3,-52.0,1.0,0.0342007884726512,150,0.0713323652744293,0.3710324168205261,0.0,1.0,1308,v2,B2,sac_her_pickandplace_clean_2M
sac_her_recovery_v2,action_clipping,1,0.3,-52.0,1.0,0.0342007884726512,150,0.0713323652744293,0.3710324168205261,0.0,1.0,1309,v2,B2,sac_her_pickandplace_clean_2M
sac_her_recovery_v2,action_clipping,1,0.3,-52.0,1.0,0.0342007884726512,150,0.0713323652744293,0.3710324168205261,0.0,1.0,1310,v2,B2,sac_her_pickandplace_clean_2M
sac_her_recovery_v2,action_clipping,1,0.3,-52.0,1.0,0.0342007884726512,150,0.0713323652744293,0.3710324168205261,0.0,1.0,1311,v2,B2,sac_her_pickandplace_clean_2M
sac_her_recovery_v2,action_clipping,1,0.3,-52.0,1.0,0.0342007884726512,150,0.0713323652744293,0.3710324168205261,0.0,1.0,1312,v2,B2,sac_her_pickandplace_clean_2M
sac_her_recovery_v2,action_clipping,1,0.3,-52.0,1.0,0.0342007884726512,150,0.0713323652744293,0.3710324168205261,0.0,1.0,1313,v2,B2,sac_her_pickandplace_clean_2M
sac_her_recovery_v2,action_clipping,1,0.3,-52.0,1.0,0.0342007884726512,150,0.0713323652744293,0.3710324168205261,0.0,1.0,1314,v2,B2,sac_her_pickandplace_clean_2M
sac_her_recovery_v2,action_clipping,1,0.3,-52.0,1.0,0.0342007884726512,150,0.0713323652744293,0.3710324168205261,0.0,1.0,1315,v2,B2,sac_her_pickandplace_clean_2M
sac_her_recovery_v2,action_clipping,1,0.3,-52.0,1.0,0.0342007884726512,150,0.0713323652744293,0.3710324168205261,0.0,1.0,1316,v2,B2,sac_her_pickandplace_clean_2M
sac_her_recovery_v2,action_clipping,1,0.3,-52.0,1.0,0.0342007884726512,150,0.0713323652744293,0.3710324168205261,0.0,1.0,1317,v2,B2,sac_her_pickandplace_clean_2M
sac_her_recovery_v2,action_clipping,1,0.3,-52.0,1.0,0.0342007884726512,150,0.0713323652744293,0.3710324168205261,0.0,1.0,1318,v2,B2,sac_her_pickandplace_clean_2M
sac_her_recovery_v2,action_clipping,1,0.3,-52.0,1.0,0.0342007884726512,150,0.0713323652744293,0.3710324168205261,0.0,1.0,1319,v2,B2,sac_her_pickandplace_clean_2M
sac_her_recovery_v3,action_clipping,1,0.3,-78.0,0.0,0.4012019323228081,150,0.1314223557710647,0.4503349959850311,0.0,1.0,1320,v3,B3,sac_her_pickandplace_clean_2M
sac_her_recovery_v3,action_clipping,1,0.3,-78.0,0.0,0.4012019323228081,150,0.1314223557710647,0.4503349959850311,0.0,1.0,1321,v3,B3,sac_her_pickandplace_clean_2M
sac_her_recovery_v3,action_clipping,1,0.3,-78.0,0.0,0.4012019323228081,150,0.1314223557710647,0.4503349959850311,0.0,1.0,1322,v3,B3,sac_her_pickandplace_clean_2M
sac_her_recovery_v3,action_clipping,1,0.3,-78.0,0.0,0.4012019323228081,150,0.1314223557710647,0.4503349959850311,0.0,1.0,1323,v3,B3,sac_her_pickandplace_clean_2M
sac_her_recovery_v3,action_clipping,1,0.3,-78.0,0.0,0.4012019323228081,150,0.1314223557710647,0.4503349959850311,0.0,1.0,1324,v3,B3,sac_her_pickandplace_clean_2M
sac_her_recovery_v3,action_clipping,1,0.3,-78.0,0.0,0.4012019323228081,150,0.1314223557710647,0.4503349959850311,0.0,1.0,1325,v3,B3,sac_her_pickandplace_clean_2M
sac_her_recovery_v3,action_clipping,1,0.3,-78.0,0.0,0.4012019323228081,150,0.1314223557710647,0.4503349959850311,0.0,1.0,1326,v3,B3,sac_her_pickandplace_clean_2M
sac_her_recovery_v3,action_clipping,1,0.3,-78.0,0.0,0.4012019323228081,150,0.1314223557710647,0.4503349959850311,0.0,1.0,1327,v3,B3,sac_her_pickandplace_clean_2M
sac_her_recovery_v3,action_clipping,1,0.3,-78.0,0.0,0.4012019323228081,150,0.1314223557710647,0.4503349959850311,0.0,1.0,1328,v3,B3,sac_her_pickandplace_clean_2M
sac_her_recovery_v3,action_clipping,1,0.3,-78.0,0.0,0.4012019323228081,150,0.1314223557710647,0.4503349959850311,0.0,1.0,1329,v3,B3,sac_her_pickandplace_clean_2M
sac_her_recovery_v3,action_clipping,1,0.3,-78.0,0.0,0.4012019323228081,150,0.1314223557710647,0.4503349959850311,0.0,1.0,1330,v3,B3,sac_her_pickandplace_clean_2M
sac_her_recovery_v3,action_clipping,1,0.3,-78.0,0.0,0.4012019323228081,150,0.1314223557710647,0.4503349959850311,0.0,1.0,1331,v3,B3,sac_her_pickandplace_clean_2M
sac_her_recovery_v3,action_clipping,1,0.3,-78.0,0.0,0.4012019323228081,150,0.1314223557710647,0.4503349959850311,0.0,1.0,1332,v3,B3,sac_her_pickandplace_clean_2M
sac_her_recovery_v3,action_clipping,1,0.3,-78.0,0.0,0.4012019323228081,150,0.1314223557710647,0.4503349959850311,0.0,1.0,1333,v3,B3,sac_her_pickandplace_clean_2M
sac_her_recovery_v3,action_clipping,1,0.3,-78.0,0.0,0.4012019323228081,150,0.1314223557710647,0.4503349959850311,0.0,1.0,1334,v3,B3,sac_her_pickandplace_clean_2M
sac_her_recovery_v3,action_clipping,1,0.3,-78.0,0.0,0.4012019323228081,150,0.1314223557710647,0.4503349959850311,0.0,1.0,1335,v3,B3,sac_her_pickandplace_clean_2M
sac_her_recovery_v3,action_clipping,1,0.3,-78.0,0.0,0.4012019323228081,150,0.1314223557710647,0.4503349959850311,0.0,1.0,1336,v3,B3,sac_her_pickandplace_clean_2M
sac_her_recovery_v3,action_clipping,1,0.3,-78.0,0.0,0.4012019323228081,150,0.1314223557710647,0.4503349959850311,0.0,1.0,1337,v3,B3,sac_her_pickandplace_clean_2M
sac_her_recovery_v3,action_clipping,1,0.3,-78.0,0.0,0.4012019323228081,150,0.1314223557710647,0.4503349959850311,0.0,1.0,1338,v3,B3,sac_her_pickandplace_clean_2M
sac_her_recovery_v3,action_clipping,1,0.3,-78.0,0.0,0.4012019323228081,150,0.1314223557710647,0.4503349959850311,0.0,1.0,1339,v3,B3,sac_her_pickandplace_clean_2M
sac_her_recovery_v3,action_clipping,1,0.3,-78.0,0.0,0.4012019323228081,150,0.1314223557710647,0.4503349959850311,0.0,1.0,1340,v3,B3,sac_her_pickandplace_clean_2M
sac_her_recovery_v3,action_clipping,1,0.3,-78.0,0.0,0.4012019323228081,150,0.1314223557710647,0.4503349959850311,0.0,1.0,1341,v3,B3,sac_her_pickandplace_clean_2M
sac_her_recovery_v3,action_clipping,1,0.3,-78.0,0.0,0.4012019323228081,150,0.1314223557710647,0.4503349959850311,0.0,1.0,1342,v3,B3,sac_her_pickandplace_clean_2M
sac_her_recovery_v3,action_clipping,1,0.3,-78.0,0.0,0.4012019323228081,150,0.1314223557710647,0.4503349959850311,0.0,1.0,1343,v3,B3,sac_her_pickandplace_clean_2M
sac_her_recovery_v3,action_clipping,1,0.3,-78.0,0.0,0.4012019323228081,150,0.1314223557710647,0.4503349959850311,0.0,1.0,1344,v3,B3,sac_her_pickandplace_clean_2M
sac_her_recovery_v3,action_clipping,1,0.3,-78.0,0.0,0.4012019323228081,150,0.1314223557710647,0.4503349959850311,0.0,1.0,1345,v3,B3,sac_her_pickandplace_clean_2M
sac_her_recovery_v3,action_clipping,1,0.3,-78.0,0.0,0.4012019323228081,150,0.1314223557710647,0.4503349959850311,0.0,1.0,1346,v3,B3,sac_her_pickandplace_clean_2M
sac_her_recovery_v3,action_clipping,1,0.3,-78.0,0.0,0.4012019323228081,150,0.1314223557710647,0.4503349959850311,0.0,1.0,1347,v3,B3,sac_her_pickandplace_clean_2M
sac_her_recovery_v3,action_clipping,1,0.3,-78.0,0.0,0.4012019323228081,150,0.1314223557710647,0.4503349959850311,0.0,1.0,1348,v3,B3,sac_her_pickandplace_clean_2M
sac_her_recovery_v3,action_clipping,1,0.3,-78.0,0.0,0.4012019323228081,150,0.1314223557710647,0.4503349959850311,0.0,1.0,1349,v3,B3,sac_her_pickandplace_clean_2M
sac_her,action_reversal,1,0.0,-150.0,0.0,0.3884547695970575,150,0.0343981347978115,1.5740787982940674,0.0,0.0,1440,none,B1,sac_her_pickandplace_clean_2M
sac_her,action_reversal,1,0.0,-150.0,0.0,0.3884547695970575,150,0.0343981347978115,1.5740787982940674,0.0,0.0,1441,none,B1,sac_her_pickandplace_clean_2M
sac_her,action_reversal,1,0.0,-150.0,0.0,0.3884547695970575,150,0.0343981347978115,1.5740787982940674,0.0,0.0,1442,none,B1,sac_her_pickandplace_clean_2M
sac_her,action_reversal,1,0.0,-150.0,0.0,0.3884547695970575,150,0.0343981347978115,1.5740787982940674,0.0,0.0,1443,none,B1,sac_her_pickandplace_clean_2M
sac_her,action_reversal,1,0.0,-150.0,0.0,0.3884547695970575,150,0.0343981347978115,1.5740787982940674,0.0,0.0,1444,none,B1,sac_her_pickandplace_clean_2M
sac_her,action_reversal,1,0.0,-150.0,0.0,0.3884547695970575,150,0.0343981347978115,1.5740787982940674,0.0,0.0,1445,none,B1,sac_her_pickandplace_clean_2M
sac_her,action_reversal,1,0.0,-150.0,0.0,0.3884547695970575,150,0.0343981347978115,1.5740787982940674,0.0,0.0,1446,none,B1,sac_her_pickandplace_clean_2M
sac_her,action_reversal,1,0.0,-150.0,0.0,0.3884547695970575,150,0.0343981347978115,1.5740787982940674,0.0,0.0,1447,none,B1,sac_her_pickandplace_clean_2M
sac_her,action_reversal,1,0.0,-150.0,0.0,0.3884547695970575,150,0.0343981347978115,1.5740787982940674,0.0,0.0,1448,none,B1,sac_her_pickandplace_clean_2M
sac_her,action_reversal,1,0.0,-150.0,0.0,0.3884547695970575,150,0.0343981347978115,1.5740787982940674,0.0,0.0,1449,none,B1,sac_her_pickandplace_clean_2M
sac_her,action_reversal,1,0.0,-150.0,0.0,0.3884547695970575,150,0.0343981347978115,1.5740787982940674,0.0,0.0,1450,none,B1,sac_her_pickandplace_clean_2M
sac_her,action_reversal,1,0.0,-150.0,0.0,0.3884547695970575,150,0.0343981347978115,1.5740787982940674,0.0,0.0,1451,none,B1,sac_her_pickandplace_clean_2M
sac_her,action_reversal,1,0.0,-150.0,0.0,0.3884547695970575,150,0.0343981347978115,1.5740787982940674,0.0,0.0,1452,none,B1,sac_her_pickandplace_clean_2M
sac_her,action_reversal,1,0.0,-150.0,0.0,0.3884547695970575,150,0.0343981347978115,1.5740787982940674,0.0,0.0,1453,none,B1,sac_her_pickandplace_clean_2M
sac_her,action_reversal,1,0.0,-150.0,0.0,0.3884547695970575,150,0.0343981347978115,1.5740787982940674,0.0,0.0,1454,none,B1,sac_her_pickandplace_clean_2M
sac_her,action_reversal,1,0.0,-150.0,0.0,0.3884547695970575,150,0.0343981347978115,1.5740787982940674,0.0,0.0,1455,none,B1,sac_her_pickandplace_clean_2M
sac_her,action_reversal,1,0.0,-150.0,0.0,0.3884547695970575,150,0.0343981347978115,1.5740787982940674,0.0,0.0,1456,none,B1,sac_her_pickandplace_clean_2M
sac_her,action_reversal,1,0.0,-150.0,0.0,0.3884547695970575,150,0.0343981347978115,1.5740787982940674,0.0,0.0,1457,none,B1,sac_her_pickandplace_clean_2M
sac_her,action_reversal,1,0.0,-150.0,0.0,0.3884547695970575,150,0.0343981347978115,1.5740787982940674,0.0,0.0,1458,none,B1,sac_her_pickandplace_clean_2M
sac_her,action_reversal,1,0.0,-150.0,0.0,0.3884547695970575,150,0.0343981347978115,1.5740787982940674,0.0,0.0,1459,none,B1,sac_her_pickandplace_clean_2M
sac_her,action_reversal,1,0.0,-150.0,0.0,0.3884547695970575,150,0.0343981347978115,1.5740787982940674,0.0,0.0,1460,none,B1,sac_her_pickandplace_clean_2M
sac_her,action_reversal,1,0.0,-150.0,0.0,0.3884547695970575,150,0.0343981347978115,1.5740787982940674,0.0,0.0,1461,none,B1,sac_her_pickandplace_clean_2M
sac_her,action_reversal,1,0.0,-150.0,0.0,0.3884547695970575,150,0.0343981347978115,1.5740787982940674,0.0,0.0,1462,none,B1,sac_her_pickandplace_clean_2M
sac_her,action_reversal,1,0.0,-150.0,0.0,0.3884547695970575,150,0.0343981347978115,1.5740787982940674,0.0,0.0,1463,none,B1,sac_her_pickandplace_clean_2M
sac_her,action_reversal,1,0.0,-150.0,0.0,0.3884547695970575,150,0.0343981347978115,1.5740787982940674,0.0,0.0,1464,none,B1,sac_her_pickandplace_clean_2M
sac_her,action_reversal,1,0.0,-150.0,0.0,0.3884547695970575,150,0.0343981347978115,1.5740787982940674,0.0,0.0,1465,none,B1,sac_her_pickandplace_clean_2M
sac_her,action_reversal,1,0.0,-150.0,0.0,0.3884547695970575,150,0.0343981347978115,1.5740787982940674,0.0,0.0,1466,none,B1,sac_her_pickandplace_clean_2M
sac_her,action_reversal,1,0.0,-150.0,0.0,0.3884547695970575,150,0.0343981347978115,1.5740787982940674,0.0,0.0,1467,none,B1,sac_her_pickandplace_clean_2M
sac_her,action_reversal,1,0.0,-150.0,0.0,0.3884547695970575,150,0.0343981347978115,1.5740787982940674,0.0,0.0,1468,none,B1,sac_her_pickandplace_clean_2M
sac_her,action_reversal,1,0.0,-150.0,0.0,0.3884547695970575,150,0.0343981347978115,1.5740787982940674,0.0,0.0,1469,none,B1,sac_her_pickandplace_clean_2M
sac_her_recovery_v2,action_reversal,1,0.0,-150.0,0.0,0.3884547695970575,150,0.0563151016831398,1.5562039613723757,0.0,1.0,1470,v2,B2,sac_her_pickandplace_clean_2M
sac_her_recovery_v2,action_reversal,1,0.0,-150.0,0.0,0.3884547695970575,150,0.0563151016831398,1.5562039613723757,0.0,1.0,1471,v2,B2,sac_her_pickandplace_clean_2M
sac_her_recovery_v2,action_reversal,1,0.0,-150.0,0.0,0.3884547695970575,150,0.0563151016831398,1.5562039613723757,0.0,1.0,1472,v2,B2,sac_her_pickandplace_clean_2M
sac_her_recovery_v2,action_reversal,1,0.0,-150.0,0.0,0.3884547695970575,150,0.0563151016831398,1.5562039613723757,0.0,1.0,1473,v2,B2,sac_her_pickandplace_clean_2M
sac_her_recovery_v2,action_reversal,1,0.0,-150.0,0.0,0.3884547695970575,150,0.0563151016831398,1.5562039613723757,0.0,1.0,1474,v2,B2,sac_her_pickandplace_clean_2M
sac_her_recovery_v2,action_reversal,1,0.0,-150.0,0.0,0.3884547695970575,150,0.0563151016831398,1.5562039613723757,0.0,1.0,1475,v2,B2,sac_her_pickandplace_clean_2M
sac_her_recovery_v2,action_reversal,1,0.0,-150.0,0.0,0.3884547695970575,150,0.0563151016831398,1.5562039613723757,0.0,1.0,1476,v2,B2,sac_her_pickandplace_clean_2M
sac_her_recovery_v2,action_reversal,1,0.0,-150.0,0.0,0.3884547695970575,150,0.0563151016831398,1.5562039613723757,0.0,1.0,1477,v2,B2,sac_her_pickandplace_clean_2M
sac_her_recovery_v2,action_reversal,1,0.0,-150.0,0.0,0.3884547695970575,150,0.0563151016831398,1.5562039613723757,0.0,1.0,1478,v2,B2,sac_her_pickandplace_clean_2M
sac_her_recovery_v2,action_reversal,1,0.0,-150.0,0.0,0.3884547695970575,150,0.0563151016831398,1.5562039613723757,0.0,1.0,1479,v2,B2,sac_her_pickandplace_clean_2M
sac_her_recovery_v2,action_reversal,1,0.0,-150.0,0.0,0.3884547695970575,150,0.0563151016831398,1.5562039613723757,0.0,1.0,1480,v2,B2,sac_her_pickandplace_clean_2M
sac_her_recovery_v2,action_reversal,1,0.0,-150.0,0.0,0.3884547695970575,150,0.0563151016831398,1.5562039613723757,0.0,1.0,1481,v2,B2,sac_her_pickandplace_clean_2M
sac_her_recovery_v2,action_reversal,1,0.0,-150.0,0.0,0.3884547695970575,150,0.0563151016831398,1.5562039613723757,0.0,1.0,1482,v2,B2,sac_her_pickandplace_clean_2M
sac_her_recovery_v2,action_reversal,1,0.0,-150.0,0.0,0.3884547695970575,150,0.0563151016831398,1.5562039613723757,0.0,1.0,1483,v2,B2,sac_her_pickandplace_clean_2M
sac_her_recovery_v2,action_reversal,1,0.0,-150.0,0.0,0.3884547695970575,150,0.0563151016831398,1.5562039613723757,0.0,1.0,1484,v2,B2,sac_her_pickandplace_clean_2M
sac_her_recovery_v2,action_reversal,1,0.0,-150.0,0.0,0.3884547695970575,150,0.0563151016831398,1.5562039613723757,0.0,1.0,1485,v2,B2,sac_her_pickandplace_clean_2M
sac_her_recovery_v2,action_reversal,1,0.0,-150.0,0.0,0.3884547695970575,150,0.0563151016831398,1.5562039613723757,0.0,1.0,1486,v2,B2,sac_her_pickandplace_clean_2M
sac_her_recovery_v2,action_reversal,1,0.0,-150.0,0.0,0.3884547695970575,150,0.0563151016831398,1.5562039613723757,0.0,1.0,1487,v2,B2,sac_her_pickandplace_clean_2M
sac_her_recovery_v2,action_reversal,1,0.0,-150.0,0.0,0.3884547695970575,150,0.0563151016831398,1.5562039613723757,0.0,1.0,1488,v2,B2,sac_her_pickandplace_clean_2M
sac_her_recovery_v2,action_reversal,1,0.0,-150.0,0.0,0.3884547695970575,150,0.0563151016831398,1.5562039613723757,0.0,1.0,1489,v2,B2,sac_her_pickandplace_clean_2M
sac_her_recovery_v2,action_reversal,1,0.0,-150.0,0.0,0.3884547695970575,150,0.0563151016831398,1.5562039613723757,0.0,1.0,1490,v2,B2,sac_her_pickandplace_clean_2M
sac_her_recovery_v2,action_reversal,1,0.0,-150.0,0.0,0.3884547695970575,150,0.0563151016831398,1.5562039613723757,0.0,1.0,1491,v2,B2,sac_her_pickandplace_clean_2M
sac_her_recovery_v2,action_reversal,1,0.0,-150.0,0.0,0.3884547695970575,150,0.0563151016831398,1.5562039613723757,0.0,1.0,1492,v2,B2,sac_her_pickandplace_clean_2M
sac_her_recovery_v2,action_reversal,1,0.0,-150.0,0.0,0.3884547695970575,150,0.0563151016831398,1.5562039613723757,0.0,1.0,1493,v2,B2,sac_her_pickandplace_clean_2M
sac_her_recovery_v2,action_reversal,1,0.0,-150.0,0.0,0.3884547695970575,150,0.0563151016831398,1.5562039613723757,0.0,1.0,1494,v2,B2,sac_her_pickandplace_clean_2M
sac_her_recovery_v2,action_reversal,1,0.0,-150.0,0.0,0.3884547695970575,150,0.0563151016831398,1.5562039613723757,0.0,1.0,1495,v2,B2,sac_her_pickandplace_clean_2M
sac_her_recovery_v2,action_reversal,1,0.0,-150.0,0.0,0.3884547695970575,150,0.0563151016831398,1.5562039613723757,0.0,1.0,1496,v2,B2,sac_her_pickandplace_clean_2M
sac_her_recovery_v2,action_reversal,1,0.0,-150.0,0.0,0.3884547695970575,150,0.0563151016831398,1.5562039613723757,0.0,1.0,1497,v2,B2,sac_her_pickandplace_clean_2M
sac_her_recovery_v2,action_reversal,1,0.0,-150.0,0.0,0.3884547695970575,150,0.0563151016831398,1.5562039613723757,0.0,1.0,1498,v2,B2,sac_her_pickandplace_clean_2M
sac_her_recovery_v2,action_reversal,1,0.0,-150.0,0.0,0.3884547695970575,150,0.0563151016831398,1.5562039613723757,0.0,1.0,1499,v2,B2,sac_her_pickandplace_clean_2M
sac_her_recovery_v3,action_reversal,1,0.0,-150.0,0.0,0.3884547695970575,150,0.0416040495038032,1.5651997327804563,0.0,1.0,1500,v3,B3,sac_her_pickandplace_clean_2M
sac_her_recovery_v3,action_reversal,1,0.0,-150.0,0.0,0.3884547695970575,150,0.0416040495038032,1.5651997327804563,0.0,1.0,1501,v3,B3,sac_her_pickandplace_clean_2M
sac_her_recovery_v3,action_reversal,1,0.0,-150.0,0.0,0.3884547695970575,150,0.0416040495038032,1.5651997327804563,0.0,1.0,1502,v3,B3,sac_her_pickandplace_clean_2M
sac_her_recovery_v3,action_reversal,1,0.0,-150.0,0.0,0.3884547695970575,150,0.0416040495038032,1.5651997327804563,0.0,1.0,1503,v3,B3,sac_her_pickandplace_clean_2M
sac_her_recovery_v3,action_reversal,1,0.0,-150.0,0.0,0.3884547695970575,150,0.0416040495038032,1.5651997327804563,0.0,1.0,1504,v3,B3,sac_her_pickandplace_clean_2M
sac_her_recovery_v3,action_reversal,1,0.0,-150.0,0.0,0.3884547695970575,150,0.0416040495038032,1.5651997327804563,0.0,1.0,1505,v3,B3,sac_her_pickandplace_clean_2M
sac_her_recovery_v3,action_reversal,1,0.0,-150.0,0.0,0.3884547695970575,150,0.0416040495038032,1.5651997327804563,0.0,1.0,1506,v3,B3,sac_her_pickandplace_clean_2M
sac_her_recovery_v3,action_reversal,1,0.0,-150.0,0.0,0.3884547695970575,150,0.0416040495038032,1.5651997327804563,0.0,1.0,1507,v3,B3,sac_her_pickandplace_clean_2M
sac_her_recovery_v3,action_reversal,1,0.0,-150.0,0.0,0.3884547695970575,150,0.0416040495038032,1.5651997327804563,0.0,1.0,1508,v3,B3,sac_her_pickandplace_clean_2M
sac_her_recovery_v3,action_reversal,1,0.0,-150.0,0.0,0.3884547695970575,150,0.0416040495038032,1.5651997327804563,0.0,1.0,1509,v3,B3,sac_her_pickandplace_clean_2M
sac_her_recovery_v3,action_reversal,1,0.0,-150.0,0.0,0.3884547695970575,150,0.0416040495038032,1.5651997327804563,0.0,1.0,1510,v3,B3,sac_her_pickandplace_clean_2M
sac_her_recovery_v3,action_reversal,1,0.0,-150.0,0.0,0.3884547695970575,150,0.0416040495038032,1.5651997327804563,0.0,1.0,1511,v3,B3,sac_her_pickandplace_clean_2M
sac_her_recovery_v3,action_reversal,1,0.0,-150.0,0.0,0.3884547695970575,150,0.0416040495038032,1.5651997327804563,0.0,1.0,1512,v3,B3,sac_her_pickandplace_clean_2M
sac_her_recovery_v3,action_reversal,1,0.0,-150.0,0.0,0.3884547695970575,150,0.0416040495038032,1.5651997327804563,0.0,1.0,1513,v3,B3,sac_her_pickandplace_clean_2M
sac_her_recovery_v3,action_reversal,1,0.0,-150.0,0.0,0.3884547695970575,150,0.0416040495038032,1.5651997327804563,0.0,1.0,1514,v3,B3,sac_her_pickandplace_clean_2M
sac_her_recovery_v3,action_reversal,1,0.0,-150.0,0.0,0.3884547695970575,150,0.0416040495038032,1.5651997327804563,0.0,1.0,1515,v3,B3,sac_her_pickandplace_clean_2M
sac_her_recovery_v3,action_reversal,1,0.0,-150.0,0.0,0.3884547695970575,150,0.0416040495038032,1.5651997327804563,0.0,1.0,1516,v3,B3,sac_her_pickandplace_clean_2M
sac_her_recovery_v3,action_reversal,1,0.0,-150.0,0.0,0.3884547695970575,150,0.0416040495038032,1.5651997327804563,0.0,1.0,1517,v3,B3,sac_her_pickandplace_clean_2M
sac_her_recovery_v3,action_reversal,1,0.0,-150.0,0.0,0.3884547695970575,150,0.0416040495038032,1.5651997327804563,0.0,1.0,1518,v3,B3,sac_her_pickandplace_clean_2M
sac_her_recovery_v3,action_reversal,1,0.0,-150.0,0.0,0.3884547695970575,150,0.0416040495038032,1.5651997327804563,0.0,1.0,1519,v3,B3,sac_her_pickandplace_clean_2M
sac_her_recovery_v3,action_reversal,1,0.0,-150.0,0.0,0.3884547695970575,150,0.0416040495038032,1.5651997327804563,0.0,1.0,1520,v3,B3,sac_her_pickandplace_clean_2M
sac_her_recovery_v3,action_reversal,1,0.0,-150.0,0.0,0.3884547695970575,150,0.0416040495038032,1.5651997327804563,0.0,1.0,1521,v3,B3,sac_her_pickandplace_clean_2M
sac_her_recovery_v3,action_reversal,1,0.0,-150.0,0.0,0.3884547695970575,150,0.0416040495038032,1.5651997327804563,0.0,1.0,1522,v3,B3,sac_her_pickandplace_clean_2M
sac_her_recovery_v3,action_reversal,1,0.0,-150.0,0.0,0.3884547695970575,150,0.0416040495038032,1.5651997327804563,0.0,1.0,1523,v3,B3,sac_her_pickandplace_clean_2M
sac_her_recovery_v3,action_reversal,1,0.0,-150.0,0.0,0.3884547695970575,150,0.0416040495038032,1.5651997327804563,0.0,1.0,1524,v3,B3,sac_her_pickandplace_clean_2M
sac_her_recovery_v3,action_reversal,1,0.0,-150.0,0.0,0.3884547695970575,150,0.0416040495038032,1.5651997327804563,0.0,1.0,1525,v3,B3,sac_her_pickandplace_clean_2M
sac_her_recovery_v3,action_reversal,1,0.0,-150.0,0.0,0.3884547695970575,150,0.0416040495038032,1.5651997327804563,0.0,1.0,1526,v3,B3,sac_her_pickandplace_clean_2M
sac_her_recovery_v3,action_reversal,1,0.0,-150.0,0.0,0.3884547695970575,150,0.0416040495038032,1.5651997327804563,0.0,1.0,1527,v3,B3,sac_her_pickandplace_clean_2M
sac_her_recovery_v3,action_reversal,1,0.0,-150.0,0.0,0.3884547695970575,150,0.0416040495038032,1.5651997327804563,0.0,1.0,1528,v3,B3,sac_her_pickandplace_clean_2M
sac_her_recovery_v3,action_reversal,1,0.0,-150.0,0.0,0.3884547695970575,150,0.0416040495038032,1.5651997327804563,0.0,1.0,1529,v3,B3,sac_her_pickandplace_clean_2M
sac_her,goal_spoof_immediate,1,0.1,-148.0,0.0,0.0598358404585343,150,0.0645940974354744,1.054792046546936,0.0,0.0,1530,none,B1,sac_her_pickandplace_clean_2M
sac_her,goal_spoof_immediate,1,0.1,-150.0,0.0,0.1259715090080801,150,0.0655092746019363,1.0637394189834597,0.0,0.0,1531,none,B1,sac_her_pickandplace_clean_2M
sac_her,goal_spoof_immediate,1,0.1,-150.0,0.0,0.0705012584267167,150,0.0653993710875511,1.0545828342437744,0.0,0.0,1532,none,B1,sac_her_pickandplace_clean_2M
sac_her,goal_spoof_immediate,1,0.1,-150.0,0.0,0.074614079608829,150,0.0602801404893398,1.0471999645233154,0.0,0.0,1533,none,B1,sac_her_pickandplace_clean_2M
sac_her,goal_spoof_immediate,1,0.1,-146.0,0.0,0.0535889678950271,150,0.0612563714385032,1.053794503211975,0.0,0.0,1534,none,B1,sac_her_pickandplace_clean_2M
sac_her,goal_spoof_immediate,1,0.1,-150.0,0.0,0.1332456018334995,150,0.0675652846693992,1.0415661334991455,0.0,0.0,1535,none,B1,sac_her_pickandplace_clean_2M
sac_her,goal_spoof_immediate,1,0.1,-16.0,1.0,0.0359732572465747,150,0.065028391778469,1.050455093383789,0.0,0.0,1536,none,B1,sac_her_pickandplace_clean_2M
sac_her,goal_spoof_immediate,1,0.1,-150.0,0.0,0.1072393407173369,150,0.0766646340489387,1.0492464303970337,0.0,0.0,1537,none,B1,sac_her_pickandplace_clean_2M
sac_her,goal_spoof_immediate,1,0.1,-150.0,0.0,0.1237097281954773,150,0.1041336879134178,1.046047925949097,0.0,0.0,1538,none,B1,sac_her_pickandplace_clean_2M
sac_her,goal_spoof_immediate,1,0.1,-150.0,0.0,0.0996517117205073,150,0.0616024211049079,1.0624282360076904,0.0,0.0,1539,none,B1,sac_her_pickandplace_clean_2M
sac_her,goal_spoof_immediate,1,0.1,-150.0,0.0,0.1082583316279851,150,0.0697517693042755,1.0506854057312012,0.0,0.0,1540,none,B1,sac_her_pickandplace_clean_2M
sac_her,goal_spoof_immediate,1,0.1,-150.0,0.0,0.1159368090021957,150,0.0648349449038505,1.0668303966522217,0.0,0.0,1541,none,B1,sac_her_pickandplace_clean_2M
sac_her,goal_spoof_immediate,1,0.1,-15.0,1.0,0.0306864292846437,150,0.0620788671076297,1.0448400974273682,0.0,0.0,1542,none,B1,sac_her_pickandplace_clean_2M
sac_her,goal_spoof_immediate,1,0.1,-150.0,0.0,0.1578256513188942,150,0.0672478601336479,1.046226143836975,0.0,0.0,1543,none,B1,sac_her_pickandplace_clean_2M
sac_her,goal_spoof_immediate,1,0.1,-150.0,0.0,0.1183958970479153,150,0.0604019090533256,1.0320847034454346,0.0,0.0,1544,none,B1,sac_her_pickandplace_clean_2M
sac_her,goal_spoof_immediate,1,0.1,-150.0,0.0,0.1198040138077004,150,0.0585993453860282,1.031042218208313,0.0,0.0,1545,none,B1,sac_her_pickandplace_clean_2M
sac_her,goal_spoof_immediate,1,0.1,-147.0,0.0,0.0634973470037473,150,0.0798138454556465,1.0510340929031372,0.0,0.0,1546,none,B1,sac_her_pickandplace_clean_2M
sac_her,goal_spoof_immediate,1,0.1,-148.0,0.0,0.0881433743991911,150,0.0815124809741973,1.0497583150863647,0.0,0.0,1547,none,B1,sac_her_pickandplace_clean_2M
sac_her,goal_spoof_immediate,1,0.1,-150.0,0.0,0.11389938515433,150,0.0654101744294166,1.0650876760482788,0.0,0.0,1548,none,B1,sac_her_pickandplace_clean_2M
sac_her,goal_spoof_immediate,1,0.1,-149.0,0.0,0.0533935289867661,150,0.0647654607892036,1.0500516891479492,0.0,0.0,1549,none,B1,sac_her_pickandplace_clean_2M
sac_her,goal_spoof_immediate,1,0.1,-150.0,0.0,0.0863002440842788,150,0.0617177188396453,1.0547937154769895,0.0,0.0,1550,none,B1,sac_her_pickandplace_clean_2M
sac_her,goal_spoof_immediate,1,0.1,-150.0,0.0,0.1370460940745913,150,0.0824305713176727,1.0382157564163208,0.0,0.0,1551,none,B1,sac_her_pickandplace_clean_2M
sac_her,goal_spoof_immediate,1,0.1,-150.0,0.0,0.1606736663923929,150,0.074041448533535,1.0329221487045288,0.0,0.0,1552,none,B1,sac_her_pickandplace_clean_2M
sac_her,goal_spoof_immediate,1,0.1,-147.0,0.0,0.0780078927747109,150,0.0641718283295631,1.0529955625534058,0.0,0.0,1553,none,B1,sac_her_pickandplace_clean_2M
sac_her,goal_spoof_immediate,1,0.1,-150.0,0.0,0.077596406666027,150,0.0620663985610008,1.0405066013336182,0.0,0.0,1554,none,B1,sac_her_pickandplace_clean_2M
sac_her,goal_spoof_immediate,1,0.1,-150.0,0.0,0.1192363747683928,150,0.1158664524555206,1.047419548034668,0.0,0.0,1555,none,B1,sac_her_pickandplace_clean_2M
sac_her,goal_spoof_immediate,1,0.1,-150.0,0.0,0.105645421270488,150,0.0674364790320396,1.033850073814392,0.0,0.0,1556,none,B1,sac_her_pickandplace_clean_2M
sac_her,goal_spoof_immediate,1,0.1,-150.0,0.0,0.0620706079478585,150,0.0614559240639209,1.0550655126571655,0.0,0.0,1557,none,B1,sac_her_pickandplace_clean_2M
sac_her,goal_spoof_immediate,1,0.1,-150.0,0.0,0.1717525207437963,150,0.0719277188181877,1.0318177938461304,0.0,0.0,1558,none,B1,sac_her_pickandplace_clean_2M
sac_her,goal_spoof_immediate,1,0.1,-150.0,0.0,0.0928616640226644,150,0.0683609768748283,1.0459518432617188,0.0,0.0,1559,none,B1,sac_her_pickandplace_clean_2M
sac_her_recovery_v2,goal_spoof_immediate,1,0.1,-150.0,0.0,0.1166090528316829,150,0.1006982177495956,1.0469578504562378,0.0,0.0,1560,v2,B2,sac_her_pickandplace_clean_2M
sac_her_recovery_v2,goal_spoof_immediate,1,0.1,-150.0,0.0,0.1061871719823127,150,0.0702385157346725,1.040984034538269,0.0,0.0,1561,v2,B2,sac_her_pickandplace_clean_2M
sac_her_recovery_v2,goal_spoof_immediate,1,0.1,-150.0,0.0,0.1202538320238054,150,0.064723752439022,1.0625627040863037,0.0,0.0,1562,v2,B2,sac_her_pickandplace_clean_2M
sac_her_recovery_v2,goal_spoof_immediate,1,0.1,-150.0,0.0,0.1073042515179259,150,0.0945468544960022,1.0590386390686035,0.0,1.0,1563,v2,B2,sac_her_pickandplace_clean_2M
sac_her_recovery_v2,goal_spoof_immediate,1,0.1,-150.0,0.0,0.081448355470264,150,0.0630602166056633,1.0564767122268677,0.0,0.0,1564,v2,B2,sac_her_pickandplace_clean_2M
sac_her_recovery_v2,goal_spoof_immediate,1,0.1,-150.0,0.0,0.1110181883453926,150,0.0698801428079605,1.0512309074401855,0.0,0.0,1565,v2,B2,sac_her_pickandplace_clean_2M
sac_her_recovery_v2,goal_spoof_immediate,1,0.1,-150.0,0.0,0.1464096963807551,150,0.0632853806018829,1.0545145273208618,0.0,0.0,1566,v2,B2,sac_her_pickandplace_clean_2M
sac_her_recovery_v2,goal_spoof_immediate,1,0.1,-143.0,0.0,0.05338553805821,150,0.0618318915367126,1.0541174411773682,0.0,0.0,1567,v2,B2,sac_her_pickandplace_clean_2M
sac_her_recovery_v2,goal_spoof_immediate,1,0.1,-150.0,0.0,0.1465115225716667,150,0.0634505972266197,1.0541986227035522,0.0,0.0,1568,v2,B2,sac_her_pickandplace_clean_2M
sac_her_recovery_v2,goal_spoof_immediate,1,0.1,-150.0,0.0,0.13197889995752,150,0.0835848152637481,1.041148066520691,0.0,0.0,1569,v2,B2,sac_her_pickandplace_clean_2M
sac_her_recovery_v2,goal_spoof_immediate,1,0.1,-150.0,0.0,0.1219799786233274,150,0.0852879434823989,1.0643033981323242,0.0,1.0,1570,v2,B2,sac_her_pickandplace_clean_2M
sac_her_recovery_v2,goal_spoof_immediate,1,0.1,-150.0,0.0,0.0947267795569704,150,0.0626246631145477,1.0317835807800293,0.0,0.0,1571,v2,B2,sac_her_pickandplace_clean_2M
sac_her_recovery_v2,goal_spoof_immediate,1,0.1,-150.0,0.0,0.1004705761857832,150,0.0878299325704574,1.0594264268875122,0.0,1.0,1572,v2,B2,sac_her_pickandplace_clean_2M
sac_her_recovery_v2,goal_spoof_immediate,1,0.1,-16.0,1.0,0.0227600892149394,150,0.065507136285305,1.0466588735580444,0.0,0.0,1573,v2,B2,sac_her_pickandplace_clean_2M
sac_her_recovery_v2,goal_spoof_immediate,1,0.1,-150.0,0.0,0.1046776359671422,150,0.0764511004090309,1.0488346815109253,0.0,0.0,1574,v2,B2,sac_her_pickandplace_clean_2M
sac_her_recovery_v2,goal_spoof_immediate,1,0.1,-148.0,0.0,0.0962631218596532,150,0.0721024796366691,1.0586260557174685,0.0,0.0,1575,v2,B2,sac_her_pickandplace_clean_2M
sac_her_recovery_v2,goal_spoof_immediate,1,0.1,-150.0,0.0,0.1422371474635909,150,0.1051747128367424,1.056368708610535,0.0,0.0,1576,v2,B2,sac_her_pickandplace_clean_2M
sac_her_recovery_v2,goal_spoof_immediate,1,0.1,-150.0,0.0,0.1294071822692308,150,0.0724021047353744,1.0360374450683594,0.0,0.0,1577,v2,B2,sac_her_pickandplace_clean_2M
sac_her_recovery_v2,goal_spoof_immediate,1,0.1,-150.0,0.0,0.0555155531020503,150,0.0611333139240741,1.04314386844635,0.0,0.0,1578,v2,B2,sac_her_pickandplace_clean_2M
sac_her_recovery_v2,goal_spoof_immediate,1,0.1,-150.0,0.0,0.0628962646811803,150,0.0683063194155693,1.0400505065917969,0.0,0.0,1579,v2,B2,sac_her_pickandplace_clean_2M
sac_her_recovery_v2,goal_spoof_immediate,1,0.1,-142.0,0.0,0.0510480253472823,150,0.0611402541399002,1.0503122806549072,0.0,0.0,1580,v2,B2,sac_her_pickandplace_clean_2M
sac_her_recovery_v2,goal_spoof_immediate,1,0.1,-19.0,1.0,0.0484675053857483,150,0.060661431401968,1.0400774478912354,0.0,0.0,1581,v2,B2,sac_her_pickandplace_clean_2M
sac_her_recovery_v2,goal_spoof_immediate,1,0.1,-150.0,0.0,0.1258113041309208,150,0.0618818402290344,1.0503087043762207,0.0,0.0,1582,v2,B2,sac_her_pickandplace_clean_2M
sac_her_recovery_v2,goal_spoof_immediate,1,0.1,-150.0,0.0,0.0867178871825095,150,0.0601603500545024,1.034034252166748,0.0,0.0,1583,v2,B2,sac_her_pickandplace_clean_2M
sac_her_recovery_v2,goal_spoof_immediate,1,0.1,-17.0,1.0,0.0467326315914935,150,0.0633610412478447,1.0414766073226929,0.0,0.0,1584,v2,B2,sac_her_pickandplace_clean_2M
sac_her_recovery_v2,goal_spoof_immediate,1,0.1,-150.0,0.0,0.1285076507177449,150,0.0906265825033187,1.0466645956039429,0.0,0.0,1585,v2,B2,sac_her_pickandplace_clean_2M
sac_her_recovery_v2,goal_spoof_immediate,1,0.1,-150.0,0.0,0.0626290029973179,150,0.0607905946671962,1.0377888679504397,0.0,0.0,1586,v2,B2,sac_her_pickandplace_clean_2M
sac_her_recovery_v2,goal_spoof_immediate,1,0.1,-15.0,1.0,0.0243862631884943,150,0.0605482645332813,1.0484328269958496,0.0,0.0,1587,v2,B2,sac_her_pickandplace_clean_2M
sac_her_recovery_v2,goal_spoof_immediate,1,0.1,-150.0,0.0,0.0947226542964785,150,0.0842429473996162,1.0577384233474731,0.0,1.0,1588,v2,B2,sac_her_pickandplace_clean_2M
sac_her_recovery_v2,goal_spoof_immediate,1,0.1,-150.0,0.0,0.1402100280943387,150,0.0761124938726425,1.0513625144958496,0.0,0.0,1589,v2,B2,sac_her_pickandplace_clean_2M
sac_her_recovery_v3,goal_spoof_immediate,1,0.1,-16.0,1.0,0.048149770183591,150,0.0628388747572898,1.0500726699829102,0.0,0.0,1590,v3,B3,sac_her_pickandplace_clean_2M
sac_her_recovery_v3,goal_spoof_immediate,1,0.1,-150.0,0.0,0.0954664656393649,150,0.0631650164723396,1.0344197750091553,0.0,0.0,1591,v3,B3,sac_her_pickandplace_clean_2M
sac_her_recovery_v3,goal_spoof_immediate,1,0.1,-150.0,0.0,0.0616079910119652,150,0.0617542825639247,1.040726900100708,0.0,0.0,1592,v3,B3,sac_her_pickandplace_clean_2M
sac_her_recovery_v3,goal_spoof_immediate,1,0.1,-150.0,0.0,0.1445021129191828,150,0.066226027905941,1.0475918054580688,0.0,0.0,1593,v3,B3,sac_her_pickandplace_clean_2M
sac_her_recovery_v3,goal_spoof_immediate,1,0.1,-150.0,0.0,0.0926387970702112,150,0.0916045159101486,1.0391606092453003,0.0,0.0,1594,v3,B3,sac_her_pickandplace_clean_2M
sac_her_recovery_v3,goal_spoof_immediate,1,0.1,-150.0,0.0,0.0937889240397566,150,0.0630929619073867,1.0509413480758667,0.0,0.0,1595,v3,B3,sac_her_pickandplace_clean_2M
sac_her_recovery_v3,goal_spoof_immediate,1,0.1,-150.0,0.0,0.0723860284770998,150,0.0637539699673652,1.0344575643539429,0.0,0.0,1596,v3,B3,sac_her_pickandplace_clean_2M
sac_her_recovery_v3,goal_spoof_immediate,1,0.1,-150.0,0.0,0.0922586087972524,150,0.0929809659719467,1.055585503578186,0.0,1.0,1597,v3,B3,sac_her_pickandplace_clean_2M
sac_her_recovery_v3,goal_spoof_immediate,1,0.1,-150.0,0.0,0.1489155771482719,150,0.228998914361,1.1214052438735962,0.0,1.0,1598,v3,B3,sac_her_pickandplace_clean_2M
sac_her_recovery_v3,goal_spoof_immediate,1,0.1,-150.0,0.0,0.1341416582878347,150,0.0616537518799304,1.0517057180404663,0.0,0.0,1599,v3,B3,sac_her_pickandplace_clean_2M
sac_her_recovery_v3,goal_spoof_immediate,1,0.1,-150.0,0.0,0.0965763292929671,150,0.0896259695291519,1.0505305528640747,0.0,1.0,1600,v3,B3,sac_her_pickandplace_clean_2M
sac_her_recovery_v3,goal_spoof_immediate,1,0.1,-150.0,0.0,0.0822387348771017,150,0.0610827505588531,1.0485572814941406,0.0,0.0,1601,v3,B3,sac_her_pickandplace_clean_2M
sac_her_recovery_v3,goal_spoof_immediate,1,0.1,-150.0,0.0,0.0859717261829304,150,0.0754517689347267,1.0428184270858765,0.0,0.0,1602,v3,B3,sac_her_pickandplace_clean_2M
sac_her_recovery_v3,goal_spoof_immediate,1,0.1,-150.0,0.0,0.0989910796380314,150,0.0626898035407066,1.0431855916976929,0.0,0.0,1603,v3,B3,sac_her_pickandplace_clean_2M
sac_her_recovery_v3,goal_spoof_immediate,1,0.1,-150.0,0.0,0.083219043941457,150,0.0690180510282516,1.0385020971298218,0.0,0.0,1604,v3,B3,sac_her_pickandplace_clean_2M
sac_her_recovery_v3,goal_spoof_immediate,1,0.1,-150.0,0.0,0.1461930229490505,150,0.0627840757369995,1.0507932901382446,0.0,0.0,1605,v3,B3,sac_her_pickandplace_clean_2M
sac_her_recovery_v3,goal_spoof_immediate,1,0.1,-15.0,1.0,0.0447323265864731,150,0.060023620724678,1.0453113317489624,0.0,0.0,1606,v3,B3,sac_her_pickandplace_clean_2M
sac_her_recovery_v3,goal_spoof_immediate,1,0.1,-150.0,0.0,0.1476318912034958,150,0.1946355253458023,1.133833646774292,0.0,1.0,1607,v3,B3,sac_her_pickandplace_clean_2M
sac_her_recovery_v3,goal_spoof_immediate,1,0.1,-16.0,1.0,0.0362291277416439,150,0.064732126891613,1.0497952699661257,0.0,0.0,1608,v3,B3,sac_her_pickandplace_clean_2M
sac_her_recovery_v3,goal_spoof_immediate,1,0.1,-150.0,0.0,0.1372888875369269,150,0.2399831116199493,1.144682765007019,0.0,1.0,1609,v3,B3,sac_her_pickandplace_clean_2M
sac_her_recovery_v3,goal_spoof_immediate,1,0.1,-150.0,0.0,0.0774701408064615,150,0.0683572366833686,1.040457844734192,0.0,0.0,1610,v3,B3,sac_her_pickandplace_clean_2M
sac_her_recovery_v3,goal_spoof_immediate,1,0.1,-150.0,0.0,0.0631235994590732,150,0.0595009624958038,1.0451340675354004,0.0,0.0,1611,v3,B3,sac_her_pickandplace_clean_2M
sac_her_recovery_v3,goal_spoof_immediate,1,0.1,-150.0,0.0,0.0809533199752573,150,0.0624150224030017,1.0361319780349731,0.0,0.0,1612,v3,B3,sac_her_pickandplace_clean_2M
sac_her_recovery_v3,goal_spoof_immediate,1,0.1,-131.0,0.0,0.0505840230858318,150,0.061995755881071,1.0532361268997192,0.0,0.0,1613,v3,B3,sac_her_pickandplace_clean_2M
sac_her_recovery_v3,goal_spoof_immediate,1,0.1,-150.0,0.0,0.0657602723582681,150,0.0624168626964092,1.0382635593414309,0.0,0.0,1614,v3,B3,sac_her_pickandplace_clean_2M
sac_her_recovery_v3,goal_spoof_immediate,1,0.1,-150.0,0.0,0.1235698986472296,150,0.1135959774255752,1.0452080965042114,0.0,0.0,1615,v3,B3,sac_her_pickandplace_clean_2M
sac_her_recovery_v3,goal_spoof_immediate,1,0.1,-150.0,0.0,0.1202847493150096,150,0.0977341905236244,1.064447283744812,0.0,1.0,1616,v3,B3,sac_her_pickandplace_clean_2M
sac_her_recovery_v3,goal_spoof_immediate,1,0.1,-150.0,0.0,0.0937806289403706,150,0.0823608115315437,1.0547094345092771,0.0,1.0,1617,v3,B3,sac_her_pickandplace_clean_2M
sac_her_recovery_v3,goal_spoof_immediate,1,0.1,-150.0,0.0,0.1213768497585943,150,0.1060495004057884,1.0519227981567385,0.0,0.0,1618,v3,B3,sac_her_pickandplace_clean_2M
sac_her_recovery_v3,goal_spoof_immediate,1,0.1,-150.0,0.0,0.1045354406559165,150,0.1982001066207885,1.1167023181915283,0.0,1.0,1619,v3,B3,sac_her_pickandplace_clean_2M
sac_her,goal_spoof_midep,1,0.1,-105.0,0.0,0.0778085182437956,150,0.0729333087801933,1.0494834184646606,0.0,0.0,1620,none,B1,sac_her_pickandplace_clean_2M
sac_her,goal_spoof_midep,1,0.1,-105.0,0.0,0.0751655273861871,150,0.07894267141819,1.051071286201477,0.0,0.0,1621,none,B1,sac_her_pickandplace_clean_2M
sac_her,goal_spoof_midep,1,0.1,-105.0,0.0,0.1136216845457914,150,0.0786039531230926,1.053954005241394,0.0,0.0,1622,none,B1,sac_her_pickandplace_clean_2M
sac_her,goal_spoof_midep,1,0.1,-106.0,0.0,0.1585237681858667,150,0.0836835131049156,1.061065912246704,0.0,0.0,1623,none,B1,sac_her_pickandplace_clean_2M
sac_her,goal_spoof_midep,1,0.1,-106.0,0.0,0.1220159171979914,150,0.084572784602642,1.0545576810836792,0.0,0.0,1624,none,B1,sac_her_pickandplace_clean_2M
sac_her,goal_spoof_midep,1,0.1,-16.0,1.0,0.0456817299754498,150,0.0663305968046188,1.047393798828125,0.0,0.0,1625,none,B1,sac_her_pickandplace_clean_2M
sac_her,goal_spoof_midep,1,0.1,-105.0,0.0,0.0690308146765873,150,0.0768698453903198,1.0512627363204956,0.0,0.0,1626,none,B1,sac_her_pickandplace_clean_2M
sac_her,goal_spoof_midep,1,0.1,-105.0,0.0,0.0736776695726111,150,0.0755147114396095,1.0505141019821167,0.0,0.0,1627,none,B1,sac_her_pickandplace_clean_2M
sac_her,goal_spoof_midep,1,0.1,-106.0,0.0,0.116684699648335,150,0.0812411457300186,1.0568712949752808,0.0,0.0,1628,none,B1,sac_her_pickandplace_clean_2M
sac_her,goal_spoof_midep,1,0.1,-106.0,0.0,0.131026494295251,150,0.0800538584589958,1.0528318881988523,0.0,0.0,1629,none,B1,sac_her_pickandplace_clean_2M
sac_her,goal_spoof_midep,1,0.1,-106.0,0.0,0.126879781491956,150,0.0796426907181739,1.0546797513961792,0.0,0.0,1630,none,B1,sac_her_pickandplace_clean_2M
sac_her,goal_spoof_midep,1,0.1,-100.0,0.0,0.0515922094156441,150,0.0862166658043861,1.0549583435058594,0.0,0.0,1631,none,B1,sac_her_pickandplace_clean_2M
sac_her,goal_spoof_midep,1,0.1,-105.0,0.0,0.088413562325115,150,0.0816341340541839,1.0545519590377808,0.0,0.0,1632,none,B1,sac_her_pickandplace_clean_2M
sac_her,goal_spoof_midep,1,0.1,-105.0,0.0,0.086031193346179,150,0.0796706974506378,1.0538511276245115,0.0,0.0,1633,none,B1,sac_her_pickandplace_clean_2M
sac_her,goal_spoof_midep,1,0.1,-106.0,0.0,0.1608998715446259,150,0.0817977935075759,1.0558453798294067,0.0,0.0,1634,none,B1,sac_her_pickandplace_clean_2M
sac_her,goal_spoof_midep,1,0.1,-106.0,0.0,0.0993748324180243,150,0.0775337368249893,1.051567316055298,0.0,0.0,1635,none,B1,sac_her_pickandplace_clean_2M
sac_her,goal_spoof_midep,1,0.1,-105.0,0.0,0.0756897329683822,150,0.0801544114947319,1.0530455112457275,0.0,0.0,1636,none,B1,sac_her_pickandplace_clean_2M
sac_her,goal_spoof_midep,1,0.1,-105.0,0.0,0.0896797664377492,150,0.0875119715929031,1.0591479539871216,0.0,0.0,1637,none,B1,sac_her_pickandplace_clean_2M
sac_her,goal_spoof_midep,1,0.1,-105.0,0.0,0.0909161609609687,150,0.0843167752027511,1.0578930377960205,0.0,0.0,1638,none,B1,sac_her_pickandplace_clean_2M
sac_her,goal_spoof_midep,1,0.1,-105.0,0.0,0.109678791540873,150,0.0807177424430847,1.0538944005966189,0.0,0.0,1639,none,B1,sac_her_pickandplace_clean_2M
sac_her,goal_spoof_midep,1,0.1,-106.0,0.0,0.1126078292173196,150,0.0783913359045982,1.0522831678390503,0.0,0.0,1640,none,B1,sac_her_pickandplace_clean_2M
sac_her,goal_spoof_midep,1,0.1,-106.0,0.0,0.1283370689112537,150,0.085611492395401,1.0593552589416504,0.0,0.0,1641,none,B1,sac_her_pickandplace_clean_2M
sac_her,goal_spoof_midep,1,0.1,-105.0,0.0,0.0961849994350015,150,0.0792815834283828,1.0558148622512815,0.0,0.0,1642,none,B1,sac_her_pickandplace_clean_2M
sac_her,goal_spoof_midep,1,0.1,-106.0,0.0,0.162330588965291,150,0.080231063067913,1.0555636882781982,0.0,0.0,1643,none,B1,sac_her_pickandplace_clean_2M
sac_her,goal_spoof_midep,1,0.1,-105.0,0.0,0.0804787500728968,150,0.0889233574271202,1.0587005615234375,0.0,0.0,1644,none,B1,sac_her_pickandplace_clean_2M
sac_her,goal_spoof_midep,1,0.1,-106.0,0.0,0.1196537223579062,150,0.0774725675582885,1.053602695465088,0.0,0.0,1645,none,B1,sac_her_pickandplace_clean_2M
sac_her,goal_spoof_midep,1,0.1,-104.0,0.0,0.087465738875293,150,0.0843081921339035,1.056301832199097,0.0,0.0,1646,none,B1,sac_her_pickandplace_clean_2M
sac_her,goal_spoof_midep,1,0.1,-105.0,0.0,0.0898832387329453,150,0.0793508738279342,1.0530080795288086,0.0,0.0,1647,none,B1,sac_her_pickandplace_clean_2M
sac_her,goal_spoof_midep,1,0.1,-106.0,0.0,0.1474975121541971,150,0.0846637785434722,1.056936264038086,0.0,0.0,1648,none,B1,sac_her_pickandplace_clean_2M
sac_her,goal_spoof_midep,1,0.1,-105.0,0.0,0.0584123856167683,150,0.075714886188507,1.0514408349990845,0.0,0.0,1649,none,B1,sac_her_pickandplace_clean_2M
sac_her_recovery_v2,goal_spoof_midep,1,0.1,-105.0,0.0,0.0786423488589322,150,0.0773772299289703,1.0530935525894165,0.0,0.0,1650,v2,B2,sac_her_pickandplace_clean_2M
sac_her_recovery_v2,goal_spoof_midep,1,0.1,-106.0,0.0,0.0844728893325652,150,0.0730515196919441,1.0487489700317385,0.0,0.0,1651,v2,B2,sac_her_pickandplace_clean_2M
sac_her_recovery_v2,goal_spoof_midep,1,0.1,-104.0,0.0,0.082647050079339,150,0.0868084728717804,1.058001160621643,0.0,0.0,1652,v2,B2,sac_her_pickandplace_clean_2M
sac_her_recovery_v2,goal_spoof_midep,1,0.1,-104.0,0.0,0.076273508274308,150,0.073455311357975,1.0510345697402954,0.0,0.0,1653,v2,B2,sac_her_pickandplace_clean_2M
sac_her_recovery_v2,goal_spoof_midep,1,0.1,-105.0,0.0,0.0546464149697433,150,0.0757342204451561,1.0503932237625122,0.0,0.0,1654,v2,B2,sac_her_pickandplace_clean_2M
sac_her_recovery_v2,goal_spoof_midep,1,0.1,-105.0,0.0,0.0795583835961639,150,0.0848700776696205,1.0562856197357178,0.0,0.0,1655,v2,B2,sac_her_pickandplace_clean_2M
sac_her_recovery_v2,goal_spoof_midep,1,0.1,-105.0,0.0,0.0875055672209851,150,0.0834732502698898,1.05681574344635,0.0,0.0,1656,v2,B2,sac_her_pickandplace_clean_2M
sac_her_recovery_v2,goal_spoof_midep,1,0.1,-106.0,0.0,0.0860158663451981,150,0.0776771605014801,1.0514675378799438,0.0,0.0,1657,v2,B2,sac_her_pickandplace_clean_2M
sac_her_recovery_v2,goal_spoof_midep,1,0.1,-105.0,0.0,0.1169296215533332,150,0.0818015560507774,1.0544153451919556,0.0,0.0,1658,v2,B2,sac_her_pickandplace_clean_2M
sac_her_recovery_v2,goal_spoof_midep,1,0.1,-16.0,1.0,0.0325478598100889,150,0.0787287652492523,1.0508586168289185,0.0,0.0,1659,v2,B2,sac_her_pickandplace_clean_2M
sac_her_recovery_v2,goal_spoof_midep,1,0.1,-105.0,0.0,0.1128544485539884,150,0.0873979106545448,1.0618525743484497,0.0,0.0,1660,v2,B2,sac_her_pickandplace_clean_2M
sac_her_recovery_v2,goal_spoof_midep,1,0.1,-106.0,0.0,0.1129400966888478,150,0.0787443965673446,1.0515118837356567,0.0,0.0,1661,v2,B2,sac_her_pickandplace_clean_2M
sac_her_recovery_v2,goal_spoof_midep,1,0.1,-105.0,0.0,0.1193719809494151,150,0.0811207219958305,1.056094527244568,0.0,0.0,1662,v2,B2,sac_her_pickandplace_clean_2M
sac_her_recovery_v2,goal_spoof_midep,1,0.1,-106.0,0.0,0.1187759059171152,150,0.0767764002084732,1.05160391330719,0.0,0.0,1663,v2,B2,sac_her_pickandplace_clean_2M
sac_her_recovery_v2,goal_spoof_midep,1,0.1,-105.0,0.0,0.090079178132463,150,0.0786559730768203,1.052629470825195,0.0,0.0,1664,v2,B2,sac_her_pickandplace_clean_2M
sac_her_recovery_v2,goal_spoof_midep,1,0.1,-106.0,0.0,0.1416523863402641,150,0.0813312903046608,1.0576183795928955,0.0,0.0,1665,v2,B2,sac_her_pickandplace_clean_2M
sac_her_recovery_v2,goal_spoof_midep,1,0.1,-106.0,0.0,0.104198301208129,150,0.0750044882297515,1.0530884265899658,0.0,0.0,1666,v2,B2,sac_her_pickandplace_clean_2M
sac_her_recovery_v2,goal_spoof_midep,1,0.1,-106.0,0.0,0.1221086462427825,150,0.0826071500778198,1.0552510023117063,0.0,0.0,1667,v2,B2,sac_her_pickandplace_clean_2M
sac_her_recovery_v2,goal_spoof_midep,1,0.1,-105.0,0.0,0.1291698973994286,150,0.087857499718666,1.063725233078003,0.0,0.0,1668,v2,B2,sac_her_pickandplace_clean_2M
sac_her_recovery_v2,goal_spoof_midep,1,0.1,-104.0,0.0,0.0619317038497777,150,0.0696376264095306,1.0476771593093872,0.0,0.0,1669,v2,B2,sac_her_pickandplace_clean_2M
sac_her_recovery_v2,goal_spoof_midep,1,0.1,-105.0,0.0,0.0833583340762057,150,0.0758672431111335,1.049486756324768,0.0,0.0,1670,v2,B2,sac_her_pickandplace_clean_2M
sac_her_recovery_v2,goal_spoof_midep,1,0.1,-106.0,0.0,0.1270294030493183,150,0.0864242613315582,1.0589288473129272,0.0,0.0,1671,v2,B2,sac_her_pickandplace_clean_2M
sac_her_recovery_v2,goal_spoof_midep,1,0.1,-103.0,0.0,0.059035808329919,150,0.0704905614256858,1.048150897026062,0.0,0.0,1672,v2,B2,sac_her_pickandplace_clean_2M
sac_her_recovery_v2,goal_spoof_midep,1,0.1,-106.0,0.0,0.1291376652020469,150,0.078419379889965,1.0521478652954102,0.0,0.0,1673,v2,B2,sac_her_pickandplace_clean_2M
sac_her_recovery_v2,goal_spoof_midep,1,0.1,-106.0,0.0,0.1497310724104788,150,0.0852398201823234,1.0575218200683594,0.0,0.0,1674,v2,B2,sac_her_pickandplace_clean_2M
sac_her_recovery_v2,goal_spoof_midep,1,0.1,-106.0,0.0,0.1005468434604284,150,0.0751535966992378,1.049734115600586,0.0,0.0,1675,v2,B2,sac_her_pickandplace_clean_2M
sac_her_recovery_v2,goal_spoof_midep,1,0.1,-105.0,0.0,0.1145540384568702,150,0.08192078769207,1.0558711290359497,0.0,0.0,1676,v2,B2,sac_her_pickandplace_clean_2M
sac_her_recovery_v2,goal_spoof_midep,1,0.1,-106.0,0.0,0.1131930990407732,150,0.0772491320967674,1.0565792322158811,0.0,0.0,1677,v2,B2,sac_her_pickandplace_clean_2M
sac_her_recovery_v2,goal_spoof_midep,1,0.1,-106.0,0.0,0.112222342655791,150,0.0819086879491806,1.054872989654541,0.0,0.0,1678,v2,B2,sac_her_pickandplace_clean_2M
sac_her_recovery_v2,goal_spoof_midep,1,0.1,-106.0,0.0,0.1141319113175916,150,0.0766187608242034,1.050754427909851,0.0,0.0,1679,v2,B2,sac_her_pickandplace_clean_2M
sac_her_recovery_v3,goal_spoof_midep,1,0.1,-106.0,0.0,0.3901237158351675,150,0.1224902346730232,1.0548211336135864,0.0,1.0,1680,v3,B3,sac_her_pickandplace_clean_2M
sac_her_recovery_v3,goal_spoof_midep,1,0.1,-106.0,0.0,0.1357592957423913,150,0.0783985778689384,1.0536190271377563,0.0,0.0,1681,v3,B3,sac_her_pickandplace_clean_2M
sac_her_recovery_v3,goal_spoof_midep,1,0.1,-105.0,0.0,0.0991424280537524,150,0.085720956325531,1.0576854944229126,0.0,0.0,1682,v3,B3,sac_her_pickandplace_clean_2M
sac_her_recovery_v3,goal_spoof_midep,1,0.1,-106.0,0.0,0.1239088452521541,150,0.0788203254342079,1.0515855550765991,0.0,0.0,1683,v3,B3,sac_her_pickandplace_clean_2M
sac_her_recovery_v3,goal_spoof_midep,1,0.1,-106.0,0.0,0.116250266316716,150,0.0822220742702484,1.0529296398162842,0.0,0.0,1684,v3,B3,sac_her_pickandplace_clean_2M
sac_her_recovery_v3,goal_spoof_midep,1,0.1,-106.0,0.0,0.1277095789324745,150,0.0820031687617302,1.0564682483673096,0.0,0.0,1685,v3,B3,sac_her_pickandplace_clean_2M
sac_her_recovery_v3,goal_spoof_midep,1,0.1,-106.0,0.0,0.0927067840554001,150,0.072405070066452,1.0492833852767944,0.0,0.0,1686,v3,B3,sac_her_pickandplace_clean_2M
sac_her_recovery_v3,goal_spoof_midep,1,0.1,-105.0,0.0,0.0559565534021084,150,0.0812468752264976,1.0537564754486084,0.0,0.0,1687,v3,B3,sac_her_pickandplace_clean_2M
sac_her_recovery_v3,goal_spoof_midep,1,0.1,-105.0,0.0,0.0748900632560929,150,0.0765724405646324,1.0532994270324707,0.0,0.0,1688,v3,B3,sac_her_pickandplace_clean_2M
sac_her_recovery_v3,goal_spoof_midep,1,0.1,-106.0,0.0,0.1213743422053464,150,0.0789804607629776,1.0512757301330566,0.0,0.0,1689,v3,B3,sac_her_pickandplace_clean_2M
sac_her_recovery_v3,goal_spoof_midep,1,0.1,-106.0,0.0,0.4582704146586605,150,0.3531396389007568,1.1567461490631104,0.0,1.0,1690,v3,B3,sac_her_pickandplace_clean_2M
sac_her_recovery_v3,goal_spoof_midep,1,0.1,-16.0,1.0,0.0407432775673538,150,0.072302795946598,1.0487310886383057,0.0,0.0,1691,v3,B3,sac_her_pickandplace_clean_2M
sac_her_recovery_v3,goal_spoof_midep,1,0.1,-105.0,0.0,0.0754174324838181,150,0.0784395113587379,1.0510122776031494,0.0,0.0,1692,v3,B3,sac_her_pickandplace_clean_2M
sac_her_recovery_v3,goal_spoof_midep,1,0.1,-106.0,0.0,0.1278532137165375,150,0.0845120400190353,1.0557992458343506,0.0,0.0,1693,v3,B3,sac_her_pickandplace_clean_2M
sac_her_recovery_v3,goal_spoof_midep,1,0.1,-105.0,0.0,0.0870130935155048,150,0.073134109377861,1.050897479057312,0.0,0.0,1694,v3,B3,sac_her_pickandplace_clean_2M
sac_her_recovery_v3,goal_spoof_midep,1,0.1,-105.0,0.0,0.0658757676543673,150,0.0694125443696975,1.0473923683166504,0.0,0.0,1695,v3,B3,sac_her_pickandplace_clean_2M
sac_her_recovery_v3,goal_spoof_midep,1,0.1,-106.0,0.0,0.1099882084926188,150,0.080478087067604,1.0562297105789185,0.0,0.0,1696,v3,B3,sac_her_pickandplace_clean_2M
sac_her_recovery_v3,goal_spoof_midep,1,0.1,-105.0,0.0,0.0751697224150768,150,0.0737873762845993,1.0500563383102417,0.0,0.0,1697,v3,B3,sac_her_pickandplace_clean_2M
sac_her_recovery_v3,goal_spoof_midep,1,0.1,-105.0,0.0,0.0773452814803516,150,0.079507477581501,1.05358624458313,0.0,0.0,1698,v3,B3,sac_her_pickandplace_clean_2M
sac_her_recovery_v3,goal_spoof_midep,1,0.1,-105.0,0.0,0.0512439968536601,150,0.077923834323883,1.0516687631607056,0.0,0.0,1699,v3,B3,sac_her_pickandplace_clean_2M
sac_her_recovery_v3,goal_spoof_midep,1,0.1,-106.0,0.0,0.1217451784423557,150,0.082754261791706,1.0546890497207642,0.0,0.0,1700,v3,B3,sac_her_pickandplace_clean_2M
sac_her_recovery_v3,goal_spoof_midep,1,0.1,-106.0,0.0,0.1327707680998661,150,0.0798221081495285,1.0531120300292969,0.0,0.0,1701,v3,B3,sac_her_pickandplace_clean_2M
sac_her_recovery_v3,goal_spoof_midep,1,0.1,-106.0,0.0,0.089253059364479,150,0.0707766488194465,1.0486079454421997,0.0,0.0,1702,v3,B3,sac_her_pickandplace_clean_2M
sac_her_recovery_v3,goal_spoof_midep,1,0.1,-106.0,0.0,0.1105002087996177,150,0.0767432674765586,1.054828643798828,0.0,0.0,1703,v3,B3,sac_her_pickandplace_clean_2M
sac_her_recovery_v3,goal_spoof_midep,1,0.1,-106.0,0.0,0.3736173711777769,150,0.3687181770801544,1.1311044692993164,0.0,1.0,1704,v3,B3,sac_her_pickandplace_clean_2M
sac_her_recovery_v3,goal_spoof_midep,1,0.1,-106.0,0.0,0.1300958820086001,150,0.0825796350836753,1.0531437397003174,0.0,0.0,1705,v3,B3,sac_her_pickandplace_clean_2M
sac_her_recovery_v3,goal_spoof_midep,1,0.1,-105.0,0.0,0.0804357770995388,150,0.0726427286863327,1.0491241216659546,0.0,0.0,1706,v3,B3,sac_her_pickandplace_clean_2M
sac_her_recovery_v3,goal_spoof_midep,1,0.1,-106.0,0.0,0.115503530307816,150,0.0827603265643119,1.0538686513900757,0.0,0.0,1707,v3,B3,sac_her_pickandplace_clean_2M
sac_her_recovery_v3,goal_spoof_midep,1,0.1,-105.0,0.0,0.0637133390197587,150,0.0790933519601821,1.0512499809265137,0.0,0.0,1708,v3,B3,sac_her_pickandplace_clean_2M
sac_her_recovery_v3,goal_spoof_midep,1,0.1,-106.0,0.0,0.1413483265304985,150,0.0860722139477729,1.0590909719467163,0.0,0.0,1709,v3,B3,sac_her_pickandplace_clean_2M
sac_her,object_pose_spoof,1,0.1,-150.0,0.0,0.0592603715548449,150,0.1180618107318878,1.0603591203689575,0.0,0.0,1710,none,B1,sac_her_pickandplace_clean_2M
sac_her,object_pose_spoof,1,0.1,-16.0,1.0,0.0220437872771394,150,0.0625098720192909,1.0617271661758425,0.0,0.0,1711,none,B1,sac_her_pickandplace_clean_2M
sac_her,object_pose_spoof,1,0.1,-150.0,0.0,0.0929194721423744,150,0.0581422634422779,1.035322189331055,0.0,0.0,1712,none,B1,sac_her_pickandplace_clean_2M
sac_her,object_pose_spoof,1,0.1,-16.0,1.0,0.0406990357973005,150,0.0615668855607509,1.049545168876648,0.0,0.0,1713,none,B1,sac_her_pickandplace_clean_2M
sac_her,object_pose_spoof,1,0.1,-150.0,0.0,0.1104175126224658,150,0.0696695744991302,1.0486177206039429,0.0,0.0,1714,none,B1,sac_her_pickandplace_clean_2M
sac_her,object_pose_spoof,1,0.1,-150.0,0.0,0.1137778680488707,150,0.2747124433517456,1.0895321369171145,0.0,0.0,1715,none,B1,sac_her_pickandplace_clean_2M
sac_her,object_pose_spoof,1,0.1,-150.0,0.0,0.3827394079273751,150,1.9144290685653689,1.3392246961593628,0.0,0.0,1716,none,B1,sac_her_pickandplace_clean_2M
sac_her,object_pose_spoof,1,0.1,-150.0,0.0,0.0787397062178432,150,0.0622393637895584,1.062451958656311,0.0,0.0,1717,none,B1,sac_her_pickandplace_clean_2M
sac_her,object_pose_spoof,1,0.1,-150.0,0.0,0.0898229655022526,150,0.1173131167888641,1.0438419580459597,0.0,0.0,1718,none,B1,sac_her_pickandplace_clean_2M
sac_her,object_pose_spoof,1,0.1,-16.0,1.0,0.0453495702296926,150,0.0601380541920661,1.048027515411377,0.0,0.0,1719,none,B1,sac_her_pickandplace_clean_2M
sac_her,object_pose_spoof,1,0.1,-19.0,1.0,0.0456580292888109,150,0.0641523078083992,1.0418626070022583,0.0,0.0,1720,none,B1,sac_her_pickandplace_clean_2M
sac_her,object_pose_spoof,1,0.1,-16.0,1.0,0.0415696917507981,150,0.059034340083599,1.052754044532776,0.0,0.0,1721,none,B1,sac_her_pickandplace_clean_2M
sac_her,object_pose_spoof,1,0.1,-147.0,0.0,0.0628355986500849,150,0.0728711560368537,1.0656144618988037,0.0,0.0,1722,none,B1,sac_her_pickandplace_clean_2M
sac_her,object_pose_spoof,1,0.1,-150.0,0.0,0.0892810169849388,150,0.0768078491091728,1.0598584413528442,0.0,0.0,1723,none,B1,sac_her_pickandplace_clean_2M
sac_her,object_pose_spoof,1,0.1,-16.0,1.0,0.0140100426213222,150,0.056946512311697,1.0553079843521118,0.0,0.0,1724,none,B1,sac_her_pickandplace_clean_2M
sac_her,object_pose_spoof,1,0.1,-142.0,0.0,0.0515618360620035,150,0.0633021891117096,1.064262866973877,0.0,0.0,1725,none,B1,sac_her_pickandplace_clean_2M
sac_her,object_pose_spoof,1,0.1,-150.0,0.0,0.0784199939454187,150,0.063609704375267,1.0534849166870115,0.0,0.0,1726,none,B1,sac_her_pickandplace_clean_2M
sac_her,object_pose_spoof,1,0.1,-150.0,0.0,0.0676672981943841,150,0.0639174208045005,1.0564581155776978,0.0,0.0,1727,none,B1,sac_her_pickandplace_clean_2M
sac_her,object_pose_spoof,1,0.1,-150.0,0.0,0.0809791067759907,150,0.0756099000573158,1.059143304824829,0.0,0.0,1728,none,B1,sac_her_pickandplace_clean_2M
sac_her,object_pose_spoof,1,0.1,-150.0,0.0,0.1221834026189059,150,0.0932776480913162,1.0577155351638794,0.0,0.0,1729,none,B1,sac_her_pickandplace_clean_2M
sac_her,object_pose_spoof,1,0.1,-150.0,0.0,0.0757024643256353,150,0.1082745864987373,1.049066185951233,0.0,0.0,1730,none,B1,sac_her_pickandplace_clean_2M
sac_her,object_pose_spoof,1,0.1,-147.0,0.0,0.0597896207997028,150,0.0937351733446121,1.0649091005325315,0.0,0.0,1731,none,B1,sac_her_pickandplace_clean_2M
sac_her,object_pose_spoof,1,0.1,-149.0,0.0,0.0676993714542198,150,0.0807517766952514,1.0747371912002563,0.0,0.0,1732,none,B1,sac_her_pickandplace_clean_2M
sac_her,object_pose_spoof,1,0.1,-149.0,0.0,0.0653510847574684,150,0.0796431228518486,1.0646345615386963,0.0,0.0,1733,none,B1,sac_her_pickandplace_clean_2M
sac_her,object_pose_spoof,1,0.1,-150.0,0.0,0.0718274730853425,150,0.3088019788265228,1.0855287313461304,0.0,0.0,1734,none,B1,sac_her_pickandplace_clean_2M
sac_her,object_pose_spoof,1,0.1,-150.0,0.0,0.1077420695450726,150,0.0693027600646019,1.0485042333602903,0.0,0.0,1735,none,B1,sac_her_pickandplace_clean_2M
sac_her,object_pose_spoof,1,0.1,-150.0,0.0,0.3880035377856303,150,1.9422829151153564,1.3880177736282349,0.0,0.0,1736,none,B1,sac_her_pickandplace_clean_2M
sac_her,object_pose_spoof,1,0.1,-150.0,0.0,0.0975145620494917,150,0.3264731466770172,1.1255260705947876,0.0,0.0,1737,none,B1,sac_her_pickandplace_clean_2M
sac_her,object_pose_spoof,1,0.1,-150.0,0.0,0.1151193690275394,150,0.0599244534969329,1.0518096685409546,0.0,0.0,1738,none,B1,sac_her_pickandplace_clean_2M
sac_her,object_pose_spoof,1,0.1,-150.0,0.0,0.1017718788482081,150,0.0664914920926094,1.044738531112671,0.0,0.0,1739,none,B1,sac_her_pickandplace_clean_2M
sac_her_recovery_v2,object_pose_spoof,1,0.1,-150.0,0.0,0.0788576678844865,150,1.6303308010101318,1.3634562492370603,0.0,1.0,1740,v2,B2,sac_her_pickandplace_clean_2M
sac_her_recovery_v2,object_pose_spoof,1,0.1,-150.0,0.0,0.0924653074822665,150,0.077653594315052,1.0338650941848757,0.0,0.0,1741,v2,B2,sac_her_pickandplace_clean_2M
sac_her_recovery_v2,object_pose_spoof,1,0.1,-16.0,1.0,0.0424303297671074,150,0.0607555955648422,1.050994873046875,0.0,0.0,1742,v2,B2,sac_her_pickandplace_clean_2M
sac_her_recovery_v2,object_pose_spoof,1,0.1,-17.0,1.0,0.0259325482261477,150,0.0753954872488975,1.051429033279419,0.0,1.0,1743,v2,B2,sac_her_pickandplace_clean_2M
sac_her_recovery_v2,object_pose_spoof,1,0.1,-150.0,0.0,0.1141388383018772,150,1.1648846864700315,1.2286498546600342,0.0,1.0,1744,v2,B2,sac_her_pickandplace_clean_2M
sac_her_recovery_v2,object_pose_spoof,1,0.1,-150.0,0.0,0.0572463214453792,150,0.063608705997467,1.0510982275009155,0.0,0.0,1745,v2,B2,sac_her_pickandplace_clean_2M
sac_her_recovery_v2,object_pose_spoof,1,0.1,-150.0,0.0,0.0739126876026304,150,0.1799093186855316,1.0693480968475342,0.0,1.0,1746,v2,B2,sac_her_pickandplace_clean_2M
sac_her_recovery_v2,object_pose_spoof,1,0.1,-150.0,0.0,0.0932942788309187,150,0.0693129524588584,1.0274394750595093,0.0,0.0,1747,v2,B2,sac_her_pickandplace_clean_2M
sac_her_recovery_v2,object_pose_spoof,1,0.1,-150.0,0.0,0.1067632942516019,150,0.0585855692625045,1.032322645187378,0.0,0.0,1748,v2,B2,sac_her_pickandplace_clean_2M
sac_her_recovery_v2,object_pose_spoof,1,0.1,-147.0,0.0,0.0544950166048723,150,0.0847912952303886,1.0490238666534424,0.0,1.0,1749,v2,B2,sac_her_pickandplace_clean_2M
sac_her_recovery_v2,object_pose_spoof,1,0.1,-150.0,0.0,0.0777987528817851,150,0.0624127797782421,1.055459976196289,0.0,0.0,1750,v2,B2,sac_her_pickandplace_clean_2M
sac_her_recovery_v2,object_pose_spoof,1,0.1,-150.0,0.0,0.3655463730215296,150,1.8325592279434204,1.3764227628707886,0.0,1.0,1751,v2,B2,sac_her_pickandplace_clean_2M
sac_her_recovery_v2,object_pose_spoof,1,0.1,-148.0,0.0,0.0745220267809685,150,0.0842427089810371,1.0603740215301514,0.0,1.0,1752,v2,B2,sac_her_pickandplace_clean_2M
sac_her_recovery_v2,object_pose_spoof,1,0.1,-147.0,0.0,0.0615431068984617,150,0.0812322422862052,1.054765701293945,0.0,1.0,1753,v2,B2,sac_her_pickandplace_clean_2M
sac_her_recovery_v2,object_pose_spoof,1,0.1,-150.0,0.0,0.1055419058026572,150,0.5516595244407654,1.1325353384017944,0.0,1.0,1754,v2,B2,sac_her_pickandplace_clean_2M
sac_her_recovery_v2,object_pose_spoof,1,0.1,-150.0,0.0,0.0583258233071341,150,0.0620538517832756,1.0410107374191284,0.0,0.0,1755,v2,B2,sac_her_pickandplace_clean_2M
sac_her_recovery_v2,object_pose_spoof,1,0.1,-150.0,0.0,0.0735642860823393,150,0.0635905936360359,1.0331358909606934,0.0,0.0,1756,v2,B2,sac_her_pickandplace_clean_2M
sac_her_recovery_v2,object_pose_spoof,1,0.1,-150.0,0.0,0.0551069150991891,150,0.1737454682588577,1.064205527305603,0.0,1.0,1757,v2,B2,sac_her_pickandplace_clean_2M
sac_her_recovery_v2,object_pose_spoof,1,0.1,-150.0,0.0,0.0770983564860778,150,0.1092706322669982,1.0544929504394531,0.0,1.0,1758,v2,B2,sac_her_pickandplace_clean_2M
sac_her_recovery_v2,object_pose_spoof,1,0.1,-16.0,1.0,0.0170575383613571,150,0.0586542338132858,1.052609920501709,0.0,0.0,1759,v2,B2,sac_her_pickandplace_clean_2M
sac_her_recovery_v2,object_pose_spoof,1,0.1,-148.0,0.0,0.0553480941795017,150,0.0796784684062004,1.0617433786392212,0.0,1.0,1760,v2,B2,sac_her_pickandplace_clean_2M
sac_her_recovery_v2,object_pose_spoof,1,0.1,-150.0,0.0,0.0907580547423571,150,0.0659012496471405,1.028570294380188,0.0,0.0,1761,v2,B2,sac_her_pickandplace_clean_2M
sac_her_recovery_v2,object_pose_spoof,1,0.1,-150.0,0.0,0.088691910569841,150,0.0603052675724029,1.034423589706421,0.0,0.0,1762,v2,B2,sac_her_pickandplace_clean_2M
sac_her_recovery_v2,object_pose_spoof,1,0.1,-16.0,1.0,0.0334799990001315,150,0.0669119209051132,1.0553232431411743,0.0,0.0,1763,v2,B2,sac_her_pickandplace_clean_2M
sac_her_recovery_v2,object_pose_spoof,1,0.1,-28.0,1.0,0.0459587195358177,150,0.1827400624752044,1.0675257444381714,0.0,1.0,1764,v2,B2,sac_her_pickandplace_clean_2M
sac_her_recovery_v2,object_pose_spoof,1,0.1,-150.0,0.0,0.1147701319215855,150,0.0618443340063095,1.0471913814544678,0.0,0.0,1765,v2,B2,sac_her_pickandplace_clean_2M
sac_her_recovery_v2,object_pose_spoof,1,0.1,-150.0,0.0,0.077477763544444,150,0.0826533436775207,1.0646848678588867,0.0,1.0,1766,v2,B2,sac_her_pickandplace_clean_2M
sac_her_recovery_v2,object_pose_spoof,1,0.1,-150.0,0.0,0.0682385304366005,150,0.0575253330171108,1.0404850244522097,0.0,0.0,1767,v2,B2,sac_her_pickandplace_clean_2M
sac_her_recovery_v2,object_pose_spoof,1,0.1,-16.0,1.0,0.027027179767209,150,0.0605290047824382,1.0468648672103882,0.0,0.0,1768,v2,B2,sac_her_pickandplace_clean_2M
sac_her_recovery_v2,object_pose_spoof,1,0.1,-16.0,1.0,0.044383122799355,150,0.0650513097643852,1.0430036783218384,0.0,0.0,1769,v2,B2,sac_her_pickandplace_clean_2M
sac_her_recovery_v3,object_pose_spoof,1,0.1,-150.0,0.0,0.059444753303424,150,0.0510169714689254,1.0416007041931152,0.0,0.0,1770,v3,B3,sac_her_pickandplace_clean_2M
sac_her_recovery_v3,object_pose_spoof,1,0.1,-148.0,0.0,0.0581252765376744,150,0.0893020778894424,1.0638012886047363,0.0,1.0,1771,v3,B3,sac_her_pickandplace_clean_2M
sac_her_recovery_v3,object_pose_spoof,1,0.1,-150.0,0.0,0.0570083797329372,150,0.0642420426011085,1.0344401597976685,0.0,0.0,1772,v3,B3,sac_her_pickandplace_clean_2M
sac_her_recovery_v3,object_pose_spoof,1,0.1,-150.0,0.0,0.0801197817339085,150,0.2994347512722015,1.1688157320022583,0.0,1.0,1773,v3,B3,sac_her_pickandplace_clean_2M
sac_her_recovery_v3,object_pose_spoof,1,0.1,-150.0,0.0,0.0902399676940889,150,0.0619356483221054,1.0510547161102295,0.0,0.0,1774,v3,B3,sac_her_pickandplace_clean_2M
sac_her_recovery_v3,object_pose_spoof,1,0.1,-150.0,0.0,0.0813763911781839,150,0.0620427466928958,1.0580602884292605,0.0,0.0,1775,v3,B3,sac_her_pickandplace_clean_2M
sac_her_recovery_v3,object_pose_spoof,1,0.1,-16.0,1.0,0.0402283783493305,150,0.0651384890079498,1.0545852184295654,0.0,0.0,1776,v3,B3,sac_her_pickandplace_clean_2M
sac_her_recovery_v3,object_pose_spoof,1,0.1,-15.0,1.0,0.0255021303310914,150,0.0577209405601024,1.0493015050888062,0.0,0.0,1777,v3,B3,sac_her_pickandplace_clean_2M
sac_her_recovery_v3,object_pose_spoof,1,0.1,-147.0,0.0,0.0610774926751324,150,0.0757323652505874,1.0546053647994995,0.0,1.0,1778,v3,B3,sac_her_pickandplace_clean_2M
sac_her_recovery_v3,object_pose_spoof,1,0.1,-150.0,0.0,0.0790944711552872,150,0.2034112066030502,1.116152286529541,1.0,1.0,1779,v3,B3,sac_her_pickandplace_clean_2M
sac_her_recovery_v3,object_pose_spoof,1,0.1,-150.0,0.0,0.3858605914878355,150,1.879310131072998,1.4030842781066897,0.0,1.0,1780,v3,B3,sac_her_pickandplace_clean_2M
sac_her_recovery_v3,object_pose_spoof,1,0.1,-150.0,0.0,0.3884547695970575,150,1.869460701942444,1.3715109825134275,0.0,1.0,1781,v3,B3,sac_her_pickandplace_clean_2M
sac_her_recovery_v3,object_pose_spoof,1,0.1,-16.0,1.0,0.0397671444653519,150,0.0599909536540508,1.046226143836975,0.0,0.0,1782,v3,B3,sac_her_pickandplace_clean_2M
sac_her_recovery_v3,object_pose_spoof,1,0.1,-16.0,1.0,0.0476233111128573,150,0.0601655654609203,1.0509865283966064,0.0,0.0,1783,v3,B3,sac_her_pickandplace_clean_2M
sac_her_recovery_v3,object_pose_spoof,1,0.1,-150.0,0.0,0.0597390457173551,150,0.060217760503292,1.0464293956756592,0.0,0.0,1784,v3,B3,sac_her_pickandplace_clean_2M
sac_her_recovery_v3,object_pose_spoof,1,0.1,-150.0,0.0,0.1144090858230036,150,0.2232743352651596,1.088914155960083,0.0,1.0,1785,v3,B3,sac_her_pickandplace_clean_2M
sac_her_recovery_v3,object_pose_spoof,1,0.1,-150.0,0.0,0.1180478936043607,150,0.2475746423006057,1.102785348892212,0.0,1.0,1786,v3,B3,sac_her_pickandplace_clean_2M
sac_her_recovery_v3,object_pose_spoof,1,0.1,-17.0,1.0,0.0487399251519271,150,0.0598753727972507,1.0441635847091677,0.0,0.0,1787,v3,B3,sac_her_pickandplace_clean_2M
sac_her_recovery_v3,object_pose_spoof,1,0.1,-16.0,1.0,0.0416534329239632,150,0.0680777505040168,1.0592305660247805,0.0,0.0,1788,v3,B3,sac_her_pickandplace_clean_2M
sac_her_recovery_v3,object_pose_spoof,1,0.1,-150.0,0.0,0.06890078287364,150,0.0652313381433487,1.0391485691070557,0.0,0.0,1789,v3,B3,sac_her_pickandplace_clean_2M
sac_her_recovery_v3,object_pose_spoof,1,0.1,-150.0,0.0,0.1147844330909873,150,0.3663006126880646,1.1302868127822876,0.0,1.0,1790,v3,B3,sac_her_pickandplace_clean_2M
sac_her_recovery_v3,object_pose_spoof,1,0.1,-150.0,0.0,0.0897837635816514,150,0.081142172217369,1.0560671091079712,0.0,1.0,1791,v3,B3,sac_her_pickandplace_clean_2M
sac_her_recovery_v3,object_pose_spoof,1,0.1,-150.0,0.0,0.2260408006282042,150,1.7183464765548706,1.3551981449127195,0.0,1.0,1792,v3,B3,sac_her_pickandplace_clean_2M
sac_her_recovery_v3,object_pose_spoof,1,0.1,-150.0,0.0,0.3750678101566742,150,0.2967590391635895,1.098696231842041,0.0,1.0,1793,v3,B3,sac_her_pickandplace_clean_2M
sac_her_recovery_v3,object_pose_spoof,1,0.1,-150.0,0.0,0.0812557006059852,150,0.0619886443018913,1.05703866481781,0.0,0.0,1794,v3,B3,sac_her_pickandplace_clean_2M
sac_her_recovery_v3,object_pose_spoof,1,0.1,-150.0,0.0,0.0857468064043951,150,0.0591564513742923,1.0363633632659912,0.0,0.0,1795,v3,B3,sac_her_pickandplace_clean_2M
sac_her_recovery_v3,object_pose_spoof,1,0.1,-16.0,1.0,0.0356867084988041,150,0.0624512024223804,1.044083833694458,0.0,0.0,1796,v3,B3,sac_her_pickandplace_clean_2M
sac_her_recovery_v3,object_pose_spoof,1,0.1,-134.0,1.0,0.0498717155582258,150,0.0623571425676345,1.0521894693374634,0.0,0.0,1797,v3,B3,sac_her_pickandplace_clean_2M
sac_her_recovery_v3,object_pose_spoof,1,0.1,-148.0,0.0,0.0803137424625853,150,0.2386221140623092,1.1599420309066772,0.0,1.0,1798,v3,B3,sac_her_pickandplace_clean_2M
sac_her_recovery_v3,object_pose_spoof,1,0.1,-150.0,0.0,0.0717915641719026,150,0.102915808558464,1.0493950843811035,0.0,1.0,1799,v3,B3,sac_her_pickandplace_clean_2M
sac_her,grip_state_falsification,1,0.0,-150.0,0.0,0.3884547695970575,150,1.955627202987671,1.414101481437683,0.0,0.0,1800,none,B1,sac_her_pickandplace_clean_2M
sac_her,grip_state_falsification,1,0.0,-150.0,0.0,0.3884547695970575,150,1.955627202987671,1.414101481437683,0.0,0.0,1801,none,B1,sac_her_pickandplace_clean_2M
sac_her,grip_state_falsification,1,0.0,-150.0,0.0,0.3884547695970575,150,1.955627202987671,1.414101481437683,0.0,0.0,1802,none,B1,sac_her_pickandplace_clean_2M
sac_her,grip_state_falsification,1,0.0,-150.0,0.0,0.3884547695970575,150,1.955627202987671,1.414101481437683,0.0,0.0,1803,none,B1,sac_her_pickandplace_clean_2M
sac_her,grip_state_falsification,1,0.0,-150.0,0.0,0.3884547695970575,150,1.955627202987671,1.414101481437683,0.0,0.0,1804,none,B1,sac_her_pickandplace_clean_2M
sac_her,grip_state_falsification,1,0.0,-150.0,0.0,0.3884547695970575,150,1.955627202987671,1.414101481437683,0.0,0.0,1805,none,B1,sac_her_pickandplace_clean_2M
sac_her,grip_state_falsification,1,0.0,-150.0,0.0,0.3884547695970575,150,1.955627202987671,1.414101481437683,0.0,0.0,1806,none,B1,sac_her_pickandplace_clean_2M
sac_her,grip_state_falsification,1,0.0,-150.0,0.0,0.3884547695970575,150,1.955627202987671,1.414101481437683,0.0,0.0,1807,none,B1,sac_her_pickandplace_clean_2M
sac_her,grip_state_falsification,1,0.0,-150.0,0.0,0.3884547695970575,150,1.955627202987671,1.414101481437683,0.0,0.0,1808,none,B1,sac_her_pickandplace_clean_2M
sac_her,grip_state_falsification,1,0.0,-150.0,0.0,0.3884547695970575,150,1.955627202987671,1.414101481437683,0.0,0.0,1809,none,B1,sac_her_pickandplace_clean_2M
sac_her,grip_state_falsification,1,0.0,-150.0,0.0,0.3884547695970575,150,1.955627202987671,1.414101481437683,0.0,0.0,1810,none,B1,sac_her_pickandplace_clean_2M
sac_her,grip_state_falsification,1,0.0,-150.0,0.0,0.3884547695970575,150,1.955627202987671,1.414101481437683,0.0,0.0,1811,none,B1,sac_her_pickandplace_clean_2M
sac_her,grip_state_falsification,1,0.0,-150.0,0.0,0.3884547695970575,150,1.955627202987671,1.414101481437683,0.0,0.0,1812,none,B1,sac_her_pickandplace_clean_2M
sac_her,grip_state_falsification,1,0.0,-150.0,0.0,0.3884547695970575,150,1.955627202987671,1.414101481437683,0.0,0.0,1813,none,B1,sac_her_pickandplace_clean_2M
sac_her,grip_state_falsification,1,0.0,-150.0,0.0,0.3884547695970575,150,1.955627202987671,1.414101481437683,0.0,0.0,1814,none,B1,sac_her_pickandplace_clean_2M
sac_her,grip_state_falsification,1,0.0,-150.0,0.0,0.3884547695970575,150,1.955627202987671,1.414101481437683,0.0,0.0,1815,none,B1,sac_her_pickandplace_clean_2M
sac_her,grip_state_falsification,1,0.0,-150.0,0.0,0.3884547695970575,150,1.955627202987671,1.414101481437683,0.0,0.0,1816,none,B1,sac_her_pickandplace_clean_2M
sac_her,grip_state_falsification,1,0.0,-150.0,0.0,0.3884547695970575,150,1.955627202987671,1.414101481437683,0.0,0.0,1817,none,B1,sac_her_pickandplace_clean_2M
sac_her,grip_state_falsification,1,0.0,-150.0,0.0,0.3884547695970575,150,1.955627202987671,1.414101481437683,0.0,0.0,1818,none,B1,sac_her_pickandplace_clean_2M
sac_her,grip_state_falsification,1,0.0,-150.0,0.0,0.3884547695970575,150,1.955627202987671,1.414101481437683,0.0,0.0,1819,none,B1,sac_her_pickandplace_clean_2M
sac_her,grip_state_falsification,1,0.0,-150.0,0.0,0.3884547695970575,150,1.955627202987671,1.414101481437683,0.0,0.0,1820,none,B1,sac_her_pickandplace_clean_2M
sac_her,grip_state_falsification,1,0.0,-150.0,0.0,0.3884547695970575,150,1.955627202987671,1.414101481437683,0.0,0.0,1821,none,B1,sac_her_pickandplace_clean_2M
sac_her,grip_state_falsification,1,0.0,-150.0,0.0,0.3884547695970575,150,1.955627202987671,1.414101481437683,0.0,0.0,1822,none,B1,sac_her_pickandplace_clean_2M
sac_her,grip_state_falsification,1,0.0,-150.0,0.0,0.3884547695970575,150,1.955627202987671,1.414101481437683,0.0,0.0,1823,none,B1,sac_her_pickandplace_clean_2M
sac_her,grip_state_falsification,1,0.0,-150.0,0.0,0.3884547695970575,150,1.955627202987671,1.414101481437683,0.0,0.0,1824,none,B1,sac_her_pickandplace_clean_2M
sac_her,grip_state_falsification,1,0.0,-150.0,0.0,0.3884547695970575,150,1.955627202987671,1.414101481437683,0.0,0.0,1825,none,B1,sac_her_pickandplace_clean_2M
sac_her,grip_state_falsification,1,0.0,-150.0,0.0,0.3884547695970575,150,1.955627202987671,1.414101481437683,0.0,0.0,1826,none,B1,sac_her_pickandplace_clean_2M
sac_her,grip_state_falsification,1,0.0,-150.0,0.0,0.3884547695970575,150,1.955627202987671,1.414101481437683,0.0,0.0,1827,none,B1,sac_her_pickandplace_clean_2M
sac_her,grip_state_falsification,1,0.0,-150.0,0.0,0.3884547695970575,150,1.955627202987671,1.414101481437683,0.0,0.0,1828,none,B1,sac_her_pickandplace_clean_2M
sac_her,grip_state_falsification,1,0.0,-150.0,0.0,0.3884547695970575,150,1.955627202987671,1.414101481437683,0.0,0.0,1829,none,B1,sac_her_pickandplace_clean_2M
sac_her_recovery_v2,grip_state_falsification,1,0.0,-150.0,0.0,0.3884547695970575,150,1.9533228874206543,1.410502552986145,0.0,1.0,1830,v2,B2,sac_her_pickandplace_clean_2M
sac_her_recovery_v2,grip_state_falsification,1,0.0,-150.0,0.0,0.3884547695970575,150,1.9533228874206543,1.410502552986145,0.0,1.0,1831,v2,B2,sac_her_pickandplace_clean_2M
sac_her_recovery_v2,grip_state_falsification,1,0.0,-150.0,0.0,0.3884547695970575,150,1.9533228874206543,1.410502552986145,0.0,1.0,1832,v2,B2,sac_her_pickandplace_clean_2M
sac_her_recovery_v2,grip_state_falsification,1,0.0,-150.0,0.0,0.3884547695970575,150,1.9533228874206543,1.410502552986145,0.0,1.0,1833,v2,B2,sac_her_pickandplace_clean_2M
sac_her_recovery_v2,grip_state_falsification,1,0.0,-150.0,0.0,0.3884547695970575,150,1.9533228874206543,1.410502552986145,0.0,1.0,1834,v2,B2,sac_her_pickandplace_clean_2M
sac_her_recovery_v2,grip_state_falsification,1,0.0,-150.0,0.0,0.3884547695970575,150,1.9533228874206543,1.410502552986145,0.0,1.0,1835,v2,B2,sac_her_pickandplace_clean_2M
sac_her_recovery_v2,grip_state_falsification,1,0.0,-150.0,0.0,0.3884547695970575,150,1.9533228874206543,1.410502552986145,0.0,1.0,1836,v2,B2,sac_her_pickandplace_clean_2M
sac_her_recovery_v2,grip_state_falsification,1,0.0,-150.0,0.0,0.3884547695970575,150,1.9533228874206543,1.410502552986145,0.0,1.0,1837,v2,B2,sac_her_pickandplace_clean_2M
sac_her_recovery_v2,grip_state_falsification,1,0.0,-150.0,0.0,0.3884547695970575,150,1.9533228874206543,1.410502552986145,0.0,1.0,1838,v2,B2,sac_her_pickandplace_clean_2M
sac_her_recovery_v2,grip_state_falsification,1,0.0,-150.0,0.0,0.3884547695970575,150,1.9533228874206543,1.410502552986145,0.0,1.0,1839,v2,B2,sac_her_pickandplace_clean_2M
sac_her_recovery_v2,grip_state_falsification,1,0.0,-150.0,0.0,0.3884547695970575,150,1.9533228874206543,1.410502552986145,0.0,1.0,1840,v2,B2,sac_her_pickandplace_clean_2M
sac_her_recovery_v2,grip_state_falsification,1,0.0,-150.0,0.0,0.3884547695970575,150,1.9533228874206543,1.410502552986145,0.0,1.0,1841,v2,B2,sac_her_pickandplace_clean_2M
sac_her_recovery_v2,grip_state_falsification,1,0.0,-150.0,0.0,0.3884547695970575,150,1.9533228874206543,1.410502552986145,0.0,1.0,1842,v2,B2,sac_her_pickandplace_clean_2M
sac_her_recovery_v2,grip_state_falsification,1,0.0,-150.0,0.0,0.3884547695970575,150,1.9533228874206543,1.410502552986145,0.0,1.0,1843,v2,B2,sac_her_pickandplace_clean_2M
sac_her_recovery_v2,grip_state_falsification,1,0.0,-150.0,0.0,0.3884547695970575,150,1.9533228874206543,1.410502552986145,0.0,1.0,1844,v2,B2,sac_her_pickandplace_clean_2M
sac_her_recovery_v2,grip_state_falsification,1,0.0,-150.0,0.0,0.3884547695970575,150,1.9533228874206543,1.410502552986145,0.0,1.0,1845,v2,B2,sac_her_pickandplace_clean_2M
sac_her_recovery_v2,grip_state_falsification,1,0.0,-150.0,0.0,0.3884547695970575,150,1.9533228874206543,1.410502552986145,0.0,1.0,1846,v2,B2,sac_her_pickandplace_clean_2M
sac_her_recovery_v2,grip_state_falsification,1,0.0,-150.0,0.0,0.3884547695970575,150,1.9533228874206543,1.410502552986145,0.0,1.0,1847,v2,B2,sac_her_pickandplace_clean_2M
sac_her_recovery_v2,grip_state_falsification,1,0.0,-150.0,0.0,0.3884547695970575,150,1.9533228874206543,1.410502552986145,0.0,1.0,1848,v2,B2,sac_her_pickandplace_clean_2M
sac_her_recovery_v2,grip_state_falsification,1,0.0,-150.0,0.0,0.3884547695970575,150,1.9533228874206543,1.410502552986145,0.0,1.0,1849,v2,B2,sac_her_pickandplace_clean_2M
sac_her_recovery_v2,grip_state_falsification,1,0.0,-150.0,0.0,0.3884547695970575,150,1.9533228874206543,1.410502552986145,0.0,1.0,1850,v2,B2,sac_her_pickandplace_clean_2M
sac_her_recovery_v2,grip_state_falsification,1,0.0,-150.0,0.0,0.3884547695970575,150,1.9533228874206543,1.410502552986145,0.0,1.0,1851,v2,B2,sac_her_pickandplace_clean_2M
sac_her_recovery_v2,grip_state_falsification,1,0.0,-150.0,0.0,0.3884547695970575,150,1.9533228874206543,1.410502552986145,0.0,1.0,1852,v2,B2,sac_her_pickandplace_clean_2M
sac_her_recovery_v2,grip_state_falsification,1,0.0,-150.0,0.0,0.3884547695970575,150,1.9533228874206543,1.410502552986145,0.0,1.0,1853,v2,B2,sac_her_pickandplace_clean_2M
sac_her_recovery_v2,grip_state_falsification,1,0.0,-150.0,0.0,0.3884547695970575,150,1.9533228874206543,1.410502552986145,0.0,1.0,1854,v2,B2,sac_her_pickandplace_clean_2M
sac_her_recovery_v2,grip_state_falsification,1,0.0,-150.0,0.0,0.3884547695970575,150,1.9533228874206543,1.410502552986145,0.0,1.0,1855,v2,B2,sac_her_pickandplace_clean_2M
sac_her_recovery_v2,grip_state_falsification,1,0.0,-150.0,0.0,0.3884547695970575,150,1.9533228874206543,1.410502552986145,0.0,1.0,1856,v2,B2,sac_her_pickandplace_clean_2M
sac_her_recovery_v2,grip_state_falsification,1,0.0,-150.0,0.0,0.3884547695970575,150,1.9533228874206543,1.410502552986145,0.0,1.0,1857,v2,B2,sac_her_pickandplace_clean_2M
sac_her_recovery_v2,grip_state_falsification,1,0.0,-150.0,0.0,0.3884547695970575,150,1.9533228874206543,1.410502552986145,0.0,1.0,1858,v2,B2,sac_her_pickandplace_clean_2M
sac_her_recovery_v2,grip_state_falsification,1,0.0,-150.0,0.0,0.3884547695970575,150,1.9533228874206543,1.410502552986145,0.0,1.0,1859,v2,B2,sac_her_pickandplace_clean_2M
sac_her_recovery_v3,grip_state_falsification,1,0.0,-150.0,0.0,0.3884547695970575,150,1.904845952987671,1.4070961475372314,0.0,1.0,1860,v3,B3,sac_her_pickandplace_clean_2M
sac_her_recovery_v3,grip_state_falsification,1,0.0,-150.0,0.0,0.3884547695970575,150,1.904845952987671,1.4070961475372314,0.0,1.0,1861,v3,B3,sac_her_pickandplace_clean_2M
sac_her_recovery_v3,grip_state_falsification,1,0.0,-150.0,0.0,0.3884547695970575,150,1.904845952987671,1.4070961475372314,0.0,1.0,1862,v3,B3,sac_her_pickandplace_clean_2M
sac_her_recovery_v3,grip_state_falsification,1,0.0,-150.0,0.0,0.3884547695970575,150,1.904845952987671,1.4070961475372314,0.0,1.0,1863,v3,B3,sac_her_pickandplace_clean_2M
sac_her_recovery_v3,grip_state_falsification,1,0.0,-150.0,0.0,0.3884547695970575,150,1.904845952987671,1.4070961475372314,0.0,1.0,1864,v3,B3,sac_her_pickandplace_clean_2M
sac_her_recovery_v3,grip_state_falsification,1,0.0,-150.0,0.0,0.3884547695970575,150,1.904845952987671,1.4070961475372314,0.0,1.0,1865,v3,B3,sac_her_pickandplace_clean_2M
sac_her_recovery_v3,grip_state_falsification,1,0.0,-150.0,0.0,0.3884547695970575,150,1.904845952987671,1.4070961475372314,0.0,1.0,1866,v3,B3,sac_her_pickandplace_clean_2M
sac_her_recovery_v3,grip_state_falsification,1,0.0,-150.0,0.0,0.3884547695970575,150,1.904845952987671,1.4070961475372314,0.0,1.0,1867,v3,B3,sac_her_pickandplace_clean_2M
sac_her_recovery_v3,grip_state_falsification,1,0.0,-150.0,0.0,0.3884547695970575,150,1.904845952987671,1.4070961475372314,0.0,1.0,1868,v3,B3,sac_her_pickandplace_clean_2M
sac_her_recovery_v3,grip_state_falsification,1,0.0,-150.0,0.0,0.3884547695970575,150,1.904845952987671,1.4070961475372314,0.0,1.0,1869,v3,B3,sac_her_pickandplace_clean_2M
sac_her_recovery_v3,grip_state_falsification,1,0.0,-150.0,0.0,0.3884547695970575,150,1.904845952987671,1.4070961475372314,0.0,1.0,1870,v3,B3,sac_her_pickandplace_clean_2M
sac_her_recovery_v3,grip_state_falsification,1,0.0,-150.0,0.0,0.3884547695970575,150,1.904845952987671,1.4070961475372314,0.0,1.0,1871,v3,B3,sac_her_pickandplace_clean_2M
sac_her_recovery_v3,grip_state_falsification,1,0.0,-150.0,0.0,0.3884547695970575,150,1.904845952987671,1.4070961475372314,0.0,1.0,1872,v3,B3,sac_her_pickandplace_clean_2M
sac_her_recovery_v3,grip_state_falsification,1,0.0,-150.0,0.0,0.3884547695970575,150,1.904845952987671,1.4070961475372314,0.0,1.0,1873,v3,B3,sac_her_pickandplace_clean_2M
sac_her_recovery_v3,grip_state_falsification,1,0.0,-150.0,0.0,0.3884547695970575,150,1.904845952987671,1.4070961475372314,0.0,1.0,1874,v3,B3,sac_her_pickandplace_clean_2M
sac_her_recovery_v3,grip_state_falsification,1,0.0,-150.0,0.0,0.3884547695970575,150,1.904845952987671,1.4070961475372314,0.0,1.0,1875,v3,B3,sac_her_pickandplace_clean_2M
sac_her_recovery_v3,grip_state_falsification,1,0.0,-150.0,0.0,0.3884547695970575,150,1.904845952987671,1.4070961475372314,0.0,1.0,1876,v3,B3,sac_her_pickandplace_clean_2M
sac_her_recovery_v3,grip_state_falsification,1,0.0,-150.0,0.0,0.3884547695970575,150,1.904845952987671,1.4070961475372314,0.0,1.0,1877,v3,B3,sac_her_pickandplace_clean_2M
sac_her_recovery_v3,grip_state_falsification,1,0.0,-150.0,0.0,0.3884547695970575,150,1.904845952987671,1.4070961475372314,0.0,1.0,1878,v3,B3,sac_her_pickandplace_clean_2M
sac_her_recovery_v3,grip_state_falsification,1,0.0,-150.0,0.0,0.3884547695970575,150,1.904845952987671,1.4070961475372314,0.0,1.0,1879,v3,B3,sac_her_pickandplace_clean_2M
sac_her_recovery_v3,grip_state_falsification,1,0.0,-150.0,0.0,0.3884547695970575,150,1.904845952987671,1.4070961475372314,0.0,1.0,1880,v3,B3,sac_her_pickandplace_clean_2M
sac_her_recovery_v3,grip_state_falsification,1,0.0,-150.0,0.0,0.3884547695970575,150,1.904845952987671,1.4070961475372314,0.0,1.0,1881,v3,B3,sac_her_pickandplace_clean_2M
sac_her_recovery_v3,grip_state_falsification,1,0.0,-150.0,0.0,0.3884547695970575,150,1.904845952987671,1.4070961475372314,0.0,1.0,1882,v3,B3,sac_her_pickandplace_clean_2M
sac_her_recovery_v3,grip_state_falsification,1,0.0,-150.0,0.0,0.3884547695970575,150,1.904845952987671,1.4070961475372314,0.0,1.0,1883,v3,B3,sac_her_pickandplace_clean_2M
sac_her_recovery_v3,grip_state_falsification,1,0.0,-150.0,0.0,0.3884547695970575,150,1.904845952987671,1.4070961475372314,0.0,1.0,1884,v3,B3,sac_her_pickandplace_clean_2M
sac_her_recovery_v3,grip_state_falsification,1,0.0,-150.0,0.0,0.3884547695970575,150,1.904845952987671,1.4070961475372314,0.0,1.0,1885,v3,B3,sac_her_pickandplace_clean_2M
sac_her_recovery_v3,grip_state_falsification,1,0.0,-150.0,0.0,0.3884547695970575,150,1.904845952987671,1.4070961475372314,0.0,1.0,1886,v3,B3,sac_her_pickandplace_clean_2M
sac_her_recovery_v3,grip_state_falsification,1,0.0,-150.0,0.0,0.3884547695970575,150,1.904845952987671,1.4070961475372314,0.0,1.0,1887,v3,B3,sac_her_pickandplace_clean_2M
sac_her_recovery_v3,grip_state_falsification,1,0.0,-150.0,0.0,0.3884547695970575,150,1.904845952987671,1.4070961475372314,0.0,1.0,1888,v3,B3,sac_her_pickandplace_clean_2M
sac_her_recovery_v3,grip_state_falsification,1,0.0,-150.0,0.0,0.3884547695970575,150,1.904845952987671,1.4070961475372314,0.0,1.0,1889,v3,B3,sac_her_pickandplace_clean_2M
sac_her,contact_dropout,1,0.0,-150.0,0.0,0.3884547695970575,150,0.0425016358494758,1.3399821519851685,0.0,0.0,1890,none,B1,sac_her_pickandplace_clean_2M
sac_her,contact_dropout,1,0.0,-150.0,0.0,0.3884547695970575,150,0.0425016358494758,1.3399821519851685,0.0,0.0,1891,none,B1,sac_her_pickandplace_clean_2M
sac_her,contact_dropout,1,0.0,-150.0,0.0,0.3884547695970575,150,0.0425016358494758,1.3399821519851685,0.0,0.0,1892,none,B1,sac_her_pickandplace_clean_2M
sac_her,contact_dropout,1,0.0,-150.0,0.0,0.3884547695970575,150,0.0425016358494758,1.3399821519851685,0.0,0.0,1893,none,B1,sac_her_pickandplace_clean_2M
sac_her,contact_dropout,1,0.0,-150.0,0.0,0.3884547695970575,150,0.0425016358494758,1.3399821519851685,0.0,0.0,1894,none,B1,sac_her_pickandplace_clean_2M
sac_her,contact_dropout,1,0.0,-150.0,0.0,0.3884547695970575,150,0.0425016358494758,1.3399821519851685,0.0,0.0,1895,none,B1,sac_her_pickandplace_clean_2M
sac_her,contact_dropout,1,0.0,-150.0,0.0,0.3884547695970575,150,0.0425016358494758,1.3399821519851685,0.0,0.0,1896,none,B1,sac_her_pickandplace_clean_2M
sac_her,contact_dropout,1,0.0,-150.0,0.0,0.3884547695970575,150,0.0425016358494758,1.3399821519851685,0.0,0.0,1897,none,B1,sac_her_pickandplace_clean_2M
sac_her,contact_dropout,1,0.0,-150.0,0.0,0.3884547695970575,150,0.0425016358494758,1.3399821519851685,0.0,0.0,1898,none,B1,sac_her_pickandplace_clean_2M
sac_her,contact_dropout,1,0.0,-150.0,0.0,0.3884547695970575,150,0.0425016358494758,1.3399821519851685,0.0,0.0,1899,none,B1,sac_her_pickandplace_clean_2M
sac_her,contact_dropout,1,0.0,-150.0,0.0,0.3884547695970575,150,0.0425016358494758,1.3399821519851685,0.0,0.0,1900,none,B1,sac_her_pickandplace_clean_2M
sac_her,contact_dropout,1,0.0,-150.0,0.0,0.3884547695970575,150,0.0425016358494758,1.3399821519851685,0.0,0.0,1901,none,B1,sac_her_pickandplace_clean_2M
sac_her,contact_dropout,1,0.0,-150.0,0.0,0.3884547695970575,150,0.0425016358494758,1.3399821519851685,0.0,0.0,1902,none,B1,sac_her_pickandplace_clean_2M
sac_her,contact_dropout,1,0.0,-150.0,0.0,0.3884547695970575,150,0.0425016358494758,1.3399821519851685,0.0,0.0,1903,none,B1,sac_her_pickandplace_clean_2M
sac_her,contact_dropout,1,0.0,-150.0,0.0,0.3884547695970575,150,0.0425016358494758,1.3399821519851685,0.0,0.0,1904,none,B1,sac_her_pickandplace_clean_2M
sac_her,contact_dropout,1,0.0,-150.0,0.0,0.3884547695970575,150,0.0425016358494758,1.3399821519851685,0.0,0.0,1905,none,B1,sac_her_pickandplace_clean_2M
sac_her,contact_dropout,1,0.0,-150.0,0.0,0.3884547695970575,150,0.0425016358494758,1.3399821519851685,0.0,0.0,1906,none,B1,sac_her_pickandplace_clean_2M
sac_her,contact_dropout,1,0.0,-150.0,0.0,0.3884547695970575,150,0.0425016358494758,1.3399821519851685,0.0,0.0,1907,none,B1,sac_her_pickandplace_clean_2M
sac_her,contact_dropout,1,0.0,-150.0,0.0,0.3884547695970575,150,0.0425016358494758,1.3399821519851685,0.0,0.0,1908,none,B1,sac_her_pickandplace_clean_2M
sac_her,contact_dropout,1,0.0,-150.0,0.0,0.3884547695970575,150,0.0425016358494758,1.3399821519851685,0.0,0.0,1909,none,B1,sac_her_pickandplace_clean_2M
sac_her,contact_dropout,1,0.0,-150.0,0.0,0.3884547695970575,150,0.0425016358494758,1.3399821519851685,0.0,0.0,1910,none,B1,sac_her_pickandplace_clean_2M
sac_her,contact_dropout,1,0.0,-150.0,0.0,0.3884547695970575,150,0.0425016358494758,1.3399821519851685,0.0,0.0,1911,none,B1,sac_her_pickandplace_clean_2M
sac_her,contact_dropout,1,0.0,-150.0,0.0,0.3884547695970575,150,0.0425016358494758,1.3399821519851685,0.0,0.0,1912,none,B1,sac_her_pickandplace_clean_2M
sac_her,contact_dropout,1,0.0,-150.0,0.0,0.3884547695970575,150,0.0425016358494758,1.3399821519851685,0.0,0.0,1913,none,B1,sac_her_pickandplace_clean_2M
sac_her,contact_dropout,1,0.0,-150.0,0.0,0.3884547695970575,150,0.0425016358494758,1.3399821519851685,0.0,0.0,1914,none,B1,sac_her_pickandplace_clean_2M
sac_her,contact_dropout,1,0.0,-150.0,0.0,0.3884547695970575,150,0.0425016358494758,1.3399821519851685,0.0,0.0,1915,none,B1,sac_her_pickandplace_clean_2M
sac_her,contact_dropout,1,0.0,-150.0,0.0,0.3884547695970575,150,0.0425016358494758,1.3399821519851685,0.0,0.0,1916,none,B1,sac_her_pickandplace_clean_2M
sac_her,contact_dropout,1,0.0,-150.0,0.0,0.3884547695970575,150,0.0425016358494758,1.3399821519851685,0.0,0.0,1917,none,B1,sac_her_pickandplace_clean_2M
sac_her,contact_dropout,1,0.0,-150.0,0.0,0.3884547695970575,150,0.0425016358494758,1.3399821519851685,0.0,0.0,1918,none,B1,sac_her_pickandplace_clean_2M
sac_her,contact_dropout,1,0.0,-150.0,0.0,0.3884547695970575,150,0.0425016358494758,1.3399821519851685,0.0,0.0,1919,none,B1,sac_her_pickandplace_clean_2M
sac_her_recovery_v2,contact_dropout,1,0.0,-150.0,0.0,0.3884547695970575,150,0.0636080801486969,1.337785720825195,0.0,1.0,1920,v2,B2,sac_her_pickandplace_clean_2M
sac_her_recovery_v2,contact_dropout,1,0.0,-150.0,0.0,0.3884547695970575,150,0.0636080801486969,1.337785720825195,0.0,1.0,1921,v2,B2,sac_her_pickandplace_clean_2M
sac_her_recovery_v2,contact_dropout,1,0.0,-150.0,0.0,0.3884547695970575,150,0.0636080801486969,1.337785720825195,0.0,1.0,1922,v2,B2,sac_her_pickandplace_clean_2M
sac_her_recovery_v2,contact_dropout,1,0.0,-150.0,0.0,0.3884547695970575,150,0.0636080801486969,1.337785720825195,0.0,1.0,1923,v2,B2,sac_her_pickandplace_clean_2M
sac_her_recovery_v2,contact_dropout,1,0.0,-150.0,0.0,0.3884547695970575,150,0.0636080801486969,1.337785720825195,0.0,1.0,1924,v2,B2,sac_her_pickandplace_clean_2M
sac_her_recovery_v2,contact_dropout,1,0.0,-150.0,0.0,0.3884547695970575,150,0.0636080801486969,1.337785720825195,0.0,1.0,1925,v2,B2,sac_her_pickandplace_clean_2M
sac_her_recovery_v2,contact_dropout,1,0.0,-150.0,0.0,0.3884547695970575,150,0.0636080801486969,1.337785720825195,0.0,1.0,1926,v2,B2,sac_her_pickandplace_clean_2M
sac_her_recovery_v2,contact_dropout,1,0.0,-150.0,0.0,0.3884547695970575,150,0.0636080801486969,1.337785720825195,0.0,1.0,1927,v2,B2,sac_her_pickandplace_clean_2M
sac_her_recovery_v2,contact_dropout,1,0.0,-150.0,0.0,0.3884547695970575,150,0.0636080801486969,1.337785720825195,0.0,1.0,1928,v2,B2,sac_her_pickandplace_clean_2M
sac_her_recovery_v2,contact_dropout,1,0.0,-150.0,0.0,0.3884547695970575,150,0.0636080801486969,1.337785720825195,0.0,1.0,1929,v2,B2,sac_her_pickandplace_clean_2M
sac_her_recovery_v2,contact_dropout,1,0.0,-150.0,0.0,0.3884547695970575,150,0.0636080801486969,1.337785720825195,0.0,1.0,1930,v2,B2,sac_her_pickandplace_clean_2M
sac_her_recovery_v2,contact_dropout,1,0.0,-150.0,0.0,0.3884547695970575,150,0.0636080801486969,1.337785720825195,0.0,1.0,1931,v2,B2,sac_her_pickandplace_clean_2M
sac_her_recovery_v2,contact_dropout,1,0.0,-150.0,0.0,0.3884547695970575,150,0.0636080801486969,1.337785720825195,0.0,1.0,1932,v2,B2,sac_her_pickandplace_clean_2M
sac_her_recovery_v2,contact_dropout,1,0.0,-150.0,0.0,0.3884547695970575,150,0.0636080801486969,1.337785720825195,0.0,1.0,1933,v2,B2,sac_her_pickandplace_clean_2M
sac_her_recovery_v2,contact_dropout,1,0.0,-150.0,0.0,0.3884547695970575,150,0.0636080801486969,1.337785720825195,0.0,1.0,1934,v2,B2,sac_her_pickandplace_clean_2M
sac_her_recovery_v2,contact_dropout,1,0.0,-150.0,0.0,0.3884547695970575,150,0.0636080801486969,1.337785720825195,0.0,1.0,1935,v2,B2,sac_her_pickandplace_clean_2M
sac_her_recovery_v2,contact_dropout,1,0.0,-150.0,0.0,0.3884547695970575,150,0.0636080801486969,1.337785720825195,0.0,1.0,1936,v2,B2,sac_her_pickandplace_clean_2M
sac_her_recovery_v2,contact_dropout,1,0.0,-150.0,0.0,0.3884547695970575,150,0.0636080801486969,1.337785720825195,0.0,1.0,1937,v2,B2,sac_her_pickandplace_clean_2M
sac_her_recovery_v2,contact_dropout,1,0.0,-150.0,0.0,0.3884547695970575,150,0.0636080801486969,1.337785720825195,0.0,1.0,1938,v2,B2,sac_her_pickandplace_clean_2M
sac_her_recovery_v2,contact_dropout,1,0.0,-150.0,0.0,0.3884547695970575,150,0.0636080801486969,1.337785720825195,0.0,1.0,1939,v2,B2,sac_her_pickandplace_clean_2M
sac_her_recovery_v2,contact_dropout,1,0.0,-150.0,0.0,0.3884547695970575,150,0.0636080801486969,1.337785720825195,0.0,1.0,1940,v2,B2,sac_her_pickandplace_clean_2M
sac_her_recovery_v2,contact_dropout,1,0.0,-150.0,0.0,0.3884547695970575,150,0.0636080801486969,1.337785720825195,0.0,1.0,1941,v2,B2,sac_her_pickandplace_clean_2M
sac_her_recovery_v2,contact_dropout,1,0.0,-150.0,0.0,0.3884547695970575,150,0.0636080801486969,1.337785720825195,0.0,1.0,1942,v2,B2,sac_her_pickandplace_clean_2M
sac_her_recovery_v2,contact_dropout,1,0.0,-150.0,0.0,0.3884547695970575,150,0.0636080801486969,1.337785720825195,0.0,1.0,1943,v2,B2,sac_her_pickandplace_clean_2M
sac_her_recovery_v2,contact_dropout,1,0.0,-150.0,0.0,0.3884547695970575,150,0.0636080801486969,1.337785720825195,0.0,1.0,1944,v2,B2,sac_her_pickandplace_clean_2M
sac_her_recovery_v2,contact_dropout,1,0.0,-150.0,0.0,0.3884547695970575,150,0.0636080801486969,1.337785720825195,0.0,1.0,1945,v2,B2,sac_her_pickandplace_clean_2M
sac_her_recovery_v2,contact_dropout,1,0.0,-150.0,0.0,0.3884547695970575,150,0.0636080801486969,1.337785720825195,0.0,1.0,1946,v2,B2,sac_her_pickandplace_clean_2M
sac_her_recovery_v2,contact_dropout,1,0.0,-150.0,0.0,0.3884547695970575,150,0.0636080801486969,1.337785720825195,0.0,1.0,1947,v2,B2,sac_her_pickandplace_clean_2M
sac_her_recovery_v2,contact_dropout,1,0.0,-150.0,0.0,0.3884547695970575,150,0.0636080801486969,1.337785720825195,0.0,1.0,1948,v2,B2,sac_her_pickandplace_clean_2M
sac_her_recovery_v2,contact_dropout,1,0.0,-150.0,0.0,0.3884547695970575,150,0.0636080801486969,1.337785720825195,0.0,1.0,1949,v2,B2,sac_her_pickandplace_clean_2M
sac_her_recovery_v3,contact_dropout,1,0.0,-150.0,0.0,0.3884547695970575,150,0.0602951757609844,1.3334202766418457,0.0,1.0,1950,v3,B3,sac_her_pickandplace_clean_2M
sac_her_recovery_v3,contact_dropout,1,0.0,-150.0,0.0,0.3884547695970575,150,0.0602951757609844,1.3334202766418457,0.0,1.0,1951,v3,B3,sac_her_pickandplace_clean_2M
sac_her_recovery_v3,contact_dropout,1,0.0,-150.0,0.0,0.3884547695970575,150,0.0602951757609844,1.3334202766418457,0.0,1.0,1952,v3,B3,sac_her_pickandplace_clean_2M
sac_her_recovery_v3,contact_dropout,1,0.0,-150.0,0.0,0.3884547695970575,150,0.0602951757609844,1.3334202766418457,0.0,1.0,1953,v3,B3,sac_her_pickandplace_clean_2M
sac_her_recovery_v3,contact_dropout,1,0.0,-150.0,0.0,0.3884547695970575,150,0.0602951757609844,1.3334202766418457,0.0,1.0,1954,v3,B3,sac_her_pickandplace_clean_2M
sac_her_recovery_v3,contact_dropout,1,0.0,-150.0,0.0,0.3884547695970575,150,0.0602951757609844,1.3334202766418457,0.0,1.0,1955,v3,B3,sac_her_pickandplace_clean_2M
sac_her_recovery_v3,contact_dropout,1,0.0,-150.0,0.0,0.3884547695970575,150,0.0602951757609844,1.3334202766418457,0.0,1.0,1956,v3,B3,sac_her_pickandplace_clean_2M
sac_her_recovery_v3,contact_dropout,1,0.0,-150.0,0.0,0.3884547695970575,150,0.0602951757609844,1.3334202766418457,0.0,1.0,1957,v3,B3,sac_her_pickandplace_clean_2M
sac_her_recovery_v3,contact_dropout,1,0.0,-150.0,0.0,0.3884547695970575,150,0.0602951757609844,1.3334202766418457,0.0,1.0,1958,v3,B3,sac_her_pickandplace_clean_2M
sac_her_recovery_v3,contact_dropout,1,0.0,-150.0,0.0,0.3884547695970575,150,0.0602951757609844,1.3334202766418457,0.0,1.0,1959,v3,B3,sac_her_pickandplace_clean_2M
sac_her_recovery_v3,contact_dropout,1,0.0,-150.0,0.0,0.3884547695970575,150,0.0602951757609844,1.3334202766418457,0.0,1.0,1960,v3,B3,sac_her_pickandplace_clean_2M
sac_her_recovery_v3,contact_dropout,1,0.0,-150.0,0.0,0.3884547695970575,150,0.0602951757609844,1.3334202766418457,0.0,1.0,1961,v3,B3,sac_her_pickandplace_clean_2M
sac_her_recovery_v3,contact_dropout,1,0.0,-150.0,0.0,0.3884547695970575,150,0.0602951757609844,1.3334202766418457,0.0,1.0,1962,v3,B3,sac_her_pickandplace_clean_2M
sac_her_recovery_v3,contact_dropout,1,0.0,-150.0,0.0,0.3884547695970575,150,0.0602951757609844,1.3334202766418457,0.0,1.0,1963,v3,B3,sac_her_pickandplace_clean_2M
sac_her_recovery_v3,contact_dropout,1,0.0,-150.0,0.0,0.3884547695970575,150,0.0602951757609844,1.3334202766418457,0.0,1.0,1964,v3,B3,sac_her_pickandplace_clean_2M
sac_her_recovery_v3,contact_dropout,1,0.0,-150.0,0.0,0.3884547695970575,150,0.0602951757609844,1.3334202766418457,0.0,1.0,1965,v3,B3,sac_her_pickandplace_clean_2M
sac_her_recovery_v3,contact_dropout,1,0.0,-150.0,0.0,0.3884547695970575,150,0.0602951757609844,1.3334202766418457,0.0,1.0,1966,v3,B3,sac_her_pickandplace_clean_2M
sac_her_recovery_v3,contact_dropout,1,0.0,-150.0,0.0,0.3884547695970575,150,0.0602951757609844,1.3334202766418457,0.0,1.0,1967,v3,B3,sac_her_pickandplace_clean_2M
sac_her_recovery_v3,contact_dropout,1,0.0,-150.0,0.0,0.3884547695970575,150,0.0602951757609844,1.3334202766418457,0.0,1.0,1968,v3,B3,sac_her_pickandplace_clean_2M
sac_her_recovery_v3,contact_dropout,1,0.0,-150.0,0.0,0.3884547695970575,150,0.0602951757609844,1.3334202766418457,0.0,1.0,1969,v3,B3,sac_her_pickandplace_clean_2M
sac_her_recovery_v3,contact_dropout,1,0.0,-150.0,0.0,0.3884547695970575,150,0.0602951757609844,1.3334202766418457,0.0,1.0,1970,v3,B3,sac_her_pickandplace_clean_2M
sac_her_recovery_v3,contact_dropout,1,0.0,-150.0,0.0,0.3884547695970575,150,0.0602951757609844,1.3334202766418457,0.0,1.0,1971,v3,B3,sac_her_pickandplace_clean_2M
sac_her_recovery_v3,contact_dropout,1,0.0,-150.0,0.0,0.3884547695970575,150,0.0602951757609844,1.3334202766418457,0.0,1.0,1972,v3,B3,sac_her_pickandplace_clean_2M
sac_her_recovery_v3,contact_dropout,1,0.0,-150.0,0.0,0.3884547695970575,150,0.0602951757609844,1.3334202766418457,0.0,1.0,1973,v3,B3,sac_her_pickandplace_clean_2M
sac_her_recovery_v3,contact_dropout,1,0.0,-150.0,0.0,0.3884547695970575,150,0.0602951757609844,1.3334202766418457,0.0,1.0,1974,v3,B3,sac_her_pickandplace_clean_2M
sac_her_recovery_v3,contact_dropout,1,0.0,-150.0,0.0,0.3884547695970575,150,0.0602951757609844,1.3334202766418457,0.0,1.0,1975,v3,B3,sac_her_pickandplace_clean_2M
sac_her_recovery_v3,contact_dropout,1,0.0,-150.0,0.0,0.3884547695970575,150,0.0602951757609844,1.3334202766418457,0.0,1.0,1976,v3,B3,sac_her_pickandplace_clean_2M
sac_her_recovery_v3,contact_dropout,1,0.0,-150.0,0.0,0.3884547695970575,150,0.0602951757609844,1.3334202766418457,0.0,1.0,1977,v3,B3,sac_her_pickandplace_clean_2M
sac_her_recovery_v3,contact_dropout,1,0.0,-150.0,0.0,0.3884547695970575,150,0.0602951757609844,1.3334202766418457,0.0,1.0,1978,v3,B3,sac_her_pickandplace_clean_2M
sac_her_recovery_v3,contact_dropout,1,0.0,-150.0,0.0,0.3884547695970575,150,0.0602951757609844,1.3334202766418457,0.0,1.0,1979,v3,B3,sac_her_pickandplace_clean_2M
sac_her,clean,2,0.0,-8.0,1.0,0.0096784710835269,150,0.2174458801746368,1.0397357940673828,0.0,0.0,1980,none,B0,sac_her_pickandplace_clean_2M
sac_her,clean,2,0.0,-8.0,1.0,0.0096784710835269,150,0.2174458801746368,1.0397357940673828,0.0,0.0,1981,none,B0,sac_her_pickandplace_clean_2M
sac_her,clean,2,0.0,-8.0,1.0,0.0096784710835269,150,0.2174458801746368,1.0397357940673828,0.0,0.0,1982,none,B0,sac_her_pickandplace_clean_2M
sac_her,clean,2,0.0,-8.0,1.0,0.0096784710835269,150,0.2174458801746368,1.0397357940673828,0.0,0.0,1983,none,B0,sac_her_pickandplace_clean_2M
sac_her,clean,2,0.0,-8.0,1.0,0.0096784710835269,150,0.2174458801746368,1.0397357940673828,0.0,0.0,1984,none,B0,sac_her_pickandplace_clean_2M
sac_her,clean,2,0.0,-8.0,1.0,0.0096784710835269,150,0.2174458801746368,1.0397357940673828,0.0,0.0,1985,none,B0,sac_her_pickandplace_clean_2M
sac_her,clean,2,0.0,-8.0,1.0,0.0096784710835269,150,0.2174458801746368,1.0397357940673828,0.0,0.0,1986,none,B0,sac_her_pickandplace_clean_2M
sac_her,clean,2,0.0,-8.0,1.0,0.0096784710835269,150,0.2174458801746368,1.0397357940673828,0.0,0.0,1987,none,B0,sac_her_pickandplace_clean_2M
sac_her,clean,2,0.0,-8.0,1.0,0.0096784710835269,150,0.2174458801746368,1.0397357940673828,0.0,0.0,1988,none,B0,sac_her_pickandplace_clean_2M
sac_her,clean,2,0.0,-8.0,1.0,0.0096784710835269,150,0.2174458801746368,1.0397357940673828,0.0,0.0,1989,none,B0,sac_her_pickandplace_clean_2M
sac_her,clean,2,0.0,-8.0,1.0,0.0096784710835269,150,0.2174458801746368,1.0397357940673828,0.0,0.0,1990,none,B0,sac_her_pickandplace_clean_2M
sac_her,clean,2,0.0,-8.0,1.0,0.0096784710835269,150,0.2174458801746368,1.0397357940673828,0.0,0.0,1991,none,B0,sac_her_pickandplace_clean_2M
sac_her,clean,2,0.0,-8.0,1.0,0.0096784710835269,150,0.2174458801746368,1.0397357940673828,0.0,0.0,1992,none,B0,sac_her_pickandplace_clean_2M
sac_her,clean,2,0.0,-8.0,1.0,0.0096784710835269,150,0.2174458801746368,1.0397357940673828,0.0,0.0,1993,none,B0,sac_her_pickandplace_clean_2M
sac_her,clean,2,0.0,-8.0,1.0,0.0096784710835269,150,0.2174458801746368,1.0397357940673828,0.0,0.0,1994,none,B0,sac_her_pickandplace_clean_2M
sac_her,clean,2,0.0,-8.0,1.0,0.0096784710835269,150,0.2174458801746368,1.0397357940673828,0.0,0.0,1995,none,B0,sac_her_pickandplace_clean_2M
sac_her,clean,2,0.0,-8.0,1.0,0.0096784710835269,150,0.2174458801746368,1.0397357940673828,0.0,0.0,1996,none,B0,sac_her_pickandplace_clean_2M
sac_her,clean,2,0.0,-8.0,1.0,0.0096784710835269,150,0.2174458801746368,1.0397357940673828,0.0,0.0,1997,none,B0,sac_her_pickandplace_clean_2M
sac_her,clean,2,0.0,-8.0,1.0,0.0096784710835269,150,0.2174458801746368,1.0397357940673828,0.0,0.0,1998,none,B0,sac_her_pickandplace_clean_2M
sac_her,clean,2,0.0,-8.0,1.0,0.0096784710835269,150,0.2174458801746368,1.0397357940673828,0.0,0.0,1999,none,B0,sac_her_pickandplace_clean_2M
sac_her,clean,2,0.0,-8.0,1.0,0.0096784710835269,150,0.2174458801746368,1.0397357940673828,0.0,0.0,2000,none,B0,sac_her_pickandplace_clean_2M
sac_her,clean,2,0.0,-8.0,1.0,0.0096784710835269,150,0.2174458801746368,1.0397357940673828,0.0,0.0,2001,none,B0,sac_her_pickandplace_clean_2M
sac_her,clean,2,0.0,-8.0,1.0,0.0096784710835269,150,0.2174458801746368,1.0397357940673828,0.0,0.0,2002,none,B0,sac_her_pickandplace_clean_2M
sac_her,clean,2,0.0,-8.0,1.0,0.0096784710835269,150,0.2174458801746368,1.0397357940673828,0.0,0.0,2003,none,B0,sac_her_pickandplace_clean_2M
sac_her,clean,2,0.0,-8.0,1.0,0.0096784710835269,150,0.2174458801746368,1.0397357940673828,0.0,0.0,2004,none,B0,sac_her_pickandplace_clean_2M
sac_her,clean,2,0.0,-8.0,1.0,0.0096784710835269,150,0.2174458801746368,1.0397357940673828,0.0,0.0,2005,none,B0,sac_her_pickandplace_clean_2M
sac_her,clean,2,0.0,-8.0,1.0,0.0096784710835269,150,0.2174458801746368,1.0397357940673828,0.0,0.0,2006,none,B0,sac_her_pickandplace_clean_2M
sac_her,clean,2,0.0,-8.0,1.0,0.0096784710835269,150,0.2174458801746368,1.0397357940673828,0.0,0.0,2007,none,B0,sac_her_pickandplace_clean_2M
sac_her,clean,2,0.0,-8.0,1.0,0.0096784710835269,150,0.2174458801746368,1.0397357940673828,0.0,0.0,2008,none,B0,sac_her_pickandplace_clean_2M
sac_her,clean,2,0.0,-8.0,1.0,0.0096784710835269,150,0.2174458801746368,1.0397357940673828,0.0,0.0,2009,none,B0,sac_her_pickandplace_clean_2M
sac_her_recovery_v2,clean,2,0.0,-8.0,1.0,0.0096784710835269,150,0.2174458801746368,1.0397357940673828,0.0,0.0,2010,v2,B2,sac_her_pickandplace_clean_2M
sac_her_recovery_v2,clean,2,0.0,-8.0,1.0,0.0096784710835269,150,0.2174458801746368,1.0397357940673828,0.0,0.0,2011,v2,B2,sac_her_pickandplace_clean_2M
sac_her_recovery_v2,clean,2,0.0,-8.0,1.0,0.0096784710835269,150,0.2174458801746368,1.0397357940673828,0.0,0.0,2012,v2,B2,sac_her_pickandplace_clean_2M
sac_her_recovery_v2,clean,2,0.0,-8.0,1.0,0.0096784710835269,150,0.2174458801746368,1.0397357940673828,0.0,0.0,2013,v2,B2,sac_her_pickandplace_clean_2M
sac_her_recovery_v2,clean,2,0.0,-8.0,1.0,0.0096784710835269,150,0.2174458801746368,1.0397357940673828,0.0,0.0,2014,v2,B2,sac_her_pickandplace_clean_2M
sac_her_recovery_v2,clean,2,0.0,-8.0,1.0,0.0096784710835269,150,0.2174458801746368,1.0397357940673828,0.0,0.0,2015,v2,B2,sac_her_pickandplace_clean_2M
sac_her_recovery_v2,clean,2,0.0,-8.0,1.0,0.0096784710835269,150,0.2174458801746368,1.0397357940673828,0.0,0.0,2016,v2,B2,sac_her_pickandplace_clean_2M
sac_her_recovery_v2,clean,2,0.0,-8.0,1.0,0.0096784710835269,150,0.2174458801746368,1.0397357940673828,0.0,0.0,2017,v2,B2,sac_her_pickandplace_clean_2M
sac_her_recovery_v2,clean,2,0.0,-8.0,1.0,0.0096784710835269,150,0.2174458801746368,1.0397357940673828,0.0,0.0,2018,v2,B2,sac_her_pickandplace_clean_2M
sac_her_recovery_v2,clean,2,0.0,-8.0,1.0,0.0096784710835269,150,0.2174458801746368,1.0397357940673828,0.0,0.0,2019,v2,B2,sac_her_pickandplace_clean_2M
sac_her_recovery_v2,clean,2,0.0,-8.0,1.0,0.0096784710835269,150,0.2174458801746368,1.0397357940673828,0.0,0.0,2020,v2,B2,sac_her_pickandplace_clean_2M
sac_her_recovery_v2,clean,2,0.0,-8.0,1.0,0.0096784710835269,150,0.2174458801746368,1.0397357940673828,0.0,0.0,2021,v2,B2,sac_her_pickandplace_clean_2M
sac_her_recovery_v2,clean,2,0.0,-8.0,1.0,0.0096784710835269,150,0.2174458801746368,1.0397357940673828,0.0,0.0,2022,v2,B2,sac_her_pickandplace_clean_2M
sac_her_recovery_v2,clean,2,0.0,-8.0,1.0,0.0096784710835269,150,0.2174458801746368,1.0397357940673828,0.0,0.0,2023,v2,B2,sac_her_pickandplace_clean_2M
sac_her_recovery_v2,clean,2,0.0,-8.0,1.0,0.0096784710835269,150,0.2174458801746368,1.0397357940673828,0.0,0.0,2024,v2,B2,sac_her_pickandplace_clean_2M
sac_her_recovery_v2,clean,2,0.0,-8.0,1.0,0.0096784710835269,150,0.2174458801746368,1.0397357940673828,0.0,0.0,2025,v2,B2,sac_her_pickandplace_clean_2M
sac_her_recovery_v2,clean,2,0.0,-8.0,1.0,0.0096784710835269,150,0.2174458801746368,1.0397357940673828,0.0,0.0,2026,v2,B2,sac_her_pickandplace_clean_2M
sac_her_recovery_v2,clean,2,0.0,-8.0,1.0,0.0096784710835269,150,0.2174458801746368,1.0397357940673828,0.0,0.0,2027,v2,B2,sac_her_pickandplace_clean_2M
sac_her_recovery_v2,clean,2,0.0,-8.0,1.0,0.0096784710835269,150,0.2174458801746368,1.0397357940673828,0.0,0.0,2028,v2,B2,sac_her_pickandplace_clean_2M
sac_her_recovery_v2,clean,2,0.0,-8.0,1.0,0.0096784710835269,150,0.2174458801746368,1.0397357940673828,0.0,0.0,2029,v2,B2,sac_her_pickandplace_clean_2M
sac_her_recovery_v2,clean,2,0.0,-8.0,1.0,0.0096784710835269,150,0.2174458801746368,1.0397357940673828,0.0,0.0,2030,v2,B2,sac_her_pickandplace_clean_2M
sac_her_recovery_v2,clean,2,0.0,-8.0,1.0,0.0096784710835269,150,0.2174458801746368,1.0397357940673828,0.0,0.0,2031,v2,B2,sac_her_pickandplace_clean_2M
sac_her_recovery_v2,clean,2,0.0,-8.0,1.0,0.0096784710835269,150,0.2174458801746368,1.0397357940673828,0.0,0.0,2032,v2,B2,sac_her_pickandplace_clean_2M
sac_her_recovery_v2,clean,2,0.0,-8.0,1.0,0.0096784710835269,150,0.2174458801746368,1.0397357940673828,0.0,0.0,2033,v2,B2,sac_her_pickandplace_clean_2M
sac_her_recovery_v2,clean,2,0.0,-8.0,1.0,0.0096784710835269,150,0.2174458801746368,1.0397357940673828,0.0,0.0,2034,v2,B2,sac_her_pickandplace_clean_2M
sac_her_recovery_v2,clean,2,0.0,-8.0,1.0,0.0096784710835269,150,0.2174458801746368,1.0397357940673828,0.0,0.0,2035,v2,B2,sac_her_pickandplace_clean_2M
sac_her_recovery_v2,clean,2,0.0,-8.0,1.0,0.0096784710835269,150,0.2174458801746368,1.0397357940673828,0.0,0.0,2036,v2,B2,sac_her_pickandplace_clean_2M
sac_her_recovery_v2,clean,2,0.0,-8.0,1.0,0.0096784710835269,150,0.2174458801746368,1.0397357940673828,0.0,0.0,2037,v2,B2,sac_her_pickandplace_clean_2M
sac_her_recovery_v2,clean,2,0.0,-8.0,1.0,0.0096784710835269,150,0.2174458801746368,1.0397357940673828,0.0,0.0,2038,v2,B2,sac_her_pickandplace_clean_2M
sac_her_recovery_v2,clean,2,0.0,-8.0,1.0,0.0096784710835269,150,0.2174458801746368,1.0397357940673828,0.0,0.0,2039,v2,B2,sac_her_pickandplace_clean_2M
sac_her_recovery_v3,clean,2,0.0,-8.0,1.0,0.0096784710835269,150,0.2174458801746368,1.0397357940673828,0.0,0.0,2040,v3,B3,sac_her_pickandplace_clean_2M
sac_her_recovery_v3,clean,2,0.0,-8.0,1.0,0.0096784710835269,150,0.2174458801746368,1.0397357940673828,0.0,0.0,2041,v3,B3,sac_her_pickandplace_clean_2M
sac_her_recovery_v3,clean,2,0.0,-8.0,1.0,0.0096784710835269,150,0.2174458801746368,1.0397357940673828,0.0,0.0,2042,v3,B3,sac_her_pickandplace_clean_2M
sac_her_recovery_v3,clean,2,0.0,-8.0,1.0,0.0096784710835269,150,0.2174458801746368,1.0397357940673828,0.0,0.0,2043,v3,B3,sac_her_pickandplace_clean_2M
sac_her_recovery_v3,clean,2,0.0,-8.0,1.0,0.0096784710835269,150,0.2174458801746368,1.0397357940673828,0.0,0.0,2044,v3,B3,sac_her_pickandplace_clean_2M
sac_her_recovery_v3,clean,2,0.0,-8.0,1.0,0.0096784710835269,150,0.2174458801746368,1.0397357940673828,0.0,0.0,2045,v3,B3,sac_her_pickandplace_clean_2M
sac_her_recovery_v3,clean,2,0.0,-8.0,1.0,0.0096784710835269,150,0.2174458801746368,1.0397357940673828,0.0,0.0,2046,v3,B3,sac_her_pickandplace_clean_2M
sac_her_recovery_v3,clean,2,0.0,-8.0,1.0,0.0096784710835269,150,0.2174458801746368,1.0397357940673828,0.0,0.0,2047,v3,B3,sac_her_pickandplace_clean_2M
sac_her_recovery_v3,clean,2,0.0,-8.0,1.0,0.0096784710835269,150,0.2174458801746368,1.0397357940673828,0.0,0.0,2048,v3,B3,sac_her_pickandplace_clean_2M
sac_her_recovery_v3,clean,2,0.0,-8.0,1.0,0.0096784710835269,150,0.2174458801746368,1.0397357940673828,0.0,0.0,2049,v3,B3,sac_her_pickandplace_clean_2M
sac_her_recovery_v3,clean,2,0.0,-8.0,1.0,0.0096784710835269,150,0.2174458801746368,1.0397357940673828,0.0,0.0,2050,v3,B3,sac_her_pickandplace_clean_2M
sac_her_recovery_v3,clean,2,0.0,-8.0,1.0,0.0096784710835269,150,0.2174458801746368,1.0397357940673828,0.0,0.0,2051,v3,B3,sac_her_pickandplace_clean_2M
sac_her_recovery_v3,clean,2,0.0,-8.0,1.0,0.0096784710835269,150,0.2174458801746368,1.0397357940673828,0.0,0.0,2052,v3,B3,sac_her_pickandplace_clean_2M
sac_her_recovery_v3,clean,2,0.0,-8.0,1.0,0.0096784710835269,150,0.2174458801746368,1.0397357940673828,0.0,0.0,2053,v3,B3,sac_her_pickandplace_clean_2M
sac_her_recovery_v3,clean,2,0.0,-8.0,1.0,0.0096784710835269,150,0.2174458801746368,1.0397357940673828,0.0,0.0,2054,v3,B3,sac_her_pickandplace_clean_2M
sac_her_recovery_v3,clean,2,0.0,-8.0,1.0,0.0096784710835269,150,0.2174458801746368,1.0397357940673828,0.0,0.0,2055,v3,B3,sac_her_pickandplace_clean_2M
sac_her_recovery_v3,clean,2,0.0,-8.0,1.0,0.0096784710835269,150,0.2174458801746368,1.0397357940673828,0.0,0.0,2056,v3,B3,sac_her_pickandplace_clean_2M
sac_her_recovery_v3,clean,2,0.0,-8.0,1.0,0.0096784710835269,150,0.2174458801746368,1.0397357940673828,0.0,0.0,2057,v3,B3,sac_her_pickandplace_clean_2M
sac_her_recovery_v3,clean,2,0.0,-8.0,1.0,0.0096784710835269,150,0.2174458801746368,1.0397357940673828,0.0,0.0,2058,v3,B3,sac_her_pickandplace_clean_2M
sac_her_recovery_v3,clean,2,0.0,-8.0,1.0,0.0096784710835269,150,0.2174458801746368,1.0397357940673828,0.0,0.0,2059,v3,B3,sac_her_pickandplace_clean_2M
sac_her_recovery_v3,clean,2,0.0,-8.0,1.0,0.0096784710835269,150,0.2174458801746368,1.0397357940673828,0.0,0.0,2060,v3,B3,sac_her_pickandplace_clean_2M
sac_her_recovery_v3,clean,2,0.0,-8.0,1.0,0.0096784710835269,150,0.2174458801746368,1.0397357940673828,0.0,0.0,2061,v3,B3,sac_her_pickandplace_clean_2M
sac_her_recovery_v3,clean,2,0.0,-8.0,1.0,0.0096784710835269,150,0.2174458801746368,1.0397357940673828,0.0,0.0,2062,v3,B3,sac_her_pickandplace_clean_2M
sac_her_recovery_v3,clean,2,0.0,-8.0,1.0,0.0096784710835269,150,0.2174458801746368,1.0397357940673828,0.0,0.0,2063,v3,B3,sac_her_pickandplace_clean_2M
sac_her_recovery_v3,clean,2,0.0,-8.0,1.0,0.0096784710835269,150,0.2174458801746368,1.0397357940673828,0.0,0.0,2064,v3,B3,sac_her_pickandplace_clean_2M
sac_her_recovery_v3,clean,2,0.0,-8.0,1.0,0.0096784710835269,150,0.2174458801746368,1.0397357940673828,0.0,0.0,2065,v3,B3,sac_her_pickandplace_clean_2M
sac_her_recovery_v3,clean,2,0.0,-8.0,1.0,0.0096784710835269,150,0.2174458801746368,1.0397357940673828,0.0,0.0,2066,v3,B3,sac_her_pickandplace_clean_2M
sac_her_recovery_v3,clean,2,0.0,-8.0,1.0,0.0096784710835269,150,0.2174458801746368,1.0397357940673828,0.0,0.0,2067,v3,B3,sac_her_pickandplace_clean_2M
sac_her_recovery_v3,clean,2,0.0,-8.0,1.0,0.0096784710835269,150,0.2174458801746368,1.0397357940673828,0.0,0.0,2068,v3,B3,sac_her_pickandplace_clean_2M
sac_her_recovery_v3,clean,2,0.0,-8.0,1.0,0.0096784710835269,150,0.2174458801746368,1.0397357940673828,0.0,0.0,2069,v3,B3,sac_her_pickandplace_clean_2M
sac_her,sensor_dropout,2,0.0,-150.0,0.0,0.2364647540081676,150,0.0,1.666372299194336,0.0,0.0,2070,none,B1,sac_her_pickandplace_clean_2M
sac_her,sensor_dropout,2,0.0,-150.0,0.0,0.2364647540081676,150,0.0,1.666372299194336,0.0,0.0,2071,none,B1,sac_her_pickandplace_clean_2M
sac_her,sensor_dropout,2,0.0,-150.0,0.0,0.2364647540081676,150,0.0,1.666372299194336,0.0,0.0,2072,none,B1,sac_her_pickandplace_clean_2M
sac_her,sensor_dropout,2,0.0,-150.0,0.0,0.2364647540081676,150,0.0,1.666372299194336,0.0,0.0,2073,none,B1,sac_her_pickandplace_clean_2M
sac_her,sensor_dropout,2,0.0,-150.0,0.0,0.2364647540081676,150,0.0,1.666372299194336,0.0,0.0,2074,none,B1,sac_her_pickandplace_clean_2M
sac_her,sensor_dropout,2,0.0,-150.0,0.0,0.2364647540081676,150,0.0,1.666372299194336,0.0,0.0,2075,none,B1,sac_her_pickandplace_clean_2M
sac_her,sensor_dropout,2,0.0,-150.0,0.0,0.2364647540081676,150,0.0,1.666372299194336,0.0,0.0,2076,none,B1,sac_her_pickandplace_clean_2M
sac_her,sensor_dropout,2,0.0,-150.0,0.0,0.2364647540081676,150,0.0,1.666372299194336,0.0,0.0,2077,none,B1,sac_her_pickandplace_clean_2M
sac_her,sensor_dropout,2,0.0,-150.0,0.0,0.2364647540081676,150,0.0,1.666372299194336,0.0,0.0,2078,none,B1,sac_her_pickandplace_clean_2M
sac_her,sensor_dropout,2,0.0,-150.0,0.0,0.2364647540081676,150,0.0,1.666372299194336,0.0,0.0,2079,none,B1,sac_her_pickandplace_clean_2M
sac_her,sensor_dropout,2,0.0,-150.0,0.0,0.2364647540081676,150,0.0,1.666372299194336,0.0,0.0,2080,none,B1,sac_her_pickandplace_clean_2M
sac_her,sensor_dropout,2,0.0,-150.0,0.0,0.2364647540081676,150,0.0,1.666372299194336,0.0,0.0,2081,none,B1,sac_her_pickandplace_clean_2M
sac_her,sensor_dropout,2,0.0,-150.0,0.0,0.2364647540081676,150,0.0,1.666372299194336,0.0,0.0,2082,none,B1,sac_her_pickandplace_clean_2M
sac_her,sensor_dropout,2,0.0,-150.0,0.0,0.2364647540081676,150,0.0,1.666372299194336,0.0,0.0,2083,none,B1,sac_her_pickandplace_clean_2M
sac_her,sensor_dropout,2,0.0,-150.0,0.0,0.2364647540081676,150,0.0,1.666372299194336,0.0,0.0,2084,none,B1,sac_her_pickandplace_clean_2M
sac_her,sensor_dropout,2,0.0,-150.0,0.0,0.2364647540081676,150,0.0,1.666372299194336,0.0,0.0,2085,none,B1,sac_her_pickandplace_clean_2M
sac_her,sensor_dropout,2,0.0,-150.0,0.0,0.2364647540081676,150,0.0,1.666372299194336,0.0,0.0,2086,none,B1,sac_her_pickandplace_clean_2M
sac_her,sensor_dropout,2,0.0,-150.0,0.0,0.2364647540081676,150,0.0,1.666372299194336,0.0,0.0,2087,none,B1,sac_her_pickandplace_clean_2M
sac_her,sensor_dropout,2,0.0,-150.0,0.0,0.2364647540081676,150,0.0,1.666372299194336,0.0,0.0,2088,none,B1,sac_her_pickandplace_clean_2M
sac_her,sensor_dropout,2,0.0,-150.0,0.0,0.2364647540081676,150,0.0,1.666372299194336,0.0,0.0,2089,none,B1,sac_her_pickandplace_clean_2M
sac_her,sensor_dropout,2,0.0,-150.0,0.0,0.2364647540081676,150,0.0,1.666372299194336,0.0,0.0,2090,none,B1,sac_her_pickandplace_clean_2M
sac_her,sensor_dropout,2,0.0,-150.0,0.0,0.2364647540081676,150,0.0,1.666372299194336,0.0,0.0,2091,none,B1,sac_her_pickandplace_clean_2M
sac_her,sensor_dropout,2,0.0,-150.0,0.0,0.2364647540081676,150,0.0,1.666372299194336,0.0,0.0,2092,none,B1,sac_her_pickandplace_clean_2M
sac_her,sensor_dropout,2,0.0,-150.0,0.0,0.2364647540081676,150,0.0,1.666372299194336,0.0,0.0,2093,none,B1,sac_her_pickandplace_clean_2M
sac_her,sensor_dropout,2,0.0,-150.0,0.0,0.2364647540081676,150,0.0,1.666372299194336,0.0,0.0,2094,none,B1,sac_her_pickandplace_clean_2M
sac_her,sensor_dropout,2,0.0,-150.0,0.0,0.2364647540081676,150,0.0,1.666372299194336,0.0,0.0,2095,none,B1,sac_her_pickandplace_clean_2M
sac_her,sensor_dropout,2,0.0,-150.0,0.0,0.2364647540081676,150,0.0,1.666372299194336,0.0,0.0,2096,none,B1,sac_her_pickandplace_clean_2M
sac_her,sensor_dropout,2,0.0,-150.0,0.0,0.2364647540081676,150,0.0,1.666372299194336,0.0,0.0,2097,none,B1,sac_her_pickandplace_clean_2M
sac_her,sensor_dropout,2,0.0,-150.0,0.0,0.2364647540081676,150,0.0,1.666372299194336,0.0,0.0,2098,none,B1,sac_her_pickandplace_clean_2M
sac_her,sensor_dropout,2,0.0,-150.0,0.0,0.2364647540081676,150,0.0,1.666372299194336,0.0,0.0,2099,none,B1,sac_her_pickandplace_clean_2M
sac_her_recovery_v2,sensor_dropout,2,0.0,-150.0,0.0,0.2364647540081676,150,0.0174824558198452,1.6631453037261963,0.0,1.0,2100,v2,B2,sac_her_pickandplace_clean_2M
sac_her_recovery_v2,sensor_dropout,2,0.0,-150.0,0.0,0.2364647540081676,150,0.0174824558198452,1.6631453037261963,0.0,1.0,2101,v2,B2,sac_her_pickandplace_clean_2M
sac_her_recovery_v2,sensor_dropout,2,0.0,-150.0,0.0,0.2364647540081676,150,0.0174824558198452,1.6631453037261963,0.0,1.0,2102,v2,B2,sac_her_pickandplace_clean_2M
sac_her_recovery_v2,sensor_dropout,2,0.0,-150.0,0.0,0.2364647540081676,150,0.0174824558198452,1.6631453037261963,0.0,1.0,2103,v2,B2,sac_her_pickandplace_clean_2M
sac_her_recovery_v2,sensor_dropout,2,0.0,-150.0,0.0,0.2364647540081676,150,0.0174824558198452,1.6631453037261963,0.0,1.0,2104,v2,B2,sac_her_pickandplace_clean_2M
sac_her_recovery_v2,sensor_dropout,2,0.0,-150.0,0.0,0.2364647540081676,150,0.0174824558198452,1.6631453037261963,0.0,1.0,2105,v2,B2,sac_her_pickandplace_clean_2M
sac_her_recovery_v2,sensor_dropout,2,0.0,-150.0,0.0,0.2364647540081676,150,0.0174824558198452,1.6631453037261963,0.0,1.0,2106,v2,B2,sac_her_pickandplace_clean_2M
sac_her_recovery_v2,sensor_dropout,2,0.0,-150.0,0.0,0.2364647540081676,150,0.0174824558198452,1.6631453037261963,0.0,1.0,2107,v2,B2,sac_her_pickandplace_clean_2M
sac_her_recovery_v2,sensor_dropout,2,0.0,-150.0,0.0,0.2364647540081676,150,0.0174824558198452,1.6631453037261963,0.0,1.0,2108,v2,B2,sac_her_pickandplace_clean_2M
sac_her_recovery_v2,sensor_dropout,2,0.0,-150.0,0.0,0.2364647540081676,150,0.0174824558198452,1.6631453037261963,0.0,1.0,2109,v2,B2,sac_her_pickandplace_clean_2M
sac_her_recovery_v2,sensor_dropout,2,0.0,-150.0,0.0,0.2364647540081676,150,0.0174824558198452,1.6631453037261963,0.0,1.0,2110,v2,B2,sac_her_pickandplace_clean_2M
sac_her_recovery_v2,sensor_dropout,2,0.0,-150.0,0.0,0.2364647540081676,150,0.0174824558198452,1.6631453037261963,0.0,1.0,2111,v2,B2,sac_her_pickandplace_clean_2M
sac_her_recovery_v2,sensor_dropout,2,0.0,-150.0,0.0,0.2364647540081676,150,0.0174824558198452,1.6631453037261963,0.0,1.0,2112,v2,B2,sac_her_pickandplace_clean_2M
sac_her_recovery_v2,sensor_dropout,2,0.0,-150.0,0.0,0.2364647540081676,150,0.0174824558198452,1.6631453037261963,0.0,1.0,2113,v2,B2,sac_her_pickandplace_clean_2M
sac_her_recovery_v2,sensor_dropout,2,0.0,-150.0,0.0,0.2364647540081676,150,0.0174824558198452,1.6631453037261963,0.0,1.0,2114,v2,B2,sac_her_pickandplace_clean_2M
sac_her_recovery_v2,sensor_dropout,2,0.0,-150.0,0.0,0.2364647540081676,150,0.0174824558198452,1.6631453037261963,0.0,1.0,2115,v2,B2,sac_her_pickandplace_clean_2M
sac_her_recovery_v2,sensor_dropout,2,0.0,-150.0,0.0,0.2364647540081676,150,0.0174824558198452,1.6631453037261963,0.0,1.0,2116,v2,B2,sac_her_pickandplace_clean_2M
sac_her_recovery_v2,sensor_dropout,2,0.0,-150.0,0.0,0.2364647540081676,150,0.0174824558198452,1.6631453037261963,0.0,1.0,2117,v2,B2,sac_her_pickandplace_clean_2M
sac_her_recovery_v2,sensor_dropout,2,0.0,-150.0,0.0,0.2364647540081676,150,0.0174824558198452,1.6631453037261963,0.0,1.0,2118,v2,B2,sac_her_pickandplace_clean_2M
sac_her_recovery_v2,sensor_dropout,2,0.0,-150.0,0.0,0.2364647540081676,150,0.0174824558198452,1.6631453037261963,0.0,1.0,2119,v2,B2,sac_her_pickandplace_clean_2M
sac_her_recovery_v2,sensor_dropout,2,0.0,-150.0,0.0,0.2364647540081676,150,0.0174824558198452,1.6631453037261963,0.0,1.0,2120,v2,B2,sac_her_pickandplace_clean_2M
sac_her_recovery_v2,sensor_dropout,2,0.0,-150.0,0.0,0.2364647540081676,150,0.0174824558198452,1.6631453037261963,0.0,1.0,2121,v2,B2,sac_her_pickandplace_clean_2M
sac_her_recovery_v2,sensor_dropout,2,0.0,-150.0,0.0,0.2364647540081676,150,0.0174824558198452,1.6631453037261963,0.0,1.0,2122,v2,B2,sac_her_pickandplace_clean_2M
sac_her_recovery_v2,sensor_dropout,2,0.0,-150.0,0.0,0.2364647540081676,150,0.0174824558198452,1.6631453037261963,0.0,1.0,2123,v2,B2,sac_her_pickandplace_clean_2M
sac_her_recovery_v2,sensor_dropout,2,0.0,-150.0,0.0,0.2364647540081676,150,0.0174824558198452,1.6631453037261963,0.0,1.0,2124,v2,B2,sac_her_pickandplace_clean_2M
sac_her_recovery_v2,sensor_dropout,2,0.0,-150.0,0.0,0.2364647540081676,150,0.0174824558198452,1.6631453037261963,0.0,1.0,2125,v2,B2,sac_her_pickandplace_clean_2M
sac_her_recovery_v2,sensor_dropout,2,0.0,-150.0,0.0,0.2364647540081676,150,0.0174824558198452,1.6631453037261963,0.0,1.0,2126,v2,B2,sac_her_pickandplace_clean_2M
sac_her_recovery_v2,sensor_dropout,2,0.0,-150.0,0.0,0.2364647540081676,150,0.0174824558198452,1.6631453037261963,0.0,1.0,2127,v2,B2,sac_her_pickandplace_clean_2M
sac_her_recovery_v2,sensor_dropout,2,0.0,-150.0,0.0,0.2364647540081676,150,0.0174824558198452,1.6631453037261963,0.0,1.0,2128,v2,B2,sac_her_pickandplace_clean_2M
sac_her_recovery_v2,sensor_dropout,2,0.0,-150.0,0.0,0.2364647540081676,150,0.0174824558198452,1.6631453037261963,0.0,1.0,2129,v2,B2,sac_her_pickandplace_clean_2M
sac_her_recovery_v3,sensor_dropout,2,0.0,-150.0,0.0,0.2364647540081676,150,0.0174824558198452,1.656691312789917,0.0,1.0,2130,v3,B3,sac_her_pickandplace_clean_2M
sac_her_recovery_v3,sensor_dropout,2,0.0,-150.0,0.0,0.2364647540081676,150,0.0174824558198452,1.656691312789917,0.0,1.0,2131,v3,B3,sac_her_pickandplace_clean_2M
sac_her_recovery_v3,sensor_dropout,2,0.0,-150.0,0.0,0.2364647540081676,150,0.0174824558198452,1.656691312789917,0.0,1.0,2132,v3,B3,sac_her_pickandplace_clean_2M
sac_her_recovery_v3,sensor_dropout,2,0.0,-150.0,0.0,0.2364647540081676,150,0.0174824558198452,1.656691312789917,0.0,1.0,2133,v3,B3,sac_her_pickandplace_clean_2M
sac_her_recovery_v3,sensor_dropout,2,0.0,-150.0,0.0,0.2364647540081676,150,0.0174824558198452,1.656691312789917,0.0,1.0,2134,v3,B3,sac_her_pickandplace_clean_2M
sac_her_recovery_v3,sensor_dropout,2,0.0,-150.0,0.0,0.2364647540081676,150,0.0174824558198452,1.656691312789917,0.0,1.0,2135,v3,B3,sac_her_pickandplace_clean_2M
sac_her_recovery_v3,sensor_dropout,2,0.0,-150.0,0.0,0.2364647540081676,150,0.0174824558198452,1.656691312789917,0.0,1.0,2136,v3,B3,sac_her_pickandplace_clean_2M
sac_her_recovery_v3,sensor_dropout,2,0.0,-150.0,0.0,0.2364647540081676,150,0.0174824558198452,1.656691312789917,0.0,1.0,2137,v3,B3,sac_her_pickandplace_clean_2M
sac_her_recovery_v3,sensor_dropout,2,0.0,-150.0,0.0,0.2364647540081676,150,0.0174824558198452,1.656691312789917,0.0,1.0,2138,v3,B3,sac_her_pickandplace_clean_2M
sac_her_recovery_v3,sensor_dropout,2,0.0,-150.0,0.0,0.2364647540081676,150,0.0174824558198452,1.656691312789917,0.0,1.0,2139,v3,B3,sac_her_pickandplace_clean_2M
sac_her_recovery_v3,sensor_dropout,2,0.0,-150.0,0.0,0.2364647540081676,150,0.0174824558198452,1.656691312789917,0.0,1.0,2140,v3,B3,sac_her_pickandplace_clean_2M
sac_her_recovery_v3,sensor_dropout,2,0.0,-150.0,0.0,0.2364647540081676,150,0.0174824558198452,1.656691312789917,0.0,1.0,2141,v3,B3,sac_her_pickandplace_clean_2M
sac_her_recovery_v3,sensor_dropout,2,0.0,-150.0,0.0,0.2364647540081676,150,0.0174824558198452,1.656691312789917,0.0,1.0,2142,v3,B3,sac_her_pickandplace_clean_2M
sac_her_recovery_v3,sensor_dropout,2,0.0,-150.0,0.0,0.2364647540081676,150,0.0174824558198452,1.656691312789917,0.0,1.0,2143,v3,B3,sac_her_pickandplace_clean_2M
sac_her_recovery_v3,sensor_dropout,2,0.0,-150.0,0.0,0.2364647540081676,150,0.0174824558198452,1.656691312789917,0.0,1.0,2144,v3,B3,sac_her_pickandplace_clean_2M
sac_her_recovery_v3,sensor_dropout,2,0.0,-150.0,0.0,0.2364647540081676,150,0.0174824558198452,1.656691312789917,0.0,1.0,2145,v3,B3,sac_her_pickandplace_clean_2M
sac_her_recovery_v3,sensor_dropout,2,0.0,-150.0,0.0,0.2364647540081676,150,0.0174824558198452,1.656691312789917,0.0,1.0,2146,v3,B3,sac_her_pickandplace_clean_2M
sac_her_recovery_v3,sensor_dropout,2,0.0,-150.0,0.0,0.2364647540081676,150,0.0174824558198452,1.656691312789917,0.0,1.0,2147,v3,B3,sac_her_pickandplace_clean_2M
sac_her_recovery_v3,sensor_dropout,2,0.0,-150.0,0.0,0.2364647540081676,150,0.0174824558198452,1.656691312789917,0.0,1.0,2148,v3,B3,sac_her_pickandplace_clean_2M
sac_her_recovery_v3,sensor_dropout,2,0.0,-150.0,0.0,0.2364647540081676,150,0.0174824558198452,1.656691312789917,0.0,1.0,2149,v3,B3,sac_her_pickandplace_clean_2M
sac_her_recovery_v3,sensor_dropout,2,0.0,-150.0,0.0,0.2364647540081676,150,0.0174824558198452,1.656691312789917,0.0,1.0,2150,v3,B3,sac_her_pickandplace_clean_2M
sac_her_recovery_v3,sensor_dropout,2,0.0,-150.0,0.0,0.2364647540081676,150,0.0174824558198452,1.656691312789917,0.0,1.0,2151,v3,B3,sac_her_pickandplace_clean_2M
sac_her_recovery_v3,sensor_dropout,2,0.0,-150.0,0.0,0.2364647540081676,150,0.0174824558198452,1.656691312789917,0.0,1.0,2152,v3,B3,sac_her_pickandplace_clean_2M
sac_her_recovery_v3,sensor_dropout,2,0.0,-150.0,0.0,0.2364647540081676,150,0.0174824558198452,1.656691312789917,0.0,1.0,2153,v3,B3,sac_her_pickandplace_clean_2M
sac_her_recovery_v3,sensor_dropout,2,0.0,-150.0,0.0,0.2364647540081676,150,0.0174824558198452,1.656691312789917,0.0,1.0,2154,v3,B3,sac_her_pickandplace_clean_2M
sac_her_recovery_v3,sensor_dropout,2,0.0,-150.0,0.0,0.2364647540081676,150,0.0174824558198452,1.656691312789917,0.0,1.0,2155,v3,B3,sac_her_pickandplace_clean_2M
sac_her_recovery_v3,sensor_dropout,2,0.0,-150.0,0.0,0.2364647540081676,150,0.0174824558198452,1.656691312789917,0.0,1.0,2156,v3,B3,sac_her_pickandplace_clean_2M
sac_her_recovery_v3,sensor_dropout,2,0.0,-150.0,0.0,0.2364647540081676,150,0.0174824558198452,1.656691312789917,0.0,1.0,2157,v3,B3,sac_her_pickandplace_clean_2M
sac_her_recovery_v3,sensor_dropout,2,0.0,-150.0,0.0,0.2364647540081676,150,0.0174824558198452,1.656691312789917,0.0,1.0,2158,v3,B3,sac_her_pickandplace_clean_2M
sac_her_recovery_v3,sensor_dropout,2,0.0,-150.0,0.0,0.2364647540081676,150,0.0174824558198452,1.656691312789917,0.0,1.0,2159,v3,B3,sac_her_pickandplace_clean_2M
sac_her,sensor_bias,2,0.1,-150.0,0.0,0.7571245805124321,150,0.3053880929946899,1.1648070812225342,0.0,0.0,2160,none,B1,sac_her_pickandplace_clean_2M
sac_her,sensor_bias,2,0.1,-150.0,0.0,0.2364647540081676,150,0.0132628288120031,1.007936954498291,0.0,0.0,2161,none,B1,sac_her_pickandplace_clean_2M
sac_her,sensor_bias,2,0.1,-150.0,0.0,0.2364647540081676,150,0.081667348742485,0.9489591717720032,0.0,0.0,2162,none,B1,sac_her_pickandplace_clean_2M
sac_her,sensor_bias,2,0.1,-150.0,0.0,0.2364647540081676,150,0.0204661525785923,0.2387657612562179,0.0,0.0,2163,none,B1,sac_her_pickandplace_clean_2M
sac_her,sensor_bias,2,0.1,-150.0,0.0,0.2364647540081676,150,2.330366849899292,1.680403232574463,0.0,0.0,2164,none,B1,sac_her_pickandplace_clean_2M
sac_her,sensor_bias,2,0.1,-150.0,0.0,0.2364647540081676,150,0.4275430142879486,0.9979390501976012,0.0,0.0,2165,none,B1,sac_her_pickandplace_clean_2M
sac_her,sensor_bias,2,0.1,-150.0,0.0,0.2364647540081676,150,0.0256320014595985,1.0001872777938845,0.0,0.0,2166,none,B1,sac_her_pickandplace_clean_2M
sac_her,sensor_bias,2,0.1,-150.0,0.0,0.2364647540081676,150,0.0219750665128231,1.014877200126648,0.0,0.0,2167,none,B1,sac_her_pickandplace_clean_2M
sac_her,sensor_bias,2,0.1,-150.0,0.0,0.2364647540081676,150,0.3321599662303924,0.9093165993690492,0.0,0.0,2168,none,B1,sac_her_pickandplace_clean_2M
sac_her,sensor_bias,2,0.1,-150.0,0.0,0.2364647540081676,150,1.58512282371521,0.9748502373695374,0.0,0.0,2169,none,B1,sac_her_pickandplace_clean_2M
sac_her,sensor_bias,2,0.1,-150.0,0.0,0.2364647540081676,150,2.286626100540161,1.6080135107040403,0.0,0.0,2170,none,B1,sac_her_pickandplace_clean_2M
sac_her,sensor_bias,2,0.1,-150.0,0.0,0.2364647540081676,150,2.0676798820495605,1.4845141172409058,0.0,0.0,2171,none,B1,sac_her_pickandplace_clean_2M
sac_her,sensor_bias,2,0.1,-150.0,0.0,0.2364647540081676,150,0.0222720708698034,1.2515771389007568,0.0,0.0,2172,none,B1,sac_her_pickandplace_clean_2M
sac_her,sensor_bias,2,0.1,-150.0,0.0,0.2364647540081676,150,1.847572922706604,1.2779735326766968,0.0,0.0,2173,none,B1,sac_her_pickandplace_clean_2M
sac_her,sensor_bias,2,0.1,-150.0,0.0,0.2364647540081676,150,1.9050997495651243,1.5041009187698364,0.0,0.0,2174,none,B1,sac_her_pickandplace_clean_2M
sac_her,sensor_bias,2,0.1,-150.0,0.0,0.2364647540081676,150,1.107327580451965,0.7184686064720154,0.0,0.0,2175,none,B1,sac_her_pickandplace_clean_2M
sac_her,sensor_bias,2,0.1,-150.0,0.0,0.2364647540081676,150,1.6270537376403809,1.312791347503662,0.0,0.0,2176,none,B1,sac_her_pickandplace_clean_2M
sac_her,sensor_bias,2,0.1,-150.0,0.0,0.6920979387357156,150,0.100341260433197,1.4872437715530396,0.0,0.0,2177,none,B1,sac_her_pickandplace_clean_2M
sac_her,sensor_bias,2,0.1,-150.0,0.0,0.2364647540081676,150,1.9370293617248535,1.317482352256775,0.0,0.0,2178,none,B1,sac_her_pickandplace_clean_2M
sac_her,sensor_bias,2,0.1,-150.0,0.0,0.2364647540081676,150,0.0562360733747482,0.9767828583717346,0.0,0.0,2179,none,B1,sac_her_pickandplace_clean_2M
sac_her,sensor_bias,2,0.1,-150.0,0.0,0.2364647540081676,150,0.0623115301132202,0.1962733715772628,0.0,0.0,2180,none,B1,sac_her_pickandplace_clean_2M
sac_her,sensor_bias,2,0.1,-150.0,0.0,0.2364647540081676,150,1.0373858213424685,1.1820001602172852,0.0,0.0,2181,none,B1,sac_her_pickandplace_clean_2M
sac_her,sensor_bias,2,0.1,-150.0,0.0,0.2364647540081676,150,0.0425176247954368,0.9101485013961792,0.0,0.0,2182,none,B1,sac_her_pickandplace_clean_2M
sac_her,sensor_bias,2,0.1,-150.0,0.0,0.2364853334010198,150,0.0234883986413478,0.2370085418224334,0.0,0.0,2183,none,B1,sac_her_pickandplace_clean_2M
sac_her,sensor_bias,2,0.1,-150.0,0.0,0.2364647540081676,150,0.0121023692190647,1.318408489227295,0.0,0.0,2184,none,B1,sac_her_pickandplace_clean_2M
sac_her,sensor_bias,2,0.1,-150.0,0.0,0.2364647540081676,150,0.0119361504912376,0.6379271149635315,0.0,0.0,2185,none,B1,sac_her_pickandplace_clean_2M
sac_her,sensor_bias,2,0.1,-150.0,0.0,0.2234424200470408,150,0.0475810356438159,1.011460542678833,0.0,0.0,2186,none,B1,sac_her_pickandplace_clean_2M
sac_her,sensor_bias,2,0.1,-150.0,0.0,0.7881857196651837,150,0.191932201385498,1.394932746887207,0.0,0.0,2187,none,B1,sac_her_pickandplace_clean_2M
sac_her,sensor_bias,2,0.1,-150.0,0.0,0.2364647540081676,150,1.85760498046875,1.4011858701705933,0.0,0.0,2188,none,B1,sac_her_pickandplace_clean_2M
sac_her,sensor_bias,2,0.1,-150.0,0.0,0.1962695152941651,150,1.6005909442901611,1.2897599935531616,0.0,0.0,2189,none,B1,sac_her_pickandplace_clean_2M
sac_her_recovery_v2,sensor_bias,2,0.1,-150.0,0.0,0.2364647540081676,150,0.7475600242614746,0.8323813676834106,0.0,1.0,2190,v2,B2,sac_her_pickandplace_clean_2M
sac_her_recovery_v2,sensor_bias,2,0.1,-150.0,0.0,0.2364647540081676,150,1.8579699993133545,1.1131720542907717,0.0,1.0,2191,v2,B2,sac_her_pickandplace_clean_2M
sac_her_recovery_v2,sensor_bias,2,0.1,-150.0,0.0,0.2364647540081676,150,0.0574748963117599,1.3476593494415283,0.0,1.0,2192,v2,B2,sac_her_pickandplace_clean_2M
sac_her_recovery_v2,sensor_bias,2,0.1,-150.0,0.0,0.2364647540081676,150,0.0531619004905223,0.5430726408958435,0.0,1.0,2193,v2,B2,sac_her_pickandplace_clean_2M
sac_her_recovery_v2,sensor_bias,2,0.1,-150.0,0.0,0.2364647540081676,150,1.4283369779586792,1.1940609216690063,0.0,1.0,2194,v2,B2,sac_her_pickandplace_clean_2M
sac_her_recovery_v2,sensor_bias,2,0.1,-150.0,0.0,0.2364647540081676,150,0.503360390663147,0.4531113803386688,0.0,1.0,2195,v2,B2,sac_her_pickandplace_clean_2M
sac_her_recovery_v2,sensor_bias,2,0.1,-150.0,0.0,0.2364647540081676,150,0.8347657918930054,0.8679298162460327,0.0,1.0,2196,v2,B2,sac_her_pickandplace_clean_2M
sac_her_recovery_v2,sensor_bias,2,0.1,-150.0,0.0,0.2364647540081676,150,0.0357100069522857,0.7566695213317871,0.0,1.0,2197,v2,B2,sac_her_pickandplace_clean_2M
sac_her_recovery_v2,sensor_bias,2,0.1,-150.0,0.0,0.2364647540081676,150,0.060476828366518,1.0041712522506714,0.0,1.0,2198,v2,B2,sac_her_pickandplace_clean_2M
sac_her_recovery_v2,sensor_bias,2,0.1,-150.0,0.0,0.2076146929241249,150,1.4435945749282837,1.3526262044906616,0.0,1.0,2199,v2,B2,sac_her_pickandplace_clean_2M
sac_her_recovery_v2,sensor_bias,2,0.1,-150.0,0.0,0.2364647540081676,150,0.8748265504837036,0.5774599313735962,0.0,1.0,2200,v2,B2,sac_her_pickandplace_clean_2M
sac_her_recovery_v2,sensor_bias,2,0.1,-150.0,0.0,0.2364647540081676,150,2.058058500289917,1.488023042678833,0.0,1.0,2201,v2,B2,sac_her_pickandplace_clean_2M
sac_her_recovery_v2,sensor_bias,2,0.1,-150.0,0.0,0.2364647540081676,150,0.4164915680885315,0.778270959854126,0.0,1.0,2202,v2,B2,sac_her_pickandplace_clean_2M
sac_her_recovery_v2,sensor_bias,2,0.1,-150.0,0.0,0.2364647540081676,150,0.1160991340875625,0.7295329570770264,0.0,1.0,2203,v2,B2,sac_her_pickandplace_clean_2M
sac_her_recovery_v2,sensor_bias,2,0.1,-150.0,0.0,0.2364647540081676,150,1.4078140258789062,1.008317470550537,0.0,1.0,2204,v2,B2,sac_her_pickandplace_clean_2M
sac_her_recovery_v2,sensor_bias,2,0.1,-150.0,0.0,0.2364647540081676,150,1.5414862632751465,1.3414666652679443,0.0,1.0,2205,v2,B2,sac_her_pickandplace_clean_2M
sac_her_recovery_v2,sensor_bias,2,0.1,-150.0,0.0,0.2364647540081676,150,0.0700702294707298,0.7595147490501404,0.0,1.0,2206,v2,B2,sac_her_pickandplace_clean_2M
sac_her_recovery_v2,sensor_bias,2,0.1,-150.0,0.0,0.1937833593428749,150,0.2479801625013351,0.8458703756332397,0.0,1.0,2207,v2,B2,sac_her_pickandplace_clean_2M
sac_her_recovery_v2,sensor_bias,2,0.1,-150.0,0.0,0.2364647540081676,150,0.0779479295015335,0.9724674224853516,0.0,1.0,2208,v2,B2,sac_her_pickandplace_clean_2M
sac_her_recovery_v2,sensor_bias,2,0.1,-150.0,0.0,0.2364647540081676,150,1.874732494354248,1.3717046976089478,0.0,1.0,2209,v2,B2,sac_her_pickandplace_clean_2M
sac_her_recovery_v2,sensor_bias,2,0.1,-150.0,0.0,0.2364647540081676,150,1.0852134227752686,1.1236073970794678,0.0,1.0,2210,v2,B2,sac_her_pickandplace_clean_2M
sac_her_recovery_v2,sensor_bias,2,0.1,-150.0,0.0,0.162123632346732,150,2.066601514816284,1.4949209690093994,0.0,1.0,2211,v2,B2,sac_her_pickandplace_clean_2M
sac_her_recovery_v2,sensor_bias,2,0.1,-150.0,0.0,0.2364647540081676,150,2.1854259967803955,1.4964648485183716,0.0,1.0,2212,v2,B2,sac_her_pickandplace_clean_2M
sac_her_recovery_v2,sensor_bias,2,0.1,-150.0,0.0,0.2728518508055048,150,0.3763386905193329,1.4540656805038452,1.0,1.0,2213,v2,B2,sac_her_pickandplace_clean_2M
sac_her_recovery_v2,sensor_bias,2,0.1,-150.0,0.0,0.2364647540081676,150,1.5152685642242432,1.1323585510253906,0.0,1.0,2214,v2,B2,sac_her_pickandplace_clean_2M
sac_her_recovery_v2,sensor_bias,2,0.1,-150.0,0.0,0.2519857415573531,150,0.4610254764556885,0.7960839867591858,0.0,1.0,2215,v2,B2,sac_her_pickandplace_clean_2M
sac_her_recovery_v2,sensor_bias,2,0.1,-150.0,0.0,0.7895074932592696,150,0.3108084499835968,1.619574785232544,1.0,1.0,2216,v2,B2,sac_her_pickandplace_clean_2M
sac_her_recovery_v2,sensor_bias,2,0.1,-150.0,0.0,0.2364647540081676,150,0.0808258056640625,1.2430404424667358,0.0,1.0,2217,v2,B2,sac_her_pickandplace_clean_2M
sac_her_recovery_v2,sensor_bias,2,0.1,-150.0,0.0,0.2364647540081676,150,0.0654484257102012,0.6078999638557434,0.0,1.0,2218,v2,B2,sac_her_pickandplace_clean_2M
sac_her_recovery_v2,sensor_bias,2,0.1,-150.0,0.0,0.2364647540081676,150,0.0492268092930316,0.973777174949646,0.0,1.0,2219,v2,B2,sac_her_pickandplace_clean_2M
sac_her_recovery_v3,sensor_bias,2,0.1,-150.0,0.0,0.2364647540081676,150,1.8438090085983276,1.5347365140914917,0.0,1.0,2220,v3,B3,sac_her_pickandplace_clean_2M
sac_her_recovery_v3,sensor_bias,2,0.1,-150.0,0.0,0.2364647540081676,150,0.0753676518797874,1.0148537158966064,0.0,1.0,2221,v3,B3,sac_her_pickandplace_clean_2M
sac_her_recovery_v3,sensor_bias,2,0.1,-150.0,0.0,0.2364647540081676,150,0.1576892584562301,1.0314373970031738,0.0,1.0,2222,v3,B3,sac_her_pickandplace_clean_2M
sac_her_recovery_v3,sensor_bias,2,0.1,-150.0,0.0,0.2364647540081676,150,1.6777607202529907,1.3603907823562622,0.0,1.0,2223,v3,B3,sac_her_pickandplace_clean_2M
sac_her_recovery_v3,sensor_bias,2,0.1,-150.0,0.0,0.2364647540081676,150,0.1091108545660972,0.293399453163147,0.0,1.0,2224,v3,B3,sac_her_pickandplace_clean_2M
sac_her_recovery_v3,sensor_bias,2,0.1,-150.0,0.0,0.2364647540081676,150,0.08433498442173,0.9799705147743224,0.0,1.0,2225,v3,B3,sac_her_pickandplace_clean_2M
sac_her_recovery_v3,sensor_bias,2,0.1,-150.0,0.0,0.2364647540081676,150,1.697525143623352,1.2570831775665283,0.0,1.0,2226,v3,B3,sac_her_pickandplace_clean_2M
sac_her_recovery_v3,sensor_bias,2,0.1,-150.0,0.0,0.2364647540081676,150,1.004257082939148,0.7887347340583801,0.0,1.0,2227,v3,B3,sac_her_pickandplace_clean_2M
sac_her_recovery_v3,sensor_bias,2,0.1,-150.0,0.0,0.2364647540081676,150,1.5295909643173218,1.2372448444366455,0.0,1.0,2228,v3,B3,sac_her_pickandplace_clean_2M
sac_her_recovery_v3,sensor_bias,2,0.1,-150.0,0.0,0.2364647540081676,150,0.8185672760009766,0.5138335227966309,0.0,1.0,2229,v3,B3,sac_her_pickandplace_clean_2M
sac_her_recovery_v3,sensor_bias,2,0.1,-150.0,0.0,0.2364647540081676,150,0.1022477596998214,0.4077371060848236,0.0,1.0,2230,v3,B3,sac_her_pickandplace_clean_2M
sac_her_recovery_v3,sensor_bias,2,0.1,-150.0,0.0,0.2364647540081676,150,0.0737335607409477,0.9165807962417604,0.0,1.0,2231,v3,B3,sac_her_pickandplace_clean_2M
sac_her_recovery_v3,sensor_bias,2,0.1,-150.0,0.0,0.2364647540081676,150,0.0783165916800499,1.375027418136597,0.0,1.0,2232,v3,B3,sac_her_pickandplace_clean_2M
sac_her_recovery_v3,sensor_bias,2,0.1,-150.0,0.0,0.2364647540081676,150,0.0439262390136718,1.0621153116226196,0.0,1.0,2233,v3,B3,sac_her_pickandplace_clean_2M
sac_her_recovery_v3,sensor_bias,2,0.1,-150.0,0.0,0.1519653036669617,150,0.4654185771942138,1.1648164987564087,0.0,1.0,2234,v3,B3,sac_her_pickandplace_clean_2M
sac_her_recovery_v3,sensor_bias,2,0.1,-150.0,0.0,0.2364647540081676,150,1.2205610275268557,1.1157419681549072,0.0,1.0,2235,v3,B3,sac_her_pickandplace_clean_2M
sac_her_recovery_v3,sensor_bias,2,0.1,-150.0,0.0,0.2364647540081676,150,0.0715046972036361,0.8561038970947266,0.0,1.0,2236,v3,B3,sac_her_pickandplace_clean_2M
sac_her_recovery_v3,sensor_bias,2,0.1,-150.0,0.0,0.2364647540081676,150,1.332284688949585,1.2544101476669312,0.0,1.0,2237,v3,B3,sac_her_pickandplace_clean_2M
sac_her_recovery_v3,sensor_bias,2,0.1,-150.0,0.0,0.2456360445559545,150,0.2310623526573181,1.1306116580963137,0.0,1.0,2238,v3,B3,sac_her_pickandplace_clean_2M
sac_her_recovery_v3,sensor_bias,2,0.1,-150.0,0.0,0.6757192805573062,150,0.4318004846572876,1.4141579866409302,1.0,1.0,2239,v3,B3,sac_her_pickandplace_clean_2M
sac_her_recovery_v3,sensor_bias,2,0.1,-150.0,0.0,0.165490739088874,150,0.1701722592115402,0.9957147240638732,1.0,1.0,2240,v3,B3,sac_her_pickandplace_clean_2M
sac_her_recovery_v3,sensor_bias,2,0.1,-150.0,0.0,0.2364647540081676,150,1.1190675497055054,1.1789443492889404,0.0,1.0,2241,v3,B3,sac_her_pickandplace_clean_2M
sac_her_recovery_v3,sensor_bias,2,0.1,-150.0,0.0,0.2364647540081676,150,1.8059107065200808,1.3727972507476809,0.0,1.0,2242,v3,B3,sac_her_pickandplace_clean_2M
sac_her_recovery_v3,sensor_bias,2,0.1,-150.0,0.0,0.2364647540081676,150,0.050973080098629,0.7618488669395447,0.0,1.0,2243,v3,B3,sac_her_pickandplace_clean_2M
sac_her_recovery_v3,sensor_bias,2,0.1,-150.0,0.0,0.2364647540081676,150,2.321340799331665,1.4555660486221311,0.0,1.0,2244,v3,B3,sac_her_pickandplace_clean_2M
sac_her_recovery_v3,sensor_bias,2,0.1,-150.0,0.0,0.2364647540081676,150,0.0607353970408439,1.2393594980239868,0.0,1.0,2245,v3,B3,sac_her_pickandplace_clean_2M
sac_her_recovery_v3,sensor_bias,2,0.1,-150.0,0.0,0.2364647540081676,150,1.7426618337631226,0.959187626838684,0.0,1.0,2246,v3,B3,sac_her_pickandplace_clean_2M
sac_her_recovery_v3,sensor_bias,2,0.1,-150.0,0.0,0.2364647540081676,150,0.105984516441822,1.0184295177459717,0.0,1.0,2247,v3,B3,sac_her_pickandplace_clean_2M
sac_her_recovery_v3,sensor_bias,2,0.1,-150.0,0.0,0.2364647540081676,150,0.0537938363850116,0.6336432099342346,0.0,1.0,2248,v3,B3,sac_her_pickandplace_clean_2M
sac_her_recovery_v3,sensor_bias,2,0.1,-150.0,0.0,0.2364647540081676,150,1.3266236782073977,1.2022035121917725,0.0,1.0,2249,v3,B3,sac_her_pickandplace_clean_2M
sac_her,action_clipping,2,0.3,-27.0,1.0,0.0144980874344642,150,0.4525527358055115,0.4248323142528534,0.0,0.0,2250,none,B1,sac_her_pickandplace_clean_2M
sac_her,action_clipping,2,0.3,-27.0,1.0,0.0144980874344642,150,0.4525527358055115,0.4248323142528534,0.0,0.0,2251,none,B1,sac_her_pickandplace_clean_2M
sac_her,action_clipping,2,0.3,-27.0,1.0,0.0144980874344642,150,0.4525527358055115,0.4248323142528534,0.0,0.0,2252,none,B1,sac_her_pickandplace_clean_2M
sac_her,action_clipping,2,0.3,-27.0,1.0,0.0144980874344642,150,0.4525527358055115,0.4248323142528534,0.0,0.0,2253,none,B1,sac_her_pickandplace_clean_2M
sac_her,action_clipping,2,0.3,-27.0,1.0,0.0144980874344642,150,0.4525527358055115,0.4248323142528534,0.0,0.0,2254,none,B1,sac_her_pickandplace_clean_2M
sac_her,action_clipping,2,0.3,-27.0,1.0,0.0144980874344642,150,0.4525527358055115,0.4248323142528534,0.0,0.0,2255,none,B1,sac_her_pickandplace_clean_2M
sac_her,action_clipping,2,0.3,-27.0,1.0,0.0144980874344642,150,0.4525527358055115,0.4248323142528534,0.0,0.0,2256,none,B1,sac_her_pickandplace_clean_2M
sac_her,action_clipping,2,0.3,-27.0,1.0,0.0144980874344642,150,0.4525527358055115,0.4248323142528534,0.0,0.0,2257,none,B1,sac_her_pickandplace_clean_2M
sac_her,action_clipping,2,0.3,-27.0,1.0,0.0144980874344642,150,0.4525527358055115,0.4248323142528534,0.0,0.0,2258,none,B1,sac_her_pickandplace_clean_2M
sac_her,action_clipping,2,0.3,-27.0,1.0,0.0144980874344642,150,0.4525527358055115,0.4248323142528534,0.0,0.0,2259,none,B1,sac_her_pickandplace_clean_2M
sac_her,action_clipping,2,0.3,-27.0,1.0,0.0144980874344642,150,0.4525527358055115,0.4248323142528534,0.0,0.0,2260,none,B1,sac_her_pickandplace_clean_2M
sac_her,action_clipping,2,0.3,-27.0,1.0,0.0144980874344642,150,0.4525527358055115,0.4248323142528534,0.0,0.0,2261,none,B1,sac_her_pickandplace_clean_2M
sac_her,action_clipping,2,0.3,-27.0,1.0,0.0144980874344642,150,0.4525527358055115,0.4248323142528534,0.0,0.0,2262,none,B1,sac_her_pickandplace_clean_2M
sac_her,action_clipping,2,0.3,-27.0,1.0,0.0144980874344642,150,0.4525527358055115,0.4248323142528534,0.0,0.0,2263,none,B1,sac_her_pickandplace_clean_2M
sac_her,action_clipping,2,0.3,-27.0,1.0,0.0144980874344642,150,0.4525527358055115,0.4248323142528534,0.0,0.0,2264,none,B1,sac_her_pickandplace_clean_2M
sac_her,action_clipping,2,0.3,-27.0,1.0,0.0144980874344642,150,0.4525527358055115,0.4248323142528534,0.0,0.0,2265,none,B1,sac_her_pickandplace_clean_2M
sac_her,action_clipping,2,0.3,-27.0,1.0,0.0144980874344642,150,0.4525527358055115,0.4248323142528534,0.0,0.0,2266,none,B1,sac_her_pickandplace_clean_2M
sac_her,action_clipping,2,0.3,-27.0,1.0,0.0144980874344642,150,0.4525527358055115,0.4248323142528534,0.0,0.0,2267,none,B1,sac_her_pickandplace_clean_2M
sac_her,action_clipping,2,0.3,-27.0,1.0,0.0144980874344642,150,0.4525527358055115,0.4248323142528534,0.0,0.0,2268,none,B1,sac_her_pickandplace_clean_2M
sac_her,action_clipping,2,0.3,-27.0,1.0,0.0144980874344642,150,0.4525527358055115,0.4248323142528534,0.0,0.0,2269,none,B1,sac_her_pickandplace_clean_2M
sac_her,action_clipping,2,0.3,-27.0,1.0,0.0144980874344642,150,0.4525527358055115,0.4248323142528534,0.0,0.0,2270,none,B1,sac_her_pickandplace_clean_2M
sac_her,action_clipping,2,0.3,-27.0,1.0,0.0144980874344642,150,0.4525527358055115,0.4248323142528534,0.0,0.0,2271,none,B1,sac_her_pickandplace_clean_2M
sac_her,action_clipping,2,0.3,-27.0,1.0,0.0144980874344642,150,0.4525527358055115,0.4248323142528534,0.0,0.0,2272,none,B1,sac_her_pickandplace_clean_2M
sac_her,action_clipping,2,0.3,-27.0,1.0,0.0144980874344642,150,0.4525527358055115,0.4248323142528534,0.0,0.0,2273,none,B1,sac_her_pickandplace_clean_2M
sac_her,action_clipping,2,0.3,-27.0,1.0,0.0144980874344642,150,0.4525527358055115,0.4248323142528534,0.0,0.0,2274,none,B1,sac_her_pickandplace_clean_2M
sac_her,action_clipping,2,0.3,-27.0,1.0,0.0144980874344642,150,0.4525527358055115,0.4248323142528534,0.0,0.0,2275,none,B1,sac_her_pickandplace_clean_2M
sac_her,action_clipping,2,0.3,-27.0,1.0,0.0144980874344642,150,0.4525527358055115,0.4248323142528534,0.0,0.0,2276,none,B1,sac_her_pickandplace_clean_2M
sac_her,action_clipping,2,0.3,-27.0,1.0,0.0144980874344642,150,0.4525527358055115,0.4248323142528534,0.0,0.0,2277,none,B1,sac_her_pickandplace_clean_2M
sac_her,action_clipping,2,0.3,-27.0,1.0,0.0144980874344642,150,0.4525527358055115,0.4248323142528534,0.0,0.0,2278,none,B1,sac_her_pickandplace_clean_2M
sac_her,action_clipping,2,0.3,-27.0,1.0,0.0144980874344642,150,0.4525527358055115,0.4248323142528534,0.0,0.0,2279,none,B1,sac_her_pickandplace_clean_2M
sac_her_recovery_v2,action_clipping,2,0.3,-28.0,1.0,0.0188481095764627,150,0.0719817951321601,0.3578871488571167,0.0,1.0,2280,v2,B2,sac_her_pickandplace_clean_2M
sac_her_recovery_v2,action_clipping,2,0.3,-28.0,1.0,0.0188481095764627,150,0.0719817951321601,0.3578871488571167,0.0,1.0,2281,v2,B2,sac_her_pickandplace_clean_2M
sac_her_recovery_v2,action_clipping,2,0.3,-28.0,1.0,0.0188481095764627,150,0.0719817951321601,0.3578871488571167,0.0,1.0,2282,v2,B2,sac_her_pickandplace_clean_2M
sac_her_recovery_v2,action_clipping,2,0.3,-28.0,1.0,0.0188481095764627,150,0.0719817951321601,0.3578871488571167,0.0,1.0,2283,v2,B2,sac_her_pickandplace_clean_2M
sac_her_recovery_v2,action_clipping,2,0.3,-28.0,1.0,0.0188481095764627,150,0.0719817951321601,0.3578871488571167,0.0,1.0,2284,v2,B2,sac_her_pickandplace_clean_2M
sac_her_recovery_v2,action_clipping,2,0.3,-28.0,1.0,0.0188481095764627,150,0.0719817951321601,0.3578871488571167,0.0,1.0,2285,v2,B2,sac_her_pickandplace_clean_2M
sac_her_recovery_v2,action_clipping,2,0.3,-28.0,1.0,0.0188481095764627,150,0.0719817951321601,0.3578871488571167,0.0,1.0,2286,v2,B2,sac_her_pickandplace_clean_2M
sac_her_recovery_v2,action_clipping,2,0.3,-28.0,1.0,0.0188481095764627,150,0.0719817951321601,0.3578871488571167,0.0,1.0,2287,v2,B2,sac_her_pickandplace_clean_2M
sac_her_recovery_v2,action_clipping,2,0.3,-28.0,1.0,0.0188481095764627,150,0.0719817951321601,0.3578871488571167,0.0,1.0,2288,v2,B2,sac_her_pickandplace_clean_2M
sac_her_recovery_v2,action_clipping,2,0.3,-28.0,1.0,0.0188481095764627,150,0.0719817951321601,0.3578871488571167,0.0,1.0,2289,v2,B2,sac_her_pickandplace_clean_2M
sac_her_recovery_v2,action_clipping,2,0.3,-28.0,1.0,0.0188481095764627,150,0.0719817951321601,0.3578871488571167,0.0,1.0,2290,v2,B2,sac_her_pickandplace_clean_2M
sac_her_recovery_v2,action_clipping,2,0.3,-28.0,1.0,0.0188481095764627,150,0.0719817951321601,0.3578871488571167,0.0,1.0,2291,v2,B2,sac_her_pickandplace_clean_2M
sac_her_recovery_v2,action_clipping,2,0.3,-28.0,1.0,0.0188481095764627,150,0.0719817951321601,0.3578871488571167,0.0,1.0,2292,v2,B2,sac_her_pickandplace_clean_2M
sac_her_recovery_v2,action_clipping,2,0.3,-28.0,1.0,0.0188481095764627,150,0.0719817951321601,0.3578871488571167,0.0,1.0,2293,v2,B2,sac_her_pickandplace_clean_2M
sac_her_recovery_v2,action_clipping,2,0.3,-28.0,1.0,0.0188481095764627,150,0.0719817951321601,0.3578871488571167,0.0,1.0,2294,v2,B2,sac_her_pickandplace_clean_2M
sac_her_recovery_v2,action_clipping,2,0.3,-28.0,1.0,0.0188481095764627,150,0.0719817951321601,0.3578871488571167,0.0,1.0,2295,v2,B2,sac_her_pickandplace_clean_2M
sac_her_recovery_v2,action_clipping,2,0.3,-28.0,1.0,0.0188481095764627,150,0.0719817951321601,0.3578871488571167,0.0,1.0,2296,v2,B2,sac_her_pickandplace_clean_2M
sac_her_recovery_v2,action_clipping,2,0.3,-28.0,1.0,0.0188481095764627,150,0.0719817951321601,0.3578871488571167,0.0,1.0,2297,v2,B2,sac_her_pickandplace_clean_2M
sac_her_recovery_v2,action_clipping,2,0.3,-28.0,1.0,0.0188481095764627,150,0.0719817951321601,0.3578871488571167,0.0,1.0,2298,v2,B2,sac_her_pickandplace_clean_2M
sac_her_recovery_v2,action_clipping,2,0.3,-28.0,1.0,0.0188481095764627,150,0.0719817951321601,0.3578871488571167,0.0,1.0,2299,v2,B2,sac_her_pickandplace_clean_2M
sac_her_recovery_v2,action_clipping,2,0.3,-28.0,1.0,0.0188481095764627,150,0.0719817951321601,0.3578871488571167,0.0,1.0,2300,v2,B2,sac_her_pickandplace_clean_2M
sac_her_recovery_v2,action_clipping,2,0.3,-28.0,1.0,0.0188481095764627,150,0.0719817951321601,0.3578871488571167,0.0,1.0,2301,v2,B2,sac_her_pickandplace_clean_2M
sac_her_recovery_v2,action_clipping,2,0.3,-28.0,1.0,0.0188481095764627,150,0.0719817951321601,0.3578871488571167,0.0,1.0,2302,v2,B2,sac_her_pickandplace_clean_2M
sac_her_recovery_v2,action_clipping,2,0.3,-28.0,1.0,0.0188481095764627,150,0.0719817951321601,0.3578871488571167,0.0,1.0,2303,v2,B2,sac_her_pickandplace_clean_2M
sac_her_recovery_v2,action_clipping,2,0.3,-28.0,1.0,0.0188481095764627,150,0.0719817951321601,0.3578871488571167,0.0,1.0,2304,v2,B2,sac_her_pickandplace_clean_2M
sac_her_recovery_v2,action_clipping,2,0.3,-28.0,1.0,0.0188481095764627,150,0.0719817951321601,0.3578871488571167,0.0,1.0,2305,v2,B2,sac_her_pickandplace_clean_2M
sac_her_recovery_v2,action_clipping,2,0.3,-28.0,1.0,0.0188481095764627,150,0.0719817951321601,0.3578871488571167,0.0,1.0,2306,v2,B2,sac_her_pickandplace_clean_2M
sac_her_recovery_v2,action_clipping,2,0.3,-28.0,1.0,0.0188481095764627,150,0.0719817951321601,0.3578871488571167,0.0,1.0,2307,v2,B2,sac_her_pickandplace_clean_2M
sac_her_recovery_v2,action_clipping,2,0.3,-28.0,1.0,0.0188481095764627,150,0.0719817951321601,0.3578871488571167,0.0,1.0,2308,v2,B2,sac_her_pickandplace_clean_2M
sac_her_recovery_v2,action_clipping,2,0.3,-28.0,1.0,0.0188481095764627,150,0.0719817951321601,0.3578871488571167,0.0,1.0,2309,v2,B2,sac_her_pickandplace_clean_2M
sac_her_recovery_v3,action_clipping,2,0.3,-58.0,1.0,0.0138857746211146,150,0.1564336419105529,0.4104610681533813,0.0,1.0,2310,v3,B3,sac_her_pickandplace_clean_2M
sac_her_recovery_v3,action_clipping,2,0.3,-58.0,1.0,0.0138857746211146,150,0.1564336419105529,0.4104610681533813,0.0,1.0,2311,v3,B3,sac_her_pickandplace_clean_2M
sac_her_recovery_v3,action_clipping,2,0.3,-58.0,1.0,0.0138857746211146,150,0.1564336419105529,0.4104610681533813,0.0,1.0,2312,v3,B3,sac_her_pickandplace_clean_2M
sac_her_recovery_v3,action_clipping,2,0.3,-58.0,1.0,0.0138857746211146,150,0.1564336419105529,0.4104610681533813,0.0,1.0,2313,v3,B3,sac_her_pickandplace_clean_2M
sac_her_recovery_v3,action_clipping,2,0.3,-58.0,1.0,0.0138857746211146,150,0.1564336419105529,0.4104610681533813,0.0,1.0,2314,v3,B3,sac_her_pickandplace_clean_2M
sac_her_recovery_v3,action_clipping,2,0.3,-58.0,1.0,0.0138857746211146,150,0.1564336419105529,0.4104610681533813,0.0,1.0,2315,v3,B3,sac_her_pickandplace_clean_2M
sac_her_recovery_v3,action_clipping,2,0.3,-58.0,1.0,0.0138857746211146,150,0.1564336419105529,0.4104610681533813,0.0,1.0,2316,v3,B3,sac_her_pickandplace_clean_2M
sac_her_recovery_v3,action_clipping,2,0.3,-58.0,1.0,0.0138857746211146,150,0.1564336419105529,0.4104610681533813,0.0,1.0,2317,v3,B3,sac_her_pickandplace_clean_2M
sac_her_recovery_v3,action_clipping,2,0.3,-58.0,1.0,0.0138857746211146,150,0.1564336419105529,0.4104610681533813,0.0,1.0,2318,v3,B3,sac_her_pickandplace_clean_2M
sac_her_recovery_v3,action_clipping,2,0.3,-58.0,1.0,0.0138857746211146,150,0.1564336419105529,0.4104610681533813,0.0,1.0,2319,v3,B3,sac_her_pickandplace_clean_2M
sac_her_recovery_v3,action_clipping,2,0.3,-58.0,1.0,0.0138857746211146,150,0.1564336419105529,0.4104610681533813,0.0,1.0,2320,v3,B3,sac_her_pickandplace_clean_2M
sac_her_recovery_v3,action_clipping,2,0.3,-58.0,1.0,0.0138857746211146,150,0.1564336419105529,0.4104610681533813,0.0,1.0,2321,v3,B3,sac_her_pickandplace_clean_2M
sac_her_recovery_v3,action_clipping,2,0.3,-58.0,1.0,0.0138857746211146,150,0.1564336419105529,0.4104610681533813,0.0,1.0,2322,v3,B3,sac_her_pickandplace_clean_2M
sac_her_recovery_v3,action_clipping,2,0.3,-58.0,1.0,0.0138857746211146,150,0.1564336419105529,0.4104610681533813,0.0,1.0,2323,v3,B3,sac_her_pickandplace_clean_2M
sac_her_recovery_v3,action_clipping,2,0.3,-58.0,1.0,0.0138857746211146,150,0.1564336419105529,0.4104610681533813,0.0,1.0,2324,v3,B3,sac_her_pickandplace_clean_2M
sac_her_recovery_v3,action_clipping,2,0.3,-58.0,1.0,0.0138857746211146,150,0.1564336419105529,0.4104610681533813,0.0,1.0,2325,v3,B3,sac_her_pickandplace_clean_2M
sac_her_recovery_v3,action_clipping,2,0.3,-58.0,1.0,0.0138857746211146,150,0.1564336419105529,0.4104610681533813,0.0,1.0,2326,v3,B3,sac_her_pickandplace_clean_2M
sac_her_recovery_v3,action_clipping,2,0.3,-58.0,1.0,0.0138857746211146,150,0.1564336419105529,0.4104610681533813,0.0,1.0,2327,v3,B3,sac_her_pickandplace_clean_2M
sac_her_recovery_v3,action_clipping,2,0.3,-58.0,1.0,0.0138857746211146,150,0.1564336419105529,0.4104610681533813,0.0,1.0,2328,v3,B3,sac_her_pickandplace_clean_2M
sac_her_recovery_v3,action_clipping,2,0.3,-58.0,1.0,0.0138857746211146,150,0.1564336419105529,0.4104610681533813,0.0,1.0,2329,v3,B3,sac_her_pickandplace_clean_2M
sac_her_recovery_v3,action_clipping,2,0.3,-58.0,1.0,0.0138857746211146,150,0.1564336419105529,0.4104610681533813,0.0,1.0,2330,v3,B3,sac_her_pickandplace_clean_2M
sac_her_recovery_v3,action_clipping,2,0.3,-58.0,1.0,0.0138857746211146,150,0.1564336419105529,0.4104610681533813,0.0,1.0,2331,v3,B3,sac_her_pickandplace_clean_2M
sac_her_recovery_v3,action_clipping,2,0.3,-58.0,1.0,0.0138857746211146,150,0.1564336419105529,0.4104610681533813,0.0,1.0,2332,v3,B3,sac_her_pickandplace_clean_2M
sac_her_recovery_v3,action_clipping,2,0.3,-58.0,1.0,0.0138857746211146,150,0.1564336419105529,0.4104610681533813,0.0,1.0,2333,v3,B3,sac_her_pickandplace_clean_2M
sac_her_recovery_v3,action_clipping,2,0.3,-58.0,1.0,0.0138857746211146,150,0.1564336419105529,0.4104610681533813,0.0,1.0,2334,v3,B3,sac_her_pickandplace_clean_2M
sac_her_recovery_v3,action_clipping,2,0.3,-58.0,1.0,0.0138857746211146,150,0.1564336419105529,0.4104610681533813,0.0,1.0,2335,v3,B3,sac_her_pickandplace_clean_2M
sac_her_recovery_v3,action_clipping,2,0.3,-58.0,1.0,0.0138857746211146,150,0.1564336419105529,0.4104610681533813,0.0,1.0,2336,v3,B3,sac_her_pickandplace_clean_2M
sac_her_recovery_v3,action_clipping,2,0.3,-58.0,1.0,0.0138857746211146,150,0.1564336419105529,0.4104610681533813,0.0,1.0,2337,v3,B3,sac_her_pickandplace_clean_2M
sac_her_recovery_v3,action_clipping,2,0.3,-58.0,1.0,0.0138857746211146,150,0.1564336419105529,0.4104610681533813,0.0,1.0,2338,v3,B3,sac_her_pickandplace_clean_2M
sac_her_recovery_v3,action_clipping,2,0.3,-58.0,1.0,0.0138857746211146,150,0.1564336419105529,0.4104610681533813,0.0,1.0,2339,v3,B3,sac_her_pickandplace_clean_2M
sac_her,action_reversal,2,0.0,-150.0,0.0,0.2364647540081676,150,0.0366990901529789,1.200093388557434,0.0,0.0,2430,none,B1,sac_her_pickandplace_clean_2M
sac_her,action_reversal,2,0.0,-150.0,0.0,0.2364647540081676,150,0.0366990901529789,1.200093388557434,0.0,0.0,2431,none,B1,sac_her_pickandplace_clean_2M
sac_her,action_reversal,2,0.0,-150.0,0.0,0.2364647540081676,150,0.0366990901529789,1.200093388557434,0.0,0.0,2432,none,B1,sac_her_pickandplace_clean_2M
sac_her,action_reversal,2,0.0,-150.0,0.0,0.2364647540081676,150,0.0366990901529789,1.200093388557434,0.0,0.0,2433,none,B1,sac_her_pickandplace_clean_2M
sac_her,action_reversal,2,0.0,-150.0,0.0,0.2364647540081676,150,0.0366990901529789,1.200093388557434,0.0,0.0,2434,none,B1,sac_her_pickandplace_clean_2M
sac_her,action_reversal,2,0.0,-150.0,0.0,0.2364647540081676,150,0.0366990901529789,1.200093388557434,0.0,0.0,2435,none,B1,sac_her_pickandplace_clean_2M
sac_her,action_reversal,2,0.0,-150.0,0.0,0.2364647540081676,150,0.0366990901529789,1.200093388557434,0.0,0.0,2436,none,B1,sac_her_pickandplace_clean_2M
sac_her,action_reversal,2,0.0,-150.0,0.0,0.2364647540081676,150,0.0366990901529789,1.200093388557434,0.0,0.0,2437,none,B1,sac_her_pickandplace_clean_2M
sac_her,action_reversal,2,0.0,-150.0,0.0,0.2364647540081676,150,0.0366990901529789,1.200093388557434,0.0,0.0,2438,none,B1,sac_her_pickandplace_clean_2M
sac_her,action_reversal,2,0.0,-150.0,0.0,0.2364647540081676,150,0.0366990901529789,1.200093388557434,0.0,0.0,2439,none,B1,sac_her_pickandplace_clean_2M
sac_her,action_reversal,2,0.0,-150.0,0.0,0.2364647540081676,150,0.0366990901529789,1.200093388557434,0.0,0.0,2440,none,B1,sac_her_pickandplace_clean_2M
sac_her,action_reversal,2,0.0,-150.0,0.0,0.2364647540081676,150,0.0366990901529789,1.200093388557434,0.0,0.0,2441,none,B1,sac_her_pickandplace_clean_2M
sac_her,action_reversal,2,0.0,-150.0,0.0,0.2364647540081676,150,0.0366990901529789,1.200093388557434,0.0,0.0,2442,none,B1,sac_her_pickandplace_clean_2M
sac_her,action_reversal,2,0.0,-150.0,0.0,0.2364647540081676,150,0.0366990901529789,1.200093388557434,0.0,0.0,2443,none,B1,sac_her_pickandplace_clean_2M
sac_her,action_reversal,2,0.0,-150.0,0.0,0.2364647540081676,150,0.0366990901529789,1.200093388557434,0.0,0.0,2444,none,B1,sac_her_pickandplace_clean_2M
sac_her,action_reversal,2,0.0,-150.0,0.0,0.2364647540081676,150,0.0366990901529789,1.200093388557434,0.0,0.0,2445,none,B1,sac_her_pickandplace_clean_2M
sac_her,action_reversal,2,0.0,-150.0,0.0,0.2364647540081676,150,0.0366990901529789,1.200093388557434,0.0,0.0,2446,none,B1,sac_her_pickandplace_clean_2M
sac_her,action_reversal,2,0.0,-150.0,0.0,0.2364647540081676,150,0.0366990901529789,1.200093388557434,0.0,0.0,2447,none,B1,sac_her_pickandplace_clean_2M
sac_her,action_reversal,2,0.0,-150.0,0.0,0.2364647540081676,150,0.0366990901529789,1.200093388557434,0.0,0.0,2448,none,B1,sac_her_pickandplace_clean_2M
sac_her,action_reversal,2,0.0,-150.0,0.0,0.2364647540081676,150,0.0366990901529789,1.200093388557434,0.0,0.0,2449,none,B1,sac_her_pickandplace_clean_2M
sac_her,action_reversal,2,0.0,-150.0,0.0,0.2364647540081676,150,0.0366990901529789,1.200093388557434,0.0,0.0,2450,none,B1,sac_her_pickandplace_clean_2M
sac_her,action_reversal,2,0.0,-150.0,0.0,0.2364647540081676,150,0.0366990901529789,1.200093388557434,0.0,0.0,2451,none,B1,sac_her_pickandplace_clean_2M
sac_her,action_reversal,2,0.0,-150.0,0.0,0.2364647540081676,150,0.0366990901529789,1.200093388557434,0.0,0.0,2452,none,B1,sac_her_pickandplace_clean_2M
sac_her,action_reversal,2,0.0,-150.0,0.0,0.2364647540081676,150,0.0366990901529789,1.200093388557434,0.0,0.0,2453,none,B1,sac_her_pickandplace_clean_2M
sac_her,action_reversal,2,0.0,-150.0,0.0,0.2364647540081676,150,0.0366990901529789,1.200093388557434,0.0,0.0,2454,none,B1,sac_her_pickandplace_clean_2M
sac_her,action_reversal,2,0.0,-150.0,0.0,0.2364647540081676,150,0.0366990901529789,1.200093388557434,0.0,0.0,2455,none,B1,sac_her_pickandplace_clean_2M
sac_her,action_reversal,2,0.0,-150.0,0.0,0.2364647540081676,150,0.0366990901529789,1.200093388557434,0.0,0.0,2456,none,B1,sac_her_pickandplace_clean_2M
sac_her,action_reversal,2,0.0,-150.0,0.0,0.2364647540081676,150,0.0366990901529789,1.200093388557434,0.0,0.0,2457,none,B1,sac_her_pickandplace_clean_2M
sac_her,action_reversal,2,0.0,-150.0,0.0,0.2364647540081676,150,0.0366990901529789,1.200093388557434,0.0,0.0,2458,none,B1,sac_her_pickandplace_clean_2M
sac_her,action_reversal,2,0.0,-150.0,0.0,0.2364647540081676,150,0.0366990901529789,1.200093388557434,0.0,0.0,2459,none,B1,sac_her_pickandplace_clean_2M
sac_her_recovery_v2,action_reversal,2,0.0,-150.0,0.0,0.2364647540081676,150,0.0608159340918064,1.218225359916687,0.0,1.0,2460,v2,B2,sac_her_pickandplace_clean_2M
sac_her_recovery_v2,action_reversal,2,0.0,-150.0,0.0,0.2364647540081676,150,0.0608159340918064,1.218225359916687,0.0,1.0,2461,v2,B2,sac_her_pickandplace_clean_2M
sac_her_recovery_v2,action_reversal,2,0.0,-150.0,0.0,0.2364647540081676,150,0.0608159340918064,1.218225359916687,0.0,1.0,2462,v2,B2,sac_her_pickandplace_clean_2M
sac_her_recovery_v2,action_reversal,2,0.0,-150.0,0.0,0.2364647540081676,150,0.0608159340918064,1.218225359916687,0.0,1.0,2463,v2,B2,sac_her_pickandplace_clean_2M
sac_her_recovery_v2,action_reversal,2,0.0,-150.0,0.0,0.2364647540081676,150,0.0608159340918064,1.218225359916687,0.0,1.0,2464,v2,B2,sac_her_pickandplace_clean_2M
sac_her_recovery_v2,action_reversal,2,0.0,-150.0,0.0,0.2364647540081676,150,0.0608159340918064,1.218225359916687,0.0,1.0,2465,v2,B2,sac_her_pickandplace_clean_2M
sac_her_recovery_v2,action_reversal,2,0.0,-150.0,0.0,0.2364647540081676,150,0.0608159340918064,1.218225359916687,0.0,1.0,2466,v2,B2,sac_her_pickandplace_clean_2M
sac_her_recovery_v2,action_reversal,2,0.0,-150.0,0.0,0.2364647540081676,150,0.0608159340918064,1.218225359916687,0.0,1.0,2467,v2,B2,sac_her_pickandplace_clean_2M
sac_her_recovery_v2,action_reversal,2,0.0,-150.0,0.0,0.2364647540081676,150,0.0608159340918064,1.218225359916687,0.0,1.0,2468,v2,B2,sac_her_pickandplace_clean_2M
sac_her_recovery_v2,action_reversal,2,0.0,-150.0,0.0,0.2364647540081676,150,0.0608159340918064,1.218225359916687,0.0,1.0,2469,v2,B2,sac_her_pickandplace_clean_2M
sac_her_recovery_v2,action_reversal,2,0.0,-150.0,0.0,0.2364647540081676,150,0.0608159340918064,1.218225359916687,0.0,1.0,2470,v2,B2,sac_her_pickandplace_clean_2M
sac_her_recovery_v2,action_reversal,2,0.0,-150.0,0.0,0.2364647540081676,150,0.0608159340918064,1.218225359916687,0.0,1.0,2471,v2,B2,sac_her_pickandplace_clean_2M
sac_her_recovery_v2,action_reversal,2,0.0,-150.0,0.0,0.2364647540081676,150,0.0608159340918064,1.218225359916687,0.0,1.0,2472,v2,B2,sac_her_pickandplace_clean_2M
sac_her_recovery_v2,action_reversal,2,0.0,-150.0,0.0,0.2364647540081676,150,0.0608159340918064,1.218225359916687,0.0,1.0,2473,v2,B2,sac_her_pickandplace_clean_2M
sac_her_recovery_v2,action_reversal,2,0.0,-150.0,0.0,0.2364647540081676,150,0.0608159340918064,1.218225359916687,0.0,1.0,2474,v2,B2,sac_her_pickandplace_clean_2M
sac_her_recovery_v2,action_reversal,2,0.0,-150.0,0.0,0.2364647540081676,150,0.0608159340918064,1.218225359916687,0.0,1.0,2475,v2,B2,sac_her_pickandplace_clean_2M
sac_her_recovery_v2,action_reversal,2,0.0,-150.0,0.0,0.2364647540081676,150,0.0608159340918064,1.218225359916687,0.0,1.0,2476,v2,B2,sac_her_pickandplace_clean_2M
sac_her_recovery_v2,action_reversal,2,0.0,-150.0,0.0,0.2364647540081676,150,0.0608159340918064,1.218225359916687,0.0,1.0,2477,v2,B2,sac_her_pickandplace_clean_2M
sac_her_recovery_v2,action_reversal,2,0.0,-150.0,0.0,0.2364647540081676,150,0.0608159340918064,1.218225359916687,0.0,1.0,2478,v2,B2,sac_her_pickandplace_clean_2M
sac_her_recovery_v2,action_reversal,2,0.0,-150.0,0.0,0.2364647540081676,150,0.0608159340918064,1.218225359916687,0.0,1.0,2479,v2,B2,sac_her_pickandplace_clean_2M
sac_her_recovery_v2,action_reversal,2,0.0,-150.0,0.0,0.2364647540081676,150,0.0608159340918064,1.218225359916687,0.0,1.0,2480,v2,B2,sac_her_pickandplace_clean_2M
sac_her_recovery_v2,action_reversal,2,0.0,-150.0,0.0,0.2364647540081676,150,0.0608159340918064,1.218225359916687,0.0,1.0,2481,v2,B2,sac_her_pickandplace_clean_2M
sac_her_recovery_v2,action_reversal,2,0.0,-150.0,0.0,0.2364647540081676,150,0.0608159340918064,1.218225359916687,0.0,1.0,2482,v2,B2,sac_her_pickandplace_clean_2M
sac_her_recovery_v2,action_reversal,2,0.0,-150.0,0.0,0.2364647540081676,150,0.0608159340918064,1.218225359916687,0.0,1.0,2483,v2,B2,sac_her_pickandplace_clean_2M
sac_her_recovery_v2,action_reversal,2,0.0,-150.0,0.0,0.2364647540081676,150,0.0608159340918064,1.218225359916687,0.0,1.0,2484,v2,B2,sac_her_pickandplace_clean_2M
sac_her_recovery_v2,action_reversal,2,0.0,-150.0,0.0,0.2364647540081676,150,0.0608159340918064,1.218225359916687,0.0,1.0,2485,v2,B2,sac_her_pickandplace_clean_2M
sac_her_recovery_v2,action_reversal,2,0.0,-150.0,0.0,0.2364647540081676,150,0.0608159340918064,1.218225359916687,0.0,1.0,2486,v2,B2,sac_her_pickandplace_clean_2M
sac_her_recovery_v2,action_reversal,2,0.0,-150.0,0.0,0.2364647540081676,150,0.0608159340918064,1.218225359916687,0.0,1.0,2487,v2,B2,sac_her_pickandplace_clean_2M
sac_her_recovery_v2,action_reversal,2,0.0,-150.0,0.0,0.2364647540081676,150,0.0608159340918064,1.218225359916687,0.0,1.0,2488,v2,B2,sac_her_pickandplace_clean_2M
sac_her_recovery_v2,action_reversal,2,0.0,-150.0,0.0,0.2364647540081676,150,0.0608159340918064,1.218225359916687,0.0,1.0,2489,v2,B2,sac_her_pickandplace_clean_2M
sac_her_recovery_v3,action_reversal,2,0.0,-150.0,0.0,0.2364647540081676,150,0.0537797808647155,1.1802219152450562,0.0,1.0,2490,v3,B3,sac_her_pickandplace_clean_2M
sac_her_recovery_v3,action_reversal,2,0.0,-150.0,0.0,0.2364647540081676,150,0.0537797808647155,1.1802219152450562,0.0,1.0,2491,v3,B3,sac_her_pickandplace_clean_2M
sac_her_recovery_v3,action_reversal,2,0.0,-150.0,0.0,0.2364647540081676,150,0.0537797808647155,1.1802219152450562,0.0,1.0,2492,v3,B3,sac_her_pickandplace_clean_2M
sac_her_recovery_v3,action_reversal,2,0.0,-150.0,0.0,0.2364647540081676,150,0.0537797808647155,1.1802219152450562,0.0,1.0,2493,v3,B3,sac_her_pickandplace_clean_2M
sac_her_recovery_v3,action_reversal,2,0.0,-150.0,0.0,0.2364647540081676,150,0.0537797808647155,1.1802219152450562,0.0,1.0,2494,v3,B3,sac_her_pickandplace_clean_2M
sac_her_recovery_v3,action_reversal,2,0.0,-150.0,0.0,0.2364647540081676,150,0.0537797808647155,1.1802219152450562,0.0,1.0,2495,v3,B3,sac_her_pickandplace_clean_2M
sac_her_recovery_v3,action_reversal,2,0.0,-150.0,0.0,0.2364647540081676,150,0.0537797808647155,1.1802219152450562,0.0,1.0,2496,v3,B3,sac_her_pickandplace_clean_2M
sac_her_recovery_v3,action_reversal,2,0.0,-150.0,0.0,0.2364647540081676,150,0.0537797808647155,1.1802219152450562,0.0,1.0,2497,v3,B3,sac_her_pickandplace_clean_2M
sac_her_recovery_v3,action_reversal,2,0.0,-150.0,0.0,0.2364647540081676,150,0.0537797808647155,1.1802219152450562,0.0,1.0,2498,v3,B3,sac_her_pickandplace_clean_2M
sac_her_recovery_v3,action_reversal,2,0.0,-150.0,0.0,0.2364647540081676,150,0.0537797808647155,1.1802219152450562,0.0,1.0,2499,v3,B3,sac_her_pickandplace_clean_2M
sac_her_recovery_v3,action_reversal,2,0.0,-150.0,0.0,0.2364647540081676,150,0.0537797808647155,1.1802219152450562,0.0,1.0,2500,v3,B3,sac_her_pickandplace_clean_2M
sac_her_recovery_v3,action_reversal,2,0.0,-150.0,0.0,0.2364647540081676,150,0.0537797808647155,1.1802219152450562,0.0,1.0,2501,v3,B3,sac_her_pickandplace_clean_2M
sac_her_recovery_v3,action_reversal,2,0.0,-150.0,0.0,0.2364647540081676,150,0.0537797808647155,1.1802219152450562,0.0,1.0,2502,v3,B3,sac_her_pickandplace_clean_2M
sac_her_recovery_v3,action_reversal,2,0.0,-150.0,0.0,0.2364647540081676,150,0.0537797808647155,1.1802219152450562,0.0,1.0,2503,v3,B3,sac_her_pickandplace_clean_2M
sac_her_recovery_v3,action_reversal,2,0.0,-150.0,0.0,0.2364647540081676,150,0.0537797808647155,1.1802219152450562,0.0,1.0,2504,v3,B3,sac_her_pickandplace_clean_2M
sac_her_recovery_v3,action_reversal,2,0.0,-150.0,0.0,0.2364647540081676,150,0.0537797808647155,1.1802219152450562,0.0,1.0,2505,v3,B3,sac_her_pickandplace_clean_2M
sac_her_recovery_v3,action_reversal,2,0.0,-150.0,0.0,0.2364647540081676,150,0.0537797808647155,1.1802219152450562,0.0,1.0,2506,v3,B3,sac_her_pickandplace_clean_2M
sac_her_recovery_v3,action_reversal,2,0.0,-150.0,0.0,0.2364647540081676,150,0.0537797808647155,1.1802219152450562,0.0,1.0,2507,v3,B3,sac_her_pickandplace_clean_2M
sac_her_recovery_v3,action_reversal,2,0.0,-150.0,0.0,0.2364647540081676,150,0.0537797808647155,1.1802219152450562,0.0,1.0,2508,v3,B3,sac_her_pickandplace_clean_2M
sac_her_recovery_v3,action_reversal,2,0.0,-150.0,0.0,0.2364647540081676,150,0.0537797808647155,1.1802219152450562,0.0,1.0,2509,v3,B3,sac_her_pickandplace_clean_2M
sac_her_recovery_v3,action_reversal,2,0.0,-150.0,0.0,0.2364647540081676,150,0.0537797808647155,1.1802219152450562,0.0,1.0,2510,v3,B3,sac_her_pickandplace_clean_2M
sac_her_recovery_v3,action_reversal,2,0.0,-150.0,0.0,0.2364647540081676,150,0.0537797808647155,1.1802219152450562,0.0,1.0,2511,v3,B3,sac_her_pickandplace_clean_2M
sac_her_recovery_v3,action_reversal,2,0.0,-150.0,0.0,0.2364647540081676,150,0.0537797808647155,1.1802219152450562,0.0,1.0,2512,v3,B3,sac_her_pickandplace_clean_2M
sac_her_recovery_v3,action_reversal,2,0.0,-150.0,0.0,0.2364647540081676,150,0.0537797808647155,1.1802219152450562,0.0,1.0,2513,v3,B3,sac_her_pickandplace_clean_2M
sac_her_recovery_v3,action_reversal,2,0.0,-150.0,0.0,0.2364647540081676,150,0.0537797808647155,1.1802219152450562,0.0,1.0,2514,v3,B3,sac_her_pickandplace_clean_2M
sac_her_recovery_v3,action_reversal,2,0.0,-150.0,0.0,0.2364647540081676,150,0.0537797808647155,1.1802219152450562,0.0,1.0,2515,v3,B3,sac_her_pickandplace_clean_2M
sac_her_recovery_v3,action_reversal,2,0.0,-150.0,0.0,0.2364647540081676,150,0.0537797808647155,1.1802219152450562,0.0,1.0,2516,v3,B3,sac_her_pickandplace_clean_2M
sac_her_recovery_v3,action_reversal,2,0.0,-150.0,0.0,0.2364647540081676,150,0.0537797808647155,1.1802219152450562,0.0,1.0,2517,v3,B3,sac_her_pickandplace_clean_2M
sac_her_recovery_v3,action_reversal,2,0.0,-150.0,0.0,0.2364647540081676,150,0.0537797808647155,1.1802219152450562,0.0,1.0,2518,v3,B3,sac_her_pickandplace_clean_2M
sac_her_recovery_v3,action_reversal,2,0.0,-150.0,0.0,0.2364647540081676,150,0.0537797808647155,1.1802219152450562,0.0,1.0,2519,v3,B3,sac_her_pickandplace_clean_2M
sac_her,goal_spoof_immediate,2,0.1,-150.0,0.0,0.0712207007732068,150,1.5143163204193115,1.289626955986023,0.0,0.0,2520,none,B1,sac_her_pickandplace_clean_2M
sac_her,goal_spoof_immediate,2,0.1,-150.0,0.0,0.0684927577455363,150,0.063248723745346,1.0239113569259644,0.0,0.0,2521,none,B1,sac_her_pickandplace_clean_2M
sac_her,goal_spoof_immediate,2,0.1,-150.0,0.0,0.0999839453062344,150,1.284755825996399,1.2278931140899658,0.0,0.0,2522,none,B1,sac_her_pickandplace_clean_2M
sac_her,goal_spoof_immediate,2,0.1,-150.0,0.0,0.1018404338808386,150,1.447846293449402,1.2503236532211304,0.0,0.0,2523,none,B1,sac_her_pickandplace_clean_2M
sac_her,goal_spoof_immediate,2,0.1,-150.0,0.0,0.0719058555476932,150,0.0767486840486526,1.032658934593201,0.0,0.0,2524,none,B1,sac_her_pickandplace_clean_2M
sac_her,goal_spoof_immediate,2,0.1,-150.0,0.0,0.1130297488013005,150,0.0540496595203876,1.0381417274475098,0.0,0.0,2525,none,B1,sac_her_pickandplace_clean_2M
sac_her,goal_spoof_immediate,2,0.1,-147.0,0.0,0.0848994413886065,150,0.0627442151308059,1.0348671674728394,0.0,0.0,2526,none,B1,sac_her_pickandplace_clean_2M
sac_her,goal_spoof_immediate,2,0.1,-149.0,0.0,0.1259005901328303,150,0.0611039474606514,1.0467324256896973,0.0,0.0,2527,none,B1,sac_her_pickandplace_clean_2M
sac_her,goal_spoof_immediate,2,0.1,-150.0,0.0,0.1183254260564254,150,0.0668858811259269,1.0215394496917725,0.0,0.0,2528,none,B1,sac_her_pickandplace_clean_2M
sac_her,goal_spoof_immediate,2,0.1,-150.0,0.0,0.1076659539395616,150,1.2611961364746094,1.2182635068893433,0.0,0.0,2529,none,B1,sac_her_pickandplace_clean_2M
sac_her,goal_spoof_immediate,2,0.1,-150.0,0.0,0.1504143268612655,150,0.0639997497200965,1.035372257232666,0.0,0.0,2530,none,B1,sac_her_pickandplace_clean_2M
sac_her,goal_spoof_immediate,2,0.1,-150.0,0.0,0.0759612647150809,150,0.06076205894351,1.0201373100280762,0.0,0.0,2531,none,B1,sac_her_pickandplace_clean_2M
sac_her,goal_spoof_immediate,2,0.1,-150.0,0.0,0.0737655023778088,150,1.345684051513672,1.2356514930725098,0.0,0.0,2532,none,B1,sac_her_pickandplace_clean_2M
sac_her,goal_spoof_immediate,2,0.1,-150.0,0.0,0.0730783348283464,150,1.499274969100952,1.2767671346664429,0.0,0.0,2533,none,B1,sac_her_pickandplace_clean_2M
sac_her,goal_spoof_immediate,2,0.1,-150.0,0.0,0.1071610149318759,150,0.0694261938333511,1.0313501358032229,0.0,0.0,2534,none,B1,sac_her_pickandplace_clean_2M
sac_her,goal_spoof_immediate,2,0.1,-150.0,0.0,0.090985831228033,150,0.0603734478354454,1.0338506698608398,0.0,0.0,2535,none,B1,sac_her_pickandplace_clean_2M
sac_her,goal_spoof_immediate,2,0.1,-150.0,0.0,0.109934714459249,150,0.0700011849403381,1.0233441591262815,0.0,0.0,2536,none,B1,sac_her_pickandplace_clean_2M
sac_her,goal_spoof_immediate,2,0.1,-150.0,0.0,0.098153109502943,150,0.0664664208889007,1.032860517501831,0.0,0.0,2537,none,B1,sac_her_pickandplace_clean_2M
sac_her,goal_spoof_immediate,2,0.1,-149.0,0.0,0.1007373305911603,150,0.516925573348999,1.067595362663269,0.0,0.0,2538,none,B1,sac_her_pickandplace_clean_2M
sac_her,goal_spoof_immediate,2,0.1,-150.0,0.0,0.0903174687863271,150,0.2036194503307342,1.0357164144515991,0.0,0.0,2539,none,B1,sac_her_pickandplace_clean_2M
sac_her,goal_spoof_immediate,2,0.1,-150.0,0.0,0.0574341711950101,150,1.4415388107299805,1.26466703414917,0.0,0.0,2540,none,B1,sac_her_pickandplace_clean_2M
sac_her,goal_spoof_immediate,2,0.1,-150.0,0.0,0.10871604754893,150,0.0589484982192516,1.0289874076843262,0.0,0.0,2541,none,B1,sac_her_pickandplace_clean_2M
sac_her,goal_spoof_immediate,2,0.1,-150.0,0.0,0.1116312206719133,150,0.0598970651626586,1.028085708618164,0.0,0.0,2542,none,B1,sac_her_pickandplace_clean_2M
sac_her,goal_spoof_immediate,2,0.1,-150.0,0.0,0.1039585705047758,150,0.0608063973486423,1.0302051305770874,0.0,0.0,2543,none,B1,sac_her_pickandplace_clean_2M
sac_her,goal_spoof_immediate,2,0.1,-150.0,0.0,0.1393803424072436,150,0.0697150081396102,1.0326578617095947,0.0,0.0,2544,none,B1,sac_her_pickandplace_clean_2M
sac_her,goal_spoof_immediate,2,0.1,-150.0,0.0,0.1210790720183328,150,1.380736231803894,1.2483607530593872,0.0,0.0,2545,none,B1,sac_her_pickandplace_clean_2M
sac_her,goal_spoof_immediate,2,0.1,-95.0,1.0,0.0480314816144498,150,1.2893000841140747,1.2221695184707642,0.0,0.0,2546,none,B1,sac_her_pickandplace_clean_2M
sac_her,goal_spoof_immediate,2,0.1,-150.0,0.0,0.1107506191015815,150,0.7253990173339844,1.1251503229141235,0.0,0.0,2547,none,B1,sac_her_pickandplace_clean_2M
sac_her,goal_spoof_immediate,2,0.1,-150.0,0.0,0.1241647117555934,150,1.2420644760131836,1.1667864322662354,0.0,0.0,2548,none,B1,sac_her_pickandplace_clean_2M
sac_her,goal_spoof_immediate,2,0.1,-150.0,0.0,0.1502890740044913,150,0.0654327347874641,1.033012866973877,0.0,0.0,2549,none,B1,sac_her_pickandplace_clean_2M
sac_her_recovery_v2,goal_spoof_immediate,2,0.1,-149.0,0.0,0.089768570056243,150,0.0667506232857704,1.019161820411682,0.0,0.0,2550,v2,B2,sac_her_pickandplace_clean_2M
sac_her_recovery_v2,goal_spoof_immediate,2,0.1,-148.0,0.0,0.099471131404061,150,0.0797949209809303,1.028329849243164,0.0,1.0,2551,v2,B2,sac_her_pickandplace_clean_2M
sac_her_recovery_v2,goal_spoof_immediate,2,0.1,-150.0,0.0,0.1151433371914397,150,1.58772873878479,1.2947218418121338,0.0,0.0,2552,v2,B2,sac_her_pickandplace_clean_2M
sac_her_recovery_v2,goal_spoof_immediate,2,0.1,-150.0,0.0,0.1261676067220283,150,0.0733213722705841,1.0337811708450315,0.0,1.0,2553,v2,B2,sac_her_pickandplace_clean_2M
sac_her_recovery_v2,goal_spoof_immediate,2,0.1,-150.0,0.0,0.1604143367215384,150,0.7221608757972717,1.0374497175216677,0.0,1.0,2554,v2,B2,sac_her_pickandplace_clean_2M
sac_her_recovery_v2,goal_spoof_immediate,2,0.1,-150.0,0.0,0.0939008265738616,150,1.352103590965271,1.239743709564209,0.0,0.0,2555,v2,B2,sac_her_pickandplace_clean_2M
sac_her_recovery_v2,goal_spoof_immediate,2,0.1,-150.0,0.0,0.1503304182155634,150,1.3577961921691897,1.2380815744400024,0.0,0.0,2556,v2,B2,sac_her_pickandplace_clean_2M
sac_her_recovery_v2,goal_spoof_immediate,2,0.1,-150.0,0.0,0.1583655821381587,150,1.275054931640625,1.186620831489563,0.0,1.0,2557,v2,B2,sac_her_pickandplace_clean_2M
sac_her_recovery_v2,goal_spoof_immediate,2,0.1,-150.0,0.0,0.0950843118709104,150,0.228763073682785,1.03691303730011,0.0,0.0,2558,v2,B2,sac_her_pickandplace_clean_2M
sac_her_recovery_v2,goal_spoof_immediate,2,0.1,-150.0,0.0,0.1300608226255439,150,0.1155792996287345,1.0296043157577517,0.0,1.0,2559,v2,B2,sac_her_pickandplace_clean_2M
sac_her_recovery_v2,goal_spoof_immediate,2,0.1,-150.0,0.0,0.106839205691833,150,1.1850204467773438,1.1950888633728027,0.0,0.0,2560,v2,B2,sac_her_pickandplace_clean_2M
sac_her_recovery_v2,goal_spoof_immediate,2,0.1,-150.0,0.0,0.1227759593018539,150,0.0646023005247116,1.0283998250961304,0.0,0.0,2561,v2,B2,sac_her_pickandplace_clean_2M
sac_her_recovery_v2,goal_spoof_immediate,2,0.1,-150.0,0.0,0.1051335777744268,150,0.0789471939206123,1.0286827087402344,0.0,1.0,2562,v2,B2,sac_her_pickandplace_clean_2M
sac_her_recovery_v2,goal_spoof_immediate,2,0.1,-150.0,0.0,0.1045866514227677,150,0.0638438984751701,1.0283650159835815,0.0,0.0,2563,v2,B2,sac_her_pickandplace_clean_2M
sac_her_recovery_v2,goal_spoof_immediate,2,0.1,-150.0,0.0,0.1024492069216759,150,0.0669162645936012,1.0262794494628906,0.0,0.0,2564,v2,B2,sac_her_pickandplace_clean_2M
sac_her_recovery_v2,goal_spoof_immediate,2,0.1,-150.0,0.0,0.1156069987179021,150,1.2107006311416626,1.1882448196411133,0.0,0.0,2565,v2,B2,sac_her_pickandplace_clean_2M
sac_her_recovery_v2,goal_spoof_immediate,2,0.1,-150.0,0.0,0.1074891392302264,150,1.3115381002426147,1.2177215814590454,0.0,0.0,2566,v2,B2,sac_her_pickandplace_clean_2M
sac_her_recovery_v2,goal_spoof_immediate,2,0.1,-150.0,0.0,0.1091313486256383,150,0.0644372552633285,1.022246241569519,0.0,0.0,2567,v2,B2,sac_her_pickandplace_clean_2M
sac_her_recovery_v2,goal_spoof_immediate,2,0.1,-150.0,0.0,0.1270411373505081,150,1.4134105443954468,1.2474572658538818,0.0,0.0,2568,v2,B2,sac_her_pickandplace_clean_2M
sac_her_recovery_v2,goal_spoof_immediate,2,0.1,-150.0,0.0,0.1097164731393052,150,1.1759706735610962,1.1920727491378784,0.0,0.0,2569,v2,B2,sac_her_pickandplace_clean_2M
sac_her_recovery_v2,goal_spoof_immediate,2,0.1,-150.0,0.0,0.1256016375260026,150,0.0680314376950264,1.035921573638916,0.0,0.0,2570,v2,B2,sac_her_pickandplace_clean_2M
sac_her_recovery_v2,goal_spoof_immediate,2,0.1,-148.0,0.0,0.1017689467740125,150,0.692224383354187,1.0953922271728516,0.0,0.0,2571,v2,B2,sac_her_pickandplace_clean_2M
sac_her_recovery_v2,goal_spoof_immediate,2,0.1,-150.0,0.0,0.1331600027403451,150,1.567950963973999,1.2844505310058594,0.0,0.0,2572,v2,B2,sac_her_pickandplace_clean_2M
sac_her_recovery_v2,goal_spoof_immediate,2,0.1,-148.0,0.0,0.1127469259144005,150,0.0825923979282379,1.0344772338867188,0.0,1.0,2573,v2,B2,sac_her_pickandplace_clean_2M
sac_her_recovery_v2,goal_spoof_immediate,2,0.1,-150.0,0.0,0.0687310055614854,150,1.433418035507202,1.2591514587402344,0.0,0.0,2574,v2,B2,sac_her_pickandplace_clean_2M
sac_her_recovery_v2,goal_spoof_immediate,2,0.1,-150.0,0.0,0.1381949567718429,150,0.6495479345321655,1.1045278310775757,0.0,0.0,2575,v2,B2,sac_her_pickandplace_clean_2M
sac_her_recovery_v2,goal_spoof_immediate,2,0.1,-150.0,0.0,0.1119279943905275,150,1.4195034503936768,1.254960298538208,0.0,0.0,2576,v2,B2,sac_her_pickandplace_clean_2M
sac_her_recovery_v2,goal_spoof_immediate,2,0.1,-150.0,0.0,0.1227077485616803,150,0.066782608628273,1.0254024267196655,0.0,0.0,2577,v2,B2,sac_her_pickandplace_clean_2M
sac_her_recovery_v2,goal_spoof_immediate,2,0.1,-148.0,0.0,0.0942984427531174,150,0.0878841653466224,1.032586932182312,0.0,1.0,2578,v2,B2,sac_her_pickandplace_clean_2M
sac_her_recovery_v2,goal_spoof_immediate,2,0.1,-150.0,0.0,0.1304587414715207,150,0.0674560591578483,1.0309947729110718,0.0,0.0,2579,v2,B2,sac_her_pickandplace_clean_2M
sac_her_recovery_v3,goal_spoof_immediate,2,0.1,-150.0,0.0,0.1085344580137699,150,0.0670056790113449,1.0237857103347778,0.0,0.0,2580,v3,B3,sac_her_pickandplace_clean_2M
sac_her_recovery_v3,goal_spoof_immediate,2,0.1,-150.0,0.0,0.1144524422469198,150,1.1657218933105469,1.1975327730178833,0.0,0.0,2581,v3,B3,sac_her_pickandplace_clean_2M
sac_her_recovery_v3,goal_spoof_immediate,2,0.1,-150.0,0.0,0.0968488359175634,150,0.0628320798277854,1.0207583904266355,0.0,0.0,2582,v3,B3,sac_her_pickandplace_clean_2M
sac_her_recovery_v3,goal_spoof_immediate,2,0.1,-150.0,0.0,0.1578324416248936,150,1.674709439277649,1.3524385690689087,0.0,1.0,2583,v3,B3,sac_her_pickandplace_clean_2M
sac_her_recovery_v3,goal_spoof_immediate,2,0.1,-149.0,0.0,0.1241274848586292,150,0.0650504305958747,1.0296121835708618,0.0,0.0,2584,v3,B3,sac_her_pickandplace_clean_2M
sac_her_recovery_v3,goal_spoof_immediate,2,0.1,-150.0,0.0,0.114379133543488,150,1.576911211013794,1.2940157651901243,0.0,0.0,2585,v3,B3,sac_her_pickandplace_clean_2M
sac_her_recovery_v3,goal_spoof_immediate,2,0.1,-150.0,0.0,0.1138154521702551,150,1.311134934425354,1.2141844034194946,0.0,0.0,2586,v3,B3,sac_her_pickandplace_clean_2M
sac_her_recovery_v3,goal_spoof_immediate,2,0.1,-150.0,0.0,0.1273822142812193,150,0.072545975446701,1.0245877504348757,0.0,0.0,2587,v3,B3,sac_her_pickandplace_clean_2M
sac_her_recovery_v3,goal_spoof_immediate,2,0.1,-150.0,0.0,0.0860761945503464,150,0.1043504253029823,1.0283715724945068,0.0,1.0,2588,v3,B3,sac_her_pickandplace_clean_2M
sac_her_recovery_v3,goal_spoof_immediate,2,0.1,-9.0,1.0,0.0244146224045549,150,0.9017053246498108,1.14238440990448,0.0,0.0,2589,v3,B3,sac_her_pickandplace_clean_2M
sac_her_recovery_v3,goal_spoof_immediate,2,0.1,-150.0,0.0,0.1314385912179173,150,0.0658169910311698,1.0319973230361938,0.0,0.0,2590,v3,B3,sac_her_pickandplace_clean_2M
sac_her_recovery_v3,goal_spoof_immediate,2,0.1,-149.0,0.0,0.092873011902912,150,0.0728677958250045,1.028159737586975,0.0,1.0,2591,v3,B3,sac_her_pickandplace_clean_2M
sac_her_recovery_v3,goal_spoof_immediate,2,0.1,-149.0,0.0,0.1151281401119397,150,0.0637911483645439,1.0350701808929443,0.0,0.0,2592,v3,B3,sac_her_pickandplace_clean_2M
sac_her_recovery_v3,goal_spoof_immediate,2,0.1,-150.0,0.0,0.1224032679828996,150,1.0404003858566284,1.1548466682434082,0.0,0.0,2593,v3,B3,sac_her_pickandplace_clean_2M
sac_her_recovery_v3,goal_spoof_immediate,2,0.1,-150.0,0.0,0.0873615888284757,150,0.1700117588043213,1.034136414527893,0.0,0.0,2594,v3,B3,sac_her_pickandplace_clean_2M
sac_her_recovery_v3,goal_spoof_immediate,2,0.1,-150.0,0.0,0.0921488254985361,150,1.3021045923233032,1.2114992141723633,0.0,0.0,2595,v3,B3,sac_her_pickandplace_clean_2M
sac_her_recovery_v3,goal_spoof_immediate,2,0.1,-147.0,0.0,0.0779281088580865,150,0.0857649818062782,1.025848150253296,0.0,1.0,2596,v3,B3,sac_her_pickandplace_clean_2M
sac_her_recovery_v3,goal_spoof_immediate,2,0.1,-149.0,0.0,0.1098734437391565,150,0.0685842111706733,1.0215741395950315,0.0,0.0,2597,v3,B3,sac_her_pickandplace_clean_2M
sac_her_recovery_v3,goal_spoof_immediate,2,0.1,-150.0,0.0,0.1316816064941789,150,1.244428634643555,1.1700310707092283,0.0,0.0,2598,v3,B3,sac_her_pickandplace_clean_2M
sac_her_recovery_v3,goal_spoof_immediate,2,0.1,-150.0,0.0,0.1216648660423396,150,0.6655566096305847,1.1105692386627195,0.0,0.0,2599,v3,B3,sac_her_pickandplace_clean_2M
sac_her_recovery_v3,goal_spoof_immediate,2,0.1,-150.0,0.0,0.0792454941204912,150,0.144690915942192,1.031704306602478,0.0,1.0,2600,v3,B3,sac_her_pickandplace_clean_2M
sac_her_recovery_v3,goal_spoof_immediate,2,0.1,-150.0,0.0,0.1490866926208476,150,1.384093165397644,1.210716962814331,0.0,0.0,2601,v3,B3,sac_her_pickandplace_clean_2M
sac_her_recovery_v3,goal_spoof_immediate,2,0.1,-148.0,0.0,0.0924238685487778,150,0.0786751359701156,1.0234841108322144,0.0,1.0,2602,v3,B3,sac_her_pickandplace_clean_2M
sac_her_recovery_v3,goal_spoof_immediate,2,0.1,-147.0,0.0,0.1006942110500473,150,0.0848685055971145,1.031574249267578,0.0,1.0,2603,v3,B3,sac_her_pickandplace_clean_2M
sac_her_recovery_v3,goal_spoof_immediate,2,0.1,-150.0,0.0,0.1220386585196557,150,0.0596068799495697,1.0339702367782593,0.0,0.0,2604,v3,B3,sac_her_pickandplace_clean_2M
sac_her_recovery_v3,goal_spoof_immediate,2,0.1,-149.0,0.0,0.0918332473970629,150,0.1024937182664871,1.0314377546310425,0.0,1.0,2605,v3,B3,sac_her_pickandplace_clean_2M
sac_her_recovery_v3,goal_spoof_immediate,2,0.1,-150.0,0.0,0.1165812183133506,150,0.0718956291675567,1.0251306295394895,0.0,0.0,2606,v3,B3,sac_her_pickandplace_clean_2M
sac_her_recovery_v3,goal_spoof_immediate,2,0.1,-150.0,0.0,0.1200037135270751,150,0.0736071467399597,1.0352431535720823,0.0,0.0,2607,v3,B3,sac_her_pickandplace_clean_2M
sac_her_recovery_v3,goal_spoof_immediate,2,0.1,-8.0,1.0,0.0163019486492878,150,0.0824991166591644,1.036700963973999,0.0,0.0,2608,v3,B3,sac_her_pickandplace_clean_2M
sac_her_recovery_v3,goal_spoof_immediate,2,0.1,-148.0,0.0,0.106098389592423,150,0.1947062164545059,1.0725017786026,0.0,1.0,2609,v3,B3,sac_her_pickandplace_clean_2M
sac_her,goal_spoof_midep,2,0.1,-97.0,0.0,0.0890770224417269,150,0.9256165027618408,1.1629208326339722,0.0,0.0,2610,none,B1,sac_her_pickandplace_clean_2M
sac_her,goal_spoof_midep,2,0.1,-97.0,0.0,0.0775387463502942,150,1.033200740814209,1.1943243741989136,0.0,0.0,2611,none,B1,sac_her_pickandplace_clean_2M
sac_her,goal_spoof_midep,2,0.1,-97.0,0.0,0.107425950926429,150,0.6279225945472717,1.0981966257095337,0.0,0.0,2612,none,B1,sac_her_pickandplace_clean_2M
sac_her,goal_spoof_midep,2,0.1,-97.0,0.0,0.1169441777337134,150,0.1574833542108535,1.045140266418457,0.0,0.0,2613,none,B1,sac_her_pickandplace_clean_2M
sac_her,goal_spoof_midep,2,0.1,-97.0,0.0,0.1029171516790886,150,0.1677467077970504,1.0451267957687378,0.0,0.0,2614,none,B1,sac_her_pickandplace_clean_2M
sac_her,goal_spoof_midep,2,0.1,-97.0,0.0,0.0860132103771121,150,1.0426557064056396,1.1984714269638062,0.0,0.0,2615,none,B1,sac_her_pickandplace_clean_2M
sac_her,goal_spoof_midep,2,0.1,-97.0,0.0,0.1297239488919106,150,0.9149870276451112,1.1623674631118774,0.0,0.0,2616,none,B1,sac_her_pickandplace_clean_2M
sac_her,goal_spoof_midep,2,0.1,-97.0,0.0,0.0948949751898066,150,0.931101143360138,1.166739583015442,0.0,0.0,2617,none,B1,sac_her_pickandplace_clean_2M
sac_her,goal_spoof_midep,2,0.1,-97.0,0.0,0.090136255754399,150,0.7469345927238464,1.117170810699463,0.0,0.0,2618,none,B1,sac_her_pickandplace_clean_2M
sac_her,goal_spoof_midep,2,0.1,-97.0,0.0,0.1086791818782059,150,0.1628187298774719,1.0457245111465454,0.0,0.0,2619,none,B1,sac_her_pickandplace_clean_2M
sac_her,goal_spoof_midep,2,0.1,-97.0,0.0,0.101657277999018,150,1.0570001602172852,1.2033945322036743,0.0,0.0,2620,none,B1,sac_her_pickandplace_clean_2M
sac_her,goal_spoof_midep,2,0.1,-97.0,0.0,0.1159151438980592,150,0.1647423803806305,1.0456650257110596,0.0,0.0,2621,none,B1,sac_her_pickandplace_clean_2M
sac_her,goal_spoof_midep,2,0.1,-97.0,0.0,0.103556915288676,150,0.9289494752883912,1.1660341024398804,0.0,0.0,2622,none,B1,sac_her_pickandplace_clean_2M
sac_her,goal_spoof_midep,2,0.1,-97.0,0.0,0.1373875989317169,150,0.161079853773117,1.0478458404541016,0.0,0.0,2623,none,B1,sac_her_pickandplace_clean_2M
sac_her,goal_spoof_midep,2,0.1,-98.0,0.0,0.1689512775001777,150,0.1619514524936676,1.0524110794067385,0.0,0.0,2624,none,B1,sac_her_pickandplace_clean_2M
sac_her,goal_spoof_midep,2,0.1,-97.0,0.0,0.0708595325181454,150,0.977117359638214,1.176920771598816,0.0,0.0,2625,none,B1,sac_her_pickandplace_clean_2M
sac_her,goal_spoof_midep,2,0.1,-98.0,0.0,0.1158197617437302,150,1.087444305419922,1.2103263139724731,0.0,0.0,2626,none,B1,sac_her_pickandplace_clean_2M
sac_her,goal_spoof_midep,2,0.1,-97.0,0.0,0.1085511167811395,150,0.1624771803617477,1.0458097457885742,0.0,0.0,2627,none,B1,sac_her_pickandplace_clean_2M
sac_her,goal_spoof_midep,2,0.1,-97.0,0.0,0.1229936527330311,150,0.1589955687522888,1.044327735900879,0.0,0.0,2628,none,B1,sac_her_pickandplace_clean_2M
sac_her,goal_spoof_midep,2,0.1,-97.0,0.0,0.1082564071760261,150,0.9469580054283142,1.171968936920166,0.0,0.0,2629,none,B1,sac_her_pickandplace_clean_2M
sac_her,goal_spoof_midep,2,0.1,-97.0,0.0,0.1282624186039269,150,0.1596022993326187,1.0441261529922483,0.0,0.0,2630,none,B1,sac_her_pickandplace_clean_2M
sac_her,goal_spoof_midep,2,0.1,-97.0,0.0,0.0575793691326761,150,0.1657294780015945,1.041869878768921,0.0,0.0,2631,none,B1,sac_her_pickandplace_clean_2M
sac_her,goal_spoof_midep,2,0.1,-97.0,0.0,0.079042165158299,150,0.1549447476863861,1.0406266450881958,0.0,0.0,2632,none,B1,sac_her_pickandplace_clean_2M
sac_her,goal_spoof_midep,2,0.1,-97.0,0.0,0.0833411016120082,150,0.1570049822330474,1.0405796766281128,0.0,0.0,2633,none,B1,sac_her_pickandplace_clean_2M
sac_her,goal_spoof_midep,2,0.1,-97.0,0.0,0.099198141543246,150,0.1569976061582565,1.0426597595214844,0.0,0.0,2634,none,B1,sac_her_pickandplace_clean_2M
sac_her,goal_spoof_midep,2,0.1,-97.0,0.0,0.1385433856291348,150,0.1605380326509475,1.0452340841293335,0.0,0.0,2635,none,B1,sac_her_pickandplace_clean_2M
sac_her,goal_spoof_midep,2,0.1,-97.0,0.0,0.1111544803017229,150,0.1580370515584945,1.0446364879608154,0.0,0.0,2636,none,B1,sac_her_pickandplace_clean_2M
sac_her,goal_spoof_midep,2,0.1,-97.0,0.0,0.1018192356400473,150,0.1676618605852127,1.0461028814315796,0.0,0.0,2637,none,B1,sac_her_pickandplace_clean_2M
sac_her,goal_spoof_midep,2,0.1,-97.0,0.0,0.100750289744833,150,0.980711042881012,1.1850436925888062,0.0,0.0,2638,none,B1,sac_her_pickandplace_clean_2M
sac_her,goal_spoof_midep,2,0.1,-97.0,0.0,0.0693538775680321,150,0.7989708781242371,1.132341980934143,0.0,0.0,2639,none,B1,sac_her_pickandplace_clean_2M
sac_her_recovery_v2,goal_spoof_midep,2,0.1,-97.0,0.0,0.0656552902741452,150,0.4212839305400848,1.060625433921814,0.0,0.0,2640,v2,B2,sac_her_pickandplace_clean_2M
sac_her_recovery_v2,goal_spoof_midep,2,0.1,-97.0,0.0,0.0756225551177047,150,1.0735567808151243,1.2070142030715942,0.0,0.0,2641,v2,B2,sac_her_pickandplace_clean_2M
sac_her_recovery_v2,goal_spoof_midep,2,0.1,-97.0,0.0,0.0774619594059498,150,0.2393092662096023,1.045156478881836,0.0,0.0,2642,v2,B2,sac_her_pickandplace_clean_2M
sac_her_recovery_v2,goal_spoof_midep,2,0.1,-97.0,0.0,0.1215025406232656,150,0.5305509567260742,1.0795714855194092,0.0,0.0,2643,v2,B2,sac_her_pickandplace_clean_2M
sac_her_recovery_v2,goal_spoof_midep,2,0.1,-94.0,0.0,0.0532128855463847,150,0.1553932577371597,1.0397943258285522,0.0,0.0,2644,v2,B2,sac_her_pickandplace_clean_2M
sac_her_recovery_v2,goal_spoof_midep,2,0.1,-98.0,0.0,0.1666485890487942,150,1.0967319011688232,1.2163338661193848,0.0,1.0,2645,v2,B2,sac_her_pickandplace_clean_2M
sac_her_recovery_v2,goal_spoof_midep,2,0.1,-96.0,0.0,0.0666247471796151,150,0.1569887399673462,1.0408750772476196,0.0,0.0,2646,v2,B2,sac_her_pickandplace_clean_2M
sac_her_recovery_v2,goal_spoof_midep,2,0.1,-97.0,0.0,0.0988695542268905,150,0.185530200600624,1.0461416244506836,0.0,0.0,2647,v2,B2,sac_her_pickandplace_clean_2M
sac_her_recovery_v2,goal_spoof_midep,2,0.1,-97.0,0.0,0.1168758642468426,150,0.1593929678201675,1.0432401895523071,0.0,0.0,2648,v2,B2,sac_her_pickandplace_clean_2M
sac_her_recovery_v2,goal_spoof_midep,2,0.1,-97.0,0.0,0.0924652052162799,150,0.8385605812072754,1.1310349702835083,0.0,0.0,2649,v2,B2,sac_her_pickandplace_clean_2M
sac_her_recovery_v2,goal_spoof_midep,2,0.1,-97.0,0.0,0.110267184370185,150,1.039021372795105,1.1989939212799072,0.0,0.0,2650,v2,B2,sac_her_pickandplace_clean_2M
sac_her_recovery_v2,goal_spoof_midep,2,0.1,-96.0,0.0,0.0511100701228053,150,0.5928465723991394,1.0854313373565674,0.0,0.0,2651,v2,B2,sac_her_pickandplace_clean_2M
sac_her_recovery_v2,goal_spoof_midep,2,0.1,-97.0,0.0,0.1244999565033092,150,0.9967557191848756,1.1881955862045288,0.0,0.0,2652,v2,B2,sac_her_pickandplace_clean_2M
sac_her_recovery_v2,goal_spoof_midep,2,0.1,-97.0,0.0,0.0925420453158363,150,0.970598042011261,1.182012915611267,0.0,0.0,2653,v2,B2,sac_her_pickandplace_clean_2M
sac_her_recovery_v2,goal_spoof_midep,2,0.1,-97.0,0.0,0.1065179571267197,150,0.1572822481393814,1.042959690093994,0.0,0.0,2654,v2,B2,sac_her_pickandplace_clean_2M
sac_her_recovery_v2,goal_spoof_midep,2,0.1,-97.0,0.0,0.0769891297196778,150,0.1612578779458999,1.0419371128082275,0.0,0.0,2655,v2,B2,sac_her_pickandplace_clean_2M
sac_her_recovery_v2,goal_spoof_midep,2,0.1,-97.0,0.0,0.102283215879773,150,0.1548716723918914,1.0423030853271484,0.0,0.0,2656,v2,B2,sac_her_pickandplace_clean_2M
sac_her_recovery_v2,goal_spoof_midep,2,0.1,-97.0,0.0,0.1172198643570832,150,1.0908476114273071,1.2176567316055298,0.0,0.0,2657,v2,B2,sac_her_pickandplace_clean_2M
sac_her_recovery_v2,goal_spoof_midep,2,0.1,-98.0,0.0,0.1530845484943092,150,0.2538516521453857,1.0490641593933103,0.0,1.0,2658,v2,B2,sac_her_pickandplace_clean_2M
sac_her_recovery_v2,goal_spoof_midep,2,0.1,-97.0,0.0,0.1235412807367187,150,1.0534824132919312,1.206877589225769,0.0,0.0,2659,v2,B2,sac_her_pickandplace_clean_2M
sac_her_recovery_v2,goal_spoof_midep,2,0.1,-97.0,0.0,0.1188487874972893,150,0.9583908319473268,1.174981951713562,0.0,0.0,2660,v2,B2,sac_her_pickandplace_clean_2M
sac_her_recovery_v2,goal_spoof_midep,2,0.1,-98.0,0.0,0.1567525910788649,150,0.2941063046455383,1.049299716949463,0.0,1.0,2661,v2,B2,sac_her_pickandplace_clean_2M
sac_her_recovery_v2,goal_spoof_midep,2,0.1,-98.0,0.0,0.1360777458354724,150,1.1051102876663208,1.2209460735321045,0.0,0.0,2662,v2,B2,sac_her_pickandplace_clean_2M
sac_her_recovery_v2,goal_spoof_midep,2,0.1,-97.0,0.0,0.1407917434813742,150,0.6738936901092529,1.1104613542556765,0.0,0.0,2663,v2,B2,sac_her_pickandplace_clean_2M
sac_her_recovery_v2,goal_spoof_midep,2,0.1,-98.0,0.0,0.1489652387219438,150,0.9886687397956848,1.1674169301986694,0.0,0.0,2664,v2,B2,sac_her_pickandplace_clean_2M
sac_her_recovery_v2,goal_spoof_midep,2,0.1,-98.0,0.0,0.1253115659992773,150,1.0353686809539795,1.1798770427703855,0.0,0.0,2665,v2,B2,sac_her_pickandplace_clean_2M
sac_her_recovery_v2,goal_spoof_midep,2,0.1,-97.0,0.0,0.0860422031241106,150,0.9842519164085388,1.1818182468414309,0.0,0.0,2666,v2,B2,sac_her_pickandplace_clean_2M
sac_her_recovery_v2,goal_spoof_midep,2,0.1,-97.0,0.0,0.0933351322814111,150,0.1697036921977996,1.046514630317688,0.0,0.0,2667,v2,B2,sac_her_pickandplace_clean_2M
sac_her_recovery_v2,goal_spoof_midep,2,0.1,-97.0,0.0,0.1176362610843308,150,0.9779555797576904,1.177652359008789,0.0,0.0,2668,v2,B2,sac_her_pickandplace_clean_2M
sac_her_recovery_v2,goal_spoof_midep,2,0.1,-52.0,1.0,0.0412654065456806,150,0.9800952672958374,1.176121473312378,0.0,0.0,2669,v2,B2,sac_her_pickandplace_clean_2M
sac_her_recovery_v3,goal_spoof_midep,2,0.1,-97.0,0.0,0.1054342978512572,150,0.9500823616981506,1.1689494848251345,0.0,0.0,2670,v3,B3,sac_her_pickandplace_clean_2M
sac_her_recovery_v3,goal_spoof_midep,2,0.1,-97.0,0.0,0.1017222374631739,150,0.1583045274019241,1.0440833568572998,0.0,0.0,2671,v3,B3,sac_her_pickandplace_clean_2M
sac_her_recovery_v3,goal_spoof_midep,2,0.1,-97.0,0.0,0.1274977401093339,150,0.1612207740545272,1.0466712713241575,0.0,0.0,2672,v3,B3,sac_her_pickandplace_clean_2M
sac_her_recovery_v3,goal_spoof_midep,2,0.1,-97.0,0.0,0.0894120956350426,150,0.1587324738502502,1.0417054891586304,0.0,0.0,2673,v3,B3,sac_her_pickandplace_clean_2M
sac_her_recovery_v3,goal_spoof_midep,2,0.1,-97.0,0.0,0.1181650631411018,150,0.1603119522333145,1.0435394048690796,0.0,0.0,2674,v3,B3,sac_her_pickandplace_clean_2M
sac_her_recovery_v3,goal_spoof_midep,2,0.1,-97.0,0.0,0.0673057683412387,150,0.5434855818748474,1.0779823064804075,0.0,0.0,2675,v3,B3,sac_her_pickandplace_clean_2M
sac_her_recovery_v3,goal_spoof_midep,2,0.1,-97.0,0.0,0.1372474633418612,150,0.8153089880943298,1.1363784074783323,0.0,0.0,2676,v3,B3,sac_her_pickandplace_clean_2M
sac_her_recovery_v3,goal_spoof_midep,2,0.1,-97.0,0.0,0.1112795637308077,150,0.1615524291992187,1.0456888675689695,0.0,0.0,2677,v3,B3,sac_her_pickandplace_clean_2M
sac_her_recovery_v3,goal_spoof_midep,2,0.1,-8.0,1.0,0.022339881354719,150,0.2536005675792694,1.0430989265441897,0.0,0.0,2678,v3,B3,sac_her_pickandplace_clean_2M
sac_her_recovery_v3,goal_spoof_midep,2,0.1,-97.0,0.0,0.0995588258289872,150,0.1610893011093139,1.0445846319198608,0.0,0.0,2679,v3,B3,sac_her_pickandplace_clean_2M
sac_her_recovery_v3,goal_spoof_midep,2,0.1,-98.0,0.0,0.1331371263665103,150,0.8330188989639282,1.1383131742477417,0.0,0.0,2680,v3,B3,sac_her_pickandplace_clean_2M
sac_her_recovery_v3,goal_spoof_midep,2,0.1,-97.0,0.0,0.1014499799470025,150,0.158725306391716,1.042182445526123,0.0,0.0,2681,v3,B3,sac_her_pickandplace_clean_2M
sac_her_recovery_v3,goal_spoof_midep,2,0.1,-97.0,0.0,0.1260823354073352,150,0.159075066447258,1.0445677042007446,0.0,0.0,2682,v3,B3,sac_her_pickandplace_clean_2M
sac_her_recovery_v3,goal_spoof_midep,2,0.1,-97.0,0.0,0.0837166385799666,150,1.0561946630477903,1.2018065452575684,0.0,0.0,2683,v3,B3,sac_her_pickandplace_clean_2M
sac_her_recovery_v3,goal_spoof_midep,2,0.1,-98.0,0.0,0.1325574390887855,150,0.9783007502555848,1.168310284614563,0.0,0.0,2684,v3,B3,sac_her_pickandplace_clean_2M
sac_her_recovery_v3,goal_spoof_midep,2,0.1,-97.0,0.0,0.0959594462203948,150,1.0368162393569946,1.1980725526809692,0.0,0.0,2685,v3,B3,sac_her_pickandplace_clean_2M
sac_her_recovery_v3,goal_spoof_midep,2,0.1,-97.0,0.0,0.0982646544181958,150,0.9174538254737854,1.1632916927337646,0.0,0.0,2686,v3,B3,sac_her_pickandplace_clean_2M
sac_her_recovery_v3,goal_spoof_midep,2,0.1,-97.0,0.0,0.0995372117579812,150,0.1562825888395309,1.041860580444336,0.0,0.0,2687,v3,B3,sac_her_pickandplace_clean_2M
sac_her_recovery_v3,goal_spoof_midep,2,0.1,-8.0,1.0,0.0097595677079624,150,0.5931971669197083,1.081384301185608,0.0,0.0,2688,v3,B3,sac_her_pickandplace_clean_2M
sac_her_recovery_v3,goal_spoof_midep,2,0.1,-97.0,0.0,0.0924335019587317,150,0.157458484172821,1.0415079593658447,0.0,0.0,2689,v3,B3,sac_her_pickandplace_clean_2M
sac_her_recovery_v3,goal_spoof_midep,2,0.1,-97.0,0.0,0.101974379711164,150,0.9685038924217224,1.177973985671997,0.0,0.0,2690,v3,B3,sac_her_pickandplace_clean_2M
sac_her_recovery_v3,goal_spoof_midep,2,0.1,-97.0,0.0,0.0984510140703542,150,0.1565723866224289,1.0420979261398315,0.0,0.0,2691,v3,B3,sac_her_pickandplace_clean_2M
sac_her_recovery_v3,goal_spoof_midep,2,0.1,-56.0,0.0,0.0515333761842491,150,1.0083099603652954,1.184335708618164,0.0,0.0,2692,v3,B3,sac_her_pickandplace_clean_2M
sac_her_recovery_v3,goal_spoof_midep,2,0.1,-90.0,0.0,0.0505720177789945,150,0.3336827158927917,1.0493091344833374,0.0,0.0,2693,v3,B3,sac_her_pickandplace_clean_2M
sac_her_recovery_v3,goal_spoof_midep,2,0.1,-97.0,0.0,0.103210531957375,150,0.5337008833885193,1.0793200731277466,0.0,0.0,2694,v3,B3,sac_her_pickandplace_clean_2M
sac_her_recovery_v3,goal_spoof_midep,2,0.1,-98.0,0.0,0.1055538283605139,150,0.9243143796920776,1.1576846837997437,0.0,0.0,2695,v3,B3,sac_her_pickandplace_clean_2M
sac_her_recovery_v3,goal_spoof_midep,2,0.1,-97.0,0.0,0.0945753274523416,150,0.3860452771186828,1.0595272779464722,0.0,0.0,2696,v3,B3,sac_her_pickandplace_clean_2M
sac_her_recovery_v3,goal_spoof_midep,2,0.1,-97.0,0.0,0.0625443516654936,150,1.0165928602218628,1.186946988105774,0.0,0.0,2697,v3,B3,sac_her_pickandplace_clean_2M
sac_her_recovery_v3,goal_spoof_midep,2,0.1,-97.0,0.0,0.0924328387904667,150,0.1682163625955581,1.0467920303344729,0.0,0.0,2698,v3,B3,sac_her_pickandplace_clean_2M
sac_her_recovery_v3,goal_spoof_midep,2,0.1,-97.0,0.0,0.0719686054630423,150,0.4335401356220245,1.0615307092666626,0.0,0.0,2699,v3,B3,sac_her_pickandplace_clean_2M
sac_her,object_pose_spoof,2,0.1,-150.0,0.0,0.0744553262589865,150,0.0676334425806999,1.03857159614563,0.0,0.0,2700,none,B1,sac_her_pickandplace_clean_2M
sac_her,object_pose_spoof,2,0.1,-10.0,1.0,0.03604022755504,150,0.082524262368679,1.0380092859268188,0.0,0.0,2701,none,B1,sac_her_pickandplace_clean_2M
sac_her,object_pose_spoof,2,0.1,-150.0,0.0,0.0820183807081784,150,0.1811085194349289,1.0427024364471436,0.0,0.0,2702,none,B1,sac_her_pickandplace_clean_2M
sac_her,object_pose_spoof,2,0.1,-150.0,0.0,0.053672569293126,150,0.3486334681510925,1.0384306907653809,0.0,0.0,2703,none,B1,sac_her_pickandplace_clean_2M
sac_her,object_pose_spoof,2,0.1,-9.0,1.0,0.0486161903120769,150,0.3841868937015533,1.05786395072937,0.0,0.0,2704,none,B1,sac_her_pickandplace_clean_2M
sac_her,object_pose_spoof,2,0.1,-150.0,0.0,0.0815472254586962,150,0.069879725575447,1.0420448780059814,0.0,0.0,2705,none,B1,sac_her_pickandplace_clean_2M
sac_her,object_pose_spoof,2,0.1,-150.0,0.0,0.0827771069516446,150,0.2108096629381179,1.0444167852401731,0.0,0.0,2706,none,B1,sac_her_pickandplace_clean_2M
sac_her,object_pose_spoof,2,0.1,-150.0,0.0,0.1131005120555069,150,0.0954609289765358,1.0472605228424072,0.0,0.0,2707,none,B1,sac_her_pickandplace_clean_2M
sac_her,object_pose_spoof,2,0.1,-150.0,0.0,0.0616670843077198,150,0.2770766019821167,1.0383598804473877,0.0,0.0,2708,none,B1,sac_her_pickandplace_clean_2M
sac_her,object_pose_spoof,2,0.1,-150.0,0.0,0.0591556604515516,150,0.3484281599521637,1.0385953187942505,0.0,0.0,2709,none,B1,sac_her_pickandplace_clean_2M
sac_her,object_pose_spoof,2,0.1,-147.0,0.0,0.0736718894901541,150,0.3376785218715668,1.0611950159072876,0.0,0.0,2710,none,B1,sac_her_pickandplace_clean_2M
sac_her,object_pose_spoof,2,0.1,-148.0,0.0,0.0728919691879104,150,0.6652047038078308,1.1180771589279177,0.0,0.0,2711,none,B1,sac_her_pickandplace_clean_2M
sac_her,object_pose_spoof,2,0.1,-150.0,0.0,0.0617619253094978,150,0.0835786908864975,1.035167217254639,0.0,0.0,2712,none,B1,sac_her_pickandplace_clean_2M
sac_her,object_pose_spoof,2,0.1,-150.0,0.0,0.0562070410826765,150,0.0867973640561103,1.0367766618728638,0.0,0.0,2713,none,B1,sac_her_pickandplace_clean_2M
sac_her,object_pose_spoof,2,0.1,-150.0,0.0,0.0731101867815929,150,0.2451391518115997,1.03826642036438,0.0,0.0,2714,none,B1,sac_her_pickandplace_clean_2M
sac_her,object_pose_spoof,2,0.1,-150.0,0.0,0.1204561311139322,150,1.3698652982711792,1.2632745504379272,0.0,0.0,2715,none,B1,sac_her_pickandplace_clean_2M
sac_her,object_pose_spoof,2,0.1,-150.0,0.0,0.1029878125544977,150,1.6193357706069946,1.2882647514343262,0.0,0.0,2716,none,B1,sac_her_pickandplace_clean_2M
sac_her,object_pose_spoof,2,0.1,-150.0,0.0,0.0807081349264415,150,0.3802674114704132,1.041642189025879,0.0,0.0,2717,none,B1,sac_her_pickandplace_clean_2M
sac_her,object_pose_spoof,2,0.1,-11.0,1.0,0.0433981044227991,150,0.0691003054380416,1.0375049114227295,0.0,0.0,2718,none,B1,sac_her_pickandplace_clean_2M
sac_her,object_pose_spoof,2,0.1,-150.0,0.0,0.0989812827352894,150,1.3598167896270752,1.249809980392456,0.0,0.0,2719,none,B1,sac_her_pickandplace_clean_2M
sac_her,object_pose_spoof,2,0.1,-150.0,0.0,0.0791339542984147,150,0.4198868870735168,1.0676991939544678,0.0,0.0,2720,none,B1,sac_her_pickandplace_clean_2M
sac_her,object_pose_spoof,2,0.1,-149.0,0.0,0.0720403811968651,150,0.1157149374485015,1.0486021041870115,0.0,0.0,2721,none,B1,sac_her_pickandplace_clean_2M
sac_her,object_pose_spoof,2,0.1,-150.0,0.0,0.0686225999679073,150,0.2840783596038818,1.0359036922454834,0.0,0.0,2722,none,B1,sac_her_pickandplace_clean_2M
sac_her,object_pose_spoof,2,0.1,-150.0,0.0,0.1127914049569551,150,0.0776749178767204,1.039678931236267,0.0,0.0,2723,none,B1,sac_her_pickandplace_clean_2M
sac_her,object_pose_spoof,2,0.1,-150.0,0.0,0.0664876766168972,150,0.6516017317771912,1.125860333442688,0.0,0.0,2724,none,B1,sac_her_pickandplace_clean_2M
sac_her,object_pose_spoof,2,0.1,-150.0,0.0,0.0822552284158813,150,0.1345832645893097,1.0542155504226685,0.0,0.0,2725,none,B1,sac_her_pickandplace_clean_2M
sac_her,object_pose_spoof,2,0.1,-147.0,0.0,0.0698468265981277,150,0.1653753221035003,1.0493216514587402,0.0,0.0,2726,none,B1,sac_her_pickandplace_clean_2M
sac_her,object_pose_spoof,2,0.1,-150.0,0.0,0.0607819563826359,150,0.0537702143192291,1.0385655164718628,0.0,0.0,2727,none,B1,sac_her_pickandplace_clean_2M
sac_her,object_pose_spoof,2,0.1,-150.0,0.0,0.0751650744185349,150,0.2512738406658172,1.042359471321106,0.0,0.0,2728,none,B1,sac_her_pickandplace_clean_2M
sac_her,object_pose_spoof,2,0.1,-150.0,0.0,0.0725422049223135,150,0.088928110897541,1.0366662740707395,0.0,0.0,2729,none,B1,sac_her_pickandplace_clean_2M
sac_her_recovery_v2,object_pose_spoof,2,0.1,-150.0,0.0,0.1192280916669554,150,1.4194567203521729,1.2750681638717651,0.0,1.0,2730,v2,B2,sac_her_pickandplace_clean_2M
sac_her_recovery_v2,object_pose_spoof,2,0.1,-150.0,0.0,0.076281734012097,150,0.0917644500732421,1.0358203649520874,0.0,0.0,2731,v2,B2,sac_her_pickandplace_clean_2M
sac_her_recovery_v2,object_pose_spoof,2,0.1,-147.0,0.0,0.0679746850723177,150,0.645372748374939,1.1089603900909424,0.0,0.0,2732,v2,B2,sac_her_pickandplace_clean_2M
sac_her_recovery_v2,object_pose_spoof,2,0.1,-150.0,0.0,0.0712267263384226,150,0.142173171043396,1.032625675201416,0.0,0.0,2733,v2,B2,sac_her_pickandplace_clean_2M
sac_her_recovery_v2,object_pose_spoof,2,0.1,-150.0,0.0,0.0891843731506199,150,0.1777483224868774,1.0461755990982056,0.0,0.0,2734,v2,B2,sac_her_pickandplace_clean_2M
sac_her_recovery_v2,object_pose_spoof,2,0.1,-150.0,0.0,0.0725717917914631,150,0.0858295410871505,1.0285321474075315,0.0,0.0,2735,v2,B2,sac_her_pickandplace_clean_2M
sac_her_recovery_v2,object_pose_spoof,2,0.1,-147.0,0.0,0.0600845290996586,150,0.7334888577461243,1.1109895706176758,0.0,0.0,2736,v2,B2,sac_her_pickandplace_clean_2M
sac_her_recovery_v2,object_pose_spoof,2,0.1,-149.0,0.0,0.0652152114634392,150,0.0932839587330818,1.0309503078460691,0.0,1.0,2737,v2,B2,sac_her_pickandplace_clean_2M
sac_her_recovery_v2,object_pose_spoof,2,0.1,-150.0,0.0,0.0866033235815519,150,0.0853339061141014,1.0406872034072876,0.0,1.0,2738,v2,B2,sac_her_pickandplace_clean_2M
sac_her_recovery_v2,object_pose_spoof,2,0.1,-150.0,0.0,0.0993490923776275,150,1.550251603126526,1.3070244789123535,0.0,1.0,2739,v2,B2,sac_her_pickandplace_clean_2M
sac_her_recovery_v2,object_pose_spoof,2,0.1,-72.0,1.0,0.0495983987810846,150,0.815027117729187,1.1457464694976809,0.0,0.0,2740,v2,B2,sac_her_pickandplace_clean_2M
sac_her_recovery_v2,object_pose_spoof,2,0.1,-114.0,0.0,0.0543345799148137,150,0.7560479640960693,1.1231228113174438,0.0,0.0,2741,v2,B2,sac_her_pickandplace_clean_2M
sac_her_recovery_v2,object_pose_spoof,2,0.1,-150.0,0.0,0.089741784490428,150,1.6649994850158691,1.313667893409729,0.0,1.0,2742,v2,B2,sac_her_pickandplace_clean_2M
sac_her_recovery_v2,object_pose_spoof,2,0.1,-150.0,0.0,0.1011650308624694,150,0.1773736476898193,1.0450608730316162,0.0,1.0,2743,v2,B2,sac_her_pickandplace_clean_2M
sac_her_recovery_v2,object_pose_spoof,2,0.1,-150.0,0.0,0.076879814696518,150,0.072422407567501,1.0301774740219116,0.0,0.0,2744,v2,B2,sac_her_pickandplace_clean_2M
sac_her_recovery_v2,object_pose_spoof,2,0.1,-150.0,0.0,0.1017352328908402,150,1.7774901390075684,1.3627454042434692,0.0,1.0,2745,v2,B2,sac_her_pickandplace_clean_2M
sac_her_recovery_v2,object_pose_spoof,2,0.1,-9.0,1.0,0.0435376498877029,150,0.1648366600275039,1.0422650575637815,0.0,0.0,2746,v2,B2,sac_her_pickandplace_clean_2M
sac_her_recovery_v2,object_pose_spoof,2,0.1,-149.0,0.0,0.0807978711236464,150,0.6134804487228394,1.1101542711257937,0.0,0.0,2747,v2,B2,sac_her_pickandplace_clean_2M
sac_her_recovery_v2,object_pose_spoof,2,0.1,-150.0,0.0,0.0590884425762339,150,0.3163506388664245,1.0366584062576294,0.0,0.0,2748,v2,B2,sac_her_pickandplace_clean_2M
sac_her_recovery_v2,object_pose_spoof,2,0.1,-150.0,0.0,0.0786955228276819,150,0.0698870047926902,1.0354069471359253,0.0,0.0,2749,v2,B2,sac_her_pickandplace_clean_2M
sac_her_recovery_v2,object_pose_spoof,2,0.1,-148.0,0.0,0.0744587115221121,150,0.1268743723630905,1.043800711631775,0.0,0.0,2750,v2,B2,sac_her_pickandplace_clean_2M
sac_her_recovery_v2,object_pose_spoof,2,0.1,-135.0,0.0,0.0586258070886099,150,0.6474312543869019,1.1293776035308838,0.0,0.0,2751,v2,B2,sac_her_pickandplace_clean_2M
sac_her_recovery_v2,object_pose_spoof,2,0.1,-9.0,1.0,0.0282611830290068,150,0.5866454243659973,1.0735324621200562,0.0,0.0,2752,v2,B2,sac_her_pickandplace_clean_2M
sac_her_recovery_v2,object_pose_spoof,2,0.1,-148.0,0.0,0.0506747834451265,150,0.0953834578394889,1.0316081047058103,0.0,1.0,2753,v2,B2,sac_her_pickandplace_clean_2M
sac_her_recovery_v2,object_pose_spoof,2,0.1,-150.0,0.0,0.1091401045675949,150,1.6856571435928345,1.3243848085403442,0.0,1.0,2754,v2,B2,sac_her_pickandplace_clean_2M
sac_her_recovery_v2,object_pose_spoof,2,0.1,-150.0,0.0,0.0828930862171128,150,0.1282122433185577,1.0300618410110474,0.0,0.0,2755,v2,B2,sac_her_pickandplace_clean_2M
sac_her_recovery_v2,object_pose_spoof,2,0.1,-84.0,0.0,0.0508305266132988,150,0.0632129684090614,1.033918857574463,0.0,0.0,2756,v2,B2,sac_her_pickandplace_clean_2M
sac_her_recovery_v2,object_pose_spoof,2,0.1,-150.0,0.0,0.0675220306742782,150,0.1360985487699508,1.037065029144287,0.0,1.0,2757,v2,B2,sac_her_pickandplace_clean_2M
sac_her_recovery_v2,object_pose_spoof,2,0.1,-150.0,0.0,0.0860701343953706,150,0.2606770396232605,1.0446165800094604,0.0,1.0,2758,v2,B2,sac_her_pickandplace_clean_2M
sac_her_recovery_v2,object_pose_spoof,2,0.1,-150.0,0.0,0.0598627284503479,150,0.3163507878780365,1.0357064008712769,0.0,0.0,2759,v2,B2,sac_her_pickandplace_clean_2M
sac_her_recovery_v3,object_pose_spoof,2,0.1,-150.0,0.0,0.1074350941157662,150,1.132614016532898,1.206629991531372,0.0,1.0,2760,v3,B3,sac_her_pickandplace_clean_2M
sac_her_recovery_v3,object_pose_spoof,2,0.1,-150.0,0.0,0.1315150610913449,150,1.6011909246444702,1.2712823152542114,0.0,1.0,2761,v3,B3,sac_her_pickandplace_clean_2M
sac_her_recovery_v3,object_pose_spoof,2,0.1,-150.0,0.0,0.0642211849365348,150,1.1060166358947754,1.1647251844406128,0.0,1.0,2762,v3,B3,sac_her_pickandplace_clean_2M
sac_her_recovery_v3,object_pose_spoof,2,0.1,-146.0,0.0,0.0524128602400173,150,0.0812954530119896,1.0305290222167969,0.0,1.0,2763,v3,B3,sac_her_pickandplace_clean_2M
sac_her_recovery_v3,object_pose_spoof,2,0.1,-150.0,0.0,0.08214142346501,150,0.0990217700600624,1.0401469469070437,0.0,0.0,2764,v3,B3,sac_her_pickandplace_clean_2M
sac_her_recovery_v3,object_pose_spoof,2,0.1,-8.0,1.0,0.0095021984041175,150,0.3458582162857055,1.0466766357421875,0.0,0.0,2765,v3,B3,sac_her_pickandplace_clean_2M
sac_her_recovery_v3,object_pose_spoof,2,0.1,-8.0,1.0,0.0312040173150376,150,0.2430156171321869,1.0392098426818848,0.0,0.0,2766,v3,B3,sac_her_pickandplace_clean_2M
sac_her_recovery_v3,object_pose_spoof,2,0.1,-150.0,0.0,0.0599147247941122,150,0.1849562674760818,1.0312854051589966,0.0,0.0,2767,v3,B3,sac_her_pickandplace_clean_2M
sac_her_recovery_v3,object_pose_spoof,2,0.1,-150.0,0.0,0.0617370432312449,150,0.09949392080307,1.0375674962997437,0.0,0.0,2768,v3,B3,sac_her_pickandplace_clean_2M
sac_her_recovery_v3,object_pose_spoof,2,0.1,-146.0,0.0,0.0607752930570025,150,0.0954506173729896,1.0352050065994265,0.0,1.0,2769,v3,B3,sac_her_pickandplace_clean_2M
sac_her_recovery_v3,object_pose_spoof,2,0.1,-150.0,0.0,0.6017565116336389,150,0.123455062508583,1.445711612701416,0.0,1.0,2770,v3,B3,sac_her_pickandplace_clean_2M
sac_her_recovery_v3,object_pose_spoof,2,0.1,-150.0,0.0,0.0966930608498445,150,1.5388003587722778,1.2894995212554932,0.0,0.0,2771,v3,B3,sac_her_pickandplace_clean_2M
sac_her_recovery_v3,object_pose_spoof,2,0.1,-150.0,0.0,0.0687390551850403,150,1.661472201347351,1.2932460308074951,0.0,1.0,2772,v3,B3,sac_her_pickandplace_clean_2M
sac_her_recovery_v3,object_pose_spoof,2,0.1,-150.0,0.0,0.101505522526956,150,0.0711655616760253,1.0445574522018433,0.0,0.0,2773,v3,B3,sac_her_pickandplace_clean_2M
sac_her_recovery_v3,object_pose_spoof,2,0.1,-149.0,0.0,0.0749539797540753,150,0.0811703950166702,1.034142255783081,0.0,1.0,2774,v3,B3,sac_her_pickandplace_clean_2M
sac_her_recovery_v3,object_pose_spoof,2,0.1,-150.0,0.0,0.0992336774833567,150,0.0727263689041137,1.0461169481277466,0.0,0.0,2775,v3,B3,sac_her_pickandplace_clean_2M
sac_her_recovery_v3,object_pose_spoof,2,0.1,-150.0,0.0,0.0549867083100047,150,1.7015806436538696,1.358278751373291,0.0,0.0,2776,v3,B3,sac_her_pickandplace_clean_2M
sac_her_recovery_v3,object_pose_spoof,2,0.1,-150.0,0.0,0.0815045784673842,150,0.0711085572838783,1.0402429103851318,0.0,0.0,2777,v3,B3,sac_her_pickandplace_clean_2M
sac_her_recovery_v3,object_pose_spoof,2,0.1,-146.0,0.0,0.0583138043146207,150,0.0833032131195068,1.0338133573532104,0.0,1.0,2778,v3,B3,sac_her_pickandplace_clean_2M
sac_her_recovery_v3,object_pose_spoof,2,0.1,-150.0,0.0,0.0813209852240982,150,0.4816586375236511,1.0774997472763062,0.0,0.0,2779,v3,B3,sac_her_pickandplace_clean_2M
sac_her_recovery_v3,object_pose_spoof,2,0.1,-150.0,0.0,0.0964883900185055,150,1.604411482810974,1.294383883476257,0.0,0.0,2780,v3,B3,sac_her_pickandplace_clean_2M
sac_her_recovery_v3,object_pose_spoof,2,0.1,-150.0,0.0,0.158155674262027,150,1.362553596496582,1.2362991571426392,0.0,0.0,2781,v3,B3,sac_her_pickandplace_clean_2M
sac_her_recovery_v3,object_pose_spoof,2,0.1,-150.0,0.0,0.0924011642726809,150,0.0787421837449073,1.0238803625106812,0.0,0.0,2782,v3,B3,sac_her_pickandplace_clean_2M
sac_her_recovery_v3,object_pose_spoof,2,0.1,-150.0,0.0,0.1312198571815547,150,1.9070879220962524,1.4406312704086304,0.0,1.0,2783,v3,B3,sac_her_pickandplace_clean_2M
sac_her_recovery_v3,object_pose_spoof,2,0.1,-9.0,1.0,0.0170301918052133,150,0.0855483263731002,1.0383069515228271,0.0,0.0,2784,v3,B3,sac_her_pickandplace_clean_2M
sac_her_recovery_v3,object_pose_spoof,2,0.1,-145.0,0.0,0.0541272825587079,150,0.084549181163311,1.0328844785690308,0.0,1.0,2785,v3,B3,sac_her_pickandplace_clean_2M
sac_her_recovery_v3,object_pose_spoof,2,0.1,-10.0,1.0,0.0407932756012693,150,0.2535760104656219,1.0442836284637451,0.0,0.0,2786,v3,B3,sac_her_pickandplace_clean_2M
sac_her_recovery_v3,object_pose_spoof,2,0.1,-8.0,1.0,0.0276645685030632,150,0.255949854850769,1.0378562211990356,0.0,0.0,2787,v3,B3,sac_her_pickandplace_clean_2M
sac_her_recovery_v3,object_pose_spoof,2,0.1,-149.0,0.0,0.0790447143236736,150,0.0710083395242691,1.0473004579544067,0.0,0.0,2788,v3,B3,sac_her_pickandplace_clean_2M
sac_her_recovery_v3,object_pose_spoof,2,0.1,-150.0,0.0,0.1003612197601553,150,0.0664347931742668,1.048450946807861,0.0,0.0,2789,v3,B3,sac_her_pickandplace_clean_2M
sac_her,grip_state_falsification,2,0.0,-150.0,0.0,0.236402489813465,150,1.5977758169174194,1.2870912551879885,0.0,0.0,2790,none,B1,sac_her_pickandplace_clean_2M
sac_her,grip_state_falsification,2,0.0,-150.0,0.0,0.236402489813465,150,1.5977758169174194,1.2870912551879885,0.0,0.0,2791,none,B1,sac_her_pickandplace_clean_2M
sac_her,grip_state_falsification,2,0.0,-150.0,0.0,0.236402489813465,150,1.5977758169174194,1.2870912551879885,0.0,0.0,2792,none,B1,sac_her_pickandplace_clean_2M
sac_her,grip_state_falsification,2,0.0,-150.0,0.0,0.236402489813465,150,1.5977758169174194,1.2870912551879885,0.0,0.0,2793,none,B1,sac_her_pickandplace_clean_2M
sac_her,grip_state_falsification,2,0.0,-150.0,0.0,0.236402489813465,150,1.5977758169174194,1.2870912551879885,0.0,0.0,2794,none,B1,sac_her_pickandplace_clean_2M
sac_her,grip_state_falsification,2,0.0,-150.0,0.0,0.236402489813465,150,1.5977758169174194,1.2870912551879885,0.0,0.0,2795,none,B1,sac_her_pickandplace_clean_2M
sac_her,grip_state_falsification,2,0.0,-150.0,0.0,0.236402489813465,150,1.5977758169174194,1.2870912551879885,0.0,0.0,2796,none,B1,sac_her_pickandplace_clean_2M
sac_her,grip_state_falsification,2,0.0,-150.0,0.0,0.236402489813465,150,1.5977758169174194,1.2870912551879885,0.0,0.0,2797,none,B1,sac_her_pickandplace_clean_2M
sac_her,grip_state_falsification,2,0.0,-150.0,0.0,0.236402489813465,150,1.5977758169174194,1.2870912551879885,0.0,0.0,2798,none,B1,sac_her_pickandplace_clean_2M
sac_her,grip_state_falsification,2,0.0,-150.0,0.0,0.236402489813465,150,1.5977758169174194,1.2870912551879885,0.0,0.0,2799,none,B1,sac_her_pickandplace_clean_2M
sac_her,grip_state_falsification,2,0.0,-150.0,0.0,0.236402489813465,150,1.5977758169174194,1.2870912551879885,0.0,0.0,2800,none,B1,sac_her_pickandplace_clean_2M
sac_her,grip_state_falsification,2,0.0,-150.0,0.0,0.236402489813465,150,1.5977758169174194,1.2870912551879885,0.0,0.0,2801,none,B1,sac_her_pickandplace_clean_2M
sac_her,grip_state_falsification,2,0.0,-150.0,0.0,0.236402489813465,150,1.5977758169174194,1.2870912551879885,0.0,0.0,2802,none,B1,sac_her_pickandplace_clean_2M
sac_her,grip_state_falsification,2,0.0,-150.0,0.0,0.236402489813465,150,1.5977758169174194,1.2870912551879885,0.0,0.0,2803,none,B1,sac_her_pickandplace_clean_2M
sac_her,grip_state_falsification,2,0.0,-150.0,0.0,0.236402489813465,150,1.5977758169174194,1.2870912551879885,0.0,0.0,2804,none,B1,sac_her_pickandplace_clean_2M
sac_her,grip_state_falsification,2,0.0,-150.0,0.0,0.236402489813465,150,1.5977758169174194,1.2870912551879885,0.0,0.0,2805,none,B1,sac_her_pickandplace_clean_2M
sac_her,grip_state_falsification,2,0.0,-150.0,0.0,0.236402489813465,150,1.5977758169174194,1.2870912551879885,0.0,0.0,2806,none,B1,sac_her_pickandplace_clean_2M
sac_her,grip_state_falsification,2,0.0,-150.0,0.0,0.236402489813465,150,1.5977758169174194,1.2870912551879885,0.0,0.0,2807,none,B1,sac_her_pickandplace_clean_2M
sac_her,grip_state_falsification,2,0.0,-150.0,0.0,0.236402489813465,150,1.5977758169174194,1.2870912551879885,0.0,0.0,2808,none,B1,sac_her_pickandplace_clean_2M
sac_her,grip_state_falsification,2,0.0,-150.0,0.0,0.236402489813465,150,1.5977758169174194,1.2870912551879885,0.0,0.0,2809,none,B1,sac_her_pickandplace_clean_2M
sac_her,grip_state_falsification,2,0.0,-150.0,0.0,0.236402489813465,150,1.5977758169174194,1.2870912551879885,0.0,0.0,2810,none,B1,sac_her_pickandplace_clean_2M
sac_her,grip_state_falsification,2,0.0,-150.0,0.0,0.236402489813465,150,1.5977758169174194,1.2870912551879885,0.0,0.0,2811,none,B1,sac_her_pickandplace_clean_2M
sac_her,grip_state_falsification,2,0.0,-150.0,0.0,0.236402489813465,150,1.5977758169174194,1.2870912551879885,0.0,0.0,2812,none,B1,sac_her_pickandplace_clean_2M
sac_her,grip_state_falsification,2,0.0,-150.0,0.0,0.236402489813465,150,1.5977758169174194,1.2870912551879885,0.0,0.0,2813,none,B1,sac_her_pickandplace_clean_2M
sac_her,grip_state_falsification,2,0.0,-150.0,0.0,0.236402489813465,150,1.5977758169174194,1.2870912551879885,0.0,0.0,2814,none,B1,sac_her_pickandplace_clean_2M
sac_her,grip_state_falsification,2,0.0,-150.0,0.0,0.236402489813465,150,1.5977758169174194,1.2870912551879885,0.0,0.0,2815,none,B1,sac_her_pickandplace_clean_2M
sac_her,grip_state_falsification,2,0.0,-150.0,0.0,0.236402489813465,150,1.5977758169174194,1.2870912551879885,0.0,0.0,2816,none,B1,sac_her_pickandplace_clean_2M
sac_her,grip_state_falsification,2,0.0,-150.0,0.0,0.236402489813465,150,1.5977758169174194,1.2870912551879885,0.0,0.0,2817,none,B1,sac_her_pickandplace_clean_2M
sac_her,grip_state_falsification,2,0.0,-150.0,0.0,0.236402489813465,150,1.5977758169174194,1.2870912551879885,0.0,0.0,2818,none,B1,sac_her_pickandplace_clean_2M
sac_her,grip_state_falsification,2,0.0,-150.0,0.0,0.236402489813465,150,1.5977758169174194,1.2870912551879885,0.0,0.0,2819,none,B1,sac_her_pickandplace_clean_2M
sac_her_recovery_v2,grip_state_falsification,2,0.0,-150.0,0.0,0.236402489813465,150,1.3151642084121704,1.304442286491394,0.0,1.0,2820,v2,B2,sac_her_pickandplace_clean_2M
sac_her_recovery_v2,grip_state_falsification,2,0.0,-150.0,0.0,0.236402489813465,150,1.3151642084121704,1.304442286491394,0.0,1.0,2821,v2,B2,sac_her_pickandplace_clean_2M
sac_her_recovery_v2,grip_state_falsification,2,0.0,-150.0,0.0,0.236402489813465,150,1.3151642084121704,1.304442286491394,0.0,1.0,2822,v2,B2,sac_her_pickandplace_clean_2M
sac_her_recovery_v2,grip_state_falsification,2,0.0,-150.0,0.0,0.236402489813465,150,1.3151642084121704,1.304442286491394,0.0,1.0,2823,v2,B2,sac_her_pickandplace_clean_2M
sac_her_recovery_v2,grip_state_falsification,2,0.0,-150.0,0.0,0.236402489813465,150,1.3151642084121704,1.304442286491394,0.0,1.0,2824,v2,B2,sac_her_pickandplace_clean_2M
sac_her_recovery_v2,grip_state_falsification,2,0.0,-150.0,0.0,0.236402489813465,150,1.3151642084121704,1.304442286491394,0.0,1.0,2825,v2,B2,sac_her_pickandplace_clean_2M
sac_her_recovery_v2,grip_state_falsification,2,0.0,-150.0,0.0,0.236402489813465,150,1.3151642084121704,1.304442286491394,0.0,1.0,2826,v2,B2,sac_her_pickandplace_clean_2M
sac_her_recovery_v2,grip_state_falsification,2,0.0,-150.0,0.0,0.236402489813465,150,1.3151642084121704,1.304442286491394,0.0,1.0,2827,v2,B2,sac_her_pickandplace_clean_2M
sac_her_recovery_v2,grip_state_falsification,2,0.0,-150.0,0.0,0.236402489813465,150,1.3151642084121704,1.304442286491394,0.0,1.0,2828,v2,B2,sac_her_pickandplace_clean_2M
sac_her_recovery_v2,grip_state_falsification,2,0.0,-150.0,0.0,0.236402489813465,150,1.3151642084121704,1.304442286491394,0.0,1.0,2829,v2,B2,sac_her_pickandplace_clean_2M
sac_her_recovery_v2,grip_state_falsification,2,0.0,-150.0,0.0,0.236402489813465,150,1.3151642084121704,1.304442286491394,0.0,1.0,2830,v2,B2,sac_her_pickandplace_clean_2M
sac_her_recovery_v2,grip_state_falsification,2,0.0,-150.0,0.0,0.236402489813465,150,1.3151642084121704,1.304442286491394,0.0,1.0,2831,v2,B2,sac_her_pickandplace_clean_2M
sac_her_recovery_v2,grip_state_falsification,2,0.0,-150.0,0.0,0.236402489813465,150,1.3151642084121704,1.304442286491394,0.0,1.0,2832,v2,B2,sac_her_pickandplace_clean_2M
sac_her_recovery_v2,grip_state_falsification,2,0.0,-150.0,0.0,0.236402489813465,150,1.3151642084121704,1.304442286491394,0.0,1.0,2833,v2,B2,sac_her_pickandplace_clean_2M
sac_her_recovery_v2,grip_state_falsification,2,0.0,-150.0,0.0,0.236402489813465,150,1.3151642084121704,1.304442286491394,0.0,1.0,2834,v2,B2,sac_her_pickandplace_clean_2M
sac_her_recovery_v2,grip_state_falsification,2,0.0,-150.0,0.0,0.236402489813465,150,1.3151642084121704,1.304442286491394,0.0,1.0,2835,v2,B2,sac_her_pickandplace_clean_2M
sac_her_recovery_v2,grip_state_falsification,2,0.0,-150.0,0.0,0.236402489813465,150,1.3151642084121704,1.304442286491394,0.0,1.0,2836,v2,B2,sac_her_pickandplace_clean_2M
sac_her_recovery_v2,grip_state_falsification,2,0.0,-150.0,0.0,0.236402489813465,150,1.3151642084121704,1.304442286491394,0.0,1.0,2837,v2,B2,sac_her_pickandplace_clean_2M
sac_her_recovery_v2,grip_state_falsification,2,0.0,-150.0,0.0,0.236402489813465,150,1.3151642084121704,1.304442286491394,0.0,1.0,2838,v2,B2,sac_her_pickandplace_clean_2M
sac_her_recovery_v2,grip_state_falsification,2,0.0,-150.0,0.0,0.236402489813465,150,1.3151642084121704,1.304442286491394,0.0,1.0,2839,v2,B2,sac_her_pickandplace_clean_2M
sac_her_recovery_v2,grip_state_falsification,2,0.0,-150.0,0.0,0.236402489813465,150,1.3151642084121704,1.304442286491394,0.0,1.0,2840,v2,B2,sac_her_pickandplace_clean_2M
sac_her_recovery_v2,grip_state_falsification,2,0.0,-150.0,0.0,0.236402489813465,150,1.3151642084121704,1.304442286491394,0.0,1.0,2841,v2,B2,sac_her_pickandplace_clean_2M
sac_her_recovery_v2,grip_state_falsification,2,0.0,-150.0,0.0,0.236402489813465,150,1.3151642084121704,1.304442286491394,0.0,1.0,2842,v2,B2,sac_her_pickandplace_clean_2M
sac_her_recovery_v2,grip_state_falsification,2,0.0,-150.0,0.0,0.236402489813465,150,1.3151642084121704,1.304442286491394,0.0,1.0,2843,v2,B2,sac_her_pickandplace_clean_2M
sac_her_recovery_v2,grip_state_falsification,2,0.0,-150.0,0.0,0.236402489813465,150,1.3151642084121704,1.304442286491394,0.0,1.0,2844,v2,B2,sac_her_pickandplace_clean_2M
sac_her_recovery_v2,grip_state_falsification,2,0.0,-150.0,0.0,0.236402489813465,150,1.3151642084121704,1.304442286491394,0.0,1.0,2845,v2,B2,sac_her_pickandplace_clean_2M
sac_her_recovery_v2,grip_state_falsification,2,0.0,-150.0,0.0,0.236402489813465,150,1.3151642084121704,1.304442286491394,0.0,1.0,2846,v2,B2,sac_her_pickandplace_clean_2M
sac_her_recovery_v2,grip_state_falsification,2,0.0,-150.0,0.0,0.236402489813465,150,1.3151642084121704,1.304442286491394,0.0,1.0,2847,v2,B2,sac_her_pickandplace_clean_2M
sac_her_recovery_v2,grip_state_falsification,2,0.0,-150.0,0.0,0.236402489813465,150,1.3151642084121704,1.304442286491394,0.0,1.0,2848,v2,B2,sac_her_pickandplace_clean_2M
sac_her_recovery_v2,grip_state_falsification,2,0.0,-150.0,0.0,0.236402489813465,150,1.3151642084121704,1.304442286491394,0.0,1.0,2849,v2,B2,sac_her_pickandplace_clean_2M
sac_her_recovery_v3,grip_state_falsification,2,0.0,-150.0,0.0,0.2363588433737517,150,0.4494901299476623,1.3496828079223633,0.0,1.0,2850,v3,B3,sac_her_pickandplace_clean_2M
sac_her_recovery_v3,grip_state_falsification,2,0.0,-150.0,0.0,0.2363588433737517,150,0.4494901299476623,1.3496828079223633,0.0,1.0,2851,v3,B3,sac_her_pickandplace_clean_2M
sac_her_recovery_v3,grip_state_falsification,2,0.0,-150.0,0.0,0.2363588433737517,150,0.4494901299476623,1.3496828079223633,0.0,1.0,2852,v3,B3,sac_her_pickandplace_clean_2M
sac_her_recovery_v3,grip_state_falsification,2,0.0,-150.0,0.0,0.2363588433737517,150,0.4494901299476623,1.3496828079223633,0.0,1.0,2853,v3,B3,sac_her_pickandplace_clean_2M
sac_her_recovery_v3,grip_state_falsification,2,0.0,-150.0,0.0,0.2363588433737517,150,0.4494901299476623,1.3496828079223633,0.0,1.0,2854,v3,B3,sac_her_pickandplace_clean_2M
sac_her_recovery_v3,grip_state_falsification,2,0.0,-150.0,0.0,0.2363588433737517,150,0.4494901299476623,1.3496828079223633,0.0,1.0,2855,v3,B3,sac_her_pickandplace_clean_2M
sac_her_recovery_v3,grip_state_falsification,2,0.0,-150.0,0.0,0.2363588433737517,150,0.4494901299476623,1.3496828079223633,0.0,1.0,2856,v3,B3,sac_her_pickandplace_clean_2M
sac_her_recovery_v3,grip_state_falsification,2,0.0,-150.0,0.0,0.2363588433737517,150,0.4494901299476623,1.3496828079223633,0.0,1.0,2857,v3,B3,sac_her_pickandplace_clean_2M
sac_her_recovery_v3,grip_state_falsification,2,0.0,-150.0,0.0,0.2363588433737517,150,0.4494901299476623,1.3496828079223633,0.0,1.0,2858,v3,B3,sac_her_pickandplace_clean_2M
sac_her_recovery_v3,grip_state_falsification,2,0.0,-150.0,0.0,0.2363588433737517,150,0.4494901299476623,1.3496828079223633,0.0,1.0,2859,v3,B3,sac_her_pickandplace_clean_2M
sac_her_recovery_v3,grip_state_falsification,2,0.0,-150.0,0.0,0.2363588433737517,150,0.4494901299476623,1.3496828079223633,0.0,1.0,2860,v3,B3,sac_her_pickandplace_clean_2M
sac_her_recovery_v3,grip_state_falsification,2,0.0,-150.0,0.0,0.2363588433737517,150,0.4494901299476623,1.3496828079223633,0.0,1.0,2861,v3,B3,sac_her_pickandplace_clean_2M
sac_her_recovery_v3,grip_state_falsification,2,0.0,-150.0,0.0,0.2363588433737517,150,0.4494901299476623,1.3496828079223633,0.0,1.0,2862,v3,B3,sac_her_pickandplace_clean_2M
sac_her_recovery_v3,grip_state_falsification,2,0.0,-150.0,0.0,0.2363588433737517,150,0.4494901299476623,1.3496828079223633,0.0,1.0,2863,v3,B3,sac_her_pickandplace_clean_2M
sac_her_recovery_v3,grip_state_falsification,2,0.0,-150.0,0.0,0.2363588433737517,150,0.4494901299476623,1.3496828079223633,0.0,1.0,2864,v3,B3,sac_her_pickandplace_clean_2M
sac_her_recovery_v3,grip_state_falsification,2,0.0,-150.0,0.0,0.2363588433737517,150,0.4494901299476623,1.3496828079223633,0.0,1.0,2865,v3,B3,sac_her_pickandplace_clean_2M
sac_her_recovery_v3,grip_state_falsification,2,0.0,-150.0,0.0,0.2363588433737517,150,0.4494901299476623,1.3496828079223633,0.0,1.0,2866,v3,B3,sac_her_pickandplace_clean_2M
sac_her_recovery_v3,grip_state_falsification,2,0.0,-150.0,0.0,0.2363588433737517,150,0.4494901299476623,1.3496828079223633,0.0,1.0,2867,v3,B3,sac_her_pickandplace_clean_2M
sac_her_recovery_v3,grip_state_falsification,2,0.0,-150.0,0.0,0.2363588433737517,150,0.4494901299476623,1.3496828079223633,0.0,1.0,2868,v3,B3,sac_her_pickandplace_clean_2M
sac_her_recovery_v3,grip_state_falsification,2,0.0,-150.0,0.0,0.2363588433737517,150,0.4494901299476623,1.3496828079223633,0.0,1.0,2869,v3,B3,sac_her_pickandplace_clean_2M
sac_her_recovery_v3,grip_state_falsification,2,0.0,-150.0,0.0,0.2363588433737517,150,0.4494901299476623,1.3496828079223633,0.0,1.0,2870,v3,B3,sac_her_pickandplace_clean_2M
sac_her_recovery_v3,grip_state_falsification,2,0.0,-150.0,0.0,0.2363588433737517,150,0.4494901299476623,1.3496828079223633,0.0,1.0,2871,v3,B3,sac_her_pickandplace_clean_2M
sac_her_recovery_v3,grip_state_falsification,2,0.0,-150.0,0.0,0.2363588433737517,150,0.4494901299476623,1.3496828079223633,0.0,1.0,2872,v3,B3,sac_her_pickandplace_clean_2M
sac_her_recovery_v3,grip_state_falsification,2,0.0,-150.0,0.0,0.2363588433737517,150,0.4494901299476623,1.3496828079223633,0.0,1.0,2873,v3,B3,sac_her_pickandplace_clean_2M
sac_her_recovery_v3,grip_state_falsification,2,0.0,-150.0,0.0,0.2363588433737517,150,0.4494901299476623,1.3496828079223633,0.0,1.0,2874,v3,B3,sac_her_pickandplace_clean_2M
sac_her_recovery_v3,grip_state_falsification,2,0.0,-150.0,0.0,0.2363588433737517,150,0.4494901299476623,1.3496828079223633,0.0,1.0,2875,v3,B3,sac_her_pickandplace_clean_2M
sac_her_recovery_v3,grip_state_falsification,2,0.0,-150.0,0.0,0.2363588433737517,150,0.4494901299476623,1.3496828079223633,0.0,1.0,2876,v3,B3,sac_her_pickandplace_clean_2M
sac_her_recovery_v3,grip_state_falsification,2,0.0,-150.0,0.0,0.2363588433737517,150,0.4494901299476623,1.3496828079223633,0.0,1.0,2877,v3,B3,sac_her_pickandplace_clean_2M
sac_her_recovery_v3,grip_state_falsification,2,0.0,-150.0,0.0,0.2363588433737517,150,0.4494901299476623,1.3496828079223633,0.0,1.0,2878,v3,B3,sac_her_pickandplace_clean_2M
sac_her_recovery_v3,grip_state_falsification,2,0.0,-150.0,0.0,0.2363588433737517,150,0.4494901299476623,1.3496828079223633,0.0,1.0,2879,v3,B3,sac_her_pickandplace_clean_2M
sac_her,contact_dropout,2,0.0,-150.0,0.0,0.2364647540081676,150,0.0306803006678819,0.7366104125976562,0.0,0.0,2880,none,B1,sac_her_pickandplace_clean_2M
sac_her,contact_dropout,2,0.0,-150.0,0.0,0.2364647540081676,150,0.0306803006678819,0.7366104125976562,0.0,0.0,2881,none,B1,sac_her_pickandplace_clean_2M
sac_her,contact_dropout,2,0.0,-150.0,0.0,0.2364647540081676,150,0.0306803006678819,0.7366104125976562,0.0,0.0,2882,none,B1,sac_her_pickandplace_clean_2M
sac_her,contact_dropout,2,0.0,-150.0,0.0,0.2364647540081676,150,0.0306803006678819,0.7366104125976562,0.0,0.0,2883,none,B1,sac_her_pickandplace_clean_2M
sac_her,contact_dropout,2,0.0,-150.0,0.0,0.2364647540081676,150,0.0306803006678819,0.7366104125976562,0.0,0.0,2884,none,B1,sac_her_pickandplace_clean_2M
sac_her,contact_dropout,2,0.0,-150.0,0.0,0.2364647540081676,150,0.0306803006678819,0.7366104125976562,0.0,0.0,2885,none,B1,sac_her_pickandplace_clean_2M
sac_her,contact_dropout,2,0.0,-150.0,0.0,0.2364647540081676,150,0.0306803006678819,0.7366104125976562,0.0,0.0,2886,none,B1,sac_her_pickandplace_clean_2M
sac_her,contact_dropout,2,0.0,-150.0,0.0,0.2364647540081676,150,0.0306803006678819,0.7366104125976562,0.0,0.0,2887,none,B1,sac_her_pickandplace_clean_2M
sac_her,contact_dropout,2,0.0,-150.0,0.0,0.2364647540081676,150,0.0306803006678819,0.7366104125976562,0.0,0.0,2888,none,B1,sac_her_pickandplace_clean_2M
sac_her,contact_dropout,2,0.0,-150.0,0.0,0.2364647540081676,150,0.0306803006678819,0.7366104125976562,0.0,0.0,2889,none,B1,sac_her_pickandplace_clean_2M
sac_her,contact_dropout,2,0.0,-150.0,0.0,0.2364647540081676,150,0.0306803006678819,0.7366104125976562,0.0,0.0,2890,none,B1,sac_her_pickandplace_clean_2M
sac_her,contact_dropout,2,0.0,-150.0,0.0,0.2364647540081676,150,0.0306803006678819,0.7366104125976562,0.0,0.0,2891,none,B1,sac_her_pickandplace_clean_2M
sac_her,contact_dropout,2,0.0,-150.0,0.0,0.2364647540081676,150,0.0306803006678819,0.7366104125976562,0.0,0.0,2892,none,B1,sac_her_pickandplace_clean_2M
sac_her,contact_dropout,2,0.0,-150.0,0.0,0.2364647540081676,150,0.0306803006678819,0.7366104125976562,0.0,0.0,2893,none,B1,sac_her_pickandplace_clean_2M
sac_her,contact_dropout,2,0.0,-150.0,0.0,0.2364647540081676,150,0.0306803006678819,0.7366104125976562,0.0,0.0,2894,none,B1,sac_her_pickandplace_clean_2M
sac_her,contact_dropout,2,0.0,-150.0,0.0,0.2364647540081676,150,0.0306803006678819,0.7366104125976562,0.0,0.0,2895,none,B1,sac_her_pickandplace_clean_2M
sac_her,contact_dropout,2,0.0,-150.0,0.0,0.2364647540081676,150,0.0306803006678819,0.7366104125976562,0.0,0.0,2896,none,B1,sac_her_pickandplace_clean_2M
sac_her,contact_dropout,2,0.0,-150.0,0.0,0.2364647540081676,150,0.0306803006678819,0.7366104125976562,0.0,0.0,2897,none,B1,sac_her_pickandplace_clean_2M
sac_her,contact_dropout,2,0.0,-150.0,0.0,0.2364647540081676,150,0.0306803006678819,0.7366104125976562,0.0,0.0,2898,none,B1,sac_her_pickandplace_clean_2M
sac_her,contact_dropout,2,0.0,-150.0,0.0,0.2364647540081676,150,0.0306803006678819,0.7366104125976562,0.0,0.0,2899,none,B1,sac_her_pickandplace_clean_2M
sac_her,contact_dropout,2,0.0,-150.0,0.0,0.2364647540081676,150,0.0306803006678819,0.7366104125976562,0.0,0.0,2900,none,B1,sac_her_pickandplace_clean_2M
sac_her,contact_dropout,2,0.0,-150.0,0.0,0.2364647540081676,150,0.0306803006678819,0.7366104125976562,0.0,0.0,2901,none,B1,sac_her_pickandplace_clean_2M
sac_her,contact_dropout,2,0.0,-150.0,0.0,0.2364647540081676,150,0.0306803006678819,0.7366104125976562,0.0,0.0,2902,none,B1,sac_her_pickandplace_clean_2M
sac_her,contact_dropout,2,0.0,-150.0,0.0,0.2364647540081676,150,0.0306803006678819,0.7366104125976562,0.0,0.0,2903,none,B1,sac_her_pickandplace_clean_2M
sac_her,contact_dropout,2,0.0,-150.0,0.0,0.2364647540081676,150,0.0306803006678819,0.7366104125976562,0.0,0.0,2904,none,B1,sac_her_pickandplace_clean_2M
sac_her,contact_dropout,2,0.0,-150.0,0.0,0.2364647540081676,150,0.0306803006678819,0.7366104125976562,0.0,0.0,2905,none,B1,sac_her_pickandplace_clean_2M
sac_her,contact_dropout,2,0.0,-150.0,0.0,0.2364647540081676,150,0.0306803006678819,0.7366104125976562,0.0,0.0,2906,none,B1,sac_her_pickandplace_clean_2M
sac_her,contact_dropout,2,0.0,-150.0,0.0,0.2364647540081676,150,0.0306803006678819,0.7366104125976562,0.0,0.0,2907,none,B1,sac_her_pickandplace_clean_2M
sac_her,contact_dropout,2,0.0,-150.0,0.0,0.2364647540081676,150,0.0306803006678819,0.7366104125976562,0.0,0.0,2908,none,B1,sac_her_pickandplace_clean_2M
sac_her,contact_dropout,2,0.0,-150.0,0.0,0.2364647540081676,150,0.0306803006678819,0.7366104125976562,0.0,0.0,2909,none,B1,sac_her_pickandplace_clean_2M
sac_her_recovery_v2,contact_dropout,2,0.0,-150.0,0.0,0.2364647540081676,150,0.0588588267564773,0.7339640855789185,0.0,1.0,2910,v2,B2,sac_her_pickandplace_clean_2M
sac_her_recovery_v2,contact_dropout,2,0.0,-150.0,0.0,0.2364647540081676,150,0.0588588267564773,0.7339640855789185,0.0,1.0,2911,v2,B2,sac_her_pickandplace_clean_2M
sac_her_recovery_v2,contact_dropout,2,0.0,-150.0,0.0,0.2364647540081676,150,0.0588588267564773,0.7339640855789185,0.0,1.0,2912,v2,B2,sac_her_pickandplace_clean_2M
sac_her_recovery_v2,contact_dropout,2,0.0,-150.0,0.0,0.2364647540081676,150,0.0588588267564773,0.7339640855789185,0.0,1.0,2913,v2,B2,sac_her_pickandplace_clean_2M
sac_her_recovery_v2,contact_dropout,2,0.0,-150.0,0.0,0.2364647540081676,150,0.0588588267564773,0.7339640855789185,0.0,1.0,2914,v2,B2,sac_her_pickandplace_clean_2M
sac_her_recovery_v2,contact_dropout,2,0.0,-150.0,0.0,0.2364647540081676,150,0.0588588267564773,0.7339640855789185,0.0,1.0,2915,v2,B2,sac_her_pickandplace_clean_2M
sac_her_recovery_v2,contact_dropout,2,0.0,-150.0,0.0,0.2364647540081676,150,0.0588588267564773,0.7339640855789185,0.0,1.0,2916,v2,B2,sac_her_pickandplace_clean_2M
sac_her_recovery_v2,contact_dropout,2,0.0,-150.0,0.0,0.2364647540081676,150,0.0588588267564773,0.7339640855789185,0.0,1.0,2917,v2,B2,sac_her_pickandplace_clean_2M
sac_her_recovery_v2,contact_dropout,2,0.0,-150.0,0.0,0.2364647540081676,150,0.0588588267564773,0.7339640855789185,0.0,1.0,2918,v2,B2,sac_her_pickandplace_clean_2M
sac_her_recovery_v2,contact_dropout,2,0.0,-150.0,0.0,0.2364647540081676,150,0.0588588267564773,0.7339640855789185,0.0,1.0,2919,v2,B2,sac_her_pickandplace_clean_2M
sac_her_recovery_v2,contact_dropout,2,0.0,-150.0,0.0,0.2364647540081676,150,0.0588588267564773,0.7339640855789185,0.0,1.0,2920,v2,B2,sac_her_pickandplace_clean_2M
sac_her_recovery_v2,contact_dropout,2,0.0,-150.0,0.0,0.2364647540081676,150,0.0588588267564773,0.7339640855789185,0.0,1.0,2921,v2,B2,sac_her_pickandplace_clean_2M
sac_her_recovery_v2,contact_dropout,2,0.0,-150.0,0.0,0.2364647540081676,150,0.0588588267564773,0.7339640855789185,0.0,1.0,2922,v2,B2,sac_her_pickandplace_clean_2M
sac_her_recovery_v2,contact_dropout,2,0.0,-150.0,0.0,0.2364647540081676,150,0.0588588267564773,0.7339640855789185,0.0,1.0,2923,v2,B2,sac_her_pickandplace_clean_2M
sac_her_recovery_v2,contact_dropout,2,0.0,-150.0,0.0,0.2364647540081676,150,0.0588588267564773,0.7339640855789185,0.0,1.0,2924,v2,B2,sac_her_pickandplace_clean_2M
sac_her_recovery_v2,contact_dropout,2,0.0,-150.0,0.0,0.2364647540081676,150,0.0588588267564773,0.7339640855789185,0.0,1.0,2925,v2,B2,sac_her_pickandplace_clean_2M
sac_her_recovery_v2,contact_dropout,2,0.0,-150.0,0.0,0.2364647540081676,150,0.0588588267564773,0.7339640855789185,0.0,1.0,2926,v2,B2,sac_her_pickandplace_clean_2M
sac_her_recovery_v2,contact_dropout,2,0.0,-150.0,0.0,0.2364647540081676,150,0.0588588267564773,0.7339640855789185,0.0,1.0,2927,v2,B2,sac_her_pickandplace_clean_2M
sac_her_recovery_v2,contact_dropout,2,0.0,-150.0,0.0,0.2364647540081676,150,0.0588588267564773,0.7339640855789185,0.0,1.0,2928,v2,B2,sac_her_pickandplace_clean_2M
sac_her_recovery_v2,contact_dropout,2,0.0,-150.0,0.0,0.2364647540081676,150,0.0588588267564773,0.7339640855789185,0.0,1.0,2929,v2,B2,sac_her_pickandplace_clean_2M
sac_her_recovery_v2,contact_dropout,2,0.0,-150.0,0.0,0.2364647540081676,150,0.0588588267564773,0.7339640855789185,0.0,1.0,2930,v2,B2,sac_her_pickandplace_clean_2M
sac_her_recovery_v2,contact_dropout,2,0.0,-150.0,0.0,0.2364647540081676,150,0.0588588267564773,0.7339640855789185,0.0,1.0,2931,v2,B2,sac_her_pickandplace_clean_2M
sac_her_recovery_v2,contact_dropout,2,0.0,-150.0,0.0,0.2364647540081676,150,0.0588588267564773,0.7339640855789185,0.0,1.0,2932,v2,B2,sac_her_pickandplace_clean_2M
sac_her_recovery_v2,contact_dropout,2,0.0,-150.0,0.0,0.2364647540081676,150,0.0588588267564773,0.7339640855789185,0.0,1.0,2933,v2,B2,sac_her_pickandplace_clean_2M
sac_her_recovery_v2,contact_dropout,2,0.0,-150.0,0.0,0.2364647540081676,150,0.0588588267564773,0.7339640855789185,0.0,1.0,2934,v2,B2,sac_her_pickandplace_clean_2M
sac_her_recovery_v2,contact_dropout,2,0.0,-150.0,0.0,0.2364647540081676,150,0.0588588267564773,0.7339640855789185,0.0,1.0,2935,v2,B2,sac_her_pickandplace_clean_2M
sac_her_recovery_v2,contact_dropout,2,0.0,-150.0,0.0,0.2364647540081676,150,0.0588588267564773,0.7339640855789185,0.0,1.0,2936,v2,B2,sac_her_pickandplace_clean_2M
sac_her_recovery_v2,contact_dropout,2,0.0,-150.0,0.0,0.2364647540081676,150,0.0588588267564773,0.7339640855789185,0.0,1.0,2937,v2,B2,sac_her_pickandplace_clean_2M
sac_her_recovery_v2,contact_dropout,2,0.0,-150.0,0.0,0.2364647540081676,150,0.0588588267564773,0.7339640855789185,0.0,1.0,2938,v2,B2,sac_her_pickandplace_clean_2M
sac_her_recovery_v2,contact_dropout,2,0.0,-150.0,0.0,0.2364647540081676,150,0.0588588267564773,0.7339640855789185,0.0,1.0,2939,v2,B2,sac_her_pickandplace_clean_2M
sac_her_recovery_v3,contact_dropout,2,0.0,-150.0,0.0,0.2364647540081676,150,0.0661796554923057,0.8828967213630676,0.0,1.0,2940,v3,B3,sac_her_pickandplace_clean_2M
sac_her_recovery_v3,contact_dropout,2,0.0,-150.0,0.0,0.2364647540081676,150,0.0661796554923057,0.8828967213630676,0.0,1.0,2941,v3,B3,sac_her_pickandplace_clean_2M
sac_her_recovery_v3,contact_dropout,2,0.0,-150.0,0.0,0.2364647540081676,150,0.0661796554923057,0.8828967213630676,0.0,1.0,2942,v3,B3,sac_her_pickandplace_clean_2M
sac_her_recovery_v3,contact_dropout,2,0.0,-150.0,0.0,0.2364647540081676,150,0.0661796554923057,0.8828967213630676,0.0,1.0,2943,v3,B3,sac_her_pickandplace_clean_2M
sac_her_recovery_v3,contact_dropout,2,0.0,-150.0,0.0,0.2364647540081676,150,0.0661796554923057,0.8828967213630676,0.0,1.0,2944,v3,B3,sac_her_pickandplace_clean_2M
sac_her_recovery_v3,contact_dropout,2,0.0,-150.0,0.0,0.2364647540081676,150,0.0661796554923057,0.8828967213630676,0.0,1.0,2945,v3,B3,sac_her_pickandplace_clean_2M
sac_her_recovery_v3,contact_dropout,2,0.0,-150.0,0.0,0.2364647540081676,150,0.0661796554923057,0.8828967213630676,0.0,1.0,2946,v3,B3,sac_her_pickandplace_clean_2M
sac_her_recovery_v3,contact_dropout,2,0.0,-150.0,0.0,0.2364647540081676,150,0.0661796554923057,0.8828967213630676,0.0,1.0,2947,v3,B3,sac_her_pickandplace_clean_2M
sac_her_recovery_v3,contact_dropout,2,0.0,-150.0,0.0,0.2364647540081676,150,0.0661796554923057,0.8828967213630676,0.0,1.0,2948,v3,B3,sac_her_pickandplace_clean_2M
sac_her_recovery_v3,contact_dropout,2,0.0,-150.0,0.0,0.2364647540081676,150,0.0661796554923057,0.8828967213630676,0.0,1.0,2949,v3,B3,sac_her_pickandplace_clean_2M
sac_her_recovery_v3,contact_dropout,2,0.0,-150.0,0.0,0.2364647540081676,150,0.0661796554923057,0.8828967213630676,0.0,1.0,2950,v3,B3,sac_her_pickandplace_clean_2M
sac_her_recovery_v3,contact_dropout,2,0.0,-150.0,0.0,0.2364647540081676,150,0.0661796554923057,0.8828967213630676,0.0,1.0,2951,v3,B3,sac_her_pickandplace_clean_2M
sac_her_recovery_v3,contact_dropout,2,0.0,-150.0,0.0,0.2364647540081676,150,0.0661796554923057,0.8828967213630676,0.0,1.0,2952,v3,B3,sac_her_pickandplace_clean_2M
sac_her_recovery_v3,contact_dropout,2,0.0,-150.0,0.0,0.2364647540081676,150,0.0661796554923057,0.8828967213630676,0.0,1.0,2953,v3,B3,sac_her_pickandplace_clean_2M
sac_her_recovery_v3,contact_dropout,2,0.0,-150.0,0.0,0.2364647540081676,150,0.0661796554923057,0.8828967213630676,0.0,1.0,2954,v3,B3,sac_her_pickandplace_clean_2M
sac_her_recovery_v3,contact_dropout,2,0.0,-150.0,0.0,0.2364647540081676,150,0.0661796554923057,0.8828967213630676,0.0,1.0,2955,v3,B3,sac_her_pickandplace_clean_2M
sac_her_recovery_v3,contact_dropout,2,0.0,-150.0,0.0,0.2364647540081676,150,0.0661796554923057,0.8828967213630676,0.0,1.0,2956,v3,B3,sac_her_pickandplace_clean_2M
sac_her_recovery_v3,contact_dropout,2,0.0,-150.0,0.0,0.2364647540081676,150,0.0661796554923057,0.8828967213630676,0.0,1.0,2957,v3,B3,sac_her_pickandplace_clean_2M
sac_her_recovery_v3,contact_dropout,2,0.0,-150.0,0.0,0.2364647540081676,150,0.0661796554923057,0.8828967213630676,0.0,1.0,2958,v3,B3,sac_her_pickandplace_clean_2M
sac_her_recovery_v3,contact_dropout,2,0.0,-150.0,0.0,0.2364647540081676,150,0.0661796554923057,0.8828967213630676,0.0,1.0,2959,v3,B3,sac_her_pickandplace_clean_2M
sac_her_recovery_v3,contact_dropout,2,0.0,-150.0,0.0,0.2364647540081676,150,0.0661796554923057,0.8828967213630676,0.0,1.0,2960,v3,B3,sac_her_pickandplace_clean_2M
sac_her_recovery_v3,contact_dropout,2,0.0,-150.0,0.0,0.2364647540081676,150,0.0661796554923057,0.8828967213630676,0.0,1.0,2961,v3,B3,sac_her_pickandplace_clean_2M
sac_her_recovery_v3,contact_dropout,2,0.0,-150.0,0.0,0.2364647540081676,150,0.0661796554923057,0.8828967213630676,0.0,1.0,2962,v3,B3,sac_her_pickandplace_clean_2M
sac_her_recovery_v3,contact_dropout,2,0.0,-150.0,0.0,0.2364647540081676,150,0.0661796554923057,0.8828967213630676,0.0,1.0,2963,v3,B3,sac_her_pickandplace_clean_2M
sac_her_recovery_v3,contact_dropout,2,0.0,-150.0,0.0,0.2364647540081676,150,0.0661796554923057,0.8828967213630676,0.0,1.0,2964,v3,B3,sac_her_pickandplace_clean_2M
sac_her_recovery_v3,contact_dropout,2,0.0,-150.0,0.0,0.2364647540081676,150,0.0661796554923057,0.8828967213630676,0.0,1.0,2965,v3,B3,sac_her_pickandplace_clean_2M
sac_her_recovery_v3,contact_dropout,2,0.0,-150.0,0.0,0.2364647540081676,150,0.0661796554923057,0.8828967213630676,0.0,1.0,2966,v3,B3,sac_her_pickandplace_clean_2M
sac_her_recovery_v3,contact_dropout,2,0.0,-150.0,0.0,0.2364647540081676,150,0.0661796554923057,0.8828967213630676,0.0,1.0,2967,v3,B3,sac_her_pickandplace_clean_2M
sac_her_recovery_v3,contact_dropout,2,0.0,-150.0,0.0,0.2364647540081676,150,0.0661796554923057,0.8828967213630676,0.0,1.0,2968,v3,B3,sac_her_pickandplace_clean_2M
sac_her_recovery_v3,contact_dropout,2,0.0,-150.0,0.0,0.2364647540081676,150,0.0661796554923057,0.8828967213630676,0.0,1.0,2969,v3,B3,sac_her_pickandplace_clean_2M
sac_her,clean,3,0.0,-13.0,1.0,0.0274878870868372,150,0.063592255115509,1.0351386070251465,0.0,0.0,2970,none,B0,sac_her_pickandplace_clean_2M
sac_her,clean,3,0.0,-13.0,1.0,0.0274878870868372,150,0.063592255115509,1.0351386070251465,0.0,0.0,2971,none,B0,sac_her_pickandplace_clean_2M
sac_her,clean,3,0.0,-13.0,1.0,0.0274878870868372,150,0.063592255115509,1.0351386070251465,0.0,0.0,2972,none,B0,sac_her_pickandplace_clean_2M
sac_her,clean,3,0.0,-13.0,1.0,0.0274878870868372,150,0.063592255115509,1.0351386070251465,0.0,0.0,2973,none,B0,sac_her_pickandplace_clean_2M
sac_her,clean,3,0.0,-13.0,1.0,0.0274878870868372,150,0.063592255115509,1.0351386070251465,0.0,0.0,2974,none,B0,sac_her_pickandplace_clean_2M
sac_her,clean,3,0.0,-13.0,1.0,0.0274878870868372,150,0.063592255115509,1.0351386070251465,0.0,0.0,2975,none,B0,sac_her_pickandplace_clean_2M
sac_her,clean,3,0.0,-13.0,1.0,0.0274878870868372,150,0.063592255115509,1.0351386070251465,0.0,0.0,2976,none,B0,sac_her_pickandplace_clean_2M
sac_her,clean,3,0.0,-13.0,1.0,0.0274878870868372,150,0.063592255115509,1.0351386070251465,0.0,0.0,2977,none,B0,sac_her_pickandplace_clean_2M
sac_her,clean,3,0.0,-13.0,1.0,0.0274878870868372,150,0.063592255115509,1.0351386070251465,0.0,0.0,2978,none,B0,sac_her_pickandplace_clean_2M
sac_her,clean,3,0.0,-13.0,1.0,0.0274878870868372,150,0.063592255115509,1.0351386070251465,0.0,0.0,2979,none,B0,sac_her_pickandplace_clean_2M
sac_her,clean,3,0.0,-13.0,1.0,0.0274878870868372,150,0.063592255115509,1.0351386070251465,0.0,0.0,2980,none,B0,sac_her_pickandplace_clean_2M
sac_her,clean,3,0.0,-13.0,1.0,0.0274878870868372,150,0.063592255115509,1.0351386070251465,0.0,0.0,2981,none,B0,sac_her_pickandplace_clean_2M
sac_her,clean,3,0.0,-13.0,1.0,0.0274878870868372,150,0.063592255115509,1.0351386070251465,0.0,0.0,2982,none,B0,sac_her_pickandplace_clean_2M
sac_her,clean,3,0.0,-13.0,1.0,0.0274878870868372,150,0.063592255115509,1.0351386070251465,0.0,0.0,2983,none,B0,sac_her_pickandplace_clean_2M
sac_her,clean,3,0.0,-13.0,1.0,0.0274878870868372,150,0.063592255115509,1.0351386070251465,0.0,0.0,2984,none,B0,sac_her_pickandplace_clean_2M
sac_her,clean,3,0.0,-13.0,1.0,0.0274878870868372,150,0.063592255115509,1.0351386070251465,0.0,0.0,2985,none,B0,sac_her_pickandplace_clean_2M
sac_her,clean,3,0.0,-13.0,1.0,0.0274878870868372,150,0.063592255115509,1.0351386070251465,0.0,0.0,2986,none,B0,sac_her_pickandplace_clean_2M
sac_her,clean,3,0.0,-13.0,1.0,0.0274878870868372,150,0.063592255115509,1.0351386070251465,0.0,0.0,2987,none,B0,sac_her_pickandplace_clean_2M
sac_her,clean,3,0.0,-13.0,1.0,0.0274878870868372,150,0.063592255115509,1.0351386070251465,0.0,0.0,2988,none,B0,sac_her_pickandplace_clean_2M
sac_her,clean,3,0.0,-13.0,1.0,0.0274878870868372,150,0.063592255115509,1.0351386070251465,0.0,0.0,2989,none,B0,sac_her_pickandplace_clean_2M
sac_her,clean,3,0.0,-13.0,1.0,0.0274878870868372,150,0.063592255115509,1.0351386070251465,0.0,0.0,2990,none,B0,sac_her_pickandplace_clean_2M
sac_her,clean,3,0.0,-13.0,1.0,0.0274878870868372,150,0.063592255115509,1.0351386070251465,0.0,0.0,2991,none,B0,sac_her_pickandplace_clean_2M
sac_her,clean,3,0.0,-13.0,1.0,0.0274878870868372,150,0.063592255115509,1.0351386070251465,0.0,0.0,2992,none,B0,sac_her_pickandplace_clean_2M
sac_her,clean,3,0.0,-13.0,1.0,0.0274878870868372,150,0.063592255115509,1.0351386070251465,0.0,0.0,2993,none,B0,sac_her_pickandplace_clean_2M
sac_her,clean,3,0.0,-13.0,1.0,0.0274878870868372,150,0.063592255115509,1.0351386070251465,0.0,0.0,2994,none,B0,sac_her_pickandplace_clean_2M
sac_her,clean,3,0.0,-13.0,1.0,0.0274878870868372,150,0.063592255115509,1.0351386070251465,0.0,0.0,2995,none,B0,sac_her_pickandplace_clean_2M
sac_her,clean,3,0.0,-13.0,1.0,0.0274878870868372,150,0.063592255115509,1.0351386070251465,0.0,0.0,2996,none,B0,sac_her_pickandplace_clean_2M
sac_her,clean,3,0.0,-13.0,1.0,0.0274878870868372,150,0.063592255115509,1.0351386070251465,0.0,0.0,2997,none,B0,sac_her_pickandplace_clean_2M
sac_her,clean,3,0.0,-13.0,1.0,0.0274878870868372,150,0.063592255115509,1.0351386070251465,0.0,0.0,2998,none,B0,sac_her_pickandplace_clean_2M
sac_her,clean,3,0.0,-13.0,1.0,0.0274878870868372,150,0.063592255115509,1.0351386070251465,0.0,0.0,2999,none,B0,sac_her_pickandplace_clean_2M
sac_her_recovery_v2,clean,3,0.0,-13.0,1.0,0.0274878870868372,150,0.063592255115509,1.0351386070251465,0.0,0.0,3000,v2,B2,sac_her_pickandplace_clean_2M
sac_her_recovery_v2,clean,3,0.0,-13.0,1.0,0.0274878870868372,150,0.063592255115509,1.0351386070251465,0.0,0.0,3001,v2,B2,sac_her_pickandplace_clean_2M
sac_her_recovery_v2,clean,3,0.0,-13.0,1.0,0.0274878870868372,150,0.063592255115509,1.0351386070251465,0.0,0.0,3002,v2,B2,sac_her_pickandplace_clean_2M
sac_her_recovery_v2,clean,3,0.0,-13.0,1.0,0.0274878870868372,150,0.063592255115509,1.0351386070251465,0.0,0.0,3003,v2,B2,sac_her_pickandplace_clean_2M
sac_her_recovery_v2,clean,3,0.0,-13.0,1.0,0.0274878870868372,150,0.063592255115509,1.0351386070251465,0.0,0.0,3004,v2,B2,sac_her_pickandplace_clean_2M
sac_her_recovery_v2,clean,3,0.0,-13.0,1.0,0.0274878870868372,150,0.063592255115509,1.0351386070251465,0.0,0.0,3005,v2,B2,sac_her_pickandplace_clean_2M
sac_her_recovery_v2,clean,3,0.0,-13.0,1.0,0.0274878870868372,150,0.063592255115509,1.0351386070251465,0.0,0.0,3006,v2,B2,sac_her_pickandplace_clean_2M
sac_her_recovery_v2,clean,3,0.0,-13.0,1.0,0.0274878870868372,150,0.063592255115509,1.0351386070251465,0.0,0.0,3007,v2,B2,sac_her_pickandplace_clean_2M
sac_her_recovery_v2,clean,3,0.0,-13.0,1.0,0.0274878870868372,150,0.063592255115509,1.0351386070251465,0.0,0.0,3008,v2,B2,sac_her_pickandplace_clean_2M
sac_her_recovery_v2,clean,3,0.0,-13.0,1.0,0.0274878870868372,150,0.063592255115509,1.0351386070251465,0.0,0.0,3009,v2,B2,sac_her_pickandplace_clean_2M
sac_her_recovery_v2,clean,3,0.0,-13.0,1.0,0.0274878870868372,150,0.063592255115509,1.0351386070251465,0.0,0.0,3010,v2,B2,sac_her_pickandplace_clean_2M
sac_her_recovery_v2,clean,3,0.0,-13.0,1.0,0.0274878870868372,150,0.063592255115509,1.0351386070251465,0.0,0.0,3011,v2,B2,sac_her_pickandplace_clean_2M
sac_her_recovery_v2,clean,3,0.0,-13.0,1.0,0.0274878870868372,150,0.063592255115509,1.0351386070251465,0.0,0.0,3012,v2,B2,sac_her_pickandplace_clean_2M
sac_her_recovery_v2,clean,3,0.0,-13.0,1.0,0.0274878870868372,150,0.063592255115509,1.0351386070251465,0.0,0.0,3013,v2,B2,sac_her_pickandplace_clean_2M
sac_her_recovery_v2,clean,3,0.0,-13.0,1.0,0.0274878870868372,150,0.063592255115509,1.0351386070251465,0.0,0.0,3014,v2,B2,sac_her_pickandplace_clean_2M
sac_her_recovery_v2,clean,3,0.0,-13.0,1.0,0.0274878870868372,150,0.063592255115509,1.0351386070251465,0.0,0.0,3015,v2,B2,sac_her_pickandplace_clean_2M
sac_her_recovery_v2,clean,3,0.0,-13.0,1.0,0.0274878870868372,150,0.063592255115509,1.0351386070251465,0.0,0.0,3016,v2,B2,sac_her_pickandplace_clean_2M
sac_her_recovery_v2,clean,3,0.0,-13.0,1.0,0.0274878870868372,150,0.063592255115509,1.0351386070251465,0.0,0.0,3017,v2,B2,sac_her_pickandplace_clean_2M
sac_her_recovery_v2,clean,3,0.0,-13.0,1.0,0.0274878870868372,150,0.063592255115509,1.0351386070251465,0.0,0.0,3018,v2,B2,sac_her_pickandplace_clean_2M
sac_her_recovery_v2,clean,3,0.0,-13.0,1.0,0.0274878870868372,150,0.063592255115509,1.0351386070251465,0.0,0.0,3019,v2,B2,sac_her_pickandplace_clean_2M
sac_her_recovery_v2,clean,3,0.0,-13.0,1.0,0.0274878870868372,150,0.063592255115509,1.0351386070251465,0.0,0.0,3020,v2,B2,sac_her_pickandplace_clean_2M
sac_her_recovery_v2,clean,3,0.0,-13.0,1.0,0.0274878870868372,150,0.063592255115509,1.0351386070251465,0.0,0.0,3021,v2,B2,sac_her_pickandplace_clean_2M
sac_her_recovery_v2,clean,3,0.0,-13.0,1.0,0.0274878870868372,150,0.063592255115509,1.0351386070251465,0.0,0.0,3022,v2,B2,sac_her_pickandplace_clean_2M
sac_her_recovery_v2,clean,3,0.0,-13.0,1.0,0.0274878870868372,150,0.063592255115509,1.0351386070251465,0.0,0.0,3023,v2,B2,sac_her_pickandplace_clean_2M
sac_her_recovery_v2,clean,3,0.0,-13.0,1.0,0.0274878870868372,150,0.063592255115509,1.0351386070251465,0.0,0.0,3024,v2,B2,sac_her_pickandplace_clean_2M
sac_her_recovery_v2,clean,3,0.0,-13.0,1.0,0.0274878870868372,150,0.063592255115509,1.0351386070251465,0.0,0.0,3025,v2,B2,sac_her_pickandplace_clean_2M
sac_her_recovery_v2,clean,3,0.0,-13.0,1.0,0.0274878870868372,150,0.063592255115509,1.0351386070251465,0.0,0.0,3026,v2,B2,sac_her_pickandplace_clean_2M
sac_her_recovery_v2,clean,3,0.0,-13.0,1.0,0.0274878870868372,150,0.063592255115509,1.0351386070251465,0.0,0.0,3027,v2,B2,sac_her_pickandplace_clean_2M
sac_her_recovery_v2,clean,3,0.0,-13.0,1.0,0.0274878870868372,150,0.063592255115509,1.0351386070251465,0.0,0.0,3028,v2,B2,sac_her_pickandplace_clean_2M
sac_her_recovery_v2,clean,3,0.0,-13.0,1.0,0.0274878870868372,150,0.063592255115509,1.0351386070251465,0.0,0.0,3029,v2,B2,sac_her_pickandplace_clean_2M
sac_her_recovery_v3,clean,3,0.0,-13.0,1.0,0.0274878870868372,150,0.063592255115509,1.0351386070251465,0.0,0.0,3030,v3,B3,sac_her_pickandplace_clean_2M
sac_her_recovery_v3,clean,3,0.0,-13.0,1.0,0.0274878870868372,150,0.063592255115509,1.0351386070251465,0.0,0.0,3031,v3,B3,sac_her_pickandplace_clean_2M
sac_her_recovery_v3,clean,3,0.0,-13.0,1.0,0.0274878870868372,150,0.063592255115509,1.0351386070251465,0.0,0.0,3032,v3,B3,sac_her_pickandplace_clean_2M
sac_her_recovery_v3,clean,3,0.0,-13.0,1.0,0.0274878870868372,150,0.063592255115509,1.0351386070251465,0.0,0.0,3033,v3,B3,sac_her_pickandplace_clean_2M
sac_her_recovery_v3,clean,3,0.0,-13.0,1.0,0.0274878870868372,150,0.063592255115509,1.0351386070251465,0.0,0.0,3034,v3,B3,sac_her_pickandplace_clean_2M
sac_her_recovery_v3,clean,3,0.0,-13.0,1.0,0.0274878870868372,150,0.063592255115509,1.0351386070251465,0.0,0.0,3035,v3,B3,sac_her_pickandplace_clean_2M
sac_her_recovery_v3,clean,3,0.0,-13.0,1.0,0.0274878870868372,150,0.063592255115509,1.0351386070251465,0.0,0.0,3036,v3,B3,sac_her_pickandplace_clean_2M
sac_her_recovery_v3,clean,3,0.0,-13.0,1.0,0.0274878870868372,150,0.063592255115509,1.0351386070251465,0.0,0.0,3037,v3,B3,sac_her_pickandplace_clean_2M
sac_her_recovery_v3,clean,3,0.0,-13.0,1.0,0.0274878870868372,150,0.063592255115509,1.0351386070251465,0.0,0.0,3038,v3,B3,sac_her_pickandplace_clean_2M
sac_her_recovery_v3,clean,3,0.0,-13.0,1.0,0.0274878870868372,150,0.063592255115509,1.0351386070251465,0.0,0.0,3039,v3,B3,sac_her_pickandplace_clean_2M
sac_her_recovery_v3,clean,3,0.0,-13.0,1.0,0.0274878870868372,150,0.063592255115509,1.0351386070251465,0.0,0.0,3040,v3,B3,sac_her_pickandplace_clean_2M
sac_her_recovery_v3,clean,3,0.0,-13.0,1.0,0.0274878870868372,150,0.063592255115509,1.0351386070251465,0.0,0.0,3041,v3,B3,sac_her_pickandplace_clean_2M
sac_her_recovery_v3,clean,3,0.0,-13.0,1.0,0.0274878870868372,150,0.063592255115509,1.0351386070251465,0.0,0.0,3042,v3,B3,sac_her_pickandplace_clean_2M
sac_her_recovery_v3,clean,3,0.0,-13.0,1.0,0.0274878870868372,150,0.063592255115509,1.0351386070251465,0.0,0.0,3043,v3,B3,sac_her_pickandplace_clean_2M
sac_her_recovery_v3,clean,3,0.0,-13.0,1.0,0.0274878870868372,150,0.063592255115509,1.0351386070251465,0.0,0.0,3044,v3,B3,sac_her_pickandplace_clean_2M
sac_her_recovery_v3,clean,3,0.0,-13.0,1.0,0.0274878870868372,150,0.063592255115509,1.0351386070251465,0.0,0.0,3045,v3,B3,sac_her_pickandplace_clean_2M
sac_her_recovery_v3,clean,3,0.0,-13.0,1.0,0.0274878870868372,150,0.063592255115509,1.0351386070251465,0.0,0.0,3046,v3,B3,sac_her_pickandplace_clean_2M
sac_her_recovery_v3,clean,3,0.0,-13.0,1.0,0.0274878870868372,150,0.063592255115509,1.0351386070251465,0.0,0.0,3047,v3,B3,sac_her_pickandplace_clean_2M
sac_her_recovery_v3,clean,3,0.0,-13.0,1.0,0.0274878870868372,150,0.063592255115509,1.0351386070251465,0.0,0.0,3048,v3,B3,sac_her_pickandplace_clean_2M
sac_her_recovery_v3,clean,3,0.0,-13.0,1.0,0.0274878870868372,150,0.063592255115509,1.0351386070251465,0.0,0.0,3049,v3,B3,sac_her_pickandplace_clean_2M
sac_her_recovery_v3,clean,3,0.0,-13.0,1.0,0.0274878870868372,150,0.063592255115509,1.0351386070251465,0.0,0.0,3050,v3,B3,sac_her_pickandplace_clean_2M
sac_her_recovery_v3,clean,3,0.0,-13.0,1.0,0.0274878870868372,150,0.063592255115509,1.0351386070251465,0.0,0.0,3051,v3,B3,sac_her_pickandplace_clean_2M
sac_her_recovery_v3,clean,3,0.0,-13.0,1.0,0.0274878870868372,150,0.063592255115509,1.0351386070251465,0.0,0.0,3052,v3,B3,sac_her_pickandplace_clean_2M
sac_her_recovery_v3,clean,3,0.0,-13.0,1.0,0.0274878870868372,150,0.063592255115509,1.0351386070251465,0.0,0.0,3053,v3,B3,sac_her_pickandplace_clean_2M
sac_her_recovery_v3,clean,3,0.0,-13.0,1.0,0.0274878870868372,150,0.063592255115509,1.0351386070251465,0.0,0.0,3054,v3,B3,sac_her_pickandplace_clean_2M
sac_her_recovery_v3,clean,3,0.0,-13.0,1.0,0.0274878870868372,150,0.063592255115509,1.0351386070251465,0.0,0.0,3055,v3,B3,sac_her_pickandplace_clean_2M
sac_her_recovery_v3,clean,3,0.0,-13.0,1.0,0.0274878870868372,150,0.063592255115509,1.0351386070251465,0.0,0.0,3056,v3,B3,sac_her_pickandplace_clean_2M
sac_her_recovery_v3,clean,3,0.0,-13.0,1.0,0.0274878870868372,150,0.063592255115509,1.0351386070251465,0.0,0.0,3057,v3,B3,sac_her_pickandplace_clean_2M
sac_her_recovery_v3,clean,3,0.0,-13.0,1.0,0.0274878870868372,150,0.063592255115509,1.0351386070251465,0.0,0.0,3058,v3,B3,sac_her_pickandplace_clean_2M
sac_her_recovery_v3,clean,3,0.0,-13.0,1.0,0.0274878870868372,150,0.063592255115509,1.0351386070251465,0.0,0.0,3059,v3,B3,sac_her_pickandplace_clean_2M
sac_her,sensor_dropout,3,0.0,-150.0,0.0,0.3213978804705762,150,8.000623497039783e-10,1.795314073562622,0.0,0.0,3060,none,B1,sac_her_pickandplace_clean_2M
sac_her,sensor_dropout,3,0.0,-150.0,0.0,0.3213978804705762,150,8.000623497039783e-10,1.795314073562622,0.0,0.0,3061,none,B1,sac_her_pickandplace_clean_2M
sac_her,sensor_dropout,3,0.0,-150.0,0.0,0.3213978804705762,150,8.000623497039783e-10,1.795314073562622,0.0,0.0,3062,none,B1,sac_her_pickandplace_clean_2M
sac_her,sensor_dropout,3,0.0,-150.0,0.0,0.3213978804705762,150,8.000623497039783e-10,1.795314073562622,0.0,0.0,3063,none,B1,sac_her_pickandplace_clean_2M
sac_her,sensor_dropout,3,0.0,-150.0,0.0,0.3213978804705762,150,8.000623497039783e-10,1.795314073562622,0.0,0.0,3064,none,B1,sac_her_pickandplace_clean_2M
sac_her,sensor_dropout,3,0.0,-150.0,0.0,0.3213978804705762,150,8.000623497039783e-10,1.795314073562622,0.0,0.0,3065,none,B1,sac_her_pickandplace_clean_2M
sac_her,sensor_dropout,3,0.0,-150.0,0.0,0.3213978804705762,150,8.000623497039783e-10,1.795314073562622,0.0,0.0,3066,none,B1,sac_her_pickandplace_clean_2M
sac_her,sensor_dropout,3,0.0,-150.0,0.0,0.3213978804705762,150,8.000623497039783e-10,1.795314073562622,0.0,0.0,3067,none,B1,sac_her_pickandplace_clean_2M
sac_her,sensor_dropout,3,0.0,-150.0,0.0,0.3213978804705762,150,8.000623497039783e-10,1.795314073562622,0.0,0.0,3068,none,B1,sac_her_pickandplace_clean_2M
sac_her,sensor_dropout,3,0.0,-150.0,0.0,0.3213978804705762,150,8.000623497039783e-10,1.795314073562622,0.0,0.0,3069,none,B1,sac_her_pickandplace_clean_2M
sac_her,sensor_dropout,3,0.0,-150.0,0.0,0.3213978804705762,150,8.000623497039783e-10,1.795314073562622,0.0,0.0,3070,none,B1,sac_her_pickandplace_clean_2M
sac_her,sensor_dropout,3,0.0,-150.0,0.0,0.3213978804705762,150,8.000623497039783e-10,1.795314073562622,0.0,0.0,3071,none,B1,sac_her_pickandplace_clean_2M
sac_her,sensor_dropout,3,0.0,-150.0,0.0,0.3213978804705762,150,8.000623497039783e-10,1.795314073562622,0.0,0.0,3072,none,B1,sac_her_pickandplace_clean_2M
sac_her,sensor_dropout,3,0.0,-150.0,0.0,0.3213978804705762,150,8.000623497039783e-10,1.795314073562622,0.0,0.0,3073,none,B1,sac_her_pickandplace_clean_2M
sac_her,sensor_dropout,3,0.0,-150.0,0.0,0.3213978804705762,150,8.000623497039783e-10,1.795314073562622,0.0,0.0,3074,none,B1,sac_her_pickandplace_clean_2M
sac_her,sensor_dropout,3,0.0,-150.0,0.0,0.3213978804705762,150,8.000623497039783e-10,1.795314073562622,0.0,0.0,3075,none,B1,sac_her_pickandplace_clean_2M
sac_her,sensor_dropout,3,0.0,-150.0,0.0,0.3213978804705762,150,8.000623497039783e-10,1.795314073562622,0.0,0.0,3076,none,B1,sac_her_pickandplace_clean_2M
sac_her,sensor_dropout,3,0.0,-150.0,0.0,0.3213978804705762,150,8.000623497039783e-10,1.795314073562622,0.0,0.0,3077,none,B1,sac_her_pickandplace_clean_2M
sac_her,sensor_dropout,3,0.0,-150.0,0.0,0.3213978804705762,150,8.000623497039783e-10,1.795314073562622,0.0,0.0,3078,none,B1,sac_her_pickandplace_clean_2M
sac_her,sensor_dropout,3,0.0,-150.0,0.0,0.3213978804705762,150,8.000623497039783e-10,1.795314073562622,0.0,0.0,3079,none,B1,sac_her_pickandplace_clean_2M
sac_her,sensor_dropout,3,0.0,-150.0,0.0,0.3213978804705762,150,8.000623497039783e-10,1.795314073562622,0.0,0.0,3080,none,B1,sac_her_pickandplace_clean_2M
sac_her,sensor_dropout,3,0.0,-150.0,0.0,0.3213978804705762,150,8.000623497039783e-10,1.795314073562622,0.0,0.0,3081,none,B1,sac_her_pickandplace_clean_2M
sac_her,sensor_dropout,3,0.0,-150.0,0.0,0.3213978804705762,150,8.000623497039783e-10,1.795314073562622,0.0,0.0,3082,none,B1,sac_her_pickandplace_clean_2M
sac_her,sensor_dropout,3,0.0,-150.0,0.0,0.3213978804705762,150,8.000623497039783e-10,1.795314073562622,0.0,0.0,3083,none,B1,sac_her_pickandplace_clean_2M
sac_her,sensor_dropout,3,0.0,-150.0,0.0,0.3213978804705762,150,8.000623497039783e-10,1.795314073562622,0.0,0.0,3084,none,B1,sac_her_pickandplace_clean_2M
sac_her,sensor_dropout,3,0.0,-150.0,0.0,0.3213978804705762,150,8.000623497039783e-10,1.795314073562622,0.0,0.0,3085,none,B1,sac_her_pickandplace_clean_2M
sac_her,sensor_dropout,3,0.0,-150.0,0.0,0.3213978804705762,150,8.000623497039783e-10,1.795314073562622,0.0,0.0,3086,none,B1,sac_her_pickandplace_clean_2M
sac_her,sensor_dropout,3,0.0,-150.0,0.0,0.3213978804705762,150,8.000623497039783e-10,1.795314073562622,0.0,0.0,3087,none,B1,sac_her_pickandplace_clean_2M
sac_her,sensor_dropout,3,0.0,-150.0,0.0,0.3213978804705762,150,8.000623497039783e-10,1.795314073562622,0.0,0.0,3088,none,B1,sac_her_pickandplace_clean_2M
sac_her,sensor_dropout,3,0.0,-150.0,0.0,0.3213978804705762,150,8.000623497039783e-10,1.795314073562622,0.0,0.0,3089,none,B1,sac_her_pickandplace_clean_2M
sac_her_recovery_v2,sensor_dropout,3,0.0,-150.0,0.0,0.3213978804705762,150,0.0150477485731244,1.7933859825134275,0.0,1.0,3090,v2,B2,sac_her_pickandplace_clean_2M
sac_her_recovery_v2,sensor_dropout,3,0.0,-150.0,0.0,0.3213978804705762,150,0.0150477485731244,1.7933859825134275,0.0,1.0,3091,v2,B2,sac_her_pickandplace_clean_2M
sac_her_recovery_v2,sensor_dropout,3,0.0,-150.0,0.0,0.3213978804705762,150,0.0150477485731244,1.7933859825134275,0.0,1.0,3092,v2,B2,sac_her_pickandplace_clean_2M
sac_her_recovery_v2,sensor_dropout,3,0.0,-150.0,0.0,0.3213978804705762,150,0.0150477485731244,1.7933859825134275,0.0,1.0,3093,v2,B2,sac_her_pickandplace_clean_2M
sac_her_recovery_v2,sensor_dropout,3,0.0,-150.0,0.0,0.3213978804705762,150,0.0150477485731244,1.7933859825134275,0.0,1.0,3094,v2,B2,sac_her_pickandplace_clean_2M
sac_her_recovery_v2,sensor_dropout,3,0.0,-150.0,0.0,0.3213978804705762,150,0.0150477485731244,1.7933859825134275,0.0,1.0,3095,v2,B2,sac_her_pickandplace_clean_2M
sac_her_recovery_v2,sensor_dropout,3,0.0,-150.0,0.0,0.3213978804705762,150,0.0150477485731244,1.7933859825134275,0.0,1.0,3096,v2,B2,sac_her_pickandplace_clean_2M
sac_her_recovery_v2,sensor_dropout,3,0.0,-150.0,0.0,0.3213978804705762,150,0.0150477485731244,1.7933859825134275,0.0,1.0,3097,v2,B2,sac_her_pickandplace_clean_2M
sac_her_recovery_v2,sensor_dropout,3,0.0,-150.0,0.0,0.3213978804705762,150,0.0150477485731244,1.7933859825134275,0.0,1.0,3098,v2,B2,sac_her_pickandplace_clean_2M
sac_her_recovery_v2,sensor_dropout,3,0.0,-150.0,0.0,0.3213978804705762,150,0.0150477485731244,1.7933859825134275,0.0,1.0,3099,v2,B2,sac_her_pickandplace_clean_2M
sac_her_recovery_v2,sensor_dropout,3,0.0,-150.0,0.0,0.3213978804705762,150,0.0150477485731244,1.7933859825134275,0.0,1.0,3100,v2,B2,sac_her_pickandplace_clean_2M
sac_her_recovery_v2,sensor_dropout,3,0.0,-150.0,0.0,0.3213978804705762,150,0.0150477485731244,1.7933859825134275,0.0,1.0,3101,v2,B2,sac_her_pickandplace_clean_2M
sac_her_recovery_v2,sensor_dropout,3,0.0,-150.0,0.0,0.3213978804705762,150,0.0150477485731244,1.7933859825134275,0.0,1.0,3102,v2,B2,sac_her_pickandplace_clean_2M
sac_her_recovery_v2,sensor_dropout,3,0.0,-150.0,0.0,0.3213978804705762,150,0.0150477485731244,1.7933859825134275,0.0,1.0,3103,v2,B2,sac_her_pickandplace_clean_2M
sac_her_recovery_v2,sensor_dropout,3,0.0,-150.0,0.0,0.3213978804705762,150,0.0150477485731244,1.7933859825134275,0.0,1.0,3104,v2,B2,sac_her_pickandplace_clean_2M
sac_her_recovery_v2,sensor_dropout,3,0.0,-150.0,0.0,0.3213978804705762,150,0.0150477485731244,1.7933859825134275,0.0,1.0,3105,v2,B2,sac_her_pickandplace_clean_2M
sac_her_recovery_v2,sensor_dropout,3,0.0,-150.0,0.0,0.3213978804705762,150,0.0150477485731244,1.7933859825134275,0.0,1.0,3106,v2,B2,sac_her_pickandplace_clean_2M
sac_her_recovery_v2,sensor_dropout,3,0.0,-150.0,0.0,0.3213978804705762,150,0.0150477485731244,1.7933859825134275,0.0,1.0,3107,v2,B2,sac_her_pickandplace_clean_2M
sac_her_recovery_v2,sensor_dropout,3,0.0,-150.0,0.0,0.3213978804705762,150,0.0150477485731244,1.7933859825134275,0.0,1.0,3108,v2,B2,sac_her_pickandplace_clean_2M
sac_her_recovery_v2,sensor_dropout,3,0.0,-150.0,0.0,0.3213978804705762,150,0.0150477485731244,1.7933859825134275,0.0,1.0,3109,v2,B2,sac_her_pickandplace_clean_2M
sac_her_recovery_v2,sensor_dropout,3,0.0,-150.0,0.0,0.3213978804705762,150,0.0150477485731244,1.7933859825134275,0.0,1.0,3110,v2,B2,sac_her_pickandplace_clean_2M
sac_her_recovery_v2,sensor_dropout,3,0.0,-150.0,0.0,0.3213978804705762,150,0.0150477485731244,1.7933859825134275,0.0,1.0,3111,v2,B2,sac_her_pickandplace_clean_2M
sac_her_recovery_v2,sensor_dropout,3,0.0,-150.0,0.0,0.3213978804705762,150,0.0150477485731244,1.7933859825134275,0.0,1.0,3112,v2,B2,sac_her_pickandplace_clean_2M
sac_her_recovery_v2,sensor_dropout,3,0.0,-150.0,0.0,0.3213978804705762,150,0.0150477485731244,1.7933859825134275,0.0,1.0,3113,v2,B2,sac_her_pickandplace_clean_2M
sac_her_recovery_v2,sensor_dropout,3,0.0,-150.0,0.0,0.3213978804705762,150,0.0150477485731244,1.7933859825134275,0.0,1.0,3114,v2,B2,sac_her_pickandplace_clean_2M
sac_her_recovery_v2,sensor_dropout,3,0.0,-150.0,0.0,0.3213978804705762,150,0.0150477485731244,1.7933859825134275,0.0,1.0,3115,v2,B2,sac_her_pickandplace_clean_2M
sac_her_recovery_v2,sensor_dropout,3,0.0,-150.0,0.0,0.3213978804705762,150,0.0150477485731244,1.7933859825134275,0.0,1.0,3116,v2,B2,sac_her_pickandplace_clean_2M
sac_her_recovery_v2,sensor_dropout,3,0.0,-150.0,0.0,0.3213978804705762,150,0.0150477485731244,1.7933859825134275,0.0,1.0,3117,v2,B2,sac_her_pickandplace_clean_2M
sac_her_recovery_v2,sensor_dropout,3,0.0,-150.0,0.0,0.3213978804705762,150,0.0150477485731244,1.7933859825134275,0.0,1.0,3118,v2,B2,sac_her_pickandplace_clean_2M
sac_her_recovery_v2,sensor_dropout,3,0.0,-150.0,0.0,0.3213978804705762,150,0.0150477485731244,1.7933859825134275,0.0,1.0,3119,v2,B2,sac_her_pickandplace_clean_2M
sac_her_recovery_v3,sensor_dropout,3,0.0,-150.0,0.0,0.3213978804705762,150,0.0150477485731244,1.7895300388336182,0.0,1.0,3120,v3,B3,sac_her_pickandplace_clean_2M
sac_her_recovery_v3,sensor_dropout,3,0.0,-150.0,0.0,0.3213978804705762,150,0.0150477485731244,1.7895300388336182,0.0,1.0,3121,v3,B3,sac_her_pickandplace_clean_2M
sac_her_recovery_v3,sensor_dropout,3,0.0,-150.0,0.0,0.3213978804705762,150,0.0150477485731244,1.7895300388336182,0.0,1.0,3122,v3,B3,sac_her_pickandplace_clean_2M
sac_her_recovery_v3,sensor_dropout,3,0.0,-150.0,0.0,0.3213978804705762,150,0.0150477485731244,1.7895300388336182,0.0,1.0,3123,v3,B3,sac_her_pickandplace_clean_2M
sac_her_recovery_v3,sensor_dropout,3,0.0,-150.0,0.0,0.3213978804705762,150,0.0150477485731244,1.7895300388336182,0.0,1.0,3124,v3,B3,sac_her_pickandplace_clean_2M
sac_her_recovery_v3,sensor_dropout,3,0.0,-150.0,0.0,0.3213978804705762,150,0.0150477485731244,1.7895300388336182,0.0,1.0,3125,v3,B3,sac_her_pickandplace_clean_2M
sac_her_recovery_v3,sensor_dropout,3,0.0,-150.0,0.0,0.3213978804705762,150,0.0150477485731244,1.7895300388336182,0.0,1.0,3126,v3,B3,sac_her_pickandplace_clean_2M
sac_her_recovery_v3,sensor_dropout,3,0.0,-150.0,0.0,0.3213978804705762,150,0.0150477485731244,1.7895300388336182,0.0,1.0,3127,v3,B3,sac_her_pickandplace_clean_2M
sac_her_recovery_v3,sensor_dropout,3,0.0,-150.0,0.0,0.3213978804705762,150,0.0150477485731244,1.7895300388336182,0.0,1.0,3128,v3,B3,sac_her_pickandplace_clean_2M
sac_her_recovery_v3,sensor_dropout,3,0.0,-150.0,0.0,0.3213978804705762,150,0.0150477485731244,1.7895300388336182,0.0,1.0,3129,v3,B3,sac_her_pickandplace_clean_2M
sac_her_recovery_v3,sensor_dropout,3,0.0,-150.0,0.0,0.3213978804705762,150,0.0150477485731244,1.7895300388336182,0.0,1.0,3130,v3,B3,sac_her_pickandplace_clean_2M
sac_her_recovery_v3,sensor_dropout,3,0.0,-150.0,0.0,0.3213978804705762,150,0.0150477485731244,1.7895300388336182,0.0,1.0,3131,v3,B3,sac_her_pickandplace_clean_2M
sac_her_recovery_v3,sensor_dropout,3,0.0,-150.0,0.0,0.3213978804705762,150,0.0150477485731244,1.7895300388336182,0.0,1.0,3132,v3,B3,sac_her_pickandplace_clean_2M
sac_her_recovery_v3,sensor_dropout,3,0.0,-150.0,0.0,0.3213978804705762,150,0.0150477485731244,1.7895300388336182,0.0,1.0,3133,v3,B3,sac_her_pickandplace_clean_2M
sac_her_recovery_v3,sensor_dropout,3,0.0,-150.0,0.0,0.3213978804705762,150,0.0150477485731244,1.7895300388336182,0.0,1.0,3134,v3,B3,sac_her_pickandplace_clean_2M
sac_her_recovery_v3,sensor_dropout,3,0.0,-150.0,0.0,0.3213978804705762,150,0.0150477485731244,1.7895300388336182,0.0,1.0,3135,v3,B3,sac_her_pickandplace_clean_2M
sac_her_recovery_v3,sensor_dropout,3,0.0,-150.0,0.0,0.3213978804705762,150,0.0150477485731244,1.7895300388336182,0.0,1.0,3136,v3,B3,sac_her_pickandplace_clean_2M
sac_her_recovery_v3,sensor_dropout,3,0.0,-150.0,0.0,0.3213978804705762,150,0.0150477485731244,1.7895300388336182,0.0,1.0,3137,v3,B3,sac_her_pickandplace_clean_2M
sac_her_recovery_v3,sensor_dropout,3,0.0,-150.0,0.0,0.3213978804705762,150,0.0150477485731244,1.7895300388336182,0.0,1.0,3138,v3,B3,sac_her_pickandplace_clean_2M
sac_her_recovery_v3,sensor_dropout,3,0.0,-150.0,0.0,0.3213978804705762,150,0.0150477485731244,1.7895300388336182,0.0,1.0,3139,v3,B3,sac_her_pickandplace_clean_2M
sac_her_recovery_v3,sensor_dropout,3,0.0,-150.0,0.0,0.3213978804705762,150,0.0150477485731244,1.7895300388336182,0.0,1.0,3140,v3,B3,sac_her_pickandplace_clean_2M
sac_her_recovery_v3,sensor_dropout,3,0.0,-150.0,0.0,0.3213978804705762,150,0.0150477485731244,1.7895300388336182,0.0,1.0,3141,v3,B3,sac_her_pickandplace_clean_2M
sac_her_recovery_v3,sensor_dropout,3,0.0,-150.0,0.0,0.3213978804705762,150,0.0150477485731244,1.7895300388336182,0.0,1.0,3142,v3,B3,sac_her_pickandplace_clean_2M
sac_her_recovery_v3,sensor_dropout,3,0.0,-150.0,0.0,0.3213978804705762,150,0.0150477485731244,1.7895300388336182,0.0,1.0,3143,v3,B3,sac_her_pickandplace_clean_2M
sac_her_recovery_v3,sensor_dropout,3,0.0,-150.0,0.0,0.3213978804705762,150,0.0150477485731244,1.7895300388336182,0.0,1.0,3144,v3,B3,sac_her_pickandplace_clean_2M
sac_her_recovery_v3,sensor_dropout,3,0.0,-150.0,0.0,0.3213978804705762,150,0.0150477485731244,1.7895300388336182,0.0,1.0,3145,v3,B3,sac_her_pickandplace_clean_2M
sac_her_recovery_v3,sensor_dropout,3,0.0,-150.0,0.0,0.3213978804705762,150,0.0150477485731244,1.7895300388336182,0.0,1.0,3146,v3,B3,sac_her_pickandplace_clean_2M
sac_her_recovery_v3,sensor_dropout,3,0.0,-150.0,0.0,0.3213978804705762,150,0.0150477485731244,1.7895300388336182,0.0,1.0,3147,v3,B3,sac_her_pickandplace_clean_2M
sac_her_recovery_v3,sensor_dropout,3,0.0,-150.0,0.0,0.3213978804705762,150,0.0150477485731244,1.7895300388336182,0.0,1.0,3148,v3,B3,sac_her_pickandplace_clean_2M
sac_her_recovery_v3,sensor_dropout,3,0.0,-150.0,0.0,0.3213978804705762,150,0.0150477485731244,1.7895300388336182,0.0,1.0,3149,v3,B3,sac_her_pickandplace_clean_2M
sac_her,sensor_bias,3,0.1,-150.0,0.0,0.3783608516019183,150,0.6047283411026001,1.1971466541290283,0.0,0.0,3150,none,B1,sac_her_pickandplace_clean_2M
sac_her,sensor_bias,3,0.1,-150.0,0.0,0.3213978804705762,150,0.0442594997584819,0.938581109046936,0.0,0.0,3151,none,B1,sac_her_pickandplace_clean_2M
sac_her,sensor_bias,3,0.1,-150.0,0.0,0.3970249290596231,150,0.0692471787333488,0.9769029021263124,0.0,0.0,3152,none,B1,sac_her_pickandplace_clean_2M
sac_her,sensor_bias,3,0.1,-150.0,0.0,0.3213978804705762,150,1.6543190479278564,1.1943917274475098,0.0,0.0,3153,none,B1,sac_her_pickandplace_clean_2M
sac_her,sensor_bias,3,0.1,-150.0,0.0,0.8307445446373336,150,0.5225774645805359,1.426656723022461,0.0,0.0,3154,none,B1,sac_her_pickandplace_clean_2M
sac_her,sensor_bias,3,0.1,-150.0,0.0,0.3213978804705762,150,1.9932185411453247,1.4503531455993652,0.0,0.0,3155,none,B1,sac_her_pickandplace_clean_2M
sac_her,sensor_bias,3,0.1,-150.0,0.0,0.3213978804705762,150,0.0565263777971267,0.701726496219635,0.0,0.0,3156,none,B1,sac_her_pickandplace_clean_2M
sac_her,sensor_bias,3,0.1,-150.0,0.0,0.3213978804705762,150,0.3991886973381042,0.7574540972709656,0.0,0.0,3157,none,B1,sac_her_pickandplace_clean_2M
sac_her,sensor_bias,3,0.1,-150.0,0.0,0.3213978804705762,150,0.0159128252416849,1.0217480659484863,0.0,0.0,3158,none,B1,sac_her_pickandplace_clean_2M
sac_her,sensor_bias,3,0.1,-150.0,0.0,0.3213978804705762,150,0.0317856520414352,1.0164711475372314,0.0,0.0,3159,none,B1,sac_her_pickandplace_clean_2M
sac_her,sensor_bias,3,0.1,-150.0,0.0,0.3213978804705762,150,0.5065039396286011,0.741776704788208,0.0,0.0,3160,none,B1,sac_her_pickandplace_clean_2M
sac_her,sensor_bias,3,0.1,-150.0,0.0,0.3213978804705762,150,2.0315158367156982,1.467926859855652,0.0,0.0,3161,none,B1,sac_her_pickandplace_clean_2M
sac_her,sensor_bias,3,0.1,-150.0,0.0,0.3213978804705762,150,1.2800318002700806,0.7861777544021606,0.0,0.0,3162,none,B1,sac_her_pickandplace_clean_2M
sac_her,sensor_bias,3,0.1,-150.0,0.0,0.3213978804705762,150,1.6740882396697998,1.3132692575454712,0.0,0.0,3163,none,B1,sac_her_pickandplace_clean_2M
sac_her,sensor_bias,3,0.1,-150.0,0.0,0.3138815370764347,150,0.0271208528429269,1.2676653861999512,0.0,0.0,3164,none,B1,sac_her_pickandplace_clean_2M
sac_her,sensor_bias,3,0.1,-150.0,0.0,0.3878264104279932,150,1.5283491611480713,1.331528902053833,0.0,0.0,3165,none,B1,sac_her_pickandplace_clean_2M
sac_her,sensor_bias,3,0.1,-150.0,0.0,0.3213978804705762,150,1.3219728469848633,1.1489650011062622,0.0,0.0,3166,none,B1,sac_her_pickandplace_clean_2M
sac_her,sensor_bias,3,0.1,-150.0,0.0,0.3213978804705762,150,2.2503340244293213,1.6182481050491333,0.0,0.0,3167,none,B1,sac_her_pickandplace_clean_2M
sac_her,sensor_bias,3,0.1,-150.0,0.0,0.3213978804705762,150,0.0496470443904399,1.0084800720214844,0.0,0.0,3168,none,B1,sac_her_pickandplace_clean_2M
sac_her,sensor_bias,3,0.1,-150.0,0.0,0.3213978804705762,150,0.0320345275104045,0.455031543970108,0.0,0.0,3169,none,B1,sac_her_pickandplace_clean_2M
sac_her,sensor_bias,3,0.1,-150.0,0.0,0.3735025222710872,150,0.0782499983906745,1.2862319946289062,0.0,0.0,3170,none,B1,sac_her_pickandplace_clean_2M
sac_her,sensor_bias,3,0.1,-150.0,0.0,0.3213978804705762,150,0.0320840291678905,0.6998710036277771,0.0,0.0,3171,none,B1,sac_her_pickandplace_clean_2M
sac_her,sensor_bias,3,0.1,-150.0,0.0,0.3213978804705762,150,1.6861740350723269,1.2776576280593872,0.0,0.0,3172,none,B1,sac_her_pickandplace_clean_2M
sac_her,sensor_bias,3,0.1,-150.0,0.0,0.3213978804705762,150,1.922767639160156,1.1913552284240725,0.0,0.0,3173,none,B1,sac_her_pickandplace_clean_2M
sac_her,sensor_bias,3,0.1,-150.0,0.0,0.3364763120819117,150,0.0540157742798328,1.079192280769348,0.0,0.0,3174,none,B1,sac_her_pickandplace_clean_2M
sac_her,sensor_bias,3,0.1,-150.0,0.0,0.3213978804705762,150,1.9177188873291016,1.585301160812378,0.0,0.0,3175,none,B1,sac_her_pickandplace_clean_2M
sac_her,sensor_bias,3,0.1,-150.0,0.0,0.3213978804705762,150,1.7410413026809692,1.3293992280960083,0.0,0.0,3176,none,B1,sac_her_pickandplace_clean_2M
sac_her,sensor_bias,3,0.1,-150.0,0.0,0.3213978804705762,150,0.0318569578230381,0.3843714296817779,0.0,0.0,3177,none,B1,sac_her_pickandplace_clean_2M
sac_her,sensor_bias,3,0.1,-150.0,0.0,0.3085621062969372,150,1.8254470825195312,1.1866718530654907,0.0,0.0,3178,none,B1,sac_her_pickandplace_clean_2M
sac_her,sensor_bias,3,0.1,-150.0,0.0,0.7556269435616026,150,0.0926447585225105,1.465465068817139,0.0,0.0,3179,none,B1,sac_her_pickandplace_clean_2M
sac_her_recovery_v2,sensor_bias,3,0.1,-150.0,0.0,0.3213978804705762,150,0.0956177785992622,0.6912881731987,0.0,1.0,3180,v2,B2,sac_her_pickandplace_clean_2M
sac_her_recovery_v2,sensor_bias,3,0.1,-150.0,0.0,0.3213978804705762,150,1.0661698579788208,0.686992883682251,0.0,1.0,3181,v2,B2,sac_her_pickandplace_clean_2M
sac_her_recovery_v2,sensor_bias,3,0.1,-150.0,0.0,1.027372841173058,150,0.5165510773658752,1.359649658203125,1.0,1.0,3182,v2,B2,sac_her_pickandplace_clean_2M
sac_her_recovery_v2,sensor_bias,3,0.1,-150.0,0.0,0.3213978804705762,150,1.8269342184066772,1.0250517129898071,1.0,1.0,3183,v2,B2,sac_her_pickandplace_clean_2M
sac_her_recovery_v2,sensor_bias,3,0.1,-150.0,0.0,0.3179650101468473,150,0.0730499550700187,1.1249052286148071,1.0,1.0,3184,v2,B2,sac_her_pickandplace_clean_2M
sac_her_recovery_v2,sensor_bias,3,0.1,-150.0,0.0,0.3213978804705762,150,0.0748504623770713,0.6865960955619812,0.0,1.0,3185,v2,B2,sac_her_pickandplace_clean_2M
sac_her_recovery_v2,sensor_bias,3,0.1,-150.0,0.0,0.3213978804705762,150,0.1408059000968933,1.0083569288253784,1.0,1.0,3186,v2,B2,sac_her_pickandplace_clean_2M
sac_her_recovery_v2,sensor_bias,3,0.1,-150.0,0.0,0.3213978804705762,150,0.0840926393866539,1.374436378479004,1.0,1.0,3187,v2,B2,sac_her_pickandplace_clean_2M
sac_her_recovery_v2,sensor_bias,3,0.1,-150.0,0.0,0.3213978804705762,150,0.4375630915164947,1.0574265718460083,1.0,1.0,3188,v2,B2,sac_her_pickandplace_clean_2M
sac_her_recovery_v2,sensor_bias,3,0.1,-150.0,0.0,0.2775101171952128,150,1.120877385139465,1.135355830192566,0.0,1.0,3189,v2,B2,sac_her_pickandplace_clean_2M
sac_her_recovery_v2,sensor_bias,3,0.1,-150.0,0.0,0.3213978804705762,150,1.015727400779724,1.094746708869934,1.0,1.0,3190,v2,B2,sac_her_pickandplace_clean_2M
sac_her_recovery_v2,sensor_bias,3,0.1,-150.0,0.0,0.3213978804705762,150,2.0536248683929443,1.521741509437561,1.0,1.0,3191,v2,B2,sac_her_pickandplace_clean_2M
sac_her_recovery_v2,sensor_bias,3,0.1,-150.0,0.0,0.3213978804705762,150,1.4286961555480957,1.1399680376052856,1.0,1.0,3192,v2,B2,sac_her_pickandplace_clean_2M
sac_her_recovery_v2,sensor_bias,3,0.1,-150.0,0.0,0.3235814987779969,150,0.0952831208705902,1.3490238189697266,1.0,1.0,3193,v2,B2,sac_her_pickandplace_clean_2M
sac_her_recovery_v2,sensor_bias,3,0.1,-150.0,0.0,0.1289018419261538,150,0.5822054147720337,0.924194633960724,0.0,1.0,3194,v2,B2,sac_her_pickandplace_clean_2M
sac_her_recovery_v2,sensor_bias,3,0.1,-150.0,0.0,0.3213978804705762,150,0.1041004657745361,0.9034576416015624,0.0,1.0,3195,v2,B2,sac_her_pickandplace_clean_2M
sac_her_recovery_v2,sensor_bias,3,0.1,-150.0,0.0,0.3590044888725084,150,0.4078814089298248,1.3187516927719116,1.0,1.0,3196,v2,B2,sac_her_pickandplace_clean_2M
sac_her_recovery_v2,sensor_bias,3,0.1,-150.0,0.0,0.3213978804705762,150,2.056367874145508,1.4675514698028564,0.0,1.0,3197,v2,B2,sac_her_pickandplace_clean_2M
sac_her_recovery_v2,sensor_bias,3,0.1,-150.0,0.0,0.3599251027433824,150,0.2860731482505798,0.9455353617668152,0.0,1.0,3198,v2,B2,sac_her_pickandplace_clean_2M
sac_her_recovery_v2,sensor_bias,3,0.1,-150.0,0.0,0.6488356996538138,150,0.2281028926372528,1.6324926614761353,1.0,1.0,3199,v2,B2,sac_her_pickandplace_clean_2M
sac_her_recovery_v2,sensor_bias,3,0.1,-150.0,0.0,0.3279183810020854,150,0.1019778102636337,0.9573767185211182,1.0,1.0,3200,v2,B2,sac_her_pickandplace_clean_2M
sac_her_recovery_v2,sensor_bias,3,0.1,-150.0,0.0,0.3213978804705762,150,2.1190829277038574,1.5955065488815308,1.0,1.0,3201,v2,B2,sac_her_pickandplace_clean_2M
sac_her_recovery_v2,sensor_bias,3,0.1,-150.0,0.0,0.3213978804705762,150,0.1811049133539199,0.7841407656669617,1.0,1.0,3202,v2,B2,sac_her_pickandplace_clean_2M
sac_her_recovery_v2,sensor_bias,3,0.1,-150.0,0.0,0.3213978804705762,150,1.8107393980026243,1.276554822921753,1.0,1.0,3203,v2,B2,sac_her_pickandplace_clean_2M
sac_her_recovery_v2,sensor_bias,3,0.1,-150.0,0.0,0.3213978804705762,150,1.0539833307266235,1.0903732776641846,1.0,1.0,3204,v2,B2,sac_her_pickandplace_clean_2M
sac_her_recovery_v2,sensor_bias,3,0.1,-150.0,0.0,0.3213978804705762,150,0.0786297470331192,1.428573727607727,1.0,1.0,3205,v2,B2,sac_her_pickandplace_clean_2M
sac_her_recovery_v2,sensor_bias,3,0.1,-150.0,0.0,0.3213978804705762,150,1.7400635480880735,1.3426320552825928,0.0,1.0,3206,v2,B2,sac_her_pickandplace_clean_2M
sac_her_recovery_v2,sensor_bias,3,0.1,-150.0,0.0,0.3856057023494438,150,1.6331533193588257,1.222528100013733,1.0,1.0,3207,v2,B2,sac_her_pickandplace_clean_2M
sac_her_recovery_v2,sensor_bias,3,0.1,-150.0,0.0,0.3213978804705762,150,0.1809385567903518,0.2368567883968353,0.0,1.0,3208,v2,B2,sac_her_pickandplace_clean_2M
sac_her_recovery_v2,sensor_bias,3,0.1,-150.0,0.0,0.3213978804705762,150,2.0683512687683105,1.500834584236145,1.0,1.0,3209,v2,B2,sac_her_pickandplace_clean_2M
sac_her_recovery_v3,sensor_bias,3,0.1,-150.0,0.0,0.3213978804705762,150,0.7082234025001526,1.0199671983718872,1.0,1.0,3210,v3,B3,sac_her_pickandplace_clean_2M
sac_her_recovery_v3,sensor_bias,3,0.1,-150.0,0.0,0.3213978804705762,150,1.7983742952346802,1.3487569093704224,1.0,1.0,3211,v3,B3,sac_her_pickandplace_clean_2M
sac_her_recovery_v3,sensor_bias,3,0.1,-150.0,0.0,1.0031599630266972,150,0.1744022816419601,1.2339184284210205,1.0,1.0,3212,v3,B3,sac_her_pickandplace_clean_2M
sac_her_recovery_v3,sensor_bias,3,0.1,-150.0,0.0,0.3213978804705762,150,0.0682764276862144,1.0007563829421997,1.0,1.0,3213,v3,B3,sac_her_pickandplace_clean_2M
sac_her_recovery_v3,sensor_bias,3,0.1,-150.0,0.0,0.0983386571006337,150,0.061584249138832,1.040142297744751,0.0,0.0,3214,v3,B3,sac_her_pickandplace_clean_2M
sac_her_recovery_v3,sensor_bias,3,0.1,-150.0,0.0,0.3213978804705762,150,0.5518710613250732,0.6461390852928162,1.0,1.0,3215,v3,B3,sac_her_pickandplace_clean_2M
sac_her_recovery_v3,sensor_bias,3,0.1,-150.0,0.0,0.3213978804705762,150,2.787492275238037,1.7282999753952026,1.0,1.0,3216,v3,B3,sac_her_pickandplace_clean_2M
sac_her_recovery_v3,sensor_bias,3,0.1,-150.0,0.0,0.3213978804705762,150,0.0587948858737945,1.4402718544006348,1.0,1.0,3217,v3,B3,sac_her_pickandplace_clean_2M
sac_her_recovery_v3,sensor_bias,3,0.1,-150.0,0.0,0.3269569584632076,150,0.4089654982089996,1.5222525596618652,1.0,1.0,3218,v3,B3,sac_her_pickandplace_clean_2M
sac_her_recovery_v3,sensor_bias,3,0.1,-150.0,0.0,0.3367879402323397,150,0.0942624434828758,0.9988840818405152,1.0,1.0,3219,v3,B3,sac_her_pickandplace_clean_2M
sac_her_recovery_v3,sensor_bias,3,0.1,-150.0,0.0,0.3213978804705762,150,0.1058604195713996,1.4281612634658811,1.0,1.0,3220,v3,B3,sac_her_pickandplace_clean_2M
sac_her_recovery_v3,sensor_bias,3,0.1,-150.0,0.0,0.442393310698443,150,0.3032025098800659,1.562094807624817,1.0,1.0,3221,v3,B3,sac_her_pickandplace_clean_2M
sac_her_recovery_v3,sensor_bias,3,0.1,-150.0,0.0,0.2565927998155001,150,0.0980974063277244,1.347173810005188,1.0,1.0,3222,v3,B3,sac_her_pickandplace_clean_2M
sac_her_recovery_v3,sensor_bias,3,0.1,-150.0,0.0,0.3124180866609364,150,0.3725323379039764,1.1164770126342771,1.0,1.0,3223,v3,B3,sac_her_pickandplace_clean_2M
sac_her_recovery_v3,sensor_bias,3,0.1,-150.0,0.0,0.3213978804705762,150,0.6840429306030273,0.7110662460327148,1.0,1.0,3224,v3,B3,sac_her_pickandplace_clean_2M
sac_her_recovery_v3,sensor_bias,3,0.1,-150.0,0.0,0.346886863928649,150,1.7908624410629272,1.4186546802520752,1.0,1.0,3225,v3,B3,sac_her_pickandplace_clean_2M
sac_her_recovery_v3,sensor_bias,3,0.1,-150.0,0.0,0.3213978804705762,150,2.290541172027588,1.3653340339660645,1.0,1.0,3226,v3,B3,sac_her_pickandplace_clean_2M
sac_her_recovery_v3,sensor_bias,3,0.1,-150.0,0.0,0.3213978804705762,150,0.6230829358100891,0.8726321458816528,1.0,1.0,3227,v3,B3,sac_her_pickandplace_clean_2M
sac_her_recovery_v3,sensor_bias,3,0.1,-150.0,0.0,0.9092497226380858,150,0.4961984157562256,1.451672077178955,1.0,1.0,3228,v3,B3,sac_her_pickandplace_clean_2M
sac_her_recovery_v3,sensor_bias,3,0.1,-150.0,0.0,0.3213978804705762,150,1.1578859090805054,1.1113972663879397,1.0,1.0,3229,v3,B3,sac_her_pickandplace_clean_2M
sac_her_recovery_v3,sensor_bias,3,0.1,-150.0,0.0,0.3213978804705762,150,1.7535223960876465,1.3666189908981323,1.0,1.0,3230,v3,B3,sac_her_pickandplace_clean_2M
sac_her_recovery_v3,sensor_bias,3,0.1,-150.0,0.0,0.3213978804705762,150,1.157782793045044,1.1342129707336426,1.0,1.0,3231,v3,B3,sac_her_pickandplace_clean_2M
sac_her_recovery_v3,sensor_bias,3,0.1,-150.0,0.0,0.3213978804705762,150,1.2704973220825195,0.8110252022743225,1.0,1.0,3232,v3,B3,sac_her_pickandplace_clean_2M
sac_her_recovery_v3,sensor_bias,3,0.1,-150.0,0.0,0.21609673456748,150,0.2049285918474197,0.9549477100372314,0.0,1.0,3233,v3,B3,sac_her_pickandplace_clean_2M
sac_her_recovery_v3,sensor_bias,3,0.1,-150.0,0.0,0.3213978804705762,150,0.4475677907466888,0.6124509572982788,1.0,1.0,3234,v3,B3,sac_her_pickandplace_clean_2M
sac_her_recovery_v3,sensor_bias,3,0.1,-150.0,0.0,0.3213978804705762,150,1.886039137840271,1.204342246055603,1.0,1.0,3235,v3,B3,sac_her_pickandplace_clean_2M
sac_her_recovery_v3,sensor_bias,3,0.1,-150.0,0.0,0.3213978804705762,150,0.0640911906957626,0.9941554665565492,1.0,1.0,3236,v3,B3,sac_her_pickandplace_clean_2M
sac_her_recovery_v3,sensor_bias,3,0.1,-150.0,0.0,0.3213978804705762,150,0.215658351778984,0.3566288352012634,1.0,1.0,3237,v3,B3,sac_her_pickandplace_clean_2M
sac_her_recovery_v3,sensor_bias,3,0.1,-150.0,0.0,0.3213978804705762,150,1.8980770111083984,1.1356972455978394,1.0,1.0,3238,v3,B3,sac_her_pickandplace_clean_2M
sac_her_recovery_v3,sensor_bias,3,0.1,-150.0,0.0,0.3213978804705762,150,1.4743382930755615,1.2692118883132937,1.0,1.0,3239,v3,B3,sac_her_pickandplace_clean_2M
sac_her,action_clipping,3,0.3,-36.0,1.0,0.0246347558449023,150,0.0419149287045002,0.3650982081890106,0.0,0.0,3240,none,B1,sac_her_pickandplace_clean_2M
sac_her,action_clipping,3,0.3,-36.0,1.0,0.0246347558449023,150,0.0419149287045002,0.3650982081890106,0.0,0.0,3241,none,B1,sac_her_pickandplace_clean_2M
sac_her,action_clipping,3,0.3,-36.0,1.0,0.0246347558449023,150,0.0419149287045002,0.3650982081890106,0.0,0.0,3242,none,B1,sac_her_pickandplace_clean_2M
sac_her,action_clipping,3,0.3,-36.0,1.0,0.0246347558449023,150,0.0419149287045002,0.3650982081890106,0.0,0.0,3243,none,B1,sac_her_pickandplace_clean_2M
sac_her,action_clipping,3,0.3,-36.0,1.0,0.0246347558449023,150,0.0419149287045002,0.3650982081890106,0.0,0.0,3244,none,B1,sac_her_pickandplace_clean_2M
sac_her,action_clipping,3,0.3,-36.0,1.0,0.0246347558449023,150,0.0419149287045002,0.3650982081890106,0.0,0.0,3245,none,B1,sac_her_pickandplace_clean_2M
sac_her,action_clipping,3,0.3,-36.0,1.0,0.0246347558449023,150,0.0419149287045002,0.3650982081890106,0.0,0.0,3246,none,B1,sac_her_pickandplace_clean_2M
sac_her,action_clipping,3,0.3,-36.0,1.0,0.0246347558449023,150,0.0419149287045002,0.3650982081890106,0.0,0.0,3247,none,B1,sac_her_pickandplace_clean_2M
sac_her,action_clipping,3,0.3,-36.0,1.0,0.0246347558449023,150,0.0419149287045002,0.3650982081890106,0.0,0.0,3248,none,B1,sac_her_pickandplace_clean_2M
sac_her,action_clipping,3,0.3,-36.0,1.0,0.0246347558449023,150,0.0419149287045002,0.3650982081890106,0.0,0.0,3249,none,B1,sac_her_pickandplace_clean_2M
sac_her,action_clipping,3,0.3,-36.0,1.0,0.0246347558449023,150,0.0419149287045002,0.3650982081890106,0.0,0.0,3250,none,B1,sac_her_pickandplace_clean_2M
sac_her,action_clipping,3,0.3,-36.0,1.0,0.0246347558449023,150,0.0419149287045002,0.3650982081890106,0.0,0.0,3251,none,B1,sac_her_pickandplace_clean_2M
sac_her,action_clipping,3,0.3,-36.0,1.0,0.0246347558449023,150,0.0419149287045002,0.3650982081890106,0.0,0.0,3252,none,B1,sac_her_pickandplace_clean_2M
sac_her,action_clipping,3,0.3,-36.0,1.0,0.0246347558449023,150,0.0419149287045002,0.3650982081890106,0.0,0.0,3253,none,B1,sac_her_pickandplace_clean_2M
sac_her,action_clipping,3,0.3,-36.0,1.0,0.0246347558449023,150,0.0419149287045002,0.3650982081890106,0.0,0.0,3254,none,B1,sac_her_pickandplace_clean_2M
sac_her,action_clipping,3,0.3,-36.0,1.0,0.0246347558449023,150,0.0419149287045002,0.3650982081890106,0.0,0.0,3255,none,B1,sac_her_pickandplace_clean_2M
sac_her,action_clipping,3,0.3,-36.0,1.0,0.0246347558449023,150,0.0419149287045002,0.3650982081890106,0.0,0.0,3256,none,B1,sac_her_pickandplace_clean_2M
sac_her,action_clipping,3,0.3,-36.0,1.0,0.0246347558449023,150,0.0419149287045002,0.3650982081890106,0.0,0.0,3257,none,B1,sac_her_pickandplace_clean_2M
sac_her,action_clipping,3,0.3,-36.0,1.0,0.0246347558449023,150,0.0419149287045002,0.3650982081890106,0.0,0.0,3258,none,B1,sac_her_pickandplace_clean_2M
sac_her,action_clipping,3,0.3,-36.0,1.0,0.0246347558449023,150,0.0419149287045002,0.3650982081890106,0.0,0.0,3259,none,B1,sac_her_pickandplace_clean_2M
sac_her,action_clipping,3,0.3,-36.0,1.0,0.0246347558449023,150,0.0419149287045002,0.3650982081890106,0.0,0.0,3260,none,B1,sac_her_pickandplace_clean_2M
sac_her,action_clipping,3,0.3,-36.0,1.0,0.0246347558449023,150,0.0419149287045002,0.3650982081890106,0.0,0.0,3261,none,B1,sac_her_pickandplace_clean_2M
sac_her,action_clipping,3,0.3,-36.0,1.0,0.0246347558449023,150,0.0419149287045002,0.3650982081890106,0.0,0.0,3262,none,B1,sac_her_pickandplace_clean_2M
sac_her,action_clipping,3,0.3,-36.0,1.0,0.0246347558449023,150,0.0419149287045002,0.3650982081890106,0.0,0.0,3263,none,B1,sac_her_pickandplace_clean_2M
sac_her,action_clipping,3,0.3,-36.0,1.0,0.0246347558449023,150,0.0419149287045002,0.3650982081890106,0.0,0.0,3264,none,B1,sac_her_pickandplace_clean_2M
sac_her,action_clipping,3,0.3,-36.0,1.0,0.0246347558449023,150,0.0419149287045002,0.3650982081890106,0.0,0.0,3265,none,B1,sac_her_pickandplace_clean_2M
sac_her,action_clipping,3,0.3,-36.0,1.0,0.0246347558449023,150,0.0419149287045002,0.3650982081890106,0.0,0.0,3266,none,B1,sac_her_pickandplace_clean_2M
sac_her,action_clipping,3,0.3,-36.0,1.0,0.0246347558449023,150,0.0419149287045002,0.3650982081890106,0.0,0.0,3267,none,B1,sac_her_pickandplace_clean_2M
sac_her,action_clipping,3,0.3,-36.0,1.0,0.0246347558449023,150,0.0419149287045002,0.3650982081890106,0.0,0.0,3268,none,B1,sac_her_pickandplace_clean_2M
sac_her,action_clipping,3,0.3,-36.0,1.0,0.0246347558449023,150,0.0419149287045002,0.3650982081890106,0.0,0.0,3269,none,B1,sac_her_pickandplace_clean_2M
sac_her_recovery_v2,action_clipping,3,0.3,-37.0,1.0,0.0259931296040253,150,0.0696629360318183,0.3723788559436798,0.0,1.0,3270,v2,B2,sac_her_pickandplace_clean_2M
sac_her_recovery_v2,action_clipping,3,0.3,-37.0,1.0,0.0259931296040253,150,0.0696629360318183,0.3723788559436798,0.0,1.0,3271,v2,B2,sac_her_pickandplace_clean_2M
sac_her_recovery_v2,action_clipping,3,0.3,-37.0,1.0,0.0259931296040253,150,0.0696629360318183,0.3723788559436798,0.0,1.0,3272,v2,B2,sac_her_pickandplace_clean_2M
sac_her_recovery_v2,action_clipping,3,0.3,-37.0,1.0,0.0259931296040253,150,0.0696629360318183,0.3723788559436798,0.0,1.0,3273,v2,B2,sac_her_pickandplace_clean_2M
sac_her_recovery_v2,action_clipping,3,0.3,-37.0,1.0,0.0259931296040253,150,0.0696629360318183,0.3723788559436798,0.0,1.0,3274,v2,B2,sac_her_pickandplace_clean_2M
sac_her_recovery_v2,action_clipping,3,0.3,-37.0,1.0,0.0259931296040253,150,0.0696629360318183,0.3723788559436798,0.0,1.0,3275,v2,B2,sac_her_pickandplace_clean_2M
sac_her_recovery_v2,action_clipping,3,0.3,-37.0,1.0,0.0259931296040253,150,0.0696629360318183,0.3723788559436798,0.0,1.0,3276,v2,B2,sac_her_pickandplace_clean_2M
sac_her_recovery_v2,action_clipping,3,0.3,-37.0,1.0,0.0259931296040253,150,0.0696629360318183,0.3723788559436798,0.0,1.0,3277,v2,B2,sac_her_pickandplace_clean_2M
sac_her_recovery_v2,action_clipping,3,0.3,-37.0,1.0,0.0259931296040253,150,0.0696629360318183,0.3723788559436798,0.0,1.0,3278,v2,B2,sac_her_pickandplace_clean_2M
sac_her_recovery_v2,action_clipping,3,0.3,-37.0,1.0,0.0259931296040253,150,0.0696629360318183,0.3723788559436798,0.0,1.0,3279,v2,B2,sac_her_pickandplace_clean_2M
sac_her_recovery_v2,action_clipping,3,0.3,-37.0,1.0,0.0259931296040253,150,0.0696629360318183,0.3723788559436798,0.0,1.0,3280,v2,B2,sac_her_pickandplace_clean_2M
sac_her_recovery_v2,action_clipping,3,0.3,-37.0,1.0,0.0259931296040253,150,0.0696629360318183,0.3723788559436798,0.0,1.0,3281,v2,B2,sac_her_pickandplace_clean_2M
sac_her_recovery_v2,action_clipping,3,0.3,-37.0,1.0,0.0259931296040253,150,0.0696629360318183,0.3723788559436798,0.0,1.0,3282,v2,B2,sac_her_pickandplace_clean_2M
sac_her_recovery_v2,action_clipping,3,0.3,-37.0,1.0,0.0259931296040253,150,0.0696629360318183,0.3723788559436798,0.0,1.0,3283,v2,B2,sac_her_pickandplace_clean_2M
sac_her_recovery_v2,action_clipping,3,0.3,-37.0,1.0,0.0259931296040253,150,0.0696629360318183,0.3723788559436798,0.0,1.0,3284,v2,B2,sac_her_pickandplace_clean_2M
sac_her_recovery_v2,action_clipping,3,0.3,-37.0,1.0,0.0259931296040253,150,0.0696629360318183,0.3723788559436798,0.0,1.0,3285,v2,B2,sac_her_pickandplace_clean_2M
sac_her_recovery_v2,action_clipping,3,0.3,-37.0,1.0,0.0259931296040253,150,0.0696629360318183,0.3723788559436798,0.0,1.0,3286,v2,B2,sac_her_pickandplace_clean_2M
sac_her_recovery_v2,action_clipping,3,0.3,-37.0,1.0,0.0259931296040253,150,0.0696629360318183,0.3723788559436798,0.0,1.0,3287,v2,B2,sac_her_pickandplace_clean_2M
sac_her_recovery_v2,action_clipping,3,0.3,-37.0,1.0,0.0259931296040253,150,0.0696629360318183,0.3723788559436798,0.0,1.0,3288,v2,B2,sac_her_pickandplace_clean_2M
sac_her_recovery_v2,action_clipping,3,0.3,-37.0,1.0,0.0259931296040253,150,0.0696629360318183,0.3723788559436798,0.0,1.0,3289,v2,B2,sac_her_pickandplace_clean_2M
sac_her_recovery_v2,action_clipping,3,0.3,-37.0,1.0,0.0259931296040253,150,0.0696629360318183,0.3723788559436798,0.0,1.0,3290,v2,B2,sac_her_pickandplace_clean_2M
sac_her_recovery_v2,action_clipping,3,0.3,-37.0,1.0,0.0259931296040253,150,0.0696629360318183,0.3723788559436798,0.0,1.0,3291,v2,B2,sac_her_pickandplace_clean_2M
sac_her_recovery_v2,action_clipping,3,0.3,-37.0,1.0,0.0259931296040253,150,0.0696629360318183,0.3723788559436798,0.0,1.0,3292,v2,B2,sac_her_pickandplace_clean_2M
sac_her_recovery_v2,action_clipping,3,0.3,-37.0,1.0,0.0259931296040253,150,0.0696629360318183,0.3723788559436798,0.0,1.0,3293,v2,B2,sac_her_pickandplace_clean_2M
sac_her_recovery_v2,action_clipping,3,0.3,-37.0,1.0,0.0259931296040253,150,0.0696629360318183,0.3723788559436798,0.0,1.0,3294,v2,B2,sac_her_pickandplace_clean_2M
sac_her_recovery_v2,action_clipping,3,0.3,-37.0,1.0,0.0259931296040253,150,0.0696629360318183,0.3723788559436798,0.0,1.0,3295,v2,B2,sac_her_pickandplace_clean_2M
sac_her_recovery_v2,action_clipping,3,0.3,-37.0,1.0,0.0259931296040253,150,0.0696629360318183,0.3723788559436798,0.0,1.0,3296,v2,B2,sac_her_pickandplace_clean_2M
sac_her_recovery_v2,action_clipping,3,0.3,-37.0,1.0,0.0259931296040253,150,0.0696629360318183,0.3723788559436798,0.0,1.0,3297,v2,B2,sac_her_pickandplace_clean_2M
sac_her_recovery_v2,action_clipping,3,0.3,-37.0,1.0,0.0259931296040253,150,0.0696629360318183,0.3723788559436798,0.0,1.0,3298,v2,B2,sac_her_pickandplace_clean_2M
sac_her_recovery_v2,action_clipping,3,0.3,-37.0,1.0,0.0259931296040253,150,0.0696629360318183,0.3723788559436798,0.0,1.0,3299,v2,B2,sac_her_pickandplace_clean_2M
sac_her_recovery_v3,action_clipping,3,0.3,-63.0,1.0,0.0238467688775346,150,0.0814595371484756,0.4496417343616485,0.0,1.0,3300,v3,B3,sac_her_pickandplace_clean_2M
sac_her_recovery_v3,action_clipping,3,0.3,-63.0,1.0,0.0238467688775346,150,0.0814595371484756,0.4496417343616485,0.0,1.0,3301,v3,B3,sac_her_pickandplace_clean_2M
sac_her_recovery_v3,action_clipping,3,0.3,-63.0,1.0,0.0238467688775346,150,0.0814595371484756,0.4496417343616485,0.0,1.0,3302,v3,B3,sac_her_pickandplace_clean_2M
sac_her_recovery_v3,action_clipping,3,0.3,-63.0,1.0,0.0238467688775346,150,0.0814595371484756,0.4496417343616485,0.0,1.0,3303,v3,B3,sac_her_pickandplace_clean_2M
sac_her_recovery_v3,action_clipping,3,0.3,-63.0,1.0,0.0238467688775346,150,0.0814595371484756,0.4496417343616485,0.0,1.0,3304,v3,B3,sac_her_pickandplace_clean_2M
sac_her_recovery_v3,action_clipping,3,0.3,-63.0,1.0,0.0238467688775346,150,0.0814595371484756,0.4496417343616485,0.0,1.0,3305,v3,B3,sac_her_pickandplace_clean_2M
sac_her_recovery_v3,action_clipping,3,0.3,-63.0,1.0,0.0238467688775346,150,0.0814595371484756,0.4496417343616485,0.0,1.0,3306,v3,B3,sac_her_pickandplace_clean_2M
sac_her_recovery_v3,action_clipping,3,0.3,-63.0,1.0,0.0238467688775346,150,0.0814595371484756,0.4496417343616485,0.0,1.0,3307,v3,B3,sac_her_pickandplace_clean_2M
sac_her_recovery_v3,action_clipping,3,0.3,-63.0,1.0,0.0238467688775346,150,0.0814595371484756,0.4496417343616485,0.0,1.0,3308,v3,B3,sac_her_pickandplace_clean_2M
sac_her_recovery_v3,action_clipping,3,0.3,-63.0,1.0,0.0238467688775346,150,0.0814595371484756,0.4496417343616485,0.0,1.0,3309,v3,B3,sac_her_pickandplace_clean_2M
sac_her_recovery_v3,action_clipping,3,0.3,-63.0,1.0,0.0238467688775346,150,0.0814595371484756,0.4496417343616485,0.0,1.0,3310,v3,B3,sac_her_pickandplace_clean_2M
sac_her_recovery_v3,action_clipping,3,0.3,-63.0,1.0,0.0238467688775346,150,0.0814595371484756,0.4496417343616485,0.0,1.0,3311,v3,B3,sac_her_pickandplace_clean_2M
sac_her_recovery_v3,action_clipping,3,0.3,-63.0,1.0,0.0238467688775346,150,0.0814595371484756,0.4496417343616485,0.0,1.0,3312,v3,B3,sac_her_pickandplace_clean_2M
sac_her_recovery_v3,action_clipping,3,0.3,-63.0,1.0,0.0238467688775346,150,0.0814595371484756,0.4496417343616485,0.0,1.0,3313,v3,B3,sac_her_pickandplace_clean_2M
sac_her_recovery_v3,action_clipping,3,0.3,-63.0,1.0,0.0238467688775346,150,0.0814595371484756,0.4496417343616485,0.0,1.0,3314,v3,B3,sac_her_pickandplace_clean_2M
sac_her_recovery_v3,action_clipping,3,0.3,-63.0,1.0,0.0238467688775346,150,0.0814595371484756,0.4496417343616485,0.0,1.0,3315,v3,B3,sac_her_pickandplace_clean_2M
sac_her_recovery_v3,action_clipping,3,0.3,-63.0,1.0,0.0238467688775346,150,0.0814595371484756,0.4496417343616485,0.0,1.0,3316,v3,B3,sac_her_pickandplace_clean_2M
sac_her_recovery_v3,action_clipping,3,0.3,-63.0,1.0,0.0238467688775346,150,0.0814595371484756,0.4496417343616485,0.0,1.0,3317,v3,B3,sac_her_pickandplace_clean_2M
sac_her_recovery_v3,action_clipping,3,0.3,-63.0,1.0,0.0238467688775346,150,0.0814595371484756,0.4496417343616485,0.0,1.0,3318,v3,B3,sac_her_pickandplace_clean_2M
sac_her_recovery_v3,action_clipping,3,0.3,-63.0,1.0,0.0238467688775346,150,0.0814595371484756,0.4496417343616485,0.0,1.0,3319,v3,B3,sac_her_pickandplace_clean_2M
sac_her_recovery_v3,action_clipping,3,0.3,-63.0,1.0,0.0238467688775346,150,0.0814595371484756,0.4496417343616485,0.0,1.0,3320,v3,B3,sac_her_pickandplace_clean_2M
sac_her_recovery_v3,action_clipping,3,0.3,-63.0,1.0,0.0238467688775346,150,0.0814595371484756,0.4496417343616485,0.0,1.0,3321,v3,B3,sac_her_pickandplace_clean_2M
sac_her_recovery_v3,action_clipping,3,0.3,-63.0,1.0,0.0238467688775346,150,0.0814595371484756,0.4496417343616485,0.0,1.0,3322,v3,B3,sac_her_pickandplace_clean_2M
sac_her_recovery_v3,action_clipping,3,0.3,-63.0,1.0,0.0238467688775346,150,0.0814595371484756,0.4496417343616485,0.0,1.0,3323,v3,B3,sac_her_pickandplace_clean_2M
sac_her_recovery_v3,action_clipping,3,0.3,-63.0,1.0,0.0238467688775346,150,0.0814595371484756,0.4496417343616485,0.0,1.0,3324,v3,B3,sac_her_pickandplace_clean_2M
sac_her_recovery_v3,action_clipping,3,0.3,-63.0,1.0,0.0238467688775346,150,0.0814595371484756,0.4496417343616485,0.0,1.0,3325,v3,B3,sac_her_pickandplace_clean_2M
sac_her_recovery_v3,action_clipping,3,0.3,-63.0,1.0,0.0238467688775346,150,0.0814595371484756,0.4496417343616485,0.0,1.0,3326,v3,B3,sac_her_pickandplace_clean_2M
sac_her_recovery_v3,action_clipping,3,0.3,-63.0,1.0,0.0238467688775346,150,0.0814595371484756,0.4496417343616485,0.0,1.0,3327,v3,B3,sac_her_pickandplace_clean_2M
sac_her_recovery_v3,action_clipping,3,0.3,-63.0,1.0,0.0238467688775346,150,0.0814595371484756,0.4496417343616485,0.0,1.0,3328,v3,B3,sac_her_pickandplace_clean_2M
sac_her_recovery_v3,action_clipping,3,0.3,-63.0,1.0,0.0238467688775346,150,0.0814595371484756,0.4496417343616485,0.0,1.0,3329,v3,B3,sac_her_pickandplace_clean_2M
sac_her,action_reversal,3,0.0,-150.0,0.0,0.3213978804705762,150,0.0522673800587654,1.3780592679977417,0.0,0.0,3420,none,B1,sac_her_pickandplace_clean_2M
sac_her,action_reversal,3,0.0,-150.0,0.0,0.3213978804705762,150,0.0522673800587654,1.3780592679977417,0.0,0.0,3421,none,B1,sac_her_pickandplace_clean_2M
sac_her,action_reversal,3,0.0,-150.0,0.0,0.3213978804705762,150,0.0522673800587654,1.3780592679977417,0.0,0.0,3422,none,B1,sac_her_pickandplace_clean_2M
sac_her,action_reversal,3,0.0,-150.0,0.0,0.3213978804705762,150,0.0522673800587654,1.3780592679977417,0.0,0.0,3423,none,B1,sac_her_pickandplace_clean_2M
sac_her,action_reversal,3,0.0,-150.0,0.0,0.3213978804705762,150,0.0522673800587654,1.3780592679977417,0.0,0.0,3424,none,B1,sac_her_pickandplace_clean_2M
sac_her,action_reversal,3,0.0,-150.0,0.0,0.3213978804705762,150,0.0522673800587654,1.3780592679977417,0.0,0.0,3425,none,B1,sac_her_pickandplace_clean_2M
sac_her,action_reversal,3,0.0,-150.0,0.0,0.3213978804705762,150,0.0522673800587654,1.3780592679977417,0.0,0.0,3426,none,B1,sac_her_pickandplace_clean_2M
sac_her,action_reversal,3,0.0,-150.0,0.0,0.3213978804705762,150,0.0522673800587654,1.3780592679977417,0.0,0.0,3427,none,B1,sac_her_pickandplace_clean_2M
sac_her,action_reversal,3,0.0,-150.0,0.0,0.3213978804705762,150,0.0522673800587654,1.3780592679977417,0.0,0.0,3428,none,B1,sac_her_pickandplace_clean_2M
sac_her,action_reversal,3,0.0,-150.0,0.0,0.3213978804705762,150,0.0522673800587654,1.3780592679977417,0.0,0.0,3429,none,B1,sac_her_pickandplace_clean_2M
sac_her,action_reversal,3,0.0,-150.0,0.0,0.3213978804705762,150,0.0522673800587654,1.3780592679977417,0.0,0.0,3430,none,B1,sac_her_pickandplace_clean_2M
sac_her,action_reversal,3,0.0,-150.0,0.0,0.3213978804705762,150,0.0522673800587654,1.3780592679977417,0.0,0.0,3431,none,B1,sac_her_pickandplace_clean_2M
sac_her,action_reversal,3,0.0,-150.0,0.0,0.3213978804705762,150,0.0522673800587654,1.3780592679977417,0.0,0.0,3432,none,B1,sac_her_pickandplace_clean_2M
sac_her,action_reversal,3,0.0,-150.0,0.0,0.3213978804705762,150,0.0522673800587654,1.3780592679977417,0.0,0.0,3433,none,B1,sac_her_pickandplace_clean_2M
sac_her,action_reversal,3,0.0,-150.0,0.0,0.3213978804705762,150,0.0522673800587654,1.3780592679977417,0.0,0.0,3434,none,B1,sac_her_pickandplace_clean_2M
sac_her,action_reversal,3,0.0,-150.0,0.0,0.3213978804705762,150,0.0522673800587654,1.3780592679977417,0.0,0.0,3435,none,B1,sac_her_pickandplace_clean_2M
sac_her,action_reversal,3,0.0,-150.0,0.0,0.3213978804705762,150,0.0522673800587654,1.3780592679977417,0.0,0.0,3436,none,B1,sac_her_pickandplace_clean_2M
sac_her,action_reversal,3,0.0,-150.0,0.0,0.3213978804705762,150,0.0522673800587654,1.3780592679977417,0.0,0.0,3437,none,B1,sac_her_pickandplace_clean_2M
sac_her,action_reversal,3,0.0,-150.0,0.0,0.3213978804705762,150,0.0522673800587654,1.3780592679977417,0.0,0.0,3438,none,B1,sac_her_pickandplace_clean_2M
sac_her,action_reversal,3,0.0,-150.0,0.0,0.3213978804705762,150,0.0522673800587654,1.3780592679977417,0.0,0.0,3439,none,B1,sac_her_pickandplace_clean_2M
sac_her,action_reversal,3,0.0,-150.0,0.0,0.3213978804705762,150,0.0522673800587654,1.3780592679977417,0.0,0.0,3440,none,B1,sac_her_pickandplace_clean_2M
sac_her,action_reversal,3,0.0,-150.0,0.0,0.3213978804705762,150,0.0522673800587654,1.3780592679977417,0.0,0.0,3441,none,B1,sac_her_pickandplace_clean_2M
sac_her,action_reversal,3,0.0,-150.0,0.0,0.3213978804705762,150,0.0522673800587654,1.3780592679977417,0.0,0.0,3442,none,B1,sac_her_pickandplace_clean_2M
sac_her,action_reversal,3,0.0,-150.0,0.0,0.3213978804705762,150,0.0522673800587654,1.3780592679977417,0.0,0.0,3443,none,B1,sac_her_pickandplace_clean_2M
sac_her,action_reversal,3,0.0,-150.0,0.0,0.3213978804705762,150,0.0522673800587654,1.3780592679977417,0.0,0.0,3444,none,B1,sac_her_pickandplace_clean_2M
sac_her,action_reversal,3,0.0,-150.0,0.0,0.3213978804705762,150,0.0522673800587654,1.3780592679977417,0.0,0.0,3445,none,B1,sac_her_pickandplace_clean_2M
sac_her,action_reversal,3,0.0,-150.0,0.0,0.3213978804705762,150,0.0522673800587654,1.3780592679977417,0.0,0.0,3446,none,B1,sac_her_pickandplace_clean_2M
sac_her,action_reversal,3,0.0,-150.0,0.0,0.3213978804705762,150,0.0522673800587654,1.3780592679977417,0.0,0.0,3447,none,B1,sac_her_pickandplace_clean_2M
sac_her,action_reversal,3,0.0,-150.0,0.0,0.3213978804705762,150,0.0522673800587654,1.3780592679977417,0.0,0.0,3448,none,B1,sac_her_pickandplace_clean_2M
sac_her,action_reversal,3,0.0,-150.0,0.0,0.3213978804705762,150,0.0522673800587654,1.3780592679977417,0.0,0.0,3449,none,B1,sac_her_pickandplace_clean_2M
sac_her_recovery_v2,action_reversal,3,0.0,-150.0,0.0,0.3213978804705762,150,0.0865687355399131,1.381372094154358,0.0,1.0,3450,v2,B2,sac_her_pickandplace_clean_2M
sac_her_recovery_v2,action_reversal,3,0.0,-150.0,0.0,0.3213978804705762,150,0.0865687355399131,1.381372094154358,0.0,1.0,3451,v2,B2,sac_her_pickandplace_clean_2M
sac_her_recovery_v2,action_reversal,3,0.0,-150.0,0.0,0.3213978804705762,150,0.0865687355399131,1.381372094154358,0.0,1.0,3452,v2,B2,sac_her_pickandplace_clean_2M
sac_her_recovery_v2,action_reversal,3,0.0,-150.0,0.0,0.3213978804705762,150,0.0865687355399131,1.381372094154358,0.0,1.0,3453,v2,B2,sac_her_pickandplace_clean_2M
sac_her_recovery_v2,action_reversal,3,0.0,-150.0,0.0,0.3213978804705762,150,0.0865687355399131,1.381372094154358,0.0,1.0,3454,v2,B2,sac_her_pickandplace_clean_2M
sac_her_recovery_v2,action_reversal,3,0.0,-150.0,0.0,0.3213978804705762,150,0.0865687355399131,1.381372094154358,0.0,1.0,3455,v2,B2,sac_her_pickandplace_clean_2M
sac_her_recovery_v2,action_reversal,3,0.0,-150.0,0.0,0.3213978804705762,150,0.0865687355399131,1.381372094154358,0.0,1.0,3456,v2,B2,sac_her_pickandplace_clean_2M
sac_her_recovery_v2,action_reversal,3,0.0,-150.0,0.0,0.3213978804705762,150,0.0865687355399131,1.381372094154358,0.0,1.0,3457,v2,B2,sac_her_pickandplace_clean_2M
sac_her_recovery_v2,action_reversal,3,0.0,-150.0,0.0,0.3213978804705762,150,0.0865687355399131,1.381372094154358,0.0,1.0,3458,v2,B2,sac_her_pickandplace_clean_2M
sac_her_recovery_v2,action_reversal,3,0.0,-150.0,0.0,0.3213978804705762,150,0.0865687355399131,1.381372094154358,0.0,1.0,3459,v2,B2,sac_her_pickandplace_clean_2M
sac_her_recovery_v2,action_reversal,3,0.0,-150.0,0.0,0.3213978804705762,150,0.0865687355399131,1.381372094154358,0.0,1.0,3460,v2,B2,sac_her_pickandplace_clean_2M
sac_her_recovery_v2,action_reversal,3,0.0,-150.0,0.0,0.3213978804705762,150,0.0865687355399131,1.381372094154358,0.0,1.0,3461,v2,B2,sac_her_pickandplace_clean_2M
sac_her_recovery_v2,action_reversal,3,0.0,-150.0,0.0,0.3213978804705762,150,0.0865687355399131,1.381372094154358,0.0,1.0,3462,v2,B2,sac_her_pickandplace_clean_2M
sac_her_recovery_v2,action_reversal,3,0.0,-150.0,0.0,0.3213978804705762,150,0.0865687355399131,1.381372094154358,0.0,1.0,3463,v2,B2,sac_her_pickandplace_clean_2M
sac_her_recovery_v2,action_reversal,3,0.0,-150.0,0.0,0.3213978804705762,150,0.0865687355399131,1.381372094154358,0.0,1.0,3464,v2,B2,sac_her_pickandplace_clean_2M
sac_her_recovery_v2,action_reversal,3,0.0,-150.0,0.0,0.3213978804705762,150,0.0865687355399131,1.381372094154358,0.0,1.0,3465,v2,B2,sac_her_pickandplace_clean_2M
sac_her_recovery_v2,action_reversal,3,0.0,-150.0,0.0,0.3213978804705762,150,0.0865687355399131,1.381372094154358,0.0,1.0,3466,v2,B2,sac_her_pickandplace_clean_2M
sac_her_recovery_v2,action_reversal,3,0.0,-150.0,0.0,0.3213978804705762,150,0.0865687355399131,1.381372094154358,0.0,1.0,3467,v2,B2,sac_her_pickandplace_clean_2M
sac_her_recovery_v2,action_reversal,3,0.0,-150.0,0.0,0.3213978804705762,150,0.0865687355399131,1.381372094154358,0.0,1.0,3468,v2,B2,sac_her_pickandplace_clean_2M
sac_her_recovery_v2,action_reversal,3,0.0,-150.0,0.0,0.3213978804705762,150,0.0865687355399131,1.381372094154358,0.0,1.0,3469,v2,B2,sac_her_pickandplace_clean_2M
sac_her_recovery_v2,action_reversal,3,0.0,-150.0,0.0,0.3213978804705762,150,0.0865687355399131,1.381372094154358,0.0,1.0,3470,v2,B2,sac_her_pickandplace_clean_2M
sac_her_recovery_v2,action_reversal,3,0.0,-150.0,0.0,0.3213978804705762,150,0.0865687355399131,1.381372094154358,0.0,1.0,3471,v2,B2,sac_her_pickandplace_clean_2M
sac_her_recovery_v2,action_reversal,3,0.0,-150.0,0.0,0.3213978804705762,150,0.0865687355399131,1.381372094154358,0.0,1.0,3472,v2,B2,sac_her_pickandplace_clean_2M
sac_her_recovery_v2,action_reversal,3,0.0,-150.0,0.0,0.3213978804705762,150,0.0865687355399131,1.381372094154358,0.0,1.0,3473,v2,B2,sac_her_pickandplace_clean_2M
sac_her_recovery_v2,action_reversal,3,0.0,-150.0,0.0,0.3213978804705762,150,0.0865687355399131,1.381372094154358,0.0,1.0,3474,v2,B2,sac_her_pickandplace_clean_2M
sac_her_recovery_v2,action_reversal,3,0.0,-150.0,0.0,0.3213978804705762,150,0.0865687355399131,1.381372094154358,0.0,1.0,3475,v2,B2,sac_her_pickandplace_clean_2M
sac_her_recovery_v2,action_reversal,3,0.0,-150.0,0.0,0.3213978804705762,150,0.0865687355399131,1.381372094154358,0.0,1.0,3476,v2,B2,sac_her_pickandplace_clean_2M
sac_her_recovery_v2,action_reversal,3,0.0,-150.0,0.0,0.3213978804705762,150,0.0865687355399131,1.381372094154358,0.0,1.0,3477,v2,B2,sac_her_pickandplace_clean_2M
sac_her_recovery_v2,action_reversal,3,0.0,-150.0,0.0,0.3213978804705762,150,0.0865687355399131,1.381372094154358,0.0,1.0,3478,v2,B2,sac_her_pickandplace_clean_2M
sac_her_recovery_v2,action_reversal,3,0.0,-150.0,0.0,0.3213978804705762,150,0.0865687355399131,1.381372094154358,0.0,1.0,3479,v2,B2,sac_her_pickandplace_clean_2M
sac_her_recovery_v3,action_reversal,3,0.0,-150.0,0.0,0.3213978804705762,150,0.0847803056240081,1.3879703283309937,0.0,1.0,3480,v3,B3,sac_her_pickandplace_clean_2M
sac_her_recovery_v3,action_reversal,3,0.0,-150.0,0.0,0.3213978804705762,150,0.0847803056240081,1.3879703283309937,0.0,1.0,3481,v3,B3,sac_her_pickandplace_clean_2M
sac_her_recovery_v3,action_reversal,3,0.0,-150.0,0.0,0.3213978804705762,150,0.0847803056240081,1.3879703283309937,0.0,1.0,3482,v3,B3,sac_her_pickandplace_clean_2M
sac_her_recovery_v3,action_reversal,3,0.0,-150.0,0.0,0.3213978804705762,150,0.0847803056240081,1.3879703283309937,0.0,1.0,3483,v3,B3,sac_her_pickandplace_clean_2M
sac_her_recovery_v3,action_reversal,3,0.0,-150.0,0.0,0.3213978804705762,150,0.0847803056240081,1.3879703283309937,0.0,1.0,3484,v3,B3,sac_her_pickandplace_clean_2M
sac_her_recovery_v3,action_reversal,3,0.0,-150.0,0.0,0.3213978804705762,150,0.0847803056240081,1.3879703283309937,0.0,1.0,3485,v3,B3,sac_her_pickandplace_clean_2M
sac_her_recovery_v3,action_reversal,3,0.0,-150.0,0.0,0.3213978804705762,150,0.0847803056240081,1.3879703283309937,0.0,1.0,3486,v3,B3,sac_her_pickandplace_clean_2M
sac_her_recovery_v3,action_reversal,3,0.0,-150.0,0.0,0.3213978804705762,150,0.0847803056240081,1.3879703283309937,0.0,1.0,3487,v3,B3,sac_her_pickandplace_clean_2M
sac_her_recovery_v3,action_reversal,3,0.0,-150.0,0.0,0.3213978804705762,150,0.0847803056240081,1.3879703283309937,0.0,1.0,3488,v3,B3,sac_her_pickandplace_clean_2M
sac_her_recovery_v3,action_reversal,3,0.0,-150.0,0.0,0.3213978804705762,150,0.0847803056240081,1.3879703283309937,0.0,1.0,3489,v3,B3,sac_her_pickandplace_clean_2M
sac_her_recovery_v3,action_reversal,3,0.0,-150.0,0.0,0.3213978804705762,150,0.0847803056240081,1.3879703283309937,0.0,1.0,3490,v3,B3,sac_her_pickandplace_clean_2M
sac_her_recovery_v3,action_reversal,3,0.0,-150.0,0.0,0.3213978804705762,150,0.0847803056240081,1.3879703283309937,0.0,1.0,3491,v3,B3,sac_her_pickandplace_clean_2M
sac_her_recovery_v3,action_reversal,3,0.0,-150.0,0.0,0.3213978804705762,150,0.0847803056240081,1.3879703283309937,0.0,1.0,3492,v3,B3,sac_her_pickandplace_clean_2M
sac_her_recovery_v3,action_reversal,3,0.0,-150.0,0.0,0.3213978804705762,150,0.0847803056240081,1.3879703283309937,0.0,1.0,3493,v3,B3,sac_her_pickandplace_clean_2M
sac_her_recovery_v3,action_reversal,3,0.0,-150.0,0.0,0.3213978804705762,150,0.0847803056240081,1.3879703283309937,0.0,1.0,3494,v3,B3,sac_her_pickandplace_clean_2M
sac_her_recovery_v3,action_reversal,3,0.0,-150.0,0.0,0.3213978804705762,150,0.0847803056240081,1.3879703283309937,0.0,1.0,3495,v3,B3,sac_her_pickandplace_clean_2M
sac_her_recovery_v3,action_reversal,3,0.0,-150.0,0.0,0.3213978804705762,150,0.0847803056240081,1.3879703283309937,0.0,1.0,3496,v3,B3,sac_her_pickandplace_clean_2M
sac_her_recovery_v3,action_reversal,3,0.0,-150.0,0.0,0.3213978804705762,150,0.0847803056240081,1.3879703283309937,0.0,1.0,3497,v3,B3,sac_her_pickandplace_clean_2M
sac_her_recovery_v3,action_reversal,3,0.0,-150.0,0.0,0.3213978804705762,150,0.0847803056240081,1.3879703283309937,0.0,1.0,3498,v3,B3,sac_her_pickandplace_clean_2M
sac_her_recovery_v3,action_reversal,3,0.0,-150.0,0.0,0.3213978804705762,150,0.0847803056240081,1.3879703283309937,0.0,1.0,3499,v3,B3,sac_her_pickandplace_clean_2M
sac_her_recovery_v3,action_reversal,3,0.0,-150.0,0.0,0.3213978804705762,150,0.0847803056240081,1.3879703283309937,0.0,1.0,3500,v3,B3,sac_her_pickandplace_clean_2M
sac_her_recovery_v3,action_reversal,3,0.0,-150.0,0.0,0.3213978804705762,150,0.0847803056240081,1.3879703283309937,0.0,1.0,3501,v3,B3,sac_her_pickandplace_clean_2M
sac_her_recovery_v3,action_reversal,3,0.0,-150.0,0.0,0.3213978804705762,150,0.0847803056240081,1.3879703283309937,0.0,1.0,3502,v3,B3,sac_her_pickandplace_clean_2M
sac_her_recovery_v3,action_reversal,3,0.0,-150.0,0.0,0.3213978804705762,150,0.0847803056240081,1.3879703283309937,0.0,1.0,3503,v3,B3,sac_her_pickandplace_clean_2M
sac_her_recovery_v3,action_reversal,3,0.0,-150.0,0.0,0.3213978804705762,150,0.0847803056240081,1.3879703283309937,0.0,1.0,3504,v3,B3,sac_her_pickandplace_clean_2M
sac_her_recovery_v3,action_reversal,3,0.0,-150.0,0.0,0.3213978804705762,150,0.0847803056240081,1.3879703283309937,0.0,1.0,3505,v3,B3,sac_her_pickandplace_clean_2M
sac_her_recovery_v3,action_reversal,3,0.0,-150.0,0.0,0.3213978804705762,150,0.0847803056240081,1.3879703283309937,0.0,1.0,3506,v3,B3,sac_her_pickandplace_clean_2M
sac_her_recovery_v3,action_reversal,3,0.0,-150.0,0.0,0.3213978804705762,150,0.0847803056240081,1.3879703283309937,0.0,1.0,3507,v3,B3,sac_her_pickandplace_clean_2M
sac_her_recovery_v3,action_reversal,3,0.0,-150.0,0.0,0.3213978804705762,150,0.0847803056240081,1.3879703283309937,0.0,1.0,3508,v3,B3,sac_her_pickandplace_clean_2M
sac_her_recovery_v3,action_reversal,3,0.0,-150.0,0.0,0.3213978804705762,150,0.0847803056240081,1.3879703283309937,0.0,1.0,3509,v3,B3,sac_her_pickandplace_clean_2M
sac_her,goal_spoof_immediate,3,0.1,-150.0,0.0,0.1195911861792784,150,0.0600457228720188,1.039595365524292,0.0,0.0,3510,none,B1,sac_her_pickandplace_clean_2M
sac_her,goal_spoof_immediate,3,0.1,-150.0,0.0,0.1018727640803537,150,0.0686885043978691,1.0333449840545654,0.0,0.0,3511,none,B1,sac_her_pickandplace_clean_2M
sac_her,goal_spoof_immediate,3,0.1,-14.0,1.0,0.0384607201878722,150,0.0613644123077392,1.036020040512085,0.0,0.0,3512,none,B1,sac_her_pickandplace_clean_2M
sac_her,goal_spoof_immediate,3,0.1,-150.0,0.0,0.0925690087835728,150,0.0615751408040523,1.042072296142578,0.0,0.0,3513,none,B1,sac_her_pickandplace_clean_2M
sac_her,goal_spoof_immediate,3,0.1,-150.0,0.0,0.087551399925352,150,0.066024824976921,1.0330755710601809,0.0,0.0,3514,none,B1,sac_her_pickandplace_clean_2M
sac_her,goal_spoof_immediate,3,0.1,-150.0,0.0,0.1384029277556987,150,0.0566843077540397,1.029673457145691,0.0,0.0,3515,none,B1,sac_her_pickandplace_clean_2M
sac_her,goal_spoof_immediate,3,0.1,-150.0,0.0,0.0665551626137037,150,0.0609559491276741,1.033976435661316,0.0,0.0,3516,none,B1,sac_her_pickandplace_clean_2M
sac_her,goal_spoof_immediate,3,0.1,-150.0,0.0,0.0739585199126071,150,0.0688505843281745,1.0384950637817385,0.0,0.0,3517,none,B1,sac_her_pickandplace_clean_2M
sac_her,goal_spoof_immediate,3,0.1,-150.0,0.0,0.1156180131320571,150,0.0598680637776851,1.032319188117981,0.0,0.0,3518,none,B1,sac_her_pickandplace_clean_2M
sac_her,goal_spoof_immediate,3,0.1,-143.0,0.0,0.0568111148827323,150,0.0632723420858383,1.0517621040344238,0.0,0.0,3519,none,B1,sac_her_pickandplace_clean_2M
sac_her,goal_spoof_immediate,3,0.1,-150.0,0.0,0.1099289422479417,150,0.0584602542221546,1.028168797492981,0.0,0.0,3520,none,B1,sac_her_pickandplace_clean_2M
sac_her,goal_spoof_immediate,3,0.1,-150.0,0.0,0.1343407927176086,150,0.0608914904296398,1.0336893796920776,0.0,0.0,3521,none,B1,sac_her_pickandplace_clean_2M
sac_her,goal_spoof_immediate,3,0.1,-150.0,0.0,0.1218951915115096,150,0.0617429092526435,1.038059949874878,0.0,0.0,3522,none,B1,sac_her_pickandplace_clean_2M
sac_her,goal_spoof_immediate,3,0.1,-150.0,0.0,0.063042917658929,150,0.064302384853363,1.0424939393997192,0.0,0.0,3523,none,B1,sac_her_pickandplace_clean_2M
sac_her,goal_spoof_immediate,3,0.1,-149.0,0.0,0.0851774459221348,150,0.0666718259453773,1.0617042779922483,0.0,0.0,3524,none,B1,sac_her_pickandplace_clean_2M
sac_her,goal_spoof_immediate,3,0.1,-150.0,0.0,0.1314948523097798,150,0.0570773966610431,1.0434694290161133,0.0,0.0,3525,none,B1,sac_her_pickandplace_clean_2M
sac_her,goal_spoof_immediate,3,0.1,-150.0,0.0,0.0875071857628837,150,0.0622980147600173,1.0397223234176636,0.0,0.0,3526,none,B1,sac_her_pickandplace_clean_2M
sac_her,goal_spoof_immediate,3,0.1,-148.0,0.0,0.1006688189981289,150,0.0664175525307655,1.0625193119049072,0.0,0.0,3527,none,B1,sac_her_pickandplace_clean_2M
sac_her,goal_spoof_immediate,3,0.1,-150.0,0.0,0.1080894728000724,150,0.0758191421627998,1.0379390716552734,0.0,0.0,3528,none,B1,sac_her_pickandplace_clean_2M
sac_her,goal_spoof_immediate,3,0.1,-150.0,0.0,0.1299733268466416,150,0.2374268323183059,1.0444087982177734,0.0,0.0,3529,none,B1,sac_her_pickandplace_clean_2M
sac_her,goal_spoof_immediate,3,0.1,-147.0,0.0,0.0609915741853657,150,0.0673666074872016,1.05699622631073,0.0,0.0,3530,none,B1,sac_her_pickandplace_clean_2M
sac_her,goal_spoof_immediate,3,0.1,-147.0,0.0,0.0957713325801002,150,0.0621826648712158,1.0463238954544067,0.0,0.0,3531,none,B1,sac_her_pickandplace_clean_2M
sac_her,goal_spoof_immediate,3,0.1,-150.0,0.0,0.1170175780382342,150,0.0822954177856445,1.0684341192245483,0.0,0.0,3532,none,B1,sac_her_pickandplace_clean_2M
sac_her,goal_spoof_immediate,3,0.1,-150.0,0.0,0.114456581471788,150,0.0628118887543678,1.0362670421600342,0.0,0.0,3533,none,B1,sac_her_pickandplace_clean_2M
sac_her,goal_spoof_immediate,3,0.1,-150.0,0.0,0.1242489264191662,150,0.0811701565980911,1.033085823059082,0.0,0.0,3534,none,B1,sac_her_pickandplace_clean_2M
sac_her,goal_spoof_immediate,3,0.1,-150.0,0.0,0.1198037309982999,150,0.0741548836231231,1.0486023426055908,0.0,0.0,3535,none,B1,sac_her_pickandplace_clean_2M
sac_her,goal_spoof_immediate,3,0.1,-148.0,0.0,0.0849301060879772,150,0.0762086287140846,1.0625195503234863,0.0,0.0,3536,none,B1,sac_her_pickandplace_clean_2M
sac_her,goal_spoof_immediate,3,0.1,-11.0,1.0,0.0143721484198403,150,0.0624373964965343,1.0327208042144775,0.0,0.0,3537,none,B1,sac_her_pickandplace_clean_2M
sac_her,goal_spoof_immediate,3,0.1,-150.0,0.0,0.1034445457918071,150,0.0590933598577976,1.0466996431350708,0.0,0.0,3538,none,B1,sac_her_pickandplace_clean_2M
sac_her,goal_spoof_immediate,3,0.1,-147.0,0.0,0.0573394760737127,150,0.0622076578438282,1.043745517730713,0.0,0.0,3539,none,B1,sac_her_pickandplace_clean_2M
sac_her_recovery_v2,goal_spoof_immediate,3,0.1,-150.0,0.0,0.1264626165889924,150,0.0633498802781105,1.0408389568328855,0.0,0.0,3540,v2,B2,sac_her_pickandplace_clean_2M
sac_her_recovery_v2,goal_spoof_immediate,3,0.1,-16.0,1.0,0.0457434998650405,150,0.0624492578208446,1.0383810997009275,0.0,0.0,3541,v2,B2,sac_her_pickandplace_clean_2M
sac_her_recovery_v2,goal_spoof_immediate,3,0.1,-150.0,0.0,0.1299250691632263,150,0.0716147869825363,1.0335768461227417,0.0,0.0,3542,v2,B2,sac_her_pickandplace_clean_2M
sac_her_recovery_v2,goal_spoof_immediate,3,0.1,-150.0,0.0,0.0908791569634864,150,0.0598141960799694,1.0351043939590454,0.0,0.0,3543,v2,B2,sac_her_pickandplace_clean_2M
sac_her_recovery_v2,goal_spoof_immediate,3,0.1,-150.0,0.0,0.1316217127085929,150,0.059761144220829,1.0330665111541748,0.0,0.0,3544,v2,B2,sac_her_pickandplace_clean_2M
sac_her_recovery_v2,goal_spoof_immediate,3,0.1,-150.0,0.0,0.1297900870788814,150,0.0683700367808342,1.0348201990127563,0.0,0.0,3545,v2,B2,sac_her_pickandplace_clean_2M
sac_her_recovery_v2,goal_spoof_immediate,3,0.1,-150.0,0.0,0.0823871236647524,150,0.0689564645290374,1.0563156604766846,0.0,0.0,3546,v2,B2,sac_her_pickandplace_clean_2M
sac_her_recovery_v2,goal_spoof_immediate,3,0.1,-150.0,0.0,0.0540912527630454,150,0.0644236281514167,1.0347923040390017,0.0,0.0,3547,v2,B2,sac_her_pickandplace_clean_2M
sac_her_recovery_v2,goal_spoof_immediate,3,0.1,-150.0,0.0,0.1476683977710047,150,0.0920214131474495,1.062444806098938,0.0,1.0,3548,v2,B2,sac_her_pickandplace_clean_2M
sac_her_recovery_v2,goal_spoof_immediate,3,0.1,-150.0,0.0,0.1394807777629454,150,0.0587678514420986,1.0376511812210083,0.0,0.0,3549,v2,B2,sac_her_pickandplace_clean_2M
sac_her_recovery_v2,goal_spoof_immediate,3,0.1,-150.0,0.0,0.1142137318995524,150,0.0633817911148071,1.0442219972610474,0.0,0.0,3550,v2,B2,sac_her_pickandplace_clean_2M
sac_her_recovery_v2,goal_spoof_immediate,3,0.1,-149.0,0.0,0.1147592687586852,150,0.0636653006076812,1.0635524988174438,0.0,0.0,3551,v2,B2,sac_her_pickandplace_clean_2M
sac_her_recovery_v2,goal_spoof_immediate,3,0.1,-148.0,0.0,0.1048022089897742,150,0.0685804411768913,1.0629445314407349,0.0,0.0,3552,v2,B2,sac_her_pickandplace_clean_2M
sac_her_recovery_v2,goal_spoof_immediate,3,0.1,-150.0,0.0,0.1359148815100756,150,0.060471873730421,1.0386806726455688,0.0,0.0,3553,v2,B2,sac_her_pickandplace_clean_2M
sac_her_recovery_v2,goal_spoof_immediate,3,0.1,-150.0,0.0,0.0740544715990997,150,0.0596593543887138,1.036329984664917,0.0,0.0,3554,v2,B2,sac_her_pickandplace_clean_2M
sac_her_recovery_v2,goal_spoof_immediate,3,0.1,-150.0,0.0,0.0973517310671112,150,0.7121955156326294,1.0977431535720823,0.0,0.0,3555,v2,B2,sac_her_pickandplace_clean_2M
sac_her_recovery_v2,goal_spoof_immediate,3,0.1,-147.0,0.0,0.0844001368948374,150,0.0778962150216102,1.0430127382278442,0.0,1.0,3556,v2,B2,sac_her_pickandplace_clean_2M
sac_her_recovery_v2,goal_spoof_immediate,3,0.1,-150.0,0.0,0.1289238131870097,150,0.1972368508577346,1.035396695137024,0.0,0.0,3557,v2,B2,sac_her_pickandplace_clean_2M
sac_her_recovery_v2,goal_spoof_immediate,3,0.1,-150.0,0.0,0.1460094661273349,150,0.6149333715438843,1.0339670181274414,0.0,1.0,3558,v2,B2,sac_her_pickandplace_clean_2M
sac_her_recovery_v2,goal_spoof_immediate,3,0.1,-150.0,0.0,0.0998071706637785,150,0.0642807558178901,1.030423879623413,0.0,0.0,3559,v2,B2,sac_her_pickandplace_clean_2M
sac_her_recovery_v2,goal_spoof_immediate,3,0.1,-150.0,0.0,0.138511263455558,150,0.0826806649565696,1.0382291078567505,0.0,0.0,3560,v2,B2,sac_her_pickandplace_clean_2M
sac_her_recovery_v2,goal_spoof_immediate,3,0.1,-150.0,0.0,0.0646920861437416,150,0.0753582119941711,1.0406053066253662,0.0,1.0,3561,v2,B2,sac_her_pickandplace_clean_2M
sac_her_recovery_v2,goal_spoof_immediate,3,0.1,-150.0,0.0,0.1390011211848995,150,0.0610061734914779,1.0341064929962158,0.0,0.0,3562,v2,B2,sac_her_pickandplace_clean_2M
sac_her_recovery_v2,goal_spoof_immediate,3,0.1,-150.0,0.0,0.1027110394872685,150,0.0921724140644073,1.0457725524902344,0.0,0.0,3563,v2,B2,sac_her_pickandplace_clean_2M
sac_her_recovery_v2,goal_spoof_immediate,3,0.1,-150.0,0.0,0.0820346234070355,150,0.0612209066748619,1.032916784286499,0.0,0.0,3564,v2,B2,sac_her_pickandplace_clean_2M
sac_her_recovery_v2,goal_spoof_immediate,3,0.1,-150.0,0.0,0.1387338450057788,150,0.0803544744849205,1.0483832359313965,0.0,1.0,3565,v2,B2,sac_her_pickandplace_clean_2M
sac_her_recovery_v2,goal_spoof_immediate,3,0.1,-150.0,0.0,0.0885712736661856,150,0.0604529529809951,1.0382450819015503,0.0,0.0,3566,v2,B2,sac_her_pickandplace_clean_2M
sac_her_recovery_v2,goal_spoof_immediate,3,0.1,-150.0,0.0,0.0753017146558554,150,0.1475124210119247,1.053394794464111,0.0,1.0,3567,v2,B2,sac_her_pickandplace_clean_2M
sac_her_recovery_v2,goal_spoof_immediate,3,0.1,-150.0,0.0,0.0610399067339957,150,0.0640364810824394,1.0287504196166992,0.0,0.0,3568,v2,B2,sac_her_pickandplace_clean_2M
sac_her_recovery_v2,goal_spoof_immediate,3,0.1,-150.0,0.0,0.0643117935421551,150,0.0748483911156654,1.02983558177948,0.0,1.0,3569,v2,B2,sac_her_pickandplace_clean_2M
sac_her_recovery_v3,goal_spoof_immediate,3,0.1,-150.0,0.0,0.117799871776968,150,0.0594176016747951,1.0309555530548096,0.0,0.0,3570,v3,B3,sac_her_pickandplace_clean_2M
sac_her_recovery_v3,goal_spoof_immediate,3,0.1,-150.0,0.0,0.1239870982380308,150,0.0791604444384574,1.0358142852783203,0.0,0.0,3571,v3,B3,sac_her_pickandplace_clean_2M
sac_her_recovery_v3,goal_spoof_immediate,3,0.1,-150.0,0.0,0.1236416762924511,150,0.1556190401315689,1.079429268836975,0.0,1.0,3572,v3,B3,sac_her_pickandplace_clean_2M
sac_her_recovery_v3,goal_spoof_immediate,3,0.1,-150.0,0.0,0.1104962478594945,150,0.852618932723999,1.1187444925308228,0.0,1.0,3573,v3,B3,sac_her_pickandplace_clean_2M
sac_her_recovery_v3,goal_spoof_immediate,3,0.1,-150.0,0.0,0.0503413178239788,150,0.0600153468549251,1.0366144180297852,0.0,0.0,3574,v3,B3,sac_her_pickandplace_clean_2M
sac_her_recovery_v3,goal_spoof_immediate,3,0.1,-150.0,0.0,0.0980342303671615,150,0.0661942809820175,1.0375864505767822,0.0,0.0,3575,v3,B3,sac_her_pickandplace_clean_2M
sac_her_recovery_v3,goal_spoof_immediate,3,0.1,-150.0,0.0,0.1196424364608713,150,0.0575723387300968,1.0404354333877563,0.0,0.0,3576,v3,B3,sac_her_pickandplace_clean_2M
sac_her_recovery_v3,goal_spoof_immediate,3,0.1,-150.0,0.0,0.1459675773597271,150,0.0634795352816581,1.038534164428711,0.0,0.0,3577,v3,B3,sac_her_pickandplace_clean_2M
sac_her_recovery_v3,goal_spoof_immediate,3,0.1,-150.0,0.0,0.1041140319575095,150,0.0659993737936019,1.030353307723999,0.0,0.0,3578,v3,B3,sac_her_pickandplace_clean_2M
sac_her_recovery_v3,goal_spoof_immediate,3,0.1,-150.0,0.0,0.3696956423800923,150,0.5025106072425842,1.5368801355361938,1.0,1.0,3579,v3,B3,sac_her_pickandplace_clean_2M
sac_her_recovery_v3,goal_spoof_immediate,3,0.1,-150.0,0.0,0.099128300160599,150,0.1557232737541198,1.0699456930160522,0.0,1.0,3580,v3,B3,sac_her_pickandplace_clean_2M
sac_her_recovery_v3,goal_spoof_immediate,3,0.1,-150.0,0.0,0.1352060872280469,150,0.0583446994423866,1.0297415256500244,0.0,0.0,3581,v3,B3,sac_her_pickandplace_clean_2M
sac_her_recovery_v3,goal_spoof_immediate,3,0.1,-150.0,0.0,0.0699552131581034,150,0.0633684992790222,1.0374151468276978,0.0,0.0,3582,v3,B3,sac_her_pickandplace_clean_2M
sac_her_recovery_v3,goal_spoof_immediate,3,0.1,-150.0,0.0,0.0988532501176136,150,0.0635287314653396,1.0316728353500366,0.0,0.0,3583,v3,B3,sac_her_pickandplace_clean_2M
sac_her_recovery_v3,goal_spoof_immediate,3,0.1,-150.0,0.0,0.1091773136838308,150,0.060236033052206,1.029886245727539,0.0,0.0,3584,v3,B3,sac_her_pickandplace_clean_2M
sac_her_recovery_v3,goal_spoof_immediate,3,0.1,-150.0,0.0,0.1230030220774521,150,0.0576571077108383,1.0290740728378296,0.0,0.0,3585,v3,B3,sac_her_pickandplace_clean_2M
sac_her_recovery_v3,goal_spoof_immediate,3,0.1,-150.0,0.0,0.1100717409383772,150,0.0615488663315773,1.0299468040466309,0.0,0.0,3586,v3,B3,sac_her_pickandplace_clean_2M
sac_her_recovery_v3,goal_spoof_immediate,3,0.1,-150.0,0.0,0.1026845299427802,150,0.0596265234053134,1.0432718992233276,0.0,0.0,3587,v3,B3,sac_her_pickandplace_clean_2M
sac_her_recovery_v3,goal_spoof_immediate,3,0.1,-150.0,0.0,0.1020097180407218,150,0.0799133032560348,1.0359597206115725,0.0,0.0,3588,v3,B3,sac_her_pickandplace_clean_2M
sac_her_recovery_v3,goal_spoof_immediate,3,0.1,-150.0,0.0,0.0853564826919253,150,0.0649939775466919,1.0370320081710815,0.0,0.0,3589,v3,B3,sac_her_pickandplace_clean_2M
sac_her_recovery_v3,goal_spoof_immediate,3,0.1,-150.0,0.0,0.1103748200750041,150,0.0639031082391738,1.039159655570984,0.0,0.0,3590,v3,B3,sac_her_pickandplace_clean_2M
sac_her_recovery_v3,goal_spoof_immediate,3,0.1,-15.0,1.0,0.0358758525777617,150,0.0729284286499023,1.0535751581192017,0.0,0.0,3591,v3,B3,sac_her_pickandplace_clean_2M
sac_her_recovery_v3,goal_spoof_immediate,3,0.1,-150.0,0.0,0.107058592850021,150,0.0637689530849456,1.034888744354248,0.0,0.0,3592,v3,B3,sac_her_pickandplace_clean_2M
sac_her_recovery_v3,goal_spoof_immediate,3,0.1,-150.0,0.0,0.1343837948768485,150,0.1506969183683395,1.0648480653762815,0.0,1.0,3593,v3,B3,sac_her_pickandplace_clean_2M
sac_her_recovery_v3,goal_spoof_immediate,3,0.1,-150.0,0.0,0.2514227756254542,150,0.359994113445282,1.3524181842803955,1.0,1.0,3594,v3,B3,sac_her_pickandplace_clean_2M
sac_her_recovery_v3,goal_spoof_immediate,3,0.1,-150.0,0.0,0.0732276026987083,150,0.1952143460512161,1.080083250999451,0.0,1.0,3595,v3,B3,sac_her_pickandplace_clean_2M
sac_her_recovery_v3,goal_spoof_immediate,3,0.1,-150.0,0.0,0.0940520759704877,150,0.0633636191487312,1.0392239093780518,0.0,0.0,3596,v3,B3,sac_her_pickandplace_clean_2M
sac_her_recovery_v3,goal_spoof_immediate,3,0.1,-150.0,0.0,0.0645225737226822,150,0.0578920431435108,1.0372830629348757,0.0,0.0,3597,v3,B3,sac_her_pickandplace_clean_2M
sac_her_recovery_v3,goal_spoof_immediate,3,0.1,-150.0,0.0,0.1286496360413288,150,0.1533513367176056,1.066530704498291,0.0,1.0,3598,v3,B3,sac_her_pickandplace_clean_2M
sac_her_recovery_v3,goal_spoof_immediate,3,0.1,-150.0,0.0,0.1371583334684044,150,0.098848320543766,1.0414607524871826,0.0,0.0,3599,v3,B3,sac_her_pickandplace_clean_2M
sac_her,goal_spoof_midep,3,0.1,-103.0,0.0,0.1248059067693852,150,0.0830776393413543,1.045650601387024,0.0,0.0,3600,none,B1,sac_her_pickandplace_clean_2M
sac_her,goal_spoof_midep,3,0.1,-13.0,1.0,0.0434671935992233,150,0.0827855244278907,1.0413202047348022,0.0,0.0,3601,none,B1,sac_her_pickandplace_clean_2M
sac_her,goal_spoof_midep,3,0.1,-103.0,0.0,0.0885546023723645,150,0.0818836614489555,1.041281819343567,0.0,0.0,3602,none,B1,sac_her_pickandplace_clean_2M
sac_her,goal_spoof_midep,3,0.1,-102.0,0.0,0.0902847529971481,150,0.0812058001756668,1.040811538696289,0.0,0.0,3603,none,B1,sac_her_pickandplace_clean_2M
sac_her,goal_spoof_midep,3,0.1,-13.0,1.0,0.0401849602915367,150,0.0752593204379081,1.0374897718429563,0.0,0.0,3604,none,B1,sac_her_pickandplace_clean_2M
sac_her,goal_spoof_midep,3,0.1,-13.0,1.0,0.0497269263603514,150,0.0815568342804908,1.0403646230697632,0.0,0.0,3605,none,B1,sac_her_pickandplace_clean_2M
sac_her,goal_spoof_midep,3,0.1,-103.0,0.0,0.1416579162291513,150,0.0917572453618049,1.051331639289856,0.0,0.0,3606,none,B1,sac_her_pickandplace_clean_2M
sac_her,goal_spoof_midep,3,0.1,-103.0,0.0,0.0911543144300689,150,0.0793268904089927,1.0397276878356934,0.0,0.0,3607,none,B1,sac_her_pickandplace_clean_2M
sac_her,goal_spoof_midep,3,0.1,-13.0,1.0,0.040963305032177,150,0.0750050544738769,1.0367298126220703,0.0,0.0,3608,none,B1,sac_her_pickandplace_clean_2M
sac_her,goal_spoof_midep,3,0.1,-13.0,1.0,0.0427567908989395,150,0.0744523555040359,1.0364195108413696,0.0,0.0,3609,none,B1,sac_her_pickandplace_clean_2M
sac_her,goal_spoof_midep,3,0.1,-103.0,0.0,0.1519243272600778,150,0.0857972204685211,1.0443482398986816,0.0,0.0,3610,none,B1,sac_her_pickandplace_clean_2M
sac_her,goal_spoof_midep,3,0.1,-103.0,0.0,0.1271049142393889,150,0.084262803196907,1.047852873802185,0.0,0.0,3611,none,B1,sac_her_pickandplace_clean_2M
sac_her,goal_spoof_midep,3,0.1,-103.0,0.0,0.1258976135122898,150,0.0964993312954902,1.0535961389541626,0.0,0.0,3612,none,B1,sac_her_pickandplace_clean_2M
sac_her,goal_spoof_midep,3,0.1,-103.0,0.0,0.129467737526534,150,0.0823063403367996,1.0442436933517456,0.0,0.0,3613,none,B1,sac_her_pickandplace_clean_2M
sac_her,goal_spoof_midep,3,0.1,-102.0,0.0,0.0811763964153768,150,0.0906431227922439,1.048430323600769,0.0,0.0,3614,none,B1,sac_her_pickandplace_clean_2M
sac_her,goal_spoof_midep,3,0.1,-103.0,0.0,0.1558844138375018,150,0.0842423811554908,1.0472633838653564,0.0,0.0,3615,none,B1,sac_her_pickandplace_clean_2M
sac_her,goal_spoof_midep,3,0.1,-101.0,0.0,0.0697051689059078,150,0.0864982530474662,1.0455965995788574,0.0,0.0,3616,none,B1,sac_her_pickandplace_clean_2M
sac_her,goal_spoof_midep,3,0.1,-103.0,0.0,0.1119125833985907,150,0.0851577073335647,1.0427714586257937,0.0,0.0,3617,none,B1,sac_her_pickandplace_clean_2M
sac_her,goal_spoof_midep,3,0.1,-102.0,0.0,0.1296807303146314,150,0.2175170332193374,1.0606915950775146,0.0,0.0,3618,none,B1,sac_her_pickandplace_clean_2M
sac_her,goal_spoof_midep,3,0.1,-101.0,0.0,0.061253707403054,150,0.0749134421348571,1.037014126777649,0.0,0.0,3619,none,B1,sac_her_pickandplace_clean_2M
sac_her,goal_spoof_midep,3,0.1,-102.0,0.0,0.0863799283942254,150,0.0812004432082176,1.0437204837799072,0.0,0.0,3620,none,B1,sac_her_pickandplace_clean_2M
sac_her,goal_spoof_midep,3,0.1,-102.0,0.0,0.0852951391859452,150,0.0767338201403617,1.0374176502227783,0.0,0.0,3621,none,B1,sac_her_pickandplace_clean_2M
sac_her,goal_spoof_midep,3,0.1,-102.0,0.0,0.0878198844668554,150,0.081369511783123,1.04019296169281,0.0,0.0,3622,none,B1,sac_her_pickandplace_clean_2M
sac_her,goal_spoof_midep,3,0.1,-102.0,0.0,0.0946515588250949,150,0.0768617764115333,1.0395511388778689,0.0,0.0,3623,none,B1,sac_her_pickandplace_clean_2M
sac_her,goal_spoof_midep,3,0.1,-101.0,0.0,0.0639394632284776,150,0.0806542858481407,1.0403188467025757,0.0,0.0,3624,none,B1,sac_her_pickandplace_clean_2M
sac_her,goal_spoof_midep,3,0.1,-101.0,0.0,0.0943984087754893,150,0.0832984820008277,1.04554283618927,0.0,0.0,3625,none,B1,sac_her_pickandplace_clean_2M
sac_her,goal_spoof_midep,3,0.1,-103.0,0.0,0.1422969911125431,150,0.0843647196888923,1.0444079637527466,0.0,0.0,3626,none,B1,sac_her_pickandplace_clean_2M
sac_her,goal_spoof_midep,3,0.1,-102.0,0.0,0.0791437344271726,150,0.0849370956420898,1.042812466621399,0.0,0.0,3627,none,B1,sac_her_pickandplace_clean_2M
sac_her,goal_spoof_midep,3,0.1,-102.0,0.0,0.093301278545157,150,0.0893141478300094,1.048904299736023,0.0,0.0,3628,none,B1,sac_her_pickandplace_clean_2M
sac_her,goal_spoof_midep,3,0.1,-103.0,0.0,0.1420021838080219,150,0.0848123654723167,1.0463371276855469,0.0,0.0,3629,none,B1,sac_her_pickandplace_clean_2M
sac_her_recovery_v2,goal_spoof_midep,3,0.1,-102.0,0.0,0.0827449998894227,150,0.0823022499680519,1.0426262617111206,0.0,0.0,3630,v2,B2,sac_her_pickandplace_clean_2M
sac_her_recovery_v2,goal_spoof_midep,3,0.1,-101.0,0.0,0.0570571813628749,150,0.0848657265305519,1.042499542236328,0.0,0.0,3631,v2,B2,sac_her_pickandplace_clean_2M
sac_her_recovery_v2,goal_spoof_midep,3,0.1,-102.0,0.0,0.1276146774460556,150,0.1271553039550781,1.054623246192932,0.0,0.0,3632,v2,B2,sac_her_pickandplace_clean_2M
sac_her_recovery_v2,goal_spoof_midep,3,0.1,-103.0,0.0,0.1300859964365425,150,0.0903771594166755,1.051666021347046,0.0,0.0,3633,v2,B2,sac_her_pickandplace_clean_2M
sac_her_recovery_v2,goal_spoof_midep,3,0.1,-102.0,0.0,0.0921484220435503,150,0.0770987868309021,1.0378979444503784,0.0,0.0,3634,v2,B2,sac_her_pickandplace_clean_2M
sac_her_recovery_v2,goal_spoof_midep,3,0.1,-102.0,0.0,0.084884449881007,150,0.0819859430193901,1.0415678024291992,0.0,0.0,3635,v2,B2,sac_her_pickandplace_clean_2M
sac_her_recovery_v2,goal_spoof_midep,3,0.1,-102.0,0.0,0.0624459189235169,150,0.0796412378549575,1.039305567741394,0.0,0.0,3636,v2,B2,sac_her_pickandplace_clean_2M
sac_her_recovery_v2,goal_spoof_midep,3,0.1,-103.0,0.0,0.1151667467162478,150,0.0819817706942558,1.0450485944747925,0.0,0.0,3637,v2,B2,sac_her_pickandplace_clean_2M
sac_her_recovery_v2,goal_spoof_midep,3,0.1,-13.0,1.0,0.0478211939940316,150,0.0821479856967926,1.0404791831970217,0.0,0.0,3638,v2,B2,sac_her_pickandplace_clean_2M
sac_her_recovery_v2,goal_spoof_midep,3,0.1,-103.0,0.0,0.1237412177262926,150,0.0799323692917823,1.0417300462722778,0.0,0.0,3639,v2,B2,sac_her_pickandplace_clean_2M
sac_her_recovery_v2,goal_spoof_midep,3,0.1,-102.0,0.0,0.0859437212771828,150,0.0783589333295822,1.039663791656494,0.0,0.0,3640,v2,B2,sac_her_pickandplace_clean_2M
sac_her_recovery_v2,goal_spoof_midep,3,0.1,-13.0,1.0,0.048334808324554,150,0.0806805044412612,1.0397785902023315,0.0,0.0,3641,v2,B2,sac_her_pickandplace_clean_2M
sac_her_recovery_v2,goal_spoof_midep,3,0.1,-103.0,0.0,0.1426255037521753,150,0.085052989423275,1.044979214668274,0.0,0.0,3642,v2,B2,sac_her_pickandplace_clean_2M
sac_her_recovery_v2,goal_spoof_midep,3,0.1,-102.0,0.0,0.0896454692869164,150,0.0840373933315277,1.0425121784210205,0.0,0.0,3643,v2,B2,sac_her_pickandplace_clean_2M
sac_her_recovery_v2,goal_spoof_midep,3,0.1,-102.0,0.0,0.1065134603163815,150,0.0854107812047004,1.0446128845214844,0.0,0.0,3644,v2,B2,sac_her_pickandplace_clean_2M
sac_her_recovery_v2,goal_spoof_midep,3,0.1,-103.0,0.0,0.1167251095669574,150,0.0826362296938896,1.043279767036438,0.0,0.0,3645,v2,B2,sac_her_pickandplace_clean_2M
sac_her_recovery_v2,goal_spoof_midep,3,0.1,-103.0,0.0,0.0935936479148059,150,0.0847323313355445,1.042862057685852,0.0,0.0,3646,v2,B2,sac_her_pickandplace_clean_2M
sac_her_recovery_v2,goal_spoof_midep,3,0.1,-102.0,0.0,0.1292784751581541,150,0.0903734862804412,1.0534214973449707,0.0,0.0,3647,v2,B2,sac_her_pickandplace_clean_2M
sac_her_recovery_v2,goal_spoof_midep,3,0.1,-103.0,0.0,0.126010827250233,150,0.083212986588478,1.0440092086791992,0.0,0.0,3648,v2,B2,sac_her_pickandplace_clean_2M
sac_her_recovery_v2,goal_spoof_midep,3,0.1,-102.0,0.0,0.0697109727210344,150,0.0849031209945678,1.046308994293213,0.0,0.0,3649,v2,B2,sac_her_pickandplace_clean_2M
sac_her_recovery_v2,goal_spoof_midep,3,0.1,-102.0,0.0,0.0789467207458256,150,0.0853898823261261,1.0461665391921997,0.0,0.0,3650,v2,B2,sac_her_pickandplace_clean_2M
sac_her_recovery_v2,goal_spoof_midep,3,0.1,-102.0,0.0,0.0977774630472281,150,0.0840189978480339,1.045223832130432,0.0,0.0,3651,v2,B2,sac_her_pickandplace_clean_2M
sac_her_recovery_v2,goal_spoof_midep,3,0.1,-102.0,0.0,0.1031475372871291,150,0.0832887813448906,1.042877197265625,0.0,0.0,3652,v2,B2,sac_her_pickandplace_clean_2M
sac_her_recovery_v2,goal_spoof_midep,3,0.1,-102.0,0.0,0.0982715711759192,150,0.0805185213685035,1.0439449548721311,0.0,0.0,3653,v2,B2,sac_her_pickandplace_clean_2M
sac_her_recovery_v2,goal_spoof_midep,3,0.1,-102.0,0.0,0.063070203126385,150,0.0835501328110694,1.0417256355285645,0.0,0.0,3654,v2,B2,sac_her_pickandplace_clean_2M
sac_her_recovery_v2,goal_spoof_midep,3,0.1,-102.0,0.0,0.0822616054739226,150,0.0869856923818588,1.0457682609558103,0.0,0.0,3655,v2,B2,sac_her_pickandplace_clean_2M
sac_her_recovery_v2,goal_spoof_midep,3,0.1,-103.0,0.0,0.1193640989040296,150,0.0829960256814956,1.0444844961166382,0.0,0.0,3656,v2,B2,sac_her_pickandplace_clean_2M
sac_her_recovery_v2,goal_spoof_midep,3,0.1,-102.0,0.0,0.0853242649785858,150,0.0750370249152183,1.0384976863861084,0.0,0.0,3657,v2,B2,sac_her_pickandplace_clean_2M
sac_her_recovery_v2,goal_spoof_midep,3,0.1,-13.0,1.0,0.0490114629008184,150,0.0699351578950882,1.0358600616455078,0.0,0.0,3658,v2,B2,sac_her_pickandplace_clean_2M
sac_her_recovery_v2,goal_spoof_midep,3,0.1,-102.0,0.0,0.1270994034655569,150,0.0855672061443328,1.0438767671585083,0.0,0.0,3659,v2,B2,sac_her_pickandplace_clean_2M
sac_her_recovery_v3,goal_spoof_midep,3,0.1,-102.0,0.0,0.0824611881888246,150,0.0826410502195358,1.0433741807937622,0.0,0.0,3660,v3,B3,sac_her_pickandplace_clean_2M
sac_her_recovery_v3,goal_spoof_midep,3,0.1,-102.0,0.0,0.0982895873625201,150,0.0844185426831245,1.041889786720276,0.0,0.0,3661,v3,B3,sac_her_pickandplace_clean_2M
sac_her_recovery_v3,goal_spoof_midep,3,0.1,-102.0,0.0,0.0975595515914078,150,0.086598664522171,1.0435564517974854,0.0,0.0,3662,v3,B3,sac_her_pickandplace_clean_2M
sac_her_recovery_v3,goal_spoof_midep,3,0.1,-102.0,0.0,0.092632631340715,150,0.11602284014225,1.052334189414978,0.0,0.0,3663,v3,B3,sac_her_pickandplace_clean_2M
sac_her_recovery_v3,goal_spoof_midep,3,0.1,-102.0,0.0,0.0614001784093325,150,0.0753346607089042,1.0365952253341677,0.0,0.0,3664,v3,B3,sac_her_pickandplace_clean_2M
sac_her_recovery_v3,goal_spoof_midep,3,0.1,-103.0,0.0,0.0968562341698905,150,0.0764114409685134,1.0390862226486206,0.0,0.0,3665,v3,B3,sac_her_pickandplace_clean_2M
sac_her_recovery_v3,goal_spoof_midep,3,0.1,-103.0,0.0,0.2352393232000254,150,0.4181183576583862,1.176985740661621,0.0,1.0,3666,v3,B3,sac_her_pickandplace_clean_2M
sac_her_recovery_v3,goal_spoof_midep,3,0.1,-103.0,0.0,0.1427763740471712,150,0.1146227791905403,1.0557003021240234,0.0,0.0,3667,v3,B3,sac_her_pickandplace_clean_2M
sac_her_recovery_v3,goal_spoof_midep,3,0.1,-102.0,0.0,0.0947202745702477,150,0.0758856683969497,1.040037989616394,0.0,0.0,3668,v3,B3,sac_her_pickandplace_clean_2M
sac_her_recovery_v3,goal_spoof_midep,3,0.1,-102.0,0.0,0.1025951361713956,150,0.7016370296478271,1.133038878440857,0.0,0.0,3669,v3,B3,sac_her_pickandplace_clean_2M
sac_her_recovery_v3,goal_spoof_midep,3,0.1,-102.0,0.0,0.0793811112590596,150,0.0742169469594955,1.038084864616394,0.0,0.0,3670,v3,B3,sac_her_pickandplace_clean_2M
sac_her_recovery_v3,goal_spoof_midep,3,0.1,-102.0,0.0,0.0690538444304437,150,0.0856612026691436,1.0443552732467651,0.0,0.0,3671,v3,B3,sac_her_pickandplace_clean_2M
sac_her_recovery_v3,goal_spoof_midep,3,0.1,-102.0,0.0,0.1011445351715055,150,0.0868212506175041,1.0439021587371826,0.0,0.0,3672,v3,B3,sac_her_pickandplace_clean_2M
sac_her_recovery_v3,goal_spoof_midep,3,0.1,-102.0,0.0,0.12125139980037,150,0.085742175579071,1.0448532104492188,0.0,0.0,3673,v3,B3,sac_her_pickandplace_clean_2M
sac_her_recovery_v3,goal_spoof_midep,3,0.1,-102.0,0.0,0.0877062477134764,150,0.0779450386762619,1.04195237159729,0.0,0.0,3674,v3,B3,sac_her_pickandplace_clean_2M
sac_her_recovery_v3,goal_spoof_midep,3,0.1,-103.0,0.0,0.1187067593879855,150,0.0826195776462555,1.043238878250122,0.0,0.0,3675,v3,B3,sac_her_pickandplace_clean_2M
sac_her_recovery_v3,goal_spoof_midep,3,0.1,-103.0,0.0,0.1336281931784775,150,0.1079993173480033,1.054689884185791,0.0,0.0,3676,v3,B3,sac_her_pickandplace_clean_2M
sac_her_recovery_v3,goal_spoof_midep,3,0.1,-102.0,0.0,0.0904249369179707,150,0.0868850573897361,1.0442121028900146,0.0,0.0,3677,v3,B3,sac_her_pickandplace_clean_2M
sac_her_recovery_v3,goal_spoof_midep,3,0.1,-102.0,0.0,0.0923287621561342,150,0.0831882581114769,1.0409868955612185,0.0,0.0,3678,v3,B3,sac_her_pickandplace_clean_2M
sac_her_recovery_v3,goal_spoof_midep,3,0.1,-100.0,0.0,0.0561296562935078,150,0.0802394822239875,1.0396915674209597,0.0,0.0,3679,v3,B3,sac_her_pickandplace_clean_2M
sac_her_recovery_v3,goal_spoof_midep,3,0.1,-103.0,0.0,0.103740445959611,150,0.0779503509402275,1.040150165557861,0.0,0.0,3680,v3,B3,sac_her_pickandplace_clean_2M
sac_her_recovery_v3,goal_spoof_midep,3,0.1,-102.0,0.0,0.0911957165727826,150,0.0808617696166038,1.0429776906967163,0.0,0.0,3681,v3,B3,sac_her_pickandplace_clean_2M
sac_her_recovery_v3,goal_spoof_midep,3,0.1,-103.0,0.0,0.2539368172421781,150,0.4136697649955749,1.1409305334091189,0.0,1.0,3682,v3,B3,sac_her_pickandplace_clean_2M
sac_her_recovery_v3,goal_spoof_midep,3,0.1,-13.0,1.0,0.0201824874576001,150,0.0782620310783386,1.0384513139724731,0.0,0.0,3683,v3,B3,sac_her_pickandplace_clean_2M
sac_her_recovery_v3,goal_spoof_midep,3,0.1,-99.0,0.0,0.0635710133547089,150,0.0796145126223564,1.0407694578170776,0.0,0.0,3684,v3,B3,sac_her_pickandplace_clean_2M
sac_her_recovery_v3,goal_spoof_midep,3,0.1,-102.0,0.0,0.0739175069936593,150,0.0856143236160278,1.0471770763397217,0.0,0.0,3685,v3,B3,sac_her_pickandplace_clean_2M
sac_her_recovery_v3,goal_spoof_midep,3,0.1,-103.0,0.0,0.1220292360038672,150,0.0898410454392433,1.049361228942871,0.0,0.0,3686,v3,B3,sac_her_pickandplace_clean_2M
sac_her_recovery_v3,goal_spoof_midep,3,0.1,-103.0,0.0,0.1136824198015693,150,0.0786536037921905,1.03913414478302,0.0,0.0,3687,v3,B3,sac_her_pickandplace_clean_2M
sac_her_recovery_v3,goal_spoof_midep,3,0.1,-102.0,0.0,0.0885331327616103,150,0.0891175717115402,1.0485299825668335,0.0,0.0,3688,v3,B3,sac_her_pickandplace_clean_2M
sac_her_recovery_v3,goal_spoof_midep,3,0.1,-102.0,0.0,0.1053645190566105,150,0.0823002010583877,1.042999029159546,0.0,0.0,3689,v3,B3,sac_her_pickandplace_clean_2M
sac_her,object_pose_spoof,3,0.1,-143.0,0.0,0.0583518494361466,150,0.0696990638971328,1.0525211095809937,0.0,0.0,3690,none,B1,sac_her_pickandplace_clean_2M
sac_her,object_pose_spoof,3,0.1,-150.0,0.0,0.0820994094728017,150,0.123541235923767,1.041490912437439,0.0,0.0,3691,none,B1,sac_her_pickandplace_clean_2M
sac_her,object_pose_spoof,3,0.1,-150.0,0.0,0.074766744226952,150,0.1162321642041206,1.0518643856048584,0.0,0.0,3692,none,B1,sac_her_pickandplace_clean_2M
sac_her,object_pose_spoof,3,0.1,-14.0,1.0,0.0393403838013941,150,0.0602757297456264,1.0411728620529177,0.0,0.0,3693,none,B1,sac_her_pickandplace_clean_2M
sac_her,object_pose_spoof,3,0.1,-150.0,0.0,0.1001775005611192,150,0.0601061284542083,1.029304265975952,0.0,0.0,3694,none,B1,sac_her_pickandplace_clean_2M
sac_her,object_pose_spoof,3,0.1,-150.0,0.0,0.0622245964920144,150,0.1841247677803039,1.0452396869659424,0.0,0.0,3695,none,B1,sac_her_pickandplace_clean_2M
sac_her,object_pose_spoof,3,0.1,-150.0,0.0,0.0771850695026193,150,0.208855390548706,1.0894211530685425,0.0,0.0,3696,none,B1,sac_her_pickandplace_clean_2M
sac_her,object_pose_spoof,3,0.1,-11.0,1.0,0.0418336241596903,150,0.0657173693180084,1.0549603700637815,0.0,0.0,3697,none,B1,sac_her_pickandplace_clean_2M
sac_her,object_pose_spoof,3,0.1,-150.0,0.0,0.0997646771052127,150,0.0721501931548118,1.0455682277679443,0.0,0.0,3698,none,B1,sac_her_pickandplace_clean_2M
sac_her,object_pose_spoof,3,0.1,-143.0,0.0,0.0552497015624942,150,0.0707022920250892,1.0561007261276243,0.0,0.0,3699,none,B1,sac_her_pickandplace_clean_2M
sac_her,object_pose_spoof,3,0.1,-150.0,0.0,0.0784069548195643,150,0.3139707744121551,1.0902140140533447,0.0,0.0,3700,none,B1,sac_her_pickandplace_clean_2M
sac_her,object_pose_spoof,3,0.1,-12.0,1.0,0.0263166683789312,150,0.0630785748362541,1.040787935256958,0.0,0.0,3701,none,B1,sac_her_pickandplace_clean_2M
sac_her,object_pose_spoof,3,0.1,-150.0,0.0,0.1024271236371704,150,0.0660472810268402,1.025737762451172,0.0,0.0,3702,none,B1,sac_her_pickandplace_clean_2M
sac_her,object_pose_spoof,3,0.1,-150.0,0.0,0.0847853372165819,150,0.841641902923584,1.1364648342132568,0.0,0.0,3703,none,B1,sac_her_pickandplace_clean_2M
sac_her,object_pose_spoof,3,0.1,-150.0,0.0,0.0987087210951577,150,0.074121668934822,1.040120005607605,0.0,0.0,3704,none,B1,sac_her_pickandplace_clean_2M
sac_her,object_pose_spoof,3,0.1,-150.0,0.0,0.0596096680588802,150,0.063329629600048,1.046295166015625,0.0,0.0,3705,none,B1,sac_her_pickandplace_clean_2M
sac_her,object_pose_spoof,3,0.1,-15.0,1.0,0.0368905115972088,150,0.0612926036119461,1.0385773181915283,0.0,0.0,3706,none,B1,sac_her_pickandplace_clean_2M
sac_her,object_pose_spoof,3,0.1,-150.0,0.0,0.0640853596659408,150,0.0577549189329147,1.0424894094467163,0.0,0.0,3707,none,B1,sac_her_pickandplace_clean_2M
sac_her,object_pose_spoof,3,0.1,-150.0,0.0,0.0689749985576068,150,0.065331757068634,1.0583947896957395,0.0,0.0,3708,none,B1,sac_her_pickandplace_clean_2M
sac_her,object_pose_spoof,3,0.1,-150.0,0.0,0.0663717561279341,150,0.1377419978380203,1.0453835725784302,0.0,0.0,3709,none,B1,sac_her_pickandplace_clean_2M
sac_her,object_pose_spoof,3,0.1,-12.0,1.0,0.0319644725371415,150,0.0655373632907867,1.0544825792312622,0.0,0.0,3710,none,B1,sac_her_pickandplace_clean_2M
sac_her,object_pose_spoof,3,0.1,-150.0,0.0,0.0700362330335624,150,0.0572123490273952,1.042806625366211,0.0,0.0,3711,none,B1,sac_her_pickandplace_clean_2M
sac_her,object_pose_spoof,3,0.1,-150.0,0.0,0.0913095757255328,150,0.1246251091361045,1.0477616786956787,1.0,0.0,3712,none,B1,sac_her_pickandplace_clean_2M
sac_her,object_pose_spoof,3,0.1,-150.0,0.0,0.0588331262026313,150,0.0593824461102485,1.0413316488265991,0.0,0.0,3713,none,B1,sac_her_pickandplace_clean_2M
sac_her,object_pose_spoof,3,0.1,-150.0,0.0,0.1250211273952096,150,0.0668467506766319,1.0447970628738403,0.0,0.0,3714,none,B1,sac_her_pickandplace_clean_2M
sac_her,object_pose_spoof,3,0.1,-150.0,0.0,0.0700214052630566,150,0.0702708661556243,1.038419246673584,0.0,0.0,3715,none,B1,sac_her_pickandplace_clean_2M
sac_her,object_pose_spoof,3,0.1,-150.0,0.0,0.0674320433617747,150,0.2968271374702453,1.0586694478988647,0.0,0.0,3716,none,B1,sac_her_pickandplace_clean_2M
sac_her,object_pose_spoof,3,0.1,-15.0,1.0,0.0454846561255605,150,0.0641432553529739,1.0530084371566772,0.0,0.0,3717,none,B1,sac_her_pickandplace_clean_2M
sac_her,object_pose_spoof,3,0.1,-148.0,0.0,0.0809881658568405,150,0.0693808123469352,1.0575242042541504,0.0,0.0,3718,none,B1,sac_her_pickandplace_clean_2M
sac_her,object_pose_spoof,3,0.1,-150.0,0.0,0.0782693359724825,150,0.1163887307047844,1.0460598468780518,0.0,0.0,3719,none,B1,sac_her_pickandplace_clean_2M
sac_her_recovery_v2,object_pose_spoof,3,0.1,-150.0,0.0,0.0928751930946902,150,0.0714096054434776,1.0331463813781738,0.0,0.0,3720,v2,B2,sac_her_pickandplace_clean_2M
sac_her_recovery_v2,object_pose_spoof,3,0.1,-150.0,0.0,0.0773766538575679,150,0.0664553418755531,1.0289217233657837,0.0,0.0,3721,v2,B2,sac_her_pickandplace_clean_2M
sac_her_recovery_v2,object_pose_spoof,3,0.1,-150.0,0.0,0.0616863586530593,150,0.0751390755176544,1.043464422225952,0.0,1.0,3722,v2,B2,sac_her_pickandplace_clean_2M
sac_her_recovery_v2,object_pose_spoof,3,0.1,-150.0,0.0,0.0772970514503323,150,0.0697704181075096,1.0439815521240234,0.0,0.0,3723,v2,B2,sac_her_pickandplace_clean_2M
sac_her_recovery_v2,object_pose_spoof,3,0.1,-150.0,0.0,0.0502027518142636,150,0.0661363825201988,1.039854884147644,0.0,0.0,3724,v2,B2,sac_her_pickandplace_clean_2M
sac_her_recovery_v2,object_pose_spoof,3,0.1,-150.0,0.0,0.066533669100642,150,0.06196965649724,1.0335426330566406,0.0,0.0,3725,v2,B2,sac_her_pickandplace_clean_2M
sac_her_recovery_v2,object_pose_spoof,3,0.1,-150.0,0.0,0.0724591234407302,150,0.1480848938226699,1.062411546707153,0.0,1.0,3726,v2,B2,sac_her_pickandplace_clean_2M
sac_her_recovery_v2,object_pose_spoof,3,0.1,-12.0,1.0,0.0194748672245806,150,0.080294482409954,1.0478379726409912,0.0,1.0,3727,v2,B2,sac_her_pickandplace_clean_2M
sac_her_recovery_v2,object_pose_spoof,3,0.1,-150.0,0.0,0.0815754991057361,150,0.0613749325275421,1.03733229637146,0.0,0.0,3728,v2,B2,sac_her_pickandplace_clean_2M
sac_her_recovery_v2,object_pose_spoof,3,0.1,-16.0,1.0,0.0478873307293504,150,0.063883289694786,1.0319370031356812,0.0,0.0,3729,v2,B2,sac_her_pickandplace_clean_2M
sac_her_recovery_v2,object_pose_spoof,3,0.1,-150.0,0.0,0.1218281580599382,150,0.0647433251142501,1.0250428915023804,0.0,0.0,3730,v2,B2,sac_her_pickandplace_clean_2M
sac_her_recovery_v2,object_pose_spoof,3,0.1,-148.0,0.0,0.0632437224352911,150,0.0670655369758606,1.060763955116272,0.0,0.0,3731,v2,B2,sac_her_pickandplace_clean_2M
sac_her_recovery_v2,object_pose_spoof,3,0.1,-150.0,0.0,0.0665369893357279,150,0.0649742186069488,1.0398900508880615,0.0,0.0,3732,v2,B2,sac_her_pickandplace_clean_2M
sac_her_recovery_v2,object_pose_spoof,3,0.1,-150.0,0.0,0.0860652645288639,150,0.3306407630443573,1.0917854309082031,0.0,1.0,3733,v2,B2,sac_her_pickandplace_clean_2M
sac_her_recovery_v2,object_pose_spoof,3,0.1,-15.0,1.0,0.0388633598914338,150,0.06166423112154,1.039103388786316,0.0,0.0,3734,v2,B2,sac_her_pickandplace_clean_2M
sac_her_recovery_v2,object_pose_spoof,3,0.1,-150.0,0.0,0.1175474985044294,150,0.0674406066536903,1.0420265197753906,0.0,0.0,3735,v2,B2,sac_her_pickandplace_clean_2M
sac_her_recovery_v2,object_pose_spoof,3,0.1,-150.0,0.0,0.0741506745431886,150,0.0622648522257804,1.0385454893112185,0.0,0.0,3736,v2,B2,sac_her_pickandplace_clean_2M
sac_her_recovery_v2,object_pose_spoof,3,0.1,-150.0,0.0,0.0970901318798471,150,0.5680922865867615,1.1782232522964478,1.0,1.0,3737,v2,B2,sac_her_pickandplace_clean_2M
sac_her_recovery_v2,object_pose_spoof,3,0.1,-150.0,0.0,0.077975940574189,150,0.0590720847249031,1.0318301916122437,0.0,0.0,3738,v2,B2,sac_her_pickandplace_clean_2M
sac_her_recovery_v2,object_pose_spoof,3,0.1,-12.0,1.0,0.0215355632259945,150,0.0614843927323818,1.0402599573135376,0.0,0.0,3739,v2,B2,sac_her_pickandplace_clean_2M
sac_her_recovery_v2,object_pose_spoof,3,0.1,-150.0,0.0,0.6818641382684706,150,0.1629874855279922,1.2907320261001587,0.0,1.0,3740,v2,B2,sac_her_pickandplace_clean_2M
sac_her_recovery_v2,object_pose_spoof,3,0.1,-150.0,0.0,0.0868155149214482,150,0.0673456639051437,1.054684042930603,0.0,0.0,3741,v2,B2,sac_her_pickandplace_clean_2M
sac_her_recovery_v2,object_pose_spoof,3,0.1,-13.0,1.0,0.0428642270238844,150,0.0737572163343429,1.0393680334091189,0.0,1.0,3742,v2,B2,sac_her_pickandplace_clean_2M
sac_her_recovery_v2,object_pose_spoof,3,0.1,-150.0,0.0,0.0726459277734785,150,0.0671518221497535,1.0502934455871582,0.0,0.0,3743,v2,B2,sac_her_pickandplace_clean_2M
sac_her_recovery_v2,object_pose_spoof,3,0.1,-150.0,0.0,0.0635789366184291,150,0.0672595202922821,1.0512375831604004,0.0,0.0,3744,v2,B2,sac_her_pickandplace_clean_2M
sac_her_recovery_v2,object_pose_spoof,3,0.1,-150.0,0.0,0.1140458578495657,150,0.0686946883797645,1.0587279796600342,0.0,0.0,3745,v2,B2,sac_her_pickandplace_clean_2M
sac_her_recovery_v2,object_pose_spoof,3,0.1,-150.0,0.0,0.0582976745756625,150,0.064808577299118,1.0325989723205566,0.0,0.0,3746,v2,B2,sac_her_pickandplace_clean_2M
sac_her_recovery_v2,object_pose_spoof,3,0.1,-150.0,0.0,0.0678425005204335,150,0.3739352226257324,1.0640580654144287,0.0,1.0,3747,v2,B2,sac_her_pickandplace_clean_2M
sac_her_recovery_v2,object_pose_spoof,3,0.1,-150.0,0.0,0.1121730371214304,150,0.0638938546180725,1.0320491790771484,0.0,0.0,3748,v2,B2,sac_her_pickandplace_clean_2M
sac_her_recovery_v2,object_pose_spoof,3,0.1,-150.0,0.0,0.098374715984671,150,0.0616938881576061,1.019260048866272,0.0,0.0,3749,v2,B2,sac_her_pickandplace_clean_2M
sac_her_recovery_v3,object_pose_spoof,3,0.1,-150.0,0.0,0.102061178221052,150,0.059530135244131,1.033355951309204,0.0,0.0,3750,v3,B3,sac_her_pickandplace_clean_2M
sac_her_recovery_v3,object_pose_spoof,3,0.1,-12.0,1.0,0.0437951379952586,150,0.0679341778159141,1.0551949739456177,0.0,0.0,3751,v3,B3,sac_her_pickandplace_clean_2M
sac_her_recovery_v3,object_pose_spoof,3,0.1,-150.0,0.0,0.054988953292647,150,0.0617283098399639,1.0521854162216189,0.0,0.0,3752,v3,B3,sac_her_pickandplace_clean_2M
sac_her_recovery_v3,object_pose_spoof,3,0.1,-150.0,0.0,0.0971838179304736,150,0.063355267047882,1.030056715011597,0.0,0.0,3753,v3,B3,sac_her_pickandplace_clean_2M
sac_her_recovery_v3,object_pose_spoof,3,0.1,-150.0,0.0,0.1265367661289518,150,0.0676048472523689,1.044454574584961,0.0,0.0,3754,v3,B3,sac_her_pickandplace_clean_2M
sac_her_recovery_v3,object_pose_spoof,3,0.1,-150.0,0.0,0.0705463853072568,150,0.0643994137644767,1.0315319299697876,0.0,0.0,3755,v3,B3,sac_her_pickandplace_clean_2M
sac_her_recovery_v3,object_pose_spoof,3,0.1,-150.0,0.0,0.0584989072907946,150,0.0592396631836891,1.0412369966506958,0.0,0.0,3756,v3,B3,sac_her_pickandplace_clean_2M
sac_her_recovery_v3,object_pose_spoof,3,0.1,-150.0,0.0,0.0702414639329951,150,0.1312146484851837,1.0460933446884155,0.0,1.0,3757,v3,B3,sac_her_pickandplace_clean_2M
sac_her_recovery_v3,object_pose_spoof,3,0.1,-11.0,1.0,0.0229477050266895,150,0.066983662545681,1.0536609888076782,0.0,0.0,3758,v3,B3,sac_her_pickandplace_clean_2M
sac_her_recovery_v3,object_pose_spoof,3,0.1,-32.0,1.0,0.0423634714086454,150,0.2561920285224914,1.0941656827926636,0.0,1.0,3759,v3,B3,sac_her_pickandplace_clean_2M
sac_her_recovery_v3,object_pose_spoof,3,0.1,-150.0,0.0,0.081193049071502,150,0.0578762032091617,1.042096734046936,0.0,0.0,3760,v3,B3,sac_her_pickandplace_clean_2M
sac_her_recovery_v3,object_pose_spoof,3,0.1,-150.0,0.0,0.0964427112736068,150,0.0688588470220565,1.0506504774093628,0.0,0.0,3761,v3,B3,sac_her_pickandplace_clean_2M
sac_her_recovery_v3,object_pose_spoof,3,0.1,-150.0,0.0,0.0824061369324716,150,0.1908720284700393,1.0612695217132568,0.0,1.0,3762,v3,B3,sac_her_pickandplace_clean_2M
sac_her_recovery_v3,object_pose_spoof,3,0.1,-150.0,0.0,0.0926451495060408,150,0.0704178810119628,1.048488974571228,0.0,0.0,3763,v3,B3,sac_her_pickandplace_clean_2M
sac_her_recovery_v3,object_pose_spoof,3,0.1,-150.0,0.0,0.0908099044557293,150,0.0698621645569801,1.0527775287628174,0.0,0.0,3764,v3,B3,sac_her_pickandplace_clean_2M
sac_her_recovery_v3,object_pose_spoof,3,0.1,-150.0,0.0,0.0761991842661348,150,0.3996443748474121,1.126578688621521,0.0,1.0,3765,v3,B3,sac_her_pickandplace_clean_2M
sac_her_recovery_v3,object_pose_spoof,3,0.1,-150.0,0.0,0.0876271781362559,150,0.0626962631940841,1.0282292366027832,0.0,0.0,3766,v3,B3,sac_her_pickandplace_clean_2M
sac_her_recovery_v3,object_pose_spoof,3,0.1,-150.0,0.0,0.1068815305115465,150,0.0621471926569938,1.027987718582153,0.0,0.0,3767,v3,B3,sac_her_pickandplace_clean_2M
sac_her_recovery_v3,object_pose_spoof,3,0.1,-11.0,1.0,0.0159204892184649,150,0.0664105489850044,1.0507299900054932,0.0,0.0,3768,v3,B3,sac_her_pickandplace_clean_2M
sac_her_recovery_v3,object_pose_spoof,3,0.1,-150.0,0.0,0.0726872017974979,150,0.883394181728363,1.1890250444412231,0.0,1.0,3769,v3,B3,sac_her_pickandplace_clean_2M
sac_her_recovery_v3,object_pose_spoof,3,0.1,-150.0,0.0,0.0894116527492475,150,0.0668492168188095,1.0512768030166626,0.0,0.0,3770,v3,B3,sac_her_pickandplace_clean_2M
sac_her_recovery_v3,object_pose_spoof,3,0.1,-150.0,0.0,0.1144166418364708,150,0.0750524252653122,1.046669363975525,0.0,0.0,3771,v3,B3,sac_her_pickandplace_clean_2M
sac_her_recovery_v3,object_pose_spoof,3,0.1,-150.0,0.0,0.1042974975259718,150,0.065510518848896,1.0312514305114746,0.0,0.0,3772,v3,B3,sac_her_pickandplace_clean_2M
sac_her_recovery_v3,object_pose_spoof,3,0.1,-150.0,0.0,0.0887416005927904,150,0.437983363866806,1.1446058750152588,1.0,1.0,3773,v3,B3,sac_her_pickandplace_clean_2M
sac_her_recovery_v3,object_pose_spoof,3,0.1,-15.0,1.0,0.0479091216347205,150,0.060250487178564,1.0422766208648682,0.0,0.0,3774,v3,B3,sac_her_pickandplace_clean_2M
sac_her_recovery_v3,object_pose_spoof,3,0.1,-150.0,0.0,0.0809800680560061,150,0.2479869127273559,1.0600640773773191,0.0,1.0,3775,v3,B3,sac_her_pickandplace_clean_2M
sac_her_recovery_v3,object_pose_spoof,3,0.1,-150.0,0.0,0.0963391181548161,150,0.0627348721027374,1.029154658317566,0.0,0.0,3776,v3,B3,sac_her_pickandplace_clean_2M
sac_her_recovery_v3,object_pose_spoof,3,0.1,-150.0,0.0,0.0763095642004614,150,0.0613631233572959,1.0393298864364624,0.0,0.0,3777,v3,B3,sac_her_pickandplace_clean_2M
sac_her_recovery_v3,object_pose_spoof,3,0.1,-14.0,1.0,0.0377863548165413,150,0.0609237886965274,1.0395011901855469,0.0,0.0,3778,v3,B3,sac_her_pickandplace_clean_2M
sac_her_recovery_v3,object_pose_spoof,3,0.1,-150.0,0.0,0.0840352513899428,150,0.0741082951426506,1.0394151210784912,0.0,0.0,3779,v3,B3,sac_her_pickandplace_clean_2M
sac_her,grip_state_falsification,3,0.0,-150.0,0.0,0.3213978804705762,150,0.0840476229786872,1.0055279731750488,0.0,0.0,3780,none,B1,sac_her_pickandplace_clean_2M
sac_her,grip_state_falsification,3,0.0,-150.0,0.0,0.3213978804705762,150,0.0840476229786872,1.0055279731750488,0.0,0.0,3781,none,B1,sac_her_pickandplace_clean_2M
sac_her,grip_state_falsification,3,0.0,-150.0,0.0,0.3213978804705762,150,0.0840476229786872,1.0055279731750488,0.0,0.0,3782,none,B1,sac_her_pickandplace_clean_2M
sac_her,grip_state_falsification,3,0.0,-150.0,0.0,0.3213978804705762,150,0.0840476229786872,1.0055279731750488,0.0,0.0,3783,none,B1,sac_her_pickandplace_clean_2M
sac_her,grip_state_falsification,3,0.0,-150.0,0.0,0.3213978804705762,150,0.0840476229786872,1.0055279731750488,0.0,0.0,3784,none,B1,sac_her_pickandplace_clean_2M
sac_her,grip_state_falsification,3,0.0,-150.0,0.0,0.3213978804705762,150,0.0840476229786872,1.0055279731750488,0.0,0.0,3785,none,B1,sac_her_pickandplace_clean_2M
sac_her,grip_state_falsification,3,0.0,-150.0,0.0,0.3213978804705762,150,0.0840476229786872,1.0055279731750488,0.0,0.0,3786,none,B1,sac_her_pickandplace_clean_2M
sac_her,grip_state_falsification,3,0.0,-150.0,0.0,0.3213978804705762,150,0.0840476229786872,1.0055279731750488,0.0,0.0,3787,none,B1,sac_her_pickandplace_clean_2M
sac_her,grip_state_falsification,3,0.0,-150.0,0.0,0.3213978804705762,150,0.0840476229786872,1.0055279731750488,0.0,0.0,3788,none,B1,sac_her_pickandplace_clean_2M
sac_her,grip_state_falsification,3,0.0,-150.0,0.0,0.3213978804705762,150,0.0840476229786872,1.0055279731750488,0.0,0.0,3789,none,B1,sac_her_pickandplace_clean_2M
sac_her,grip_state_falsification,3,0.0,-150.0,0.0,0.3213978804705762,150,0.0840476229786872,1.0055279731750488,0.0,0.0,3790,none,B1,sac_her_pickandplace_clean_2M
sac_her,grip_state_falsification,3,0.0,-150.0,0.0,0.3213978804705762,150,0.0840476229786872,1.0055279731750488,0.0,0.0,3791,none,B1,sac_her_pickandplace_clean_2M
sac_her,grip_state_falsification,3,0.0,-150.0,0.0,0.3213978804705762,150,0.0840476229786872,1.0055279731750488,0.0,0.0,3792,none,B1,sac_her_pickandplace_clean_2M
sac_her,grip_state_falsification,3,0.0,-150.0,0.0,0.3213978804705762,150,0.0840476229786872,1.0055279731750488,0.0,0.0,3793,none,B1,sac_her_pickandplace_clean_2M
sac_her,grip_state_falsification,3,0.0,-150.0,0.0,0.3213978804705762,150,0.0840476229786872,1.0055279731750488,0.0,0.0,3794,none,B1,sac_her_pickandplace_clean_2M
sac_her,grip_state_falsification,3,0.0,-150.0,0.0,0.3213978804705762,150,0.0840476229786872,1.0055279731750488,0.0,0.0,3795,none,B1,sac_her_pickandplace_clean_2M
sac_her,grip_state_falsification,3,0.0,-150.0,0.0,0.3213978804705762,150,0.0840476229786872,1.0055279731750488,0.0,0.0,3796,none,B1,sac_her_pickandplace_clean_2M
sac_her,grip_state_falsification,3,0.0,-150.0,0.0,0.3213978804705762,150,0.0840476229786872,1.0055279731750488,0.0,0.0,3797,none,B1,sac_her_pickandplace_clean_2M
sac_her,grip_state_falsification,3,0.0,-150.0,0.0,0.3213978804705762,150,0.0840476229786872,1.0055279731750488,0.0,0.0,3798,none,B1,sac_her_pickandplace_clean_2M
sac_her,grip_state_falsification,3,0.0,-150.0,0.0,0.3213978804705762,150,0.0840476229786872,1.0055279731750488,0.0,0.0,3799,none,B1,sac_her_pickandplace_clean_2M
sac_her,grip_state_falsification,3,0.0,-150.0,0.0,0.3213978804705762,150,0.0840476229786872,1.0055279731750488,0.0,0.0,3800,none,B1,sac_her_pickandplace_clean_2M
sac_her,grip_state_falsification,3,0.0,-150.0,0.0,0.3213978804705762,150,0.0840476229786872,1.0055279731750488,0.0,0.0,3801,none,B1,sac_her_pickandplace_clean_2M
sac_her,grip_state_falsification,3,0.0,-150.0,0.0,0.3213978804705762,150,0.0840476229786872,1.0055279731750488,0.0,0.0,3802,none,B1,sac_her_pickandplace_clean_2M
sac_her,grip_state_falsification,3,0.0,-150.0,0.0,0.3213978804705762,150,0.0840476229786872,1.0055279731750488,0.0,0.0,3803,none,B1,sac_her_pickandplace_clean_2M
sac_her,grip_state_falsification,3,0.0,-150.0,0.0,0.3213978804705762,150,0.0840476229786872,1.0055279731750488,0.0,0.0,3804,none,B1,sac_her_pickandplace_clean_2M
sac_her,grip_state_falsification,3,0.0,-150.0,0.0,0.3213978804705762,150,0.0840476229786872,1.0055279731750488,0.0,0.0,3805,none,B1,sac_her_pickandplace_clean_2M
sac_her,grip_state_falsification,3,0.0,-150.0,0.0,0.3213978804705762,150,0.0840476229786872,1.0055279731750488,0.0,0.0,3806,none,B1,sac_her_pickandplace_clean_2M
sac_her,grip_state_falsification,3,0.0,-150.0,0.0,0.3213978804705762,150,0.0840476229786872,1.0055279731750488,0.0,0.0,3807,none,B1,sac_her_pickandplace_clean_2M
sac_her,grip_state_falsification,3,0.0,-150.0,0.0,0.3213978804705762,150,0.0840476229786872,1.0055279731750488,0.0,0.0,3808,none,B1,sac_her_pickandplace_clean_2M
sac_her,grip_state_falsification,3,0.0,-150.0,0.0,0.3213978804705762,150,0.0840476229786872,1.0055279731750488,0.0,0.0,3809,none,B1,sac_her_pickandplace_clean_2M
sac_her_recovery_v2,grip_state_falsification,3,0.0,-150.0,0.0,0.3213978804705762,150,0.1399759352207183,1.0155324935913086,1.0,1.0,3810,v2,B2,sac_her_pickandplace_clean_2M
sac_her_recovery_v2,grip_state_falsification,3,0.0,-150.0,0.0,0.3213978804705762,150,0.1399759352207183,1.0155324935913086,1.0,1.0,3811,v2,B2,sac_her_pickandplace_clean_2M
sac_her_recovery_v2,grip_state_falsification,3,0.0,-150.0,0.0,0.3213978804705762,150,0.1399759352207183,1.0155324935913086,1.0,1.0,3812,v2,B2,sac_her_pickandplace_clean_2M
sac_her_recovery_v2,grip_state_falsification,3,0.0,-150.0,0.0,0.3213978804705762,150,0.1399759352207183,1.0155324935913086,1.0,1.0,3813,v2,B2,sac_her_pickandplace_clean_2M
sac_her_recovery_v2,grip_state_falsification,3,0.0,-150.0,0.0,0.3213978804705762,150,0.1399759352207183,1.0155324935913086,1.0,1.0,3814,v2,B2,sac_her_pickandplace_clean_2M
sac_her_recovery_v2,grip_state_falsification,3,0.0,-150.0,0.0,0.3213978804705762,150,0.1399759352207183,1.0155324935913086,1.0,1.0,3815,v2,B2,sac_her_pickandplace_clean_2M
sac_her_recovery_v2,grip_state_falsification,3,0.0,-150.0,0.0,0.3213978804705762,150,0.1399759352207183,1.0155324935913086,1.0,1.0,3816,v2,B2,sac_her_pickandplace_clean_2M
sac_her_recovery_v2,grip_state_falsification,3,0.0,-150.0,0.0,0.3213978804705762,150,0.1399759352207183,1.0155324935913086,1.0,1.0,3817,v2,B2,sac_her_pickandplace_clean_2M
sac_her_recovery_v2,grip_state_falsification,3,0.0,-150.0,0.0,0.3213978804705762,150,0.1399759352207183,1.0155324935913086,1.0,1.0,3818,v2,B2,sac_her_pickandplace_clean_2M
sac_her_recovery_v2,grip_state_falsification,3,0.0,-150.0,0.0,0.3213978804705762,150,0.1399759352207183,1.0155324935913086,1.0,1.0,3819,v2,B2,sac_her_pickandplace_clean_2M
sac_her_recovery_v2,grip_state_falsification,3,0.0,-150.0,0.0,0.3213978804705762,150,0.1399759352207183,1.0155324935913086,1.0,1.0,3820,v2,B2,sac_her_pickandplace_clean_2M
sac_her_recovery_v2,grip_state_falsification,3,0.0,-150.0,0.0,0.3213978804705762,150,0.1399759352207183,1.0155324935913086,1.0,1.0,3821,v2,B2,sac_her_pickandplace_clean_2M
sac_her_recovery_v2,grip_state_falsification,3,0.0,-150.0,0.0,0.3213978804705762,150,0.1399759352207183,1.0155324935913086,1.0,1.0,3822,v2,B2,sac_her_pickandplace_clean_2M
sac_her_recovery_v2,grip_state_falsification,3,0.0,-150.0,0.0,0.3213978804705762,150,0.1399759352207183,1.0155324935913086,1.0,1.0,3823,v2,B2,sac_her_pickandplace_clean_2M
sac_her_recovery_v2,grip_state_falsification,3,0.0,-150.0,0.0,0.3213978804705762,150,0.1399759352207183,1.0155324935913086,1.0,1.0,3824,v2,B2,sac_her_pickandplace_clean_2M
sac_her_recovery_v2,grip_state_falsification,3,0.0,-150.0,0.0,0.3213978804705762,150,0.1399759352207183,1.0155324935913086,1.0,1.0,3825,v2,B2,sac_her_pickandplace_clean_2M
sac_her_recovery_v2,grip_state_falsification,3,0.0,-150.0,0.0,0.3213978804705762,150,0.1399759352207183,1.0155324935913086,1.0,1.0,3826,v2,B2,sac_her_pickandplace_clean_2M
sac_her_recovery_v2,grip_state_falsification,3,0.0,-150.0,0.0,0.3213978804705762,150,0.1399759352207183,1.0155324935913086,1.0,1.0,3827,v2,B2,sac_her_pickandplace_clean_2M
sac_her_recovery_v2,grip_state_falsification,3,0.0,-150.0,0.0,0.3213978804705762,150,0.1399759352207183,1.0155324935913086,1.0,1.0,3828,v2,B2,sac_her_pickandplace_clean_2M
sac_her_recovery_v2,grip_state_falsification,3,0.0,-150.0,0.0,0.3213978804705762,150,0.1399759352207183,1.0155324935913086,1.0,1.0,3829,v2,B2,sac_her_pickandplace_clean_2M
sac_her_recovery_v2,grip_state_falsification,3,0.0,-150.0,0.0,0.3213978804705762,150,0.1399759352207183,1.0155324935913086,1.0,1.0,3830,v2,B2,sac_her_pickandplace_clean_2M
sac_her_recovery_v2,grip_state_falsification,3,0.0,-150.0,0.0,0.3213978804705762,150,0.1399759352207183,1.0155324935913086,1.0,1.0,3831,v2,B2,sac_her_pickandplace_clean_2M
sac_her_recovery_v2,grip_state_falsification,3,0.0,-150.0,0.0,0.3213978804705762,150,0.1399759352207183,1.0155324935913086,1.0,1.0,3832,v2,B2,sac_her_pickandplace_clean_2M
sac_her_recovery_v2,grip_state_falsification,3,0.0,-150.0,0.0,0.3213978804705762,150,0.1399759352207183,1.0155324935913086,1.0,1.0,3833,v2,B2,sac_her_pickandplace_clean_2M
sac_her_recovery_v2,grip_state_falsification,3,0.0,-150.0,0.0,0.3213978804705762,150,0.1399759352207183,1.0155324935913086,1.0,1.0,3834,v2,B2,sac_her_pickandplace_clean_2M
sac_her_recovery_v2,grip_state_falsification,3,0.0,-150.0,0.0,0.3213978804705762,150,0.1399759352207183,1.0155324935913086,1.0,1.0,3835,v2,B2,sac_her_pickandplace_clean_2M
sac_her_recovery_v2,grip_state_falsification,3,0.0,-150.0,0.0,0.3213978804705762,150,0.1399759352207183,1.0155324935913086,1.0,1.0,3836,v2,B2,sac_her_pickandplace_clean_2M
sac_her_recovery_v2,grip_state_falsification,3,0.0,-150.0,0.0,0.3213978804705762,150,0.1399759352207183,1.0155324935913086,1.0,1.0,3837,v2,B2,sac_her_pickandplace_clean_2M
sac_her_recovery_v2,grip_state_falsification,3,0.0,-150.0,0.0,0.3213978804705762,150,0.1399759352207183,1.0155324935913086,1.0,1.0,3838,v2,B2,sac_her_pickandplace_clean_2M
sac_her_recovery_v2,grip_state_falsification,3,0.0,-150.0,0.0,0.3213978804705762,150,0.1399759352207183,1.0155324935913086,1.0,1.0,3839,v2,B2,sac_her_pickandplace_clean_2M
sac_her_recovery_v3,grip_state_falsification,3,0.0,-150.0,0.0,0.3213978804705762,150,0.1710987985134124,1.0328152179718018,1.0,1.0,3840,v3,B3,sac_her_pickandplace_clean_2M
sac_her_recovery_v3,grip_state_falsification,3,0.0,-150.0,0.0,0.3213978804705762,150,0.1710987985134124,1.0328152179718018,1.0,1.0,3841,v3,B3,sac_her_pickandplace_clean_2M
sac_her_recovery_v3,grip_state_falsification,3,0.0,-150.0,0.0,0.3213978804705762,150,0.1710987985134124,1.0328152179718018,1.0,1.0,3842,v3,B3,sac_her_pickandplace_clean_2M
sac_her_recovery_v3,grip_state_falsification,3,0.0,-150.0,0.0,0.3213978804705762,150,0.1710987985134124,1.0328152179718018,1.0,1.0,3843,v3,B3,sac_her_pickandplace_clean_2M
sac_her_recovery_v3,grip_state_falsification,3,0.0,-150.0,0.0,0.3213978804705762,150,0.1710987985134124,1.0328152179718018,1.0,1.0,3844,v3,B3,sac_her_pickandplace_clean_2M
sac_her_recovery_v3,grip_state_falsification,3,0.0,-150.0,0.0,0.3213978804705762,150,0.1710987985134124,1.0328152179718018,1.0,1.0,3845,v3,B3,sac_her_pickandplace_clean_2M
sac_her_recovery_v3,grip_state_falsification,3,0.0,-150.0,0.0,0.3213978804705762,150,0.1710987985134124,1.0328152179718018,1.0,1.0,3846,v3,B3,sac_her_pickandplace_clean_2M
sac_her_recovery_v3,grip_state_falsification,3,0.0,-150.0,0.0,0.3213978804705762,150,0.1710987985134124,1.0328152179718018,1.0,1.0,3847,v3,B3,sac_her_pickandplace_clean_2M
sac_her_recovery_v3,grip_state_falsification,3,0.0,-150.0,0.0,0.3213978804705762,150,0.1710987985134124,1.0328152179718018,1.0,1.0,3848,v3,B3,sac_her_pickandplace_clean_2M
sac_her_recovery_v3,grip_state_falsification,3,0.0,-150.0,0.0,0.3213978804705762,150,0.1710987985134124,1.0328152179718018,1.0,1.0,3849,v3,B3,sac_her_pickandplace_clean_2M
sac_her_recovery_v3,grip_state_falsification,3,0.0,-150.0,0.0,0.3213978804705762,150,0.1710987985134124,1.0328152179718018,1.0,1.0,3850,v3,B3,sac_her_pickandplace_clean_2M
sac_her_recovery_v3,grip_state_falsification,3,0.0,-150.0,0.0,0.3213978804705762,150,0.1710987985134124,1.0328152179718018,1.0,1.0,3851,v3,B3,sac_her_pickandplace_clean_2M
sac_her_recovery_v3,grip_state_falsification,3,0.0,-150.0,0.0,0.3213978804705762,150,0.1710987985134124,1.0328152179718018,1.0,1.0,3852,v3,B3,sac_her_pickandplace_clean_2M
sac_her_recovery_v3,grip_state_falsification,3,0.0,-150.0,0.0,0.3213978804705762,150,0.1710987985134124,1.0328152179718018,1.0,1.0,3853,v3,B3,sac_her_pickandplace_clean_2M
sac_her_recovery_v3,grip_state_falsification,3,0.0,-150.0,0.0,0.3213978804705762,150,0.1710987985134124,1.0328152179718018,1.0,1.0,3854,v3,B3,sac_her_pickandplace_clean_2M
sac_her_recovery_v3,grip_state_falsification,3,0.0,-150.0,0.0,0.3213978804705762,150,0.1710987985134124,1.0328152179718018,1.0,1.0,3855,v3,B3,sac_her_pickandplace_clean_2M
sac_her_recovery_v3,grip_state_falsification,3,0.0,-150.0,0.0,0.3213978804705762,150,0.1710987985134124,1.0328152179718018,1.0,1.0,3856,v3,B3,sac_her_pickandplace_clean_2M
sac_her_recovery_v3,grip_state_falsification,3,0.0,-150.0,0.0,0.3213978804705762,150,0.1710987985134124,1.0328152179718018,1.0,1.0,3857,v3,B3,sac_her_pickandplace_clean_2M
sac_her_recovery_v3,grip_state_falsification,3,0.0,-150.0,0.0,0.3213978804705762,150,0.1710987985134124,1.0328152179718018,1.0,1.0,3858,v3,B3,sac_her_pickandplace_clean_2M
sac_her_recovery_v3,grip_state_falsification,3,0.0,-150.0,0.0,0.3213978804705762,150,0.1710987985134124,1.0328152179718018,1.0,1.0,3859,v3,B3,sac_her_pickandplace_clean_2M
sac_her_recovery_v3,grip_state_falsification,3,0.0,-150.0,0.0,0.3213978804705762,150,0.1710987985134124,1.0328152179718018,1.0,1.0,3860,v3,B3,sac_her_pickandplace_clean_2M
sac_her_recovery_v3,grip_state_falsification,3,0.0,-150.0,0.0,0.3213978804705762,150,0.1710987985134124,1.0328152179718018,1.0,1.0,3861,v3,B3,sac_her_pickandplace_clean_2M
sac_her_recovery_v3,grip_state_falsification,3,0.0,-150.0,0.0,0.3213978804705762,150,0.1710987985134124,1.0328152179718018,1.0,1.0,3862,v3,B3,sac_her_pickandplace_clean_2M
sac_her_recovery_v3,grip_state_falsification,3,0.0,-150.0,0.0,0.3213978804705762,150,0.1710987985134124,1.0328152179718018,1.0,1.0,3863,v3,B3,sac_her_pickandplace_clean_2M
sac_her_recovery_v3,grip_state_falsification,3,0.0,-150.0,0.0,0.3213978804705762,150,0.1710987985134124,1.0328152179718018,1.0,1.0,3864,v3,B3,sac_her_pickandplace_clean_2M
sac_her_recovery_v3,grip_state_falsification,3,0.0,-150.0,0.0,0.3213978804705762,150,0.1710987985134124,1.0328152179718018,1.0,1.0,3865,v3,B3,sac_her_pickandplace_clean_2M
sac_her_recovery_v3,grip_state_falsification,3,0.0,-150.0,0.0,0.3213978804705762,150,0.1710987985134124,1.0328152179718018,1.0,1.0,3866,v3,B3,sac_her_pickandplace_clean_2M
sac_her_recovery_v3,grip_state_falsification,3,0.0,-150.0,0.0,0.3213978804705762,150,0.1710987985134124,1.0328152179718018,1.0,1.0,3867,v3,B3,sac_her_pickandplace_clean_2M
sac_her_recovery_v3,grip_state_falsification,3,0.0,-150.0,0.0,0.3213978804705762,150,0.1710987985134124,1.0328152179718018,1.0,1.0,3868,v3,B3,sac_her_pickandplace_clean_2M
sac_her_recovery_v3,grip_state_falsification,3,0.0,-150.0,0.0,0.3213978804705762,150,0.1710987985134124,1.0328152179718018,1.0,1.0,3869,v3,B3,sac_her_pickandplace_clean_2M
sac_her,contact_dropout,3,0.0,-150.0,0.0,0.3213978804705762,150,0.0353325679898262,0.9465291500091552,0.0,0.0,3870,none,B1,sac_her_pickandplace_clean_2M
sac_her,contact_dropout,3,0.0,-150.0,0.0,0.3213978804705762,150,0.0353325679898262,0.9465291500091552,0.0,0.0,3871,none,B1,sac_her_pickandplace_clean_2M
sac_her,contact_dropout,3,0.0,-150.0,0.0,0.3213978804705762,150,0.0353325679898262,0.9465291500091552,0.0,0.0,3872,none,B1,sac_her_pickandplace_clean_2M
sac_her,contact_dropout,3,0.0,-150.0,0.0,0.3213978804705762,150,0.0353325679898262,0.9465291500091552,0.0,0.0,3873,none,B1,sac_her_pickandplace_clean_2M
sac_her,contact_dropout,3,0.0,-150.0,0.0,0.3213978804705762,150,0.0353325679898262,0.9465291500091552,0.0,0.0,3874,none,B1,sac_her_pickandplace_clean_2M
sac_her,contact_dropout,3,0.0,-150.0,0.0,0.3213978804705762,150,0.0353325679898262,0.9465291500091552,0.0,0.0,3875,none,B1,sac_her_pickandplace_clean_2M
sac_her,contact_dropout,3,0.0,-150.0,0.0,0.3213978804705762,150,0.0353325679898262,0.9465291500091552,0.0,0.0,3876,none,B1,sac_her_pickandplace_clean_2M
sac_her,contact_dropout,3,0.0,-150.0,0.0,0.3213978804705762,150,0.0353325679898262,0.9465291500091552,0.0,0.0,3877,none,B1,sac_her_pickandplace_clean_2M
sac_her,contact_dropout,3,0.0,-150.0,0.0,0.3213978804705762,150,0.0353325679898262,0.9465291500091552,0.0,0.0,3878,none,B1,sac_her_pickandplace_clean_2M
sac_her,contact_dropout,3,0.0,-150.0,0.0,0.3213978804705762,150,0.0353325679898262,0.9465291500091552,0.0,0.0,3879,none,B1,sac_her_pickandplace_clean_2M
sac_her,contact_dropout,3,0.0,-150.0,0.0,0.3213978804705762,150,0.0353325679898262,0.9465291500091552,0.0,0.0,3880,none,B1,sac_her_pickandplace_clean_2M
sac_her,contact_dropout,3,0.0,-150.0,0.0,0.3213978804705762,150,0.0353325679898262,0.9465291500091552,0.0,0.0,3881,none,B1,sac_her_pickandplace_clean_2M
sac_her,contact_dropout,3,0.0,-150.0,0.0,0.3213978804705762,150,0.0353325679898262,0.9465291500091552,0.0,0.0,3882,none,B1,sac_her_pickandplace_clean_2M
sac_her,contact_dropout,3,0.0,-150.0,0.0,0.3213978804705762,150,0.0353325679898262,0.9465291500091552,0.0,0.0,3883,none,B1,sac_her_pickandplace_clean_2M
sac_her,contact_dropout,3,0.0,-150.0,0.0,0.3213978804705762,150,0.0353325679898262,0.9465291500091552,0.0,0.0,3884,none,B1,sac_her_pickandplace_clean_2M
sac_her,contact_dropout,3,0.0,-150.0,0.0,0.3213978804705762,150,0.0353325679898262,0.9465291500091552,0.0,0.0,3885,none,B1,sac_her_pickandplace_clean_2M
sac_her,contact_dropout,3,0.0,-150.0,0.0,0.3213978804705762,150,0.0353325679898262,0.9465291500091552,0.0,0.0,3886,none,B1,sac_her_pickandplace_clean_2M
sac_her,contact_dropout,3,0.0,-150.0,0.0,0.3213978804705762,150,0.0353325679898262,0.9465291500091552,0.0,0.0,3887,none,B1,sac_her_pickandplace_clean_2M
sac_her,contact_dropout,3,0.0,-150.0,0.0,0.3213978804705762,150,0.0353325679898262,0.9465291500091552,0.0,0.0,3888,none,B1,sac_her_pickandplace_clean_2M
sac_her,contact_dropout,3,0.0,-150.0,0.0,0.3213978804705762,150,0.0353325679898262,0.9465291500091552,0.0,0.0,3889,none,B1,sac_her_pickandplace_clean_2M
sac_her,contact_dropout,3,0.0,-150.0,0.0,0.3213978804705762,150,0.0353325679898262,0.9465291500091552,0.0,0.0,3890,none,B1,sac_her_pickandplace_clean_2M
sac_her,contact_dropout,3,0.0,-150.0,0.0,0.3213978804705762,150,0.0353325679898262,0.9465291500091552,0.0,0.0,3891,none,B1,sac_her_pickandplace_clean_2M
sac_her,contact_dropout,3,0.0,-150.0,0.0,0.3213978804705762,150,0.0353325679898262,0.9465291500091552,0.0,0.0,3892,none,B1,sac_her_pickandplace_clean_2M
sac_her,contact_dropout,3,0.0,-150.0,0.0,0.3213978804705762,150,0.0353325679898262,0.9465291500091552,0.0,0.0,3893,none,B1,sac_her_pickandplace_clean_2M
sac_her,contact_dropout,3,0.0,-150.0,0.0,0.3213978804705762,150,0.0353325679898262,0.9465291500091552,0.0,0.0,3894,none,B1,sac_her_pickandplace_clean_2M
sac_her,contact_dropout,3,0.0,-150.0,0.0,0.3213978804705762,150,0.0353325679898262,0.9465291500091552,0.0,0.0,3895,none,B1,sac_her_pickandplace_clean_2M
sac_her,contact_dropout,3,0.0,-150.0,0.0,0.3213978804705762,150,0.0353325679898262,0.9465291500091552,0.0,0.0,3896,none,B1,sac_her_pickandplace_clean_2M
sac_her,contact_dropout,3,0.0,-150.0,0.0,0.3213978804705762,150,0.0353325679898262,0.9465291500091552,0.0,0.0,3897,none,B1,sac_her_pickandplace_clean_2M
sac_her,contact_dropout,3,0.0,-150.0,0.0,0.3213978804705762,150,0.0353325679898262,0.9465291500091552,0.0,0.0,3898,none,B1,sac_her_pickandplace_clean_2M
sac_her,contact_dropout,3,0.0,-150.0,0.0,0.3213978804705762,150,0.0353325679898262,0.9465291500091552,0.0,0.0,3899,none,B1,sac_her_pickandplace_clean_2M
sac_her_recovery_v2,contact_dropout,3,0.0,-150.0,0.0,0.3213978804705762,150,0.0672241672873497,0.9497984051704408,0.0,1.0,3900,v2,B2,sac_her_pickandplace_clean_2M
sac_her_recovery_v2,contact_dropout,3,0.0,-150.0,0.0,0.3213978804705762,150,0.0672241672873497,0.9497984051704408,0.0,1.0,3901,v2,B2,sac_her_pickandplace_clean_2M
sac_her_recovery_v2,contact_dropout,3,0.0,-150.0,0.0,0.3213978804705762,150,0.0672241672873497,0.9497984051704408,0.0,1.0,3902,v2,B2,sac_her_pickandplace_clean_2M
sac_her_recovery_v2,contact_dropout,3,0.0,-150.0,0.0,0.3213978804705762,150,0.0672241672873497,0.9497984051704408,0.0,1.0,3903,v2,B2,sac_her_pickandplace_clean_2M
sac_her_recovery_v2,contact_dropout,3,0.0,-150.0,0.0,0.3213978804705762,150,0.0672241672873497,0.9497984051704408,0.0,1.0,3904,v2,B2,sac_her_pickandplace_clean_2M
sac_her_recovery_v2,contact_dropout,3,0.0,-150.0,0.0,0.3213978804705762,150,0.0672241672873497,0.9497984051704408,0.0,1.0,3905,v2,B2,sac_her_pickandplace_clean_2M
sac_her_recovery_v2,contact_dropout,3,0.0,-150.0,0.0,0.3213978804705762,150,0.0672241672873497,0.9497984051704408,0.0,1.0,3906,v2,B2,sac_her_pickandplace_clean_2M
sac_her_recovery_v2,contact_dropout,3,0.0,-150.0,0.0,0.3213978804705762,150,0.0672241672873497,0.9497984051704408,0.0,1.0,3907,v2,B2,sac_her_pickandplace_clean_2M
sac_her_recovery_v2,contact_dropout,3,0.0,-150.0,0.0,0.3213978804705762,150,0.0672241672873497,0.9497984051704408,0.0,1.0,3908,v2,B2,sac_her_pickandplace_clean_2M
sac_her_recovery_v2,contact_dropout,3,0.0,-150.0,0.0,0.3213978804705762,150,0.0672241672873497,0.9497984051704408,0.0,1.0,3909,v2,B2,sac_her_pickandplace_clean_2M
sac_her_recovery_v2,contact_dropout,3,0.0,-150.0,0.0,0.3213978804705762,150,0.0672241672873497,0.9497984051704408,0.0,1.0,3910,v2,B2,sac_her_pickandplace_clean_2M
sac_her_recovery_v2,contact_dropout,3,0.0,-150.0,0.0,0.3213978804705762,150,0.0672241672873497,0.9497984051704408,0.0,1.0,3911,v2,B2,sac_her_pickandplace_clean_2M
sac_her_recovery_v2,contact_dropout,3,0.0,-150.0,0.0,0.3213978804705762,150,0.0672241672873497,0.9497984051704408,0.0,1.0,3912,v2,B2,sac_her_pickandplace_clean_2M
sac_her_recovery_v2,contact_dropout,3,0.0,-150.0,0.0,0.3213978804705762,150,0.0672241672873497,0.9497984051704408,0.0,1.0,3913,v2,B2,sac_her_pickandplace_clean_2M
sac_her_recovery_v2,contact_dropout,3,0.0,-150.0,0.0,0.3213978804705762,150,0.0672241672873497,0.9497984051704408,0.0,1.0,3914,v2,B2,sac_her_pickandplace_clean_2M
sac_her_recovery_v2,contact_dropout,3,0.0,-150.0,0.0,0.3213978804705762,150,0.0672241672873497,0.9497984051704408,0.0,1.0,3915,v2,B2,sac_her_pickandplace_clean_2M
sac_her_recovery_v2,contact_dropout,3,0.0,-150.0,0.0,0.3213978804705762,150,0.0672241672873497,0.9497984051704408,0.0,1.0,3916,v2,B2,sac_her_pickandplace_clean_2M
sac_her_recovery_v2,contact_dropout,3,0.0,-150.0,0.0,0.3213978804705762,150,0.0672241672873497,0.9497984051704408,0.0,1.0,3917,v2,B2,sac_her_pickandplace_clean_2M
sac_her_recovery_v2,contact_dropout,3,0.0,-150.0,0.0,0.3213978804705762,150,0.0672241672873497,0.9497984051704408,0.0,1.0,3918,v2,B2,sac_her_pickandplace_clean_2M
sac_her_recovery_v2,contact_dropout,3,0.0,-150.0,0.0,0.3213978804705762,150,0.0672241672873497,0.9497984051704408,0.0,1.0,3919,v2,B2,sac_her_pickandplace_clean_2M
sac_her_recovery_v2,contact_dropout,3,0.0,-150.0,0.0,0.3213978804705762,150,0.0672241672873497,0.9497984051704408,0.0,1.0,3920,v2,B2,sac_her_pickandplace_clean_2M
sac_her_recovery_v2,contact_dropout,3,0.0,-150.0,0.0,0.3213978804705762,150,0.0672241672873497,0.9497984051704408,0.0,1.0,3921,v2,B2,sac_her_pickandplace_clean_2M
sac_her_recovery_v2,contact_dropout,3,0.0,-150.0,0.0,0.3213978804705762,150,0.0672241672873497,0.9497984051704408,0.0,1.0,3922,v2,B2,sac_her_pickandplace_clean_2M
sac_her_recovery_v2,contact_dropout,3,0.0,-150.0,0.0,0.3213978804705762,150,0.0672241672873497,0.9497984051704408,0.0,1.0,3923,v2,B2,sac_her_pickandplace_clean_2M
sac_her_recovery_v2,contact_dropout,3,0.0,-150.0,0.0,0.3213978804705762,150,0.0672241672873497,0.9497984051704408,0.0,1.0,3924,v2,B2,sac_her_pickandplace_clean_2M
sac_her_recovery_v2,contact_dropout,3,0.0,-150.0,0.0,0.3213978804705762,150,0.0672241672873497,0.9497984051704408,0.0,1.0,3925,v2,B2,sac_her_pickandplace_clean_2M
sac_her_recovery_v2,contact_dropout,3,0.0,-150.0,0.0,0.3213978804705762,150,0.0672241672873497,0.9497984051704408,0.0,1.0,3926,v2,B2,sac_her_pickandplace_clean_2M
sac_her_recovery_v2,contact_dropout,3,0.0,-150.0,0.0,0.3213978804705762,150,0.0672241672873497,0.9497984051704408,0.0,1.0,3927,v2,B2,sac_her_pickandplace_clean_2M
sac_her_recovery_v2,contact_dropout,3,0.0,-150.0,0.0,0.3213978804705762,150,0.0672241672873497,0.9497984051704408,0.0,1.0,3928,v2,B2,sac_her_pickandplace_clean_2M
sac_her_recovery_v2,contact_dropout,3,0.0,-150.0,0.0,0.3213978804705762,150,0.0672241672873497,0.9497984051704408,0.0,1.0,3929,v2,B2,sac_her_pickandplace_clean_2M
sac_her_recovery_v3,contact_dropout,3,0.0,-150.0,0.0,0.3213978804705762,150,0.0700628235936164,0.9558064937591552,0.0,1.0,3930,v3,B3,sac_her_pickandplace_clean_2M
sac_her_recovery_v3,contact_dropout,3,0.0,-150.0,0.0,0.3213978804705762,150,0.0700628235936164,0.9558064937591552,0.0,1.0,3931,v3,B3,sac_her_pickandplace_clean_2M
sac_her_recovery_v3,contact_dropout,3,0.0,-150.0,0.0,0.3213978804705762,150,0.0700628235936164,0.9558064937591552,0.0,1.0,3932,v3,B3,sac_her_pickandplace_clean_2M
sac_her_recovery_v3,contact_dropout,3,0.0,-150.0,0.0,0.3213978804705762,150,0.0700628235936164,0.9558064937591552,0.0,1.0,3933,v3,B3,sac_her_pickandplace_clean_2M
sac_her_recovery_v3,contact_dropout,3,0.0,-150.0,0.0,0.3213978804705762,150,0.0700628235936164,0.9558064937591552,0.0,1.0,3934,v3,B3,sac_her_pickandplace_clean_2M
sac_her_recovery_v3,contact_dropout,3,0.0,-150.0,0.0,0.3213978804705762,150,0.0700628235936164,0.9558064937591552,0.0,1.0,3935,v3,B3,sac_her_pickandplace_clean_2M
sac_her_recovery_v3,contact_dropout,3,0.0,-150.0,0.0,0.3213978804705762,150,0.0700628235936164,0.9558064937591552,0.0,1.0,3936,v3,B3,sac_her_pickandplace_clean_2M
sac_her_recovery_v3,contact_dropout,3,0.0,-150.0,0.0,0.3213978804705762,150,0.0700628235936164,0.9558064937591552,0.0,1.0,3937,v3,B3,sac_her_pickandplace_clean_2M
sac_her_recovery_v3,contact_dropout,3,0.0,-150.0,0.0,0.3213978804705762,150,0.0700628235936164,0.9558064937591552,0.0,1.0,3938,v3,B3,sac_her_pickandplace_clean_2M
sac_her_recovery_v3,contact_dropout,3,0.0,-150.0,0.0,0.3213978804705762,150,0.0700628235936164,0.9558064937591552,0.0,1.0,3939,v3,B3,sac_her_pickandplace_clean_2M
sac_her_recovery_v3,contact_dropout,3,0.0,-150.0,0.0,0.3213978804705762,150,0.0700628235936164,0.9558064937591552,0.0,1.0,3940,v3,B3,sac_her_pickandplace_clean_2M
sac_her_recovery_v3,contact_dropout,3,0.0,-150.0,0.0,0.3213978804705762,150,0.0700628235936164,0.9558064937591552,0.0,1.0,3941,v3,B3,sac_her_pickandplace_clean_2M
sac_her_recovery_v3,contact_dropout,3,0.0,-150.0,0.0,0.3213978804705762,150,0.0700628235936164,0.9558064937591552,0.0,1.0,3942,v3,B3,sac_her_pickandplace_clean_2M
sac_her_recovery_v3,contact_dropout,3,0.0,-150.0,0.0,0.3213978804705762,150,0.0700628235936164,0.9558064937591552,0.0,1.0,3943,v3,B3,sac_her_pickandplace_clean_2M
sac_her_recovery_v3,contact_dropout,3,0.0,-150.0,0.0,0.3213978804705762,150,0.0700628235936164,0.9558064937591552,0.0,1.0,3944,v3,B3,sac_her_pickandplace_clean_2M
sac_her_recovery_v3,contact_dropout,3,0.0,-150.0,0.0,0.3213978804705762,150,0.0700628235936164,0.9558064937591552,0.0,1.0,3945,v3,B3,sac_her_pickandplace_clean_2M
sac_her_recovery_v3,contact_dropout,3,0.0,-150.0,0.0,0.3213978804705762,150,0.0700628235936164,0.9558064937591552,0.0,1.0,3946,v3,B3,sac_her_pickandplace_clean_2M
sac_her_recovery_v3,contact_dropout,3,0.0,-150.0,0.0,0.3213978804705762,150,0.0700628235936164,0.9558064937591552,0.0,1.0,3947,v3,B3,sac_her_pickandplace_clean_2M
sac_her_recovery_v3,contact_dropout,3,0.0,-150.0,0.0,0.3213978804705762,150,0.0700628235936164,0.9558064937591552,0.0,1.0,3948,v3,B3,sac_her_pickandplace_clean_2M
sac_her_recovery_v3,contact_dropout,3,0.0,-150.0,0.0,0.3213978804705762,150,0.0700628235936164,0.9558064937591552,0.0,1.0,3949,v3,B3,sac_her_pickandplace_clean_2M
sac_her_recovery_v3,contact_dropout,3,0.0,-150.0,0.0,0.3213978804705762,150,0.0700628235936164,0.9558064937591552,0.0,1.0,3950,v3,B3,sac_her_pickandplace_clean_2M
sac_her_recovery_v3,contact_dropout,3,0.0,-150.0,0.0,0.3213978804705762,150,0.0700628235936164,0.9558064937591552,0.0,1.0,3951,v3,B3,sac_her_pickandplace_clean_2M
sac_her_recovery_v3,contact_dropout,3,0.0,-150.0,0.0,0.3213978804705762,150,0.0700628235936164,0.9558064937591552,0.0,1.0,3952,v3,B3,sac_her_pickandplace_clean_2M
sac_her_recovery_v3,contact_dropout,3,0.0,-150.0,0.0,0.3213978804705762,150,0.0700628235936164,0.9558064937591552,0.0,1.0,3953,v3,B3,sac_her_pickandplace_clean_2M
sac_her_recovery_v3,contact_dropout,3,0.0,-150.0,0.0,0.3213978804705762,150,0.0700628235936164,0.9558064937591552,0.0,1.0,3954,v3,B3,sac_her_pickandplace_clean_2M
sac_her_recovery_v3,contact_dropout,3,0.0,-150.0,0.0,0.3213978804705762,150,0.0700628235936164,0.9558064937591552,0.0,1.0,3955,v3,B3,sac_her_pickandplace_clean_2M
sac_her_recovery_v3,contact_dropout,3,0.0,-150.0,0.0,0.3213978804705762,150,0.0700628235936164,0.9558064937591552,0.0,1.0,3956,v3,B3,sac_her_pickandplace_clean_2M
sac_her_recovery_v3,contact_dropout,3,0.0,-150.0,0.0,0.3213978804705762,150,0.0700628235936164,0.9558064937591552,0.0,1.0,3957,v3,B3,sac_her_pickandplace_clean_2M
sac_her_recovery_v3,contact_dropout,3,0.0,-150.0,0.0,0.3213978804705762,150,0.0700628235936164,0.9558064937591552,0.0,1.0,3958,v3,B3,sac_her_pickandplace_clean_2M
sac_her_recovery_v3,contact_dropout,3,0.0,-150.0,0.0,0.3213978804705762,150,0.0700628235936164,0.9558064937591552,0.0,1.0,3959,v3,B3,sac_her_pickandplace_clean_2M
sac_her,clean,4,0.0,-15.0,1.0,0.0314900249628835,150,0.062757059931755,1.0324398279190063,0.0,0.0,3960,none,B0,sac_her_pickandplace_clean_2M
sac_her,clean,4,0.0,-15.0,1.0,0.0314900249628835,150,0.062757059931755,1.0324398279190063,0.0,0.0,3961,none,B0,sac_her_pickandplace_clean_2M
sac_her,clean,4,0.0,-15.0,1.0,0.0314900249628835,150,0.062757059931755,1.0324398279190063,0.0,0.0,3962,none,B0,sac_her_pickandplace_clean_2M
sac_her,clean,4,0.0,-15.0,1.0,0.0314900249628835,150,0.062757059931755,1.0324398279190063,0.0,0.0,3963,none,B0,sac_her_pickandplace_clean_2M
sac_her,clean,4,0.0,-15.0,1.0,0.0314900249628835,150,0.062757059931755,1.0324398279190063,0.0,0.0,3964,none,B0,sac_her_pickandplace_clean_2M
sac_her,clean,4,0.0,-15.0,1.0,0.0314900249628835,150,0.062757059931755,1.0324398279190063,0.0,0.0,3965,none,B0,sac_her_pickandplace_clean_2M
sac_her,clean,4,0.0,-15.0,1.0,0.0314900249628835,150,0.062757059931755,1.0324398279190063,0.0,0.0,3966,none,B0,sac_her_pickandplace_clean_2M
sac_her,clean,4,0.0,-15.0,1.0,0.0314900249628835,150,0.062757059931755,1.0324398279190063,0.0,0.0,3967,none,B0,sac_her_pickandplace_clean_2M
sac_her,clean,4,0.0,-15.0,1.0,0.0314900249628835,150,0.062757059931755,1.0324398279190063,0.0,0.0,3968,none,B0,sac_her_pickandplace_clean_2M
sac_her,clean,4,0.0,-15.0,1.0,0.0314900249628835,150,0.062757059931755,1.0324398279190063,0.0,0.0,3969,none,B0,sac_her_pickandplace_clean_2M
sac_her,clean,4,0.0,-15.0,1.0,0.0314900249628835,150,0.062757059931755,1.0324398279190063,0.0,0.0,3970,none,B0,sac_her_pickandplace_clean_2M
sac_her,clean,4,0.0,-15.0,1.0,0.0314900249628835,150,0.062757059931755,1.0324398279190063,0.0,0.0,3971,none,B0,sac_her_pickandplace_clean_2M
sac_her,clean,4,0.0,-15.0,1.0,0.0314900249628835,150,0.062757059931755,1.0324398279190063,0.0,0.0,3972,none,B0,sac_her_pickandplace_clean_2M
sac_her,clean,4,0.0,-15.0,1.0,0.0314900249628835,150,0.062757059931755,1.0324398279190063,0.0,0.0,3973,none,B0,sac_her_pickandplace_clean_2M
sac_her,clean,4,0.0,-15.0,1.0,0.0314900249628835,150,0.062757059931755,1.0324398279190063,0.0,0.0,3974,none,B0,sac_her_pickandplace_clean_2M
sac_her,clean,4,0.0,-15.0,1.0,0.0314900249628835,150,0.062757059931755,1.0324398279190063,0.0,0.0,3975,none,B0,sac_her_pickandplace_clean_2M
sac_her,clean,4,0.0,-15.0,1.0,0.0314900249628835,150,0.062757059931755,1.0324398279190063,0.0,0.0,3976,none,B0,sac_her_pickandplace_clean_2M
sac_her,clean,4,0.0,-15.0,1.0,0.0314900249628835,150,0.062757059931755,1.0324398279190063,0.0,0.0,3977,none,B0,sac_her_pickandplace_clean_2M
sac_her,clean,4,0.0,-15.0,1.0,0.0314900249628835,150,0.062757059931755,1.0324398279190063,0.0,0.0,3978,none,B0,sac_her_pickandplace_clean_2M
sac_her,clean,4,0.0,-15.0,1.0,0.0314900249628835,150,0.062757059931755,1.0324398279190063,0.0,0.0,3979,none,B0,sac_her_pickandplace_clean_2M
sac_her,clean,4,0.0,-15.0,1.0,0.0314900249628835,150,0.062757059931755,1.0324398279190063,0.0,0.0,3980,none,B0,sac_her_pickandplace_clean_2M
sac_her,clean,4,0.0,-15.0,1.0,0.0314900249628835,150,0.062757059931755,1.0324398279190063,0.0,0.0,3981,none,B0,sac_her_pickandplace_clean_2M
sac_her,clean,4,0.0,-15.0,1.0,0.0314900249628835,150,0.062757059931755,1.0324398279190063,0.0,0.0,3982,none,B0,sac_her_pickandplace_clean_2M
sac_her,clean,4,0.0,-15.0,1.0,0.0314900249628835,150,0.062757059931755,1.0324398279190063,0.0,0.0,3983,none,B0,sac_her_pickandplace_clean_2M
sac_her,clean,4,0.0,-15.0,1.0,0.0314900249628835,150,0.062757059931755,1.0324398279190063,0.0,0.0,3984,none,B0,sac_her_pickandplace_clean_2M
sac_her,clean,4,0.0,-15.0,1.0,0.0314900249628835,150,0.062757059931755,1.0324398279190063,0.0,0.0,3985,none,B0,sac_her_pickandplace_clean_2M
sac_her,clean,4,0.0,-15.0,1.0,0.0314900249628835,150,0.062757059931755,1.0324398279190063,0.0,0.0,3986,none,B0,sac_her_pickandplace_clean_2M
sac_her,clean,4,0.0,-15.0,1.0,0.0314900249628835,150,0.062757059931755,1.0324398279190063,0.0,0.0,3987,none,B0,sac_her_pickandplace_clean_2M
sac_her,clean,4,0.0,-15.0,1.0,0.0314900249628835,150,0.062757059931755,1.0324398279190063,0.0,0.0,3988,none,B0,sac_her_pickandplace_clean_2M
sac_her,clean,4,0.0,-15.0,1.0,0.0314900249628835,150,0.062757059931755,1.0324398279190063,0.0,0.0,3989,none,B0,sac_her_pickandplace_clean_2M
sac_her_recovery_v2,clean,4,0.0,-15.0,1.0,0.0314900249628835,150,0.062757059931755,1.0324398279190063,0.0,0.0,3990,v2,B2,sac_her_pickandplace_clean_2M
sac_her_recovery_v2,clean,4,0.0,-15.0,1.0,0.0314900249628835,150,0.062757059931755,1.0324398279190063,0.0,0.0,3991,v2,B2,sac_her_pickandplace_clean_2M
sac_her_recovery_v2,clean,4,0.0,-15.0,1.0,0.0314900249628835,150,0.062757059931755,1.0324398279190063,0.0,0.0,3992,v2,B2,sac_her_pickandplace_clean_2M
sac_her_recovery_v2,clean,4,0.0,-15.0,1.0,0.0314900249628835,150,0.062757059931755,1.0324398279190063,0.0,0.0,3993,v2,B2,sac_her_pickandplace_clean_2M
sac_her_recovery_v2,clean,4,0.0,-15.0,1.0,0.0314900249628835,150,0.062757059931755,1.0324398279190063,0.0,0.0,3994,v2,B2,sac_her_pickandplace_clean_2M
sac_her_recovery_v2,clean,4,0.0,-15.0,1.0,0.0314900249628835,150,0.062757059931755,1.0324398279190063,0.0,0.0,3995,v2,B2,sac_her_pickandplace_clean_2M
sac_her_recovery_v2,clean,4,0.0,-15.0,1.0,0.0314900249628835,150,0.062757059931755,1.0324398279190063,0.0,0.0,3996,v2,B2,sac_her_pickandplace_clean_2M
sac_her_recovery_v2,clean,4,0.0,-15.0,1.0,0.0314900249628835,150,0.062757059931755,1.0324398279190063,0.0,0.0,3997,v2,B2,sac_her_pickandplace_clean_2M
sac_her_recovery_v2,clean,4,0.0,-15.0,1.0,0.0314900249628835,150,0.062757059931755,1.0324398279190063,0.0,0.0,3998,v2,B2,sac_her_pickandplace_clean_2M
sac_her_recovery_v2,clean,4,0.0,-15.0,1.0,0.0314900249628835,150,0.062757059931755,1.0324398279190063,0.0,0.0,3999,v2,B2,sac_her_pickandplace_clean_2M
sac_her_recovery_v2,clean,4,0.0,-15.0,1.0,0.0314900249628835,150,0.062757059931755,1.0324398279190063,0.0,0.0,4000,v2,B2,sac_her_pickandplace_clean_2M
sac_her_recovery_v2,clean,4,0.0,-15.0,1.0,0.0314900249628835,150,0.062757059931755,1.0324398279190063,0.0,0.0,4001,v2,B2,sac_her_pickandplace_clean_2M
sac_her_recovery_v2,clean,4,0.0,-15.0,1.0,0.0314900249628835,150,0.062757059931755,1.0324398279190063,0.0,0.0,4002,v2,B2,sac_her_pickandplace_clean_2M
sac_her_recovery_v2,clean,4,0.0,-15.0,1.0,0.0314900249628835,150,0.062757059931755,1.0324398279190063,0.0,0.0,4003,v2,B2,sac_her_pickandplace_clean_2M
sac_her_recovery_v2,clean,4,0.0,-15.0,1.0,0.0314900249628835,150,0.062757059931755,1.0324398279190063,0.0,0.0,4004,v2,B2,sac_her_pickandplace_clean_2M
sac_her_recovery_v2,clean,4,0.0,-15.0,1.0,0.0314900249628835,150,0.062757059931755,1.0324398279190063,0.0,0.0,4005,v2,B2,sac_her_pickandplace_clean_2M
sac_her_recovery_v2,clean,4,0.0,-15.0,1.0,0.0314900249628835,150,0.062757059931755,1.0324398279190063,0.0,0.0,4006,v2,B2,sac_her_pickandplace_clean_2M
sac_her_recovery_v2,clean,4,0.0,-15.0,1.0,0.0314900249628835,150,0.062757059931755,1.0324398279190063,0.0,0.0,4007,v2,B2,sac_her_pickandplace_clean_2M
sac_her_recovery_v2,clean,4,0.0,-15.0,1.0,0.0314900249628835,150,0.062757059931755,1.0324398279190063,0.0,0.0,4008,v2,B2,sac_her_pickandplace_clean_2M
sac_her_recovery_v2,clean,4,0.0,-15.0,1.0,0.0314900249628835,150,0.062757059931755,1.0324398279190063,0.0,0.0,4009,v2,B2,sac_her_pickandplace_clean_2M
sac_her_recovery_v2,clean,4,0.0,-15.0,1.0,0.0314900249628835,150,0.062757059931755,1.0324398279190063,0.0,0.0,4010,v2,B2,sac_her_pickandplace_clean_2M
sac_her_recovery_v2,clean,4,0.0,-15.0,1.0,0.0314900249628835,150,0.062757059931755,1.0324398279190063,0.0,0.0,4011,v2,B2,sac_her_pickandplace_clean_2M
sac_her_recovery_v2,clean,4,0.0,-15.0,1.0,0.0314900249628835,150,0.062757059931755,1.0324398279190063,0.0,0.0,4012,v2,B2,sac_her_pickandplace_clean_2M
sac_her_recovery_v2,clean,4,0.0,-15.0,1.0,0.0314900249628835,150,0.062757059931755,1.0324398279190063,0.0,0.0,4013,v2,B2,sac_her_pickandplace_clean_2M
sac_her_recovery_v2,clean,4,0.0,-15.0,1.0,0.0314900249628835,150,0.062757059931755,1.0324398279190063,0.0,0.0,4014,v2,B2,sac_her_pickandplace_clean_2M
sac_her_recovery_v2,clean,4,0.0,-15.0,1.0,0.0314900249628835,150,0.062757059931755,1.0324398279190063,0.0,0.0,4015,v2,B2,sac_her_pickandplace_clean_2M
sac_her_recovery_v2,clean,4,0.0,-15.0,1.0,0.0314900249628835,150,0.062757059931755,1.0324398279190063,0.0,0.0,4016,v2,B2,sac_her_pickandplace_clean_2M
sac_her_recovery_v2,clean,4,0.0,-15.0,1.0,0.0314900249628835,150,0.062757059931755,1.0324398279190063,0.0,0.0,4017,v2,B2,sac_her_pickandplace_clean_2M
sac_her_recovery_v2,clean,4,0.0,-15.0,1.0,0.0314900249628835,150,0.062757059931755,1.0324398279190063,0.0,0.0,4018,v2,B2,sac_her_pickandplace_clean_2M
sac_her_recovery_v2,clean,4,0.0,-15.0,1.0,0.0314900249628835,150,0.062757059931755,1.0324398279190063,0.0,0.0,4019,v2,B2,sac_her_pickandplace_clean_2M
sac_her_recovery_v3,clean,4,0.0,-15.0,1.0,0.0314900249628835,150,0.062757059931755,1.0324398279190063,0.0,0.0,4020,v3,B3,sac_her_pickandplace_clean_2M
sac_her_recovery_v3,clean,4,0.0,-15.0,1.0,0.0314900249628835,150,0.062757059931755,1.0324398279190063,0.0,0.0,4021,v3,B3,sac_her_pickandplace_clean_2M
sac_her_recovery_v3,clean,4,0.0,-15.0,1.0,0.0314900249628835,150,0.062757059931755,1.0324398279190063,0.0,0.0,4022,v3,B3,sac_her_pickandplace_clean_2M
sac_her_recovery_v3,clean,4,0.0,-15.0,1.0,0.0314900249628835,150,0.062757059931755,1.0324398279190063,0.0,0.0,4023,v3,B3,sac_her_pickandplace_clean_2M
sac_her_recovery_v3,clean,4,0.0,-15.0,1.0,0.0314900249628835,150,0.062757059931755,1.0324398279190063,0.0,0.0,4024,v3,B3,sac_her_pickandplace_clean_2M
sac_her_recovery_v3,clean,4,0.0,-15.0,1.0,0.0314900249628835,150,0.062757059931755,1.0324398279190063,0.0,0.0,4025,v3,B3,sac_her_pickandplace_clean_2M
sac_her_recovery_v3,clean,4,0.0,-15.0,1.0,0.0314900249628835,150,0.062757059931755,1.0324398279190063,0.0,0.0,4026,v3,B3,sac_her_pickandplace_clean_2M
sac_her_recovery_v3,clean,4,0.0,-15.0,1.0,0.0314900249628835,150,0.062757059931755,1.0324398279190063,0.0,0.0,4027,v3,B3,sac_her_pickandplace_clean_2M
sac_her_recovery_v3,clean,4,0.0,-15.0,1.0,0.0314900249628835,150,0.062757059931755,1.0324398279190063,0.0,0.0,4028,v3,B3,sac_her_pickandplace_clean_2M
sac_her_recovery_v3,clean,4,0.0,-15.0,1.0,0.0314900249628835,150,0.062757059931755,1.0324398279190063,0.0,0.0,4029,v3,B3,sac_her_pickandplace_clean_2M
sac_her_recovery_v3,clean,4,0.0,-15.0,1.0,0.0314900249628835,150,0.062757059931755,1.0324398279190063,0.0,0.0,4030,v3,B3,sac_her_pickandplace_clean_2M
sac_her_recovery_v3,clean,4,0.0,-15.0,1.0,0.0314900249628835,150,0.062757059931755,1.0324398279190063,0.0,0.0,4031,v3,B3,sac_her_pickandplace_clean_2M
sac_her_recovery_v3,clean,4,0.0,-15.0,1.0,0.0314900249628835,150,0.062757059931755,1.0324398279190063,0.0,0.0,4032,v3,B3,sac_her_pickandplace_clean_2M
sac_her_recovery_v3,clean,4,0.0,-15.0,1.0,0.0314900249628835,150,0.062757059931755,1.0324398279190063,0.0,0.0,4033,v3,B3,sac_her_pickandplace_clean_2M
sac_her_recovery_v3,clean,4,0.0,-15.0,1.0,0.0314900249628835,150,0.062757059931755,1.0324398279190063,0.0,0.0,4034,v3,B3,sac_her_pickandplace_clean_2M
sac_her_recovery_v3,clean,4,0.0,-15.0,1.0,0.0314900249628835,150,0.062757059931755,1.0324398279190063,0.0,0.0,4035,v3,B3,sac_her_pickandplace_clean_2M
sac_her_recovery_v3,clean,4,0.0,-15.0,1.0,0.0314900249628835,150,0.062757059931755,1.0324398279190063,0.0,0.0,4036,v3,B3,sac_her_pickandplace_clean_2M
sac_her_recovery_v3,clean,4,0.0,-15.0,1.0,0.0314900249628835,150,0.062757059931755,1.0324398279190063,0.0,0.0,4037,v3,B3,sac_her_pickandplace_clean_2M
sac_her_recovery_v3,clean,4,0.0,-15.0,1.0,0.0314900249628835,150,0.062757059931755,1.0324398279190063,0.0,0.0,4038,v3,B3,sac_her_pickandplace_clean_2M
sac_her_recovery_v3,clean,4,0.0,-15.0,1.0,0.0314900249628835,150,0.062757059931755,1.0324398279190063,0.0,0.0,4039,v3,B3,sac_her_pickandplace_clean_2M
sac_her_recovery_v3,clean,4,0.0,-15.0,1.0,0.0314900249628835,150,0.062757059931755,1.0324398279190063,0.0,0.0,4040,v3,B3,sac_her_pickandplace_clean_2M
sac_her_recovery_v3,clean,4,0.0,-15.0,1.0,0.0314900249628835,150,0.062757059931755,1.0324398279190063,0.0,0.0,4041,v3,B3,sac_her_pickandplace_clean_2M
sac_her_recovery_v3,clean,4,0.0,-15.0,1.0,0.0314900249628835,150,0.062757059931755,1.0324398279190063,0.0,0.0,4042,v3,B3,sac_her_pickandplace_clean_2M
sac_her_recovery_v3,clean,4,0.0,-15.0,1.0,0.0314900249628835,150,0.062757059931755,1.0324398279190063,0.0,0.0,4043,v3,B3,sac_her_pickandplace_clean_2M
sac_her_recovery_v3,clean,4,0.0,-15.0,1.0,0.0314900249628835,150,0.062757059931755,1.0324398279190063,0.0,0.0,4044,v3,B3,sac_her_pickandplace_clean_2M
sac_her_recovery_v3,clean,4,0.0,-15.0,1.0,0.0314900249628835,150,0.062757059931755,1.0324398279190063,0.0,0.0,4045,v3,B3,sac_her_pickandplace_clean_2M
sac_her_recovery_v3,clean,4,0.0,-15.0,1.0,0.0314900249628835,150,0.062757059931755,1.0324398279190063,0.0,0.0,4046,v3,B3,sac_her_pickandplace_clean_2M
sac_her_recovery_v3,clean,4,0.0,-15.0,1.0,0.0314900249628835,150,0.062757059931755,1.0324398279190063,0.0,0.0,4047,v3,B3,sac_her_pickandplace_clean_2M
sac_her_recovery_v3,clean,4,0.0,-15.0,1.0,0.0314900249628835,150,0.062757059931755,1.0324398279190063,0.0,0.0,4048,v3,B3,sac_her_pickandplace_clean_2M
sac_her_recovery_v3,clean,4,0.0,-15.0,1.0,0.0314900249628835,150,0.062757059931755,1.0324398279190063,0.0,0.0,4049,v3,B3,sac_her_pickandplace_clean_2M
sac_her,sensor_dropout,4,0.0,-150.0,0.0,0.3833991408667048,150,1.1314590375732791e-09,1.742949366569519,0.0,0.0,4050,none,B1,sac_her_pickandplace_clean_2M
sac_her,sensor_dropout,4,0.0,-150.0,0.0,0.3833991408667048,150,1.1314590375732791e-09,1.742949366569519,0.0,0.0,4051,none,B1,sac_her_pickandplace_clean_2M
sac_her,sensor_dropout,4,0.0,-150.0,0.0,0.3833991408667048,150,1.1314590375732791e-09,1.742949366569519,0.0,0.0,4052,none,B1,sac_her_pickandplace_clean_2M
sac_her,sensor_dropout,4,0.0,-150.0,0.0,0.3833991408667048,150,1.1314590375732791e-09,1.742949366569519,0.0,0.0,4053,none,B1,sac_her_pickandplace_clean_2M
sac_her,sensor_dropout,4,0.0,-150.0,0.0,0.3833991408667048,150,1.1314590375732791e-09,1.742949366569519,0.0,0.0,4054,none,B1,sac_her_pickandplace_clean_2M
sac_her,sensor_dropout,4,0.0,-150.0,0.0,0.3833991408667048,150,1.1314590375732791e-09,1.742949366569519,0.0,0.0,4055,none,B1,sac_her_pickandplace_clean_2M
sac_her,sensor_dropout,4,0.0,-150.0,0.0,0.3833991408667048,150,1.1314590375732791e-09,1.742949366569519,0.0,0.0,4056,none,B1,sac_her_pickandplace_clean_2M
sac_her,sensor_dropout,4,0.0,-150.0,0.0,0.3833991408667048,150,1.1314590375732791e-09,1.742949366569519,0.0,0.0,4057,none,B1,sac_her_pickandplace_clean_2M
sac_her,sensor_dropout,4,0.0,-150.0,0.0,0.3833991408667048,150,1.1314590375732791e-09,1.742949366569519,0.0,0.0,4058,none,B1,sac_her_pickandplace_clean_2M
sac_her,sensor_dropout,4,0.0,-150.0,0.0,0.3833991408667048,150,1.1314590375732791e-09,1.742949366569519,0.0,0.0,4059,none,B1,sac_her_pickandplace_clean_2M
sac_her,sensor_dropout,4,0.0,-150.0,0.0,0.3833991408667048,150,1.1314590375732791e-09,1.742949366569519,0.0,0.0,4060,none,B1,sac_her_pickandplace_clean_2M
sac_her,sensor_dropout,4,0.0,-150.0,0.0,0.3833991408667048,150,1.1314590375732791e-09,1.742949366569519,0.0,0.0,4061,none,B1,sac_her_pickandplace_clean_2M
sac_her,sensor_dropout,4,0.0,-150.0,0.0,0.3833991408667048,150,1.1314590375732791e-09,1.742949366569519,0.0,0.0,4062,none,B1,sac_her_pickandplace_clean_2M
sac_her,sensor_dropout,4,0.0,-150.0,0.0,0.3833991408667048,150,1.1314590375732791e-09,1.742949366569519,0.0,0.0,4063,none,B1,sac_her_pickandplace_clean_2M
sac_her,sensor_dropout,4,0.0,-150.0,0.0,0.3833991408667048,150,1.1314590375732791e-09,1.742949366569519,0.0,0.0,4064,none,B1,sac_her_pickandplace_clean_2M
sac_her,sensor_dropout,4,0.0,-150.0,0.0,0.3833991408667048,150,1.1314590375732791e-09,1.742949366569519,0.0,0.0,4065,none,B1,sac_her_pickandplace_clean_2M
sac_her,sensor_dropout,4,0.0,-150.0,0.0,0.3833991408667048,150,1.1314590375732791e-09,1.742949366569519,0.0,0.0,4066,none,B1,sac_her_pickandplace_clean_2M
sac_her,sensor_dropout,4,0.0,-150.0,0.0,0.3833991408667048,150,1.1314590375732791e-09,1.742949366569519,0.0,0.0,4067,none,B1,sac_her_pickandplace_clean_2M
sac_her,sensor_dropout,4,0.0,-150.0,0.0,0.3833991408667048,150,1.1314590375732791e-09,1.742949366569519,0.0,0.0,4068,none,B1,sac_her_pickandplace_clean_2M
sac_her,sensor_dropout,4,0.0,-150.0,0.0,0.3833991408667048,150,1.1314590375732791e-09,1.742949366569519,0.0,0.0,4069,none,B1,sac_her_pickandplace_clean_2M
sac_her,sensor_dropout,4,0.0,-150.0,0.0,0.3833991408667048,150,1.1314590375732791e-09,1.742949366569519,0.0,0.0,4070,none,B1,sac_her_pickandplace_clean_2M
sac_her,sensor_dropout,4,0.0,-150.0,0.0,0.3833991408667048,150,1.1314590375732791e-09,1.742949366569519,0.0,0.0,4071,none,B1,sac_her_pickandplace_clean_2M
sac_her,sensor_dropout,4,0.0,-150.0,0.0,0.3833991408667048,150,1.1314590375732791e-09,1.742949366569519,0.0,0.0,4072,none,B1,sac_her_pickandplace_clean_2M
sac_her,sensor_dropout,4,0.0,-150.0,0.0,0.3833991408667048,150,1.1314590375732791e-09,1.742949366569519,0.0,0.0,4073,none,B1,sac_her_pickandplace_clean_2M
sac_her,sensor_dropout,4,0.0,-150.0,0.0,0.3833991408667048,150,1.1314590375732791e-09,1.742949366569519,0.0,0.0,4074,none,B1,sac_her_pickandplace_clean_2M
sac_her,sensor_dropout,4,0.0,-150.0,0.0,0.3833991408667048,150,1.1314590375732791e-09,1.742949366569519,0.0,0.0,4075,none,B1,sac_her_pickandplace_clean_2M
sac_her,sensor_dropout,4,0.0,-150.0,0.0,0.3833991408667048,150,1.1314590375732791e-09,1.742949366569519,0.0,0.0,4076,none,B1,sac_her_pickandplace_clean_2M
sac_her,sensor_dropout,4,0.0,-150.0,0.0,0.3833991408667048,150,1.1314590375732791e-09,1.742949366569519,0.0,0.0,4077,none,B1,sac_her_pickandplace_clean_2M
sac_her,sensor_dropout,4,0.0,-150.0,0.0,0.3833991408667048,150,1.1314590375732791e-09,1.742949366569519,0.0,0.0,4078,none,B1,sac_her_pickandplace_clean_2M
sac_her,sensor_dropout,4,0.0,-150.0,0.0,0.3833991408667048,150,1.1314590375732791e-09,1.742949366569519,0.0,0.0,4079,none,B1,sac_her_pickandplace_clean_2M
sac_her_recovery_v2,sensor_dropout,4,0.0,-150.0,0.0,0.3833991408667048,150,0.024062231183052,1.7392724752426147,0.0,1.0,4080,v2,B2,sac_her_pickandplace_clean_2M
sac_her_recovery_v2,sensor_dropout,4,0.0,-150.0,0.0,0.3833991408667048,150,0.024062231183052,1.7392724752426147,0.0,1.0,4081,v2,B2,sac_her_pickandplace_clean_2M
sac_her_recovery_v2,sensor_dropout,4,0.0,-150.0,0.0,0.3833991408667048,150,0.024062231183052,1.7392724752426147,0.0,1.0,4082,v2,B2,sac_her_pickandplace_clean_2M
sac_her_recovery_v2,sensor_dropout,4,0.0,-150.0,0.0,0.3833991408667048,150,0.024062231183052,1.7392724752426147,0.0,1.0,4083,v2,B2,sac_her_pickandplace_clean_2M
sac_her_recovery_v2,sensor_dropout,4,0.0,-150.0,0.0,0.3833991408667048,150,0.024062231183052,1.7392724752426147,0.0,1.0,4084,v2,B2,sac_her_pickandplace_clean_2M
sac_her_recovery_v2,sensor_dropout,4,0.0,-150.0,0.0,0.3833991408667048,150,0.024062231183052,1.7392724752426147,0.0,1.0,4085,v2,B2,sac_her_pickandplace_clean_2M
sac_her_recovery_v2,sensor_dropout,4,0.0,-150.0,0.0,0.3833991408667048,150,0.024062231183052,1.7392724752426147,0.0,1.0,4086,v2,B2,sac_her_pickandplace_clean_2M
sac_her_recovery_v2,sensor_dropout,4,0.0,-150.0,0.0,0.3833991408667048,150,0.024062231183052,1.7392724752426147,0.0,1.0,4087,v2,B2,sac_her_pickandplace_clean_2M
sac_her_recovery_v2,sensor_dropout,4,0.0,-150.0,0.0,0.3833991408667048,150,0.024062231183052,1.7392724752426147,0.0,1.0,4088,v2,B2,sac_her_pickandplace_clean_2M
sac_her_recovery_v2,sensor_dropout,4,0.0,-150.0,0.0,0.3833991408667048,150,0.024062231183052,1.7392724752426147,0.0,1.0,4089,v2,B2,sac_her_pickandplace_clean_2M
sac_her_recovery_v2,sensor_dropout,4,0.0,-150.0,0.0,0.3833991408667048,150,0.024062231183052,1.7392724752426147,0.0,1.0,4090,v2,B2,sac_her_pickandplace_clean_2M
sac_her_recovery_v2,sensor_dropout,4,0.0,-150.0,0.0,0.3833991408667048,150,0.024062231183052,1.7392724752426147,0.0,1.0,4091,v2,B2,sac_her_pickandplace_clean_2M
sac_her_recovery_v2,sensor_dropout,4,0.0,-150.0,0.0,0.3833991408667048,150,0.024062231183052,1.7392724752426147,0.0,1.0,4092,v2,B2,sac_her_pickandplace_clean_2M
sac_her_recovery_v2,sensor_dropout,4,0.0,-150.0,0.0,0.3833991408667048,150,0.024062231183052,1.7392724752426147,0.0,1.0,4093,v2,B2,sac_her_pickandplace_clean_2M
sac_her_recovery_v2,sensor_dropout,4,0.0,-150.0,0.0,0.3833991408667048,150,0.024062231183052,1.7392724752426147,0.0,1.0,4094,v2,B2,sac_her_pickandplace_clean_2M
sac_her_recovery_v2,sensor_dropout,4,0.0,-150.0,0.0,0.3833991408667048,150,0.024062231183052,1.7392724752426147,0.0,1.0,4095,v2,B2,sac_her_pickandplace_clean_2M
sac_her_recovery_v2,sensor_dropout,4,0.0,-150.0,0.0,0.3833991408667048,150,0.024062231183052,1.7392724752426147,0.0,1.0,4096,v2,B2,sac_her_pickandplace_clean_2M
sac_her_recovery_v2,sensor_dropout,4,0.0,-150.0,0.0,0.3833991408667048,150,0.024062231183052,1.7392724752426147,0.0,1.0,4097,v2,B2,sac_her_pickandplace_clean_2M
sac_her_recovery_v2,sensor_dropout,4,0.0,-150.0,0.0,0.3833991408667048,150,0.024062231183052,1.7392724752426147,0.0,1.0,4098,v2,B2,sac_her_pickandplace_clean_2M
sac_her_recovery_v2,sensor_dropout,4,0.0,-150.0,0.0,0.3833991408667048,150,0.024062231183052,1.7392724752426147,0.0,1.0,4099,v2,B2,sac_her_pickandplace_clean_2M
sac_her_recovery_v2,sensor_dropout,4,0.0,-150.0,0.0,0.3833991408667048,150,0.024062231183052,1.7392724752426147,0.0,1.0,4100,v2,B2,sac_her_pickandplace_clean_2M
sac_her_recovery_v2,sensor_dropout,4,0.0,-150.0,0.0,0.3833991408667048,150,0.024062231183052,1.7392724752426147,0.0,1.0,4101,v2,B2,sac_her_pickandplace_clean_2M
sac_her_recovery_v2,sensor_dropout,4,0.0,-150.0,0.0,0.3833991408667048,150,0.024062231183052,1.7392724752426147,0.0,1.0,4102,v2,B2,sac_her_pickandplace_clean_2M
sac_her_recovery_v2,sensor_dropout,4,0.0,-150.0,0.0,0.3833991408667048,150,0.024062231183052,1.7392724752426147,0.0,1.0,4103,v2,B2,sac_her_pickandplace_clean_2M
sac_her_recovery_v2,sensor_dropout,4,0.0,-150.0,0.0,0.3833991408667048,150,0.024062231183052,1.7392724752426147,0.0,1.0,4104,v2,B2,sac_her_pickandplace_clean_2M
sac_her_recovery_v2,sensor_dropout,4,0.0,-150.0,0.0,0.3833991408667048,150,0.024062231183052,1.7392724752426147,0.0,1.0,4105,v2,B2,sac_her_pickandplace_clean_2M
sac_her_recovery_v2,sensor_dropout,4,0.0,-150.0,0.0,0.3833991408667048,150,0.024062231183052,1.7392724752426147,0.0,1.0,4106,v2,B2,sac_her_pickandplace_clean_2M
sac_her_recovery_v2,sensor_dropout,4,0.0,-150.0,0.0,0.3833991408667048,150,0.024062231183052,1.7392724752426147,0.0,1.0,4107,v2,B2,sac_her_pickandplace_clean_2M
sac_her_recovery_v2,sensor_dropout,4,0.0,-150.0,0.0,0.3833991408667048,150,0.024062231183052,1.7392724752426147,0.0,1.0,4108,v2,B2,sac_her_pickandplace_clean_2M
sac_her_recovery_v2,sensor_dropout,4,0.0,-150.0,0.0,0.3833991408667048,150,0.024062231183052,1.7392724752426147,0.0,1.0,4109,v2,B2,sac_her_pickandplace_clean_2M
sac_her_recovery_v3,sensor_dropout,4,0.0,-150.0,0.0,0.3833991408667048,150,0.024062231183052,1.7319185733795166,0.0,1.0,4110,v3,B3,sac_her_pickandplace_clean_2M
sac_her_recovery_v3,sensor_dropout,4,0.0,-150.0,0.0,0.3833991408667048,150,0.024062231183052,1.7319185733795166,0.0,1.0,4111,v3,B3,sac_her_pickandplace_clean_2M
sac_her_recovery_v3,sensor_dropout,4,0.0,-150.0,0.0,0.3833991408667048,150,0.024062231183052,1.7319185733795166,0.0,1.0,4112,v3,B3,sac_her_pickandplace_clean_2M
sac_her_recovery_v3,sensor_dropout,4,0.0,-150.0,0.0,0.3833991408667048,150,0.024062231183052,1.7319185733795166,0.0,1.0,4113,v3,B3,sac_her_pickandplace_clean_2M
sac_her_recovery_v3,sensor_dropout,4,0.0,-150.0,0.0,0.3833991408667048,150,0.024062231183052,1.7319185733795166,0.0,1.0,4114,v3,B3,sac_her_pickandplace_clean_2M
sac_her_recovery_v3,sensor_dropout,4,0.0,-150.0,0.0,0.3833991408667048,150,0.024062231183052,1.7319185733795166,0.0,1.0,4115,v3,B3,sac_her_pickandplace_clean_2M
sac_her_recovery_v3,sensor_dropout,4,0.0,-150.0,0.0,0.3833991408667048,150,0.024062231183052,1.7319185733795166,0.0,1.0,4116,v3,B3,sac_her_pickandplace_clean_2M
sac_her_recovery_v3,sensor_dropout,4,0.0,-150.0,0.0,0.3833991408667048,150,0.024062231183052,1.7319185733795166,0.0,1.0,4117,v3,B3,sac_her_pickandplace_clean_2M
sac_her_recovery_v3,sensor_dropout,4,0.0,-150.0,0.0,0.3833991408667048,150,0.024062231183052,1.7319185733795166,0.0,1.0,4118,v3,B3,sac_her_pickandplace_clean_2M
sac_her_recovery_v3,sensor_dropout,4,0.0,-150.0,0.0,0.3833991408667048,150,0.024062231183052,1.7319185733795166,0.0,1.0,4119,v3,B3,sac_her_pickandplace_clean_2M
sac_her_recovery_v3,sensor_dropout,4,0.0,-150.0,0.0,0.3833991408667048,150,0.024062231183052,1.7319185733795166,0.0,1.0,4120,v3,B3,sac_her_pickandplace_clean_2M
sac_her_recovery_v3,sensor_dropout,4,0.0,-150.0,0.0,0.3833991408667048,150,0.024062231183052,1.7319185733795166,0.0,1.0,4121,v3,B3,sac_her_pickandplace_clean_2M
sac_her_recovery_v3,sensor_dropout,4,0.0,-150.0,0.0,0.3833991408667048,150,0.024062231183052,1.7319185733795166,0.0,1.0,4122,v3,B3,sac_her_pickandplace_clean_2M
sac_her_recovery_v3,sensor_dropout,4,0.0,-150.0,0.0,0.3833991408667048,150,0.024062231183052,1.7319185733795166,0.0,1.0,4123,v3,B3,sac_her_pickandplace_clean_2M
sac_her_recovery_v3,sensor_dropout,4,0.0,-150.0,0.0,0.3833991408667048,150,0.024062231183052,1.7319185733795166,0.0,1.0,4124,v3,B3,sac_her_pickandplace_clean_2M
sac_her_recovery_v3,sensor_dropout,4,0.0,-150.0,0.0,0.3833991408667048,150,0.024062231183052,1.7319185733795166,0.0,1.0,4125,v3,B3,sac_her_pickandplace_clean_2M
sac_her_recovery_v3,sensor_dropout,4,0.0,-150.0,0.0,0.3833991408667048,150,0.024062231183052,1.7319185733795166,0.0,1.0,4126,v3,B3,sac_her_pickandplace_clean_2M
sac_her_recovery_v3,sensor_dropout,4,0.0,-150.0,0.0,0.3833991408667048,150,0.024062231183052,1.7319185733795166,0.0,1.0,4127,v3,B3,sac_her_pickandplace_clean_2M
sac_her_recovery_v3,sensor_dropout,4,0.0,-150.0,0.0,0.3833991408667048,150,0.024062231183052,1.7319185733795166,0.0,1.0,4128,v3,B3,sac_her_pickandplace_clean_2M
sac_her_recovery_v3,sensor_dropout,4,0.0,-150.0,0.0,0.3833991408667048,150,0.024062231183052,1.7319185733795166,0.0,1.0,4129,v3,B3,sac_her_pickandplace_clean_2M
sac_her_recovery_v3,sensor_dropout,4,0.0,-150.0,0.0,0.3833991408667048,150,0.024062231183052,1.7319185733795166,0.0,1.0,4130,v3,B3,sac_her_pickandplace_clean_2M
sac_her_recovery_v3,sensor_dropout,4,0.0,-150.0,0.0,0.3833991408667048,150,0.024062231183052,1.7319185733795166,0.0,1.0,4131,v3,B3,sac_her_pickandplace_clean_2M
sac_her_recovery_v3,sensor_dropout,4,0.0,-150.0,0.0,0.3833991408667048,150,0.024062231183052,1.7319185733795166,0.0,1.0,4132,v3,B3,sac_her_pickandplace_clean_2M
sac_her_recovery_v3,sensor_dropout,4,0.0,-150.0,0.0,0.3833991408667048,150,0.024062231183052,1.7319185733795166,0.0,1.0,4133,v3,B3,sac_her_pickandplace_clean_2M
sac_her_recovery_v3,sensor_dropout,4,0.0,-150.0,0.0,0.3833991408667048,150,0.024062231183052,1.7319185733795166,0.0,1.0,4134,v3,B3,sac_her_pickandplace_clean_2M
sac_her_recovery_v3,sensor_dropout,4,0.0,-150.0,0.0,0.3833991408667048,150,0.024062231183052,1.7319185733795166,0.0,1.0,4135,v3,B3,sac_her_pickandplace_clean_2M
sac_her_recovery_v3,sensor_dropout,4,0.0,-150.0,0.0,0.3833991408667048,150,0.024062231183052,1.7319185733795166,0.0,1.0,4136,v3,B3,sac_her_pickandplace_clean_2M
sac_her_recovery_v3,sensor_dropout,4,0.0,-150.0,0.0,0.3833991408667048,150,0.024062231183052,1.7319185733795166,0.0,1.0,4137,v3,B3,sac_her_pickandplace_clean_2M
sac_her_recovery_v3,sensor_dropout,4,0.0,-150.0,0.0,0.3833991408667048,150,0.024062231183052,1.7319185733795166,0.0,1.0,4138,v3,B3,sac_her_pickandplace_clean_2M
sac_her_recovery_v3,sensor_dropout,4,0.0,-150.0,0.0,0.3833991408667048,150,0.024062231183052,1.7319185733795166,0.0,1.0,4139,v3,B3,sac_her_pickandplace_clean_2M
sac_her,sensor_bias,4,0.1,-150.0,0.0,0.3833991408667048,150,0.0371803864836692,0.633767306804657,0.0,0.0,4140,none,B1,sac_her_pickandplace_clean_2M
sac_her,sensor_bias,4,0.1,-150.0,0.0,0.8615991849273786,150,0.1685781031847,1.5780009031295776,0.0,0.0,4141,none,B1,sac_her_pickandplace_clean_2M
sac_her,sensor_bias,4,0.1,-150.0,0.0,0.3833991408667048,150,1.3507798910140991,1.174694538116455,0.0,0.0,4142,none,B1,sac_her_pickandplace_clean_2M
sac_her,sensor_bias,4,0.1,-150.0,0.0,0.8631975988313254,150,0.0607718639075756,1.6320377588272097,0.0,0.0,4143,none,B1,sac_her_pickandplace_clean_2M
sac_her,sensor_bias,4,0.1,-150.0,0.0,0.3833991408667048,150,1.471679925918579,1.2166457176208496,0.0,0.0,4144,none,B1,sac_her_pickandplace_clean_2M
sac_her,sensor_bias,4,0.1,-150.0,0.0,0.3833991408667048,150,0.1722495853900909,0.600242555141449,0.0,0.0,4145,none,B1,sac_her_pickandplace_clean_2M
sac_her,sensor_bias,4,0.1,-150.0,0.0,0.3833991408667048,150,0.0139157529920339,0.8004786372184753,0.0,0.0,4146,none,B1,sac_her_pickandplace_clean_2M
sac_her,sensor_bias,4,0.1,-150.0,0.0,0.3833991408667048,150,1.405620574951172,1.1915291547775269,0.0,0.0,4147,none,B1,sac_her_pickandplace_clean_2M
sac_her,sensor_bias,4,0.1,-150.0,0.0,0.3833991408667048,150,0.0216402616351842,0.9236640334129332,0.0,0.0,4148,none,B1,sac_her_pickandplace_clean_2M
sac_her,sensor_bias,4,0.1,-150.0,0.0,0.3833991408667048,150,1.473491072654724,1.2257057428359983,0.0,0.0,4149,none,B1,sac_her_pickandplace_clean_2M
sac_her,sensor_bias,4,0.1,-150.0,0.0,0.3833991408667048,150,0.0170434284955263,1.189864158630371,0.0,0.0,4150,none,B1,sac_her_pickandplace_clean_2M
sac_her,sensor_bias,4,0.1,-150.0,0.0,0.371450703001023,150,1.6601617336273191,1.3073937892913818,0.0,0.0,4151,none,B1,sac_her_pickandplace_clean_2M
sac_her,sensor_bias,4,0.1,-150.0,0.0,0.826986345916205,150,0.0834500417113304,1.4667965173721311,0.0,0.0,4152,none,B1,sac_her_pickandplace_clean_2M
sac_her,sensor_bias,4,0.1,-150.0,0.0,0.3833991408667048,150,0.1304898709058761,1.3810133934020996,0.0,0.0,4153,none,B1,sac_her_pickandplace_clean_2M
sac_her,sensor_bias,4,0.1,-150.0,0.0,0.3833991408667048,150,0.250527560710907,0.3899376988410949,0.0,0.0,4154,none,B1,sac_her_pickandplace_clean_2M
sac_her,sensor_bias,4,0.1,-150.0,0.0,0.3833991408667048,150,1.4538286924362185,1.2804152965545654,0.0,0.0,4155,none,B1,sac_her_pickandplace_clean_2M
sac_her,sensor_bias,4,0.1,-150.0,0.0,0.3833991408667048,150,0.0714872255921363,1.000769019126892,0.0,0.0,4156,none,B1,sac_her_pickandplace_clean_2M
sac_her,sensor_bias,4,0.1,-150.0,0.0,0.3833991408667048,150,0.0196353755891323,1.2813490629196167,0.0,0.0,4157,none,B1,sac_her_pickandplace_clean_2M
sac_her,sensor_bias,4,0.1,-150.0,0.0,0.8448832537342048,150,0.0843032300472259,1.6551913022994995,0.0,0.0,4158,none,B1,sac_her_pickandplace_clean_2M
sac_her,sensor_bias,4,0.1,-150.0,0.0,0.3833991408667048,150,1.469982624053955,0.9433066844940186,0.0,0.0,4159,none,B1,sac_her_pickandplace_clean_2M
sac_her,sensor_bias,4,0.1,-150.0,0.0,0.3833991408667048,150,1.7064313888549805,1.0790457725524902,0.0,0.0,4160,none,B1,sac_her_pickandplace_clean_2M
sac_her,sensor_bias,4,0.1,-150.0,0.0,0.3833991408667048,150,1.623161792755127,1.2954819202423096,0.0,0.0,4161,none,B1,sac_her_pickandplace_clean_2M
sac_her,sensor_bias,4,0.1,-150.0,0.0,0.3833991408667048,150,1.3746052980422974,1.1492427587509155,0.0,0.0,4162,none,B1,sac_her_pickandplace_clean_2M
sac_her,sensor_bias,4,0.1,-150.0,0.0,0.3833991408667048,150,1.2197872400283811,0.9110146164894104,0.0,0.0,4163,none,B1,sac_her_pickandplace_clean_2M
sac_her,sensor_bias,4,0.1,-150.0,0.0,0.3833991408667048,150,0.7101496458053589,0.950514316558838,0.0,0.0,4164,none,B1,sac_her_pickandplace_clean_2M
sac_her,sensor_bias,4,0.1,-150.0,0.0,0.8906007244244101,150,0.0734058767557144,1.4389041662216189,0.0,0.0,4165,none,B1,sac_her_pickandplace_clean_2M
sac_her,sensor_bias,4,0.1,-150.0,0.0,0.3833991408667048,150,1.7436072826385498,1.0711759328842163,0.0,0.0,4166,none,B1,sac_her_pickandplace_clean_2M
sac_her,sensor_bias,4,0.1,-150.0,0.0,0.3833991408667048,150,0.2344356477260589,0.7113282084465027,0.0,0.0,4167,none,B1,sac_her_pickandplace_clean_2M
sac_her,sensor_bias,4,0.1,-150.0,0.0,0.3833991408667048,150,0.0201089549809694,0.7182209491729736,0.0,0.0,4168,none,B1,sac_her_pickandplace_clean_2M
sac_her,sensor_bias,4,0.1,-150.0,0.0,0.3833991408667048,150,2.192030191421509,1.554473042488098,0.0,0.0,4169,none,B1,sac_her_pickandplace_clean_2M
sac_her_recovery_v2,sensor_bias,4,0.1,-150.0,0.0,0.3833991408667048,150,0.1614281237125396,1.0345114469528198,0.0,1.0,4170,v2,B2,sac_her_pickandplace_clean_2M
sac_her_recovery_v2,sensor_bias,4,0.1,-150.0,0.0,0.3833991408667048,150,0.068492442369461,0.9523577690124512,0.0,1.0,4171,v2,B2,sac_her_pickandplace_clean_2M
sac_her_recovery_v2,sensor_bias,4,0.1,-150.0,0.0,0.3833991408667048,150,2.281557321548462,1.5333552360534668,0.0,1.0,4172,v2,B2,sac_her_pickandplace_clean_2M
sac_her_recovery_v2,sensor_bias,4,0.1,-150.0,0.0,0.3833991408667048,150,1.7262815237045288,1.319386005401611,0.0,1.0,4173,v2,B2,sac_her_pickandplace_clean_2M
sac_her_recovery_v2,sensor_bias,4,0.1,-150.0,0.0,0.3833991408667048,150,0.1333850175142288,0.6288230419158936,0.0,1.0,4174,v2,B2,sac_her_pickandplace_clean_2M
sac_her_recovery_v2,sensor_bias,4,0.1,-150.0,0.0,0.3833991408667048,150,0.2284801602363586,1.0175758600234983,0.0,1.0,4175,v2,B2,sac_her_pickandplace_clean_2M
sac_her_recovery_v2,sensor_bias,4,0.1,-150.0,0.0,0.7971696443782404,150,0.1563398092985153,1.5608248710632324,1.0,1.0,4176,v2,B2,sac_her_pickandplace_clean_2M
sac_her_recovery_v2,sensor_bias,4,0.1,-150.0,0.0,0.3833991408667048,150,0.0348417982459068,0.6803025603294373,0.0,1.0,4177,v2,B2,sac_her_pickandplace_clean_2M
sac_her_recovery_v2,sensor_bias,4,0.1,-150.0,0.0,0.8157980593385658,150,0.10014059394598,1.2645992040634155,0.0,1.0,4178,v2,B2,sac_her_pickandplace_clean_2M
sac_her_recovery_v2,sensor_bias,4,0.1,-150.0,0.0,0.3833991408667048,150,0.0750172287225723,1.019545316696167,0.0,1.0,4179,v2,B2,sac_her_pickandplace_clean_2M
sac_her_recovery_v2,sensor_bias,4,0.1,-150.0,0.0,0.3833991408667048,150,1.1387394666671753,1.1549363136291504,0.0,1.0,4180,v2,B2,sac_her_pickandplace_clean_2M
sac_her_recovery_v2,sensor_bias,4,0.1,-150.0,0.0,0.3833991408667048,150,1.4124966859817505,1.2338274717330933,0.0,1.0,4181,v2,B2,sac_her_pickandplace_clean_2M
sac_her_recovery_v2,sensor_bias,4,0.1,-150.0,0.0,0.3833991408667048,150,0.1391471624374389,0.6819137930870056,0.0,1.0,4182,v2,B2,sac_her_pickandplace_clean_2M
sac_her_recovery_v2,sensor_bias,4,0.1,-150.0,0.0,0.3833991408667048,150,0.0508333258330822,0.9081814289093018,0.0,1.0,4183,v2,B2,sac_her_pickandplace_clean_2M
sac_her_recovery_v2,sensor_bias,4,0.1,-150.0,0.0,0.3833991408667048,150,1.5958878993988037,0.9933302998542786,0.0,1.0,4184,v2,B2,sac_her_pickandplace_clean_2M
sac_her_recovery_v2,sensor_bias,4,0.1,-150.0,0.0,0.3796479040789942,150,1.2296092510223389,0.8787631392478943,0.0,1.0,4185,v2,B2,sac_her_pickandplace_clean_2M
sac_her_recovery_v2,sensor_bias,4,0.1,-150.0,0.0,0.3833991408667048,150,0.0725754424929618,0.8243115544319153,0.0,1.0,4186,v2,B2,sac_her_pickandplace_clean_2M
sac_her_recovery_v2,sensor_bias,4,0.1,-150.0,0.0,0.3833991408667048,150,0.1151866167783737,0.8162665367126465,0.0,1.0,4187,v2,B2,sac_her_pickandplace_clean_2M
sac_her_recovery_v2,sensor_bias,4,0.1,-150.0,0.0,0.8230671207904837,150,0.1025634706020355,1.355509638786316,0.0,1.0,4188,v2,B2,sac_her_pickandplace_clean_2M
sac_her_recovery_v2,sensor_bias,4,0.1,-150.0,0.0,0.3833991408667048,150,1.4570410251617432,1.2994811534881592,0.0,1.0,4189,v2,B2,sac_her_pickandplace_clean_2M
sac_her_recovery_v2,sensor_bias,4,0.1,-150.0,0.0,0.3833991408667048,150,1.7578558921813965,1.3492794036865234,0.0,1.0,4190,v2,B2,sac_her_pickandplace_clean_2M
sac_her_recovery_v2,sensor_bias,4,0.1,-150.0,0.0,0.86532013941314,150,0.1872942447662353,1.4032129049301147,0.0,1.0,4191,v2,B2,sac_her_pickandplace_clean_2M
sac_her_recovery_v2,sensor_bias,4,0.1,-150.0,0.0,0.3833991408667048,150,0.0494370050728321,0.8051866888999939,0.0,1.0,4192,v2,B2,sac_her_pickandplace_clean_2M
sac_her_recovery_v2,sensor_bias,4,0.1,-150.0,0.0,0.8168212778813068,150,0.0838344916701316,1.4794087409973145,1.0,1.0,4193,v2,B2,sac_her_pickandplace_clean_2M
sac_her_recovery_v2,sensor_bias,4,0.1,-150.0,0.0,0.3833991408667048,150,1.3697625398635864,0.9956337213516236,0.0,1.0,4194,v2,B2,sac_her_pickandplace_clean_2M
sac_her_recovery_v2,sensor_bias,4,0.1,-150.0,0.0,0.7782210185112239,150,0.1252635568380355,1.3874632120132446,0.0,1.0,4195,v2,B2,sac_her_pickandplace_clean_2M
sac_her_recovery_v2,sensor_bias,4,0.1,-150.0,0.0,0.3833991408667048,150,1.9456008672714231,1.0309832096099854,0.0,1.0,4196,v2,B2,sac_her_pickandplace_clean_2M
sac_her_recovery_v2,sensor_bias,4,0.1,-150.0,0.0,0.3833991408667048,150,0.8883724212646484,0.8810398578643799,0.0,1.0,4197,v2,B2,sac_her_pickandplace_clean_2M
sac_her_recovery_v2,sensor_bias,4,0.1,-150.0,0.0,0.4102829143965449,150,1.6310858726501465,1.2641191482543943,0.0,1.0,4198,v2,B2,sac_her_pickandplace_clean_2M
sac_her_recovery_v2,sensor_bias,4,0.1,-150.0,0.0,0.3762466398723957,150,0.1390981078147888,1.200250506401062,0.0,1.0,4199,v2,B2,sac_her_pickandplace_clean_2M
sac_her_recovery_v3,sensor_bias,4,0.1,-150.0,0.0,0.3842926411643126,150,0.0932562872767448,0.8531467318534851,0.0,1.0,4200,v3,B3,sac_her_pickandplace_clean_2M
sac_her_recovery_v3,sensor_bias,4,0.1,-150.0,0.0,0.3833991408667048,150,0.143456369638443,1.0558571815490725,0.0,1.0,4201,v3,B3,sac_her_pickandplace_clean_2M
sac_her_recovery_v3,sensor_bias,4,0.1,-150.0,0.0,0.3842678385902809,150,0.0888495668768882,1.0207730531692505,0.0,1.0,4202,v3,B3,sac_her_pickandplace_clean_2M
sac_her_recovery_v3,sensor_bias,4,0.1,-150.0,0.0,0.3833991408667048,150,1.6248143911361694,1.2902992963790894,0.0,1.0,4203,v3,B3,sac_her_pickandplace_clean_2M
sac_her_recovery_v3,sensor_bias,4,0.1,-150.0,0.0,0.3833991408667048,150,1.6090617179870603,0.998465359210968,0.0,1.0,4204,v3,B3,sac_her_pickandplace_clean_2M
sac_her_recovery_v3,sensor_bias,4,0.1,-150.0,0.0,0.3833991408667048,150,0.7528282999992371,0.8950428366661072,0.0,1.0,4205,v3,B3,sac_her_pickandplace_clean_2M
sac_her_recovery_v3,sensor_bias,4,0.1,-150.0,0.0,0.3833991408667048,150,0.0479654669761657,0.4944064319133758,0.0,1.0,4206,v3,B3,sac_her_pickandplace_clean_2M
sac_her_recovery_v3,sensor_bias,4,0.1,-150.0,0.0,0.3833991408667048,150,0.1123800724744796,1.0251668691635132,0.0,1.0,4207,v3,B3,sac_her_pickandplace_clean_2M
sac_her_recovery_v3,sensor_bias,4,0.1,-150.0,0.0,0.3833991408667048,150,0.0619627423584461,0.7102355360984802,0.0,1.0,4208,v3,B3,sac_her_pickandplace_clean_2M
sac_her_recovery_v3,sensor_bias,4,0.1,-150.0,0.0,0.3833991408667048,150,0.1266032308340072,1.0115163326263428,0.0,1.0,4209,v3,B3,sac_her_pickandplace_clean_2M
sac_her_recovery_v3,sensor_bias,4,0.1,-150.0,0.0,0.3833991408667048,150,0.8165472149848938,1.0923895835876465,0.0,1.0,4210,v3,B3,sac_her_pickandplace_clean_2M
sac_her_recovery_v3,sensor_bias,4,0.1,-150.0,0.0,0.3833991408667048,150,0.3682383894920349,1.0259417295455933,0.0,1.0,4211,v3,B3,sac_her_pickandplace_clean_2M
sac_her_recovery_v3,sensor_bias,4,0.1,-150.0,0.0,0.3833991408667048,150,0.4185506701469421,0.9785552024841307,0.0,1.0,4212,v3,B3,sac_her_pickandplace_clean_2M
sac_her_recovery_v3,sensor_bias,4,0.1,-150.0,0.0,0.3833991408667048,150,1.2114589214324951,0.8296836614608765,0.0,1.0,4213,v3,B3,sac_her_pickandplace_clean_2M
sac_her_recovery_v3,sensor_bias,4,0.1,-150.0,0.0,0.3833991408667048,150,0.0781818330287933,1.1837552785873413,0.0,1.0,4214,v3,B3,sac_her_pickandplace_clean_2M
sac_her_recovery_v3,sensor_bias,4,0.1,-150.0,0.0,0.7975460839262113,150,0.145790696144104,1.3963181972503662,0.0,1.0,4215,v3,B3,sac_her_pickandplace_clean_2M
sac_her_recovery_v3,sensor_bias,4,0.1,-150.0,0.0,0.7883822010305356,150,0.0522452630102634,1.2077314853668213,0.0,1.0,4216,v3,B3,sac_her_pickandplace_clean_2M
sac_her_recovery_v3,sensor_bias,4,0.1,-150.0,0.0,0.9434712045635352,150,0.1142101660370826,1.71973979473114,0.0,1.0,4217,v3,B3,sac_her_pickandplace_clean_2M
sac_her_recovery_v3,sensor_bias,4,0.1,-150.0,0.0,0.3833991408667048,150,1.615576148033142,1.0760105848312378,0.0,1.0,4218,v3,B3,sac_her_pickandplace_clean_2M
sac_her_recovery_v3,sensor_bias,4,0.1,-150.0,0.0,0.0913497706206127,150,0.2503024041652679,1.1264915466308594,0.0,1.0,4219,v3,B3,sac_her_pickandplace_clean_2M
sac_her_recovery_v3,sensor_bias,4,0.1,-150.0,0.0,0.3833991408667048,150,1.1774927377700806,1.0579657554626465,0.0,1.0,4220,v3,B3,sac_her_pickandplace_clean_2M
sac_her_recovery_v3,sensor_bias,4,0.1,-150.0,0.0,0.3833991408667048,150,0.9208335280418396,0.5930627584457397,0.0,1.0,4221,v3,B3,sac_her_pickandplace_clean_2M
sac_her_recovery_v3,sensor_bias,4,0.1,-150.0,0.0,0.3833991408667048,150,0.0594175532460212,0.884957492351532,0.0,1.0,4222,v3,B3,sac_her_pickandplace_clean_2M
sac_her_recovery_v3,sensor_bias,4,0.1,-150.0,0.0,0.3930413683722471,150,0.2564417123794555,0.9631861448287964,0.0,1.0,4223,v3,B3,sac_her_pickandplace_clean_2M
sac_her_recovery_v3,sensor_bias,4,0.1,-150.0,0.0,0.3833991408667048,150,0.0456888936460018,0.5460309982299805,0.0,1.0,4224,v3,B3,sac_her_pickandplace_clean_2M
sac_her_recovery_v3,sensor_bias,4,0.1,-150.0,0.0,0.3833991408667048,150,0.0892954096198082,1.366862416267395,0.0,1.0,4225,v3,B3,sac_her_pickandplace_clean_2M
sac_her_recovery_v3,sensor_bias,4,0.1,-150.0,0.0,0.3833991408667048,150,0.0789363756775856,0.8090086579322815,0.0,1.0,4226,v3,B3,sac_her_pickandplace_clean_2M
sac_her_recovery_v3,sensor_bias,4,0.1,-150.0,0.0,0.3833991408667048,150,1.6519280672073364,1.055285930633545,0.0,1.0,4227,v3,B3,sac_her_pickandplace_clean_2M
sac_her_recovery_v3,sensor_bias,4,0.1,-150.0,0.0,0.3833991408667048,150,1.9103496074676511,1.2120959758758545,0.0,1.0,4228,v3,B3,sac_her_pickandplace_clean_2M
sac_her_recovery_v3,sensor_bias,4,0.1,-150.0,0.0,0.7968715478666104,150,0.0825952142477035,1.3736649751663208,0.0,1.0,4229,v3,B3,sac_her_pickandplace_clean_2M
sac_her,action_clipping,4,0.3,-50.0,1.0,0.0447932712480674,150,0.0329552628099918,0.3654529452323913,0.0,0.0,4230,none,B1,sac_her_pickandplace_clean_2M
sac_her,action_clipping,4,0.3,-50.0,1.0,0.0447932712480674,150,0.0329552628099918,0.3654529452323913,0.0,0.0,4231,none,B1,sac_her_pickandplace_clean_2M
sac_her,action_clipping,4,0.3,-50.0,1.0,0.0447932712480674,150,0.0329552628099918,0.3654529452323913,0.0,0.0,4232,none,B1,sac_her_pickandplace_clean_2M
sac_her,action_clipping,4,0.3,-50.0,1.0,0.0447932712480674,150,0.0329552628099918,0.3654529452323913,0.0,0.0,4233,none,B1,sac_her_pickandplace_clean_2M
sac_her,action_clipping,4,0.3,-50.0,1.0,0.0447932712480674,150,0.0329552628099918,0.3654529452323913,0.0,0.0,4234,none,B1,sac_her_pickandplace_clean_2M
sac_her,action_clipping,4,0.3,-50.0,1.0,0.0447932712480674,150,0.0329552628099918,0.3654529452323913,0.0,0.0,4235,none,B1,sac_her_pickandplace_clean_2M
sac_her,action_clipping,4,0.3,-50.0,1.0,0.0447932712480674,150,0.0329552628099918,0.3654529452323913,0.0,0.0,4236,none,B1,sac_her_pickandplace_clean_2M
sac_her,action_clipping,4,0.3,-50.0,1.0,0.0447932712480674,150,0.0329552628099918,0.3654529452323913,0.0,0.0,4237,none,B1,sac_her_pickandplace_clean_2M
sac_her,action_clipping,4,0.3,-50.0,1.0,0.0447932712480674,150,0.0329552628099918,0.3654529452323913,0.0,0.0,4238,none,B1,sac_her_pickandplace_clean_2M
sac_her,action_clipping,4,0.3,-50.0,1.0,0.0447932712480674,150,0.0329552628099918,0.3654529452323913,0.0,0.0,4239,none,B1,sac_her_pickandplace_clean_2M
sac_her,action_clipping,4,0.3,-50.0,1.0,0.0447932712480674,150,0.0329552628099918,0.3654529452323913,0.0,0.0,4240,none,B1,sac_her_pickandplace_clean_2M
sac_her,action_clipping,4,0.3,-50.0,1.0,0.0447932712480674,150,0.0329552628099918,0.3654529452323913,0.0,0.0,4241,none,B1,sac_her_pickandplace_clean_2M
sac_her,action_clipping,4,0.3,-50.0,1.0,0.0447932712480674,150,0.0329552628099918,0.3654529452323913,0.0,0.0,4242,none,B1,sac_her_pickandplace_clean_2M
sac_her,action_clipping,4,0.3,-50.0,1.0,0.0447932712480674,150,0.0329552628099918,0.3654529452323913,0.0,0.0,4243,none,B1,sac_her_pickandplace_clean_2M
sac_her,action_clipping,4,0.3,-50.0,1.0,0.0447932712480674,150,0.0329552628099918,0.3654529452323913,0.0,0.0,4244,none,B1,sac_her_pickandplace_clean_2M
sac_her,action_clipping,4,0.3,-50.0,1.0,0.0447932712480674,150,0.0329552628099918,0.3654529452323913,0.0,0.0,4245,none,B1,sac_her_pickandplace_clean_2M
sac_her,action_clipping,4,0.3,-50.0,1.0,0.0447932712480674,150,0.0329552628099918,0.3654529452323913,0.0,0.0,4246,none,B1,sac_her_pickandplace_clean_2M
sac_her,action_clipping,4,0.3,-50.0,1.0,0.0447932712480674,150,0.0329552628099918,0.3654529452323913,0.0,0.0,4247,none,B1,sac_her_pickandplace_clean_2M
sac_her,action_clipping,4,0.3,-50.0,1.0,0.0447932712480674,150,0.0329552628099918,0.3654529452323913,0.0,0.0,4248,none,B1,sac_her_pickandplace_clean_2M
sac_her,action_clipping,4,0.3,-50.0,1.0,0.0447932712480674,150,0.0329552628099918,0.3654529452323913,0.0,0.0,4249,none,B1,sac_her_pickandplace_clean_2M
sac_her,action_clipping,4,0.3,-50.0,1.0,0.0447932712480674,150,0.0329552628099918,0.3654529452323913,0.0,0.0,4250,none,B1,sac_her_pickandplace_clean_2M
sac_her,action_clipping,4,0.3,-50.0,1.0,0.0447932712480674,150,0.0329552628099918,0.3654529452323913,0.0,0.0,4251,none,B1,sac_her_pickandplace_clean_2M
sac_her,action_clipping,4,0.3,-50.0,1.0,0.0447932712480674,150,0.0329552628099918,0.3654529452323913,0.0,0.0,4252,none,B1,sac_her_pickandplace_clean_2M
sac_her,action_clipping,4,0.3,-50.0,1.0,0.0447932712480674,150,0.0329552628099918,0.3654529452323913,0.0,0.0,4253,none,B1,sac_her_pickandplace_clean_2M
sac_her,action_clipping,4,0.3,-50.0,1.0,0.0447932712480674,150,0.0329552628099918,0.3654529452323913,0.0,0.0,4254,none,B1,sac_her_pickandplace_clean_2M
sac_her,action_clipping,4,0.3,-50.0,1.0,0.0447932712480674,150,0.0329552628099918,0.3654529452323913,0.0,0.0,4255,none,B1,sac_her_pickandplace_clean_2M
sac_her,action_clipping,4,0.3,-50.0,1.0,0.0447932712480674,150,0.0329552628099918,0.3654529452323913,0.0,0.0,4256,none,B1,sac_her_pickandplace_clean_2M
sac_her,action_clipping,4,0.3,-50.0,1.0,0.0447932712480674,150,0.0329552628099918,0.3654529452323913,0.0,0.0,4257,none,B1,sac_her_pickandplace_clean_2M
sac_her,action_clipping,4,0.3,-50.0,1.0,0.0447932712480674,150,0.0329552628099918,0.3654529452323913,0.0,0.0,4258,none,B1,sac_her_pickandplace_clean_2M
sac_her,action_clipping,4,0.3,-50.0,1.0,0.0447932712480674,150,0.0329552628099918,0.3654529452323913,0.0,0.0,4259,none,B1,sac_her_pickandplace_clean_2M
sac_her_recovery_v2,action_clipping,4,0.3,-109.0,0.0,0.3630301749686124,150,0.1205263584852218,0.4397058486938476,0.0,1.0,4260,v2,B2,sac_her_pickandplace_clean_2M
sac_her_recovery_v2,action_clipping,4,0.3,-109.0,0.0,0.3630301749686124,150,0.1205263584852218,0.4397058486938476,0.0,1.0,4261,v2,B2,sac_her_pickandplace_clean_2M
sac_her_recovery_v2,action_clipping,4,0.3,-109.0,0.0,0.3630301749686124,150,0.1205263584852218,0.4397058486938476,0.0,1.0,4262,v2,B2,sac_her_pickandplace_clean_2M
sac_her_recovery_v2,action_clipping,4,0.3,-109.0,0.0,0.3630301749686124,150,0.1205263584852218,0.4397058486938476,0.0,1.0,4263,v2,B2,sac_her_pickandplace_clean_2M
sac_her_recovery_v2,action_clipping,4,0.3,-109.0,0.0,0.3630301749686124,150,0.1205263584852218,0.4397058486938476,0.0,1.0,4264,v2,B2,sac_her_pickandplace_clean_2M
sac_her_recovery_v2,action_clipping,4,0.3,-109.0,0.0,0.3630301749686124,150,0.1205263584852218,0.4397058486938476,0.0,1.0,4265,v2,B2,sac_her_pickandplace_clean_2M
sac_her_recovery_v2,action_clipping,4,0.3,-109.0,0.0,0.3630301749686124,150,0.1205263584852218,0.4397058486938476,0.0,1.0,4266,v2,B2,sac_her_pickandplace_clean_2M
sac_her_recovery_v2,action_clipping,4,0.3,-109.0,0.0,0.3630301749686124,150,0.1205263584852218,0.4397058486938476,0.0,1.0,4267,v2,B2,sac_her_pickandplace_clean_2M
sac_her_recovery_v2,action_clipping,4,0.3,-109.0,0.0,0.3630301749686124,150,0.1205263584852218,0.4397058486938476,0.0,1.0,4268,v2,B2,sac_her_pickandplace_clean_2M
sac_her_recovery_v2,action_clipping,4,0.3,-109.0,0.0,0.3630301749686124,150,0.1205263584852218,0.4397058486938476,0.0,1.0,4269,v2,B2,sac_her_pickandplace_clean_2M
sac_her_recovery_v2,action_clipping,4,0.3,-109.0,0.0,0.3630301749686124,150,0.1205263584852218,0.4397058486938476,0.0,1.0,4270,v2,B2,sac_her_pickandplace_clean_2M
sac_her_recovery_v2,action_clipping,4,0.3,-109.0,0.0,0.3630301749686124,150,0.1205263584852218,0.4397058486938476,0.0,1.0,4271,v2,B2,sac_her_pickandplace_clean_2M
sac_her_recovery_v2,action_clipping,4,0.3,-109.0,0.0,0.3630301749686124,150,0.1205263584852218,0.4397058486938476,0.0,1.0,4272,v2,B2,sac_her_pickandplace_clean_2M
sac_her_recovery_v2,action_clipping,4,0.3,-109.0,0.0,0.3630301749686124,150,0.1205263584852218,0.4397058486938476,0.0,1.0,4273,v2,B2,sac_her_pickandplace_clean_2M
sac_her_recovery_v2,action_clipping,4,0.3,-109.0,0.0,0.3630301749686124,150,0.1205263584852218,0.4397058486938476,0.0,1.0,4274,v2,B2,sac_her_pickandplace_clean_2M
sac_her_recovery_v2,action_clipping,4,0.3,-109.0,0.0,0.3630301749686124,150,0.1205263584852218,0.4397058486938476,0.0,1.0,4275,v2,B2,sac_her_pickandplace_clean_2M
sac_her_recovery_v2,action_clipping,4,0.3,-109.0,0.0,0.3630301749686124,150,0.1205263584852218,0.4397058486938476,0.0,1.0,4276,v2,B2,sac_her_pickandplace_clean_2M
sac_her_recovery_v2,action_clipping,4,0.3,-109.0,0.0,0.3630301749686124,150,0.1205263584852218,0.4397058486938476,0.0,1.0,4277,v2,B2,sac_her_pickandplace_clean_2M
sac_her_recovery_v2,action_clipping,4,0.3,-109.0,0.0,0.3630301749686124,150,0.1205263584852218,0.4397058486938476,0.0,1.0,4278,v2,B2,sac_her_pickandplace_clean_2M
sac_her_recovery_v2,action_clipping,4,0.3,-109.0,0.0,0.3630301749686124,150,0.1205263584852218,0.4397058486938476,0.0,1.0,4279,v2,B2,sac_her_pickandplace_clean_2M
sac_her_recovery_v2,action_clipping,4,0.3,-109.0,0.0,0.3630301749686124,150,0.1205263584852218,0.4397058486938476,0.0,1.0,4280,v2,B2,sac_her_pickandplace_clean_2M
sac_her_recovery_v2,action_clipping,4,0.3,-109.0,0.0,0.3630301749686124,150,0.1205263584852218,0.4397058486938476,0.0,1.0,4281,v2,B2,sac_her_pickandplace_clean_2M
sac_her_recovery_v2,action_clipping,4,0.3,-109.0,0.0,0.3630301749686124,150,0.1205263584852218,0.4397058486938476,0.0,1.0,4282,v2,B2,sac_her_pickandplace_clean_2M
sac_her_recovery_v2,action_clipping,4,0.3,-109.0,0.0,0.3630301749686124,150,0.1205263584852218,0.4397058486938476,0.0,1.0,4283,v2,B2,sac_her_pickandplace_clean_2M
sac_her_recovery_v2,action_clipping,4,0.3,-109.0,0.0,0.3630301749686124,150,0.1205263584852218,0.4397058486938476,0.0,1.0,4284,v2,B2,sac_her_pickandplace_clean_2M
sac_her_recovery_v2,action_clipping,4,0.3,-109.0,0.0,0.3630301749686124,150,0.1205263584852218,0.4397058486938476,0.0,1.0,4285,v2,B2,sac_her_pickandplace_clean_2M
sac_her_recovery_v2,action_clipping,4,0.3,-109.0,0.0,0.3630301749686124,150,0.1205263584852218,0.4397058486938476,0.0,1.0,4286,v2,B2,sac_her_pickandplace_clean_2M
sac_her_recovery_v2,action_clipping,4,0.3,-109.0,0.0,0.3630301749686124,150,0.1205263584852218,0.4397058486938476,0.0,1.0,4287,v2,B2,sac_her_pickandplace_clean_2M
sac_her_recovery_v2,action_clipping,4,0.3,-109.0,0.0,0.3630301749686124,150,0.1205263584852218,0.4397058486938476,0.0,1.0,4288,v2,B2,sac_her_pickandplace_clean_2M
sac_her_recovery_v2,action_clipping,4,0.3,-109.0,0.0,0.3630301749686124,150,0.1205263584852218,0.4397058486938476,0.0,1.0,4289,v2,B2,sac_her_pickandplace_clean_2M
sac_her_recovery_v3,action_clipping,4,0.3,-68.0,1.0,0.0464162404638674,150,0.092423677444458,0.4015999734401703,0.0,1.0,4290,v3,B3,sac_her_pickandplace_clean_2M
sac_her_recovery_v3,action_clipping,4,0.3,-68.0,1.0,0.0464162404638674,150,0.092423677444458,0.4015999734401703,0.0,1.0,4291,v3,B3,sac_her_pickandplace_clean_2M
sac_her_recovery_v3,action_clipping,4,0.3,-68.0,1.0,0.0464162404638674,150,0.092423677444458,0.4015999734401703,0.0,1.0,4292,v3,B3,sac_her_pickandplace_clean_2M
sac_her_recovery_v3,action_clipping,4,0.3,-68.0,1.0,0.0464162404638674,150,0.092423677444458,0.4015999734401703,0.0,1.0,4293,v3,B3,sac_her_pickandplace_clean_2M
sac_her_recovery_v3,action_clipping,4,0.3,-68.0,1.0,0.0464162404638674,150,0.092423677444458,0.4015999734401703,0.0,1.0,4294,v3,B3,sac_her_pickandplace_clean_2M
sac_her_recovery_v3,action_clipping,4,0.3,-68.0,1.0,0.0464162404638674,150,0.092423677444458,0.4015999734401703,0.0,1.0,4295,v3,B3,sac_her_pickandplace_clean_2M
sac_her_recovery_v3,action_clipping,4,0.3,-68.0,1.0,0.0464162404638674,150,0.092423677444458,0.4015999734401703,0.0,1.0,4296,v3,B3,sac_her_pickandplace_clean_2M
sac_her_recovery_v3,action_clipping,4,0.3,-68.0,1.0,0.0464162404638674,150,0.092423677444458,0.4015999734401703,0.0,1.0,4297,v3,B3,sac_her_pickandplace_clean_2M
sac_her_recovery_v3,action_clipping,4,0.3,-68.0,1.0,0.0464162404638674,150,0.092423677444458,0.4015999734401703,0.0,1.0,4298,v3,B3,sac_her_pickandplace_clean_2M
sac_her_recovery_v3,action_clipping,4,0.3,-68.0,1.0,0.0464162404638674,150,0.092423677444458,0.4015999734401703,0.0,1.0,4299,v3,B3,sac_her_pickandplace_clean_2M
sac_her_recovery_v3,action_clipping,4,0.3,-68.0,1.0,0.0464162404638674,150,0.092423677444458,0.4015999734401703,0.0,1.0,4300,v3,B3,sac_her_pickandplace_clean_2M
sac_her_recovery_v3,action_clipping,4,0.3,-68.0,1.0,0.0464162404638674,150,0.092423677444458,0.4015999734401703,0.0,1.0,4301,v3,B3,sac_her_pickandplace_clean_2M
sac_her_recovery_v3,action_clipping,4,0.3,-68.0,1.0,0.0464162404638674,150,0.092423677444458,0.4015999734401703,0.0,1.0,4302,v3,B3,sac_her_pickandplace_clean_2M
sac_her_recovery_v3,action_clipping,4,0.3,-68.0,1.0,0.0464162404638674,150,0.092423677444458,0.4015999734401703,0.0,1.0,4303,v3,B3,sac_her_pickandplace_clean_2M
sac_her_recovery_v3,action_clipping,4,0.3,-68.0,1.0,0.0464162404638674,150,0.092423677444458,0.4015999734401703,0.0,1.0,4304,v3,B3,sac_her_pickandplace_clean_2M
sac_her_recovery_v3,action_clipping,4,0.3,-68.0,1.0,0.0464162404638674,150,0.092423677444458,0.4015999734401703,0.0,1.0,4305,v3,B3,sac_her_pickandplace_clean_2M
sac_her_recovery_v3,action_clipping,4,0.3,-68.0,1.0,0.0464162404638674,150,0.092423677444458,0.4015999734401703,0.0,1.0,4306,v3,B3,sac_her_pickandplace_clean_2M
sac_her_recovery_v3,action_clipping,4,0.3,-68.0,1.0,0.0464162404638674,150,0.092423677444458,0.4015999734401703,0.0,1.0,4307,v3,B3,sac_her_pickandplace_clean_2M
sac_her_recovery_v3,action_clipping,4,0.3,-68.0,1.0,0.0464162404638674,150,0.092423677444458,0.4015999734401703,0.0,1.0,4308,v3,B3,sac_her_pickandplace_clean_2M
sac_her_recovery_v3,action_clipping,4,0.3,-68.0,1.0,0.0464162404638674,150,0.092423677444458,0.4015999734401703,0.0,1.0,4309,v3,B3,sac_her_pickandplace_clean_2M
sac_her_recovery_v3,action_clipping,4,0.3,-68.0,1.0,0.0464162404638674,150,0.092423677444458,0.4015999734401703,0.0,1.0,4310,v3,B3,sac_her_pickandplace_clean_2M
sac_her_recovery_v3,action_clipping,4,0.3,-68.0,1.0,0.0464162404638674,150,0.092423677444458,0.4015999734401703,0.0,1.0,4311,v3,B3,sac_her_pickandplace_clean_2M
sac_her_recovery_v3,action_clipping,4,0.3,-68.0,1.0,0.0464162404638674,150,0.092423677444458,0.4015999734401703,0.0,1.0,4312,v3,B3,sac_her_pickandplace_clean_2M
sac_her_recovery_v3,action_clipping,4,0.3,-68.0,1.0,0.0464162404638674,150,0.092423677444458,0.4015999734401703,0.0,1.0,4313,v3,B3,sac_her_pickandplace_clean_2M
sac_her_recovery_v3,action_clipping,4,0.3,-68.0,1.0,0.0464162404638674,150,0.092423677444458,0.4015999734401703,0.0,1.0,4314,v3,B3,sac_her_pickandplace_clean_2M
sac_her_recovery_v3,action_clipping,4,0.3,-68.0,1.0,0.0464162404638674,150,0.092423677444458,0.4015999734401703,0.0,1.0,4315,v3,B3,sac_her_pickandplace_clean_2M
sac_her_recovery_v3,action_clipping,4,0.3,-68.0,1.0,0.0464162404638674,150,0.092423677444458,0.4015999734401703,0.0,1.0,4316,v3,B3,sac_her_pickandplace_clean_2M
sac_her_recovery_v3,action_clipping,4,0.3,-68.0,1.0,0.0464162404638674,150,0.092423677444458,0.4015999734401703,0.0,1.0,4317,v3,B3,sac_her_pickandplace_clean_2M
sac_her_recovery_v3,action_clipping,4,0.3,-68.0,1.0,0.0464162404638674,150,0.092423677444458,0.4015999734401703,0.0,1.0,4318,v3,B3,sac_her_pickandplace_clean_2M
sac_her_recovery_v3,action_clipping,4,0.3,-68.0,1.0,0.0464162404638674,150,0.092423677444458,0.4015999734401703,0.0,1.0,4319,v3,B3,sac_her_pickandplace_clean_2M
sac_her,action_reversal,4,0.0,-150.0,0.0,0.3833991408667048,150,0.0432238429784774,1.8918070793151855,0.0,0.0,4410,none,B1,sac_her_pickandplace_clean_2M
sac_her,action_reversal,4,0.0,-150.0,0.0,0.3833991408667048,150,0.0432238429784774,1.8918070793151855,0.0,0.0,4411,none,B1,sac_her_pickandplace_clean_2M
sac_her,action_reversal,4,0.0,-150.0,0.0,0.3833991408667048,150,0.0432238429784774,1.8918070793151855,0.0,0.0,4412,none,B1,sac_her_pickandplace_clean_2M
sac_her,action_reversal,4,0.0,-150.0,0.0,0.3833991408667048,150,0.0432238429784774,1.8918070793151855,0.0,0.0,4413,none,B1,sac_her_pickandplace_clean_2M
sac_her,action_reversal,4,0.0,-150.0,0.0,0.3833991408667048,150,0.0432238429784774,1.8918070793151855,0.0,0.0,4414,none,B1,sac_her_pickandplace_clean_2M
sac_her,action_reversal,4,0.0,-150.0,0.0,0.3833991408667048,150,0.0432238429784774,1.8918070793151855,0.0,0.0,4415,none,B1,sac_her_pickandplace_clean_2M
sac_her,action_reversal,4,0.0,-150.0,0.0,0.3833991408667048,150,0.0432238429784774,1.8918070793151855,0.0,0.0,4416,none,B1,sac_her_pickandplace_clean_2M
sac_her,action_reversal,4,0.0,-150.0,0.0,0.3833991408667048,150,0.0432238429784774,1.8918070793151855,0.0,0.0,4417,none,B1,sac_her_pickandplace_clean_2M
sac_her,action_reversal,4,0.0,-150.0,0.0,0.3833991408667048,150,0.0432238429784774,1.8918070793151855,0.0,0.0,4418,none,B1,sac_her_pickandplace_clean_2M
sac_her,action_reversal,4,0.0,-150.0,0.0,0.3833991408667048,150,0.0432238429784774,1.8918070793151855,0.0,0.0,4419,none,B1,sac_her_pickandplace_clean_2M
sac_her,action_reversal,4,0.0,-150.0,0.0,0.3833991408667048,150,0.0432238429784774,1.8918070793151855,0.0,0.0,4420,none,B1,sac_her_pickandplace_clean_2M
sac_her,action_reversal,4,0.0,-150.0,0.0,0.3833991408667048,150,0.0432238429784774,1.8918070793151855,0.0,0.0,4421,none,B1,sac_her_pickandplace_clean_2M
sac_her,action_reversal,4,0.0,-150.0,0.0,0.3833991408667048,150,0.0432238429784774,1.8918070793151855,0.0,0.0,4422,none,B1,sac_her_pickandplace_clean_2M
sac_her,action_reversal,4,0.0,-150.0,0.0,0.3833991408667048,150,0.0432238429784774,1.8918070793151855,0.0,0.0,4423,none,B1,sac_her_pickandplace_clean_2M
sac_her,action_reversal,4,0.0,-150.0,0.0,0.3833991408667048,150,0.0432238429784774,1.8918070793151855,0.0,0.0,4424,none,B1,sac_her_pickandplace_clean_2M
sac_her,action_reversal,4,0.0,-150.0,0.0,0.3833991408667048,150,0.0432238429784774,1.8918070793151855,0.0,0.0,4425,none,B1,sac_her_pickandplace_clean_2M
sac_her,action_reversal,4,0.0,-150.0,0.0,0.3833991408667048,150,0.0432238429784774,1.8918070793151855,0.0,0.0,4426,none,B1,sac_her_pickandplace_clean_2M
sac_her,action_reversal,4,0.0,-150.0,0.0,0.3833991408667048,150,0.0432238429784774,1.8918070793151855,0.0,0.0,4427,none,B1,sac_her_pickandplace_clean_2M
sac_her,action_reversal,4,0.0,-150.0,0.0,0.3833991408667048,150,0.0432238429784774,1.8918070793151855,0.0,0.0,4428,none,B1,sac_her_pickandplace_clean_2M
sac_her,action_reversal,4,0.0,-150.0,0.0,0.3833991408667048,150,0.0432238429784774,1.8918070793151855,0.0,0.0,4429,none,B1,sac_her_pickandplace_clean_2M
sac_her,action_reversal,4,0.0,-150.0,0.0,0.3833991408667048,150,0.0432238429784774,1.8918070793151855,0.0,0.0,4430,none,B1,sac_her_pickandplace_clean_2M
sac_her,action_reversal,4,0.0,-150.0,0.0,0.3833991408667048,150,0.0432238429784774,1.8918070793151855,0.0,0.0,4431,none,B1,sac_her_pickandplace_clean_2M
sac_her,action_reversal,4,0.0,-150.0,0.0,0.3833991408667048,150,0.0432238429784774,1.8918070793151855,0.0,0.0,4432,none,B1,sac_her_pickandplace_clean_2M
sac_her,action_reversal,4,0.0,-150.0,0.0,0.3833991408667048,150,0.0432238429784774,1.8918070793151855,0.0,0.0,4433,none,B1,sac_her_pickandplace_clean_2M
sac_her,action_reversal,4,0.0,-150.0,0.0,0.3833991408667048,150,0.0432238429784774,1.8918070793151855,0.0,0.0,4434,none,B1,sac_her_pickandplace_clean_2M
sac_her,action_reversal,4,0.0,-150.0,0.0,0.3833991408667048,150,0.0432238429784774,1.8918070793151855,0.0,0.0,4435,none,B1,sac_her_pickandplace_clean_2M
sac_her,action_reversal,4,0.0,-150.0,0.0,0.3833991408667048,150,0.0432238429784774,1.8918070793151855,0.0,0.0,4436,none,B1,sac_her_pickandplace_clean_2M
sac_her,action_reversal,4,0.0,-150.0,0.0,0.3833991408667048,150,0.0432238429784774,1.8918070793151855,0.0,0.0,4437,none,B1,sac_her_pickandplace_clean_2M
sac_her,action_reversal,4,0.0,-150.0,0.0,0.3833991408667048,150,0.0432238429784774,1.8918070793151855,0.0,0.0,4438,none,B1,sac_her_pickandplace_clean_2M
sac_her,action_reversal,4,0.0,-150.0,0.0,0.3833991408667048,150,0.0432238429784774,1.8918070793151855,0.0,0.0,4439,none,B1,sac_her_pickandplace_clean_2M
sac_her_recovery_v2,action_reversal,4,0.0,-150.0,0.0,0.3833991408667048,150,0.1298951357603073,1.7204762697219849,0.0,1.0,4440,v2,B2,sac_her_pickandplace_clean_2M
sac_her_recovery_v2,action_reversal,4,0.0,-150.0,0.0,0.3833991408667048,150,0.1298951357603073,1.7204762697219849,0.0,1.0,4441,v2,B2,sac_her_pickandplace_clean_2M
sac_her_recovery_v2,action_reversal,4,0.0,-150.0,0.0,0.3833991408667048,150,0.1298951357603073,1.7204762697219849,0.0,1.0,4442,v2,B2,sac_her_pickandplace_clean_2M
sac_her_recovery_v2,action_reversal,4,0.0,-150.0,0.0,0.3833991408667048,150,0.1298951357603073,1.7204762697219849,0.0,1.0,4443,v2,B2,sac_her_pickandplace_clean_2M
sac_her_recovery_v2,action_reversal,4,0.0,-150.0,0.0,0.3833991408667048,150,0.1298951357603073,1.7204762697219849,0.0,1.0,4444,v2,B2,sac_her_pickandplace_clean_2M
sac_her_recovery_v2,action_reversal,4,0.0,-150.0,0.0,0.3833991408667048,150,0.1298951357603073,1.7204762697219849,0.0,1.0,4445,v2,B2,sac_her_pickandplace_clean_2M
sac_her_recovery_v2,action_reversal,4,0.0,-150.0,0.0,0.3833991408667048,150,0.1298951357603073,1.7204762697219849,0.0,1.0,4446,v2,B2,sac_her_pickandplace_clean_2M
sac_her_recovery_v2,action_reversal,4,0.0,-150.0,0.0,0.3833991408667048,150,0.1298951357603073,1.7204762697219849,0.0,1.0,4447,v2,B2,sac_her_pickandplace_clean_2M
sac_her_recovery_v2,action_reversal,4,0.0,-150.0,0.0,0.3833991408667048,150,0.1298951357603073,1.7204762697219849,0.0,1.0,4448,v2,B2,sac_her_pickandplace_clean_2M
sac_her_recovery_v2,action_reversal,4,0.0,-150.0,0.0,0.3833991408667048,150,0.1298951357603073,1.7204762697219849,0.0,1.0,4449,v2,B2,sac_her_pickandplace_clean_2M
sac_her_recovery_v2,action_reversal,4,0.0,-150.0,0.0,0.3833991408667048,150,0.1298951357603073,1.7204762697219849,0.0,1.0,4450,v2,B2,sac_her_pickandplace_clean_2M
sac_her_recovery_v2,action_reversal,4,0.0,-150.0,0.0,0.3833991408667048,150,0.1298951357603073,1.7204762697219849,0.0,1.0,4451,v2,B2,sac_her_pickandplace_clean_2M
sac_her_recovery_v2,action_reversal,4,0.0,-150.0,0.0,0.3833991408667048,150,0.1298951357603073,1.7204762697219849,0.0,1.0,4452,v2,B2,sac_her_pickandplace_clean_2M
sac_her_recovery_v2,action_reversal,4,0.0,-150.0,0.0,0.3833991408667048,150,0.1298951357603073,1.7204762697219849,0.0,1.0,4453,v2,B2,sac_her_pickandplace_clean_2M
sac_her_recovery_v2,action_reversal,4,0.0,-150.0,0.0,0.3833991408667048,150,0.1298951357603073,1.7204762697219849,0.0,1.0,4454,v2,B2,sac_her_pickandplace_clean_2M
sac_her_recovery_v2,action_reversal,4,0.0,-150.0,0.0,0.3833991408667048,150,0.1298951357603073,1.7204762697219849,0.0,1.0,4455,v2,B2,sac_her_pickandplace_clean_2M
sac_her_recovery_v2,action_reversal,4,0.0,-150.0,0.0,0.3833991408667048,150,0.1298951357603073,1.7204762697219849,0.0,1.0,4456,v2,B2,sac_her_pickandplace_clean_2M
sac_her_recovery_v2,action_reversal,4,0.0,-150.0,0.0,0.3833991408667048,150,0.1298951357603073,1.7204762697219849,0.0,1.0,4457,v2,B2,sac_her_pickandplace_clean_2M
sac_her_recovery_v2,action_reversal,4,0.0,-150.0,0.0,0.3833991408667048,150,0.1298951357603073,1.7204762697219849,0.0,1.0,4458,v2,B2,sac_her_pickandplace_clean_2M
sac_her_recovery_v2,action_reversal,4,0.0,-150.0,0.0,0.3833991408667048,150,0.1298951357603073,1.7204762697219849,0.0,1.0,4459,v2,B2,sac_her_pickandplace_clean_2M
sac_her_recovery_v2,action_reversal,4,0.0,-150.0,0.0,0.3833991408667048,150,0.1298951357603073,1.7204762697219849,0.0,1.0,4460,v2,B2,sac_her_pickandplace_clean_2M
sac_her_recovery_v2,action_reversal,4,0.0,-150.0,0.0,0.3833991408667048,150,0.1298951357603073,1.7204762697219849,0.0,1.0,4461,v2,B2,sac_her_pickandplace_clean_2M
sac_her_recovery_v2,action_reversal,4,0.0,-150.0,0.0,0.3833991408667048,150,0.1298951357603073,1.7204762697219849,0.0,1.0,4462,v2,B2,sac_her_pickandplace_clean_2M
sac_her_recovery_v2,action_reversal,4,0.0,-150.0,0.0,0.3833991408667048,150,0.1298951357603073,1.7204762697219849,0.0,1.0,4463,v2,B2,sac_her_pickandplace_clean_2M
sac_her_recovery_v2,action_reversal,4,0.0,-150.0,0.0,0.3833991408667048,150,0.1298951357603073,1.7204762697219849,0.0,1.0,4464,v2,B2,sac_her_pickandplace_clean_2M
sac_her_recovery_v2,action_reversal,4,0.0,-150.0,0.0,0.3833991408667048,150,0.1298951357603073,1.7204762697219849,0.0,1.0,4465,v2,B2,sac_her_pickandplace_clean_2M
sac_her_recovery_v2,action_reversal,4,0.0,-150.0,0.0,0.3833991408667048,150,0.1298951357603073,1.7204762697219849,0.0,1.0,4466,v2,B2,sac_her_pickandplace_clean_2M
sac_her_recovery_v2,action_reversal,4,0.0,-150.0,0.0,0.3833991408667048,150,0.1298951357603073,1.7204762697219849,0.0,1.0,4467,v2,B2,sac_her_pickandplace_clean_2M
sac_her_recovery_v2,action_reversal,4,0.0,-150.0,0.0,0.3833991408667048,150,0.1298951357603073,1.7204762697219849,0.0,1.0,4468,v2,B2,sac_her_pickandplace_clean_2M
sac_her_recovery_v2,action_reversal,4,0.0,-150.0,0.0,0.3833991408667048,150,0.1298951357603073,1.7204762697219849,0.0,1.0,4469,v2,B2,sac_her_pickandplace_clean_2M
sac_her_recovery_v3,action_reversal,4,0.0,-150.0,0.0,0.3833991408667048,150,0.0949933901429176,1.6271973848342896,0.0,1.0,4470,v3,B3,sac_her_pickandplace_clean_2M
sac_her_recovery_v3,action_reversal,4,0.0,-150.0,0.0,0.3833991408667048,150,0.0949933901429176,1.6271973848342896,0.0,1.0,4471,v3,B3,sac_her_pickandplace_clean_2M
sac_her_recovery_v3,action_reversal,4,0.0,-150.0,0.0,0.3833991408667048,150,0.0949933901429176,1.6271973848342896,0.0,1.0,4472,v3,B3,sac_her_pickandplace_clean_2M
sac_her_recovery_v3,action_reversal,4,0.0,-150.0,0.0,0.3833991408667048,150,0.0949933901429176,1.6271973848342896,0.0,1.0,4473,v3,B3,sac_her_pickandplace_clean_2M
sac_her_recovery_v3,action_reversal,4,0.0,-150.0,0.0,0.3833991408667048,150,0.0949933901429176,1.6271973848342896,0.0,1.0,4474,v3,B3,sac_her_pickandplace_clean_2M
sac_her_recovery_v3,action_reversal,4,0.0,-150.0,0.0,0.3833991408667048,150,0.0949933901429176,1.6271973848342896,0.0,1.0,4475,v3,B3,sac_her_pickandplace_clean_2M
sac_her_recovery_v3,action_reversal,4,0.0,-150.0,0.0,0.3833991408667048,150,0.0949933901429176,1.6271973848342896,0.0,1.0,4476,v3,B3,sac_her_pickandplace_clean_2M
sac_her_recovery_v3,action_reversal,4,0.0,-150.0,0.0,0.3833991408667048,150,0.0949933901429176,1.6271973848342896,0.0,1.0,4477,v3,B3,sac_her_pickandplace_clean_2M
sac_her_recovery_v3,action_reversal,4,0.0,-150.0,0.0,0.3833991408667048,150,0.0949933901429176,1.6271973848342896,0.0,1.0,4478,v3,B3,sac_her_pickandplace_clean_2M
sac_her_recovery_v3,action_reversal,4,0.0,-150.0,0.0,0.3833991408667048,150,0.0949933901429176,1.6271973848342896,0.0,1.0,4479,v3,B3,sac_her_pickandplace_clean_2M
sac_her_recovery_v3,action_reversal,4,0.0,-150.0,0.0,0.3833991408667048,150,0.0949933901429176,1.6271973848342896,0.0,1.0,4480,v3,B3,sac_her_pickandplace_clean_2M
sac_her_recovery_v3,action_reversal,4,0.0,-150.0,0.0,0.3833991408667048,150,0.0949933901429176,1.6271973848342896,0.0,1.0,4481,v3,B3,sac_her_pickandplace_clean_2M
sac_her_recovery_v3,action_reversal,4,0.0,-150.0,0.0,0.3833991408667048,150,0.0949933901429176,1.6271973848342896,0.0,1.0,4482,v3,B3,sac_her_pickandplace_clean_2M
sac_her_recovery_v3,action_reversal,4,0.0,-150.0,0.0,0.3833991408667048,150,0.0949933901429176,1.6271973848342896,0.0,1.0,4483,v3,B3,sac_her_pickandplace_clean_2M
sac_her_recovery_v3,action_reversal,4,0.0,-150.0,0.0,0.3833991408667048,150,0.0949933901429176,1.6271973848342896,0.0,1.0,4484,v3,B3,sac_her_pickandplace_clean_2M
sac_her_recovery_v3,action_reversal,4,0.0,-150.0,0.0,0.3833991408667048,150,0.0949933901429176,1.6271973848342896,0.0,1.0,4485,v3,B3,sac_her_pickandplace_clean_2M
sac_her_recovery_v3,action_reversal,4,0.0,-150.0,0.0,0.3833991408667048,150,0.0949933901429176,1.6271973848342896,0.0,1.0,4486,v3,B3,sac_her_pickandplace_clean_2M
sac_her_recovery_v3,action_reversal,4,0.0,-150.0,0.0,0.3833991408667048,150,0.0949933901429176,1.6271973848342896,0.0,1.0,4487,v3,B3,sac_her_pickandplace_clean_2M
sac_her_recovery_v3,action_reversal,4,0.0,-150.0,0.0,0.3833991408667048,150,0.0949933901429176,1.6271973848342896,0.0,1.0,4488,v3,B3,sac_her_pickandplace_clean_2M
sac_her_recovery_v3,action_reversal,4,0.0,-150.0,0.0,0.3833991408667048,150,0.0949933901429176,1.6271973848342896,0.0,1.0,4489,v3,B3,sac_her_pickandplace_clean_2M
sac_her_recovery_v3,action_reversal,4,0.0,-150.0,0.0,0.3833991408667048,150,0.0949933901429176,1.6271973848342896,0.0,1.0,4490,v3,B3,sac_her_pickandplace_clean_2M
sac_her_recovery_v3,action_reversal,4,0.0,-150.0,0.0,0.3833991408667048,150,0.0949933901429176,1.6271973848342896,0.0,1.0,4491,v3,B3,sac_her_pickandplace_clean_2M
sac_her_recovery_v3,action_reversal,4,0.0,-150.0,0.0,0.3833991408667048,150,0.0949933901429176,1.6271973848342896,0.0,1.0,4492,v3,B3,sac_her_pickandplace_clean_2M
sac_her_recovery_v3,action_reversal,4,0.0,-150.0,0.0,0.3833991408667048,150,0.0949933901429176,1.6271973848342896,0.0,1.0,4493,v3,B3,sac_her_pickandplace_clean_2M
sac_her_recovery_v3,action_reversal,4,0.0,-150.0,0.0,0.3833991408667048,150,0.0949933901429176,1.6271973848342896,0.0,1.0,4494,v3,B3,sac_her_pickandplace_clean_2M
sac_her_recovery_v3,action_reversal,4,0.0,-150.0,0.0,0.3833991408667048,150,0.0949933901429176,1.6271973848342896,0.0,1.0,4495,v3,B3,sac_her_pickandplace_clean_2M
sac_her_recovery_v3,action_reversal,4,0.0,-150.0,0.0,0.3833991408667048,150,0.0949933901429176,1.6271973848342896,0.0,1.0,4496,v3,B3,sac_her_pickandplace_clean_2M
sac_her_recovery_v3,action_reversal,4,0.0,-150.0,0.0,0.3833991408667048,150,0.0949933901429176,1.6271973848342896,0.0,1.0,4497,v3,B3,sac_her_pickandplace_clean_2M
sac_her_recovery_v3,action_reversal,4,0.0,-150.0,0.0,0.3833991408667048,150,0.0949933901429176,1.6271973848342896,0.0,1.0,4498,v3,B3,sac_her_pickandplace_clean_2M
sac_her_recovery_v3,action_reversal,4,0.0,-150.0,0.0,0.3833991408667048,150,0.0949933901429176,1.6271973848342896,0.0,1.0,4499,v3,B3,sac_her_pickandplace_clean_2M
sac_her,goal_spoof_immediate,4,0.1,-150.0,0.0,0.1325354501573731,150,0.0930900573730468,1.0394364595413208,0.0,0.0,4500,none,B1,sac_her_pickandplace_clean_2M
sac_her,goal_spoof_immediate,4,0.1,-150.0,0.0,0.119174685623424,150,0.062145859003067,1.0311706066131592,0.0,0.0,4501,none,B1,sac_her_pickandplace_clean_2M
sac_her,goal_spoof_immediate,4,0.1,-150.0,0.0,0.1065731382046066,150,0.0719077736139297,1.0738767385482788,0.0,0.0,4502,none,B1,sac_her_pickandplace_clean_2M
sac_her,goal_spoof_immediate,4,0.1,-150.0,0.0,0.1216665812758848,150,0.0516396127641201,1.0385844707489014,0.0,0.0,4503,none,B1,sac_her_pickandplace_clean_2M
sac_her,goal_spoof_immediate,4,0.1,-150.0,0.0,0.081821143362005,150,0.0564598254859447,1.0428653955459597,0.0,0.0,4504,none,B1,sac_her_pickandplace_clean_2M
sac_her,goal_spoof_immediate,4,0.1,-148.0,0.0,0.0864890304377182,150,0.1256043165922165,1.0492743253707886,0.0,0.0,4505,none,B1,sac_her_pickandplace_clean_2M
sac_her,goal_spoof_immediate,4,0.1,-150.0,0.0,0.0590036811820774,150,0.0673591420054435,1.0561485290527344,0.0,0.0,4506,none,B1,sac_her_pickandplace_clean_2M
sac_her,goal_spoof_immediate,4,0.1,-150.0,0.0,0.0803326959487096,150,0.1182382330298423,1.0650464296340942,0.0,0.0,4507,none,B1,sac_her_pickandplace_clean_2M
sac_her,goal_spoof_immediate,4,0.1,-16.0,1.0,0.0395587952040821,150,0.0524150319397449,1.03657329082489,0.0,0.0,4508,none,B1,sac_her_pickandplace_clean_2M
sac_her,goal_spoof_immediate,4,0.1,-150.0,0.0,0.0744171129395426,150,0.0616817362606525,1.029327392578125,0.0,0.0,4509,none,B1,sac_her_pickandplace_clean_2M
sac_her,goal_spoof_immediate,4,0.1,-15.0,1.0,0.0335117099042497,150,0.0745378360152244,1.032883644104004,0.0,0.0,4510,none,B1,sac_her_pickandplace_clean_2M
sac_her,goal_spoof_immediate,4,0.1,-150.0,0.0,0.1237724225587348,150,0.0992644131183624,1.0759564638137815,0.0,0.0,4511,none,B1,sac_her_pickandplace_clean_2M
sac_her,goal_spoof_immediate,4,0.1,-150.0,0.0,0.0861677504363652,150,0.0540835112333297,1.0342586040496826,0.0,0.0,4512,none,B1,sac_her_pickandplace_clean_2M
sac_her,goal_spoof_immediate,4,0.1,-150.0,0.0,0.0930341090657995,150,0.0645778998732566,1.0312652587890625,0.0,0.0,4513,none,B1,sac_her_pickandplace_clean_2M
sac_her,goal_spoof_immediate,4,0.1,-150.0,0.0,0.0690216113082905,150,0.0548810586333274,1.033409833908081,0.0,0.0,4514,none,B1,sac_her_pickandplace_clean_2M
sac_her,goal_spoof_immediate,4,0.1,-150.0,0.0,0.1119370989864202,150,0.071861632168293,1.047020673751831,0.0,0.0,4515,none,B1,sac_her_pickandplace_clean_2M
sac_her,goal_spoof_immediate,4,0.1,-150.0,0.0,0.0829384052194672,150,0.0559554249048233,1.0284032821655271,0.0,0.0,4516,none,B1,sac_her_pickandplace_clean_2M
sac_her,goal_spoof_immediate,4,0.1,-150.0,0.0,0.0783196548129892,150,0.059060264378786,1.0298311710357666,0.0,0.0,4517,none,B1,sac_her_pickandplace_clean_2M
sac_her,goal_spoof_immediate,4,0.1,-150.0,0.0,0.1452492508521191,150,0.0540222264826297,1.0366415977478027,0.0,0.0,4518,none,B1,sac_her_pickandplace_clean_2M
sac_her,goal_spoof_immediate,4,0.1,-150.0,0.0,0.0886816423910078,150,0.0631913766264915,1.0310627222061155,0.0,0.0,4519,none,B1,sac_her_pickandplace_clean_2M
sac_her,goal_spoof_immediate,4,0.1,-148.0,0.0,0.0526590890171132,150,0.068340390920639,1.0467970371246338,0.0,0.0,4520,none,B1,sac_her_pickandplace_clean_2M
sac_her,goal_spoof_immediate,4,0.1,-150.0,0.0,0.1289635211143011,150,0.1723919510841369,1.0643835067749023,0.0,0.0,4521,none,B1,sac_her_pickandplace_clean_2M
sac_her,goal_spoof_immediate,4,0.1,-150.0,0.0,0.1395788784153489,150,0.0557768642902374,1.037940502166748,0.0,0.0,4522,none,B1,sac_her_pickandplace_clean_2M
sac_her,goal_spoof_immediate,4,0.1,-150.0,0.0,0.0652616145290227,150,0.0616459436714649,1.0322532653808594,0.0,0.0,4523,none,B1,sac_her_pickandplace_clean_2M
sac_her,goal_spoof_immediate,4,0.1,-150.0,0.0,0.0962051825440346,150,0.0472484640777111,1.0534296035766602,0.0,0.0,4524,none,B1,sac_her_pickandplace_clean_2M
sac_her,goal_spoof_immediate,4,0.1,-150.0,0.0,0.1088928870143513,150,0.1401674300432205,1.0750763416290283,0.0,0.0,4525,none,B1,sac_her_pickandplace_clean_2M
sac_her,goal_spoof_immediate,4,0.1,-150.0,0.0,0.0950161622035415,150,0.0839821845293045,1.061163306236267,0.0,0.0,4526,none,B1,sac_her_pickandplace_clean_2M
sac_her,goal_spoof_immediate,4,0.1,-150.0,0.0,0.0987148361773198,150,0.0616534203290939,1.0299464464187622,0.0,0.0,4527,none,B1,sac_her_pickandplace_clean_2M
sac_her,goal_spoof_immediate,4,0.1,-150.0,0.0,0.1125647029858723,150,0.058685265481472,1.068988561630249,0.0,0.0,4528,none,B1,sac_her_pickandplace_clean_2M
sac_her,goal_spoof_immediate,4,0.1,-150.0,0.0,0.1166765413982659,150,0.0600646995007991,1.0265846252441406,0.0,0.0,4529,none,B1,sac_her_pickandplace_clean_2M
sac_her_recovery_v2,goal_spoof_immediate,4,0.1,-150.0,0.0,0.1024495653249356,150,0.0608235746622085,1.0366673469543457,0.0,0.0,4530,v2,B2,sac_her_pickandplace_clean_2M
sac_her_recovery_v2,goal_spoof_immediate,4,0.1,-150.0,0.0,0.1031967606768931,150,0.0613425262272357,1.0281057357788086,0.0,0.0,4531,v2,B2,sac_her_pickandplace_clean_2M
sac_her_recovery_v2,goal_spoof_immediate,4,0.1,-150.0,0.0,0.0857730255799031,150,0.1148437112569809,1.068144679069519,0.0,0.0,4532,v2,B2,sac_her_pickandplace_clean_2M
sac_her_recovery_v2,goal_spoof_immediate,4,0.1,-148.0,0.0,0.0574365637290529,150,0.063380442559719,1.0429118871688845,0.0,0.0,4533,v2,B2,sac_her_pickandplace_clean_2M
sac_her_recovery_v2,goal_spoof_immediate,4,0.1,-150.0,0.0,0.1041309265030683,150,0.0521553754806518,1.0357375144958496,0.0,0.0,4534,v2,B2,sac_her_pickandplace_clean_2M
sac_her_recovery_v2,goal_spoof_immediate,4,0.1,-150.0,0.0,0.0824319906220079,150,0.0580378733575344,1.0346859693527222,0.0,0.0,4535,v2,B2,sac_her_pickandplace_clean_2M
sac_her_recovery_v2,goal_spoof_immediate,4,0.1,-150.0,0.0,0.1343700985083102,150,0.0606574043631553,1.0293389558792114,0.0,0.0,4536,v2,B2,sac_her_pickandplace_clean_2M
sac_her_recovery_v2,goal_spoof_immediate,4,0.1,-150.0,0.0,0.1013331180650697,150,0.0629814937710762,1.0313509702682495,0.0,0.0,4537,v2,B2,sac_her_pickandplace_clean_2M
sac_her_recovery_v2,goal_spoof_immediate,4,0.1,-150.0,0.0,0.069390427459676,150,0.0609522424638271,1.0303488969802856,0.0,0.0,4538,v2,B2,sac_her_pickandplace_clean_2M
sac_her_recovery_v2,goal_spoof_immediate,4,0.1,-150.0,0.0,0.0851757444643763,150,0.0564578063786029,1.0417221784591677,0.0,0.0,4539,v2,B2,sac_her_pickandplace_clean_2M
sac_her_recovery_v2,goal_spoof_immediate,4,0.1,-150.0,0.0,0.0981040272856107,150,0.0635899677872657,1.0307257175445557,0.0,0.0,4540,v2,B2,sac_her_pickandplace_clean_2M
sac_her_recovery_v2,goal_spoof_immediate,4,0.1,-150.0,0.0,0.1192410157763181,150,0.1174893379211425,1.0435736179351809,0.0,1.0,4541,v2,B2,sac_her_pickandplace_clean_2M
sac_her_recovery_v2,goal_spoof_immediate,4,0.1,-150.0,0.0,0.1081039242701067,150,0.0582400523126125,1.040286898612976,0.0,0.0,4542,v2,B2,sac_her_pickandplace_clean_2M
sac_her_recovery_v2,goal_spoof_immediate,4,0.1,-150.0,0.0,0.1189385288124867,150,0.1142492219805717,1.0446710586547852,0.0,1.0,4543,v2,B2,sac_her_pickandplace_clean_2M
sac_her_recovery_v2,goal_spoof_immediate,4,0.1,-150.0,0.0,0.1184228856770318,150,0.0833296552300453,1.0659563541412354,0.0,1.0,4544,v2,B2,sac_her_pickandplace_clean_2M
sac_her_recovery_v2,goal_spoof_immediate,4,0.1,-19.0,1.0,0.0485654724633114,150,0.0586059167981147,1.0339322090148926,0.0,0.0,4545,v2,B2,sac_her_pickandplace_clean_2M
sac_her_recovery_v2,goal_spoof_immediate,4,0.1,-147.0,0.0,0.0786378811866195,150,0.1339749842882156,1.0472915172576904,0.0,0.0,4546,v2,B2,sac_her_pickandplace_clean_2M
sac_her_recovery_v2,goal_spoof_immediate,4,0.1,-150.0,0.0,0.0764789440925498,150,0.0576000213623046,1.038764238357544,0.0,0.0,4547,v2,B2,sac_her_pickandplace_clean_2M
sac_her_recovery_v2,goal_spoof_immediate,4,0.1,-150.0,0.0,0.1139610912882618,150,0.0757115259766578,1.0650675296783447,0.0,1.0,4548,v2,B2,sac_her_pickandplace_clean_2M
sac_her_recovery_v2,goal_spoof_immediate,4,0.1,-145.0,0.0,0.0582318700461146,150,0.1221921294927597,1.0556186437606812,0.0,0.0,4549,v2,B2,sac_her_pickandplace_clean_2M
sac_her_recovery_v2,goal_spoof_immediate,4,0.1,-150.0,0.0,0.1099280305959417,150,0.0446784049272537,1.046907901763916,0.0,0.0,4550,v2,B2,sac_her_pickandplace_clean_2M
sac_her_recovery_v2,goal_spoof_immediate,4,0.1,-150.0,0.0,0.1164639742096568,150,0.1300611644983291,1.0447009801864624,0.0,1.0,4551,v2,B2,sac_her_pickandplace_clean_2M
sac_her_recovery_v2,goal_spoof_immediate,4,0.1,-150.0,0.0,0.1209747296482651,150,0.1269161105155944,1.0743314027786257,0.0,1.0,4552,v2,B2,sac_her_pickandplace_clean_2M
sac_her_recovery_v2,goal_spoof_immediate,4,0.1,-150.0,0.0,0.1344507137992338,150,0.0730576589703559,1.0514894723892212,0.0,0.0,4553,v2,B2,sac_her_pickandplace_clean_2M
sac_her_recovery_v2,goal_spoof_immediate,4,0.1,-149.0,0.0,0.0533446131060215,150,0.0656236410140991,1.028587818145752,0.0,0.0,4554,v2,B2,sac_her_pickandplace_clean_2M
sac_her_recovery_v2,goal_spoof_immediate,4,0.1,-150.0,0.0,0.0843568554724858,150,0.0563490130007267,1.0287480354309082,0.0,0.0,4555,v2,B2,sac_her_pickandplace_clean_2M
sac_her_recovery_v2,goal_spoof_immediate,4,0.1,-150.0,0.0,0.1231982146518404,150,0.0624694563448429,1.0678951740264893,0.0,0.0,4556,v2,B2,sac_her_pickandplace_clean_2M
sac_her_recovery_v2,goal_spoof_immediate,4,0.1,-150.0,0.0,0.0948838218127085,150,0.0867185518145561,1.0348612070083618,0.0,0.0,4557,v2,B2,sac_her_pickandplace_clean_2M
sac_her_recovery_v2,goal_spoof_immediate,4,0.1,-150.0,0.0,0.1142171387486873,150,0.1275552213191986,1.080888032913208,0.0,0.0,4558,v2,B2,sac_her_pickandplace_clean_2M
sac_her_recovery_v2,goal_spoof_immediate,4,0.1,-150.0,0.0,0.0903315674593165,150,0.0454933866858482,1.039825677871704,0.0,0.0,4559,v2,B2,sac_her_pickandplace_clean_2M
sac_her_recovery_v3,goal_spoof_immediate,4,0.1,-150.0,0.0,0.0892910926526894,150,0.1100619807839393,1.071462631225586,0.0,1.0,4560,v3,B3,sac_her_pickandplace_clean_2M
sac_her_recovery_v3,goal_spoof_immediate,4,0.1,-15.0,1.0,0.0286223732330804,150,0.0672100633382797,1.0387643575668335,0.0,0.0,4561,v3,B3,sac_her_pickandplace_clean_2M
sac_her_recovery_v3,goal_spoof_immediate,4,0.1,-150.0,0.0,0.108931509905254,150,0.1000315099954605,1.0523241758346558,0.0,1.0,4562,v3,B3,sac_her_pickandplace_clean_2M
sac_her_recovery_v3,goal_spoof_immediate,4,0.1,-150.0,0.0,0.0634643102681576,150,0.056850217282772,1.033671259880066,0.0,0.0,4563,v3,B3,sac_her_pickandplace_clean_2M
sac_her_recovery_v3,goal_spoof_immediate,4,0.1,-150.0,0.0,0.078870288184314,150,0.0545589476823806,1.0364971160888672,0.0,0.0,4564,v3,B3,sac_her_pickandplace_clean_2M
sac_her_recovery_v3,goal_spoof_immediate,4,0.1,-150.0,0.0,0.0664106794086657,150,0.0563392825424671,1.0402593612670898,0.0,0.0,4565,v3,B3,sac_her_pickandplace_clean_2M
sac_her_recovery_v3,goal_spoof_immediate,4,0.1,-15.0,1.0,0.0352593258387859,150,0.0809073522686958,1.0406609773635864,0.0,0.0,4566,v3,B3,sac_her_pickandplace_clean_2M
sac_her_recovery_v3,goal_spoof_immediate,4,0.1,-150.0,0.0,0.0504582959681975,150,0.0603127144277095,1.0305849313735962,0.0,0.0,4567,v3,B3,sac_her_pickandplace_clean_2M
sac_her_recovery_v3,goal_spoof_immediate,4,0.1,-150.0,0.0,0.104266172602194,150,0.1376859992742538,1.0812748670578003,0.0,0.0,4568,v3,B3,sac_her_pickandplace_clean_2M
sac_her_recovery_v3,goal_spoof_immediate,4,0.1,-150.0,0.0,0.0903961035691591,150,0.0675669014453888,1.0632061958312988,0.0,0.0,4569,v3,B3,sac_her_pickandplace_clean_2M
sac_her_recovery_v3,goal_spoof_immediate,4,0.1,-150.0,0.0,0.1448553739353933,150,0.0462083630263805,1.046783447265625,0.0,0.0,4570,v3,B3,sac_her_pickandplace_clean_2M
sac_her_recovery_v3,goal_spoof_immediate,4,0.1,-150.0,0.0,0.1223044459181653,150,0.0554175227880477,1.0306166410446167,0.0,0.0,4571,v3,B3,sac_her_pickandplace_clean_2M
sac_her_recovery_v3,goal_spoof_immediate,4,0.1,-150.0,0.0,0.101860320218565,150,0.0613939352333545,1.030389666557312,0.0,0.0,4572,v3,B3,sac_her_pickandplace_clean_2M
sac_her_recovery_v3,goal_spoof_immediate,4,0.1,-150.0,0.0,0.1224307885989655,150,0.0540710501372814,1.0379222631454468,0.0,0.0,4573,v3,B3,sac_her_pickandplace_clean_2M
sac_her_recovery_v3,goal_spoof_immediate,4,0.1,-150.0,0.0,0.0960557560744544,150,0.0568957179784774,1.0601637363433838,0.0,0.0,4574,v3,B3,sac_her_pickandplace_clean_2M
sac_her_recovery_v3,goal_spoof_immediate,4,0.1,-150.0,0.0,0.0743481995573699,150,0.0590099953114986,1.02928626537323,0.0,0.0,4575,v3,B3,sac_her_pickandplace_clean_2M
sac_her_recovery_v3,goal_spoof_immediate,4,0.1,-150.0,0.0,0.0937275535145556,150,0.0615301765501499,1.0419807434082031,0.0,0.0,4576,v3,B3,sac_her_pickandplace_clean_2M
sac_her_recovery_v3,goal_spoof_immediate,4,0.1,-149.0,0.0,0.0912829118336725,150,0.1238812580704689,1.0698745250701904,0.0,0.0,4577,v3,B3,sac_her_pickandplace_clean_2M
sac_her_recovery_v3,goal_spoof_immediate,4,0.1,-150.0,0.0,0.1038783471480665,150,0.0562907978892326,1.0349507331848145,0.0,0.0,4578,v3,B3,sac_her_pickandplace_clean_2M
sac_her_recovery_v3,goal_spoof_immediate,4,0.1,-150.0,0.0,0.1054241035247996,150,0.1177911981940269,1.056498646736145,0.0,1.0,4579,v3,B3,sac_her_pickandplace_clean_2M
sac_her_recovery_v3,goal_spoof_immediate,4,0.1,-150.0,0.0,0.130518527080879,150,0.0479926839470863,1.0619032382965088,0.0,0.0,4580,v3,B3,sac_her_pickandplace_clean_2M
sac_her_recovery_v3,goal_spoof_immediate,4,0.1,-150.0,0.0,0.1070318854913659,150,0.0601878575980663,1.0365701913833618,0.0,0.0,4581,v3,B3,sac_her_pickandplace_clean_2M
sac_her_recovery_v3,goal_spoof_immediate,4,0.1,-64.0,1.0,0.0491472060253073,150,0.0549459718167781,1.0286459922790527,0.0,0.0,4582,v3,B3,sac_her_pickandplace_clean_2M
sac_her_recovery_v3,goal_spoof_immediate,4,0.1,-149.0,0.0,0.0681696435995238,150,0.1040840372443199,1.047654151916504,0.0,1.0,4583,v3,B3,sac_her_pickandplace_clean_2M
sac_her_recovery_v3,goal_spoof_immediate,4,0.1,-148.0,0.0,0.0961793006620424,150,0.1063077300786972,1.0594022274017334,0.0,0.0,4584,v3,B3,sac_her_pickandplace_clean_2M
sac_her_recovery_v3,goal_spoof_immediate,4,0.1,-150.0,0.0,0.313595116286743,150,0.5257827639579773,1.23510479927063,0.0,1.0,4585,v3,B3,sac_her_pickandplace_clean_2M
sac_her_recovery_v3,goal_spoof_immediate,4,0.1,-150.0,0.0,0.0600026249059051,150,0.0566083677113056,1.0288047790527344,0.0,0.0,4586,v3,B3,sac_her_pickandplace_clean_2M
sac_her_recovery_v3,goal_spoof_immediate,4,0.1,-150.0,0.0,0.1040659579644422,150,0.059646051377058,1.0430779457092283,0.0,0.0,4587,v3,B3,sac_her_pickandplace_clean_2M
sac_her_recovery_v3,goal_spoof_immediate,4,0.1,-150.0,0.0,0.1395581069811354,150,0.0454499498009681,1.0520501136779783,0.0,0.0,4588,v3,B3,sac_her_pickandplace_clean_2M
sac_her_recovery_v3,goal_spoof_immediate,4,0.1,-150.0,0.0,0.1224526166268094,150,0.056980550289154,1.0365740060806274,0.0,0.0,4589,v3,B3,sac_her_pickandplace_clean_2M
sac_her,goal_spoof_midep,4,0.1,-104.0,0.0,0.1119581081072633,150,0.0823259577155113,1.040960431098938,0.0,0.0,4590,none,B1,sac_her_pickandplace_clean_2M
sac_her,goal_spoof_midep,4,0.1,-104.0,0.0,0.0742951072008528,150,0.0770290791988372,1.0372155904769895,0.0,0.0,4591,none,B1,sac_her_pickandplace_clean_2M
sac_her,goal_spoof_midep,4,0.1,-105.0,0.0,0.1193927351076556,150,0.0772888213396072,1.0354567766189575,0.0,0.0,4592,none,B1,sac_her_pickandplace_clean_2M
sac_her,goal_spoof_midep,4,0.1,-104.0,0.0,0.1090610371008482,150,0.0829938575625419,1.0445208549499512,0.0,0.0,4593,none,B1,sac_her_pickandplace_clean_2M
sac_her,goal_spoof_midep,4,0.1,-104.0,0.0,0.1073781383690464,150,0.0779707208275795,1.0467920303344729,0.0,0.0,4594,none,B1,sac_her_pickandplace_clean_2M
sac_her,goal_spoof_midep,4,0.1,-105.0,0.0,0.1504092458293107,150,0.0800834149122238,1.03938090801239,0.0,0.0,4595,none,B1,sac_her_pickandplace_clean_2M
sac_her,goal_spoof_midep,4,0.1,-105.0,0.0,0.1394119538146341,150,0.0788234770298004,1.0368702411651611,0.0,0.0,4596,none,B1,sac_her_pickandplace_clean_2M
sac_her,goal_spoof_midep,4,0.1,-104.0,0.0,0.1134174557579637,150,0.096705324947834,1.0724453926086426,0.0,0.0,4597,none,B1,sac_her_pickandplace_clean_2M
sac_her,goal_spoof_midep,4,0.1,-103.0,0.0,0.0948925213222889,150,0.0817445293068885,1.046635389328003,0.0,0.0,4598,none,B1,sac_her_pickandplace_clean_2M
sac_her,goal_spoof_midep,4,0.1,-104.0,0.0,0.1071825260959724,150,0.0838203281164169,1.0414903163909912,0.0,0.0,4599,none,B1,sac_her_pickandplace_clean_2M
sac_her,goal_spoof_midep,4,0.1,-105.0,0.0,0.1363074773460271,150,0.0785936489701271,1.0379855632781982,0.0,0.0,4600,none,B1,sac_her_pickandplace_clean_2M
sac_her,goal_spoof_midep,4,0.1,-105.0,0.0,0.0971511817995691,150,0.0759644135832786,1.0360913276672363,0.0,0.0,4601,none,B1,sac_her_pickandplace_clean_2M
sac_her,goal_spoof_midep,4,0.1,-105.0,0.0,0.0988041676257976,150,0.0732566192746162,1.0344963073730469,0.0,0.0,4602,none,B1,sac_her_pickandplace_clean_2M
sac_her,goal_spoof_midep,4,0.1,-104.0,0.0,0.08476440104595,150,0.0723934844136238,1.034898042678833,0.0,0.0,4603,none,B1,sac_her_pickandplace_clean_2M
sac_her,goal_spoof_midep,4,0.1,-105.0,0.0,0.1203145565851825,150,0.0767703428864479,1.0390933752059937,0.0,0.0,4604,none,B1,sac_her_pickandplace_clean_2M
sac_her,goal_spoof_midep,4,0.1,-102.0,0.0,0.0686348541411862,150,0.076124869287014,1.0371359586715698,0.0,0.0,4605,none,B1,sac_her_pickandplace_clean_2M
sac_her,goal_spoof_midep,4,0.1,-103.0,0.0,0.0893998571119523,150,0.0746176689863205,1.038407802581787,0.0,0.0,4606,none,B1,sac_her_pickandplace_clean_2M
sac_her,goal_spoof_midep,4,0.1,-103.0,0.0,0.0550078282465438,150,0.0754665583372116,1.0399750471115112,0.0,0.0,4607,none,B1,sac_her_pickandplace_clean_2M
sac_her,goal_spoof_midep,4,0.1,-104.0,0.0,0.1272370761563792,150,0.0843729600310325,1.045074224472046,0.0,0.0,4608,none,B1,sac_her_pickandplace_clean_2M
sac_her,goal_spoof_midep,4,0.1,-104.0,0.0,0.0826315907530903,150,0.0782545879483223,1.052920699119568,0.0,0.0,4609,none,B1,sac_her_pickandplace_clean_2M
sac_her,goal_spoof_midep,4,0.1,-105.0,0.0,0.112765977890062,150,0.0752528384327888,1.0362719297409058,0.0,0.0,4610,none,B1,sac_her_pickandplace_clean_2M
sac_her,goal_spoof_midep,4,0.1,-15.0,1.0,0.0330737893822991,150,0.075967825949192,1.041144609451294,0.0,0.0,4611,none,B1,sac_her_pickandplace_clean_2M
sac_her,goal_spoof_midep,4,0.1,-103.0,0.0,0.0755950279219833,150,0.0807140246033668,1.0392937660217283,0.0,0.0,4612,none,B1,sac_her_pickandplace_clean_2M
sac_her,goal_spoof_midep,4,0.1,-102.0,0.0,0.0578260721011777,150,0.0758112445473671,1.0384286642074585,0.0,0.0,4613,none,B1,sac_her_pickandplace_clean_2M
sac_her,goal_spoof_midep,4,0.1,-103.0,0.0,0.0619793076337688,150,0.0760316178202629,1.0423190593719482,0.0,0.0,4614,none,B1,sac_her_pickandplace_clean_2M
sac_her,goal_spoof_midep,4,0.1,-15.0,1.0,0.0304988239830945,150,0.0759646296501159,1.041710376739502,0.0,0.0,4615,none,B1,sac_her_pickandplace_clean_2M
sac_her,goal_spoof_midep,4,0.1,-104.0,0.0,0.1168166390148254,150,0.0821917131543159,1.042440414428711,0.0,0.0,4616,none,B1,sac_her_pickandplace_clean_2M
sac_her,goal_spoof_midep,4,0.1,-105.0,0.0,0.1180320855818973,150,0.0768250674009323,1.034931182861328,0.0,0.0,4617,none,B1,sac_her_pickandplace_clean_2M
sac_her,goal_spoof_midep,4,0.1,-103.0,0.0,0.0824246038733015,150,0.0899708643555641,1.0510869026184082,0.0,0.0,4618,none,B1,sac_her_pickandplace_clean_2M
sac_her,goal_spoof_midep,4,0.1,-104.0,0.0,0.1043310820759936,150,0.0814331769943237,1.055934190750122,0.0,0.0,4619,none,B1,sac_her_pickandplace_clean_2M
sac_her_recovery_v2,goal_spoof_midep,4,0.1,-105.0,0.0,0.1381967454547165,150,0.0791223272681236,1.0375850200653076,0.0,0.0,4620,v2,B2,sac_her_pickandplace_clean_2M
sac_her_recovery_v2,goal_spoof_midep,4,0.1,-104.0,0.0,0.0765094043444211,150,0.0734665840864181,1.0348312854766846,0.0,0.0,4621,v2,B2,sac_her_pickandplace_clean_2M
sac_her_recovery_v2,goal_spoof_midep,4,0.1,-102.0,0.0,0.0592475221870382,150,0.0766843780875206,1.0475530624389648,0.0,0.0,4622,v2,B2,sac_her_pickandplace_clean_2M
sac_her_recovery_v2,goal_spoof_midep,4,0.1,-105.0,0.0,0.1354482176671638,150,0.0779855921864509,1.039045810699463,0.0,0.0,4623,v2,B2,sac_her_pickandplace_clean_2M
sac_her_recovery_v2,goal_spoof_midep,4,0.1,-104.0,0.0,0.0969696798119511,150,0.0799624770879745,1.048123836517334,0.0,0.0,4624,v2,B2,sac_her_pickandplace_clean_2M
sac_her_recovery_v2,goal_spoof_midep,4,0.1,-104.0,0.0,0.1069286546452063,150,0.0905367136001586,1.0696169137954712,0.0,0.0,4625,v2,B2,sac_her_pickandplace_clean_2M
sac_her_recovery_v2,goal_spoof_midep,4,0.1,-104.0,0.0,0.1112868793767146,150,0.0811200886964798,1.0475411415100098,0.0,0.0,4626,v2,B2,sac_her_pickandplace_clean_2M
sac_her_recovery_v2,goal_spoof_midep,4,0.1,-48.0,1.0,0.0497349898916593,150,0.0781861692667007,1.0433824062347412,0.0,0.0,4627,v2,B2,sac_her_pickandplace_clean_2M
sac_her_recovery_v2,goal_spoof_midep,4,0.1,-15.0,1.0,0.0399306188976549,150,0.0709962099790573,1.034229755401611,0.0,0.0,4628,v2,B2,sac_her_pickandplace_clean_2M
sac_her_recovery_v2,goal_spoof_midep,4,0.1,-103.0,0.0,0.0839341575199017,150,0.0899311825633049,1.0497384071350098,0.0,0.0,4629,v2,B2,sac_her_pickandplace_clean_2M
sac_her_recovery_v2,goal_spoof_midep,4,0.1,-104.0,0.0,0.0765512557159199,150,0.0801716968417167,1.038860321044922,0.0,0.0,4630,v2,B2,sac_her_pickandplace_clean_2M
sac_her_recovery_v2,goal_spoof_midep,4,0.1,-104.0,0.0,0.0936761647148304,150,0.0900230780243873,1.0508931875228882,0.0,0.0,4631,v2,B2,sac_her_pickandplace_clean_2M
sac_her_recovery_v2,goal_spoof_midep,4,0.1,-102.0,0.0,0.0702068171637355,150,0.0773648098111152,1.0380675792694092,0.0,0.0,4632,v2,B2,sac_her_pickandplace_clean_2M
sac_her_recovery_v2,goal_spoof_midep,4,0.1,-103.0,0.0,0.0715916020707953,150,0.0734567195177078,1.035612940788269,0.0,0.0,4633,v2,B2,sac_her_pickandplace_clean_2M
sac_her_recovery_v2,goal_spoof_midep,4,0.1,-104.0,0.0,0.0982528263127728,150,0.0911566987633705,1.0623701810836792,0.0,0.0,4634,v2,B2,sac_her_pickandplace_clean_2M
sac_her_recovery_v2,goal_spoof_midep,4,0.1,-105.0,0.0,0.1196356894228229,150,0.0767001882195472,1.0459545850753784,0.0,0.0,4635,v2,B2,sac_her_pickandplace_clean_2M
sac_her_recovery_v2,goal_spoof_midep,4,0.1,-105.0,0.0,0.1284865707180095,150,0.0814260318875312,1.043690204620361,0.0,0.0,4636,v2,B2,sac_her_pickandplace_clean_2M
sac_her_recovery_v2,goal_spoof_midep,4,0.1,-104.0,0.0,0.0868304957411076,150,0.0785548761487007,1.041256308555603,0.0,0.0,4637,v2,B2,sac_her_pickandplace_clean_2M
sac_her_recovery_v2,goal_spoof_midep,4,0.1,-104.0,0.0,0.1010783189816622,150,0.0796022191643714,1.0406941175460815,0.0,0.0,4638,v2,B2,sac_her_pickandplace_clean_2M
sac_her_recovery_v2,goal_spoof_midep,4,0.1,-105.0,0.0,0.1077408616726237,150,0.0937300771474838,1.0546157360076904,0.0,0.0,4639,v2,B2,sac_her_pickandplace_clean_2M
sac_her_recovery_v2,goal_spoof_midep,4,0.1,-103.0,0.0,0.0734420686402321,150,0.0754870474338531,1.0369133949279783,0.0,0.0,4640,v2,B2,sac_her_pickandplace_clean_2M
sac_her_recovery_v2,goal_spoof_midep,4,0.1,-104.0,0.0,0.0662849236014996,150,0.0765438377857208,1.0427000522613523,0.0,0.0,4641,v2,B2,sac_her_pickandplace_clean_2M
sac_her_recovery_v2,goal_spoof_midep,4,0.1,-104.0,0.0,0.0964502390034485,150,0.0745454877614975,1.0372761487960815,0.0,0.0,4642,v2,B2,sac_her_pickandplace_clean_2M
sac_her_recovery_v2,goal_spoof_midep,4,0.1,-102.0,0.0,0.0788839796233785,150,0.0827367305755615,1.0479005575180054,0.0,0.0,4643,v2,B2,sac_her_pickandplace_clean_2M
sac_her_recovery_v2,goal_spoof_midep,4,0.1,-104.0,0.0,0.0773734240118367,150,0.0821478217840194,1.0453767776489258,0.0,0.0,4644,v2,B2,sac_her_pickandplace_clean_2M
sac_her_recovery_v2,goal_spoof_midep,4,0.1,-105.0,0.0,0.1089509766593583,150,0.0756229534745216,1.0361844301223757,0.0,0.0,4645,v2,B2,sac_her_pickandplace_clean_2M
sac_her_recovery_v2,goal_spoof_midep,4,0.1,-105.0,0.0,0.1342268233192218,150,0.0775811299681663,1.0361872911453247,0.0,0.0,4646,v2,B2,sac_her_pickandplace_clean_2M
sac_her_recovery_v2,goal_spoof_midep,4,0.1,-104.0,0.0,0.0994739069131275,150,0.0818251296877861,1.0580826997756958,0.0,0.0,4647,v2,B2,sac_her_pickandplace_clean_2M
sac_her_recovery_v2,goal_spoof_midep,4,0.1,-105.0,0.0,0.0973264403097736,150,0.0774994194507598,1.0379561185836792,0.0,0.0,4648,v2,B2,sac_her_pickandplace_clean_2M
sac_her_recovery_v2,goal_spoof_midep,4,0.1,-103.0,0.0,0.0797245103419264,150,0.0731823071837425,1.0363179445266724,0.0,0.0,4649,v2,B2,sac_her_pickandplace_clean_2M
sac_her_recovery_v3,goal_spoof_midep,4,0.1,-104.0,0.0,0.1101089046267555,150,0.0932269543409347,1.0582900047302246,0.0,0.0,4650,v3,B3,sac_her_pickandplace_clean_2M
sac_her_recovery_v3,goal_spoof_midep,4,0.1,-104.0,0.0,0.105066756607434,150,0.0762207806110382,1.0378910303115845,0.0,0.0,4651,v3,B3,sac_her_pickandplace_clean_2M
sac_her_recovery_v3,goal_spoof_midep,4,0.1,-104.0,0.0,0.0591080571561601,150,0.0805859342217445,1.0506398677825928,0.0,0.0,4652,v3,B3,sac_her_pickandplace_clean_2M
sac_her_recovery_v3,goal_spoof_midep,4,0.1,-104.0,0.0,0.0971559338651544,150,0.0814649984240531,1.0414851903915403,0.0,0.0,4653,v3,B3,sac_her_pickandplace_clean_2M
sac_her_recovery_v3,goal_spoof_midep,4,0.1,-105.0,0.0,0.0936285057068452,150,0.0748667940497398,1.0346134901046753,0.0,0.0,4654,v3,B3,sac_her_pickandplace_clean_2M
sac_her_recovery_v3,goal_spoof_midep,4,0.1,-104.0,0.0,0.0880812693314063,150,0.0724849700927734,1.0340673923492432,0.0,0.0,4655,v3,B3,sac_her_pickandplace_clean_2M
sac_her_recovery_v3,goal_spoof_midep,4,0.1,-104.0,0.0,0.1093385879343299,150,0.0914923921227455,1.070257306098938,0.0,0.0,4656,v3,B3,sac_her_pickandplace_clean_2M
sac_her_recovery_v3,goal_spoof_midep,4,0.1,-104.0,0.0,0.0932176326925856,150,0.0877620354294776,1.063949704170227,0.0,0.0,4657,v3,B3,sac_her_pickandplace_clean_2M
sac_her_recovery_v3,goal_spoof_midep,4,0.1,-103.0,0.0,0.0901876840055185,150,0.0899123921990394,1.0516268014907837,0.0,0.0,4658,v3,B3,sac_her_pickandplace_clean_2M
sac_her_recovery_v3,goal_spoof_midep,4,0.1,-104.0,0.0,0.0886400809431243,150,0.0763326287269592,1.038140892982483,0.0,0.0,4659,v3,B3,sac_her_pickandplace_clean_2M
sac_her_recovery_v3,goal_spoof_midep,4,0.1,-104.0,0.0,0.1224693436898891,150,0.0839243903756141,1.043853521347046,0.0,0.0,4660,v3,B3,sac_her_pickandplace_clean_2M
sac_her_recovery_v3,goal_spoof_midep,4,0.1,-105.0,0.0,0.1407880186049613,150,0.1510941982269287,1.0652947425842283,0.0,0.0,4661,v3,B3,sac_her_pickandplace_clean_2M
sac_her_recovery_v3,goal_spoof_midep,4,0.1,-104.0,0.0,0.0840400735911948,150,0.0727760419249534,1.0340746641159058,0.0,0.0,4662,v3,B3,sac_her_pickandplace_clean_2M
sac_her_recovery_v3,goal_spoof_midep,4,0.1,-105.0,0.0,0.3628502458756376,150,0.3870179355144501,1.138560175895691,0.0,1.0,4663,v3,B3,sac_her_pickandplace_clean_2M
sac_her_recovery_v3,goal_spoof_midep,4,0.1,-105.0,0.0,0.1109251988802946,150,0.075208656489849,1.0368574857711792,0.0,0.0,4664,v3,B3,sac_her_pickandplace_clean_2M
sac_her_recovery_v3,goal_spoof_midep,4,0.1,-105.0,0.0,0.1337950540996533,150,0.0801364555954933,1.0470956563949585,0.0,0.0,4665,v3,B3,sac_her_pickandplace_clean_2M
sac_her_recovery_v3,goal_spoof_midep,4,0.1,-104.0,0.0,0.0984017790527506,150,0.0751991048455238,1.03893780708313,0.0,0.0,4666,v3,B3,sac_her_pickandplace_clean_2M
sac_her_recovery_v3,goal_spoof_midep,4,0.1,-102.0,0.0,0.0690281914812103,150,0.077932558953762,1.0378789901733398,0.0,0.0,4667,v3,B3,sac_her_pickandplace_clean_2M
sac_her_recovery_v3,goal_spoof_midep,4,0.1,-15.0,1.0,0.04613959976108,150,0.0731569081544876,1.03799569606781,0.0,0.0,4668,v3,B3,sac_her_pickandplace_clean_2M
sac_her_recovery_v3,goal_spoof_midep,4,0.1,-104.0,0.0,0.0752659447345545,150,0.0785256922245025,1.0426902770996094,0.0,0.0,4669,v3,B3,sac_her_pickandplace_clean_2M
sac_her_recovery_v3,goal_spoof_midep,4,0.1,-105.0,0.0,0.1310366268050675,150,0.0813543424010276,1.0420920848846436,0.0,0.0,4670,v3,B3,sac_her_pickandplace_clean_2M
sac_her_recovery_v3,goal_spoof_midep,4,0.1,-103.0,0.0,0.056647587683787,150,0.0723221525549888,1.0354392528533936,0.0,0.0,4671,v3,B3,sac_her_pickandplace_clean_2M
sac_her_recovery_v3,goal_spoof_midep,4,0.1,-103.0,0.0,0.059701536470183,150,0.0762606337666511,1.045836329460144,0.0,0.0,4672,v3,B3,sac_her_pickandplace_clean_2M
sac_her_recovery_v3,goal_spoof_midep,4,0.1,-103.0,0.0,0.0686176810062896,150,0.0778610706329345,1.0525529384613037,0.0,0.0,4673,v3,B3,sac_her_pickandplace_clean_2M
sac_her_recovery_v3,goal_spoof_midep,4,0.1,-15.0,1.0,0.04228250365535,150,0.0753543972969055,1.0391932725906372,0.0,0.0,4674,v3,B3,sac_her_pickandplace_clean_2M
sac_her_recovery_v3,goal_spoof_midep,4,0.1,-103.0,0.0,0.068345873811679,150,0.0753382816910743,1.037733554840088,0.0,0.0,4675,v3,B3,sac_her_pickandplace_clean_2M
sac_her_recovery_v3,goal_spoof_midep,4,0.1,-105.0,0.0,0.1433324504892373,150,0.0804742202162742,1.0417336225509644,0.0,0.0,4676,v3,B3,sac_her_pickandplace_clean_2M
sac_her_recovery_v3,goal_spoof_midep,4,0.1,-104.0,0.0,0.0816502560173493,150,0.0740651860833168,1.0367552042007446,0.0,0.0,4677,v3,B3,sac_her_pickandplace_clean_2M
sac_her_recovery_v3,goal_spoof_midep,4,0.1,-104.0,0.0,0.0842531496819265,150,0.075440727174282,1.0397182703018188,0.0,0.0,4678,v3,B3,sac_her_pickandplace_clean_2M
sac_her_recovery_v3,goal_spoof_midep,4,0.1,-103.0,0.0,0.09579835650366,150,0.0957083031535148,1.0601818561553955,0.0,0.0,4679,v3,B3,sac_her_pickandplace_clean_2M
sac_her,object_pose_spoof,4,0.1,-150.0,0.0,0.0942818464449292,150,0.0650086849927902,1.1112785339355469,0.0,0.0,4680,none,B1,sac_her_pickandplace_clean_2M
sac_her,object_pose_spoof,4,0.1,-150.0,0.0,0.077671794696395,150,0.0538183450698852,1.0335286855697632,0.0,0.0,4681,none,B1,sac_her_pickandplace_clean_2M
sac_her,object_pose_spoof,4,0.1,-150.0,0.0,0.0753552712375668,150,0.0783735141158104,1.043453574180603,0.0,0.0,4682,none,B1,sac_her_pickandplace_clean_2M
sac_her,object_pose_spoof,4,0.1,-150.0,0.0,0.0753397951605481,150,0.2172788083553314,1.0630191564559937,0.0,0.0,4683,none,B1,sac_her_pickandplace_clean_2M
sac_her,object_pose_spoof,4,0.1,-150.0,0.0,0.0621398225919758,150,0.0817325487732887,1.0446040630340576,0.0,0.0,4684,none,B1,sac_her_pickandplace_clean_2M
sac_her,object_pose_spoof,4,0.1,-150.0,0.0,0.0985180226056717,150,0.526346743106842,1.082763910293579,0.0,0.0,4685,none,B1,sac_her_pickandplace_clean_2M
sac_her,object_pose_spoof,4,0.1,-150.0,0.0,0.0756660741392885,150,0.2751094698905945,1.087098240852356,0.0,0.0,4686,none,B1,sac_her_pickandplace_clean_2M
sac_her,object_pose_spoof,4,0.1,-15.0,1.0,0.0246402087209911,150,0.0699598416686058,1.03590190410614,0.0,0.0,4687,none,B1,sac_her_pickandplace_clean_2M
sac_her,object_pose_spoof,4,0.1,-150.0,0.0,0.058831713081334,150,0.0696635022759437,1.0377799272537231,0.0,0.0,4688,none,B1,sac_her_pickandplace_clean_2M
sac_her,object_pose_spoof,4,0.1,-150.0,0.0,0.0952126687193335,150,0.0725457519292831,1.0965625047683716,0.0,0.0,4689,none,B1,sac_her_pickandplace_clean_2M
sac_her,object_pose_spoof,4,0.1,-150.0,0.0,0.0698866340312068,150,0.0760527104139328,1.0435203313827517,0.0,0.0,4690,none,B1,sac_her_pickandplace_clean_2M
sac_her,object_pose_spoof,4,0.1,-150.0,0.0,0.1005396318185195,150,0.0496183224022388,1.036072850227356,0.0,0.0,4691,none,B1,sac_her_pickandplace_clean_2M
sac_her,object_pose_spoof,4,0.1,-150.0,0.0,0.0961849365044612,150,0.0649729445576667,1.0582633018493652,0.0,0.0,4692,none,B1,sac_her_pickandplace_clean_2M
sac_her,object_pose_spoof,4,0.1,-15.0,1.0,0.0387403517249214,150,0.0829331427812576,1.041042447090149,0.0,0.0,4693,none,B1,sac_her_pickandplace_clean_2M
sac_her,object_pose_spoof,4,0.1,-143.0,0.0,0.0508057441023034,150,0.0803238600492477,1.0611966848373413,0.0,0.0,4694,none,B1,sac_her_pickandplace_clean_2M
sac_her,object_pose_spoof,4,0.1,-150.0,0.0,0.0651606956448553,150,0.0719845816493034,1.0353549718856812,0.0,0.0,4695,none,B1,sac_her_pickandplace_clean_2M
sac_her,object_pose_spoof,4,0.1,-140.0,0.0,0.0500614533327279,150,0.053615778684616,1.0341860055923462,0.0,0.0,4696,none,B1,sac_her_pickandplace_clean_2M
sac_her,object_pose_spoof,4,0.1,-102.0,0.0,0.0512361374867892,150,0.0549647510051727,1.0340527296066284,0.0,0.0,4697,none,B1,sac_her_pickandplace_clean_2M
sac_her,object_pose_spoof,4,0.1,-150.0,0.0,0.0535135726178667,150,0.0560316033661365,1.0308917760849,0.0,0.0,4698,none,B1,sac_her_pickandplace_clean_2M
sac_her,object_pose_spoof,4,0.1,-150.0,0.0,0.0930368658592803,150,0.0646950080990791,1.110787868499756,0.0,0.0,4699,none,B1,sac_her_pickandplace_clean_2M
sac_her,object_pose_spoof,4,0.1,-71.0,0.0,0.0506924465812394,150,0.0567361414432525,1.0318516492843628,0.0,0.0,4700,none,B1,sac_her_pickandplace_clean_2M
sac_her,object_pose_spoof,4,0.1,-150.0,0.0,0.4004663464612801,150,0.1256174147129058,1.174328088760376,0.0,0.0,4701,none,B1,sac_her_pickandplace_clean_2M
sac_her,object_pose_spoof,4,0.1,-150.0,0.0,0.0981910249753258,150,0.0534755624830722,1.045749306678772,0.0,0.0,4702,none,B1,sac_her_pickandplace_clean_2M
sac_her,object_pose_spoof,4,0.1,-150.0,0.0,0.1169113673500239,150,0.0762307569384574,1.0883774757385254,0.0,0.0,4703,none,B1,sac_her_pickandplace_clean_2M
sac_her,object_pose_spoof,4,0.1,-150.0,0.0,0.0779206079361346,150,0.0769384503364563,1.052560567855835,0.0,0.0,4704,none,B1,sac_her_pickandplace_clean_2M
sac_her,object_pose_spoof,4,0.1,-15.0,1.0,0.0399704464859104,150,0.0536493398249149,1.0323823690414429,0.0,0.0,4705,none,B1,sac_her_pickandplace_clean_2M
sac_her,object_pose_spoof,4,0.1,-150.0,0.0,0.0993311888026558,150,0.0505617409944534,1.0429787635803225,0.0,0.0,4706,none,B1,sac_her_pickandplace_clean_2M
sac_her,object_pose_spoof,4,0.1,-150.0,0.0,0.078848702483911,150,0.0644728541374206,1.0447133779525757,0.0,0.0,4707,none,B1,sac_her_pickandplace_clean_2M
sac_her,object_pose_spoof,4,0.1,-150.0,0.0,0.0977133970594647,150,0.0639292448759079,1.0462846755981443,0.0,0.0,4708,none,B1,sac_her_pickandplace_clean_2M
sac_her,object_pose_spoof,4,0.1,-150.0,0.0,0.0969791763353886,150,0.290930837392807,1.091025948524475,0.0,0.0,4709,none,B1,sac_her_pickandplace_clean_2M
sac_her_recovery_v2,object_pose_spoof,4,0.1,-150.0,0.0,0.1196861178241565,150,0.0822766497731208,1.0571985244750977,0.0,1.0,4710,v2,B2,sac_her_pickandplace_clean_2M
sac_her_recovery_v2,object_pose_spoof,4,0.1,-150.0,0.0,0.1089358499937108,150,1.1332108974456787,1.2528204917907717,0.0,1.0,4711,v2,B2,sac_her_pickandplace_clean_2M
sac_her_recovery_v2,object_pose_spoof,4,0.1,-150.0,0.0,0.0786473661700171,150,0.0760629326105117,1.0496093034744265,0.0,1.0,4712,v2,B2,sac_her_pickandplace_clean_2M
sac_her_recovery_v2,object_pose_spoof,4,0.1,-150.0,0.0,0.0988587290209005,150,0.0644273981451988,1.040445327758789,0.0,0.0,4713,v2,B2,sac_her_pickandplace_clean_2M
sac_her_recovery_v2,object_pose_spoof,4,0.1,-150.0,0.0,0.0676616798159306,150,0.1612018793821334,1.063962459564209,0.0,1.0,4714,v2,B2,sac_her_pickandplace_clean_2M
sac_her_recovery_v2,object_pose_spoof,4,0.1,-150.0,0.0,0.0515023866236673,150,0.0737659707665443,1.049475073814392,0.0,0.0,4715,v2,B2,sac_her_pickandplace_clean_2M
sac_her_recovery_v2,object_pose_spoof,4,0.1,-150.0,0.0,0.1110005171472368,150,0.0719002038240432,1.0547646284103394,0.0,1.0,4716,v2,B2,sac_her_pickandplace_clean_2M
sac_her_recovery_v2,object_pose_spoof,4,0.1,-150.0,0.0,0.0783971800058067,150,0.0642848834395408,1.051585674285889,0.0,0.0,4717,v2,B2,sac_her_pickandplace_clean_2M
sac_her_recovery_v2,object_pose_spoof,4,0.1,-150.0,0.0,0.081697874370676,150,0.0492528229951858,1.0418237447738647,0.0,0.0,4718,v2,B2,sac_her_pickandplace_clean_2M
sac_her_recovery_v2,object_pose_spoof,4,0.1,-150.0,0.0,0.0946003035834899,150,0.5097095966339111,1.078752875328064,0.0,1.0,4719,v2,B2,sac_her_pickandplace_clean_2M
sac_her_recovery_v2,object_pose_spoof,4,0.1,-15.0,1.0,0.0225862946557405,150,0.0830598771572113,1.047279715538025,0.0,0.0,4720,v2,B2,sac_her_pickandplace_clean_2M
sac_her_recovery_v2,object_pose_spoof,4,0.1,-150.0,0.0,0.0885150624355701,150,0.1550579518079757,1.0490816831588743,0.0,1.0,4721,v2,B2,sac_her_pickandplace_clean_2M
sac_her_recovery_v2,object_pose_spoof,4,0.1,-150.0,0.0,0.076849125665828,150,0.0803950577974319,1.0394165515899658,0.0,0.0,4722,v2,B2,sac_her_pickandplace_clean_2M
sac_her_recovery_v2,object_pose_spoof,4,0.1,-150.0,0.0,0.0712721266612754,150,0.0688550844788551,1.0510807037353516,0.0,0.0,4723,v2,B2,sac_her_pickandplace_clean_2M
sac_her_recovery_v2,object_pose_spoof,4,0.1,-14.0,1.0,0.020056019805308,150,0.0556054338812828,1.031932353973389,0.0,0.0,4724,v2,B2,sac_her_pickandplace_clean_2M
sac_her_recovery_v2,object_pose_spoof,4,0.1,-150.0,0.0,0.0679395974073609,150,0.0538584552705287,1.0328383445739746,0.0,0.0,4725,v2,B2,sac_her_pickandplace_clean_2M
sac_her_recovery_v2,object_pose_spoof,4,0.1,-15.0,1.0,0.0455061383471455,150,0.0716542080044746,1.0368257761001587,0.0,0.0,4726,v2,B2,sac_her_pickandplace_clean_2M
sac_her_recovery_v2,object_pose_spoof,4,0.1,-150.0,0.0,0.0760729016209493,150,0.051599446684122,1.0387710332870483,0.0,0.0,4727,v2,B2,sac_her_pickandplace_clean_2M
sac_her_recovery_v2,object_pose_spoof,4,0.1,-150.0,0.0,0.0767891439445946,150,0.0762242451310157,1.0393192768096924,0.0,0.0,4728,v2,B2,sac_her_pickandplace_clean_2M
sac_her_recovery_v2,object_pose_spoof,4,0.1,-147.0,0.0,0.0662287840816103,150,0.0987331047654151,1.0734912157058716,0.0,1.0,4729,v2,B2,sac_her_pickandplace_clean_2M
sac_her_recovery_v2,object_pose_spoof,4,0.1,-150.0,0.0,0.0580624646235012,150,0.0584442280232906,1.035320281982422,0.0,0.0,4730,v2,B2,sac_her_pickandplace_clean_2M
sac_her_recovery_v2,object_pose_spoof,4,0.1,-150.0,0.0,0.0592159734034023,150,0.0760561898350715,1.0383965969085691,0.0,0.0,4731,v2,B2,sac_her_pickandplace_clean_2M
sac_her_recovery_v2,object_pose_spoof,4,0.1,-150.0,0.0,0.1102295414474054,150,0.1645761877298355,1.0520190000534058,0.0,1.0,4732,v2,B2,sac_her_pickandplace_clean_2M
sac_her_recovery_v2,object_pose_spoof,4,0.1,-150.0,0.0,0.1087577754761249,150,0.0648891106247901,1.0460213422775269,0.0,0.0,4733,v2,B2,sac_her_pickandplace_clean_2M
sac_her_recovery_v2,object_pose_spoof,4,0.1,-150.0,0.0,0.1085990662062173,150,0.1138151511549949,1.039046049118042,0.0,1.0,4734,v2,B2,sac_her_pickandplace_clean_2M
sac_her_recovery_v2,object_pose_spoof,4,0.1,-150.0,0.0,0.0720087226013317,150,0.2896336913108825,1.0843627452850342,0.0,1.0,4735,v2,B2,sac_her_pickandplace_clean_2M
sac_her_recovery_v2,object_pose_spoof,4,0.1,-150.0,0.0,0.0714923010327236,150,0.0877006873488426,1.051281452178955,0.0,1.0,4736,v2,B2,sac_her_pickandplace_clean_2M
sac_her_recovery_v2,object_pose_spoof,4,0.1,-150.0,0.0,0.0679851607347621,150,0.0556047037243843,1.042282223701477,0.0,0.0,4737,v2,B2,sac_her_pickandplace_clean_2M
sac_her_recovery_v2,object_pose_spoof,4,0.1,-150.0,0.0,0.0634388799453777,150,0.184063509106636,1.072927474975586,0.0,1.0,4738,v2,B2,sac_her_pickandplace_clean_2M
sac_her_recovery_v2,object_pose_spoof,4,0.1,-150.0,0.0,0.1014548695949328,150,0.053614892065525,1.053252100944519,0.0,0.0,4739,v2,B2,sac_her_pickandplace_clean_2M
sac_her_recovery_v3,object_pose_spoof,4,0.1,-150.0,0.0,0.0549762050532945,150,0.0688067451119422,1.056491136550903,0.0,0.0,4740,v3,B3,sac_her_pickandplace_clean_2M
sac_her_recovery_v3,object_pose_spoof,4,0.1,-150.0,0.0,0.0932052520594109,150,0.0504775010049343,1.044090986251831,0.0,0.0,4741,v3,B3,sac_her_pickandplace_clean_2M
sac_her_recovery_v3,object_pose_spoof,4,0.1,-150.0,0.0,0.0775925671956366,150,0.1025966703891754,1.0595059394836426,0.0,1.0,4742,v3,B3,sac_her_pickandplace_clean_2M
sac_her_recovery_v3,object_pose_spoof,4,0.1,-150.0,0.0,0.0974227887363662,150,0.5545932650566101,1.1723761558532717,0.0,1.0,4743,v3,B3,sac_her_pickandplace_clean_2M
sac_her_recovery_v3,object_pose_spoof,4,0.1,-150.0,0.0,0.1010901666342171,150,0.0709822252392768,1.042115569114685,0.0,0.0,4744,v3,B3,sac_her_pickandplace_clean_2M
sac_her_recovery_v3,object_pose_spoof,4,0.1,-150.0,0.0,0.0822218893662343,150,0.130581185221672,1.085820555686951,0.0,1.0,4745,v3,B3,sac_her_pickandplace_clean_2M
sac_her_recovery_v3,object_pose_spoof,4,0.1,-150.0,0.0,0.0998478983456837,150,0.1232052370905876,1.085869312286377,0.0,1.0,4746,v3,B3,sac_her_pickandplace_clean_2M
sac_her_recovery_v3,object_pose_spoof,4,0.1,-150.0,0.0,0.0955477854022834,150,0.2314228862524032,1.102783203125,0.0,1.0,4747,v3,B3,sac_her_pickandplace_clean_2M
sac_her_recovery_v3,object_pose_spoof,4,0.1,-150.0,0.0,0.0804915543775726,150,0.0725376531481742,1.0439338684082031,0.0,0.0,4748,v3,B3,sac_her_pickandplace_clean_2M
sac_her_recovery_v3,object_pose_spoof,4,0.1,-150.0,0.0,0.1307455747429992,150,0.0541905276477336,1.038495659828186,0.0,0.0,4749,v3,B3,sac_her_pickandplace_clean_2M
sac_her_recovery_v3,object_pose_spoof,4,0.1,-14.0,1.0,0.0177007151560468,150,0.0618303604423999,1.0339115858078003,0.0,0.0,4750,v3,B3,sac_her_pickandplace_clean_2M
sac_her_recovery_v3,object_pose_spoof,4,0.1,-15.0,1.0,0.0394346694836546,150,0.0965239107608795,1.049453616142273,0.0,0.0,4751,v3,B3,sac_her_pickandplace_clean_2M
sac_her_recovery_v3,object_pose_spoof,4,0.1,-150.0,0.0,0.1203356896345303,150,0.0539274476468563,1.043042778968811,0.0,0.0,4752,v3,B3,sac_her_pickandplace_clean_2M
sac_her_recovery_v3,object_pose_spoof,4,0.1,-150.0,0.0,0.0915154415686059,150,0.0691359341144561,1.0438419580459597,0.0,0.0,4753,v3,B3,sac_her_pickandplace_clean_2M
sac_her_recovery_v3,object_pose_spoof,4,0.1,-150.0,0.0,0.1046096985301939,150,0.1818017959594726,1.068504810333252,0.0,1.0,4754,v3,B3,sac_her_pickandplace_clean_2M
sac_her_recovery_v3,object_pose_spoof,4,0.1,-15.0,1.0,0.0141472071264923,150,0.0591942779719829,1.0324426889419556,0.0,0.0,4755,v3,B3,sac_her_pickandplace_clean_2M
sac_her_recovery_v3,object_pose_spoof,4,0.1,-150.0,0.0,0.1191234269447693,150,0.0786136239767074,1.0538591146469116,0.0,1.0,4756,v3,B3,sac_her_pickandplace_clean_2M
sac_her_recovery_v3,object_pose_spoof,4,0.1,-150.0,0.0,0.0620604025143374,150,0.05777333304286,1.034023404121399,0.0,0.0,4757,v3,B3,sac_her_pickandplace_clean_2M
sac_her_recovery_v3,object_pose_spoof,4,0.1,-150.0,0.0,0.0596122760587751,150,0.0749692544341087,1.0465394258499146,0.0,0.0,4758,v3,B3,sac_her_pickandplace_clean_2M
sac_her_recovery_v3,object_pose_spoof,4,0.1,-150.0,0.0,0.0823413658895506,150,0.2389399111270904,1.0781687498092651,0.0,1.0,4759,v3,B3,sac_her_pickandplace_clean_2M
sac_her_recovery_v3,object_pose_spoof,4,0.1,-18.0,1.0,0.0485988267805764,150,0.0537603348493576,1.0407752990722656,0.0,0.0,4760,v3,B3,sac_her_pickandplace_clean_2M
sac_her_recovery_v3,object_pose_spoof,4,0.1,-150.0,0.0,0.1106199753906293,150,0.2212166488170623,1.0728005170822144,0.0,1.0,4761,v3,B3,sac_her_pickandplace_clean_2M
sac_her_recovery_v3,object_pose_spoof,4,0.1,-15.0,1.0,0.0424208519906903,150,0.0715841129422187,1.03686785697937,0.0,0.0,4762,v3,B3,sac_her_pickandplace_clean_2M
sac_her_recovery_v3,object_pose_spoof,4,0.1,-150.0,0.0,0.0547514544723015,150,0.0536886043846607,1.0407921075820925,0.0,0.0,4763,v3,B3,sac_her_pickandplace_clean_2M
sac_her_recovery_v3,object_pose_spoof,4,0.1,-19.0,1.0,0.047168244499357,150,0.0954064279794693,1.0620300769805908,0.0,1.0,4764,v3,B3,sac_her_pickandplace_clean_2M
sac_her_recovery_v3,object_pose_spoof,4,0.1,-150.0,0.0,0.1192970822254112,150,0.2839598059654236,1.0941059589385986,0.0,1.0,4765,v3,B3,sac_her_pickandplace_clean_2M
sac_her_recovery_v3,object_pose_spoof,4,0.1,-145.0,0.0,0.0527678499936135,150,0.1029969304800033,1.061808466911316,0.0,1.0,4766,v3,B3,sac_her_pickandplace_clean_2M
sac_her_recovery_v3,object_pose_spoof,4,0.1,-150.0,0.0,0.0990690631780839,150,0.0670637488365173,1.0437391996383667,0.0,0.0,4767,v3,B3,sac_her_pickandplace_clean_2M
sac_her_recovery_v3,object_pose_spoof,4,0.1,-14.0,1.0,0.0161333209055239,150,0.0597984082996845,1.0337003469467163,0.0,0.0,4768,v3,B3,sac_her_pickandplace_clean_2M
sac_her_recovery_v3,object_pose_spoof,4,0.1,-150.0,0.0,0.1133075704241088,150,0.0619741342961788,1.046180248260498,0.0,0.0,4769,v3,B3,sac_her_pickandplace_clean_2M
sac_her,grip_state_falsification,4,0.0,-150.0,0.0,0.3833991408667048,150,1.9758093357086184,1.4145135879516602,0.0,0.0,4770,none,B1,sac_her_pickandplace_clean_2M
sac_her,grip_state_falsification,4,0.0,-150.0,0.0,0.3833991408667048,150,1.9758093357086184,1.4145135879516602,0.0,0.0,4771,none,B1,sac_her_pickandplace_clean_2M
sac_her,grip_state_falsification,4,0.0,-150.0,0.0,0.3833991408667048,150,1.9758093357086184,1.4145135879516602,0.0,0.0,4772,none,B1,sac_her_pickandplace_clean_2M
sac_her,grip_state_falsification,4,0.0,-150.0,0.0,0.3833991408667048,150,1.9758093357086184,1.4145135879516602,0.0,0.0,4773,none,B1,sac_her_pickandplace_clean_2M
sac_her,grip_state_falsification,4,0.0,-150.0,0.0,0.3833991408667048,150,1.9758093357086184,1.4145135879516602,0.0,0.0,4774,none,B1,sac_her_pickandplace_clean_2M
sac_her,grip_state_falsification,4,0.0,-150.0,0.0,0.3833991408667048,150,1.9758093357086184,1.4145135879516602,0.0,0.0,4775,none,B1,sac_her_pickandplace_clean_2M
sac_her,grip_state_falsification,4,0.0,-150.0,0.0,0.3833991408667048,150,1.9758093357086184,1.4145135879516602,0.0,0.0,4776,none,B1,sac_her_pickandplace_clean_2M
sac_her,grip_state_falsification,4,0.0,-150.0,0.0,0.3833991408667048,150,1.9758093357086184,1.4145135879516602,0.0,0.0,4777,none,B1,sac_her_pickandplace_clean_2M
sac_her,grip_state_falsification,4,0.0,-150.0,0.0,0.3833991408667048,150,1.9758093357086184,1.4145135879516602,0.0,0.0,4778,none,B1,sac_her_pickandplace_clean_2M
sac_her,grip_state_falsification,4,0.0,-150.0,0.0,0.3833991408667048,150,1.9758093357086184,1.4145135879516602,0.0,0.0,4779,none,B1,sac_her_pickandplace_clean_2M
sac_her,grip_state_falsification,4,0.0,-150.0,0.0,0.3833991408667048,150,1.9758093357086184,1.4145135879516602,0.0,0.0,4780,none,B1,sac_her_pickandplace_clean_2M
sac_her,grip_state_falsification,4,0.0,-150.0,0.0,0.3833991408667048,150,1.9758093357086184,1.4145135879516602,0.0,0.0,4781,none,B1,sac_her_pickandplace_clean_2M
sac_her,grip_state_falsification,4,0.0,-150.0,0.0,0.3833991408667048,150,1.9758093357086184,1.4145135879516602,0.0,0.0,4782,none,B1,sac_her_pickandplace_clean_2M
sac_her,grip_state_falsification,4,0.0,-150.0,0.0,0.3833991408667048,150,1.9758093357086184,1.4145135879516602,0.0,0.0,4783,none,B1,sac_her_pickandplace_clean_2M
sac_her,grip_state_falsification,4,0.0,-150.0,0.0,0.3833991408667048,150,1.9758093357086184,1.4145135879516602,0.0,0.0,4784,none,B1,sac_her_pickandplace_clean_2M
sac_her,grip_state_falsification,4,0.0,-150.0,0.0,0.3833991408667048,150,1.9758093357086184,1.4145135879516602,0.0,0.0,4785,none,B1,sac_her_pickandplace_clean_2M
sac_her,grip_state_falsification,4,0.0,-150.0,0.0,0.3833991408667048,150,1.9758093357086184,1.4145135879516602,0.0,0.0,4786,none,B1,sac_her_pickandplace_clean_2M
sac_her,grip_state_falsification,4,0.0,-150.0,0.0,0.3833991408667048,150,1.9758093357086184,1.4145135879516602,0.0,0.0,4787,none,B1,sac_her_pickandplace_clean_2M
sac_her,grip_state_falsification,4,0.0,-150.0,0.0,0.3833991408667048,150,1.9758093357086184,1.4145135879516602,0.0,0.0,4788,none,B1,sac_her_pickandplace_clean_2M
sac_her,grip_state_falsification,4,0.0,-150.0,0.0,0.3833991408667048,150,1.9758093357086184,1.4145135879516602,0.0,0.0,4789,none,B1,sac_her_pickandplace_clean_2M
sac_her,grip_state_falsification,4,0.0,-150.0,0.0,0.3833991408667048,150,1.9758093357086184,1.4145135879516602,0.0,0.0,4790,none,B1,sac_her_pickandplace_clean_2M
sac_her,grip_state_falsification,4,0.0,-150.0,0.0,0.3833991408667048,150,1.9758093357086184,1.4145135879516602,0.0,0.0,4791,none,B1,sac_her_pickandplace_clean_2M
sac_her,grip_state_falsification,4,0.0,-150.0,0.0,0.3833991408667048,150,1.9758093357086184,1.4145135879516602,0.0,0.0,4792,none,B1,sac_her_pickandplace_clean_2M
sac_her,grip_state_falsification,4,0.0,-150.0,0.0,0.3833991408667048,150,1.9758093357086184,1.4145135879516602,0.0,0.0,4793,none,B1,sac_her_pickandplace_clean_2M
sac_her,grip_state_falsification,4,0.0,-150.0,0.0,0.3833991408667048,150,1.9758093357086184,1.4145135879516602,0.0,0.0,4794,none,B1,sac_her_pickandplace_clean_2M
sac_her,grip_state_falsification,4,0.0,-150.0,0.0,0.3833991408667048,150,1.9758093357086184,1.4145135879516602,0.0,0.0,4795,none,B1,sac_her_pickandplace_clean_2M
sac_her,grip_state_falsification,4,0.0,-150.0,0.0,0.3833991408667048,150,1.9758093357086184,1.4145135879516602,0.0,0.0,4796,none,B1,sac_her_pickandplace_clean_2M
sac_her,grip_state_falsification,4,0.0,-150.0,0.0,0.3833991408667048,150,1.9758093357086184,1.4145135879516602,0.0,0.0,4797,none,B1,sac_her_pickandplace_clean_2M
sac_her,grip_state_falsification,4,0.0,-150.0,0.0,0.3833991408667048,150,1.9758093357086184,1.4145135879516602,0.0,0.0,4798,none,B1,sac_her_pickandplace_clean_2M
sac_her,grip_state_falsification,4,0.0,-150.0,0.0,0.3833991408667048,150,1.9758093357086184,1.4145135879516602,0.0,0.0,4799,none,B1,sac_her_pickandplace_clean_2M
sac_her_recovery_v2,grip_state_falsification,4,0.0,-150.0,0.0,0.3833991408667048,150,1.9262081384658811,1.4028948545455933,0.0,1.0,4800,v2,B2,sac_her_pickandplace_clean_2M
sac_her_recovery_v2,grip_state_falsification,4,0.0,-150.0,0.0,0.3833991408667048,150,1.9262081384658811,1.4028948545455933,0.0,1.0,4801,v2,B2,sac_her_pickandplace_clean_2M
sac_her_recovery_v2,grip_state_falsification,4,0.0,-150.0,0.0,0.3833991408667048,150,1.9262081384658811,1.4028948545455933,0.0,1.0,4802,v2,B2,sac_her_pickandplace_clean_2M
sac_her_recovery_v2,grip_state_falsification,4,0.0,-150.0,0.0,0.3833991408667048,150,1.9262081384658811,1.4028948545455933,0.0,1.0,4803,v2,B2,sac_her_pickandplace_clean_2M
sac_her_recovery_v2,grip_state_falsification,4,0.0,-150.0,0.0,0.3833991408667048,150,1.9262081384658811,1.4028948545455933,0.0,1.0,4804,v2,B2,sac_her_pickandplace_clean_2M
sac_her_recovery_v2,grip_state_falsification,4,0.0,-150.0,0.0,0.3833991408667048,150,1.9262081384658811,1.4028948545455933,0.0,1.0,4805,v2,B2,sac_her_pickandplace_clean_2M
sac_her_recovery_v2,grip_state_falsification,4,0.0,-150.0,0.0,0.3833991408667048,150,1.9262081384658811,1.4028948545455933,0.0,1.0,4806,v2,B2,sac_her_pickandplace_clean_2M
sac_her_recovery_v2,grip_state_falsification,4,0.0,-150.0,0.0,0.3833991408667048,150,1.9262081384658811,1.4028948545455933,0.0,1.0,4807,v2,B2,sac_her_pickandplace_clean_2M
sac_her_recovery_v2,grip_state_falsification,4,0.0,-150.0,0.0,0.3833991408667048,150,1.9262081384658811,1.4028948545455933,0.0,1.0,4808,v2,B2,sac_her_pickandplace_clean_2M
sac_her_recovery_v2,grip_state_falsification,4,0.0,-150.0,0.0,0.3833991408667048,150,1.9262081384658811,1.4028948545455933,0.0,1.0,4809,v2,B2,sac_her_pickandplace_clean_2M
sac_her_recovery_v2,grip_state_falsification,4,0.0,-150.0,0.0,0.3833991408667048,150,1.9262081384658811,1.4028948545455933,0.0,1.0,4810,v2,B2,sac_her_pickandplace_clean_2M
sac_her_recovery_v2,grip_state_falsification,4,0.0,-150.0,0.0,0.3833991408667048,150,1.9262081384658811,1.4028948545455933,0.0,1.0,4811,v2,B2,sac_her_pickandplace_clean_2M
sac_her_recovery_v2,grip_state_falsification,4,0.0,-150.0,0.0,0.3833991408667048,150,1.9262081384658811,1.4028948545455933,0.0,1.0,4812,v2,B2,sac_her_pickandplace_clean_2M
sac_her_recovery_v2,grip_state_falsification,4,0.0,-150.0,0.0,0.3833991408667048,150,1.9262081384658811,1.4028948545455933,0.0,1.0,4813,v2,B2,sac_her_pickandplace_clean_2M
sac_her_recovery_v2,grip_state_falsification,4,0.0,-150.0,0.0,0.3833991408667048,150,1.9262081384658811,1.4028948545455933,0.0,1.0,4814,v2,B2,sac_her_pickandplace_clean_2M
sac_her_recovery_v2,grip_state_falsification,4,0.0,-150.0,0.0,0.3833991408667048,150,1.9262081384658811,1.4028948545455933,0.0,1.0,4815,v2,B2,sac_her_pickandplace_clean_2M
sac_her_recovery_v2,grip_state_falsification,4,0.0,-150.0,0.0,0.3833991408667048,150,1.9262081384658811,1.4028948545455933,0.0,1.0,4816,v2,B2,sac_her_pickandplace_clean_2M
sac_her_recovery_v2,grip_state_falsification,4,0.0,-150.0,0.0,0.3833991408667048,150,1.9262081384658811,1.4028948545455933,0.0,1.0,4817,v2,B2,sac_her_pickandplace_clean_2M
sac_her_recovery_v2,grip_state_falsification,4,0.0,-150.0,0.0,0.3833991408667048,150,1.9262081384658811,1.4028948545455933,0.0,1.0,4818,v2,B2,sac_her_pickandplace_clean_2M
sac_her_recovery_v2,grip_state_falsification,4,0.0,-150.0,0.0,0.3833991408667048,150,1.9262081384658811,1.4028948545455933,0.0,1.0,4819,v2,B2,sac_her_pickandplace_clean_2M
sac_her_recovery_v2,grip_state_falsification,4,0.0,-150.0,0.0,0.3833991408667048,150,1.9262081384658811,1.4028948545455933,0.0,1.0,4820,v2,B2,sac_her_pickandplace_clean_2M
sac_her_recovery_v2,grip_state_falsification,4,0.0,-150.0,0.0,0.3833991408667048,150,1.9262081384658811,1.4028948545455933,0.0,1.0,4821,v2,B2,sac_her_pickandplace_clean_2M
sac_her_recovery_v2,grip_state_falsification,4,0.0,-150.0,0.0,0.3833991408667048,150,1.9262081384658811,1.4028948545455933,0.0,1.0,4822,v2,B2,sac_her_pickandplace_clean_2M
sac_her_recovery_v2,grip_state_falsification,4,0.0,-150.0,0.0,0.3833991408667048,150,1.9262081384658811,1.4028948545455933,0.0,1.0,4823,v2,B2,sac_her_pickandplace_clean_2M
sac_her_recovery_v2,grip_state_falsification,4,0.0,-150.0,0.0,0.3833991408667048,150,1.9262081384658811,1.4028948545455933,0.0,1.0,4824,v2,B2,sac_her_pickandplace_clean_2M
sac_her_recovery_v2,grip_state_falsification,4,0.0,-150.0,0.0,0.3833991408667048,150,1.9262081384658811,1.4028948545455933,0.0,1.0,4825,v2,B2,sac_her_pickandplace_clean_2M
sac_her_recovery_v2,grip_state_falsification,4,0.0,-150.0,0.0,0.3833991408667048,150,1.9262081384658811,1.4028948545455933,0.0,1.0,4826,v2,B2,sac_her_pickandplace_clean_2M
sac_her_recovery_v2,grip_state_falsification,4,0.0,-150.0,0.0,0.3833991408667048,150,1.9262081384658811,1.4028948545455933,0.0,1.0,4827,v2,B2,sac_her_pickandplace_clean_2M
sac_her_recovery_v2,grip_state_falsification,4,0.0,-150.0,0.0,0.3833991408667048,150,1.9262081384658811,1.4028948545455933,0.0,1.0,4828,v2,B2,sac_her_pickandplace_clean_2M
sac_her_recovery_v2,grip_state_falsification,4,0.0,-150.0,0.0,0.3833991408667048,150,1.9262081384658811,1.4028948545455933,0.0,1.0,4829,v2,B2,sac_her_pickandplace_clean_2M
sac_her_recovery_v3,grip_state_falsification,4,0.0,-150.0,0.0,0.3833991408667048,150,1.8662662506103516,1.399868369102478,0.0,1.0,4830,v3,B3,sac_her_pickandplace_clean_2M
sac_her_recovery_v3,grip_state_falsification,4,0.0,-150.0,0.0,0.3833991408667048,150,1.8662662506103516,1.399868369102478,0.0,1.0,4831,v3,B3,sac_her_pickandplace_clean_2M
sac_her_recovery_v3,grip_state_falsification,4,0.0,-150.0,0.0,0.3833991408667048,150,1.8662662506103516,1.399868369102478,0.0,1.0,4832,v3,B3,sac_her_pickandplace_clean_2M
sac_her_recovery_v3,grip_state_falsification,4,0.0,-150.0,0.0,0.3833991408667048,150,1.8662662506103516,1.399868369102478,0.0,1.0,4833,v3,B3,sac_her_pickandplace_clean_2M
sac_her_recovery_v3,grip_state_falsification,4,0.0,-150.0,0.0,0.3833991408667048,150,1.8662662506103516,1.399868369102478,0.0,1.0,4834,v3,B3,sac_her_pickandplace_clean_2M
sac_her_recovery_v3,grip_state_falsification,4,0.0,-150.0,0.0,0.3833991408667048,150,1.8662662506103516,1.399868369102478,0.0,1.0,4835,v3,B3,sac_her_pickandplace_clean_2M
sac_her_recovery_v3,grip_state_falsification,4,0.0,-150.0,0.0,0.3833991408667048,150,1.8662662506103516,1.399868369102478,0.0,1.0,4836,v3,B3,sac_her_pickandplace_clean_2M
sac_her_recovery_v3,grip_state_falsification,4,0.0,-150.0,0.0,0.3833991408667048,150,1.8662662506103516,1.399868369102478,0.0,1.0,4837,v3,B3,sac_her_pickandplace_clean_2M
sac_her_recovery_v3,grip_state_falsification,4,0.0,-150.0,0.0,0.3833991408667048,150,1.8662662506103516,1.399868369102478,0.0,1.0,4838,v3,B3,sac_her_pickandplace_clean_2M
sac_her_recovery_v3,grip_state_falsification,4,0.0,-150.0,0.0,0.3833991408667048,150,1.8662662506103516,1.399868369102478,0.0,1.0,4839,v3,B3,sac_her_pickandplace_clean_2M
sac_her_recovery_v3,grip_state_falsification,4,0.0,-150.0,0.0,0.3833991408667048,150,1.8662662506103516,1.399868369102478,0.0,1.0,4840,v3,B3,sac_her_pickandplace_clean_2M
sac_her_recovery_v3,grip_state_falsification,4,0.0,-150.0,0.0,0.3833991408667048,150,1.8662662506103516,1.399868369102478,0.0,1.0,4841,v3,B3,sac_her_pickandplace_clean_2M
sac_her_recovery_v3,grip_state_falsification,4,0.0,-150.0,0.0,0.3833991408667048,150,1.8662662506103516,1.399868369102478,0.0,1.0,4842,v3,B3,sac_her_pickandplace_clean_2M
sac_her_recovery_v3,grip_state_falsification,4,0.0,-150.0,0.0,0.3833991408667048,150,1.8662662506103516,1.399868369102478,0.0,1.0,4843,v3,B3,sac_her_pickandplace_clean_2M
sac_her_recovery_v3,grip_state_falsification,4,0.0,-150.0,0.0,0.3833991408667048,150,1.8662662506103516,1.399868369102478,0.0,1.0,4844,v3,B3,sac_her_pickandplace_clean_2M
sac_her_recovery_v3,grip_state_falsification,4,0.0,-150.0,0.0,0.3833991408667048,150,1.8662662506103516,1.399868369102478,0.0,1.0,4845,v3,B3,sac_her_pickandplace_clean_2M
sac_her_recovery_v3,grip_state_falsification,4,0.0,-150.0,0.0,0.3833991408667048,150,1.8662662506103516,1.399868369102478,0.0,1.0,4846,v3,B3,sac_her_pickandplace_clean_2M
sac_her_recovery_v3,grip_state_falsification,4,0.0,-150.0,0.0,0.3833991408667048,150,1.8662662506103516,1.399868369102478,0.0,1.0,4847,v3,B3,sac_her_pickandplace_clean_2M
sac_her_recovery_v3,grip_state_falsification,4,0.0,-150.0,0.0,0.3833991408667048,150,1.8662662506103516,1.399868369102478,0.0,1.0,4848,v3,B3,sac_her_pickandplace_clean_2M
sac_her_recovery_v3,grip_state_falsification,4,0.0,-150.0,0.0,0.3833991408667048,150,1.8662662506103516,1.399868369102478,0.0,1.0,4849,v3,B3,sac_her_pickandplace_clean_2M
sac_her_recovery_v3,grip_state_falsification,4,0.0,-150.0,0.0,0.3833991408667048,150,1.8662662506103516,1.399868369102478,0.0,1.0,4850,v3,B3,sac_her_pickandplace_clean_2M
sac_her_recovery_v3,grip_state_falsification,4,0.0,-150.0,0.0,0.3833991408667048,150,1.8662662506103516,1.399868369102478,0.0,1.0,4851,v3,B3,sac_her_pickandplace_clean_2M
sac_her_recovery_v3,grip_state_falsification,4,0.0,-150.0,0.0,0.3833991408667048,150,1.8662662506103516,1.399868369102478,0.0,1.0,4852,v3,B3,sac_her_pickandplace_clean_2M
sac_her_recovery_v3,grip_state_falsification,4,0.0,-150.0,0.0,0.3833991408667048,150,1.8662662506103516,1.399868369102478,0.0,1.0,4853,v3,B3,sac_her_pickandplace_clean_2M
sac_her_recovery_v3,grip_state_falsification,4,0.0,-150.0,0.0,0.3833991408667048,150,1.8662662506103516,1.399868369102478,0.0,1.0,4854,v3,B3,sac_her_pickandplace_clean_2M
sac_her_recovery_v3,grip_state_falsification,4,0.0,-150.0,0.0,0.3833991408667048,150,1.8662662506103516,1.399868369102478,0.0,1.0,4855,v3,B3,sac_her_pickandplace_clean_2M
sac_her_recovery_v3,grip_state_falsification,4,0.0,-150.0,0.0,0.3833991408667048,150,1.8662662506103516,1.399868369102478,0.0,1.0,4856,v3,B3,sac_her_pickandplace_clean_2M
sac_her_recovery_v3,grip_state_falsification,4,0.0,-150.0,0.0,0.3833991408667048,150,1.8662662506103516,1.399868369102478,0.0,1.0,4857,v3,B3,sac_her_pickandplace_clean_2M
sac_her_recovery_v3,grip_state_falsification,4,0.0,-150.0,0.0,0.3833991408667048,150,1.8662662506103516,1.399868369102478,0.0,1.0,4858,v3,B3,sac_her_pickandplace_clean_2M
sac_her_recovery_v3,grip_state_falsification,4,0.0,-150.0,0.0,0.3833991408667048,150,1.8662662506103516,1.399868369102478,0.0,1.0,4859,v3,B3,sac_her_pickandplace_clean_2M
sac_her,contact_dropout,4,0.0,-150.0,0.0,0.3833991408667048,150,0.0330922491848468,1.039025902748108,0.0,0.0,4860,none,B1,sac_her_pickandplace_clean_2M
sac_her,contact_dropout,4,0.0,-150.0,0.0,0.3833991408667048,150,0.0330922491848468,1.039025902748108,0.0,0.0,4861,none,B1,sac_her_pickandplace_clean_2M
sac_her,contact_dropout,4,0.0,-150.0,0.0,0.3833991408667048,150,0.0330922491848468,1.039025902748108,0.0,0.0,4862,none,B1,sac_her_pickandplace_clean_2M
sac_her,contact_dropout,4,0.0,-150.0,0.0,0.3833991408667048,150,0.0330922491848468,1.039025902748108,0.0,0.0,4863,none,B1,sac_her_pickandplace_clean_2M
sac_her,contact_dropout,4,0.0,-150.0,0.0,0.3833991408667048,150,0.0330922491848468,1.039025902748108,0.0,0.0,4864,none,B1,sac_her_pickandplace_clean_2M
sac_her,contact_dropout,4,0.0,-150.0,0.0,0.3833991408667048,150,0.0330922491848468,1.039025902748108,0.0,0.0,4865,none,B1,sac_her_pickandplace_clean_2M
sac_her,contact_dropout,4,0.0,-150.0,0.0,0.3833991408667048,150,0.0330922491848468,1.039025902748108,0.0,0.0,4866,none,B1,sac_her_pickandplace_clean_2M
sac_her,contact_dropout,4,0.0,-150.0,0.0,0.3833991408667048,150,0.0330922491848468,1.039025902748108,0.0,0.0,4867,none,B1,sac_her_pickandplace_clean_2M
sac_her,contact_dropout,4,0.0,-150.0,0.0,0.3833991408667048,150,0.0330922491848468,1.039025902748108,0.0,0.0,4868,none,B1,sac_her_pickandplace_clean_2M
sac_her,contact_dropout,4,0.0,-150.0,0.0,0.3833991408667048,150,0.0330922491848468,1.039025902748108,0.0,0.0,4869,none,B1,sac_her_pickandplace_clean_2M
sac_her,contact_dropout,4,0.0,-150.0,0.0,0.3833991408667048,150,0.0330922491848468,1.039025902748108,0.0,0.0,4870,none,B1,sac_her_pickandplace_clean_2M
sac_her,contact_dropout,4,0.0,-150.0,0.0,0.3833991408667048,150,0.0330922491848468,1.039025902748108,0.0,0.0,4871,none,B1,sac_her_pickandplace_clean_2M
sac_her,contact_dropout,4,0.0,-150.0,0.0,0.3833991408667048,150,0.0330922491848468,1.039025902748108,0.0,0.0,4872,none,B1,sac_her_pickandplace_clean_2M
sac_her,contact_dropout,4,0.0,-150.0,0.0,0.3833991408667048,150,0.0330922491848468,1.039025902748108,0.0,0.0,4873,none,B1,sac_her_pickandplace_clean_2M
sac_her,contact_dropout,4,0.0,-150.0,0.0,0.3833991408667048,150,0.0330922491848468,1.039025902748108,0.0,0.0,4874,none,B1,sac_her_pickandplace_clean_2M
sac_her,contact_dropout,4,0.0,-150.0,0.0,0.3833991408667048,150,0.0330922491848468,1.039025902748108,0.0,0.0,4875,none,B1,sac_her_pickandplace_clean_2M
sac_her,contact_dropout,4,0.0,-150.0,0.0,0.3833991408667048,150,0.0330922491848468,1.039025902748108,0.0,0.0,4876,none,B1,sac_her_pickandplace_clean_2M
sac_her,contact_dropout,4,0.0,-150.0,0.0,0.3833991408667048,150,0.0330922491848468,1.039025902748108,0.0,0.0,4877,none,B1,sac_her_pickandplace_clean_2M
sac_her,contact_dropout,4,0.0,-150.0,0.0,0.3833991408667048,150,0.0330922491848468,1.039025902748108,0.0,0.0,4878,none,B1,sac_her_pickandplace_clean_2M
sac_her,contact_dropout,4,0.0,-150.0,0.0,0.3833991408667048,150,0.0330922491848468,1.039025902748108,0.0,0.0,4879,none,B1,sac_her_pickandplace_clean_2M
sac_her,contact_dropout,4,0.0,-150.0,0.0,0.3833991408667048,150,0.0330922491848468,1.039025902748108,0.0,0.0,4880,none,B1,sac_her_pickandplace_clean_2M
sac_her,contact_dropout,4,0.0,-150.0,0.0,0.3833991408667048,150,0.0330922491848468,1.039025902748108,0.0,0.0,4881,none,B1,sac_her_pickandplace_clean_2M
sac_her,contact_dropout,4,0.0,-150.0,0.0,0.3833991408667048,150,0.0330922491848468,1.039025902748108,0.0,0.0,4882,none,B1,sac_her_pickandplace_clean_2M
sac_her,contact_dropout,4,0.0,-150.0,0.0,0.3833991408667048,150,0.0330922491848468,1.039025902748108,0.0,0.0,4883,none,B1,sac_her_pickandplace_clean_2M
sac_her,contact_dropout,4,0.0,-150.0,0.0,0.3833991408667048,150,0.0330922491848468,1.039025902748108,0.0,0.0,4884,none,B1,sac_her_pickandplace_clean_2M
sac_her,contact_dropout,4,0.0,-150.0,0.0,0.3833991408667048,150,0.0330922491848468,1.039025902748108,0.0,0.0,4885,none,B1,sac_her_pickandplace_clean_2M
sac_her,contact_dropout,4,0.0,-150.0,0.0,0.3833991408667048,150,0.0330922491848468,1.039025902748108,0.0,0.0,4886,none,B1,sac_her_pickandplace_clean_2M
sac_her,contact_dropout,4,0.0,-150.0,0.0,0.3833991408667048,150,0.0330922491848468,1.039025902748108,0.0,0.0,4887,none,B1,sac_her_pickandplace_clean_2M
sac_her,contact_dropout,4,0.0,-150.0,0.0,0.3833991408667048,150,0.0330922491848468,1.039025902748108,0.0,0.0,4888,none,B1,sac_her_pickandplace_clean_2M
sac_her,contact_dropout,4,0.0,-150.0,0.0,0.3833991408667048,150,0.0330922491848468,1.039025902748108,0.0,0.0,4889,none,B1,sac_her_pickandplace_clean_2M
sac_her_recovery_v2,contact_dropout,4,0.0,-150.0,0.0,0.3833991408667048,150,0.0484719276428222,1.0378109216690063,0.0,1.0,4890,v2,B2,sac_her_pickandplace_clean_2M
sac_her_recovery_v2,contact_dropout,4,0.0,-150.0,0.0,0.3833991408667048,150,0.0484719276428222,1.0378109216690063,0.0,1.0,4891,v2,B2,sac_her_pickandplace_clean_2M
sac_her_recovery_v2,contact_dropout,4,0.0,-150.0,0.0,0.3833991408667048,150,0.0484719276428222,1.0378109216690063,0.0,1.0,4892,v2,B2,sac_her_pickandplace_clean_2M
sac_her_recovery_v2,contact_dropout,4,0.0,-150.0,0.0,0.3833991408667048,150,0.0484719276428222,1.0378109216690063,0.0,1.0,4893,v2,B2,sac_her_pickandplace_clean_2M
sac_her_recovery_v2,contact_dropout,4,0.0,-150.0,0.0,0.3833991408667048,150,0.0484719276428222,1.0378109216690063,0.0,1.0,4894,v2,B2,sac_her_pickandplace_clean_2M
sac_her_recovery_v2,contact_dropout,4,0.0,-150.0,0.0,0.3833991408667048,150,0.0484719276428222,1.0378109216690063,0.0,1.0,4895,v2,B2,sac_her_pickandplace_clean_2M
sac_her_recovery_v2,contact_dropout,4,0.0,-150.0,0.0,0.3833991408667048,150,0.0484719276428222,1.0378109216690063,0.0,1.0,4896,v2,B2,sac_her_pickandplace_clean_2M
sac_her_recovery_v2,contact_dropout,4,0.0,-150.0,0.0,0.3833991408667048,150,0.0484719276428222,1.0378109216690063,0.0,1.0,4897,v2,B2,sac_her_pickandplace_clean_2M
sac_her_recovery_v2,contact_dropout,4,0.0,-150.0,0.0,0.3833991408667048,150,0.0484719276428222,1.0378109216690063,0.0,1.0,4898,v2,B2,sac_her_pickandplace_clean_2M
sac_her_recovery_v2,contact_dropout,4,0.0,-150.0,0.0,0.3833991408667048,150,0.0484719276428222,1.0378109216690063,0.0,1.0,4899,v2,B2,sac_her_pickandplace_clean_2M
sac_her_recovery_v2,contact_dropout,4,0.0,-150.0,0.0,0.3833991408667048,150,0.0484719276428222,1.0378109216690063,0.0,1.0,4900,v2,B2,sac_her_pickandplace_clean_2M
sac_her_recovery_v2,contact_dropout,4,0.0,-150.0,0.0,0.3833991408667048,150,0.0484719276428222,1.0378109216690063,0.0,1.0,4901,v2,B2,sac_her_pickandplace_clean_2M
sac_her_recovery_v2,contact_dropout,4,0.0,-150.0,0.0,0.3833991408667048,150,0.0484719276428222,1.0378109216690063,0.0,1.0,4902,v2,B2,sac_her_pickandplace_clean_2M
sac_her_recovery_v2,contact_dropout,4,0.0,-150.0,0.0,0.3833991408667048,150,0.0484719276428222,1.0378109216690063,0.0,1.0,4903,v2,B2,sac_her_pickandplace_clean_2M
sac_her_recovery_v2,contact_dropout,4,0.0,-150.0,0.0,0.3833991408667048,150,0.0484719276428222,1.0378109216690063,0.0,1.0,4904,v2,B2,sac_her_pickandplace_clean_2M
sac_her_recovery_v2,contact_dropout,4,0.0,-150.0,0.0,0.3833991408667048,150,0.0484719276428222,1.0378109216690063,0.0,1.0,4905,v2,B2,sac_her_pickandplace_clean_2M
sac_her_recovery_v2,contact_dropout,4,0.0,-150.0,0.0,0.3833991408667048,150,0.0484719276428222,1.0378109216690063,0.0,1.0,4906,v2,B2,sac_her_pickandplace_clean_2M
sac_her_recovery_v2,contact_dropout,4,0.0,-150.0,0.0,0.3833991408667048,150,0.0484719276428222,1.0378109216690063,0.0,1.0,4907,v2,B2,sac_her_pickandplace_clean_2M
sac_her_recovery_v2,contact_dropout,4,0.0,-150.0,0.0,0.3833991408667048,150,0.0484719276428222,1.0378109216690063,0.0,1.0,4908,v2,B2,sac_her_pickandplace_clean_2M
sac_her_recovery_v2,contact_dropout,4,0.0,-150.0,0.0,0.3833991408667048,150,0.0484719276428222,1.0378109216690063,0.0,1.0,4909,v2,B2,sac_her_pickandplace_clean_2M
sac_her_recovery_v2,contact_dropout,4,0.0,-150.0,0.0,0.3833991408667048,150,0.0484719276428222,1.0378109216690063,0.0,1.0,4910,v2,B2,sac_her_pickandplace_clean_2M
sac_her_recovery_v2,contact_dropout,4,0.0,-150.0,0.0,0.3833991408667048,150,0.0484719276428222,1.0378109216690063,0.0,1.0,4911,v2,B2,sac_her_pickandplace_clean_2M
sac_her_recovery_v2,contact_dropout,4,0.0,-150.0,0.0,0.3833991408667048,150,0.0484719276428222,1.0378109216690063,0.0,1.0,4912,v2,B2,sac_her_pickandplace_clean_2M
sac_her_recovery_v2,contact_dropout,4,0.0,-150.0,0.0,0.3833991408667048,150,0.0484719276428222,1.0378109216690063,0.0,1.0,4913,v2,B2,sac_her_pickandplace_clean_2M
sac_her_recovery_v2,contact_dropout,4,0.0,-150.0,0.0,0.3833991408667048,150,0.0484719276428222,1.0378109216690063,0.0,1.0,4914,v2,B2,sac_her_pickandplace_clean_2M
sac_her_recovery_v2,contact_dropout,4,0.0,-150.0,0.0,0.3833991408667048,150,0.0484719276428222,1.0378109216690063,0.0,1.0,4915,v2,B2,sac_her_pickandplace_clean_2M
sac_her_recovery_v2,contact_dropout,4,0.0,-150.0,0.0,0.3833991408667048,150,0.0484719276428222,1.0378109216690063,0.0,1.0,4916,v2,B2,sac_her_pickandplace_clean_2M
sac_her_recovery_v2,contact_dropout,4,0.0,-150.0,0.0,0.3833991408667048,150,0.0484719276428222,1.0378109216690063,0.0,1.0,4917,v2,B2,sac_her_pickandplace_clean_2M
sac_her_recovery_v2,contact_dropout,4,0.0,-150.0,0.0,0.3833991408667048,150,0.0484719276428222,1.0378109216690063,0.0,1.0,4918,v2,B2,sac_her_pickandplace_clean_2M
sac_her_recovery_v2,contact_dropout,4,0.0,-150.0,0.0,0.3833991408667048,150,0.0484719276428222,1.0378109216690063,0.0,1.0,4919,v2,B2,sac_her_pickandplace_clean_2M
sac_her_recovery_v3,contact_dropout,4,0.0,-150.0,0.0,0.3833991408667048,150,0.0481045916676521,1.0360996723175049,0.0,1.0,4920,v3,B3,sac_her_pickandplace_clean_2M
sac_her_recovery_v3,contact_dropout,4,0.0,-150.0,0.0,0.3833991408667048,150,0.0481045916676521,1.0360996723175049,0.0,1.0,4921,v3,B3,sac_her_pickandplace_clean_2M
sac_her_recovery_v3,contact_dropout,4,0.0,-150.0,0.0,0.3833991408667048,150,0.0481045916676521,1.0360996723175049,0.0,1.0,4922,v3,B3,sac_her_pickandplace_clean_2M
sac_her_recovery_v3,contact_dropout,4,0.0,-150.0,0.0,0.3833991408667048,150,0.0481045916676521,1.0360996723175049,0.0,1.0,4923,v3,B3,sac_her_pickandplace_clean_2M
sac_her_recovery_v3,contact_dropout,4,0.0,-150.0,0.0,0.3833991408667048,150,0.0481045916676521,1.0360996723175049,0.0,1.0,4924,v3,B3,sac_her_pickandplace_clean_2M
sac_her_recovery_v3,contact_dropout,4,0.0,-150.0,0.0,0.3833991408667048,150,0.0481045916676521,1.0360996723175049,0.0,1.0,4925,v3,B3,sac_her_pickandplace_clean_2M
sac_her_recovery_v3,contact_dropout,4,0.0,-150.0,0.0,0.3833991408667048,150,0.0481045916676521,1.0360996723175049,0.0,1.0,4926,v3,B3,sac_her_pickandplace_clean_2M
sac_her_recovery_v3,contact_dropout,4,0.0,-150.0,0.0,0.3833991408667048,150,0.0481045916676521,1.0360996723175049,0.0,1.0,4927,v3,B3,sac_her_pickandplace_clean_2M
sac_her_recovery_v3,contact_dropout,4,0.0,-150.0,0.0,0.3833991408667048,150,0.0481045916676521,1.0360996723175049,0.0,1.0,4928,v3,B3,sac_her_pickandplace_clean_2M
sac_her_recovery_v3,contact_dropout,4,0.0,-150.0,0.0,0.3833991408667048,150,0.0481045916676521,1.0360996723175049,0.0,1.0,4929,v3,B3,sac_her_pickandplace_clean_2M
sac_her_recovery_v3,contact_dropout,4,0.0,-150.0,0.0,0.3833991408667048,150,0.0481045916676521,1.0360996723175049,0.0,1.0,4930,v3,B3,sac_her_pickandplace_clean_2M
sac_her_recovery_v3,contact_dropout,4,0.0,-150.0,0.0,0.3833991408667048,150,0.0481045916676521,1.0360996723175049,0.0,1.0,4931,v3,B3,sac_her_pickandplace_clean_2M
sac_her_recovery_v3,contact_dropout,4,0.0,-150.0,0.0,0.3833991408667048,150,0.0481045916676521,1.0360996723175049,0.0,1.0,4932,v3,B3,sac_her_pickandplace_clean_2M
sac_her_recovery_v3,contact_dropout,4,0.0,-150.0,0.0,0.3833991408667048,150,0.0481045916676521,1.0360996723175049,0.0,1.0,4933,v3,B3,sac_her_pickandplace_clean_2M
sac_her_recovery_v3,contact_dropout,4,0.0,-150.0,0.0,0.3833991408667048,150,0.0481045916676521,1.0360996723175049,0.0,1.0,4934,v3,B3,sac_her_pickandplace_clean_2M
sac_her_recovery_v3,contact_dropout,4,0.0,-150.0,0.0,0.3833991408667048,150,0.0481045916676521,1.0360996723175049,0.0,1.0,4935,v3,B3,sac_her_pickandplace_clean_2M
sac_her_recovery_v3,contact_dropout,4,0.0,-150.0,0.0,0.3833991408667048,150,0.0481045916676521,1.0360996723175049,0.0,1.0,4936,v3,B3,sac_her_pickandplace_clean_2M
sac_her_recovery_v3,contact_dropout,4,0.0,-150.0,0.0,0.3833991408667048,150,0.0481045916676521,1.0360996723175049,0.0,1.0,4937,v3,B3,sac_her_pickandplace_clean_2M
sac_her_recovery_v3,contact_dropout,4,0.0,-150.0,0.0,0.3833991408667048,150,0.0481045916676521,1.0360996723175049,0.0,1.0,4938,v3,B3,sac_her_pickandplace_clean_2M
sac_her_recovery_v3,contact_dropout,4,0.0,-150.0,0.0,0.3833991408667048,150,0.0481045916676521,1.0360996723175049,0.0,1.0,4939,v3,B3,sac_her_pickandplace_clean_2M
sac_her_recovery_v3,contact_dropout,4,0.0,-150.0,0.0,0.3833991408667048,150,0.0481045916676521,1.0360996723175049,0.0,1.0,4940,v3,B3,sac_her_pickandplace_clean_2M
sac_her_recovery_v3,contact_dropout,4,0.0,-150.0,0.0,0.3833991408667048,150,0.0481045916676521,1.0360996723175049,0.0,1.0,4941,v3,B3,sac_her_pickandplace_clean_2M
sac_her_recovery_v3,contact_dropout,4,0.0,-150.0,0.0,0.3833991408667048,150,0.0481045916676521,1.0360996723175049,0.0,1.0,4942,v3,B3,sac_her_pickandplace_clean_2M
sac_her_recovery_v3,contact_dropout,4,0.0,-150.0,0.0,0.3833991408667048,150,0.0481045916676521,1.0360996723175049,0.0,1.0,4943,v3,B3,sac_her_pickandplace_clean_2M
sac_her_recovery_v3,contact_dropout,4,0.0,-150.0,0.0,0.3833991408667048,150,0.0481045916676521,1.0360996723175049,0.0,1.0,4944,v3,B3,sac_her_pickandplace_clean_2M
sac_her_recovery_v3,contact_dropout,4,0.0,-150.0,0.0,0.3833991408667048,150,0.0481045916676521,1.0360996723175049,0.0,1.0,4945,v3,B3,sac_her_pickandplace_clean_2M
sac_her_recovery_v3,contact_dropout,4,0.0,-150.0,0.0,0.3833991408667048,150,0.0481045916676521,1.0360996723175049,0.0,1.0,4946,v3,B3,sac_her_pickandplace_clean_2M
sac_her_recovery_v3,contact_dropout,4,0.0,-150.0,0.0,0.3833991408667048,150,0.0481045916676521,1.0360996723175049,0.0,1.0,4947,v3,B3,sac_her_pickandplace_clean_2M
sac_her_recovery_v3,contact_dropout,4,0.0,-150.0,0.0,0.3833991408667048,150,0.0481045916676521,1.0360996723175049,0.0,1.0,4948,v3,B3,sac_her_pickandplace_clean_2M
sac_her_recovery_v3,contact_dropout,4,0.0,-150.0,0.0,0.3833991408667048,150,0.0481045916676521,1.0360996723175049,0.0,1.0,4949,v3,B3,sac_her_pickandplace_clean_2M
sac_her,action_delay,0,0.0,-16.0,1.0,0.01784555487126494,150,0.0874251201748848,1.0080902576446533,0.0,0.0,4950,none,B1,sac_her_pickandplace_clean_2M
sac_her,action_delay,0,0.0,-16.0,1.0,0.01784555487126494,150,0.0874251201748848,1.0080902576446533,0.0,0.0,4951,none,B1,sac_her_pickandplace_clean_2M
sac_her,action_delay,0,0.0,-16.0,1.0,0.01784555487126494,150,0.0874251201748848,1.0080902576446533,0.0,0.0,4952,none,B1,sac_her_pickandplace_clean_2M
sac_her,action_delay,0,0.0,-16.0,1.0,0.01784555487126494,150,0.0874251201748848,1.0080902576446533,0.0,0.0,4953,none,B1,sac_her_pickandplace_clean_2M
sac_her,action_delay,0,0.0,-16.0,1.0,0.01784555487126494,150,0.0874251201748848,1.0080902576446533,0.0,0.0,4954,none,B1,sac_her_pickandplace_clean_2M
sac_her,action_delay,0,0.0,-16.0,1.0,0.01784555487126494,150,0.0874251201748848,1.0080902576446533,0.0,0.0,4955,none,B1,sac_her_pickandplace_clean_2M
sac_her,action_delay,0,0.0,-16.0,1.0,0.01784555487126494,150,0.0874251201748848,1.0080902576446533,0.0,0.0,4956,none,B1,sac_her_pickandplace_clean_2M
sac_her,action_delay,0,0.0,-16.0,1.0,0.01784555487126494,150,0.0874251201748848,1.0080902576446533,0.0,0.0,4957,none,B1,sac_her_pickandplace_clean_2M
sac_her,action_delay,0,0.0,-16.0,1.0,0.01784555487126494,150,0.0874251201748848,1.0080902576446533,0.0,0.0,4958,none,B1,sac_her_pickandplace_clean_2M
sac_her,action_delay,0,0.0,-16.0,1.0,0.01784555487126494,150,0.0874251201748848,1.0080902576446533,0.0,0.0,4959,none,B1,sac_her_pickandplace_clean_2M
sac_her,action_delay,0,0.0,-16.0,1.0,0.01784555487126494,150,0.0874251201748848,1.0080902576446533,0.0,0.0,4960,none,B1,sac_her_pickandplace_clean_2M
sac_her,action_delay,0,0.0,-16.0,1.0,0.01784555487126494,150,0.0874251201748848,1.0080902576446533,0.0,0.0,4961,none,B1,sac_her_pickandplace_clean_2M
sac_her,action_delay,0,0.0,-16.0,1.0,0.01784555487126494,150,0.0874251201748848,1.0080902576446533,0.0,0.0,4962,none,B1,sac_her_pickandplace_clean_2M
sac_her,action_delay,0,0.0,-16.0,1.0,0.01784555487126494,150,0.0874251201748848,1.0080902576446533,0.0,0.0,4963,none,B1,sac_her_pickandplace_clean_2M
sac_her,action_delay,0,0.0,-16.0,1.0,0.01784555487126494,150,0.0874251201748848,1.0080902576446533,0.0,0.0,4964,none,B1,sac_her_pickandplace_clean_2M
sac_her,action_delay,0,0.0,-16.0,1.0,0.01784555487126494,150,0.0874251201748848,1.0080902576446533,0.0,0.0,4965,none,B1,sac_her_pickandplace_clean_2M
sac_her,action_delay,0,0.0,-16.0,1.0,0.01784555487126494,150,0.0874251201748848,1.0080902576446533,0.0,0.0,4966,none,B1,sac_her_pickandplace_clean_2M
sac_her,action_delay,0,0.0,-16.0,1.0,0.01784555487126494,150,0.0874251201748848,1.0080902576446533,0.0,0.0,4967,none,B1,sac_her_pickandplace_clean_2M
sac_her,action_delay,0,0.0,-16.0,1.0,0.01784555487126494,150,0.0874251201748848,1.0080902576446533,0.0,0.0,4968,none,B1,sac_her_pickandplace_clean_2M
sac_her,action_delay,0,0.0,-16.0,1.0,0.01784555487126494,150,0.0874251201748848,1.0080902576446533,0.0,0.0,4969,none,B1,sac_her_pickandplace_clean_2M
sac_her,action_delay,0,0.0,-16.0,1.0,0.01784555487126494,150,0.0874251201748848,1.0080902576446533,0.0,0.0,4970,none,B1,sac_her_pickandplace_clean_2M
sac_her,action_delay,0,0.0,-16.0,1.0,0.01784555487126494,150,0.0874251201748848,1.0080902576446533,0.0,0.0,4971,none,B1,sac_her_pickandplace_clean_2M
sac_her,action_delay,0,0.0,-16.0,1.0,0.01784555487126494,150,0.0874251201748848,1.0080902576446533,0.0,0.0,4972,none,B1,sac_her_pickandplace_clean_2M
sac_her,action_delay,0,0.0,-16.0,1.0,0.01784555487126494,150,0.0874251201748848,1.0080902576446533,0.0,0.0,4973,none,B1,sac_her_pickandplace_clean_2M
sac_her,action_delay,0,0.0,-16.0,1.0,0.01784555487126494,150,0.0874251201748848,1.0080902576446533,0.0,0.0,4974,none,B1,sac_her_pickandplace_clean_2M
sac_her,action_delay,0,0.0,-16.0,1.0,0.01784555487126494,150,0.0874251201748848,1.0080902576446533,0.0,0.0,4975,none,B1,sac_her_pickandplace_clean_2M
sac_her,action_delay,0,0.0,-16.0,1.0,0.01784555487126494,150,0.0874251201748848,1.0080902576446533,0.0,0.0,4976,none,B1,sac_her_pickandplace_clean_2M
sac_her,action_delay,0,0.0,-16.0,1.0,0.01784555487126494,150,0.0874251201748848,1.0080902576446533,0.0,0.0,4977,none,B1,sac_her_pickandplace_clean_2M
sac_her,action_delay,0,0.0,-16.0,1.0,0.01784555487126494,150,0.0874251201748848,1.0080902576446533,0.0,0.0,4978,none,B1,sac_her_pickandplace_clean_2M
sac_her,action_delay,0,0.0,-16.0,1.0,0.01784555487126494,150,0.0874251201748848,1.0080902576446533,0.0,0.0,4979,none,B1,sac_her_pickandplace_clean_2M
sac_her_recovery_v2,action_delay,0,0.0,-17.0,1.0,0.019609702213742627,150,0.1402582824230194,0.9895179271697998,1.0,1.0,4980,v2,B2,sac_her_pickandplace_clean_2M
sac_her_recovery_v2,action_delay,0,0.0,-17.0,1.0,0.019609702213742627,150,0.1402582824230194,0.9895179271697998,1.0,1.0,4981,v2,B2,sac_her_pickandplace_clean_2M
sac_her_recovery_v2,action_delay,0,0.0,-17.0,1.0,0.019609702213742627,150,0.1402582824230194,0.9895179271697998,1.0,1.0,4982,v2,B2,sac_her_pickandplace_clean_2M
sac_her_recovery_v2,action_delay,0,0.0,-17.0,1.0,0.019609702213742627,150,0.1402582824230194,0.9895179271697998,1.0,1.0,4983,v2,B2,sac_her_pickandplace_clean_2M
sac_her_recovery_v2,action_delay,0,0.0,-17.0,1.0,0.019609702213742627,150,0.1402582824230194,0.9895179271697998,1.0,1.0,4984,v2,B2,sac_her_pickandplace_clean_2M
sac_her_recovery_v2,action_delay,0,0.0,-17.0,1.0,0.019609702213742627,150,0.1402582824230194,0.9895179271697998,1.0,1.0,4985,v2,B2,sac_her_pickandplace_clean_2M
sac_her_recovery_v2,action_delay,0,0.0,-17.0,1.0,0.019609702213742627,150,0.1402582824230194,0.9895179271697998,1.0,1.0,4986,v2,B2,sac_her_pickandplace_clean_2M
sac_her_recovery_v2,action_delay,0,0.0,-17.0,1.0,0.019609702213742627,150,0.1402582824230194,0.9895179271697998,1.0,1.0,4987,v2,B2,sac_her_pickandplace_clean_2M
sac_her_recovery_v2,action_delay,0,0.0,-17.0,1.0,0.019609702213742627,150,0.1402582824230194,0.9895179271697998,1.0,1.0,4988,v2,B2,sac_her_pickandplace_clean_2M
sac_her_recovery_v2,action_delay,0,0.0,-17.0,1.0,0.019609702213742627,150,0.1402582824230194,0.9895179271697998,1.0,1.0,4989,v2,B2,sac_her_pickandplace_clean_2M
sac_her_recovery_v2,action_delay,0,0.0,-17.0,1.0,0.019609702213742627,150,0.1402582824230194,0.9895179271697998,1.0,1.0,4990,v2,B2,sac_her_pickandplace_clean_2M
sac_her_recovery_v2,action_delay,0,0.0,-17.0,1.0,0.019609702213742627,150,0.1402582824230194,0.9895179271697998,1.0,1.0,4991,v2,B2,sac_her_pickandplace_clean_2M
sac_her_recovery_v2,action_delay,0,0.0,-17.0,1.0,0.019609702213742627,150,0.1402582824230194,0.9895179271697998,1.0,1.0,4992,v2,B2,sac_her_pickandplace_clean_2M
sac_her_recovery_v2,action_delay,0,0.0,-17.0,1.0,0.019609702213742627,150,0.1402582824230194,0.9895179271697998,1.0,1.0,4993,v2,B2,sac_her_pickandplace_clean_2M
sac_her_recovery_v2,action_delay,0,0.0,-17.0,1.0,0.019609702213742627,150,0.1402582824230194,0.9895179271697998,1.0,1.0,4994,v2,B2,sac_her_pickandplace_clean_2M
sac_her_recovery_v2,action_delay,0,0.0,-17.0,1.0,0.019609702213742627,150,0.1402582824230194,0.9895179271697998,1.0,1.0,4995,v2,B2,sac_her_pickandplace_clean_2M
sac_her_recovery_v2,action_delay,0,0.0,-17.0,1.0,0.019609702213742627,150,0.1402582824230194,0.9895179271697998,1.0,1.0,4996,v2,B2,sac_her_pickandplace_clean_2M
sac_her_recovery_v2,action_delay,0,0.0,-17.0,1.0,0.019609702213742627,150,0.1402582824230194,0.9895179271697998,1.0,1.0,4997,v2,B2,sac_her_pickandplace_clean_2M
sac_her_recovery_v2,action_delay,0,0.0,-17.0,1.0,0.019609702213742627,150,0.1402582824230194,0.9895179271697998,1.0,1.0,4998,v2,B2,sac_her_pickandplace_clean_2M
sac_her_recovery_v2,action_delay,0,0.0,-17.0,1.0,0.019609702213742627,150,0.1402582824230194,0.9895179271697998,1.0,1.0,4999,v2,B2,sac_her_pickandplace_clean_2M
sac_her_recovery_v2,action_delay,0,0.0,-17.0,1.0,0.019609702213742627,150,0.1402582824230194,0.9895179271697998,1.0,1.0,5000,v2,B2,sac_her_pickandplace_clean_2M
sac_her_recovery_v2,action_delay,0,0.0,-17.0,1.0,0.019609702213742627,150,0.1402582824230194,0.9895179271697998,1.0,1.0,5001,v2,B2,sac_her_pickandplace_clean_2M
sac_her_recovery_v2,action_delay,0,0.0,-17.0,1.0,0.019609702213742627,150,0.1402582824230194,0.9895179271697998,1.0,1.0,5002,v2,B2,sac_her_pickandplace_clean_2M
sac_her_recovery_v2,action_delay,0,0.0,-17.0,1.0,0.019609702213742627,150,0.1402582824230194,0.9895179271697998,1.0,1.0,5003,v2,B2,sac_her_pickandplace_clean_2M
sac_her_recovery_v2,action_delay,0,0.0,-17.0,1.0,0.019609702213742627,150,0.1402582824230194,0.9895179271697998,1.0,1.0,5004,v2,B2,sac_her_pickandplace_clean_2M
sac_her_recovery_v2,action_delay,0,0.0,-17.0,1.0,0.019609702213742627,150,0.1402582824230194,0.9895179271697998,1.0,1.0,5005,v2,B2,sac_her_pickandplace_clean_2M
sac_her_recovery_v2,action_delay,0,0.0,-17.0,1.0,0.019609702213742627,150,0.1402582824230194,0.9895179271697998,1.0,1.0,5006,v2,B2,sac_her_pickandplace_clean_2M
sac_her_recovery_v2,action_delay,0,0.0,-17.0,1.0,0.019609702213742627,150,0.1402582824230194,0.9895179271697998,1.0,1.0,5007,v2,B2,sac_her_pickandplace_clean_2M
sac_her_recovery_v2,action_delay,0,0.0,-17.0,1.0,0.019609702213742627,150,0.1402582824230194,0.9895179271697998,1.0,1.0,5008,v2,B2,sac_her_pickandplace_clean_2M
sac_her_recovery_v2,action_delay,0,0.0,-17.0,1.0,0.019609702213742627,150,0.1402582824230194,0.9895179271697998,1.0,1.0,5009,v2,B2,sac_her_pickandplace_clean_2M
sac_her_recovery_v3,action_delay,0,0.0,-142.0,1.0,0.018599924141846733,150,0.43005555868148804,1.5372997522354126,1.0,1.0,5010,v3,B3,sac_her_pickandplace_clean_2M
sac_her_recovery_v3,action_delay,0,0.0,-142.0,1.0,0.018599924141846733,150,0.43005555868148804,1.5372997522354126,1.0,1.0,5011,v3,B3,sac_her_pickandplace_clean_2M
sac_her_recovery_v3,action_delay,0,0.0,-142.0,1.0,0.018599924141846733,150,0.43005555868148804,1.5372997522354126,1.0,1.0,5012,v3,B3,sac_her_pickandplace_clean_2M
sac_her_recovery_v3,action_delay,0,0.0,-142.0,1.0,0.018599924141846733,150,0.43005555868148804,1.5372997522354126,1.0,1.0,5013,v3,B3,sac_her_pickandplace_clean_2M
sac_her_recovery_v3,action_delay,0,0.0,-142.0,1.0,0.018599924141846733,150,0.43005555868148804,1.5372997522354126,1.0,1.0,5014,v3,B3,sac_her_pickandplace_clean_2M
sac_her_recovery_v3,action_delay,0,0.0,-142.0,1.0,0.018599924141846733,150,0.43005555868148804,1.5372997522354126,1.0,1.0,5015,v3,B3,sac_her_pickandplace_clean_2M
sac_her_recovery_v3,action_delay,0,0.0,-142.0,1.0,0.018599924141846733,150,0.43005555868148804,1.5372997522354126,1.0,1.0,5016,v3,B3,sac_her_pickandplace_clean_2M
sac_her_recovery_v3,action_delay,0,0.0,-142.0,1.0,0.018599924141846733,150,0.43005555868148804,1.5372997522354126,1.0,1.0,5017,v3,B3,sac_her_pickandplace_clean_2M
sac_her_recovery_v3,action_delay,0,0.0,-142.0,1.0,0.018599924141846733,150,0.43005555868148804,1.5372997522354126,1.0,1.0,5018,v3,B3,sac_her_pickandplace_clean_2M
sac_her_recovery_v3,action_delay,0,0.0,-142.0,1.0,0.018599924141846733,150,0.43005555868148804,1.5372997522354126,1.0,1.0,5019,v3,B3,sac_her_pickandplace_clean_2M
sac_her_recovery_v3,action_delay,0,0.0,-142.0,1.0,0.018599924141846733,150,0.43005555868148804,1.5372997522354126,1.0,1.0,5020,v3,B3,sac_her_pickandplace_clean_2M
sac_her_recovery_v3,action_delay,0,0.0,-142.0,1.0,0.018599924141846733,150,0.43005555868148804,1.5372997522354126,1.0,1.0,5021,v3,B3,sac_her_pickandplace_clean_2M
sac_her_recovery_v3,action_delay,0,0.0,-142.0,1.0,0.018599924141846733,150,0.43005555868148804,1.5372997522354126,1.0,1.0,5022,v3,B3,sac_her_pickandplace_clean_2M
sac_her_recovery_v3,action_delay,0,0.0,-142.0,1.0,0.018599924141846733,150,0.43005555868148804,1.5372997522354126,1.0,1.0,5023,v3,B3,sac_her_pickandplace_clean_2M
sac_her_recovery_v3,action_delay,0,0.0,-142.0,1.0,0.018599924141846733,150,0.43005555868148804,1.5372997522354126,1.0,1.0,5024,v3,B3,sac_her_pickandplace_clean_2M
sac_her_recovery_v3,action_delay,0,0.0,-142.0,1.0,0.018599924141846733,150,0.43005555868148804,1.5372997522354126,1.0,1.0,5025,v3,B3,sac_her_pickandplace_clean_2M
sac_her_recovery_v3,action_delay,0,0.0,-142.0,1.0,0.018599924141846733,150,0.43005555868148804,1.5372997522354126,1.0,1.0,5026,v3,B3,sac_her_pickandplace_clean_2M
sac_her_recovery_v3,action_delay,0,0.0,-142.0,1.0,0.018599924141846733,150,0.43005555868148804,1.5372997522354126,1.0,1.0,5027,v3,B3,sac_her_pickandplace_clean_2M
sac_her_recovery_v3,action_delay,0,0.0,-142.0,1.0,0.018599924141846733,150,0.43005555868148804,1.5372997522354126,1.0,1.0,5028,v3,B3,sac_her_pickandplace_clean_2M
sac_her_recovery_v3,action_delay,0,0.0,-142.0,1.0,0.018599924141846733,150,0.43005555868148804,1.5372997522354126,1.0,1.0,5029,v3,B3,sac_her_pickandplace_clean_2M
sac_her_recovery_v3,action_delay,0,0.0,-142.0,1.0,0.018599924141846733,150,0.43005555868148804,1.5372997522354126,1.0,1.0,5030,v3,B3,sac_her_pickandplace_clean_2M
sac_her_recovery_v3,action_delay,0,0.0,-142.0,1.0,0.018599924141846733,150,0.43005555868148804,1.5372997522354126,1.0,1.0,5031,v3,B3,sac_her_pickandplace_clean_2M
sac_her_recovery_v3,action_delay,0,0.0,-142.0,1.0,0.018599924141846733,150,0.43005555868148804,1.5372997522354126,1.0,1.0,5032,v3,B3,sac_her_pickandplace_clean_2M
sac_her_recovery_v3,action_delay,0,0.0,-142.0,1.0,0.018599924141846733,150,0.43005555868148804,1.5372997522354126,1.0,1.0,5033,v3,B3,sac_her_pickandplace_clean_2M
sac_her_recovery_v3,action_delay,0,0.0,-142.0,1.0,0.018599924141846733,150,0.43005555868148804,1.5372997522354126,1.0,1.0,5034,v3,B3,sac_her_pickandplace_clean_2M
sac_her_recovery_v3,action_delay,0,0.0,-142.0,1.0,0.018599924141846733,150,0.43005555868148804,1.5372997522354126,1.0,1.0,5035,v3,B3,sac_her_pickandplace_clean_2M
sac_her_recovery_v3,action_delay,0,0.0,-142.0,1.0,0.018599924141846733,150,0.43005555868148804,1.5372997522354126,1.0,1.0,5036,v3,B3,sac_her_pickandplace_clean_2M
sac_her_recovery_v3,action_delay,0,0.0,-142.0,1.0,0.018599924141846733,150,0.43005555868148804,1.5372997522354126,1.0,1.0,5037,v3,B3,sac_her_pickandplace_clean_2M
sac_her_recovery_v3,action_delay,0,0.0,-142.0,1.0,0.018599924141846733,150,0.43005555868148804,1.5372997522354126,1.0,1.0,5038,v3,B3,sac_her_pickandplace_clean_2M
sac_her_recovery_v3,action_delay,0,0.0,-142.0,1.0,0.018599924141846733,150,0.43005555868148804,1.5372997522354126,1.0,1.0,5039,v3,B3,sac_her_pickandplace_clean_2M
sac_her,action_delay,1,0.0,-20.0,1.0,0.0326542872880553,150,0.1194673478603363,1.0641369819641113,0.0,0.0,5040,none,B1,sac_her_pickandplace_clean_2M
sac_her,action_delay,1,0.0,-20.0,1.0,0.0326542872880553,150,0.1194673478603363,1.0641369819641113,0.0,0.0,5041,none,B1,sac_her_pickandplace_clean_2M
sac_her,action_delay,1,0.0,-20.0,1.0,0.0326542872880553,150,0.1194673478603363,1.0641369819641113,0.0,0.0,5042,none,B1,sac_her_pickandplace_clean_2M
sac_her,action_delay,1,0.0,-20.0,1.0,0.0326542872880553,150,0.1194673478603363,1.0641369819641113,0.0,0.0,5043,none,B1,sac_her_pickandplace_clean_2M
sac_her,action_delay,1,0.0,-20.0,1.0,0.0326542872880553,150,0.1194673478603363,1.0641369819641113,0.0,0.0,5044,none,B1,sac_her_pickandplace_clean_2M
sac_her,action_delay,1,0.0,-20.0,1.0,0.0326542872880553,150,0.1194673478603363,1.0641369819641113,0.0,0.0,5045,none,B1,sac_her_pickandplace_clean_2M
sac_her,action_delay,1,0.0,-20.0,1.0,0.0326542872880553,150,0.1194673478603363,1.0641369819641113,0.0,0.0,5046,none,B1,sac_her_pickandplace_clean_2M
sac_her,action_delay,1,0.0,-20.0,1.0,0.0326542872880553,150,0.1194673478603363,1.0641369819641113,0.0,0.0,5047,none,B1,sac_her_pickandplace_clean_2M
sac_her,action_delay,1,0.0,-20.0,1.0,0.0326542872880553,150,0.1194673478603363,1.0641369819641113,0.0,0.0,5048,none,B1,sac_her_pickandplace_clean_2M
sac_her,action_delay,1,0.0,-20.0,1.0,0.0326542872880553,150,0.1194673478603363,1.0641369819641113,0.0,0.0,5049,none,B1,sac_her_pickandplace_clean_2M
sac_her,action_delay,1,0.0,-20.0,1.0,0.0326542872880553,150,0.1194673478603363,1.0641369819641113,0.0,0.0,5050,none,B1,sac_her_pickandplace_clean_2M
sac_her,action_delay,1,0.0,-20.0,1.0,0.0326542872880553,150,0.1194673478603363,1.0641369819641113,0.0,0.0,5051,none,B1,sac_her_pickandplace_clean_2M
sac_her,action_delay,1,0.0,-20.0,1.0,0.0326542872880553,150,0.1194673478603363,1.0641369819641113,0.0,0.0,5052,none,B1,sac_her_pickandplace_clean_2M
sac_her,action_delay,1,0.0,-20.0,1.0,0.0326542872880553,150,0.1194673478603363,1.0641369819641113,0.0,0.0,5053,none,B1,sac_her_pickandplace_clean_2M
sac_her,action_delay,1,0.0,-20.0,1.0,0.0326542872880553,150,0.1194673478603363,1.0641369819641113,0.0,0.0,5054,none,B1,sac_her_pickandplace_clean_2M
sac_her,action_delay,1,0.0,-20.0,1.0,0.0326542872880553,150,0.1194673478603363,1.0641369819641113,0.0,0.0,5055,none,B1,sac_her_pickandplace_clean_2M
sac_her,action_delay,1,0.0,-20.0,1.0,0.0326542872880553,150,0.1194673478603363,1.0641369819641113,0.0,0.0,5056,none,B1,sac_her_pickandplace_clean_2M
sac_her,action_delay,1,0.0,-20.0,1.0,0.0326542872880553,150,0.1194673478603363,1.0641369819641113,0.0,0.0,5057,none,B1,sac_her_pickandplace_clean_2M
sac_her,action_delay,1,0.0,-20.0,1.0,0.0326542872880553,150,0.1194673478603363,1.0641369819641113,0.0,0.0,5058,none,B1,sac_her_pickandplace_clean_2M
sac_her,action_delay,1,0.0,-20.0,1.0,0.0326542872880553,150,0.1194673478603363,1.0641369819641113,0.0,0.0,5059,none,B1,sac_her_pickandplace_clean_2M
sac_her,action_delay,1,0.0,-20.0,1.0,0.0326542872880553,150,0.1194673478603363,1.0641369819641113,0.0,0.0,5060,none,B1,sac_her_pickandplace_clean_2M
sac_her,action_delay,1,0.0,-20.0,1.0,0.0326542872880553,150,0.1194673478603363,1.0641369819641113,0.0,0.0,5061,none,B1,sac_her_pickandplace_clean_2M
sac_her,action_delay,1,0.0,-20.0,1.0,0.0326542872880553,150,0.1194673478603363,1.0641369819641113,0.0,0.0,5062,none,B1,sac_her_pickandplace_clean_2M
sac_her,action_delay,1,0.0,-20.0,1.0,0.0326542872880553,150,0.1194673478603363,1.0641369819641113,0.0,0.0,5063,none,B1,sac_her_pickandplace_clean_2M
sac_her,action_delay,1,0.0,-20.0,1.0,0.0326542872880553,150,0.1194673478603363,1.0641369819641113,0.0,0.0,5064,none,B1,sac_her_pickandplace_clean_2M
sac_her,action_delay,1,0.0,-20.0,1.0,0.0326542872880553,150,0.1194673478603363,1.0641369819641113,0.0,0.0,5065,none,B1,sac_her_pickandplace_clean_2M
sac_her,action_delay,1,0.0,-20.0,1.0,0.0326542872880553,150,0.1194673478603363,1.0641369819641113,0.0,0.0,5066,none,B1,sac_her_pickandplace_clean_2M
sac_her,action_delay,1,0.0,-20.0,1.0,0.0326542872880553,150,0.1194673478603363,1.0641369819641113,0.0,0.0,5067,none,B1,sac_her_pickandplace_clean_2M
sac_her,action_delay,1,0.0,-20.0,1.0,0.0326542872880553,150,0.1194673478603363,1.0641369819641113,0.0,0.0,5068,none,B1,sac_her_pickandplace_clean_2M
sac_her,action_delay,1,0.0,-20.0,1.0,0.0326542872880553,150,0.1194673478603363,1.0641369819641113,0.0,0.0,5069,none,B1,sac_her_pickandplace_clean_2M
sac_her_recovery_v2,action_delay,1,0.0,-19.0,1.0,0.03256186340945898,150,0.12228436022996902,1.0601743459701538,0.0,1.0,5070,v2,B2,sac_her_pickandplace_clean_2M
sac_her_recovery_v2,action_delay,1,0.0,-19.0,1.0,0.03256186340945898,150,0.12228436022996902,1.0601743459701538,0.0,1.0,5071,v2,B2,sac_her_pickandplace_clean_2M
sac_her_recovery_v2,action_delay,1,0.0,-19.0,1.0,0.03256186340945898,150,0.12228436022996902,1.0601743459701538,0.0,1.0,5072,v2,B2,sac_her_pickandplace_clean_2M
sac_her_recovery_v2,action_delay,1,0.0,-19.0,1.0,0.03256186340945898,150,0.12228436022996902,1.0601743459701538,0.0,1.0,5073,v2,B2,sac_her_pickandplace_clean_2M
sac_her_recovery_v2,action_delay,1,0.0,-19.0,1.0,0.03256186340945898,150,0.12228436022996902,1.0601743459701538,0.0,1.0,5074,v2,B2,sac_her_pickandplace_clean_2M
sac_her_recovery_v2,action_delay,1,0.0,-19.0,1.0,0.03256186340945898,150,0.12228436022996902,1.0601743459701538,0.0,1.0,5075,v2,B2,sac_her_pickandplace_clean_2M
sac_her_recovery_v2,action_delay,1,0.0,-19.0,1.0,0.03256186340945898,150,0.12228436022996902,1.0601743459701538,0.0,1.0,5076,v2,B2,sac_her_pickandplace_clean_2M
sac_her_recovery_v2,action_delay,1,0.0,-19.0,1.0,0.03256186340945898,150,0.12228436022996902,1.0601743459701538,0.0,1.0,5077,v2,B2,sac_her_pickandplace_clean_2M
sac_her_recovery_v2,action_delay,1,0.0,-19.0,1.0,0.03256186340945898,150,0.12228436022996902,1.0601743459701538,0.0,1.0,5078,v2,B2,sac_her_pickandplace_clean_2M
sac_her_recovery_v2,action_delay,1,0.0,-19.0,1.0,0.03256186340945898,150,0.12228436022996902,1.0601743459701538,0.0,1.0,5079,v2,B2,sac_her_pickandplace_clean_2M
sac_her_recovery_v2,action_delay,1,0.0,-19.0,1.0,0.03256186340945898,150,0.12228436022996902,1.0601743459701538,0.0,1.0,5080,v2,B2,sac_her_pickandplace_clean_2M
sac_her_recovery_v2,action_delay,1,0.0,-19.0,1.0,0.03256186340945898,150,0.12228436022996902,1.0601743459701538,0.0,1.0,5081,v2,B2,sac_her_pickandplace_clean_2M
sac_her_recovery_v2,action_delay,1,0.0,-19.0,1.0,0.03256186340945898,150,0.12228436022996902,1.0601743459701538,0.0,1.0,5082,v2,B2,sac_her_pickandplace_clean_2M
sac_her_recovery_v2,action_delay,1,0.0,-19.0,1.0,0.03256186340945898,150,0.12228436022996902,1.0601743459701538,0.0,1.0,5083,v2,B2,sac_her_pickandplace_clean_2M
sac_her_recovery_v2,action_delay,1,0.0,-19.0,1.0,0.03256186340945898,150,0.12228436022996902,1.0601743459701538,0.0,1.0,5084,v2,B2,sac_her_pickandplace_clean_2M
sac_her_recovery_v2,action_delay,1,0.0,-19.0,1.0,0.03256186340945898,150,0.12228436022996902,1.0601743459701538,0.0,1.0,5085,v2,B2,sac_her_pickandplace_clean_2M
sac_her_recovery_v2,action_delay,1,0.0,-19.0,1.0,0.03256186340945898,150,0.12228436022996902,1.0601743459701538,0.0,1.0,5086,v2,B2,sac_her_pickandplace_clean_2M
sac_her_recovery_v2,action_delay,1,0.0,-19.0,1.0,0.03256186340945898,150,0.12228436022996902,1.0601743459701538,0.0,1.0,5087,v2,B2,sac_her_pickandplace_clean_2M
sac_her_recovery_v2,action_delay,1,0.0,-19.0,1.0,0.03256186340945898,150,0.12228436022996902,1.0601743459701538,0.0,1.0,5088,v2,B2,sac_her_pickandplace_clean_2M
sac_her_recovery_v2,action_delay,1,0.0,-19.0,1.0,0.03256186340945898,150,0.12228436022996902,1.0601743459701538,0.0,1.0,5089,v2,B2,sac_her_pickandplace_clean_2M
sac_her_recovery_v2,action_delay,1,0.0,-19.0,1.0,0.03256186340945898,150,0.12228436022996902,1.0601743459701538,0.0,1.0,5090,v2,B2,sac_her_pickandplace_clean_2M
sac_her_recovery_v2,action_delay,1,0.0,-19.0,1.0,0.03256186340945898,150,0.12228436022996902,1.0601743459701538,0.0,1.0,5091,v2,B2,sac_her_pickandplace_clean_2M
sac_her_recovery_v2,action_delay,1,0.0,-19.0,1.0,0.03256186340945898,150,0.12228436022996902,1.0601743459701538,0.0,1.0,5092,v2,B2,sac_her_pickandplace_clean_2M
sac_her_recovery_v2,action_delay,1,0.0,-19.0,1.0,0.03256186340945898,150,0.12228436022996902,1.0601743459701538,0.0,1.0,5093,v2,B2,sac_her_pickandplace_clean_2M
sac_her_recovery_v2,action_delay,1,0.0,-19.0,1.0,0.03256186340945898,150,0.12228436022996902,1.0601743459701538,0.0,1.0,5094,v2,B2,sac_her_pickandplace_clean_2M
sac_her_recovery_v2,action_delay,1,0.0,-19.0,1.0,0.03256186340945898,150,0.12228436022996902,1.0601743459701538,0.0,1.0,5095,v2,B2,sac_her_pickandplace_clean_2M
sac_her_recovery_v2,action_delay,1,0.0,-19.0,1.0,0.03256186340945898,150,0.12228436022996902,1.0601743459701538,0.0,1.0,5096,v2,B2,sac_her_pickandplace_clean_2M
sac_her_recovery_v2,action_delay,1,0.0,-19.0,1.0,0.03256186340945898,150,0.12228436022996902,1.0601743459701538,0.0,1.0,5097,v2,B2,sac_her_pickandplace_clean_2M
sac_her_recovery_v2,action_delay,1,0.0,-19.0,1.0,0.03256186340945898,150,0.12228436022996902,1.0601743459701538,0.0,1.0,5098,v2,B2,sac_her_pickandplace_clean_2M
sac_her_recovery_v2,action_delay,1,0.0,-19.0,1.0,0.03256186340945898,150,0.12228436022996902,1.0601743459701538,0.0,1.0,5099,v2,B2,sac_her_pickandplace_clean_2M
sac_her_recovery_v3,action_delay,1,0.0,-48.0,1.0,0.010164366773562363,150,0.2275073230266571,1.1312774419784546,0.0,1.0,5100,v3,B3,sac_her_pickandplace_clean_2M
sac_her_recovery_v3,action_delay,1,0.0,-48.0,1.0,0.010164366773562363,150,0.2275073230266571,1.1312774419784546,0.0,1.0,5101,v3,B3,sac_her_pickandplace_clean_2M
sac_her_recovery_v3,action_delay,1,0.0,-48.0,1.0,0.010164366773562363,150,0.2275073230266571,1.1312774419784546,0.0,1.0,5102,v3,B3,sac_her_pickandplace_clean_2M
sac_her_recovery_v3,action_delay,1,0.0,-48.0,1.0,0.010164366773562363,150,0.2275073230266571,1.1312774419784546,0.0,1.0,5103,v3,B3,sac_her_pickandplace_clean_2M
sac_her_recovery_v3,action_delay,1,0.0,-48.0,1.0,0.010164366773562363,150,0.2275073230266571,1.1312774419784546,0.0,1.0,5104,v3,B3,sac_her_pickandplace_clean_2M
sac_her_recovery_v3,action_delay,1,0.0,-48.0,1.0,0.010164366773562363,150,0.2275073230266571,1.1312774419784546,0.0,1.0,5105,v3,B3,sac_her_pickandplace_clean_2M
sac_her_recovery_v3,action_delay,1,0.0,-48.0,1.0,0.010164366773562363,150,0.2275073230266571,1.1312774419784546,0.0,1.0,5106,v3,B3,sac_her_pickandplace_clean_2M
sac_her_recovery_v3,action_delay,1,0.0,-48.0,1.0,0.010164366773562363,150,0.2275073230266571,1.1312774419784546,0.0,1.0,5107,v3,B3,sac_her_pickandplace_clean_2M
sac_her_recovery_v3,action_delay,1,0.0,-48.0,1.0,0.010164366773562363,150,0.2275073230266571,1.1312774419784546,0.0,1.0,5108,v3,B3,sac_her_pickandplace_clean_2M
sac_her_recovery_v3,action_delay,1,0.0,-48.0,1.0,0.010164366773562363,150,0.2275073230266571,1.1312774419784546,0.0,1.0,5109,v3,B3,sac_her_pickandplace_clean_2M
sac_her_recovery_v3,action_delay,1,0.0,-48.0,1.0,0.010164366773562363,150,0.2275073230266571,1.1312774419784546,0.0,1.0,5110,v3,B3,sac_her_pickandplace_clean_2M
sac_her_recovery_v3,action_delay,1,0.0,-48.0,1.0,0.010164366773562363,150,0.2275073230266571,1.1312774419784546,0.0,1.0,5111,v3,B3,sac_her_pickandplace_clean_2M
sac_her_recovery_v3,action_delay,1,0.0,-48.0,1.0,0.010164366773562363,150,0.2275073230266571,1.1312774419784546,0.0,1.0,5112,v3,B3,sac_her_pickandplace_clean_2M
sac_her_recovery_v3,action_delay,1,0.0,-48.0,1.0,0.010164366773562363,150,0.2275073230266571,1.1312774419784546,0.0,1.0,5113,v3,B3,sac_her_pickandplace_clean_2M
sac_her_recovery_v3,action_delay,1,0.0,-48.0,1.0,0.010164366773562363,150,0.2275073230266571,1.1312774419784546,0.0,1.0,5114,v3,B3,sac_her_pickandplace_clean_2M
sac_her_recovery_v3,action_delay,1,0.0,-48.0,1.0,0.010164366773562363,150,0.2275073230266571,1.1312774419784546,0.0,1.0,5115,v3,B3,sac_her_pickandplace_clean_2M
sac_her_recovery_v3,action_delay,1,0.0,-48.0,1.0,0.010164366773562363,150,0.2275073230266571,1.1312774419784546,0.0,1.0,5116,v3,B3,sac_her_pickandplace_clean_2M
sac_her_recovery_v3,action_delay,1,0.0,-48.0,1.0,0.010164366773562363,150,0.2275073230266571,1.1312774419784546,0.0,1.0,5117,v3,B3,sac_her_pickandplace_clean_2M
sac_her_recovery_v3,action_delay,1,0.0,-48.0,1.0,0.010164366773562363,150,0.2275073230266571,1.1312774419784546,0.0,1.0,5118,v3,B3,sac_her_pickandplace_clean_2M
sac_her_recovery_v3,action_delay,1,0.0,-48.0,1.0,0.010164366773562363,150,0.2275073230266571,1.1312774419784546,0.0,1.0,5119,v3,B3,sac_her_pickandplace_clean_2M
sac_her_recovery_v3,action_delay,1,0.0,-48.0,1.0,0.010164366773562363,150,0.2275073230266571,1.1312774419784546,0.0,1.0,5120,v3,B3,sac_her_pickandplace_clean_2M
sac_her_recovery_v3,action_delay,1,0.0,-48.0,1.0,0.010164366773562363,150,0.2275073230266571,1.1312774419784546,0.0,1.0,5121,v3,B3,sac_her_pickandplace_clean_2M
sac_her_recovery_v3,action_delay,1,0.0,-48.0,1.0,0.010164366773562363,150,0.2275073230266571,1.1312774419784546,0.0,1.0,5122,v3,B3,sac_her_pickandplace_clean_2M
sac_her_recovery_v3,action_delay,1,0.0,-48.0,1.0,0.010164366773562363,150,0.2275073230266571,1.1312774419784546,0.0,1.0,5123,v3,B3,sac_her_pickandplace_clean_2M
sac_her_recovery_v3,action_delay,1,0.0,-48.0,1.0,0.010164366773562363,150,0.2275073230266571,1.1312774419784546,0.0,1.0,5124,v3,B3,sac_her_pickandplace_clean_2M
sac_her_recovery_v3,action_delay,1,0.0,-48.0,1.0,0.010164366773562363,150,0.2275073230266571,1.1312774419784546,0.0,1.0,5125,v3,B3,sac_her_pickandplace_clean_2M
sac_her_recovery_v3,action_delay,1,0.0,-48.0,1.0,0.010164366773562363,150,0.2275073230266571,1.1312774419784546,0.0,1.0,5126,v3,B3,sac_her_pickandplace_clean_2M
sac_her_recovery_v3,action_delay,1,0.0,-48.0,1.0,0.010164366773562363,150,0.2275073230266571,1.1312774419784546,0.0,1.0,5127,v3,B3,sac_her_pickandplace_clean_2M
sac_her_recovery_v3,action_delay,1,0.0,-48.0,1.0,0.010164366773562363,150,0.2275073230266571,1.1312774419784546,0.0,1.0,5128,v3,B3,sac_her_pickandplace_clean_2M
sac_her_recovery_v3,action_delay,1,0.0,-48.0,1.0,0.010164366773562363,150,0.2275073230266571,1.1312774419784546,0.0,1.0,5129,v3,B3,sac_her_pickandplace_clean_2M
sac_her,action_delay,2,0.0,-12.0,1.0,0.030625458947424706,150,0.7361230254173279,1.2830405235290527,0.0,0.0,5130,none,B1,sac_her_pickandplace_clean_2M
sac_her,action_delay,2,0.0,-12.0,1.0,0.030625458947424706,150,0.7361230254173279,1.2830405235290527,0.0,0.0,5131,none,B1,sac_her_pickandplace_clean_2M
sac_her,action_delay,2,0.0,-12.0,1.0,0.030625458947424706,150,0.7361230254173279,1.2830405235290527,0.0,0.0,5132,none,B1,sac_her_pickandplace_clean_2M
sac_her,action_delay,2,0.0,-12.0,1.0,0.030625458947424706,150,0.7361230254173279,1.2830405235290527,0.0,0.0,5133,none,B1,sac_her_pickandplace_clean_2M
sac_her,action_delay,2,0.0,-12.0,1.0,0.030625458947424706,150,0.7361230254173279,1.2830405235290527,0.0,0.0,5134,none,B1,sac_her_pickandplace_clean_2M
sac_her,action_delay,2,0.0,-12.0,1.0,0.030625458947424706,150,0.7361230254173279,1.2830405235290527,0.0,0.0,5135,none,B1,sac_her_pickandplace_clean_2M
sac_her,action_delay,2,0.0,-12.0,1.0,0.030625458947424706,150,0.7361230254173279,1.2830405235290527,0.0,0.0,5136,none,B1,sac_her_pickandplace_clean_2M
sac_her,action_delay,2,0.0,-12.0,1.0,0.030625458947424706,150,0.7361230254173279,1.2830405235290527,0.0,0.0,5137,none,B1,sac_her_pickandplace_clean_2M
sac_her,action_delay,2,0.0,-12.0,1.0,0.030625458947424706,150,0.7361230254173279,1.2830405235290527,0.0,0.0,5138,none,B1,sac_her_pickandplace_clean_2M
sac_her,action_delay,2,0.0,-12.0,1.0,0.030625458947424706,150,0.7361230254173279,1.2830405235290527,0.0,0.0,5139,none,B1,sac_her_pickandplace_clean_2M
sac_her,action_delay,2,0.0,-12.0,1.0,0.030625458947424706,150,0.7361230254173279,1.2830405235290527,0.0,0.0,5140,none,B1,sac_her_pickandplace_clean_2M
sac_her,action_delay,2,0.0,-12.0,1.0,0.030625458947424706,150,0.7361230254173279,1.2830405235290527,0.0,0.0,5141,none,B1,sac_her_pickandplace_clean_2M
sac_her,action_delay,2,0.0,-12.0,1.0,0.030625458947424706,150,0.7361230254173279,1.2830405235290527,0.0,0.0,5142,none,B1,sac_her_pickandplace_clean_2M
sac_her,action_delay,2,0.0,-12.0,1.0,0.030625458947424706,150,0.7361230254173279,1.2830405235290527,0.0,0.0,5143,none,B1,sac_her_pickandplace_clean_2M
sac_her,action_delay,2,0.0,-12.0,1.0,0.030625458947424706,150,0.7361230254173279,1.2830405235290527,0.0,0.0,5144,none,B1,sac_her_pickandplace_clean_2M
sac_her,action_delay,2,0.0,-12.0,1.0,0.030625458947424706,150,0.7361230254173279,1.2830405235290527,0.0,0.0,5145,none,B1,sac_her_pickandplace_clean_2M
sac_her,action_delay,2,0.0,-12.0,1.0,0.030625458947424706,150,0.7361230254173279,1.2830405235290527,0.0,0.0,5146,none,B1,sac_her_pickandplace_clean_2M
sac_her,action_delay,2,0.0,-12.0,1.0,0.030625458947424706,150,0.7361230254173279,1.2830405235290527,0.0,0.0,5147,none,B1,sac_her_pickandplace_clean_2M
sac_her,action_delay,2,0.0,-12.0,1.0,0.030625458947424706,150,0.7361230254173279,1.2830405235290527,0.0,0.0,5148,none,B1,sac_her_pickandplace_clean_2M
sac_her,action_delay,2,0.0,-12.0,1.0,0.030625458947424706,150,0.7361230254173279,1.2830405235290527,0.0,0.0,5149,none,B1,sac_her_pickandplace_clean_2M
sac_her,action_delay,2,0.0,-12.0,1.0,0.030625458947424706,150,0.7361230254173279,1.2830405235290527,0.0,0.0,5150,none,B1,sac_her_pickandplace_clean_2M
sac_her,action_delay,2,0.0,-12.0,1.0,0.030625458947424706,150,0.7361230254173279,1.2830405235290527,0.0,0.0,5151,none,B1,sac_her_pickandplace_clean_2M
sac_her,action_delay,2,0.0,-12.0,1.0,0.030625458947424706,150,0.7361230254173279,1.2830405235290527,0.0,0.0,5152,none,B1,sac_her_pickandplace_clean_2M
sac_her,action_delay,2,0.0,-12.0,1.0,0.030625458947424706,150,0.7361230254173279,1.2830405235290527,0.0,0.0,5153,none,B1,sac_her_pickandplace_clean_2M
sac_her,action_delay,2,0.0,-12.0,1.0,0.030625458947424706,150,0.7361230254173279,1.2830405235290527,0.0,0.0,5154,none,B1,sac_her_pickandplace_clean_2M
sac_her,action_delay,2,0.0,-12.0,1.0,0.030625458947424706,150,0.7361230254173279,1.2830405235290527,0.0,0.0,5155,none,B1,sac_her_pickandplace_clean_2M
sac_her,action_delay,2,0.0,-12.0,1.0,0.030625458947424706,150,0.7361230254173279,1.2830405235290527,0.0,0.0,5156,none,B1,sac_her_pickandplace_clean_2M
sac_her,action_delay,2,0.0,-12.0,1.0,0.030625458947424706,150,0.7361230254173279,1.2830405235290527,0.0,0.0,5157,none,B1,sac_her_pickandplace_clean_2M
sac_her,action_delay,2,0.0,-12.0,1.0,0.030625458947424706,150,0.7361230254173279,1.2830405235290527,0.0,0.0,5158,none,B1,sac_her_pickandplace_clean_2M
sac_her,action_delay,2,0.0,-12.0,1.0,0.030625458947424706,150,0.7361230254173279,1.2830405235290527,0.0,0.0,5159,none,B1,sac_her_pickandplace_clean_2M
sac_her_recovery_v2,action_delay,2,0.0,-13.0,1.0,0.025741205450237514,150,0.7538458704948425,1.28007972240448,0.0,1.0,5160,v2,B2,sac_her_pickandplace_clean_2M
sac_her_recovery_v2,action_delay,2,0.0,-13.0,1.0,0.025741205450237514,150,0.7538458704948425,1.28007972240448,0.0,1.0,5161,v2,B2,sac_her_pickandplace_clean_2M
sac_her_recovery_v2,action_delay,2,0.0,-13.0,1.0,0.025741205450237514,150,0.7538458704948425,1.28007972240448,0.0,1.0,5162,v2,B2,sac_her_pickandplace_clean_2M
sac_her_recovery_v2,action_delay,2,0.0,-13.0,1.0,0.025741205450237514,150,0.7538458704948425,1.28007972240448,0.0,1.0,5163,v2,B2,sac_her_pickandplace_clean_2M
sac_her_recovery_v2,action_delay,2,0.0,-13.0,1.0,0.025741205450237514,150,0.7538458704948425,1.28007972240448,0.0,1.0,5164,v2,B2,sac_her_pickandplace_clean_2M
sac_her_recovery_v2,action_delay,2,0.0,-13.0,1.0,0.025741205450237514,150,0.7538458704948425,1.28007972240448,0.0,1.0,5165,v2,B2,sac_her_pickandplace_clean_2M
sac_her_recovery_v2,action_delay,2,0.0,-13.0,1.0,0.025741205450237514,150,0.7538458704948425,1.28007972240448,0.0,1.0,5166,v2,B2,sac_her_pickandplace_clean_2M
sac_her_recovery_v2,action_delay,2,0.0,-13.0,1.0,0.025741205450237514,150,0.7538458704948425,1.28007972240448,0.0,1.0,5167,v2,B2,sac_her_pickandplace_clean_2M
sac_her_recovery_v2,action_delay,2,0.0,-13.0,1.0,0.025741205450237514,150,0.7538458704948425,1.28007972240448,0.0,1.0,5168,v2,B2,sac_her_pickandplace_clean_2M
sac_her_recovery_v2,action_delay,2,0.0,-13.0,1.0,0.025741205450237514,150,0.7538458704948425,1.28007972240448,0.0,1.0,5169,v2,B2,sac_her_pickandplace_clean_2M
sac_her_recovery_v2,action_delay,2,0.0,-13.0,1.0,0.025741205450237514,150,0.7538458704948425,1.28007972240448,0.0,1.0,5170,v2,B2,sac_her_pickandplace_clean_2M
sac_her_recovery_v2,action_delay,2,0.0,-13.0,1.0,0.025741205450237514,150,0.7538458704948425,1.28007972240448,0.0,1.0,5171,v2,B2,sac_her_pickandplace_clean_2M
sac_her_recovery_v2,action_delay,2,0.0,-13.0,1.0,0.025741205450237514,150,0.7538458704948425,1.28007972240448,0.0,1.0,5172,v2,B2,sac_her_pickandplace_clean_2M
sac_her_recovery_v2,action_delay,2,0.0,-13.0,1.0,0.025741205450237514,150,0.7538458704948425,1.28007972240448,0.0,1.0,5173,v2,B2,sac_her_pickandplace_clean_2M
sac_her_recovery_v2,action_delay,2,0.0,-13.0,1.0,0.025741205450237514,150,0.7538458704948425,1.28007972240448,0.0,1.0,5174,v2,B2,sac_her_pickandplace_clean_2M
sac_her_recovery_v2,action_delay,2,0.0,-13.0,1.0,0.025741205450237514,150,0.7538458704948425,1.28007972240448,0.0,1.0,5175,v2,B2,sac_her_pickandplace_clean_2M
sac_her_recovery_v2,action_delay,2,0.0,-13.0,1.0,0.025741205450237514,150,0.7538458704948425,1.28007972240448,0.0,1.0,5176,v2,B2,sac_her_pickandplace_clean_2M
sac_her_recovery_v2,action_delay,2,0.0,-13.0,1.0,0.025741205450237514,150,0.7538458704948425,1.28007972240448,0.0,1.0,5177,v2,B2,sac_her_pickandplace_clean_2M
sac_her_recovery_v2,action_delay,2,0.0,-13.0,1.0,0.025741205450237514,150,0.7538458704948425,1.28007972240448,0.0,1.0,5178,v2,B2,sac_her_pickandplace_clean_2M
sac_her_recovery_v2,action_delay,2,0.0,-13.0,1.0,0.025741205450237514,150,0.7538458704948425,1.28007972240448,0.0,1.0,5179,v2,B2,sac_her_pickandplace_clean_2M
sac_her_recovery_v2,action_delay,2,0.0,-13.0,1.0,0.025741205450237514,150,0.7538458704948425,1.28007972240448,0.0,1.0,5180,v2,B2,sac_her_pickandplace_clean_2M
sac_her_recovery_v2,action_delay,2,0.0,-13.0,1.0,0.025741205450237514,150,0.7538458704948425,1.28007972240448,0.0,1.0,5181,v2,B2,sac_her_pickandplace_clean_2M
sac_her_recovery_v2,action_delay,2,0.0,-13.0,1.0,0.025741205450237514,150,0.7538458704948425,1.28007972240448,0.0,1.0,5182,v2,B2,sac_her_pickandplace_clean_2M
sac_her_recovery_v2,action_delay,2,0.0,-13.0,1.0,0.025741205450237514,150,0.7538458704948425,1.28007972240448,0.0,1.0,5183,v2,B2,sac_her_pickandplace_clean_2M
sac_her_recovery_v2,action_delay,2,0.0,-13.0,1.0,0.025741205450237514,150,0.7538458704948425,1.28007972240448,0.0,1.0,5184,v2,B2,sac_her_pickandplace_clean_2M
sac_her_recovery_v2,action_delay,2,0.0,-13.0,1.0,0.025741205450237514,150,0.7538458704948425,1.28007972240448,0.0,1.0,5185,v2,B2,sac_her_pickandplace_clean_2M
sac_her_recovery_v2,action_delay,2,0.0,-13.0,1.0,0.025741205450237514,150,0.7538458704948425,1.28007972240448,0.0,1.0,5186,v2,B2,sac_her_pickandplace_clean_2M
sac_her_recovery_v2,action_delay,2,0.0,-13.0,1.0,0.025741205450237514,150,0.7538458704948425,1.28007972240448,0.0,1.0,5187,v2,B2,sac_her_pickandplace_clean_2M
sac_her_recovery_v2,action_delay,2,0.0,-13.0,1.0,0.025741205450237514,150,0.7538458704948425,1.28007972240448,0.0,1.0,5188,v2,B2,sac_her_pickandplace_clean_2M
sac_her_recovery_v2,action_delay,2,0.0,-13.0,1.0,0.025741205450237514,150,0.7538458704948425,1.28007972240448,0.0,1.0,5189,v2,B2,sac_her_pickandplace_clean_2M
sac_her_recovery_v3,action_delay,2,0.0,-30.0,1.0,0.028657791761272627,150,0.6796268224716187,1.229941964149475,0.0,1.0,5190,v3,B3,sac_her_pickandplace_clean_2M
sac_her_recovery_v3,action_delay,2,0.0,-30.0,1.0,0.028657791761272627,150,0.6796268224716187,1.229941964149475,0.0,1.0,5191,v3,B3,sac_her_pickandplace_clean_2M
sac_her_recovery_v3,action_delay,2,0.0,-30.0,1.0,0.028657791761272627,150,0.6796268224716187,1.229941964149475,0.0,1.0,5192,v3,B3,sac_her_pickandplace_clean_2M
sac_her_recovery_v3,action_delay,2,0.0,-30.0,1.0,0.028657791761272627,150,0.6796268224716187,1.229941964149475,0.0,1.0,5193,v3,B3,sac_her_pickandplace_clean_2M
sac_her_recovery_v3,action_delay,2,0.0,-30.0,1.0,0.028657791761272627,150,0.6796268224716187,1.229941964149475,0.0,1.0,5194,v3,B3,sac_her_pickandplace_clean_2M
sac_her_recovery_v3,action_delay,2,0.0,-30.0,1.0,0.028657791761272627,150,0.6796268224716187,1.229941964149475,0.0,1.0,5195,v3,B3,sac_her_pickandplace_clean_2M
sac_her_recovery_v3,action_delay,2,0.0,-30.0,1.0,0.028657791761272627,150,0.6796268224716187,1.229941964149475,0.0,1.0,5196,v3,B3,sac_her_pickandplace_clean_2M
sac_her_recovery_v3,action_delay,2,0.0,-30.0,1.0,0.028657791761272627,150,0.6796268224716187,1.229941964149475,0.0,1.0,5197,v3,B3,sac_her_pickandplace_clean_2M
sac_her_recovery_v3,action_delay,2,0.0,-30.0,1.0,0.028657791761272627,150,0.6796268224716187,1.229941964149475,0.0,1.0,5198,v3,B3,sac_her_pickandplace_clean_2M
sac_her_recovery_v3,action_delay,2,0.0,-30.0,1.0,0.028657791761272627,150,0.6796268224716187,1.229941964149475,0.0,1.0,5199,v3,B3,sac_her_pickandplace_clean_2M
sac_her_recovery_v3,action_delay,2,0.0,-30.0,1.0,0.028657791761272627,150,0.6796268224716187,1.229941964149475,0.0,1.0,5200,v3,B3,sac_her_pickandplace_clean_2M
sac_her_recovery_v3,action_delay,2,0.0,-30.0,1.0,0.028657791761272627,150,0.6796268224716187,1.229941964149475,0.0,1.0,5201,v3,B3,sac_her_pickandplace_clean_2M
sac_her_recovery_v3,action_delay,2,0.0,-30.0,1.0,0.028657791761272627,150,0.6796268224716187,1.229941964149475,0.0,1.0,5202,v3,B3,sac_her_pickandplace_clean_2M
sac_her_recovery_v3,action_delay,2,0.0,-30.0,1.0,0.028657791761272627,150,0.6796268224716187,1.229941964149475,0.0,1.0,5203,v3,B3,sac_her_pickandplace_clean_2M
sac_her_recovery_v3,action_delay,2,0.0,-30.0,1.0,0.028657791761272627,150,0.6796268224716187,1.229941964149475,0.0,1.0,5204,v3,B3,sac_her_pickandplace_clean_2M
sac_her_recovery_v3,action_delay,2,0.0,-30.0,1.0,0.028657791761272627,150,0.6796268224716187,1.229941964149475,0.0,1.0,5205,v3,B3,sac_her_pickandplace_clean_2M
sac_her_recovery_v3,action_delay,2,0.0,-30.0,1.0,0.028657791761272627,150,0.6796268224716187,1.229941964149475,0.0,1.0,5206,v3,B3,sac_her_pickandplace_clean_2M
sac_her_recovery_v3,action_delay,2,0.0,-30.0,1.0,0.028657791761272627,150,0.6796268224716187,1.229941964149475,0.0,1.0,5207,v3,B3,sac_her_pickandplace_clean_2M
sac_her_recovery_v3,action_delay,2,0.0,-30.0,1.0,0.028657791761272627,150,0.6796268224716187,1.229941964149475,0.0,1.0,5208,v3,B3,sac_her_pickandplace_clean_2M
sac_her_recovery_v3,action_delay,2,0.0,-30.0,1.0,0.028657791761272627,150,0.6796268224716187,1.229941964149475,0.0,1.0,5209,v3,B3,sac_her_pickandplace_clean_2M
sac_her_recovery_v3,action_delay,2,0.0,-30.0,1.0,0.028657791761272627,150,0.6796268224716187,1.229941964149475,0.0,1.0,5210,v3,B3,sac_her_pickandplace_clean_2M
sac_her_recovery_v3,action_delay,2,0.0,-30.0,1.0,0.028657791761272627,150,0.6796268224716187,1.229941964149475,0.0,1.0,5211,v3,B3,sac_her_pickandplace_clean_2M
sac_her_recovery_v3,action_delay,2,0.0,-30.0,1.0,0.028657791761272627,150,0.6796268224716187,1.229941964149475,0.0,1.0,5212,v3,B3,sac_her_pickandplace_clean_2M
sac_her_recovery_v3,action_delay,2,0.0,-30.0,1.0,0.028657791761272627,150,0.6796268224716187,1.229941964149475,0.0,1.0,5213,v3,B3,sac_her_pickandplace_clean_2M
sac_her_recovery_v3,action_delay,2,0.0,-30.0,1.0,0.028657791761272627,150,0.6796268224716187,1.229941964149475,0.0,1.0,5214,v3,B3,sac_her_pickandplace_clean_2M
sac_her_recovery_v3,action_delay,2,0.0,-30.0,1.0,0.028657791761272627,150,0.6796268224716187,1.229941964149475,0.0,1.0,5215,v3,B3,sac_her_pickandplace_clean_2M
sac_her_recovery_v3,action_delay,2,0.0,-30.0,1.0,0.028657791761272627,150,0.6796268224716187,1.229941964149475,0.0,1.0,5216,v3,B3,sac_her_pickandplace_clean_2M
sac_her_recovery_v3,action_delay,2,0.0,-30.0,1.0,0.028657791761272627,150,0.6796268224716187,1.229941964149475,0.0,1.0,5217,v3,B3,sac_her_pickandplace_clean_2M
sac_her_recovery_v3,action_delay,2,0.0,-30.0,1.0,0.028657791761272627,150,0.6796268224716187,1.229941964149475,0.0,1.0,5218,v3,B3,sac_her_pickandplace_clean_2M
sac_her_recovery_v3,action_delay,2,0.0,-30.0,1.0,0.028657791761272627,150,0.6796268224716187,1.229941964149475,0.0,1.0,5219,v3,B3,sac_her_pickandplace_clean_2M
sac_her,action_delay,3,0.0,-27.0,1.0,0.02472944189446882,150,0.19004449248313904,1.1163218021392822,0.0,0.0,5220,none,B1,sac_her_pickandplace_clean_2M
sac_her,action_delay,3,0.0,-27.0,1.0,0.02472944189446882,150,0.19004449248313904,1.1163218021392822,0.0,0.0,5221,none,B1,sac_her_pickandplace_clean_2M
sac_her,action_delay,3,0.0,-27.0,1.0,0.02472944189446882,150,0.19004449248313904,1.1163218021392822,0.0,0.0,5222,none,B1,sac_her_pickandplace_clean_2M
sac_her,action_delay,3,0.0,-27.0,1.0,0.02472944189446882,150,0.19004449248313904,1.1163218021392822,0.0,0.0,5223,none,B1,sac_her_pickandplace_clean_2M
sac_her,action_delay,3,0.0,-27.0,1.0,0.02472944189446882,150,0.19004449248313904,1.1163218021392822,0.0,0.0,5224,none,B1,sac_her_pickandplace_clean_2M
sac_her,action_delay,3,0.0,-27.0,1.0,0.02472944189446882,150,0.19004449248313904,1.1163218021392822,0.0,0.0,5225,none,B1,sac_her_pickandplace_clean_2M
sac_her,action_delay,3,0.0,-27.0,1.0,0.02472944189446882,150,0.19004449248313904,1.1163218021392822,0.0,0.0,5226,none,B1,sac_her_pickandplace_clean_2M
sac_her,action_delay,3,0.0,-27.0,1.0,0.02472944189446882,150,0.19004449248313904,1.1163218021392822,0.0,0.0,5227,none,B1,sac_her_pickandplace_clean_2M
sac_her,action_delay,3,0.0,-27.0,1.0,0.02472944189446882,150,0.19004449248313904,1.1163218021392822,0.0,0.0,5228,none,B1,sac_her_pickandplace_clean_2M
sac_her,action_delay,3,0.0,-27.0,1.0,0.02472944189446882,150,0.19004449248313904,1.1163218021392822,0.0,0.0,5229,none,B1,sac_her_pickandplace_clean_2M
sac_her,action_delay,3,0.0,-27.0,1.0,0.02472944189446882,150,0.19004449248313904,1.1163218021392822,0.0,0.0,5230,none,B1,sac_her_pickandplace_clean_2M
sac_her,action_delay,3,0.0,-27.0,1.0,0.02472944189446882,150,0.19004449248313904,1.1163218021392822,0.0,0.0,5231,none,B1,sac_her_pickandplace_clean_2M
sac_her,action_delay,3,0.0,-27.0,1.0,0.02472944189446882,150,0.19004449248313904,1.1163218021392822,0.0,0.0,5232,none,B1,sac_her_pickandplace_clean_2M
sac_her,action_delay,3,0.0,-27.0,1.0,0.02472944189446882,150,0.19004449248313904,1.1163218021392822,0.0,0.0,5233,none,B1,sac_her_pickandplace_clean_2M
sac_her,action_delay,3,0.0,-27.0,1.0,0.02472944189446882,150,0.19004449248313904,1.1163218021392822,0.0,0.0,5234,none,B1,sac_her_pickandplace_clean_2M
sac_her,action_delay,3,0.0,-27.0,1.0,0.02472944189446882,150,0.19004449248313904,1.1163218021392822,0.0,0.0,5235,none,B1,sac_her_pickandplace_clean_2M
sac_her,action_delay,3,0.0,-27.0,1.0,0.02472944189446882,150,0.19004449248313904,1.1163218021392822,0.0,0.0,5236,none,B1,sac_her_pickandplace_clean_2M
sac_her,action_delay,3,0.0,-27.0,1.0,0.02472944189446882,150,0.19004449248313904,1.1163218021392822,0.0,0.0,5237,none,B1,sac_her_pickandplace_clean_2M
sac_her,action_delay,3,0.0,-27.0,1.0,0.02472944189446882,150,0.19004449248313904,1.1163218021392822,0.0,0.0,5238,none,B1,sac_her_pickandplace_clean_2M
sac_her,action_delay,3,0.0,-27.0,1.0,0.02472944189446882,150,0.19004449248313904,1.1163218021392822,0.0,0.0,5239,none,B1,sac_her_pickandplace_clean_2M
sac_her,action_delay,3,0.0,-27.0,1.0,0.02472944189446882,150,0.19004449248313904,1.1163218021392822,0.0,0.0,5240,none,B1,sac_her_pickandplace_clean_2M
sac_her,action_delay,3,0.0,-27.0,1.0,0.02472944189446882,150,0.19004449248313904,1.1163218021392822,0.0,0.0,5241,none,B1,sac_her_pickandplace_clean_2M
sac_her,action_delay,3,0.0,-27.0,1.0,0.02472944189446882,150,0.19004449248313904,1.1163218021392822,0.0,0.0,5242,none,B1,sac_her_pickandplace_clean_2M
sac_her,action_delay,3,0.0,-27.0,1.0,0.02472944189446882,150,0.19004449248313904,1.1163218021392822,0.0,0.0,5243,none,B1,sac_her_pickandplace_clean_2M
sac_her,action_delay,3,0.0,-27.0,1.0,0.02472944189446882,150,0.19004449248313904,1.1163218021392822,0.0,0.0,5244,none,B1,sac_her_pickandplace_clean_2M
sac_her,action_delay,3,0.0,-27.0,1.0,0.02472944189446882,150,0.19004449248313904,1.1163218021392822,0.0,0.0,5245,none,B1,sac_her_pickandplace_clean_2M
sac_her,action_delay,3,0.0,-27.0,1.0,0.02472944189446882,150,0.19004449248313904,1.1163218021392822,0.0,0.0,5246,none,B1,sac_her_pickandplace_clean_2M
sac_her,action_delay,3,0.0,-27.0,1.0,0.02472944189446882,150,0.19004449248313904,1.1163218021392822,0.0,0.0,5247,none,B1,sac_her_pickandplace_clean_2M
sac_her,action_delay,3,0.0,-27.0,1.0,0.02472944189446882,150,0.19004449248313904,1.1163218021392822,0.0,0.0,5248,none,B1,sac_her_pickandplace_clean_2M
sac_her,action_delay,3,0.0,-27.0,1.0,0.02472944189446882,150,0.19004449248313904,1.1163218021392822,0.0,0.0,5249,none,B1,sac_her_pickandplace_clean_2M
sac_her_recovery_v2,action_delay,3,0.0,-28.0,1.0,0.022050372328013556,150,0.21302755177021027,1.1134229898452759,0.0,1.0,5250,v2,B2,sac_her_pickandplace_clean_2M
sac_her_recovery_v2,action_delay,3,0.0,-28.0,1.0,0.022050372328013556,150,0.21302755177021027,1.1134229898452759,0.0,1.0,5251,v2,B2,sac_her_pickandplace_clean_2M
sac_her_recovery_v2,action_delay,3,0.0,-28.0,1.0,0.022050372328013556,150,0.21302755177021027,1.1134229898452759,0.0,1.0,5252,v2,B2,sac_her_pickandplace_clean_2M
sac_her_recovery_v2,action_delay,3,0.0,-28.0,1.0,0.022050372328013556,150,0.21302755177021027,1.1134229898452759,0.0,1.0,5253,v2,B2,sac_her_pickandplace_clean_2M
sac_her_recovery_v2,action_delay,3,0.0,-28.0,1.0,0.022050372328013556,150,0.21302755177021027,1.1134229898452759,0.0,1.0,5254,v2,B2,sac_her_pickandplace_clean_2M
sac_her_recovery_v2,action_delay,3,0.0,-28.0,1.0,0.022050372328013556,150,0.21302755177021027,1.1134229898452759,0.0,1.0,5255,v2,B2,sac_her_pickandplace_clean_2M
sac_her_recovery_v2,action_delay,3,0.0,-28.0,1.0,0.022050372328013556,150,0.21302755177021027,1.1134229898452759,0.0,1.0,5256,v2,B2,sac_her_pickandplace_clean_2M
sac_her_recovery_v2,action_delay,3,0.0,-28.0,1.0,0.022050372328013556,150,0.21302755177021027,1.1134229898452759,0.0,1.0,5257,v2,B2,sac_her_pickandplace_clean_2M
sac_her_recovery_v2,action_delay,3,0.0,-28.0,1.0,0.022050372328013556,150,0.21302755177021027,1.1134229898452759,0.0,1.0,5258,v2,B2,sac_her_pickandplace_clean_2M
sac_her_recovery_v2,action_delay,3,0.0,-28.0,1.0,0.022050372328013556,150,0.21302755177021027,1.1134229898452759,0.0,1.0,5259,v2,B2,sac_her_pickandplace_clean_2M
sac_her_recovery_v2,action_delay,3,0.0,-28.0,1.0,0.022050372328013556,150,0.21302755177021027,1.1134229898452759,0.0,1.0,5260,v2,B2,sac_her_pickandplace_clean_2M
sac_her_recovery_v2,action_delay,3,0.0,-28.0,1.0,0.022050372328013556,150,0.21302755177021027,1.1134229898452759,0.0,1.0,5261,v2,B2,sac_her_pickandplace_clean_2M
sac_her_recovery_v2,action_delay,3,0.0,-28.0,1.0,0.022050372328013556,150,0.21302755177021027,1.1134229898452759,0.0,1.0,5262,v2,B2,sac_her_pickandplace_clean_2M
sac_her_recovery_v2,action_delay,3,0.0,-28.0,1.0,0.022050372328013556,150,0.21302755177021027,1.1134229898452759,0.0,1.0,5263,v2,B2,sac_her_pickandplace_clean_2M
sac_her_recovery_v2,action_delay,3,0.0,-28.0,1.0,0.022050372328013556,150,0.21302755177021027,1.1134229898452759,0.0,1.0,5264,v2,B2,sac_her_pickandplace_clean_2M
sac_her_recovery_v2,action_delay,3,0.0,-28.0,1.0,0.022050372328013556,150,0.21302755177021027,1.1134229898452759,0.0,1.0,5265,v2,B2,sac_her_pickandplace_clean_2M
sac_her_recovery_v2,action_delay,3,0.0,-28.0,1.0,0.022050372328013556,150,0.21302755177021027,1.1134229898452759,0.0,1.0,5266,v2,B2,sac_her_pickandplace_clean_2M
sac_her_recovery_v2,action_delay,3,0.0,-28.0,1.0,0.022050372328013556,150,0.21302755177021027,1.1134229898452759,0.0,1.0,5267,v2,B2,sac_her_pickandplace_clean_2M
sac_her_recovery_v2,action_delay,3,0.0,-28.0,1.0,0.022050372328013556,150,0.21302755177021027,1.1134229898452759,0.0,1.0,5268,v2,B2,sac_her_pickandplace_clean_2M
sac_her_recovery_v2,action_delay,3,0.0,-28.0,1.0,0.022050372328013556,150,0.21302755177021027,1.1134229898452759,0.0,1.0,5269,v2,B2,sac_her_pickandplace_clean_2M
sac_her_recovery_v2,action_delay,3,0.0,-28.0,1.0,0.022050372328013556,150,0.21302755177021027,1.1134229898452759,0.0,1.0,5270,v2,B2,sac_her_pickandplace_clean_2M
sac_her_recovery_v2,action_delay,3,0.0,-28.0,1.0,0.022050372328013556,150,0.21302755177021027,1.1134229898452759,0.0,1.0,5271,v2,B2,sac_her_pickandplace_clean_2M
sac_her_recovery_v2,action_delay,3,0.0,-28.0,1.0,0.022050372328013556,150,0.21302755177021027,1.1134229898452759,0.0,1.0,5272,v2,B2,sac_her_pickandplace_clean_2M
sac_her_recovery_v2,action_delay,3,0.0,-28.0,1.0,0.022050372328013556,150,0.21302755177021027,1.1134229898452759,0.0,1.0,5273,v2,B2,sac_her_pickandplace_clean_2M
sac_her_recovery_v2,action_delay,3,0.0,-28.0,1.0,0.022050372328013556,150,0.21302755177021027,1.1134229898452759,0.0,1.0,5274,v2,B2,sac_her_pickandplace_clean_2M
sac_her_recovery_v2,action_delay,3,0.0,-28.0,1.0,0.022050372328013556,150,0.21302755177021027,1.1134229898452759,0.0,1.0,5275,v2,B2,sac_her_pickandplace_clean_2M
sac_her_recovery_v2,action_delay,3,0.0,-28.0,1.0,0.022050372328013556,150,0.21302755177021027,1.1134229898452759,0.0,1.0,5276,v2,B2,sac_her_pickandplace_clean_2M
sac_her_recovery_v2,action_delay,3,0.0,-28.0,1.0,0.022050372328013556,150,0.21302755177021027,1.1134229898452759,0.0,1.0,5277,v2,B2,sac_her_pickandplace_clean_2M
sac_her_recovery_v2,action_delay,3,0.0,-28.0,1.0,0.022050372328013556,150,0.21302755177021027,1.1134229898452759,0.0,1.0,5278,v2,B2,sac_her_pickandplace_clean_2M
sac_her_recovery_v2,action_delay,3,0.0,-28.0,1.0,0.022050372328013556,150,0.21302755177021027,1.1134229898452759,0.0,1.0,5279,v2,B2,sac_her_pickandplace_clean_2M
sac_her_recovery_v3,action_delay,3,0.0,-44.0,1.0,0.025594186152908767,150,0.2654075622558594,1.161476731300354,1.0,1.0,5280,v3,B3,sac_her_pickandplace_clean_2M
sac_her_recovery_v3,action_delay,3,0.0,-44.0,1.0,0.025594186152908767,150,0.2654075622558594,1.161476731300354,1.0,1.0,5281,v3,B3,sac_her_pickandplace_clean_2M
sac_her_recovery_v3,action_delay,3,0.0,-44.0,1.0,0.025594186152908767,150,0.2654075622558594,1.161476731300354,1.0,1.0,5282,v3,B3,sac_her_pickandplace_clean_2M
sac_her_recovery_v3,action_delay,3,0.0,-44.0,1.0,0.025594186152908767,150,0.2654075622558594,1.161476731300354,1.0,1.0,5283,v3,B3,sac_her_pickandplace_clean_2M
sac_her_recovery_v3,action_delay,3,0.0,-44.0,1.0,0.025594186152908767,150,0.2654075622558594,1.161476731300354,1.0,1.0,5284,v3,B3,sac_her_pickandplace_clean_2M
sac_her_recovery_v3,action_delay,3,0.0,-44.0,1.0,0.025594186152908767,150,0.2654075622558594,1.161476731300354,1.0,1.0,5285,v3,B3,sac_her_pickandplace_clean_2M
sac_her_recovery_v3,action_delay,3,0.0,-44.0,1.0,0.025594186152908767,150,0.2654075622558594,1.161476731300354,1.0,1.0,5286,v3,B3,sac_her_pickandplace_clean_2M
sac_her_recovery_v3,action_delay,3,0.0,-44.0,1.0,0.025594186152908767,150,0.2654075622558594,1.161476731300354,1.0,1.0,5287,v3,B3,sac_her_pickandplace_clean_2M
sac_her_recovery_v3,action_delay,3,0.0,-44.0,1.0,0.025594186152908767,150,0.2654075622558594,1.161476731300354,1.0,1.0,5288,v3,B3,sac_her_pickandplace_clean_2M
sac_her_recovery_v3,action_delay,3,0.0,-44.0,1.0,0.025594186152908767,150,0.2654075622558594,1.161476731300354,1.0,1.0,5289,v3,B3,sac_her_pickandplace_clean_2M
sac_her_recovery_v3,action_delay,3,0.0,-44.0,1.0,0.025594186152908767,150,0.2654075622558594,1.161476731300354,1.0,1.0,5290,v3,B3,sac_her_pickandplace_clean_2M
sac_her_recovery_v3,action_delay,3,0.0,-44.0,1.0,0.025594186152908767,150,0.2654075622558594,1.161476731300354,1.0,1.0,5291,v3,B3,sac_her_pickandplace_clean_2M
sac_her_recovery_v3,action_delay,3,0.0,-44.0,1.0,0.025594186152908767,150,0.2654075622558594,1.161476731300354,1.0,1.0,5292,v3,B3,sac_her_pickandplace_clean_2M
sac_her_recovery_v3,action_delay,3,0.0,-44.0,1.0,0.025594186152908767,150,0.2654075622558594,1.161476731300354,1.0,1.0,5293,v3,B3,sac_her_pickandplace_clean_2M
sac_her_recovery_v3,action_delay,3,0.0,-44.0,1.0,0.025594186152908767,150,0.2654075622558594,1.161476731300354,1.0,1.0,5294,v3,B3,sac_her_pickandplace_clean_2M
sac_her_recovery_v3,action_delay,3,0.0,-44.0,1.0,0.025594186152908767,150,0.2654075622558594,1.161476731300354,1.0,1.0,5295,v3,B3,sac_her_pickandplace_clean_2M
sac_her_recovery_v3,action_delay,3,0.0,-44.0,1.0,0.025594186152908767,150,0.2654075622558594,1.161476731300354,1.0,1.0,5296,v3,B3,sac_her_pickandplace_clean_2M
sac_her_recovery_v3,action_delay,3,0.0,-44.0,1.0,0.025594186152908767,150,0.2654075622558594,1.161476731300354,1.0,1.0,5297,v3,B3,sac_her_pickandplace_clean_2M
sac_her_recovery_v3,action_delay,3,0.0,-44.0,1.0,0.025594186152908767,150,0.2654075622558594,1.161476731300354,1.0,1.0,5298,v3,B3,sac_her_pickandplace_clean_2M
sac_her_recovery_v3,action_delay,3,0.0,-44.0,1.0,0.025594186152908767,150,0.2654075622558594,1.161476731300354,1.0,1.0,5299,v3,B3,sac_her_pickandplace_clean_2M
sac_her_recovery_v3,action_delay,3,0.0,-44.0,1.0,0.025594186152908767,150,0.2654075622558594,1.161476731300354,1.0,1.0,5300,v3,B3,sac_her_pickandplace_clean_2M
sac_her_recovery_v3,action_delay,3,0.0,-44.0,1.0,0.025594186152908767,150,0.2654075622558594,1.161476731300354,1.0,1.0,5301,v3,B3,sac_her_pickandplace_clean_2M
sac_her_recovery_v3,action_delay,3,0.0,-44.0,1.0,0.025594186152908767,150,0.2654075622558594,1.161476731300354,1.0,1.0,5302,v3,B3,sac_her_pickandplace_clean_2M
sac_her_recovery_v3,action_delay,3,0.0,-44.0,1.0,0.025594186152908767,150,0.2654075622558594,1.161476731300354,1.0,1.0,5303,v3,B3,sac_her_pickandplace_clean_2M
sac_her_recovery_v3,action_delay,3,0.0,-44.0,1.0,0.025594186152908767,150,0.2654075622558594,1.161476731300354,1.0,1.0,5304,v3,B3,sac_her_pickandplace_clean_2M
sac_her_recovery_v3,action_delay,3,0.0,-44.0,1.0,0.025594186152908767,150,0.2654075622558594,1.161476731300354,1.0,1.0,5305,v3,B3,sac_her_pickandplace_clean_2M
sac_her_recovery_v3,action_delay,3,0.0,-44.0,1.0,0.025594186152908767,150,0.2654075622558594,1.161476731300354,1.0,1.0,5306,v3,B3,sac_her_pickandplace_clean_2M
sac_her_recovery_v3,action_delay,3,0.0,-44.0,1.0,0.025594186152908767,150,0.2654075622558594,1.161476731300354,1.0,1.0,5307,v3,B3,sac_her_pickandplace_clean_2M
sac_her_recovery_v3,action_delay,3,0.0,-44.0,1.0,0.025594186152908767,150,0.2654075622558594,1.161476731300354,1.0,1.0,5308,v3,B3,sac_her_pickandplace_clean_2M
sac_her_recovery_v3,action_delay,3,0.0,-44.0,1.0,0.025594186152908767,150,0.2654075622558594,1.161476731300354,1.0,1.0,5309,v3,B3,sac_her_pickandplace_clean_2M
sac_her,action_delay,4,0.0,-21.0,1.0,0.03384464872519485,150,0.09943491965532303,1.0527153015136719,0.0,0.0,5310,none,B1,sac_her_pickandplace_clean_2M
sac_her,action_delay,4,0.0,-21.0,1.0,0.03384464872519485,150,0.09943491965532303,1.0527153015136719,0.0,0.0,5311,none,B1,sac_her_pickandplace_clean_2M
sac_her,action_delay,4,0.0,-21.0,1.0,0.03384464872519485,150,0.09943491965532303,1.0527153015136719,0.0,0.0,5312,none,B1,sac_her_pickandplace_clean_2M
sac_her,action_delay,4,0.0,-21.0,1.0,0.03384464872519485,150,0.09943491965532303,1.0527153015136719,0.0,0.0,5313,none,B1,sac_her_pickandplace_clean_2M
sac_her,action_delay,4,0.0,-21.0,1.0,0.03384464872519485,150,0.09943491965532303,1.0527153015136719,0.0,0.0,5314,none,B1,sac_her_pickandplace_clean_2M
sac_her,action_delay,4,0.0,-21.0,1.0,0.03384464872519485,150,0.09943491965532303,1.0527153015136719,0.0,0.0,5315,none,B1,sac_her_pickandplace_clean_2M
sac_her,action_delay,4,0.0,-21.0,1.0,0.03384464872519485,150,0.09943491965532303,1.0527153015136719,0.0,0.0,5316,none,B1,sac_her_pickandplace_clean_2M
sac_her,action_delay,4,0.0,-21.0,1.0,0.03384464872519485,150,0.09943491965532303,1.0527153015136719,0.0,0.0,5317,none,B1,sac_her_pickandplace_clean_2M
sac_her,action_delay,4,0.0,-21.0,1.0,0.03384464872519485,150,0.09943491965532303,1.0527153015136719,0.0,0.0,5318,none,B1,sac_her_pickandplace_clean_2M
sac_her,action_delay,4,0.0,-21.0,1.0,0.03384464872519485,150,0.09943491965532303,1.0527153015136719,0.0,0.0,5319,none,B1,sac_her_pickandplace_clean_2M
sac_her,action_delay,4,0.0,-21.0,1.0,0.03384464872519485,150,0.09943491965532303,1.0527153015136719,0.0,0.0,5320,none,B1,sac_her_pickandplace_clean_2M
sac_her,action_delay,4,0.0,-21.0,1.0,0.03384464872519485,150,0.09943491965532303,1.0527153015136719,0.0,0.0,5321,none,B1,sac_her_pickandplace_clean_2M
sac_her,action_delay,4,0.0,-21.0,1.0,0.03384464872519485,150,0.09943491965532303,1.0527153015136719,0.0,0.0,5322,none,B1,sac_her_pickandplace_clean_2M
sac_her,action_delay,4,0.0,-21.0,1.0,0.03384464872519485,150,0.09943491965532303,1.0527153015136719,0.0,0.0,5323,none,B1,sac_her_pickandplace_clean_2M
sac_her,action_delay,4,0.0,-21.0,1.0,0.03384464872519485,150,0.09943491965532303,1.0527153015136719,0.0,0.0,5324,none,B1,sac_her_pickandplace_clean_2M
sac_her,action_delay,4,0.0,-21.0,1.0,0.03384464872519485,150,0.09943491965532303,1.0527153015136719,0.0,0.0,5325,none,B1,sac_her_pickandplace_clean_2M
sac_her,action_delay,4,0.0,-21.0,1.0,0.03384464872519485,150,0.09943491965532303,1.0527153015136719,0.0,0.0,5326,none,B1,sac_her_pickandplace_clean_2M
sac_her,action_delay,4,0.0,-21.0,1.0,0.03384464872519485,150,0.09943491965532303,1.0527153015136719,0.0,0.0,5327,none,B1,sac_her_pickandplace_clean_2M
sac_her,action_delay,4,0.0,-21.0,1.0,0.03384464872519485,150,0.09943491965532303,1.0527153015136719,0.0,0.0,5328,none,B1,sac_her_pickandplace_clean_2M
sac_her,action_delay,4,0.0,-21.0,1.0,0.03384464872519485,150,0.09943491965532303,1.0527153015136719,0.0,0.0,5329,none,B1,sac_her_pickandplace_clean_2M
sac_her,action_delay,4,0.0,-21.0,1.0,0.03384464872519485,150,0.09943491965532303,1.0527153015136719,0.0,0.0,5330,none,B1,sac_her_pickandplace_clean_2M
sac_her,action_delay,4,0.0,-21.0,1.0,0.03384464872519485,150,0.09943491965532303,1.0527153015136719,0.0,0.0,5331,none,B1,sac_her_pickandplace_clean_2M
sac_her,action_delay,4,0.0,-21.0,1.0,0.03384464872519485,150,0.09943491965532303,1.0527153015136719,0.0,0.0,5332,none,B1,sac_her_pickandplace_clean_2M
sac_her,action_delay,4,0.0,-21.0,1.0,0.03384464872519485,150,0.09943491965532303,1.0527153015136719,0.0,0.0,5333,none,B1,sac_her_pickandplace_clean_2M
sac_her,action_delay,4,0.0,-21.0,1.0,0.03384464872519485,150,0.09943491965532303,1.0527153015136719,0.0,0.0,5334,none,B1,sac_her_pickandplace_clean_2M
sac_her,action_delay,4,0.0,-21.0,1.0,0.03384464872519485,150,0.09943491965532303,1.0527153015136719,0.0,0.0,5335,none,B1,sac_her_pickandplace_clean_2M
sac_her,action_delay,4,0.0,-21.0,1.0,0.03384464872519485,150,0.09943491965532303,1.0527153015136719,0.0,0.0,5336,none,B1,sac_her_pickandplace_clean_2M
sac_her,action_delay,4,0.0,-21.0,1.0,0.03384464872519485,150,0.09943491965532303,1.0527153015136719,0.0,0.0,5337,none,B1,sac_her_pickandplace_clean_2M
sac_her,action_delay,4,0.0,-21.0,1.0,0.03384464872519485,150,0.09943491965532303,1.0527153015136719,0.0,0.0,5338,none,B1,sac_her_pickandplace_clean_2M
sac_her,action_delay,4,0.0,-21.0,1.0,0.03384464872519485,150,0.09943491965532303,1.0527153015136719,0.0,0.0,5339,none,B1,sac_her_pickandplace_clean_2M
sac_her_recovery_v2,action_delay,4,0.0,-21.0,1.0,0.03364221323090033,150,0.10862208157777786,1.0476951599121094,0.0,1.0,5340,v2,B2,sac_her_pickandplace_clean_2M
sac_her_recovery_v2,action_delay,4,0.0,-21.0,1.0,0.03364221323090033,150,0.10862208157777786,1.0476951599121094,0.0,1.0,5341,v2,B2,sac_her_pickandplace_clean_2M
sac_her_recovery_v2,action_delay,4,0.0,-21.0,1.0,0.03364221323090033,150,0.10862208157777786,1.0476951599121094,0.0,1.0,5342,v2,B2,sac_her_pickandplace_clean_2M
sac_her_recovery_v2,action_delay,4,0.0,-21.0,1.0,0.03364221323090033,150,0.10862208157777786,1.0476951599121094,0.0,1.0,5343,v2,B2,sac_her_pickandplace_clean_2M
sac_her_recovery_v2,action_delay,4,0.0,-21.0,1.0,0.03364221323090033,150,0.10862208157777786,1.0476951599121094,0.0,1.0,5344,v2,B2,sac_her_pickandplace_clean_2M
sac_her_recovery_v2,action_delay,4,0.0,-21.0,1.0,0.03364221323090033,150,0.10862208157777786,1.0476951599121094,0.0,1.0,5345,v2,B2,sac_her_pickandplace_clean_2M
sac_her_recovery_v2,action_delay,4,0.0,-21.0,1.0,0.03364221323090033,150,0.10862208157777786,1.0476951599121094,0.0,1.0,5346,v2,B2,sac_her_pickandplace_clean_2M
sac_her_recovery_v2,action_delay,4,0.0,-21.0,1.0,0.03364221323090033,150,0.10862208157777786,1.0476951599121094,0.0,1.0,5347,v2,B2,sac_her_pickandplace_clean_2M
sac_her_recovery_v2,action_delay,4,0.0,-21.0,1.0,0.03364221323090033,150,0.10862208157777786,1.0476951599121094,0.0,1.0,5348,v2,B2,sac_her_pickandplace_clean_2M
sac_her_recovery_v2,action_delay,4,0.0,-21.0,1.0,0.03364221323090033,150,0.10862208157777786,1.0476951599121094,0.0,1.0,5349,v2,B2,sac_her_pickandplace_clean_2M
sac_her_recovery_v2,action_delay,4,0.0,-21.0,1.0,0.03364221323090033,150,0.10862208157777786,1.0476951599121094,0.0,1.0,5350,v2,B2,sac_her_pickandplace_clean_2M
sac_her_recovery_v2,action_delay,4,0.0,-21.0,1.0,0.03364221323090033,150,0.10862208157777786,1.0476951599121094,0.0,1.0,5351,v2,B2,sac_her_pickandplace_clean_2M
sac_her_recovery_v2,action_delay,4,0.0,-21.0,1.0,0.03364221323090033,150,0.10862208157777786,1.0476951599121094,0.0,1.0,5352,v2,B2,sac_her_pickandplace_clean_2M
sac_her_recovery_v2,action_delay,4,0.0,-21.0,1.0,0.03364221323090033,150,0.10862208157777786,1.0476951599121094,0.0,1.0,5353,v2,B2,sac_her_pickandplace_clean_2M
sac_her_recovery_v2,action_delay,4,0.0,-21.0,1.0,0.03364221323090033,150,0.10862208157777786,1.0476951599121094,0.0,1.0,5354,v2,B2,sac_her_pickandplace_clean_2M
sac_her_recovery_v2,action_delay,4,0.0,-21.0,1.0,0.03364221323090033,150,0.10862208157777786,1.0476951599121094,0.0,1.0,5355,v2,B2,sac_her_pickandplace_clean_2M
sac_her_recovery_v2,action_delay,4,0.0,-21.0,1.0,0.03364221323090033,150,0.10862208157777786,1.0476951599121094,0.0,1.0,5356,v2,B2,sac_her_pickandplace_clean_2M
sac_her_recovery_v2,action_delay,4,0.0,-21.0,1.0,0.03364221323090033,150,0.10862208157777786,1.0476951599121094,0.0,1.0,5357,v2,B2,sac_her_pickandplace_clean_2M
sac_her_recovery_v2,action_delay,4,0.0,-21.0,1.0,0.03364221323090033,150,0.10862208157777786,1.0476951599121094,0.0,1.0,5358,v2,B2,sac_her_pickandplace_clean_2M
sac_her_recovery_v2,action_delay,4,0.0,-21.0,1.0,0.03364221323090033,150,0.10862208157777786,1.0476951599121094,0.0,1.0,5359,v2,B2,sac_her_pickandplace_clean_2M
sac_her_recovery_v2,action_delay,4,0.0,-21.0,1.0,0.03364221323090033,150,0.10862208157777786,1.0476951599121094,0.0,1.0,5360,v2,B2,sac_her_pickandplace_clean_2M
sac_her_recovery_v2,action_delay,4,0.0,-21.0,1.0,0.03364221323090033,150,0.10862208157777786,1.0476951599121094,0.0,1.0,5361,v2,B2,sac_her_pickandplace_clean_2M
sac_her_recovery_v2,action_delay,4,0.0,-21.0,1.0,0.03364221323090033,150,0.10862208157777786,1.0476951599121094,0.0,1.0,5362,v2,B2,sac_her_pickandplace_clean_2M
sac_her_recovery_v2,action_delay,4,0.0,-21.0,1.0,0.03364221323090033,150,0.10862208157777786,1.0476951599121094,0.0,1.0,5363,v2,B2,sac_her_pickandplace_clean_2M
sac_her_recovery_v2,action_delay,4,0.0,-21.0,1.0,0.03364221323090033,150,0.10862208157777786,1.0476951599121094,0.0,1.0,5364,v2,B2,sac_her_pickandplace_clean_2M
sac_her_recovery_v2,action_delay,4,0.0,-21.0,1.0,0.03364221323090033,150,0.10862208157777786,1.0476951599121094,0.0,1.0,5365,v2,B2,sac_her_pickandplace_clean_2M
sac_her_recovery_v2,action_delay,4,0.0,-21.0,1.0,0.03364221323090033,150,0.10862208157777786,1.0476951599121094,0.0,1.0,5366,v2,B2,sac_her_pickandplace_clean_2M
sac_her_recovery_v2,action_delay,4,0.0,-21.0,1.0,0.03364221323090033,150,0.10862208157777786,1.0476951599121094,0.0,1.0,5367,v2,B2,sac_her_pickandplace_clean_2M
sac_her_recovery_v2,action_delay,4,0.0,-21.0,1.0,0.03364221323090033,150,0.10862208157777786,1.0476951599121094,0.0,1.0,5368,v2,B2,sac_her_pickandplace_clean_2M
sac_her_recovery_v2,action_delay,4,0.0,-21.0,1.0,0.03364221323090033,150,0.10862208157777786,1.0476951599121094,0.0,1.0,5369,v2,B2,sac_her_pickandplace_clean_2M
sac_her_recovery_v3,action_delay,4,0.0,-45.0,1.0,0.02560070885901304,150,0.2232441008090973,1.121206283569336,0.0,1.0,5370,v3,B3,sac_her_pickandplace_clean_2M
sac_her_recovery_v3,action_delay,4,0.0,-45.0,1.0,0.02560070885901304,150,0.2232441008090973,1.121206283569336,0.0,1.0,5371,v3,B3,sac_her_pickandplace_clean_2M
sac_her_recovery_v3,action_delay,4,0.0,-45.0,1.0,0.02560070885901304,150,0.2232441008090973,1.121206283569336,0.0,1.0,5372,v3,B3,sac_her_pickandplace_clean_2M
sac_her_recovery_v3,action_delay,4,0.0,-45.0,1.0,0.02560070885901304,150,0.2232441008090973,1.121206283569336,0.0,1.0,5373,v3,B3,sac_her_pickandplace_clean_2M
sac_her_recovery_v3,action_delay,4,0.0,-45.0,1.0,0.02560070885901304,150,0.2232441008090973,1.121206283569336,0.0,1.0,5374,v3,B3,sac_her_pickandplace_clean_2M
sac_her_recovery_v3,action_delay,4,0.0,-45.0,1.0,0.02560070885901304,150,0.2232441008090973,1.121206283569336,0.0,1.0,5375,v3,B3,sac_her_pickandplace_clean_2M
sac_her_recovery_v3,action_delay,4,0.0,-45.0,1.0,0.02560070885901304,150,0.2232441008090973,1.121206283569336,0.0,1.0,5376,v3,B3,sac_her_pickandplace_clean_2M
sac_her_recovery_v3,action_delay,4,0.0,-45.0,1.0,0.02560070885901304,150,0.2232441008090973,1.121206283569336,0.0,1.0,5377,v3,B3,sac_her_pickandplace_clean_2M
sac_her_recovery_v3,action_delay,4,0.0,-45.0,1.0,0.02560070885901304,150,0.2232441008090973,1.121206283569336,0.0,1.0,5378,v3,B3,sac_her_pickandplace_clean_2M
sac_her_recovery_v3,action_delay,4,0.0,-45.0,1.0,0.02560070885901304,150,0.2232441008090973,1.121206283569336,0.0,1.0,5379,v3,B3,sac_her_pickandplace_clean_2M
sac_her_recovery_v3,action_delay,4,0.0,-45.0,1.0,0.02560070885901304,150,0.2232441008090973,1.121206283569336,0.0,1.0,5380,v3,B3,sac_her_pickandplace_clean_2M
sac_her_recovery_v3,action_delay,4,0.0,-45.0,1.0,0.02560070885901304,150,0.2232441008090973,1.121206283569336,0.0,1.0,5381,v3,B3,sac_her_pickandplace_clean_2M
sac_her_recovery_v3,action_delay,4,0.0,-45.0,1.0,0.02560070885901304,150,0.2232441008090973,1.121206283569336,0.0,1.0,5382,v3,B3,sac_her_pickandplace_clean_2M
sac_her_recovery_v3,action_delay,4,0.0,-45.0,1.0,0.02560070885901304,150,0.2232441008090973,1.121206283569336,0.0,1.0,5383,v3,B3,sac_her_pickandplace_clean_2M
sac_her_recovery_v3,action_delay,4,0.0,-45.0,1.0,0.02560070885901304,150,0.2232441008090973,1.121206283569336,0.0,1.0,5384,v3,B3,sac_her_pickandplace_clean_2M
sac_her_recovery_v3,action_delay,4,0.0,-45.0,1.0,0.02560070885901304,150,0.2232441008090973,1.121206283569336,0.0,1.0,5385,v3,B3,sac_her_pickandplace_clean_2M
sac_her_recovery_v3,action_delay,4,0.0,-45.0,1.0,0.02560070885901304,150,0.2232441008090973,1.121206283569336,0.0,1.0,5386,v3,B3,sac_her_pickandplace_clean_2M
sac_her_recovery_v3,action_delay,4,0.0,-45.0,1.0,0.02560070885901304,150,0.2232441008090973,1.121206283569336,0.0,1.0,5387,v3,B3,sac_her_pickandplace_clean_2M
sac_her_recovery_v3,action_delay,4,0.0,-45.0,1.0,0.02560070885901304,150,0.2232441008090973,1.121206283569336,0.0,1.0,5388,v3,B3,sac_her_pickandplace_clean_2M
sac_her_recovery_v3,action_delay,4,0.0,-45.0,1.0,0.02560070885901304,150,0.2232441008090973,1.121206283569336,0.0,1.0,5389,v3,B3,sac_her_pickandplace_clean_2M
sac_her_recovery_v3,action_delay,4,0.0,-45.0,1.0,0.02560070885901304,150,0.2232441008090973,1.121206283569336,0.0,1.0,5390,v3,B3,sac_her_pickandplace_clean_2M
sac_her_recovery_v3,action_delay,4,0.0,-45.0,1.0,0.02560070885901304,150,0.2232441008090973,1.121206283569336,0.0,1.0,5391,v3,B3,sac_her_pickandplace_clean_2M
sac_her_recovery_v3,action_delay,4,0.0,-45.0,1.0,0.02560070885901304,150,0.2232441008090973,1.121206283569336,0.0,1.0,5392,v3,B3,sac_her_pickandplace_clean_2M
sac_her_recovery_v3,action_delay,4,0.0,-45.0,1.0,0.02560070885901304,150,0.2232441008090973,1.121206283569336,0.0,1.0,5393,v3,B3,sac_her_pickandplace_clean_2M
sac_her_recovery_v3,action_delay,4,0.0,-45.0,1.0,0.02560070885901304,150,0.2232441008090973,1.121206283569336,0.0,1.0,5394,v3,B3,sac_her_pickandplace_clean_2M
sac_her_recovery_v3,action_delay,4,0.0,-45.0,1.0,0.02560070885901304,150,0.2232441008090973,1.121206283569336,0.0,1.0,5395,v3,B3,sac_her_pickandplace_clean_2M
sac_her_recovery_v3,action_delay,4,0.0,-45.0,1.0,0.02560070885901304,150,0.2232441008090973,1.121206283569336,0.0,1.0,5396,v3,B3,sac_her_pickandplace_clean_2M
sac_her_recovery_v3,action_delay,4,0.0,-45.0,1.0,0.02560070885901304,150,0.2232441008090973,1.121206283569336,0.0,1.0,5397,v3,B3,sac_her_pickandplace_clean_2M
sac_her_recovery_v3,action_delay,4,0.0,-45.0,1.0,0.02560070885901304,150,0.2232441008090973,1.121206283569336,0.0,1.0,5398,v3,B3,sac_her_pickandplace_clean_2M
sac_her_recovery_v3,action_delay,4,0.0,-45.0,1.0,0.02560070885901304,150,0.2232441008090973,1.121206283569336,0.0,1.0,5399,v3,B3,sac_her_pickandplace_clean_2M
